solid OpenSCAD_Model
  facet normal -0.991445 -0.130527 -0
    outer loop
      vertex 1.75 0 14
      vertex 1.69037 0.452933 5.89787
      vertex 1.75 0 5.82902
    endloop
  endfacet
  facet normal -0.991445 -0.130527 0
    outer loop
      vertex 1.69037 0.452933 5.89787
      vertex 1.75 0 14
      vertex 1.69037 0.452933 14
    endloop
  endfacet
  facet normal 0.991445 -0.130527 0
    outer loop
      vertex -1.75 0 14
      vertex -1.69037 0.452933 5.89787
      vertex -1.69037 0.452933 14
    endloop
  endfacet
  facet normal 0.991445 -0.130527 0
    outer loop
      vertex -1.69037 0.452933 5.89787
      vertex -1.75 0 14
      vertex -1.75 0 5.82902
    endloop
  endfacet
  facet normal -0.130527 -0.991445 0
    outer loop
      vertex 0 1.75 6.09974
      vertex 0.452933 1.69037 14
      vertex 0 1.75 14
    endloop
  endfacet
  facet normal -0.130527 -0.991445 -0
    outer loop
      vertex 0.452933 1.69037 14
      vertex 0 1.75 6.09974
      vertex 0.452933 1.69037 5.89787
    endloop
  endfacet
  facet normal 0.130527 0.991445 -0
    outer loop
      vertex 0 -1.75 6.09974
      vertex -0.452933 -1.69037 14
      vertex 0 -1.75 14
    endloop
  endfacet
  facet normal 0.130527 0.991445 0
    outer loop
      vertex -0.452933 -1.69037 14
      vertex 0 -1.75 6.09974
      vertex -0.452933 -1.69037 5.89787
    endloop
  endfacet
  facet normal 0.8 0.6 0
    outer loop
      vertex -1.51554 -0.874999 14
      vertex -1.51554 -0.875 6.09974
      vertex -1.51554 -0.874999 6.09974
    endloop
  endfacet
  facet normal 0.793354 0.608761 -8.29664e-10
    outer loop
      vertex -1.23744 -1.23744 14
      vertex -1.51554 -0.875 6.09974
      vertex -1.51554 -0.874999 14
    endloop
  endfacet
  facet normal 0.793354 0.608761 0
    outer loop
      vertex -1.51554 -0.875 6.09974
      vertex -1.23744 -1.23744 14
      vertex -1.23744 -1.23744 5.89787
    endloop
  endfacet
  facet normal -0 0 -1
    outer loop
      vertex 1.05037 -8.76501 0
      vertex 0.84407 -8.85721 0
      vertex 1.04967 -8.75912 0
    endloop
  endfacet
  facet normal 0 0 -1
    outer loop
      vertex 2.74718 -9.40152 0
      vertex 5.24539 -9.45425 0
      vertex 5.08873 -9.61867 0
    endloop
  endfacet
  facet normal 0 0 -1
    outer loop
      vertex 5.08873 -9.61867 0
      vertex 5.24539 -9.45425 0
      vertex 5.2473 -9.45769 0
    endloop
  endfacet
  facet normal 0 0 -1
    outer loop
      vertex 7.59966 -11.2059 0
      vertex 9.80537 -10.576 0
      vertex 9.80466 -10.7549 0
    endloop
  endfacet
  facet normal 0 0 -1
    outer loop
      vertex 7.6946 -11.3573 0
      vertex 9.80466 -10.7549 0
      vertex 9.79649 -10.951 0
    endloop
  endfacet
  facet normal 0 0 -1
    outer loop
      vertex 7.59966 -11.2059 0
      vertex 9.80466 -10.7549 0
      vertex 7.6946 -11.3573 0
    endloop
  endfacet
  facet normal 0 0 -1
    outer loop
      vertex 7.80472 -11.5194 0
      vertex 9.79649 -10.951 0
      vertex 9.77969 -11.1638 0
    endloop
  endfacet
  facet normal -0 0 -1
    outer loop
      vertex 9.80537 -10.576 0
      vertex 7.59966 -11.2059 0
      vertex 9.79993 -10.415 0
    endloop
  endfacet
  facet normal 0 0 -1
    outer loop
      vertex 7.51872 -11.0661 0
      vertex 9.79993 -10.415 0
      vertex 7.59966 -11.2059 0
    endloop
  endfacet
  facet normal 0 0 -1
    outer loop
      vertex 7.93124 -11.6914 0
      vertex 9.77969 -11.1638 0
      vertex 9.75304 -11.3928 0
    endloop
  endfacet
  facet normal -0 0 -1
    outer loop
      vertex 9.79993 -10.415 0
      vertex 7.51872 -11.0661 0
      vertex 9.78964 -10.2721 0
    endloop
  endfacet
  facet normal 0 0 -1
    outer loop
      vertex 7.451 -10.9386 0
      vertex 9.78964 -10.2721 0
      vertex 7.51872 -11.0661 0
    endloop
  endfacet
  facet normal 0 0 -1
    outer loop
      vertex 8.07521 -11.8725 0
      vertex 9.75304 -11.3928 0
      vertex 9.71538 -11.6375 0
    endloop
  endfacet
  facet normal 0 0 -1
    outer loop
      vertex 9.79649 -10.951 0
      vertex 7.80472 -11.5194 0
      vertex 7.6946 -11.3573 0
    endloop
  endfacet
  facet normal 0 0 -1
    outer loop
      vertex 8.23766 -12.0617 0
      vertex 9.71538 -11.6375 0
      vertex 9.66563 -11.8971 0
    endloop
  endfacet
  facet normal -0 0 -1
    outer loop
      vertex 9.78964 -10.2721 0
      vertex 7.451 -10.9386 0
      vertex 9.77589 -10.1478 0
    endloop
  endfacet
  facet normal 0 0 -1
    outer loop
      vertex 8.41965 -12.2581 0
      vertex 9.66563 -11.8971 0
      vertex 9.60268 -12.1711 0
    endloop
  endfacet
  facet normal 0 0 -1
    outer loop
      vertex 9.77969 -11.1638 0
      vertex 7.93124 -11.6914 0
      vertex 7.80472 -11.5194 0
    endloop
  endfacet
  facet normal 0 0 -1
    outer loop
      vertex 9.45395 -12.386 0
      vertex 9.60268 -12.1711 0
      vertex 9.55443 -12.351 0
    endloop
  endfacet
  facet normal 0 0 -1
    outer loop
      vertex 8.62221 -12.4606 0
      vertex 9.60268 -12.1711 0
      vertex 9.45395 -12.386 0
    endloop
  endfacet
  facet normal 0 0 -1
    outer loop
      vertex 9.75304 -11.3928 0
      vertex 8.07521 -11.8725 0
      vertex 7.93124 -11.6914 0
    endloop
  endfacet
  facet normal 0 0 -1
    outer loop
      vertex 9.60268 -12.1711 0
      vertex 8.62221 -12.4606 0
      vertex 8.41965 -12.2581 0
    endloop
  endfacet
  facet normal 0 0 -1
    outer loop
      vertex 8.62221 -12.4606 0
      vertex 9.45395 -12.386 0
      vertex 8.74754 -12.5766 0
    endloop
  endfacet
  facet normal -0 0 -1
    outer loop
      vertex 9.40247 -8.57954 0
      vertex 9.31987 -8.79306 0
      vertex 9.40247 8.57954 0
    endloop
  endfacet
  facet normal 0 0 -1
    outer loop
      vertex 9.31987 -8.79306 0
      vertex 9.40247 -8.57954 0
      vertex 9.40883 -8.58536 0
    endloop
  endfacet
  facet normal 0 0 -1
    outer loop
      vertex 14.4064 -9.72522 0
      vertex 14.4491 -9.50674 0
      vertex 14.4678 -9.66954 0
    endloop
  endfacet
  facet normal 0 0 -1
    outer loop
      vertex 13.6948 -10.1268 0
      vertex 14.4491 -9.50674 0
      vertex 14.4064 -9.72522 0
    endloop
  endfacet
  facet normal -0 0 -1
    outer loop
      vertex 14.4491 -9.50674 0
      vertex 13.4173 -10.0162 0
      vertex 14.4052 -9.22202 0
    endloop
  endfacet
  facet normal -0 0 -1
    outer loop
      vertex 14.4052 -9.22202 0
      vertex 13.4173 -10.0162 0
      vertex 14.3535 -8.95615 0
    endloop
  endfacet
  facet normal 0 0 -1
    outer loop
      vertex 13.1638 -9.90262 0
      vertex 14.3535 -8.95615 0
      vertex 13.4173 -10.0162 0
    endloop
  endfacet
  facet normal -0 0 -1
    outer loop
      vertex 14.3535 -8.95615 0
      vertex 13.1638 -9.90262 0
      vertex 14.2953 -8.70959 0
    endloop
  endfacet
  facet normal -0 0 -1
    outer loop
      vertex 14.2953 -8.70959 0
      vertex 12.9335 -9.78781 0
      vertex 14.2322 -8.48276 0
    endloop
  endfacet
  facet normal 0 0 -1
    outer loop
      vertex 12.7258 -9.67332 0
      vertex 14.2322 -8.48276 0
      vertex 12.9335 -9.78781 0
    endloop
  endfacet
  facet normal -0 0 -1
    outer loop
      vertex 14.2322 -8.48276 0
      vertex 12.7258 -9.67332 0
      vertex 14.1656 -8.27597 0
    endloop
  endfacet
  facet normal 0 0 -1
    outer loop
      vertex 12.5397 -9.56065 0
      vertex 14.1656 -8.27597 0
      vertex 12.7258 -9.67332 0
    endloop
  endfacet
  facet normal -0 0 -1
    outer loop
      vertex 14.1656 -8.27597 0
      vertex 12.5397 -9.56065 0
      vertex 14.097 -8.08951 0
    endloop
  endfacet
  facet normal 0 0 -1
    outer loop
      vertex 13.6948 -10.1268 0
      vertex 14.4064 -9.72522 0
      vertex 13.8203 -10.1707 0
    endloop
  endfacet
  facet normal 0 0 -1
    outer loop
      vertex 14.4491 -9.50674 0
      vertex 13.6948 -10.1268 0
      vertex 13.4173 -10.0162 0
    endloop
  endfacet
  facet normal 0 0 -1
    outer loop
      vertex 12.9335 -9.78781 0
      vertex 14.2953 -8.70959 0
      vertex 13.1638 -9.90262 0
    endloop
  endfacet
  facet normal 0 0 -1
    outer loop
      vertex 12.3745 -9.4512 0
      vertex 14.097 -8.08951 0
      vertex 12.5397 -9.56065 0
    endloop
  endfacet
  facet normal -0 0 -1
    outer loop
      vertex 14.097 -8.08951 0
      vertex 12.3745 -9.4512 0
      vertex 14.0282 -7.92355 0
    endloop
  endfacet
  facet normal 0 0 -1
    outer loop
      vertex 12.229 -9.34627 0
      vertex 14.0282 -7.92355 0
      vertex 12.3745 -9.4512 0
    endloop
  endfacet
  facet normal -0 0 -1
    outer loop
      vertex 14.0282 -7.92355 0
      vertex 12.229 -9.34627 0
      vertex 13.9607 -7.77818 0
    endloop
  endfacet
  facet normal 0 0 -1
    outer loop
      vertex 12.1023 -9.24709 0
      vertex 13.9607 -7.77818 0
      vertex 12.229 -9.34627 0
    endloop
  endfacet
  facet normal -0 0 -1
    outer loop
      vertex 13.9607 -7.77818 0
      vertex 12.1023 -9.24709 0
      vertex 13.8963 -7.6534 0
    endloop
  endfacet
  facet normal 0 0 -1
    outer loop
      vertex 11.9935 -9.15475 0
      vertex 13.8963 -7.6534 0
      vertex 12.1023 -9.24709 0
    endloop
  endfacet
  facet normal -0 0 -1
    outer loop
      vertex 13.8963 -7.6534 0
      vertex 11.9935 -9.15475 0
      vertex 13.8368 -7.54901 0
    endloop
  endfacet
  facet normal 0 0 -1
    outer loop
      vertex 11.9015 -9.07033 0
      vertex 13.8368 -7.54901 0
      vertex 11.9935 -9.15475 0
    endloop
  endfacet
  facet normal -0 0 -1
    outer loop
      vertex 13.8368 -7.54901 0
      vertex 11.9015 -9.07033 0
      vertex 13.7839 -7.4648 0
    endloop
  endfacet
  facet normal 0 0 -1
    outer loop
      vertex 13.7839 -7.4648 0
      vertex 13.5589 -7.20786 0
      vertex 13.7394 -7.4003 0
    endloop
  endfacet
  facet normal 0 -0 -1
    outer loop
      vertex 13.5589 -7.20786 0
      vertex 13.7839 -7.4648 0
      vertex 11.9015 -9.07033 0
    endloop
  endfacet
  facet normal -0 0 -1
    outer loop
      vertex 12.8861 -6.24605 0
      vertex 12.8851 -6.472 0
      vertex 12.879 -6.2426 0
    endloop
  endfacet
  facet normal -0 0 -1
    outer loop
      vertex 12.8861 6.24605 0
      vertex 12.879 6.2426 0
      vertex 12.8851 6.472 0
    endloop
  endfacet
  facet normal 0 0 -1
    outer loop
      vertex 17.4666 -5.91483 0
      vertex 17.8641 -5.09358 0
      vertex 17.9218 -5.19347 0
    endloop
  endfacet
  facet normal 0 0 -1
    outer loop
      vertex 17.4666 -5.91483 0
      vertex 17.9218 -5.19347 0
      vertex 17.5688 -5.90269 0
    endloop
  endfacet
  facet normal 0 0 -1
    outer loop
      vertex 17.1562 -5.93709 0
      vertex 17.8641 -5.09358 0
      vertex 17.4666 -5.91483 0
    endloop
  endfacet
  facet normal -0 0 -1
    outer loop
      vertex 17.8641 -5.09358 0
      vertex 17.1562 -5.93709 0
      vertex 17.7025 -4.83942 0
    endloop
  endfacet
  facet normal -0 0 -1
    outer loop
      vertex 17.7025 -4.83942 0
      vertex 17.1562 -5.93709 0
      vertex 17.5409 -4.60808 0
    endloop
  endfacet
  facet normal 0 0 -1
    outer loop
      vertex 16.8675 -5.9444 0
      vertex 17.5409 -4.60808 0
      vertex 17.1562 -5.93709 0
    endloop
  endfacet
  facet normal -0 0 -1
    outer loop
      vertex 17.5409 -4.60808 0
      vertex 16.8675 -5.9444 0
      vertex 17.3812 -4.39946 0
    endloop
  endfacet
  facet normal 0 0 -1
    outer loop
      vertex 16.6011 -5.93887 0
      vertex 17.3812 -4.39946 0
      vertex 16.8675 -5.9444 0
    endloop
  endfacet
  facet normal -0 0 -1
    outer loop
      vertex 17.3812 -4.39946 0
      vertex 16.6011 -5.93887 0
      vertex 17.2251 -4.21336 0
    endloop
  endfacet
  facet normal 0 0 -1
    outer loop
      vertex 16.3572 -5.92267 0
      vertex 17.2251 -4.21336 0
      vertex 16.6011 -5.93887 0
    endloop
  endfacet
  facet normal -0 0 -1
    outer loop
      vertex 17.2251 -4.21336 0
      vertex 16.3572 -5.92267 0
      vertex 17.0747 -4.04939 0
    endloop
  endfacet
  facet normal 0 0 -1
    outer loop
      vertex 16.1358 -5.89784 0
      vertex 17.0747 -4.04939 0
      vertex 16.3572 -5.92267 0
    endloop
  endfacet
  facet normal -0 0 -1
    outer loop
      vertex 17.0747 -4.04939 0
      vertex 16.1358 -5.89784 0
      vertex 16.9316 -3.907 0
    endloop
  endfacet
  facet normal 0 0 -1
    outer loop
      vertex 15.9369 -5.86644 0
      vertex 16.9316 -3.907 0
      vertex 16.1358 -5.89784 0
    endloop
  endfacet
  facet normal -0 0 -1
    outer loop
      vertex 16.9316 -3.907 0
      vertex 15.9369 -5.86644 0
      vertex 16.7979 -3.78548 0
    endloop
  endfacet
  facet normal 0 0 -1
    outer loop
      vertex 15.7602 -5.83041 0
      vertex 16.7979 -3.78548 0
      vertex 15.9369 -5.86644 0
    endloop
  endfacet
  facet normal -0 0 -1
    outer loop
      vertex 16.7979 -3.78548 0
      vertex 15.7602 -5.83041 0
      vertex 16.6752 -3.68391 0
    endloop
  endfacet
  facet normal 0 0 -1
    outer loop
      vertex 15.6051 -5.79163 0
      vertex 16.6752 -3.68391 0
      vertex 15.7602 -5.83041 0
    endloop
  endfacet
  facet normal -0 0 -1
    outer loop
      vertex 16.6752 -3.68391 0
      vertex 15.6051 -5.79163 0
      vertex 16.5654 -3.60118 0
    endloop
  endfacet
  facet normal 0 0 -1
    outer loop
      vertex 15.4713 -5.75186 0
      vertex 16.5654 -3.60118 0
      vertex 15.6051 -5.79163 0
    endloop
  endfacet
  facet normal -0 0 -1
    outer loop
      vertex 16.5654 -3.60118 0
      vertex 15.4713 -5.75186 0
      vertex 16.47 -3.536 0
    endloop
  endfacet
  facet normal 0 0 -1
    outer loop
      vertex 15.3579 -5.71275 0
      vertex 16.47 -3.536 0
      vertex 15.4713 -5.75186 0
    endloop
  endfacet
  facet normal 0 -0 -1
    outer loop
      vertex 16.111 -3.37508 0
      vertex 16.47 -3.536 0
      vertex 15.3579 -5.71275 0
    endloop
  endfacet
  facet normal 0 0 -1
    outer loop
      vertex 16.3905 -3.48695 0
      vertex 16.111 -3.37508 0
      vertex 16.3284 -3.45248 0
    endloop
  endfacet
  facet normal 0 0 -1
    outer loop
      vertex 16.3284 -3.45248 0
      vertex 16.111 -3.37508 0
      vertex 16.2606 -3.42017 0
    endloop
  endfacet
  facet normal 0 0 -1
    outer loop
      vertex 16.47 -3.536 0
      vertex 16.111 -3.37508 0
      vertex 16.3905 -3.48695 0
    endloop
  endfacet
  facet normal 0 0 -1
    outer loop
      vertex 15.2642 -5.67595 0
      vertex 16.111 -3.37508 0
      vertex 15.3579 -5.71275 0
    endloop
  endfacet
  facet normal 0 0 -1
    outer loop
      vertex 15.1894 -5.64296 0
      vertex 16.111 -3.37508 0
      vertex 15.2642 -5.67595 0
    endloop
  endfacet
  facet normal 0 0 -1
    outer loop
      vertex 15.1325 -5.61504 0
      vertex 16.111 -3.37508 0
      vertex 15.1894 -5.64296 0
    endloop
  endfacet
  facet normal 0 0 -1
    outer loop
      vertex 15.0689 -5.57933 0
      vertex 16.111 -3.37508 0
      vertex 15.1325 -5.61504 0
    endloop
  endfacet
  facet normal 0 0 -1
    outer loop
      vertex 14.9201 -5.47752 0
      vertex 16.111 -3.37508 0
      vertex 15.0689 -5.57933 0
    endloop
  endfacet
  facet normal -0 0 -1
    outer loop
      vertex 16.111 -3.37508 0
      vertex 14.9201 -5.47752 0
      vertex 15.9361 -3.30547 0
    endloop
  endfacet
  facet normal 0 0 -1
    outer loop
      vertex 14.7811 -5.39822 0
      vertex 15.9361 -3.30547 0
      vertex 14.9201 -5.47752 0
    endloop
  endfacet
  facet normal -0 0 -1
    outer loop
      vertex 15.9361 -3.30547 0
      vertex 14.7811 -5.39822 0
      vertex 15.7881 -3.22797 0
    endloop
  endfacet
  facet normal 0 0 -1
    outer loop
      vertex 14.1322 -4.96223 0
      vertex 15.7881 -3.22797 0
      vertex 14.7811 -5.39822 0
    endloop
  endfacet
  facet normal 0 -0 -1
    outer loop
      vertex 15.0301 -2.78259 0
      vertex 15.1339 -2.9888 0
      vertex 14.1322 -4.96223 0
    endloop
  endfacet
  facet normal -0 0 -1
    outer loop
      vertex 15.7881 -3.22797 0
      vertex 14.1322 -4.96223 0
      vertex 15.1339 -2.9888 0
    endloop
  endfacet
  facet normal 0 0 -1
    outer loop
      vertex 19.0081 -0.439819 0
      vertex 19.0978 0 0
      vertex 19.0772 -0.393143 0
    endloop
  endfacet
  facet normal 0 0 -1
    outer loop
      vertex 18.7412 -0.602417 0
      vertex 19.0978 0 0
      vertex 19.0081 -0.439819 0
    endloop
  endfacet
  facet normal 0 0 -1
    outer loop
      vertex 19.0978 0 0
      vertex 19.0081 0.439819 0
      vertex 19.0772 0.393143 0
    endloop
  endfacet
  facet normal 0 0 -1
    outer loop
      vertex 18.7412 0.602417 0
      vertex 19.0978 0 0
      vertex 18.7412 -0.602417 0
    endloop
  endfacet
  facet normal 0 0 -1
    outer loop
      vertex 19.0978 0 0
      vertex 18.7412 0.602417 0
      vertex 19.0081 0.439819 0
    endloop
  endfacet
  facet normal 0 0 -1
    outer loop
      vertex 18.4859 -0.74202 0
      vertex 18.7412 0.602417 0
      vertex 18.7412 -0.602417 0
    endloop
  endfacet
  facet normal 0 0 -1
    outer loop
      vertex 18.4859 -0.74202 0
      vertex 18.4859 0.74202 0
      vertex 18.7412 0.602417 0
    endloop
  endfacet
  facet normal 0 0 -1
    outer loop
      vertex 18.2438 -0.85994 0
      vertex 18.4859 0.74202 0
      vertex 18.4859 -0.74202 0
    endloop
  endfacet
  facet normal 0 0 -1
    outer loop
      vertex 18.2438 -0.85994 0
      vertex 18.2438 0.85994 0
      vertex 18.4859 0.74202 0
    endloop
  endfacet
  facet normal 0 0 -1
    outer loop
      vertex 18.0165 -0.957657 0
      vertex 18.2438 0.85994 0
      vertex 18.2438 -0.85994 0
    endloop
  endfacet
  facet normal 0 0 -1
    outer loop
      vertex 18.0165 -0.957657 0
      vertex 18.0165 0.957657 0
      vertex 18.2438 0.85994 0
    endloop
  endfacet
  facet normal 0 0 -1
    outer loop
      vertex 17.8055 -1.03677 0
      vertex 18.0165 0.957657 0
      vertex 18.0165 -0.957657 0
    endloop
  endfacet
  facet normal 0 0 -1
    outer loop
      vertex 17.8055 -1.03677 0
      vertex 17.8055 1.03677 0
      vertex 18.0165 0.957657 0
    endloop
  endfacet
  facet normal 0 0 -1
    outer loop
      vertex 17.6121 -1.09903 0
      vertex 17.8055 1.03677 0
      vertex 17.8055 -1.03677 0
    endloop
  endfacet
  facet normal 0 0 -1
    outer loop
      vertex 17.6121 -1.09903 0
      vertex 17.6121 1.09903 0
      vertex 17.8055 1.03677 0
    endloop
  endfacet
  facet normal 0 0 -1
    outer loop
      vertex 17.4373 -1.14632 0
      vertex 17.6121 1.09903 0
      vertex 17.6121 -1.09903 0
    endloop
  endfacet
  facet normal 0 0 -1
    outer loop
      vertex 17.4373 -1.14632 0
      vertex 17.4373 1.14632 0
      vertex 17.6121 1.09903 0
    endloop
  endfacet
  facet normal 0 0 -1
    outer loop
      vertex 17.282 -1.18056 0
      vertex 17.4373 1.14632 0
      vertex 17.4373 -1.14632 0
    endloop
  endfacet
  facet normal 0 0 -1
    outer loop
      vertex 17.282 -1.18056 0
      vertex 17.282 1.18056 0
      vertex 17.4373 1.14632 0
    endloop
  endfacet
  facet normal 0 0 -1
    outer loop
      vertex 17.1468 -1.20378 0
      vertex 17.282 1.18056 0
      vertex 17.282 -1.18056 0
    endloop
  endfacet
  facet normal 0 0 -1
    outer loop
      vertex 17.1468 -1.20378 0
      vertex 17.1468 1.20378 0
      vertex 17.282 1.18056 0
    endloop
  endfacet
  facet normal 0 0 -1
    outer loop
      vertex 17.0323 -1.21802 0
      vertex 17.1468 1.20378 0
      vertex 17.1468 -1.20378 0
    endloop
  endfacet
  facet normal 0 0 -1
    outer loop
      vertex 17.0323 -1.21802 0
      vertex 17.0323 1.21802 0
      vertex 17.1468 1.20378 0
    endloop
  endfacet
  facet normal 0 0 -1
    outer loop
      vertex 16.9386 -1.22528 0
      vertex 17.0323 1.21802 0
      vertex 17.0323 -1.21802 0
    endloop
  endfacet
  facet normal 0 0 -1
    outer loop
      vertex 16.9386 -1.22528 0
      vertex 16.9386 1.22528 0
      vertex 17.0323 1.21802 0
    endloop
  endfacet
  facet normal 0 0 -1
    outer loop
      vertex 16.6102 -1.19548 0
      vertex 16.9386 -1.22528 0
      vertex 16.8657 -1.22757 0
    endloop
  endfacet
  facet normal 0 0 -1
    outer loop
      vertex 16.9386 -1.22528 0
      vertex 16.6102 -1.19548 0
      vertex 16.9386 1.22528 0
    endloop
  endfacet
  facet normal 0 0 -1
    outer loop
      vertex 16.6102 -1.19548 0
      vertex 16.8657 -1.22757 0
      vertex 16.7819 -1.22499 0
    endloop
  endfacet
  facet normal 0 0 -1
    outer loop
      vertex 16.6102 1.19548 0
      vertex 16.9386 1.22528 0
      vertex 16.6102 -1.19548 0
    endloop
  endfacet
  facet normal -0 0 -1
    outer loop
      vertex 16.9386 1.22528 0
      vertex 16.6102 1.19548 0
      vertex 16.8657 1.22757 0
    endloop
  endfacet
  facet normal 0 0 -1
    outer loop
      vertex 16.8657 1.22757 0
      vertex 16.6102 1.19548 0
      vertex 16.7819 1.22499 0
    endloop
  endfacet
  facet normal 0 0 -1
    outer loop
      vertex 16.4329 -1.1796 0
      vertex 16.6102 1.19548 0
      vertex 16.6102 -1.19548 0
    endloop
  endfacet
  facet normal 0 0 -1
    outer loop
      vertex 16.4329 -1.1796 0
      vertex 16.4329 1.1796 0
      vertex 16.6102 1.19548 0
    endloop
  endfacet
  facet normal 0 0 -1
    outer loop
      vertex 16.2737 -1.18152 0
      vertex 16.4329 1.1796 0
      vertex 16.4329 -1.1796 0
    endloop
  endfacet
  facet normal 0 0 -1
    outer loop
      vertex 16.2737 -1.18152 0
      vertex 16.2737 1.18152 0
      vertex 16.4329 1.1796 0
    endloop
  endfacet
  facet normal 0 0 -1
    outer loop
      vertex 15.5932 -1.09433 0
      vertex 16.2737 1.18152 0
      vertex 16.2737 -1.18152 0
    endloop
  endfacet
  facet normal 0 0 -1
    outer loop
      vertex 15.5932 -1.09433 0
      vertex 15.5932 1.09433 0
      vertex 16.2737 1.18152 0
    endloop
  endfacet
  facet normal 0 0 -1
    outer loop
      vertex 15.4021 -1.23167 0
      vertex 15.5932 -1.09433 0
      vertex 15.4146 -1.23267 0
    endloop
  endfacet
  facet normal -0 0 -1
    outer loop
      vertex 15.5932 -1.09433 0
      vertex 15.4021 -1.23167 0
      vertex 15.5932 1.09433 0
    endloop
  endfacet
  facet normal 0 0 -1
    outer loop
      vertex 15.4021 1.23167 0
      vertex 15.5932 1.09433 0
      vertex 15.4021 -1.23167 0
    endloop
  endfacet
  facet normal 0 0 -1
    outer loop
      vertex 15.5932 1.09433 0
      vertex 15.4021 1.23167 0
      vertex 15.4146 1.23267 0
    endloop
  endfacet
  facet normal 0 0 -1
    outer loop
      vertex 15.0301 -2.78259 0
      vertex 15.4021 -1.23167 0
      vertex 15.3173 -1.76826 0
    endloop
  endfacet
  facet normal -0 0 -1
    outer loop
      vertex 15.4021 -1.23167 0
      vertex 15.0301 -2.78259 0
      vertex 15.4021 1.23167 0
    endloop
  endfacet
  facet normal 0 0 -1
    outer loop
      vertex 15.0301 -2.78259 0
      vertex 15.3173 -1.76826 0
      vertex 15.0882 -2.62909 0
    endloop
  endfacet
  facet normal 0 0 -1
    outer loop
      vertex 15.0301 2.78259 0
      vertex 15.4021 1.23167 0
      vertex 15.0301 -2.78259 0
    endloop
  endfacet
  facet normal 0 0 -1
    outer loop
      vertex 15.4021 1.23167 0
      vertex 15.0301 2.78259 0
      vertex 15.3173 1.76826 0
    endloop
  endfacet
  facet normal 0 0 -1
    outer loop
      vertex 15.3173 1.76826 0
      vertex 15.0301 2.78259 0
      vertex 15.0882 2.62909 0
    endloop
  endfacet
  facet normal 0 0 -1
    outer loop
      vertex 17.1562 5.93709 0
      vertex 17.8641 5.09358 0
      vertex 17.7025 4.83942 0
    endloop
  endfacet
  facet normal 0 0 -1
    outer loop
      vertex 17.8641 5.09358 0
      vertex 17.4666 5.91483 0
      vertex 17.9218 5.19347 0
    endloop
  endfacet
  facet normal 0 0 -1
    outer loop
      vertex 17.1562 5.93709 0
      vertex 17.7025 4.83942 0
      vertex 17.5409 4.60808 0
    endloop
  endfacet
  facet normal 0 0 -1
    outer loop
      vertex 17.9218 5.19347 0
      vertex 17.4666 5.91483 0
      vertex 17.5688 5.90269 0
    endloop
  endfacet
  facet normal 0 0 -1
    outer loop
      vertex 16.8675 5.9444 0
      vertex 17.5409 4.60808 0
      vertex 17.3812 4.39946 0
    endloop
  endfacet
  facet normal 0 0 -1
    outer loop
      vertex 16.6011 5.93887 0
      vertex 17.3812 4.39946 0
      vertex 17.2251 4.21336 0
    endloop
  endfacet
  facet normal 0 0 -1
    outer loop
      vertex 17.8641 5.09358 0
      vertex 17.1562 5.93709 0
      vertex 17.4666 5.91483 0
    endloop
  endfacet
  facet normal 0 0 -1
    outer loop
      vertex 16.3572 5.92267 0
      vertex 17.2251 4.21336 0
      vertex 17.0747 4.04939 0
    endloop
  endfacet
  facet normal 0 0 -1
    outer loop
      vertex 16.1358 5.89784 0
      vertex 17.0747 4.04939 0
      vertex 16.9316 3.907 0
    endloop
  endfacet
  facet normal 0 0 -1
    outer loop
      vertex 17.5409 4.60808 0
      vertex 16.8675 5.9444 0
      vertex 17.1562 5.93709 0
    endloop
  endfacet
  facet normal 0 0 -1
    outer loop
      vertex 15.9369 5.86644 0
      vertex 16.9316 3.907 0
      vertex 16.7979 3.78548 0
    endloop
  endfacet
  facet normal 0 0 -1
    outer loop
      vertex 15.7602 5.83041 0
      vertex 16.7979 3.78548 0
      vertex 16.6752 3.68391 0
    endloop
  endfacet
  facet normal 0 0 -1
    outer loop
      vertex 17.3812 4.39946 0
      vertex 16.6011 5.93887 0
      vertex 16.8675 5.9444 0
    endloop
  endfacet
  facet normal 0 0 -1
    outer loop
      vertex 15.6051 5.79163 0
      vertex 16.6752 3.68391 0
      vertex 16.5654 3.60118 0
    endloop
  endfacet
  facet normal 0 0 -1
    outer loop
      vertex 15.4713 5.75186 0
      vertex 16.5654 3.60118 0
      vertex 16.47 3.536 0
    endloop
  endfacet
  facet normal 0 0 -1
    outer loop
      vertex 16.111 3.37508 0
      vertex 16.47 3.536 0
      vertex 16.3905 3.48695 0
    endloop
  endfacet
  facet normal 0 0 -1
    outer loop
      vertex 17.2251 4.21336 0
      vertex 16.3572 5.92267 0
      vertex 16.6011 5.93887 0
    endloop
  endfacet
  facet normal 0 0 -1
    outer loop
      vertex 16.111 3.37508 0
      vertex 16.3905 3.48695 0
      vertex 16.3284 3.45248 0
    endloop
  endfacet
  facet normal 0 0 -1
    outer loop
      vertex 16.111 3.37508 0
      vertex 16.3284 3.45248 0
      vertex 16.2606 3.42017 0
    endloop
  endfacet
  facet normal 0 0 -1
    outer loop
      vertex 17.0747 4.04939 0
      vertex 16.1358 5.89784 0
      vertex 16.3572 5.92267 0
    endloop
  endfacet
  facet normal -0 0 -1
    outer loop
      vertex 16.47 3.536 0
      vertex 16.111 3.37508 0
      vertex 15.3579 5.71275 0
    endloop
  endfacet
  facet normal 0 0 -1
    outer loop
      vertex 16.9316 3.907 0
      vertex 15.9369 5.86644 0
      vertex 16.1358 5.89784 0
    endloop
  endfacet
  facet normal 0 0 -1
    outer loop
      vertex 14.9201 5.47752 0
      vertex 16.111 3.37508 0
      vertex 15.9361 3.30547 0
    endloop
  endfacet
  facet normal 0 0 -1
    outer loop
      vertex 14.7811 5.39822 0
      vertex 15.9361 3.30547 0
      vertex 15.7881 3.22797 0
    endloop
  endfacet
  facet normal 0 0 -1
    outer loop
      vertex 16.7979 3.78548 0
      vertex 15.7602 5.83041 0
      vertex 15.9369 5.86644 0
    endloop
  endfacet
  facet normal 0 0 -1
    outer loop
      vertex 16.6752 3.68391 0
      vertex 15.6051 5.79163 0
      vertex 15.7602 5.83041 0
    endloop
  endfacet
  facet normal 0 0 -1
    outer loop
      vertex 16.5654 3.60118 0
      vertex 15.4713 5.75186 0
      vertex 15.6051 5.79163 0
    endloop
  endfacet
  facet normal 0 0 -1
    outer loop
      vertex 16.47 3.536 0
      vertex 15.3579 5.71275 0
      vertex 15.4713 5.75186 0
    endloop
  endfacet
  facet normal 0 0 -1
    outer loop
      vertex 16.111 3.37508 0
      vertex 15.2642 5.67595 0
      vertex 15.3579 5.71275 0
    endloop
  endfacet
  facet normal 0 0 -1
    outer loop
      vertex 16.111 3.37508 0
      vertex 15.1894 5.64296 0
      vertex 15.2642 5.67595 0
    endloop
  endfacet
  facet normal 0 0 -1
    outer loop
      vertex 14.1322 4.96223 0
      vertex 15.7881 3.22797 0
      vertex 15.1339 2.9888 0
    endloop
  endfacet
  facet normal 0 0 -1
    outer loop
      vertex 16.111 3.37508 0
      vertex 14.9201 5.47752 0
      vertex 15.1325 5.61504 0
    endloop
  endfacet
  facet normal 0 0 -1
    outer loop
      vertex 16.111 3.37508 0
      vertex 15.1325 5.61504 0
      vertex 15.1894 5.64296 0
    endloop
  endfacet
  facet normal 0 0 -1
    outer loop
      vertex 15.0301 2.78259 0
      vertex 15.1339 2.9888 0
      vertex 15.0383 2.7841 0
    endloop
  endfacet
  facet normal -0 0 -1
    outer loop
      vertex 15.1339 2.9888 0
      vertex 15.0301 2.78259 0
      vertex 14.1322 4.96223 0
    endloop
  endfacet
  facet normal 0 0 -1
    outer loop
      vertex 15.1339 -2.9888 0
      vertex 15.0301 -2.78259 0
      vertex 15.0383 -2.7841 0
    endloop
  endfacet
  facet normal 0 0 -1
    outer loop
      vertex 15.1325 5.61504 0
      vertex 14.9201 5.47752 0
      vertex 15.0656 5.57779 0
    endloop
  endfacet
  facet normal 0 0 -1
    outer loop
      vertex 13.9087 -5.00566 0
      vertex 15.0301 -2.78259 0
      vertex 14.1322 -4.96223 0
    endloop
  endfacet
  facet normal 0 0 -1
    outer loop
      vertex 15.9361 3.30547 0
      vertex 14.7811 5.39822 0
      vertex 14.9201 5.47752 0
    endloop
  endfacet
  facet normal -0 0 -1
    outer loop
      vertex 15.0301 -2.78259 0
      vertex 13.9087 -5.00566 0
      vertex 15.0301 2.78259 0
    endloop
  endfacet
  facet normal 0 0 -1
    outer loop
      vertex 15.7881 3.22797 0
      vertex 14.1322 4.96223 0
      vertex 14.7811 5.39822 0
    endloop
  endfacet
  facet normal 0 0 -1
    outer loop
      vertex 13.9087 5.00566 0
      vertex 15.0301 2.78259 0
      vertex 13.9087 -5.00566 0
    endloop
  endfacet
  facet normal 0 0 -1
    outer loop
      vertex 15.0301 2.78259 0
      vertex 13.9087 5.00566 0
      vertex 14.1322 4.96223 0
    endloop
  endfacet
  facet normal 0 0 -1
    outer loop
      vertex 13.363 -5.71893 0
      vertex 13.9087 5.00566 0
      vertex 13.9087 -5.00566 0
    endloop
  endfacet
  facet normal 0 0 -1
    outer loop
      vertex 13.363 -5.71893 0
      vertex 13.363 5.71893 0
      vertex 13.9087 5.00566 0
    endloop
  endfacet
  facet normal 0 0 -1
    outer loop
      vertex 12.879 -6.2426 0
      vertex 13.363 5.71893 0
      vertex 13.363 -5.71893 0
    endloop
  endfacet
  facet normal -0 0 -1
    outer loop
      vertex 13.363 5.71893 0
      vertex 12.879 -6.2426 0
      vertex 12.879 6.2426 0
    endloop
  endfacet
  facet normal 0 0 -1
    outer loop
      vertex 14.4491 9.50674 0
      vertex 14.4064 9.72522 0
      vertex 14.4678 9.66954 0
    endloop
  endfacet
  facet normal 0 0 -1
    outer loop
      vertex 13.4173 10.0162 0
      vertex 14.4491 9.50674 0
      vertex 14.4052 9.22202 0
    endloop
  endfacet
  facet normal 0 0 -1
    outer loop
      vertex 13.4173 10.0162 0
      vertex 14.4052 9.22202 0
      vertex 14.3535 8.95615 0
    endloop
  endfacet
  facet normal 0 0 -1
    outer loop
      vertex 13.1638 9.90262 0
      vertex 14.3535 8.95615 0
      vertex 14.2953 8.70959 0
    endloop
  endfacet
  facet normal 0 0 -1
    outer loop
      vertex 12.9335 9.78781 0
      vertex 14.2953 8.70959 0
      vertex 14.2322 8.48276 0
    endloop
  endfacet
  facet normal 0 0 -1
    outer loop
      vertex 12.7258 9.67332 0
      vertex 14.2322 8.48276 0
      vertex 14.1656 8.27597 0
    endloop
  endfacet
  facet normal 0 0 -1
    outer loop
      vertex 12.5397 9.56065 0
      vertex 14.1656 8.27597 0
      vertex 14.097 8.08951 0
    endloop
  endfacet
  facet normal 0 0 -1
    outer loop
      vertex 12.3745 9.4512 0
      vertex 14.097 8.08951 0
      vertex 14.0282 7.92355 0
    endloop
  endfacet
  facet normal 0 0 -1
    outer loop
      vertex 12.229 9.34627 0
      vertex 14.0282 7.92355 0
      vertex 13.9607 7.77818 0
    endloop
  endfacet
  facet normal 0 0 -1
    outer loop
      vertex 12.1023 9.24709 0
      vertex 13.9607 7.77818 0
      vertex 13.8963 7.6534 0
    endloop
  endfacet
  facet normal 0 0 -1
    outer loop
      vertex 11.9935 9.15475 0
      vertex 13.8963 7.6534 0
      vertex 13.8368 7.54901 0
    endloop
  endfacet
  facet normal 0 0 -1
    outer loop
      vertex 14.3535 8.95615 0
      vertex 13.1638 9.90262 0
      vertex 13.4173 10.0162 0
    endloop
  endfacet
  facet normal 0 0 -1
    outer loop
      vertex 11.9015 9.07033 0
      vertex 13.8368 7.54901 0
      vertex 13.7839 7.4648 0
    endloop
  endfacet
  facet normal 0 0 -1
    outer loop
      vertex 13.5589 7.20786 0
      vertex 13.7839 7.4648 0
      vertex 13.7394 7.4003 0
    endloop
  endfacet
  facet normal 0 0 -1
    outer loop
      vertex 14.4064 9.72522 0
      vertex 13.6948 10.1268 0
      vertex 13.8203 10.1707 0
    endloop
  endfacet
  facet normal 0 0 -1
    outer loop
      vertex 13.5589 7.20786 0
      vertex 13.7394 7.4003 0
      vertex 13.6829 7.328 0
    endloop
  endfacet
  facet normal -0 0 -1
    outer loop
      vertex 13.7839 7.4648 0
      vertex 13.5589 7.20786 0
      vertex 11.9015 9.07033 0
    endloop
  endfacet
  facet normal 0 0 -1
    outer loop
      vertex 11.5512 8.6377 0
      vertex 13.5589 7.20786 0
      vertex 13.4399 7.07237 0
    endloop
  endfacet
  facet normal 0 0 -1
    outer loop
      vertex 14.4491 9.50674 0
      vertex 13.6948 10.1268 0
      vertex 14.4064 9.72522 0
    endloop
  endfacet
  facet normal 0 0 -1
    outer loop
      vertex 11.5512 8.6377 0
      vertex 13.4399 7.07237 0
      vertex 13.3479 6.94333 0
    endloop
  endfacet
  facet normal 0 -0 -1
    outer loop
      vertex 13.6948 10.1268 0
      vertex 14.4491 9.50674 0
      vertex 13.4173 10.0162 0
    endloop
  endfacet
  facet normal 0 0 -1
    outer loop
      vertex 14.2953 8.70959 0
      vertex 12.9335 9.78781 0
      vertex 13.1638 9.90262 0
    endloop
  endfacet
  facet normal 0 0 -1
    outer loop
      vertex 11.0873 7.89531 0
      vertex 13.3479 6.94333 0
      vertex 12.8851 6.472 0
    endloop
  endfacet
  facet normal 0 0 -1
    outer loop
      vertex 11.0873 7.89531 0
      vertex 12.8851 6.472 0
      vertex 12.879 6.2426 0
    endloop
  endfacet
  facet normal 0 0 -1
    outer loop
      vertex 14.2322 8.48276 0
      vertex 12.7258 9.67332 0
      vertex 12.9335 9.78781 0
    endloop
  endfacet
  facet normal 0 0 -1
    outer loop
      vertex 10.8604 -7.84021 0
      vertex 12.879 -6.2426 0
      vertex 11.0873 -7.89531 0
    endloop
  endfacet
  facet normal 0 0 -1
    outer loop
      vertex 13.7394 -7.4003 0
      vertex 13.5589 -7.20786 0
      vertex 13.6829 -7.328 0
    endloop
  endfacet
  facet normal -0 0 -1
    outer loop
      vertex 12.879 -6.2426 0
      vertex 10.8604 -7.84021 0
      vertex 12.879 6.2426 0
    endloop
  endfacet
  facet normal 0 0 -1
    outer loop
      vertex 11.8253 -8.99477 0
      vertex 13.5589 -7.20786 0
      vertex 11.9015 -9.07033 0
    endloop
  endfacet
  facet normal 0 0 -1
    outer loop
      vertex 13.3479 6.94333 0
      vertex 11.0873 7.89531 0
      vertex 11.5512 8.6377 0
    endloop
  endfacet
  facet normal 0 0 -1
    outer loop
      vertex 11.7638 -8.92899 0
      vertex 13.5589 -7.20786 0
      vertex 11.8253 -8.99477 0
    endloop
  endfacet
  facet normal 0 0 -1
    outer loop
      vertex 13.5589 7.20786 0
      vertex 11.5512 8.6377 0
      vertex 11.6575 8.79848 0
    endloop
  endfacet
  facet normal 0 0 -1
    outer loop
      vertex 11.716 -8.87384 0
      vertex 13.5589 -7.20786 0
      vertex 11.7638 -8.92899 0
    endloop
  endfacet
  facet normal 0 0 -1
    outer loop
      vertex 14.1656 8.27597 0
      vertex 12.5397 9.56065 0
      vertex 12.7258 9.67332 0
    endloop
  endfacet
  facet normal 0 0 -1
    outer loop
      vertex 11.6575 -8.79848 0
      vertex 13.5589 -7.20786 0
      vertex 11.716 -8.87384 0
    endloop
  endfacet
  facet normal 0 0 -1
    outer loop
      vertex 14.097 8.08951 0
      vertex 12.3745 9.4512 0
      vertex 12.5397 9.56065 0
    endloop
  endfacet
  facet normal 0 0 -1
    outer loop
      vertex 11.5512 -8.6377 0
      vertex 13.5589 -7.20786 0
      vertex 11.6575 -8.79848 0
    endloop
  endfacet
  facet normal 0 0 -1
    outer loop
      vertex 14.0282 7.92355 0
      vertex 12.229 9.34627 0
      vertex 12.3745 9.4512 0
    endloop
  endfacet
  facet normal -0 0 -1
    outer loop
      vertex 13.5589 -7.20786 0
      vertex 11.5512 -8.6377 0
      vertex 13.4399 -7.07237 0
    endloop
  endfacet
  facet normal 0 0 -1
    outer loop
      vertex 13.9607 7.77818 0
      vertex 12.1023 9.24709 0
      vertex 12.229 9.34627 0
    endloop
  endfacet
  facet normal -0 0 -1
    outer loop
      vertex 13.3479 -6.94333 0
      vertex 11.0873 -7.89531 0
      vertex 12.8851 -6.472 0
    endloop
  endfacet
  facet normal 0 0 -1
    outer loop
      vertex 13.8963 7.6534 0
      vertex 11.9935 9.15475 0
      vertex 12.1023 9.24709 0
    endloop
  endfacet
  facet normal -0 0 -1
    outer loop
      vertex 13.4399 -7.07237 0
      vertex 11.5512 -8.6377 0
      vertex 13.3479 -6.94333 0
    endloop
  endfacet
  facet normal 0 0 -1
    outer loop
      vertex 13.8368 7.54901 0
      vertex 11.9015 9.07033 0
      vertex 11.9935 9.15475 0
    endloop
  endfacet
  facet normal 0 0 -1
    outer loop
      vertex 11.0873 -7.89531 0
      vertex 13.3479 -6.94333 0
      vertex 11.5512 -8.6377 0
    endloop
  endfacet
  facet normal -0 0 -1
    outer loop
      vertex 12.8851 -6.472 0
      vertex 11.0873 -7.89531 0
      vertex 12.879 -6.2426 0
    endloop
  endfacet
  facet normal 0 0 -1
    outer loop
      vertex 13.5589 7.20786 0
      vertex 11.8253 8.99477 0
      vertex 11.9015 9.07033 0
    endloop
  endfacet
  facet normal 0 0 -1
    outer loop
      vertex 13.5589 7.20786 0
      vertex 11.6575 8.79848 0
      vertex 11.716 8.87384 0
    endloop
  endfacet
  facet normal 0 0 -1
    outer loop
      vertex 13.5589 7.20786 0
      vertex 11.7638 8.92899 0
      vertex 11.8253 8.99477 0
    endloop
  endfacet
  facet normal 0 0 -1
    outer loop
      vertex 13.5589 7.20786 0
      vertex 11.716 8.87384 0
      vertex 11.7638 8.92899 0
    endloop
  endfacet
  facet normal 0 0 -1
    outer loop
      vertex 10.8604 -7.84021 0
      vertex 11.0873 -7.89531 0
      vertex 10.867 -7.84496 0
    endloop
  endfacet
  facet normal 0 0 -1
    outer loop
      vertex 10.8604 7.84021 0
      vertex 12.879 6.2426 0
      vertex 10.8604 -7.84021 0
    endloop
  endfacet
  facet normal 0 0 -1
    outer loop
      vertex 12.879 6.2426 0
      vertex 10.8604 7.84021 0
      vertex 11.0873 7.89531 0
    endloop
  endfacet
  facet normal 0 0 -1
    outer loop
      vertex 11.0873 7.89531 0
      vertex 10.8604 7.84021 0
      vertex 10.867 7.84496 0
    endloop
  endfacet
  facet normal 0 0 -1
    outer loop
      vertex 9.93959 -8.34613 0
      vertex 10.8604 -7.84021 0
      vertex 10.6911 -7.94806 0
    endloop
  endfacet
  facet normal -0 0 -1
    outer loop
      vertex 10.8604 -7.84021 0
      vertex 9.93959 -8.34613 0
      vertex 10.8604 7.84021 0
    endloop
  endfacet
  facet normal 0 0 -1
    outer loop
      vertex 9.93959 8.34613 0
      vertex 10.8604 7.84021 0
      vertex 9.93959 -8.34613 0
    endloop
  endfacet
  facet normal 0 0 -1
    outer loop
      vertex 10.8604 7.84021 0
      vertex 9.93959 8.34613 0
      vertex 10.6911 7.94806 0
    endloop
  endfacet
  facet normal 0 0 -1
    outer loop
      vertex 9.40247 -8.57954 0
      vertex 9.93959 8.34613 0
      vertex 9.93959 -8.34613 0
    endloop
  endfacet
  facet normal -0 0 -1
    outer loop
      vertex 9.93959 8.34613 0
      vertex 9.40247 -8.57954 0
      vertex 9.40247 8.57954 0
    endloop
  endfacet
  facet normal 0 0 -1
    outer loop
      vertex 9.40247 8.57954 0
      vertex 9.31987 8.79306 0
      vertex 9.40883 8.58536 0
    endloop
  endfacet
  facet normal 0 0 -1
    outer loop
      vertex 9.31987 8.79306 0
      vertex 9.40247 8.57954 0
      vertex 9.31987 -8.79306 0
    endloop
  endfacet
  facet normal 0 0 -1
    outer loop
      vertex 7.59966 11.2059 0
      vertex 9.80537 10.576 0
      vertex 9.79993 10.415 0
    endloop
  endfacet
  facet normal 0 0 -1
    outer loop
      vertex 9.80537 10.576 0
      vertex 7.59966 11.2059 0
      vertex 9.80466 10.7549 0
    endloop
  endfacet
  facet normal 0 0 -1
    outer loop
      vertex 7.51872 11.0661 0
      vertex 9.79993 10.415 0
      vertex 9.78964 10.2721 0
    endloop
  endfacet
  facet normal 0 0 -1
    outer loop
      vertex 9.80466 10.7549 0
      vertex 7.59966 11.2059 0
      vertex 7.6946 11.3573 0
    endloop
  endfacet
  facet normal 0 0 -1
    outer loop
      vertex 7.451 10.9386 0
      vertex 9.78964 10.2721 0
      vertex 9.77589 10.1478 0
    endloop
  endfacet
  facet normal 0 0 -1
    outer loop
      vertex 7.39542 10.824 0
      vertex 9.77589 10.1478 0
      vertex 9.76012 10.0425 0
    endloop
  endfacet
  facet normal 0 -0 -1
    outer loop
      vertex 7.80472 11.5194 0
      vertex 9.79649 10.951 0
      vertex 7.6946 11.3573 0
    endloop
  endfacet
  facet normal 0 0 -1
    outer loop
      vertex 7.35095 10.723 0
      vertex 9.76012 10.0425 0
      vertex 9.74377 9.95648 0
    endloop
  endfacet
  facet normal 0 0 -1
    outer loop
      vertex 7.35095 10.723 0
      vertex 9.74377 9.95648 0
      vertex 9.72842 9.88995 0
    endloop
  endfacet
  facet normal 0 0 -1
    outer loop
      vertex 9.79649 10.951 0
      vertex 7.80472 11.5194 0
      vertex 9.77969 11.1638 0
    endloop
  endfacet
  facet normal 0 0 -1
    outer loop
      vertex 7.31654 10.6362 0
      vertex 9.72842 9.88995 0
      vertex 9.70712 9.81593 0
    endloop
  endfacet
  facet normal 0 0 -1
    outer loop
      vertex 9.77969 11.1638 0
      vertex 7.93124 11.6914 0
      vertex 9.75304 11.3928 0
    endloop
  endfacet
  facet normal 0 0 -1
    outer loop
      vertex 7.31654 10.6362 0
      vertex 9.70712 9.81593 0
      vertex 9.6432 9.64992 0
    endloop
  endfacet
  facet normal 0 -0 -1
    outer loop
      vertex 8.07521 11.8725 0
      vertex 9.75304 11.3928 0
      vertex 7.93124 11.6914 0
    endloop
  endfacet
  facet normal 0 0 -1
    outer loop
      vertex 7.22044 10.2769 0
      vertex 9.6432 9.64992 0
      vertex 9.59749 9.49403 0
    endloop
  endfacet
  facet normal 0 -0 -1
    outer loop
      vertex 8.23766 12.0617 0
      vertex 9.71538 11.6375 0
      vertex 8.07521 11.8725 0
    endloop
  endfacet
  facet normal 0 -0 -1
    outer loop
      vertex 8.41965 12.2581 0
      vertex 9.66563 11.8971 0
      vertex 8.23766 12.0617 0
    endloop
  endfacet
  facet normal 0 0 -1
    outer loop
      vertex 7.07193 9.43536 0
      vertex 9.59749 9.49403 0
      vertex 9.31987 8.79306 0
    endloop
  endfacet
  facet normal 0 0 -1
    outer loop
      vertex 9.71538 11.6375 0
      vertex 8.23766 12.0617 0
      vertex 9.66563 11.8971 0
    endloop
  endfacet
  facet normal 0 0 -1
    outer loop
      vertex 6.88486 -9.30402 0
      vertex 9.31987 -8.79306 0
      vertex 7.07193 -9.43536 0
    endloop
  endfacet
  facet normal 0 0 -1
    outer loop
      vertex 9.66563 -11.8971 0
      vertex 8.41965 -12.2581 0
      vertex 8.23766 -12.0617 0
    endloop
  endfacet
  facet normal -0 0 -1
    outer loop
      vertex 9.31987 -8.79306 0
      vertex 6.88486 -9.30402 0
      vertex 9.31987 8.79306 0
    endloop
  endfacet
  facet normal 0 0 -1
    outer loop
      vertex 9.71538 -11.6375 0
      vertex 8.23766 -12.0617 0
      vertex 8.07521 -11.8725 0
    endloop
  endfacet
  facet normal -0 0 -1
    outer loop
      vertex 9.59749 9.49403 0
      vertex 7.07193 9.43536 0
      vertex 7.22044 10.2769 0
    endloop
  endfacet
  facet normal 0 0 -1
    outer loop
      vertex 7.39542 -10.824 0
      vertex 9.77589 -10.1478 0
      vertex 7.451 -10.9386 0
    endloop
  endfacet
  facet normal 0 0 -1
    outer loop
      vertex 9.45395 12.386 0
      vertex 8.62221 12.4606 0
      vertex 8.74754 12.5766 0
    endloop
  endfacet
  facet normal -0 0 -1
    outer loop
      vertex 9.77589 -10.1478 0
      vertex 7.39542 -10.824 0
      vertex 9.76012 -10.0425 0
    endloop
  endfacet
  facet normal 0 0 -1
    outer loop
      vertex 9.60268 12.1711 0
      vertex 8.62221 12.4606 0
      vertex 9.45395 12.386 0
    endloop
  endfacet
  facet normal 0 0 -1
    outer loop
      vertex 7.35095 -10.723 0
      vertex 9.76012 -10.0425 0
      vertex 7.39542 -10.824 0
    endloop
  endfacet
  facet normal 0 -0 -1
    outer loop
      vertex 8.62221 12.4606 0
      vertex 9.60268 12.1711 0
      vertex 8.41965 12.2581 0
    endloop
  endfacet
  facet normal -0 0 -1
    outer loop
      vertex 9.76012 -10.0425 0
      vertex 7.35095 -10.723 0
      vertex 9.74377 -9.95648 0
    endloop
  endfacet
  facet normal 0 0 -1
    outer loop
      vertex 9.60268 12.1711 0
      vertex 9.45395 12.386 0
      vertex 9.55443 12.351 0
    endloop
  endfacet
  facet normal -0 0 -1
    outer loop
      vertex 9.74377 -9.95648 0
      vertex 7.35095 -10.723 0
      vertex 9.72842 -9.88995 0
    endloop
  endfacet
  facet normal 0 0 -1
    outer loop
      vertex 9.66563 11.8971 0
      vertex 8.41965 12.2581 0
      vertex 9.60268 12.1711 0
    endloop
  endfacet
  facet normal 0 0 -1
    outer loop
      vertex 7.31654 -10.6362 0
      vertex 9.72842 -9.88995 0
      vertex 7.35095 -10.723 0
    endloop
  endfacet
  facet normal 0 0 -1
    outer loop
      vertex 9.75304 11.3928 0
      vertex 8.07521 11.8725 0
      vertex 9.71538 11.6375 0
    endloop
  endfacet
  facet normal -0 0 -1
    outer loop
      vertex 9.72842 -9.88995 0
      vertex 7.31654 -10.6362 0
      vertex 9.70712 -9.81593 0
    endloop
  endfacet
  facet normal 0 0 -1
    outer loop
      vertex 9.6432 9.64992 0
      vertex 7.22044 10.2769 0
      vertex 7.25487 10.4361 0
    endloop
  endfacet
  facet normal -0 0 -1
    outer loop
      vertex 9.70712 -9.81593 0
      vertex 7.31654 -10.6362 0
      vertex 9.6432 -9.64992 0
    endloop
  endfacet
  facet normal 0 -0 -1
    outer loop
      vertex 7.93124 11.6914 0
      vertex 9.77969 11.1638 0
      vertex 7.80472 11.5194 0
    endloop
  endfacet
  facet normal 0 0 -1
    outer loop
      vertex 7.29115 -10.5642 0
      vertex 9.6432 -9.64992 0
      vertex 7.31654 -10.6362 0
    endloop
  endfacet
  facet normal 0 0 -1
    outer loop
      vertex 9.80466 10.7549 0
      vertex 7.6946 11.3573 0
      vertex 9.79649 10.951 0
    endloop
  endfacet
  facet normal 0 0 -1
    outer loop
      vertex 7.26231 -10.467 0
      vertex 9.6432 -9.64992 0
      vertex 7.29115 -10.5642 0
    endloop
  endfacet
  facet normal 0 0 -1
    outer loop
      vertex 9.79993 10.415 0
      vertex 7.51872 11.0661 0
      vertex 7.59966 11.2059 0
    endloop
  endfacet
  facet normal 0 0 -1
    outer loop
      vertex 7.22044 -10.2769 0
      vertex 9.6432 -9.64992 0
      vertex 7.26231 -10.467 0
    endloop
  endfacet
  facet normal 0 0 -1
    outer loop
      vertex 9.78964 10.2721 0
      vertex 7.451 10.9386 0
      vertex 7.51872 11.0661 0
    endloop
  endfacet
  facet normal -0 0 -1
    outer loop
      vertex 9.6432 -9.64992 0
      vertex 7.22044 -10.2769 0
      vertex 9.59749 -9.49403 0
    endloop
  endfacet
  facet normal 0 0 -1
    outer loop
      vertex 9.77589 10.1478 0
      vertex 7.39542 10.824 0
      vertex 7.451 10.9386 0
    endloop
  endfacet
  facet normal 0 0 -1
    outer loop
      vertex 7.07193 -9.43536 0
      vertex 9.59749 -9.49403 0
      vertex 7.22044 -10.2769 0
    endloop
  endfacet
  facet normal 0 0 -1
    outer loop
      vertex 9.76012 10.0425 0
      vertex 7.35095 10.723 0
      vertex 7.39542 10.824 0
    endloop
  endfacet
  facet normal 0 0 -1
    outer loop
      vertex 9.59749 -9.49403 0
      vertex 7.07193 -9.43536 0
      vertex 9.31987 -8.79306 0
    endloop
  endfacet
  facet normal 0 0 -1
    outer loop
      vertex 9.72842 9.88995 0
      vertex 7.31654 10.6362 0
      vertex 7.35095 10.723 0
    endloop
  endfacet
  facet normal 0 0 -1
    outer loop
      vertex 9.6432 9.64992 0
      vertex 7.25487 10.4361 0
      vertex 7.29115 10.5642 0
    endloop
  endfacet
  facet normal 0 0 -1
    outer loop
      vertex 9.6432 9.64992 0
      vertex 7.29115 10.5642 0
      vertex 7.31654 10.6362 0
    endloop
  endfacet
  facet normal 0 0 -1
    outer loop
      vertex 6.88486 9.30402 0
      vertex 9.31987 8.79306 0
      vertex 6.88486 -9.30402 0
    endloop
  endfacet
  facet normal 0 0 -1
    outer loop
      vertex 9.31987 8.79306 0
      vertex 6.88486 9.30402 0
      vertex 7.07193 9.43536 0
    endloop
  endfacet
  facet normal 0 0 -1
    outer loop
      vertex 6.08032 -9.40897 0
      vertex 6.88486 -9.30402 0
      vertex 6.84378 -9.31207 0
    endloop
  endfacet
  facet normal -0 0 -1
    outer loop
      vertex 6.88486 -9.30402 0
      vertex 6.08032 -9.40897 0
      vertex 6.88486 9.30402 0
    endloop
  endfacet
  facet normal 0 0 -1
    outer loop
      vertex 6.08032 9.40897 0
      vertex 6.88486 9.30402 0
      vertex 6.08032 -9.40897 0
    endloop
  endfacet
  facet normal 0 0 -1
    outer loop
      vertex 6.88486 9.30402 0
      vertex 6.08032 9.40897 0
      vertex 6.84378 9.31207 0
    endloop
  endfacet
  facet normal 0 0 -1
    outer loop
      vertex 5.24539 -9.45425 0
      vertex 6.08032 -9.40897 0
      vertex 5.3315 -9.4545 0
    endloop
  endfacet
  facet normal -0 0 -1
    outer loop
      vertex 6.08032 -9.40897 0
      vertex 5.24539 -9.45425 0
      vertex 6.08032 9.40897 0
    endloop
  endfacet
  facet normal 0 0 -1
    outer loop
      vertex 5.24539 9.45425 0
      vertex 6.08032 9.40897 0
      vertex 5.24539 -9.45425 0
    endloop
  endfacet
  facet normal 0 0 -1
    outer loop
      vertex 6.08032 9.40897 0
      vertex 5.24539 9.45425 0
      vertex 5.3315 9.4545 0
    endloop
  endfacet
  facet normal 0 0 -1
    outer loop
      vertex 5.24539 9.45425 0
      vertex 5.08873 9.61867 0
      vertex 5.2473 9.45769 0
    endloop
  endfacet
  facet normal 0 0 -1
    outer loop
      vertex 5.24539 -9.45425 0
      vertex 4.2 -2.42487 0
      vertex 5.24539 9.45425 0
    endloop
  endfacet
  facet normal 0 0 -1
    outer loop
      vertex 2.58368 -11.0853 0
      vertex 4.94679 -11.3037 0
      vertex 2.608 -11.2447 0
    endloop
  endfacet
  facet normal 0 0 -1
    outer loop
      vertex 4.94679 -11.3037 0
      vertex 2.58368 -11.0853 0
      vertex 4.98953 -11.1658 0
    endloop
  endfacet
  facet normal 0 0 -1
    outer loop
      vertex 2.56627 -10.9421 0
      vertex 4.98953 -11.1658 0
      vertex 2.58368 -11.0853 0
    endloop
  endfacet
  facet normal 0 0 -1
    outer loop
      vertex 4.98953 -11.1658 0
      vertex 2.56627 -10.9421 0
      vertex 5.02286 -11.0429 0
    endloop
  endfacet
  facet normal 0 -0 -1
    outer loop
      vertex 2.60431 -10.1177 0
      vertex 5.04785 -10.9356 0
      vertex 2.59157 -10.2717 0
    endloop
  endfacet
  facet normal 0 0 -1
    outer loop
      vertex 5.04785 -10.9356 0
      vertex 2.60431 -10.1177 0
      vertex 2.74718 -9.40152 0
    endloop
  endfacet
  facet normal 0 0 -1
    outer loop
      vertex 2.55608 -10.8159 0
      vertex 5.02286 -11.0429 0
      vertex 2.56627 -10.9421 0
    endloop
  endfacet
  facet normal 0 0 -1
    outer loop
      vertex 5.02286 -11.0429 0
      vertex 2.55608 -10.8159 0
      vertex 5.04785 -10.9356 0
    endloop
  endfacet
  facet normal 0 0 -1
    outer loop
      vertex 2.55191 -10.7073 0
      vertex 5.04785 -10.9356 0
      vertex 2.55608 -10.8159 0
    endloop
  endfacet
  facet normal 0 0 -1
    outer loop
      vertex 2.55089 -10.6163 0
      vertex 5.04785 -10.9356 0
      vertex 2.55191 -10.7073 0
    endloop
  endfacet
  facet normal 0 0 -1
    outer loop
      vertex 5.04785 -10.9356 0
      vertex 2.56075 -10.4549 0
      vertex 2.59157 -10.2717 0
    endloop
  endfacet
  facet normal 0 0 -1
    outer loop
      vertex 5.04785 -10.9356 0
      vertex 2.55331 -10.5437 0
      vertex 2.56075 -10.4549 0
    endloop
  endfacet
  facet normal 0 0 -1
    outer loop
      vertex 5.04785 -10.9356 0
      vertex 2.55089 -10.6163 0
      vertex 2.55331 -10.5437 0
    endloop
  endfacet
  facet normal 0 0 -1
    outer loop
      vertex 2.74718 -9.40152 0
      vertex 5.09323 -10.4817 0
      vertex 5.08899 -10.6486 0
    endloop
  endfacet
  facet normal 0 0 -1
    outer loop
      vertex 2.62007 9.21086 0
      vertex 5.24539 9.45425 0
      vertex 4.2 2.42487 0
    endloop
  endfacet
  facet normal 0 0 -1
    outer loop
      vertex 2.74718 -9.40152 0
      vertex 5.08899 -10.6486 0
      vertex 5.07744 -10.7701 0
    endloop
  endfacet
  facet normal 0 0 -1
    outer loop
      vertex 5.09323 -10.4817 0
      vertex 2.74718 -9.40152 0
      vertex 5.08873 -9.61867 0
    endloop
  endfacet
  facet normal 0 -0 -1
    outer loop
      vertex 2.74718 9.40152 0
      vertex 5.24539 9.45425 0
      vertex 2.62007 9.21086 0
    endloop
  endfacet
  facet normal 0 0 -1
    outer loop
      vertex 2.74718 -9.40152 0
      vertex 5.07744 -10.7701 0
      vertex 5.06566 -10.8445 0
    endloop
  endfacet
  facet normal -0 0 -1
    outer loop
      vertex 5.24539 9.45425 0
      vertex 2.74718 9.40152 0
      vertex 5.08873 9.61867 0
    endloop
  endfacet
  facet normal 0 0 -1
    outer loop
      vertex 2.74718 -9.40152 0
      vertex 5.06566 -10.8445 0
      vertex 5.04785 -10.9356 0
    endloop
  endfacet
  facet normal 0 0 -1
    outer loop
      vertex 2.60431 10.1177 0
      vertex 5.08873 9.61867 0
      vertex 2.74718 9.40152 0
    endloop
  endfacet
  facet normal 0 0 -1
    outer loop
      vertex 4.8927 -11.456 0
      vertex 2.608 -11.2447 0
      vertex 4.94679 -11.3037 0
    endloop
  endfacet
  facet normal 0 0 -1
    outer loop
      vertex 5.08873 9.61867 0
      vertex 2.60431 10.1177 0
      vertex 5.08775 10.6732 0
    endloop
  endfacet
  facet normal 0 0 -1
    outer loop
      vertex 2.608 -11.2447 0
      vertex 4.8927 -11.456 0
      vertex 2.64172 -11.42 0
    endloop
  endfacet
  facet normal 0 0 -1
    outer loop
      vertex 2.59157 10.2717 0
      vertex 5.08775 10.6732 0
      vertex 2.60431 10.1177 0
    endloop
  endfacet
  facet normal 0 0 -1
    outer loop
      vertex 2.64172 -11.42 0
      vertex 4.82695 -11.6221 0
      vertex 2.68604 -11.6107 0
    endloop
  endfacet
  facet normal 0 0 -1
    outer loop
      vertex 2.56223 10.4432 0
      vertex 5.08775 10.6732 0
      vertex 2.59157 10.2717 0
    endloop
  endfacet
  facet normal 0 0 -1
    outer loop
      vertex 4.74854 -11.8013 0
      vertex 2.68604 -11.6107 0
      vertex 4.82695 -11.6221 0
    endloop
  endfacet
  facet normal -0 0 -1
    outer loop
      vertex 5.07744 10.7701 0
      vertex 2.56223 10.4432 0
      vertex 5.06566 10.8445 0
    endloop
  endfacet
  facet normal 0 0 -1
    outer loop
      vertex 2.68604 -11.6107 0
      vertex 4.74854 -11.8013 0
      vertex 2.74197 -11.8161 0
    endloop
  endfacet
  facet normal 0 0 -1
    outer loop
      vertex 2.55331 10.5437 0
      vertex 5.06566 10.8445 0
      vertex 2.56223 10.4432 0
    endloop
  endfacet
  facet normal 0 0 -1
    outer loop
      vertex 4.65646 -11.993 0
      vertex 2.74197 -11.8161 0
      vertex 4.74854 -11.8013 0
    endloop
  endfacet
  facet normal 0 0 -1
    outer loop
      vertex 2.55089 10.6163 0
      vertex 5.06566 10.8445 0
      vertex 2.55331 10.5437 0
    endloop
  endfacet
  facet normal 0 0 -1
    outer loop
      vertex 2.74197 -11.8161 0
      vertex 4.65646 -11.993 0
      vertex 2.80984 -12.0354 0
    endloop
  endfacet
  facet normal -0 0 -1
    outer loop
      vertex 5.06566 10.8445 0
      vertex 2.55089 10.6163 0
      vertex 5.04785 10.9356 0
    endloop
  endfacet
  facet normal 0 0 -1
    outer loop
      vertex 2.80984 -12.0354 0
      vertex 4.65646 -11.993 0
      vertex 4.54974 -12.1965 0
    endloop
  endfacet
  facet normal 0 -0 -1
    outer loop
      vertex 2.55191 10.7073 0
      vertex 5.04785 10.9356 0
      vertex 2.55089 10.6163 0
    endloop
  endfacet
  facet normal 0 0 -1
    outer loop
      vertex 2.80984 -12.0354 0
      vertex 4.54974 -12.1965 0
      vertex 4.42606 -12.4108 0
    endloop
  endfacet
  facet normal -0 0 -1
    outer loop
      vertex 5.04785 10.9356 0
      vertex 2.55191 10.7073 0
      vertex 5.02286 11.0429 0
    endloop
  endfacet
  facet normal 0 0 -1
    outer loop
      vertex 2.89111 -12.2681 0
      vertex 4.42606 -12.4108 0
      vertex 4.28548 -12.6354 0
    endloop
  endfacet
  facet normal 0 -0 -1
    outer loop
      vertex 2.55608 10.8159 0
      vertex 5.02286 11.0429 0
      vertex 2.55191 10.7073 0
    endloop
  endfacet
  facet normal -0 0 -1
    outer loop
      vertex 5.02286 11.0429 0
      vertex 2.55608 10.8159 0
      vertex 4.98953 11.1658 0
    endloop
  endfacet
  facet normal 0 0 -1
    outer loop
      vertex 5.24539 9.45425 0
      vertex 4.2 -2.42487 0
      vertex 4.2 2.42487 0
    endloop
  endfacet
  facet normal 0 0 -1
    outer loop
      vertex 3.55014 -12.985 0
      vertex 4.28548 -12.6354 0
      vertex 4.12726 -12.8694 0
    endloop
  endfacet
  facet normal 0 0 -1
    outer loop
      vertex 3.55014 -12.985 0
      vertex 4.12726 -12.8694 0
      vertex 4.02017 -13.0155 0
    endloop
  endfacet
  facet normal -0 0 -1
    outer loop
      vertex 4.28548 -12.6354 0
      vertex 3.55014 -12.985 0
      vertex 2.98721 -12.5136 0
    endloop
  endfacet
  facet normal 0 0 -1
    outer loop
      vertex 3.09915 -12.7712 0
      vertex 3.55014 -12.985 0
      vertex 3.17924 -12.9384 0
    endloop
  endfacet
  facet normal 0 0 -1
    outer loop
      vertex 2.98721 -12.5136 0
      vertex 3.55014 -12.985 0
      vertex 3.09915 -12.7712 0
    endloop
  endfacet
  facet normal 0 0 -1
    outer loop
      vertex 4.28548 -12.6354 0
      vertex 2.98721 -12.5136 0
      vertex 2.89111 -12.2681 0
    endloop
  endfacet
  facet normal 0 0 -1
    outer loop
      vertex 4.42606 -12.4108 0
      vertex 2.89111 -12.2681 0
      vertex 2.80984 -12.0354 0
    endloop
  endfacet
  facet normal 0 0 -1
    outer loop
      vertex 4.82695 -11.6221 0
      vertex 2.64172 -11.42 0
      vertex 4.8927 -11.456 0
    endloop
  endfacet
  facet normal 0 0 -1
    outer loop
      vertex 5.24539 -9.45425 0
      vertex 2.74718 -9.40152 0
      vertex 2.62007 -9.21086 0
    endloop
  endfacet
  facet normal 0 0 -1
    outer loop
      vertex 2.62007 -9.21086 0
      vertex 2.74718 -9.40152 0
      vertex 2.62099 -9.21408 0
    endloop
  endfacet
  facet normal 0 0 -1
    outer loop
      vertex 5.24539 -9.45425 0
      vertex 2.62007 -9.21086 0
      vertex 4.2 -2.42487 0
    endloop
  endfacet
  facet normal 0 0 -1
    outer loop
      vertex 4.58515e-07 -4.84974 0
      vertex 2.62007 -9.21086 0
      vertex 2.54944 -9.19771 0
    endloop
  endfacet
  facet normal 0 0 -1
    outer loop
      vertex 4.58515e-07 -4.84974 0
      vertex 2.54944 -9.19771 0
      vertex 1.91833 -9.04221 0
    endloop
  endfacet
  facet normal 0 0 -1
    outer loop
      vertex 4.58515e-07 -4.84974 0
      vertex 1.91833 -9.04221 0
      vertex 1.31558 -8.85713 0
    endloop
  endfacet
  facet normal 0 0 -1
    outer loop
      vertex 4.58515e-07 -4.84974 0
      vertex 1.31558 -8.85713 0
      vertex 1.04967 -8.75912 0
    endloop
  endfacet
  facet normal 0 0 -1
    outer loop
      vertex -1.23355 -7.80182 0
      vertex 1.04967 -8.75912 0
      vertex 0.84407 -8.85721 0
    endloop
  endfacet
  facet normal 0 0 -1
    outer loop
      vertex -1.72351 -8.62273 0
      vertex 0.535538 -9.65852 0
      vertex 0.473038 -9.80779 0
    endloop
  endfacet
  facet normal 0 0 -1
    outer loop
      vertex -1.72351 -8.62273 0
      vertex 0.473038 -9.80779 0
      vertex 0.441559 -9.8761 0
    endloop
  endfacet
  facet normal 0 0 -1
    outer loop
      vertex -1.72351 -8.62273 0
      vertex 0.441559 -9.8761 0
      vertex 0.414062 -9.92799 0
    endloop
  endfacet
  facet normal 0 0 -1
    outer loop
      vertex -1.72351 -8.62273 0
      vertex 0.414062 -9.92799 0
      vertex 0.375763 -9.99319 0
    endloop
  endfacet
  facet normal 0 0 -1
    outer loop
      vertex -1.72351 -8.62273 0
      vertex 0.375763 -9.99319 0
      vertex 0.326462 -10.0714 0
    endloop
  endfacet
  facet normal 0 0 -1
    outer loop
      vertex -1.90361 -8.95264 0
      vertex 0.326462 -10.0714 0
      vertex 0.265167 -10.1619 0
    endloop
  endfacet
  facet normal 0 0 -1
    outer loop
      vertex -1.93915 -9.0495 0
      vertex 0.265167 -10.1619 0
      vertex 0.189651 -10.2634 0
    endloop
  endfacet
  facet normal 0 0 -1
    outer loop
      vertex -1.97626 -9.16664 0
      vertex 0.189651 -10.2634 0
      vertex 0.0998688 -10.3757 0
    endloop
  endfacet
  facet normal 0 0 -1
    outer loop
      vertex 2.62007 -9.21086 0
      vertex 4.58515e-07 -4.84974 0
      vertex 4.2 -2.42487 0
    endloop
  endfacet
  facet normal 0 -0 -1
    outer loop
      vertex -1.58363 -8.33295 0
      vertex 0.535538 -9.65852 0
      vertex -1.64182 -8.47185 0
    endloop
  endfacet
  facet normal 0 0 -1
    outer loop
      vertex -2.01433 -9.30331 0
      vertex 0.0998688 -10.3757 0
      vertex -0.00486755 -10.498 0
    endloop
  endfacet
  facet normal 0 0 -1
    outer loop
      vertex -2.05083 -9.45992 0
      vertex -0.00486755 -10.498 0
      vertex -0.127274 -10.6288 0
    endloop
  endfacet
  facet normal 0 0 -1
    outer loop
      vertex -2.08479 -9.6358 0
      vertex -0.127274 -10.6288 0
      vertex -0.266495 -10.7679 0
    endloop
  endfacet
  facet normal 0 0 -1
    outer loop
      vertex -2.11447 -9.83083 0
      vertex -0.266495 -10.7679 0
      vertex -0.424942 -10.9136 0
    endloop
  endfacet
  facet normal 0 0 -1
    outer loop
      vertex -2.13873 -10.0444 0
      vertex -0.424942 -10.9136 0
      vertex -0.602661 -11.0654 0
    endloop
  endfacet
  facet normal 0 0 -1
    outer loop
      vertex -2.15573 -10.2764 0
      vertex -0.602661 -11.0654 0
      vertex -0.801544 -11.2217 0
    endloop
  endfacet
  facet normal 0 0 -1
    outer loop
      vertex -2.16512 -10.5258 0
      vertex -0.801544 -11.2217 0
      vertex -1.02153 -11.3816 0
    endloop
  endfacet
  facet normal 0 0 -1
    outer loop
      vertex 1.04967 -8.75912 0
      vertex -1.23355 -7.80182 0
      vertex -1.28004 -7.57892 0
    endloop
  endfacet
  facet normal 0 0 -1
    outer loop
      vertex 1.04967 -8.75912 0
      vertex -1.28004 -7.57892 0
      vertex 4.58515e-07 -4.84974 0
    endloop
  endfacet
  facet normal 0 0 -1
    outer loop
      vertex -1.69402 -7.28632 0
      vertex 4.58515e-07 -4.84974 0
      vertex -1.28004 -7.57892 0
    endloop
  endfacet
  facet normal 0 0 -1
    outer loop
      vertex -2.09715 -6.96988 0
      vertex 4.58515e-07 -4.84974 0
      vertex -1.69402 -7.28632 0
    endloop
  endfacet
  facet normal 0 0 -1
    outer loop
      vertex -2.47374 -6.64287 0
      vertex 4.58515e-07 -4.84974 0
      vertex -2.09715 -6.96988 0
    endloop
  endfacet
  facet normal 0 0 -1
    outer loop
      vertex -2.54712 -6.57256 0
      vertex 4.58515e-07 -4.84974 0
      vertex -2.47374 -6.64287 0
    endloop
  endfacet
  facet normal 0 0 -1
    outer loop
      vertex -2.77428 -6.58025 0
      vertex -2.54712 -6.57256 0
      vertex -2.54837 -6.57581 0
    endloop
  endfacet
  facet normal 0 0 -1
    outer loop
      vertex -4.15527 -4.6283 0
      vertex -2.54712 -6.57256 0
      vertex -2.77428 -6.58025 0
    endloop
  endfacet
  facet normal 0 0 -1
    outer loop
      vertex -5.05479 -5.43742 0
      vertex -3.5327 -7.3652 0
      vertex -3.59747 -7.42165 0
    endloop
  endfacet
  facet normal 0 0 -1
    outer loop
      vertex -5.05479 -5.43742 0
      vertex -3.59747 -7.42165 0
      vertex -3.65207 -7.46359 0
    endloop
  endfacet
  facet normal 0 0 -1
    outer loop
      vertex -5.05479 -5.43742 0
      vertex -3.65207 -7.46359 0
      vertex -3.72198 -7.51421 0
    endloop
  endfacet
  facet normal 0 0 -1
    outer loop
      vertex -5.05479 -5.43742 0
      vertex -3.72198 -7.51421 0
      vertex -3.80922 -7.57147 0
    endloop
  endfacet
  facet normal 0 0 -1
    outer loop
      vertex -5.37849 -5.68715 0
      vertex -3.80922 -7.57147 0
      vertex -3.9142 -7.63477 0
    endloop
  endfacet
  facet normal 0 0 -1
    outer loop
      vertex -5.45776 -5.77393 0
      vertex -3.9142 -7.63477 0
      vertex -4.03777 -7.703 0
    endloop
  endfacet
  facet normal 0 0 -1
    outer loop
      vertex -3.5327 -7.3652 0
      vertex -4.90274 -5.32947 0
      vertex -4.77908 -5.22087 0
    endloop
  endfacet
  facet normal 0 0 -1
    outer loop
      vertex -2.54712 -6.57256 0
      vertex -4.15527 -4.6283 0
      vertex 4.58515e-07 -4.84974 0
    endloop
  endfacet
  facet normal 0 0 -1
    outer loop
      vertex -4.15527 -4.6283 0
      vertex -4.2 -2.42487 0
      vertex 4.58515e-07 -4.84974 0
    endloop
  endfacet
  facet normal 0 -0 -1
    outer loop
      vertex -4.2 -2.42487 0
      vertex -4.15527 -4.6283 0
      vertex -4.21837 -4.52953 0
    endloop
  endfacet
  facet normal -0 0 -1
    outer loop
      vertex 5.09323 10.4817 0
      vertex 5.08873 9.61867 0
      vertex 5.08775 10.6732 0
    endloop
  endfacet
  facet normal 0 -0 -1
    outer loop
      vertex 2.56627 10.9421 0
      vertex 4.98953 11.1658 0
      vertex 2.55608 10.8159 0
    endloop
  endfacet
  facet normal 0 -0 -1
    outer loop
      vertex 2.608 11.2447 0
      vertex 4.8927 11.456 0
      vertex 2.58368 11.0853 0
    endloop
  endfacet
  facet normal -0 0 -1
    outer loop
      vertex 4.8927 11.456 0
      vertex 2.608 11.2447 0
      vertex 4.82695 11.6221 0
    endloop
  endfacet
  facet normal -0 0 -1
    outer loop
      vertex 4.82695 11.6221 0
      vertex 2.64172 11.42 0
      vertex 4.74854 11.8013 0
    endloop
  endfacet
  facet normal -0 0 -1
    outer loop
      vertex 4.65646 11.993 0
      vertex 2.74197 11.8161 0
      vertex 4.54974 12.1965 0
    endloop
  endfacet
  facet normal 0 0 -1
    outer loop
      vertex 3.55014 12.985 0
      vertex 3.09915 12.7712 0
      vertex 3.17924 12.9384 0
    endloop
  endfacet
  facet normal 0 0 -1
    outer loop
      vertex 3.55014 12.985 0
      vertex 2.98721 12.5136 0
      vertex 3.09915 12.7712 0
    endloop
  endfacet
  facet normal 0 0 -1
    outer loop
      vertex 4.12726 12.8694 0
      vertex 3.55014 12.985 0
      vertex 4.02017 13.0155 0
    endloop
  endfacet
  facet normal 0 0 -1
    outer loop
      vertex 4.28548 12.6354 0
      vertex 3.55014 12.985 0
      vertex 4.12726 12.8694 0
    endloop
  endfacet
  facet normal -0 0 -1
    outer loop
      vertex 5.08775 10.6732 0
      vertex 2.56223 10.4432 0
      vertex 5.07744 10.7701 0
    endloop
  endfacet
  facet normal 0 0 -1
    outer loop
      vertex 2.74718 9.40152 0
      vertex 2.62007 9.21086 0
      vertex 2.62099 9.21408 0
    endloop
  endfacet
  facet normal 0 0 -1
    outer loop
      vertex -4.58515e-07 4.84974 0
      vertex 2.62007 9.21086 0
      vertex 4.2 2.42487 0
    endloop
  endfacet
  facet normal 0 0 -1
    outer loop
      vertex 2.62007 9.21086 0
      vertex -4.58515e-07 4.84974 0
      vertex 2.54944 9.19771 0
    endloop
  endfacet
  facet normal 0 0 -1
    outer loop
      vertex 2.54944 9.19771 0
      vertex -4.58515e-07 4.84974 0
      vertex 1.91833 9.04221 0
    endloop
  endfacet
  facet normal 0 0 -1
    outer loop
      vertex 1.91833 9.04221 0
      vertex -4.58515e-07 4.84974 0
      vertex 1.31558 8.85713 0
    endloop
  endfacet
  facet normal 0 0 -1
    outer loop
      vertex 1.31558 8.85713 0
      vertex -4.58515e-07 4.84974 0
      vertex 1.04967 8.75912 0
    endloop
  endfacet
  facet normal 0 0 -1
    outer loop
      vertex -1.58363 8.33295 0
      vertex 0.535538 9.65852 0
      vertex 0.84407 8.85721 0
    endloop
  endfacet
  facet normal 0 0 -1
    outer loop
      vertex -1.72351 8.62273 0
      vertex 0.535538 9.65852 0
      vertex -1.64182 8.47185 0
    endloop
  endfacet
  facet normal -0 0 -1
    outer loop
      vertex 0.535538 9.65852 0
      vertex -1.72351 8.62273 0
      vertex 0.459641 9.8383 0
    endloop
  endfacet
  facet normal -0 0 -1
    outer loop
      vertex 0.459641 9.8383 0
      vertex -1.72351 8.62273 0
      vertex 0.441559 9.8761 0
    endloop
  endfacet
  facet normal -0 0 -1
    outer loop
      vertex 0.441559 9.8761 0
      vertex -1.72351 8.62273 0
      vertex 0.414062 9.92799 0
    endloop
  endfacet
  facet normal -0 0 -1
    outer loop
      vertex 0.414062 9.92799 0
      vertex -1.72351 8.62273 0
      vertex 0.375763 9.99319 0
    endloop
  endfacet
  facet normal -0 0 -1
    outer loop
      vertex 0.375763 9.99319 0
      vertex -1.72351 8.62273 0
      vertex 0.326462 10.0714 0
    endloop
  endfacet
  facet normal 0 0 -1
    outer loop
      vertex -1.87181 8.87578 0
      vertex 0.326462 10.0714 0
      vertex -1.72351 8.62273 0
    endloop
  endfacet
  facet normal 0 0 -1
    outer loop
      vertex -1.28004 7.57892 0
      vertex 1.04967 8.75912 0
      vertex -4.58515e-07 4.84974 0
    endloop
  endfacet
  facet normal 0 -0 -1
    outer loop
      vertex -1.23355 7.80182 0
      vertex 1.04967 8.75912 0
      vertex -1.28004 7.57892 0
    endloop
  endfacet
  facet normal 0 0 -1
    outer loop
      vertex -1.58363 8.33295 0
      vertex 0.84407 8.85721 0
      vertex -1.23355 7.80182 0
    endloop
  endfacet
  facet normal 0 0 -1
    outer loop
      vertex 0.535538 9.65852 0
      vertex -1.58363 8.33295 0
      vertex -1.64182 8.47185 0
    endloop
  endfacet
  facet normal 0 0 -1
    outer loop
      vertex -1.90361 8.95264 0
      vertex 0.326462 10.0714 0
      vertex -1.87181 8.87578 0
    endloop
  endfacet
  facet normal -0 0 -1
    outer loop
      vertex 0.326462 10.0714 0
      vertex -1.90361 8.95264 0
      vertex 0.265167 10.1619 0
    endloop
  endfacet
  facet normal 0 0 -1
    outer loop
      vertex -1.93915 9.0495 0
      vertex 0.265167 10.1619 0
      vertex -1.90361 8.95264 0
    endloop
  endfacet
  facet normal 0 0 -1
    outer loop
      vertex -1.97626 9.16664 0
      vertex 0.189651 10.2634 0
      vertex -1.93915 9.0495 0
    endloop
  endfacet
  facet normal 0 0 -1
    outer loop
      vertex -2.01433 9.30331 0
      vertex 0.0998688 10.3757 0
      vertex -1.97626 9.16664 0
    endloop
  endfacet
  facet normal -0 0 -1
    outer loop
      vertex 0.0998688 10.3757 0
      vertex -2.01433 9.30331 0
      vertex -0.00486755 10.498 0
    endloop
  endfacet
  facet normal -0 0 -1
    outer loop
      vertex 1.04967 8.75912 0
      vertex -1.23355 7.80182 0
      vertex 0.84407 8.85721 0
    endloop
  endfacet
  facet normal 0 0 -1
    outer loop
      vertex -4.58515e-07 4.84974 0
      vertex -1.69402 7.28632 0
      vertex -1.28004 7.57892 0
    endloop
  endfacet
  facet normal 0 0 -1
    outer loop
      vertex -4.58515e-07 4.84974 0
      vertex -2.09715 6.96988 0
      vertex -1.69402 7.28632 0
    endloop
  endfacet
  facet normal 0 0 -1
    outer loop
      vertex -4.58515e-07 4.84974 0
      vertex -2.47374 6.64287 0
      vertex -2.09715 6.96988 0
    endloop
  endfacet
  facet normal 0 0 -1
    outer loop
      vertex -4.58515e-07 4.84974 0
      vertex -2.54712 6.57256 0
      vertex -2.47374 6.64287 0
    endloop
  endfacet
  facet normal 0 0 -1
    outer loop
      vertex -2.54712 6.57256 0
      vertex -2.77428 6.58025 0
      vertex -2.54837 6.57581 0
    endloop
  endfacet
  facet normal 0 0 -1
    outer loop
      vertex -4.15527 4.6283 0
      vertex -2.54712 6.57256 0
      vertex -4.58515e-07 4.84974 0
    endloop
  endfacet
  facet normal 0 0 -1
    outer loop
      vertex -4.77908 5.22087 0
      vertex -3.5327 7.3652 0
      vertex -2.77428 6.58025 0
    endloop
  endfacet
  facet normal 0 0 -1
    outer loop
      vertex -4.90274 5.32947 0
      vertex -3.5327 7.3652 0
      vertex -4.77908 5.22087 0
    endloop
  endfacet
  facet normal -0 0 -1
    outer loop
      vertex -3.5327 7.3652 0
      vertex -5.05479 5.43742 0
      vertex -3.59747 7.42165 0
    endloop
  endfacet
  facet normal -0 0 -1
    outer loop
      vertex -3.59747 7.42165 0
      vertex -5.05479 5.43742 0
      vertex -3.65207 7.46359 0
    endloop
  endfacet
  facet normal -0 0 -1
    outer loop
      vertex -3.65207 7.46359 0
      vertex -5.05479 5.43742 0
      vertex -3.72198 7.51421 0
    endloop
  endfacet
  facet normal -0 0 -1
    outer loop
      vertex -3.72198 7.51421 0
      vertex -5.05479 5.43742 0
      vertex -3.80922 7.57147 0
    endloop
  endfacet
  facet normal 0 0 -1
    outer loop
      vertex -4.20479 4.85188 0
      vertex -2.77428 6.58025 0
      vertex -4.15527 4.6283 0
    endloop
  endfacet
  facet normal -0 0 -1
    outer loop
      vertex -2.54712 6.57256 0
      vertex -4.15527 4.6283 0
      vertex -2.77428 6.58025 0
    endloop
  endfacet
  facet normal 0 0 -1
    outer loop
      vertex -4.2 2.42487 0
      vertex -4.15527 4.6283 0
      vertex -4.58515e-07 4.84974 0
    endloop
  endfacet
  facet normal 0 0 -1
    outer loop
      vertex -4.43034 -4.16095 0
      vertex -4.2 -2.42487 0
      vertex -4.21837 -4.52953 0
    endloop
  endfacet
  facet normal 0 0 -1
    outer loop
      vertex -4.2 2.42487 0
      vertex -4.21837 4.52953 0
      vertex -4.15527 4.6283 0
    endloop
  endfacet
  facet normal 0 0 -1
    outer loop
      vertex -4.62163 -3.78957 0
      vertex -4.2 -2.42487 0
      vertex -4.43034 -4.16095 0
    endloop
  endfacet
  facet normal 0 0 -1
    outer loop
      vertex -4.79285 -3.41585 0
      vertex -4.2 -2.42487 0
      vertex -4.62163 -3.78957 0
    endloop
  endfacet
  facet normal 0 0 -1
    outer loop
      vertex -4.2 2.42487 0
      vertex -4.43034 4.16095 0
      vertex -4.21837 4.52953 0
    endloop
  endfacet
  facet normal 0 0 -1
    outer loop
      vertex -4.88516 -3.18724 0
      vertex -4.2 -2.42487 0
      vertex -4.79285 -3.41585 0
    endloop
  endfacet
  facet normal 0 0 -1
    outer loop
      vertex -4.2 2.42487 0
      vertex -4.62163 3.78957 0
      vertex -4.43034 4.16095 0
    endloop
  endfacet
  facet normal 0 0 -1
    outer loop
      vertex -5.09418 -3.09622 0
      vertex -4.2 -2.42487 0
      vertex -4.88516 -3.18724 0
    endloop
  endfacet
  facet normal 0 0 -1
    outer loop
      vertex -4.2 2.42487 0
      vertex -4.79285 3.41585 0
      vertex -4.62163 3.78957 0
    endloop
  endfacet
  facet normal 0 0 -1
    outer loop
      vertex -5.55574 -0.879944 0
      vertex -4.2 -2.42487 0
      vertex -5.55092 -0.905971 0
    endloop
  endfacet
  facet normal 0 0 -1
    outer loop
      vertex -4.2 2.42487 0
      vertex -4.88516 3.18724 0
      vertex -4.79285 3.41585 0
    endloop
  endfacet
  facet normal 0 0 -1
    outer loop
      vertex -5.09418 -3.09622 0
      vertex -4.88516 -3.18724 0
      vertex -4.88829 -3.18929 0
    endloop
  endfacet
  facet normal 0 0 -1
    outer loop
      vertex -5.5942 -0.587667 0
      vertex -4.2 -2.42487 0
      vertex -5.59414 -0.58828 0
    endloop
  endfacet
  facet normal 0 0 -1
    outer loop
      vertex -5.60735 -0.976822 0
      vertex -4.2 -2.42487 0
      vertex -5.09418 -3.09622 0
    endloop
  endfacet
  facet normal 0 0 -1
    outer loop
      vertex -5.60735 0.976822 0
      vertex -4.2 2.42487 0
      vertex -5.55092 0.905971 0
    endloop
  endfacet
  facet normal 0 0 -1
    outer loop
      vertex -4.2 2.42487 0
      vertex -5.09418 3.09622 0
      vertex -4.88516 3.18724 0
    endloop
  endfacet
  facet normal 0 0 -1
    outer loop
      vertex -4.2 -2.42487 0
      vertex -5.60735 -0.976822 0
      vertex -5.55092 -0.905971 0
    endloop
  endfacet
  facet normal 0 0 -1
    outer loop
      vertex -6.30078 -1.05479 0
      vertex -5.09418 -3.09622 0
      vertex -5.85686 -3.38261 0
    endloop
  endfacet
  facet normal 0 0 -1
    outer loop
      vertex -6.46091 -1.09477 0
      vertex -5.85686 -3.38261 0
      vertex -6.01778 -3.43402 0
    endloop
  endfacet
  facet normal 0 0 -1
    outer loop
      vertex -6.64415 -1.12091 0
      vertex -6.01778 -3.43402 0
      vertex -6.1761 -3.49979 0
    endloop
  endfacet
  facet normal 0 0 -1
    outer loop
      vertex -6.28706 -3.53082 0
      vertex -6.1761 -3.49979 0
      vertex -6.23132 -3.51712 0
    endloop
  endfacet
  facet normal -0 0 -1
    outer loop
      vertex -6.1761 -3.49979 0
      vertex -6.28706 -3.53082 0
      vertex -6.64415 -1.12091 0
    endloop
  endfacet
  facet normal 0 0 -1
    outer loop
      vertex -5.09418 -3.09622 0
      vertex -6.30078 -1.05479 0
      vertex -5.60735 -0.976822 0
    endloop
  endfacet
  facet normal 0 0 -1
    outer loop
      vertex -6.64415 -1.12091 0
      vertex -6.28706 -3.53082 0
      vertex -6.36252 -3.54593 0
    endloop
  endfacet
  facet normal 0 0 -1
    outer loop
      vertex -6.64415 -1.12091 0
      vertex -6.36252 -3.54593 0
      vertex -6.4583 -3.56079 0
    endloop
  endfacet
  facet normal 0 0 -1
    outer loop
      vertex -5.85686 -3.38261 0
      vertex -6.46091 -1.09477 0
      vertex -6.30078 -1.05479 0
    endloop
  endfacet
  facet normal 0 0 -1
    outer loop
      vertex -7.03621 -1.19267 0
      vertex -6.4583 -3.56079 0
      vertex -6.57492 -3.57361 0
    endloop
  endfacet
  facet normal 0 0 -1
    outer loop
      vertex -6.01778 -3.43402 0
      vertex -6.64415 -1.12091 0
      vertex -6.46091 -1.09477 0
    endloop
  endfacet
  facet normal 0 0 -1
    outer loop
      vertex -7.14354 -1.2332 0
      vertex -6.57492 -3.57361 0
      vertex -6.71278 -3.58246 0
    endloop
  endfacet
  facet normal 0 0 -1
    outer loop
      vertex -6.4583 -3.56079 0
      vertex -7.03621 -1.19267 0
      vertex -6.64415 -1.12091 0
    endloop
  endfacet
  facet normal 0 0 -1
    outer loop
      vertex -7.26917 -1.28754 0
      vertex -6.71278 -3.58246 0
      vertex -6.87206 -3.58543 0
    endloop
  endfacet
  facet normal 0 0 -1
    outer loop
      vertex -6.64415 -1.12091 0
      vertex -6.87993 -1.14543 0
      vertex -6.8053 -1.12997 0
    endloop
  endfacet
  facet normal 0 0 -1
    outer loop
      vertex -6.64415 -1.12091 0
      vertex -6.9481 -1.16408 0
      vertex -6.87993 -1.14543 0
    endloop
  endfacet
  facet normal 0 0 -1
    outer loop
      vertex -6.64415 -1.12091 0
      vertex -7.03621 -1.19267 0
      vertex -6.9481 -1.16408 0
    endloop
  endfacet
  facet normal 0 0 -1
    outer loop
      vertex -7.41193 -1.35748 0
      vertex -6.87206 -3.58543 0
      vertex -7.05281 -3.58047 0
    endloop
  endfacet
  facet normal 0 0 -1
    outer loop
      vertex -6.57492 -3.57361 0
      vertex -7.14354 -1.2332 0
      vertex -7.03621 -1.19267 0
    endloop
  endfacet
  facet normal 0 0 -1
    outer loop
      vertex -7.57056 -1.44467 0
      vertex -7.05281 -3.58047 0
      vertex -7.25487 -3.56557 0
    endloop
  endfacet
  facet normal 0 0 -1
    outer loop
      vertex -6.71278 -3.58246 0
      vertex -7.26917 -1.28754 0
      vertex -7.14354 -1.2332 0
    endloop
  endfacet
  facet normal 0 0 -1
    outer loop
      vertex -6.87206 -3.58543 0
      vertex -7.41193 -1.35748 0
      vertex -7.26917 -1.28754 0
    endloop
  endfacet
  facet normal 0 0 -1
    outer loop
      vertex -7.74355 -1.55066 0
      vertex -7.25487 -3.56557 0
      vertex -7.47786 -3.5386 0
    endloop
  endfacet
  facet normal 0 0 -1
    outer loop
      vertex -7.05281 -3.58047 0
      vertex -7.57056 -1.44467 0
      vertex -7.41193 -1.35748 0
    endloop
  endfacet
  facet normal 0 0 -1
    outer loop
      vertex -7.92931 -1.67676 0
      vertex -7.47786 -3.5386 0
      vertex -7.72122 -3.49756 0
    endloop
  endfacet
  facet normal 0 0 -1
    outer loop
      vertex -7.25487 -3.56557 0
      vertex -7.74355 -1.55066 0
      vertex -7.57056 -1.44467 0
    endloop
  endfacet
  facet normal 0 0 -1
    outer loop
      vertex -7.47786 -3.5386 0
      vertex -7.92931 -1.67676 0
      vertex -7.74355 -1.55066 0
    endloop
  endfacet
  facet normal 0 0 -1
    outer loop
      vertex -8.12611 -1.82411 0
      vertex -7.72122 -3.49756 0
      vertex -7.98418 -3.44034 0
    endloop
  endfacet
  facet normal 0 0 -1
    outer loop
      vertex -7.72122 -3.49756 0
      vertex -8.12611 -1.82411 0
      vertex -7.92931 -1.67676 0
    endloop
  endfacet
  facet normal 0 0 -1
    outer loop
      vertex -8.33212 -1.99376 0
      vertex -7.98418 -3.44034 0
      vertex -8.2657 -3.36501 0
    endloop
  endfacet
  facet normal 0 0 -1
    outer loop
      vertex -7.98418 -3.44034 0
      vertex -8.33212 -1.99376 0
      vertex -8.12611 -1.82411 0
    endloop
  endfacet
  facet normal 0 0 -1
    outer loop
      vertex -8.2657 -3.36501 0
      vertex -8.54546 -2.18655 0
      vertex -8.33212 -1.99376 0
    endloop
  endfacet
  facet normal 0 0 -1
    outer loop
      vertex -8.79163 -2.70674 0
      vertex -8.2657 -3.36501 0
      vertex -8.56459 -3.26968 0
    endloop
  endfacet
  facet normal 0 0 -1
    outer loop
      vertex -8.79163 -2.70674 0
      vertex -8.56459 -3.26968 0
      vertex -8.65819 -3.23488 0
    endloop
  endfacet
  facet normal 0 0 -1
    outer loop
      vertex -8.2657 -3.36501 0
      vertex -8.79163 -2.70674 0
      vertex -8.54546 -2.18655 0
    endloop
  endfacet
  facet normal 0 0 -1
    outer loop
      vertex -8.54546 -2.18655 0
      vertex -8.79163 -2.70674 0
      vertex -8.76416 -2.40311 0
    endloop
  endfacet
  facet normal 0 0 -1
    outer loop
      vertex -8.76416 -2.40311 0
      vertex -8.79163 -2.70674 0
      vertex -8.83759 -2.4827 0
    endloop
  endfacet
  facet normal 0 -0 -1
    outer loop
      vertex 3.55014 12.985 0
      vertex 4.28548 12.6354 0
      vertex 2.98721 12.5136 0
    endloop
  endfacet
  facet normal -0 0 -1
    outer loop
      vertex 4.54974 12.1965 0
      vertex 2.80984 12.0354 0
      vertex 4.42606 12.4108 0
    endloop
  endfacet
  facet normal 0 -0 -1
    outer loop
      vertex 2.98721 12.5136 0
      vertex 4.28548 12.6354 0
      vertex 2.89111 12.2681 0
    endloop
  endfacet
  facet normal -0 0 -1
    outer loop
      vertex 4.42606 12.4108 0
      vertex 2.89111 12.2681 0
      vertex 4.28548 12.6354 0
    endloop
  endfacet
  facet normal -0 0 -1
    outer loop
      vertex 4.74854 11.8013 0
      vertex 2.68604 11.6107 0
      vertex 4.65646 11.993 0
    endloop
  endfacet
  facet normal 0 -0 -1
    outer loop
      vertex 2.89111 12.2681 0
      vertex 4.42606 12.4108 0
      vertex 2.80984 12.0354 0
    endloop
  endfacet
  facet normal 0 -0 -1
    outer loop
      vertex 2.80984 12.0354 0
      vertex 4.54974 12.1965 0
      vertex 2.74197 11.8161 0
    endloop
  endfacet
  facet normal 0 -0 -1
    outer loop
      vertex 2.74197 11.8161 0
      vertex 4.65646 11.993 0
      vertex 2.68604 11.6107 0
    endloop
  endfacet
  facet normal -0 0 -1
    outer loop
      vertex 4.94679 11.3037 0
      vertex 2.58368 11.0853 0
      vertex 4.8927 11.456 0
    endloop
  endfacet
  facet normal 0 -0 -1
    outer loop
      vertex 2.68604 11.6107 0
      vertex 4.74854 11.8013 0
      vertex 2.64172 11.42 0
    endloop
  endfacet
  facet normal -0 0 -1
    outer loop
      vertex 4.98953 11.1658 0
      vertex 2.56627 10.9421 0
      vertex 4.94679 11.3037 0
    endloop
  endfacet
  facet normal 0 -0 -1
    outer loop
      vertex 2.64172 11.42 0
      vertex 4.82695 11.6221 0
      vertex 2.608 11.2447 0
    endloop
  endfacet
  facet normal 0 -0 -1
    outer loop
      vertex 2.58368 11.0853 0
      vertex 4.94679 11.3037 0
      vertex 2.56627 10.9421 0
    endloop
  endfacet
  facet normal 0 0 -1
    outer loop
      vertex -4.2 -2.42487 0
      vertex -5.55574 -0.879944 0
      vertex -5.59414 -0.58828 0
    endloop
  endfacet
  facet normal 0 0 -1
    outer loop
      vertex -5.61728 -0.294388 0
      vertex -4.2 -2.42487 0
      vertex -5.5942 -0.587667 0
    endloop
  endfacet
  facet normal 0 -0 -1
    outer loop
      vertex -5.55574 0.879944 0
      vertex -4.2 2.42487 0
      vertex -5.59414 0.58828 0
    endloop
  endfacet
  facet normal 0 0 -1
    outer loop
      vertex -4.2 2.42487 0
      vertex -5.55574 0.879944 0
      vertex -5.55092 0.905971 0
    endloop
  endfacet
  facet normal 0 0 -1
    outer loop
      vertex -5.5942 -0.587667 0
      vertex -5.59414 -0.58828 0
      vertex -5.59418 -0.587972 0
    endloop
  endfacet
  facet normal 0 0 -1
    outer loop
      vertex -5.625 0 0
      vertex -4.2 -2.42487 0
      vertex -5.61728 -0.294388 0
    endloop
  endfacet
  facet normal 0 0 -1
    outer loop
      vertex -4.2 2.42487 0
      vertex -5.5942 0.587667 0
      vertex -5.59414 0.58828 0
    endloop
  endfacet
  facet normal 0 0 -1
    outer loop
      vertex -5.59414 0.58828 0
      vertex -5.5942 0.587667 0
      vertex -5.59418 0.587972 0
    endloop
  endfacet
  facet normal 0 0 -1
    outer loop
      vertex -4.2 -2.42487 0
      vertex -5.625 0 0
      vertex -4.2 2.42487 0
    endloop
  endfacet
  facet normal 0 0 -1
    outer loop
      vertex -4.2 2.42487 0
      vertex -5.61728 0.294388 0
      vertex -5.5942 0.587667 0
    endloop
  endfacet
  facet normal 0 0 -1
    outer loop
      vertex -4.2 2.42487 0
      vertex -5.625 0 0
      vertex -5.61728 0.294388 0
    endloop
  endfacet
  facet normal -0 0 -1
    outer loop
      vertex -4.88516 3.18724 0
      vertex -5.09418 3.09622 0
      vertex -4.88829 3.18929 0
    endloop
  endfacet
  facet normal -0 0 -1
    outer loop
      vertex -4.2 2.42487 0
      vertex -5.60735 0.976822 0
      vertex -5.09418 3.09622 0
    endloop
  endfacet
  facet normal 0 0 -1
    outer loop
      vertex -6.30078 1.05479 0
      vertex -5.09418 3.09622 0
      vertex -5.60735 0.976822 0
    endloop
  endfacet
  facet normal -0 0 -1
    outer loop
      vertex -5.09418 3.09622 0
      vertex -6.30078 1.05479 0
      vertex -5.85686 3.38261 0
    endloop
  endfacet
  facet normal 0 0 -1
    outer loop
      vertex -6.46091 1.09477 0
      vertex -5.85686 3.38261 0
      vertex -6.30078 1.05479 0
    endloop
  endfacet
  facet normal -0 0 -1
    outer loop
      vertex -5.85686 3.38261 0
      vertex -6.46091 1.09477 0
      vertex -6.01778 3.43402 0
    endloop
  endfacet
  facet normal 0 0 -1
    outer loop
      vertex -6.64415 1.12091 0
      vertex -6.01778 3.43402 0
      vertex -6.46091 1.09477 0
    endloop
  endfacet
  facet normal -0 0 -1
    outer loop
      vertex -6.01778 3.43402 0
      vertex -6.64415 1.12091 0
      vertex -6.1761 3.49979 0
    endloop
  endfacet
  facet normal 0 -0 -1
    outer loop
      vertex -6.28706 3.53082 0
      vertex -6.1761 3.49979 0
      vertex -6.64415 1.12091 0
    endloop
  endfacet
  facet normal 0 0 -1
    outer loop
      vertex -6.1761 3.49979 0
      vertex -6.28706 3.53082 0
      vertex -6.23132 3.51712 0
    endloop
  endfacet
  facet normal -0 0 -1
    outer loop
      vertex -6.28706 3.53082 0
      vertex -6.64415 1.12091 0
      vertex -6.36252 3.54593 0
    endloop
  endfacet
  facet normal -0 0 -1
    outer loop
      vertex -6.36252 3.54593 0
      vertex -6.64415 1.12091 0
      vertex -6.4583 3.56079 0
    endloop
  endfacet
  facet normal 0 0 -1
    outer loop
      vertex -7.03621 1.19267 0
      vertex -6.4583 3.56079 0
      vertex -6.64415 1.12091 0
    endloop
  endfacet
  facet normal -0 0 -1
    outer loop
      vertex -6.4583 3.56079 0
      vertex -7.03621 1.19267 0
      vertex -6.57492 3.57361 0
    endloop
  endfacet
  facet normal 0 0 -1
    outer loop
      vertex -6.87993 1.14543 0
      vertex -6.64415 1.12091 0
      vertex -6.8053 1.12997 0
    endloop
  endfacet
  facet normal 0 0 -1
    outer loop
      vertex -6.9481 1.16408 0
      vertex -6.64415 1.12091 0
      vertex -6.87993 1.14543 0
    endloop
  endfacet
  facet normal 0 0 -1
    outer loop
      vertex -7.03621 1.19267 0
      vertex -6.64415 1.12091 0
      vertex -6.9481 1.16408 0
    endloop
  endfacet
  facet normal 0 0 -1
    outer loop
      vertex -7.14354 1.2332 0
      vertex -6.57492 3.57361 0
      vertex -7.03621 1.19267 0
    endloop
  endfacet
  facet normal -0 0 -1
    outer loop
      vertex -6.57492 3.57361 0
      vertex -7.14354 1.2332 0
      vertex -6.71278 3.58246 0
    endloop
  endfacet
  facet normal 0 0 -1
    outer loop
      vertex -7.26917 1.28754 0
      vertex -6.71278 3.58246 0
      vertex -7.14354 1.2332 0
    endloop
  endfacet
  facet normal -0 0 -1
    outer loop
      vertex -6.71278 3.58246 0
      vertex -7.26917 1.28754 0
      vertex -6.87206 3.58543 0
    endloop
  endfacet
  facet normal 0 0 -1
    outer loop
      vertex -7.41193 1.35748 0
      vertex -6.87206 3.58543 0
      vertex -7.26917 1.28754 0
    endloop
  endfacet
  facet normal 0 0 -1
    outer loop
      vertex -6.87206 3.58543 0
      vertex -7.41193 1.35748 0
      vertex -7.05281 3.58047 0
    endloop
  endfacet
  facet normal 0 0 -1
    outer loop
      vertex -7.57056 1.44467 0
      vertex -7.05281 3.58047 0
      vertex -7.41193 1.35748 0
    endloop
  endfacet
  facet normal 0 0 -1
    outer loop
      vertex -7.05281 3.58047 0
      vertex -7.57056 1.44467 0
      vertex -7.25487 3.56557 0
    endloop
  endfacet
  facet normal 0 0 -1
    outer loop
      vertex -7.74355 1.55066 0
      vertex -7.25487 3.56557 0
      vertex -7.57056 1.44467 0
    endloop
  endfacet
  facet normal 0 0 -1
    outer loop
      vertex -7.25487 3.56557 0
      vertex -7.74355 1.55066 0
      vertex -7.47786 3.5386 0
    endloop
  endfacet
  facet normal 0 0 -1
    outer loop
      vertex -7.92931 1.67676 0
      vertex -7.47786 3.5386 0
      vertex -7.74355 1.55066 0
    endloop
  endfacet
  facet normal 0 0 -1
    outer loop
      vertex -7.47786 3.5386 0
      vertex -7.92931 1.67676 0
      vertex -7.72122 3.49756 0
    endloop
  endfacet
  facet normal 0 0 -1
    outer loop
      vertex -8.12611 1.82411 0
      vertex -7.72122 3.49756 0
      vertex -7.92931 1.67676 0
    endloop
  endfacet
  facet normal 0 0 -1
    outer loop
      vertex -7.72122 3.49756 0
      vertex -8.12611 1.82411 0
      vertex -7.98418 3.44034 0
    endloop
  endfacet
  facet normal 0 0 -1
    outer loop
      vertex -8.33212 1.99376 0
      vertex -7.98418 3.44034 0
      vertex -8.12611 1.82411 0
    endloop
  endfacet
  facet normal 0 0 -1
    outer loop
      vertex -7.98418 3.44034 0
      vertex -8.33212 1.99376 0
      vertex -8.2657 3.36501 0
    endloop
  endfacet
  facet normal 0 0 -1
    outer loop
      vertex -8.54546 2.18655 0
      vertex -8.2657 3.36501 0
      vertex -8.33212 1.99376 0
    endloop
  endfacet
  facet normal 0 0 -1
    outer loop
      vertex -8.79163 2.70674 0
      vertex -8.2657 3.36501 0
      vertex -8.54546 2.18655 0
    endloop
  endfacet
  facet normal 0 0 -1
    outer loop
      vertex -8.2657 3.36501 0
      vertex -8.79163 2.70674 0
      vertex -8.56459 3.26968 0
    endloop
  endfacet
  facet normal 0 0 -1
    outer loop
      vertex -8.79163 2.70674 0
      vertex -8.54546 2.18655 0
      vertex -8.76416 2.40311 0
    endloop
  endfacet
  facet normal 0 0 -1
    outer loop
      vertex -8.56459 3.26968 0
      vertex -8.79163 2.70674 0
      vertex -8.65819 3.23488 0
    endloop
  endfacet
  facet normal 0 -0 -1
    outer loop
      vertex -8.79163 2.70674 0
      vertex -8.76416 2.40311 0
      vertex -8.83759 2.4827 0
    endloop
  endfacet
  facet normal 0 0 -1
    outer loop
      vertex -2.77428 -6.58025 0
      vertex -4.20479 -4.85188 0
      vertex -4.15527 -4.6283 0
    endloop
  endfacet
  facet normal 0 0 -1
    outer loop
      vertex -5.54671 -5.88051 0
      vertex -4.03777 -7.703 0
      vertex -4.18164 -7.77405 0
    endloop
  endfacet
  facet normal 0 0 -1
    outer loop
      vertex -4.15527 -4.6283 0
      vertex -4.20479 -4.85188 0
      vertex -4.15762 -4.63091 0
    endloop
  endfacet
  facet normal 0 0 -1
    outer loop
      vertex -5.64351 -6.00758 0
      vertex -4.18164 -7.77405 0
      vertex -4.34596 -7.84717 0
    endloop
  endfacet
  facet normal 0 0 -1
    outer loop
      vertex -5.74649 -6.15538 0
      vertex -4.34596 -7.84717 0
      vertex -4.53162 -7.92076 0
    endloop
  endfacet
  facet normal 0 0 -1
    outer loop
      vertex -5.8537 -6.32445 0
      vertex -4.53162 -7.92076 0
      vertex -4.7394 -7.99312 0
    endloop
  endfacet
  facet normal 0 0 -1
    outer loop
      vertex -2.77428 -6.58025 0
      vertex -4.77908 -5.22087 0
      vertex -4.20479 -4.85188 0
    endloop
  endfacet
  facet normal 0 0 -1
    outer loop
      vertex -3.5327 -7.3652 0
      vertex -4.77908 -5.22087 0
      vertex -2.77428 -6.58025 0
    endloop
  endfacet
  facet normal 0 0 -1
    outer loop
      vertex -5.96329 -6.51505 0
      vertex -4.7394 -7.99312 0
      vertex -4.97028 -8.06215 0
    endloop
  endfacet
  facet normal 0 0 -1
    outer loop
      vertex -3.5327 -7.3652 0
      vertex -5.05479 -5.43742 0
      vertex -4.90274 -5.32947 0
    endloop
  endfacet
  facet normal 0 0 -1
    outer loop
      vertex -3.80922 -7.57147 0
      vertex -5.37849 -5.68715 0
      vertex -5.05479 -5.43742 0
    endloop
  endfacet
  facet normal 0 0 -1
    outer loop
      vertex -6.07344 -6.72729 0
      vertex -4.97028 -8.06215 0
      vertex -5.22446 -8.1263 0
    endloop
  endfacet
  facet normal 0 -0 -1
    outer loop
      vertex -5.25612 -5.5695 0
      vertex -5.05479 -5.43742 0
      vertex -5.3107 -5.61935 0
    endloop
  endfacet
  facet normal 0 0 -1
    outer loop
      vertex -5.05479 -5.43742 0
      vertex -5.25612 -5.5695 0
      vertex -5.19315 -5.51878 0
    endloop
  endfacet
  facet normal 0 0 -1
    outer loop
      vertex -5.05479 -5.43742 0
      vertex -5.37849 -5.68715 0
      vertex -5.3107 -5.61935 0
    endloop
  endfacet
  facet normal 0 0 -1
    outer loop
      vertex -3.9142 -7.63477 0
      vertex -5.45776 -5.77393 0
      vertex -5.37849 -5.68715 0
    endloop
  endfacet
  facet normal 0 0 -1
    outer loop
      vertex -6.18248 -6.96106 0
      vertex -5.22446 -8.1263 0
      vertex -5.50233 -8.18361 0
    endloop
  endfacet
  facet normal 0 0 -1
    outer loop
      vertex -4.03777 -7.703 0
      vertex -5.54671 -5.88051 0
      vertex -5.45776 -5.77393 0
    endloop
  endfacet
  facet normal 0 0 -1
    outer loop
      vertex -4.18164 -7.77405 0
      vertex -5.64351 -6.00758 0
      vertex -5.54671 -5.88051 0
    endloop
  endfacet
  facet normal 0 0 -1
    outer loop
      vertex -4.34596 -7.84717 0
      vertex -5.74649 -6.15538 0
      vertex -5.64351 -6.00758 0
    endloop
  endfacet
  facet normal 0 0 -1
    outer loop
      vertex -6.23299 -7.89003 0
      vertex -5.50233 -8.18361 0
      vertex -5.80417 -8.23203 0
    endloop
  endfacet
  facet normal 0 0 -1
    outer loop
      vertex -4.53162 -7.92076 0
      vertex -5.8537 -6.32445 0
      vertex -5.74649 -6.15538 0
    endloop
  endfacet
  facet normal 0 0 -1
    outer loop
      vertex -6.23299 -7.89003 0
      vertex -5.80417 -8.23203 0
      vertex -5.92683 -8.24609 0
    endloop
  endfacet
  facet normal 0 0 -1
    outer loop
      vertex -4.7394 -7.99312 0
      vertex -5.96329 -6.51505 0
      vertex -5.8537 -6.32445 0
    endloop
  endfacet
  facet normal 0 0 -1
    outer loop
      vertex -4.97028 -8.06215 0
      vertex -6.07344 -6.72729 0
      vertex -5.96329 -6.51505 0
    endloop
  endfacet
  facet normal 0 0 -1
    outer loop
      vertex -5.22446 -8.1263 0
      vertex -6.18248 -6.96106 0
      vertex -6.07344 -6.72729 0
    endloop
  endfacet
  facet normal 0 0 -1
    outer loop
      vertex -5.50233 -8.18361 0
      vertex -6.23299 -7.89003 0
      vertex -6.28912 -7.21567 0
    endloop
  endfacet
  facet normal 0 0 -1
    outer loop
      vertex -5.50233 -8.18361 0
      vertex -6.28912 -7.21567 0
      vertex -6.18248 -6.96106 0
    endloop
  endfacet
  facet normal 0 0 -1
    outer loop
      vertex -6.23299 -7.89003 0
      vertex -6.39122 -7.49159 0
      vertex -6.28912 -7.21567 0
    endloop
  endfacet
  facet normal 0 -0 -1
    outer loop
      vertex -6.39122 -7.49159 0
      vertex -6.23299 -7.89003 0
      vertex -6.43599 -7.62985 0
    endloop
  endfacet
  facet normal 0 0 -1
    outer loop
      vertex -2.00085 -11.3319 0
      vertex -1.02153 -11.3816 0
      vertex -1.265 -11.5432 0
    endloop
  endfacet
  facet normal 0 0 -1
    outer loop
      vertex -2.00085 -11.3319 0
      vertex -1.265 -11.5432 0
      vertex -1.40402 -11.628 0
    endloop
  endfacet
  facet normal 0 0 -1
    outer loop
      vertex 0.535538 -9.65852 0
      vertex -1.58363 -8.33295 0
      vertex 0.84407 -8.85721 0
    endloop
  endfacet
  facet normal 0 0 -1
    outer loop
      vertex 0.84407 -8.85721 0
      vertex -1.58363 -8.33295 0
      vertex -1.23355 -7.80182 0
    endloop
  endfacet
  facet normal 0 0 -1
    outer loop
      vertex 0.535538 -9.65852 0
      vertex -1.72351 -8.62273 0
      vertex -1.64182 -8.47185 0
    endloop
  endfacet
  facet normal 0 0 -1
    outer loop
      vertex 0.0998688 -10.3757 0
      vertex -2.01433 -9.30331 0
      vertex -1.97626 -9.16664 0
    endloop
  endfacet
  facet normal 0 0 -1
    outer loop
      vertex 0.326462 -10.0714 0
      vertex -1.90361 -8.95264 0
      vertex -1.87181 -8.87578 0
    endloop
  endfacet
  facet normal 0 0 -1
    outer loop
      vertex -1.82661 -8.78146 0
      vertex -1.87181 -8.87578 0
      vertex -1.84572 -8.8187 0
    endloop
  endfacet
  facet normal 0 0 -1
    outer loop
      vertex -1.72351 -8.62273 0
      vertex -1.87181 -8.87578 0
      vertex -1.82661 -8.78146 0
    endloop
  endfacet
  facet normal 0 0 -1
    outer loop
      vertex 0.326462 -10.0714 0
      vertex -1.87181 -8.87578 0
      vertex -1.72351 -8.62273 0
    endloop
  endfacet
  facet normal 0 0 -1
    outer loop
      vertex 0.265167 -10.1619 0
      vertex -1.93915 -9.0495 0
      vertex -1.90361 -8.95264 0
    endloop
  endfacet
  facet normal 0 0 -1
    outer loop
      vertex -1.02153 -11.3816 0
      vertex -2.00085 -11.3319 0
      vertex -2.16434 -10.7928 0
    endloop
  endfacet
  facet normal 0 0 -1
    outer loop
      vertex 0.189651 -10.2634 0
      vertex -1.97626 -9.16664 0
      vertex -1.93915 -9.0495 0
    endloop
  endfacet
  facet normal 0 0 -1
    outer loop
      vertex -0.00486755 -10.498 0
      vertex -2.05083 -9.45992 0
      vertex -2.01433 -9.30331 0
    endloop
  endfacet
  facet normal 0 0 -1
    outer loop
      vertex -0.127274 -10.6288 0
      vertex -2.08479 -9.6358 0
      vertex -2.05083 -9.45992 0
    endloop
  endfacet
  facet normal 0 0 -1
    outer loop
      vertex -0.266495 -10.7679 0
      vertex -2.11447 -9.83083 0
      vertex -2.08479 -9.6358 0
    endloop
  endfacet
  facet normal 0 0 -1
    outer loop
      vertex -0.424942 -10.9136 0
      vertex -2.13873 -10.0444 0
      vertex -2.11447 -9.83083 0
    endloop
  endfacet
  facet normal 0 0 -1
    outer loop
      vertex -2.15346 -11.0761 0
      vertex -2.00085 -11.3319 0
      vertex -2.13998 -11.2536 0
    endloop
  endfacet
  facet normal 0 0 -1
    outer loop
      vertex -2.16434 -10.7928 0
      vertex -2.00085 -11.3319 0
      vertex -2.15346 -11.0761 0
    endloop
  endfacet
  facet normal 0 0 -1
    outer loop
      vertex -0.602661 -11.0654 0
      vertex -2.15573 -10.2764 0
      vertex -2.13873 -10.0444 0
    endloop
  endfacet
  facet normal 0 0 -1
    outer loop
      vertex -1.02153 -11.3816 0
      vertex -2.16434 -10.7928 0
      vertex -2.16512 -10.5258 0
    endloop
  endfacet
  facet normal 0 0 -1
    outer loop
      vertex -0.801544 -11.2217 0
      vertex -2.16512 -10.5258 0
      vertex -2.15573 -10.2764 0
    endloop
  endfacet
  facet normal -0 0 -1
    outer loop
      vertex 1.05037 8.76501 0
      vertex 1.04967 8.75912 0
      vertex 0.84407 8.85721 0
    endloop
  endfacet
  facet normal -0 0 -1
    outer loop
      vertex -0.00486755 10.498 0
      vertex -2.05083 9.45992 0
      vertex -0.127274 10.6288 0
    endloop
  endfacet
  facet normal 0 0 -1
    outer loop
      vertex -2.08479 9.6358 0
      vertex -0.127274 10.6288 0
      vertex -2.05083 9.45992 0
    endloop
  endfacet
  facet normal -0 0 -1
    outer loop
      vertex 0.189651 10.2634 0
      vertex -1.97626 9.16664 0
      vertex 0.0998688 10.3757 0
    endloop
  endfacet
  facet normal 0 0 -1
    outer loop
      vertex -2.11447 9.83083 0
      vertex -0.266495 10.7679 0
      vertex -2.08479 9.6358 0
    endloop
  endfacet
  facet normal 0 0 -1
    outer loop
      vertex -2.13873 10.0444 0
      vertex -0.424942 10.9136 0
      vertex -2.11447 9.83083 0
    endloop
  endfacet
  facet normal 0 0 -1
    outer loop
      vertex -1.87181 8.87578 0
      vertex -1.72351 8.62273 0
      vertex -1.82661 8.78146 0
    endloop
  endfacet
  facet normal 0 0 -1
    outer loop
      vertex -1.87181 8.87578 0
      vertex -1.82661 8.78146 0
      vertex -1.84572 8.8187 0
    endloop
  endfacet
  facet normal -0 0 -1
    outer loop
      vertex 0.265167 10.1619 0
      vertex -1.93915 9.0495 0
      vertex 0.189651 10.2634 0
    endloop
  endfacet
  facet normal 0 0 -1
    outer loop
      vertex -2.05083 9.45992 0
      vertex -0.00486755 10.498 0
      vertex -2.01433 9.30331 0
    endloop
  endfacet
  facet normal -0 0 -1
    outer loop
      vertex -0.127274 10.6288 0
      vertex -2.08479 9.6358 0
      vertex -0.266495 10.7679 0
    endloop
  endfacet
  facet normal -0 0 -1
    outer loop
      vertex -0.266495 10.7679 0
      vertex -2.11447 9.83083 0
      vertex -0.424942 10.9136 0
    endloop
  endfacet
  facet normal -0 0 -1
    outer loop
      vertex -0.424942 10.9136 0
      vertex -2.13873 10.0444 0
      vertex -0.602661 11.0654 0
    endloop
  endfacet
  facet normal 0 0 -1
    outer loop
      vertex -2.15573 10.2764 0
      vertex -0.602661 11.0654 0
      vertex -2.13873 10.0444 0
    endloop
  endfacet
  facet normal -0 0 -1
    outer loop
      vertex -0.602661 11.0654 0
      vertex -2.15573 10.2764 0
      vertex -0.801544 11.2217 0
    endloop
  endfacet
  facet normal 0 0 -1
    outer loop
      vertex -2.16512 10.5258 0
      vertex -0.801544 11.2217 0
      vertex -2.15573 10.2764 0
    endloop
  endfacet
  facet normal -0 0 -1
    outer loop
      vertex -0.801544 11.2217 0
      vertex -2.16512 10.5258 0
      vertex -1.02153 11.3816 0
    endloop
  endfacet
  facet normal 0 -0 -1
    outer loop
      vertex -2.16434 10.7928 0
      vertex -1.02153 11.3816 0
      vertex -2.16512 10.5258 0
    endloop
  endfacet
  facet normal 0 -0 -1
    outer loop
      vertex -2.00085 11.3319 0
      vertex -1.02153 11.3816 0
      vertex -2.16434 10.7928 0
    endloop
  endfacet
  facet normal 0 0 -1
    outer loop
      vertex -2.00085 11.3319 0
      vertex -2.15346 11.0761 0
      vertex -2.13998 11.2536 0
    endloop
  endfacet
  facet normal -0 0 -1
    outer loop
      vertex -1.02153 11.3816 0
      vertex -2.00085 11.3319 0
      vertex -1.265 11.5432 0
    endloop
  endfacet
  facet normal 0 0 -1
    outer loop
      vertex -2.00085 11.3319 0
      vertex -2.16434 10.7928 0
      vertex -2.15346 11.0761 0
    endloop
  endfacet
  facet normal -0 0 -1
    outer loop
      vertex -1.265 11.5432 0
      vertex -2.00085 11.3319 0
      vertex -1.40402 11.628 0
    endloop
  endfacet
  facet normal 0 0 -1
    outer loop
      vertex -4.20479 4.85188 0
      vertex -4.15527 4.6283 0
      vertex -4.15762 4.63091 0
    endloop
  endfacet
  facet normal 0 0 -1
    outer loop
      vertex -4.77908 5.22087 0
      vertex -2.77428 6.58025 0
      vertex -4.20479 4.85188 0
    endloop
  endfacet
  facet normal 0 0 -1
    outer loop
      vertex -5.05479 5.43742 0
      vertex -3.5327 7.3652 0
      vertex -4.90274 5.32947 0
    endloop
  endfacet
  facet normal 0 0 -1
    outer loop
      vertex -5.37849 5.68715 0
      vertex -3.80922 7.57147 0
      vertex -5.05479 5.43742 0
    endloop
  endfacet
  facet normal -0 0 -1
    outer loop
      vertex -3.80922 7.57147 0
      vertex -5.37849 5.68715 0
      vertex -3.9142 7.63477 0
    endloop
  endfacet
  facet normal 0 0 -1
    outer loop
      vertex -5.45776 5.77393 0
      vertex -3.9142 7.63477 0
      vertex -5.37849 5.68715 0
    endloop
  endfacet
  facet normal -0 0 -1
    outer loop
      vertex -3.9142 7.63477 0
      vertex -5.45776 5.77393 0
      vertex -4.03777 7.703 0
    endloop
  endfacet
  facet normal 0 0 -1
    outer loop
      vertex -5.54671 5.88051 0
      vertex -4.03777 7.703 0
      vertex -5.45776 5.77393 0
    endloop
  endfacet
  facet normal -0 0 -1
    outer loop
      vertex -4.03777 7.703 0
      vertex -5.54671 5.88051 0
      vertex -4.18164 7.77405 0
    endloop
  endfacet
  facet normal 0 0 -1
    outer loop
      vertex -5.64351 6.00758 0
      vertex -4.18164 7.77405 0
      vertex -5.54671 5.88051 0
    endloop
  endfacet
  facet normal 0 0 -1
    outer loop
      vertex -5.25612 5.5695 0
      vertex -5.05479 5.43742 0
      vertex -5.19315 5.51878 0
    endloop
  endfacet
  facet normal 0 0 -1
    outer loop
      vertex -5.37849 5.68715 0
      vertex -5.05479 5.43742 0
      vertex -5.3107 5.61935 0
    endloop
  endfacet
  facet normal 0 0 -1
    outer loop
      vertex -5.05479 5.43742 0
      vertex -5.25612 5.5695 0
      vertex -5.3107 5.61935 0
    endloop
  endfacet
  facet normal -0 0 -1
    outer loop
      vertex -4.18164 7.77405 0
      vertex -5.64351 6.00758 0
      vertex -4.34596 7.84717 0
    endloop
  endfacet
  facet normal 0 0 -1
    outer loop
      vertex -5.74649 6.15538 0
      vertex -4.34596 7.84717 0
      vertex -5.64351 6.00758 0
    endloop
  endfacet
  facet normal -0 0 -1
    outer loop
      vertex -4.34596 7.84717 0
      vertex -5.74649 6.15538 0
      vertex -4.53162 7.92076 0
    endloop
  endfacet
  facet normal 0 0 -1
    outer loop
      vertex -5.8537 6.32445 0
      vertex -4.53162 7.92076 0
      vertex -5.74649 6.15538 0
    endloop
  endfacet
  facet normal -0 0 -1
    outer loop
      vertex -4.53162 7.92076 0
      vertex -5.8537 6.32445 0
      vertex -4.7394 7.99312 0
    endloop
  endfacet
  facet normal 0 0 -1
    outer loop
      vertex -5.96329 6.51505 0
      vertex -4.7394 7.99312 0
      vertex -5.8537 6.32445 0
    endloop
  endfacet
  facet normal -0 0 -1
    outer loop
      vertex -4.7394 7.99312 0
      vertex -5.96329 6.51505 0
      vertex -4.97028 8.06215 0
    endloop
  endfacet
  facet normal 0 0 -1
    outer loop
      vertex -6.07344 6.72729 0
      vertex -4.97028 8.06215 0
      vertex -5.96329 6.51505 0
    endloop
  endfacet
  facet normal -0 0 -1
    outer loop
      vertex -4.97028 8.06215 0
      vertex -6.07344 6.72729 0
      vertex -5.22446 8.1263 0
    endloop
  endfacet
  facet normal 0 0 -1
    outer loop
      vertex -6.18248 6.96106 0
      vertex -5.22446 8.1263 0
      vertex -6.07344 6.72729 0
    endloop
  endfacet
  facet normal -0 0 -1
    outer loop
      vertex -5.22446 8.1263 0
      vertex -6.18248 6.96106 0
      vertex -5.50233 8.18361 0
    endloop
  endfacet
  facet normal 0 0 -1
    outer loop
      vertex -6.28912 7.21567 0
      vertex -5.50233 8.18361 0
      vertex -6.18248 6.96106 0
    endloop
  endfacet
  facet normal 0 -0 -1
    outer loop
      vertex -6.23299 7.89003 0
      vertex -5.50233 8.18361 0
      vertex -6.28912 7.21567 0
    endloop
  endfacet
  facet normal -0 0 -1
    outer loop
      vertex -5.50233 8.18361 0
      vertex -6.23299 7.89003 0
      vertex -5.80417 8.23203 0
    endloop
  endfacet
  facet normal -0 0 -1
    outer loop
      vertex -5.80417 8.23203 0
      vertex -6.23299 7.89003 0
      vertex -5.92683 8.24609 0
    endloop
  endfacet
  facet normal 0 0 -1
    outer loop
      vertex -6.39122 7.49159 0
      vertex -6.23299 7.89003 0
      vertex -6.28912 7.21567 0
    endloop
  endfacet
  facet normal 0 0 -1
    outer loop
      vertex -6.23299 7.89003 0
      vertex -6.39122 7.49159 0
      vertex -6.43599 7.62985 0
    endloop
  endfacet
  facet normal -0.608762 -0.793353 0
    outer loop
      vertex 0.875 1.51554 14
      vertex 1.23744 1.23744 5.89787
      vertex 1.23744 1.23744 14
    endloop
  endfacet
  facet normal -0.608762 -0.793353 0
    outer loop
      vertex 1.23744 1.23744 5.89787
      vertex 0.875 1.51554 14
      vertex 0.875 1.51554 5.82902
    endloop
  endfacet
  facet normal -0.382683 -0.92388 0
    outer loop
      vertex 0.452933 1.69037 5.89787
      vertex 0.875 1.51554 14
      vertex 0.452933 1.69037 14
    endloop
  endfacet
  facet normal -0.382683 -0.92388 -0
    outer loop
      vertex 0.875 1.51554 14
      vertex 0.452933 1.69037 5.89787
      vertex 0.875 1.51554 5.82902
    endloop
  endfacet
  facet normal 0.608761 -0.793354 0
    outer loop
      vertex -1.23744 1.23744 5.89787
      vertex -0.874999 1.51554 14
      vertex -1.23744 1.23744 14
    endloop
  endfacet
  facet normal 0.608761 -0.793354 0
    outer loop
      vertex -0.874999 1.51554 14
      vertex -1.23744 1.23744 5.89787
      vertex -0.874999 1.51554 5.82902
    endloop
  endfacet
  facet normal 0 0 1
    outer loop
      vertex 3 0 16
      vertex 5.625 0 16
      vertex 5.61728 0.294388 16
    endloop
  endfacet
  facet normal -0 0 1
    outer loop
      vertex 2.97433 0.391578 16
      vertex 5.61728 0.294388 16
      vertex 5.59418 0.587967 16
    endloop
  endfacet
  facet normal 0 0 1
    outer loop
      vertex 5.625 0 16
      vertex 3 0 16
      vertex 5.61728 -0.294388 16
    endloop
  endfacet
  facet normal 0 0 1
    outer loop
      vertex 2.97433 0.391578 16
      vertex 5.59418 0.587967 16
      vertex 5.55574 0.879944 16
    endloop
  endfacet
  facet normal 0 0 1
    outer loop
      vertex 2.97433 -0.391578 16
      vertex 5.61728 -0.294388 16
      vertex 3 0 16
    endloop
  endfacet
  facet normal 0 0 1
    outer loop
      vertex 2.97433 0.391578 16
      vertex 5.55574 0.879944 16
      vertex 5.50208 1.16949 16
    endloop
  endfacet
  facet normal 0 0 1
    outer loop
      vertex 5.61728 -0.294388 16
      vertex 2.97433 -0.391578 16
      vertex 5.59418 -0.587967 16
    endloop
  endfacet
  facet normal 0 0 1
    outer loop
      vertex 2.89778 0.776457 16
      vertex 5.50208 1.16949 16
      vertex 5.43332 1.45586 16
    endloop
  endfacet
  facet normal 0 0 1
    outer loop
      vertex 5.59418 -0.587967 16
      vertex 2.97433 -0.391578 16
      vertex 5.55574 -0.879944 16
    endloop
  endfacet
  facet normal 0 0 1
    outer loop
      vertex 2.89778 0.776457 16
      vertex 5.43332 1.45586 16
      vertex 5.34969 1.73822 16
    endloop
  endfacet
  facet normal 0 0 1
    outer loop
      vertex 5.55574 -0.879944 16
      vertex 2.97433 -0.391578 16
      vertex 5.50208 -1.16949 16
    endloop
  endfacet
  facet normal 0 0 1
    outer loop
      vertex 2.77164 1.14805 16
      vertex 5.34969 1.73822 16
      vertex 5.25139 2.01581 16
    endloop
  endfacet
  facet normal -0 0 1
    outer loop
      vertex 2.89778 -0.776457 16
      vertex 5.50208 -1.16949 16
      vertex 2.97433 -0.391578 16
    endloop
  endfacet
  facet normal 0 0 1
    outer loop
      vertex 2.77164 1.14805 16
      vertex 5.25139 2.01581 16
      vertex 5.13869 2.28789 16
    endloop
  endfacet
  facet normal 0 0 1
    outer loop
      vertex 5.50208 -1.16949 16
      vertex 2.89778 -0.776457 16
      vertex 5.43332 -1.45586 16
    endloop
  endfacet
  facet normal 0 0 1
    outer loop
      vertex 2.77164 1.14805 16
      vertex 5.13869 2.28789 16
      vertex 5.0119 2.5537 16
    endloop
  endfacet
  facet normal 0 0 1
    outer loop
      vertex 5.43332 -1.45586 16
      vertex 2.89778 -0.776457 16
      vertex 5.34969 -1.73822 16
    endloop
  endfacet
  facet normal 0 0 1
    outer loop
      vertex 2.59808 1.5 16
      vertex 5.0119 2.5537 16
      vertex 4.87138 2.81248 16
    endloop
  endfacet
  facet normal -0 0 1
    outer loop
      vertex 2.77164 -1.14805 16
      vertex 5.34969 -1.73822 16
      vertex 2.89778 -0.776457 16
    endloop
  endfacet
  facet normal 0 0 1
    outer loop
      vertex 2.59808 1.5 16
      vertex 4.87138 2.81248 16
      vertex 4.71751 3.06358 16
    endloop
  endfacet
  facet normal 0 0 1
    outer loop
      vertex 5.34969 -1.73822 16
      vertex 2.77164 -1.14805 16
      vertex 5.25139 -2.01581 16
    endloop
  endfacet
  facet normal 0 0 1
    outer loop
      vertex 2.38006 1.82628 16
      vertex 4.71751 3.06358 16
      vertex 4.55072 3.30629 16
    endloop
  endfacet
  facet normal 0 0 1
    outer loop
      vertex 5.25139 -2.01581 16
      vertex 2.77164 -1.14805 16
      vertex 5.13869 -2.28789 16
    endloop
  endfacet
  facet normal 0 0 1
    outer loop
      vertex 2.38006 1.82628 16
      vertex 4.55072 3.30629 16
      vertex 4.37144 3.53992 16
    endloop
  endfacet
  facet normal 0 0 1
    outer loop
      vertex 5.13869 -2.28789 16
      vertex 2.77164 -1.14805 16
      vertex 5.0119 -2.5537 16
    endloop
  endfacet
  facet normal 0 0 1
    outer loop
      vertex 2.38006 1.82628 16
      vertex 4.37144 3.53992 16
      vertex 4.26675 3.66249 16
    endloop
  endfacet
  facet normal -0 0 1
    outer loop
      vertex 2.59808 -1.5 16
      vertex 5.0119 -2.5537 16
      vertex 2.77164 -1.14805 16
    endloop
  endfacet
  facet normal 0 0 1
    outer loop
      vertex 5.0119 -2.5537 16
      vertex 2.59808 -1.5 16
      vertex 4.87138 -2.81248 16
    endloop
  endfacet
  facet normal 0 0 1
    outer loop
      vertex 5.61728 0.294388 16
      vertex 2.97433 0.391578 16
      vertex 3 0 16
    endloop
  endfacet
  facet normal 0 0 1
    outer loop
      vertex 5.50208 1.16949 16
      vertex 2.89778 0.776457 16
      vertex 2.97433 0.391578 16
    endloop
  endfacet
  facet normal 0 0 1
    outer loop
      vertex 5.34969 1.73822 16
      vertex 2.77164 1.14805 16
      vertex 2.89778 0.776457 16
    endloop
  endfacet
  facet normal 0 0 1
    outer loop
      vertex 5.0119 2.5537 16
      vertex 2.59808 1.5 16
      vertex 2.77164 1.14805 16
    endloop
  endfacet
  facet normal 0 0 1
    outer loop
      vertex 4.71751 3.06358 16
      vertex 2.38006 1.82628 16
      vertex 2.59808 1.5 16
    endloop
  endfacet
  facet normal 0 0 1
    outer loop
      vertex 4.26675 3.66249 16
      vertex 2.12132 2.12132 16
      vertex 2.38006 1.82628 16
    endloop
  endfacet
  facet normal 0 0 1
    outer loop
      vertex 4.26675 3.66249 16
      vertex 1.82628 2.38006 16
      vertex 2.12132 2.12132 16
    endloop
  endfacet
  facet normal 0 0 1
    outer loop
      vertex 4.26675 3.66249 16
      vertex 1.5 2.59808 16
      vertex 1.82628 2.38006 16
    endloop
  endfacet
  facet normal 0 0 1
    outer loop
      vertex 4.26675 3.66249 16
      vertex 1.14805 2.77164 16
      vertex 1.5 2.59808 16
    endloop
  endfacet
  facet normal 0 0 1
    outer loop
      vertex 4.26675 3.66249 16
      vertex 0.776457 2.89778 16
      vertex 1.14805 2.77164 16
    endloop
  endfacet
  facet normal 0 0 1
    outer loop
      vertex 4.26675 3.66249 16
      vertex 0.391578 2.97433 16
      vertex 0.776457 2.89778 16
    endloop
  endfacet
  facet normal 0 0 1
    outer loop
      vertex 4.26675 3.66249 16
      vertex 0 3 16
      vertex 0.391578 2.97433 16
    endloop
  endfacet
  facet normal -0 0 1
    outer loop
      vertex -4.26675 3.66249 16
      vertex 0 3 16
      vertex 4.26675 3.66249 16
    endloop
  endfacet
  facet normal -0 0 1
    outer loop
      vertex -4.87138 2.81248 16
      vertex -2.59808 1.5 16
      vertex -4.71751 3.06358 16
    endloop
  endfacet
  facet normal 0 0 1
    outer loop
      vertex -2.38006 1.82628 16
      vertex -4.71751 3.06358 16
      vertex -2.59808 1.5 16
    endloop
  endfacet
  facet normal -0 0 1
    outer loop
      vertex -4.71751 3.06358 16
      vertex -2.38006 1.82628 16
      vertex -4.55072 3.30629 16
    endloop
  endfacet
  facet normal -0 0 1
    outer loop
      vertex -4.55072 3.30629 16
      vertex -2.38006 1.82628 16
      vertex -4.37144 3.53992 16
    endloop
  endfacet
  facet normal -0 0 1
    outer loop
      vertex -4.37144 3.53992 16
      vertex -2.38006 1.82628 16
      vertex -4.26675 3.66249 16
    endloop
  endfacet
  facet normal 0 0 1
    outer loop
      vertex -2.12132 2.12132 16
      vertex -4.26675 3.66249 16
      vertex -2.38006 1.82628 16
    endloop
  endfacet
  facet normal 0 0 1
    outer loop
      vertex -1.82628 2.38006 16
      vertex -4.26675 3.66249 16
      vertex -2.12132 2.12132 16
    endloop
  endfacet
  facet normal 0 0 1
    outer loop
      vertex -1.5 2.59808 16
      vertex -4.26675 3.66249 16
      vertex -1.82628 2.38006 16
    endloop
  endfacet
  facet normal 0 0 1
    outer loop
      vertex -1.14805 2.77164 16
      vertex -4.26675 3.66249 16
      vertex -1.5 2.59808 16
    endloop
  endfacet
  facet normal 0 0 1
    outer loop
      vertex -0.776457 2.89778 16
      vertex -4.26675 3.66249 16
      vertex -1.14805 2.77164 16
    endloop
  endfacet
  facet normal 0 0 1
    outer loop
      vertex -0.391578 2.97433 16
      vertex -4.26675 3.66249 16
      vertex -0.776457 2.89778 16
    endloop
  endfacet
  facet normal 0 0 1
    outer loop
      vertex 0 3 16
      vertex -4.26675 3.66249 16
      vertex -0.391578 2.97433 16
    endloop
  endfacet
  facet normal 0 0 1
    outer loop
      vertex 4.87138 -2.81248 16
      vertex 2.59808 -1.5 16
      vertex 4.71751 -3.06358 16
    endloop
  endfacet
  facet normal -0 0 1
    outer loop
      vertex 2.38006 -1.82628 16
      vertex 4.71751 -3.06358 16
      vertex 2.59808 -1.5 16
    endloop
  endfacet
  facet normal 0 0 1
    outer loop
      vertex 4.71751 -3.06358 16
      vertex 2.38006 -1.82628 16
      vertex 4.55072 -3.30629 16
    endloop
  endfacet
  facet normal 0 0 1
    outer loop
      vertex 4.55072 -3.30629 16
      vertex 2.38006 -1.82628 16
      vertex 4.37144 -3.53992 16
    endloop
  endfacet
  facet normal 0 0 1
    outer loop
      vertex 4.37144 -3.53992 16
      vertex 2.38006 -1.82628 16
      vertex 4.26675 -3.66249 16
    endloop
  endfacet
  facet normal -0 0 1
    outer loop
      vertex 2.12132 -2.12132 16
      vertex 4.26675 -3.66249 16
      vertex 2.38006 -1.82628 16
    endloop
  endfacet
  facet normal -0 0 1
    outer loop
      vertex 1.82628 -2.38006 16
      vertex 4.26675 -3.66249 16
      vertex 2.12132 -2.12132 16
    endloop
  endfacet
  facet normal -0 0 1
    outer loop
      vertex 1.5 -2.59808 16
      vertex 4.26675 -3.66249 16
      vertex 1.82628 -2.38006 16
    endloop
  endfacet
  facet normal -0 0 1
    outer loop
      vertex 1.14805 -2.77164 16
      vertex 4.26675 -3.66249 16
      vertex 1.5 -2.59808 16
    endloop
  endfacet
  facet normal -0 0 1
    outer loop
      vertex 0.776457 -2.89778 16
      vertex 4.26675 -3.66249 16
      vertex 1.14805 -2.77164 16
    endloop
  endfacet
  facet normal -0 0 1
    outer loop
      vertex 0.391578 -2.97433 16
      vertex 4.26675 -3.66249 16
      vertex 0.776457 -2.89778 16
    endloop
  endfacet
  facet normal -0 0 1
    outer loop
      vertex 0 -3 16
      vertex 4.26675 -3.66249 16
      vertex 0.391578 -2.97433 16
    endloop
  endfacet
  facet normal 0 0 1
    outer loop
      vertex -4.26675 -3.66249 16
      vertex 0 -3 16
      vertex -0.391578 -2.97433 16
    endloop
  endfacet
  facet normal -0 0 1
    outer loop
      vertex -5.0119 2.5537 16
      vertex -2.59808 1.5 16
      vertex -4.87138 2.81248 16
    endloop
  endfacet
  facet normal 0 0 1
    outer loop
      vertex -2.59808 1.5 16
      vertex -5.0119 2.5537 16
      vertex -2.77164 1.14805 16
    endloop
  endfacet
  facet normal 0 0 1
    outer loop
      vertex 0 -3 16
      vertex -4.26675 -3.66249 16
      vertex 4.26675 -3.66249 16
    endloop
  endfacet
  facet normal 0 0 1
    outer loop
      vertex -0.776457 -2.89778 16
      vertex -4.26675 -3.66249 16
      vertex -0.391578 -2.97433 16
    endloop
  endfacet
  facet normal 0 0 1
    outer loop
      vertex -1.14805 -2.77164 16
      vertex -4.26675 -3.66249 16
      vertex -0.776457 -2.89778 16
    endloop
  endfacet
  facet normal 0 0 1
    outer loop
      vertex -1.5 -2.59808 16
      vertex -4.26675 -3.66249 16
      vertex -1.14805 -2.77164 16
    endloop
  endfacet
  facet normal 0 0 1
    outer loop
      vertex -1.82628 -2.38006 16
      vertex -4.26675 -3.66249 16
      vertex -1.5 -2.59808 16
    endloop
  endfacet
  facet normal 0 0 1
    outer loop
      vertex -2.12132 -2.12132 16
      vertex -4.26675 -3.66249 16
      vertex -1.82628 -2.38006 16
    endloop
  endfacet
  facet normal 0 0 1
    outer loop
      vertex -2.38006 -1.82628 16
      vertex -4.26675 -3.66249 16
      vertex -2.12132 -2.12132 16
    endloop
  endfacet
  facet normal 0 0 1
    outer loop
      vertex -4.71751 -3.06358 16
      vertex -2.38006 -1.82628 16
      vertex -2.59808 -1.5 16
    endloop
  endfacet
  facet normal 0 0 1
    outer loop
      vertex -5.0119 -2.5537 16
      vertex -2.59808 -1.5 16
      vertex -2.77164 -1.14805 16
    endloop
  endfacet
  facet normal 0 0 1
    outer loop
      vertex -5.34969 -1.73822 16
      vertex -2.77164 -1.14805 16
      vertex -2.89778 -0.776457 16
    endloop
  endfacet
  facet normal -0 0 1
    outer loop
      vertex -5.13869 2.28789 16
      vertex -2.77164 1.14805 16
      vertex -5.0119 2.5537 16
    endloop
  endfacet
  facet normal -0 0 1
    outer loop
      vertex -5.25139 2.01581 16
      vertex -2.77164 1.14805 16
      vertex -5.13869 2.28789 16
    endloop
  endfacet
  facet normal -0 0 1
    outer loop
      vertex -5.34969 1.73822 16
      vertex -2.77164 1.14805 16
      vertex -5.25139 2.01581 16
    endloop
  endfacet
  facet normal 0 0 1
    outer loop
      vertex -2.38006 -1.82628 16
      vertex -4.55072 -3.30629 16
      vertex -4.37144 -3.53992 16
    endloop
  endfacet
  facet normal 0 0 1
    outer loop
      vertex -2.38006 -1.82628 16
      vertex -4.37144 -3.53992 16
      vertex -4.26675 -3.66249 16
    endloop
  endfacet
  facet normal 0 0 1
    outer loop
      vertex -2.77164 1.14805 16
      vertex -5.34969 1.73822 16
      vertex -2.89778 0.776457 16
    endloop
  endfacet
  facet normal 0 0 1
    outer loop
      vertex -2.38006 -1.82628 16
      vertex -4.71751 -3.06358 16
      vertex -4.55072 -3.30629 16
    endloop
  endfacet
  facet normal -0 0 1
    outer loop
      vertex -5.43332 1.45586 16
      vertex -2.89778 0.776457 16
      vertex -5.34969 1.73822 16
    endloop
  endfacet
  facet normal 0 0 1
    outer loop
      vertex -2.59808 -1.5 16
      vertex -4.87138 -2.81248 16
      vertex -4.71751 -3.06358 16
    endloop
  endfacet
  facet normal -0 0 1
    outer loop
      vertex -5.50208 1.16949 16
      vertex -2.89778 0.776457 16
      vertex -5.43332 1.45586 16
    endloop
  endfacet
  facet normal 0 0 1
    outer loop
      vertex -2.59808 -1.5 16
      vertex -5.0119 -2.5537 16
      vertex -4.87138 -2.81248 16
    endloop
  endfacet
  facet normal 0 0 1
    outer loop
      vertex -2.89778 0.776457 16
      vertex -5.50208 1.16949 16
      vertex -2.97433 0.391578 16
    endloop
  endfacet
  facet normal 0 0 1
    outer loop
      vertex -2.77164 -1.14805 16
      vertex -5.13869 -2.28789 16
      vertex -5.0119 -2.5537 16
    endloop
  endfacet
  facet normal -0 0 1
    outer loop
      vertex -5.55574 0.879944 16
      vertex -2.97433 0.391578 16
      vertex -5.50208 1.16949 16
    endloop
  endfacet
  facet normal 0 0 1
    outer loop
      vertex -2.77164 -1.14805 16
      vertex -5.25139 -2.01581 16
      vertex -5.13869 -2.28789 16
    endloop
  endfacet
  facet normal -0 0 1
    outer loop
      vertex -5.59418 0.587967 16
      vertex -2.97433 0.391578 16
      vertex -5.55574 0.879944 16
    endloop
  endfacet
  facet normal 0 0 1
    outer loop
      vertex -2.77164 -1.14805 16
      vertex -5.34969 -1.73822 16
      vertex -5.25139 -2.01581 16
    endloop
  endfacet
  facet normal 0 0 1
    outer loop
      vertex -5.61728 0.294388 16
      vertex -2.97433 0.391578 16
      vertex -5.59418 0.587967 16
    endloop
  endfacet
  facet normal 0 0 1
    outer loop
      vertex -2.89778 -0.776457 16
      vertex -5.43332 -1.45586 16
      vertex -5.34969 -1.73822 16
    endloop
  endfacet
  facet normal 0 0 1
    outer loop
      vertex -2.97433 0.391578 16
      vertex -5.61728 0.294388 16
      vertex -3 0 16
    endloop
  endfacet
  facet normal 0 0 1
    outer loop
      vertex -2.89778 -0.776457 16
      vertex -5.50208 -1.16949 16
      vertex -5.43332 -1.45586 16
    endloop
  endfacet
  facet normal 0 0 1
    outer loop
      vertex -5.625 0 16
      vertex -3 0 16
      vertex -5.61728 0.294388 16
    endloop
  endfacet
  facet normal 0 0 1
    outer loop
      vertex -2.97433 -0.391578 16
      vertex -5.50208 -1.16949 16
      vertex -2.89778 -0.776457 16
    endloop
  endfacet
  facet normal 0 -0 1
    outer loop
      vertex -5.61728 -0.294388 16
      vertex -3 0 16
      vertex -5.625 0 16
    endloop
  endfacet
  facet normal 0 -0 1
    outer loop
      vertex -5.50208 -1.16949 16
      vertex -2.97433 -0.391578 16
      vertex -5.55574 -0.879944 16
    endloop
  endfacet
  facet normal 0 0 1
    outer loop
      vertex -3 0 16
      vertex -5.61728 -0.294388 16
      vertex -2.97433 -0.391578 16
    endloop
  endfacet
  facet normal 0 -0 1
    outer loop
      vertex -5.55574 -0.879944 16
      vertex -2.97433 -0.391578 16
      vertex -5.59418 -0.587967 16
    endloop
  endfacet
  facet normal 0 -0 1
    outer loop
      vertex -5.59418 -0.587967 16
      vertex -2.97433 -0.391578 16
      vertex -5.61728 -0.294388 16
    endloop
  endfacet
  facet normal 0.130527 -0.991445 -2.73359e-09
    outer loop
      vertex -0.452933 1.69037 14
      vertex -1.65452e-07 1.75 6.09974
      vertex 0 1.75 14
    endloop
  endfacet
  facet normal 0.130528 -0.991445 0
    outer loop
      vertex -1.65452e-07 1.75 6.09974
      vertex -0.452933 1.69037 14
      vertex -0.452933 1.69037 5.89787
    endloop
  endfacet
  facet normal 0 -1 -0
    outer loop
      vertex 0 1.75 14
      vertex -1.65452e-07 1.75 6.09974
      vertex 0 1.75 6.09974
    endloop
  endfacet
  facet normal -0.92388 0.382683 0
    outer loop
      vertex 1.51554 -0.875 6.09974
      vertex 1.69037 -0.452933 14
      vertex 1.69037 -0.452933 5.89787
    endloop
  endfacet
  facet normal -0.92388 0.382683 2.88721e-09
    outer loop
      vertex 1.51554 -0.875 6.09974
      vertex 1.51554 -0.875 14
      vertex 1.69037 -0.452933 14
    endloop
  endfacet
  facet normal 0.608762 0.793353 0
    outer loop
      vertex -0.875 -1.51554 14
      vertex -1.23744 -1.23744 5.89787
      vertex -1.23744 -1.23744 14
    endloop
  endfacet
  facet normal 0.608762 0.793353 0
    outer loop
      vertex -1.23744 -1.23744 5.89787
      vertex -0.875 -1.51554 14
      vertex -0.875 -1.51554 5.82902
    endloop
  endfacet
  facet normal 0.991445 0.130527 -0
    outer loop
      vertex -1.69037 -0.452933 5.89787
      vertex -1.75 0 14
      vertex -1.69037 -0.452933 14
    endloop
  endfacet
  facet normal 0.991445 0.130527 0
    outer loop
      vertex -1.75 0 14
      vertex -1.69037 -0.452933 5.89787
      vertex -1.75 0 5.82902
    endloop
  endfacet
  facet normal -0.793354 -0.608761 0
    outer loop
      vertex 1.51554 0.875 6.09974
      vertex 1.23744 1.23744 14
      vertex 1.23744 1.23744 5.89787
    endloop
  endfacet
  facet normal -0.8 -0.6 -0
    outer loop
      vertex 1.51554 0.874999 14
      vertex 1.51554 0.875 6.09974
      vertex 1.51554 0.874999 6.09974
    endloop
  endfacet
  facet normal -0.793354 -0.608761 -8.29664e-10
    outer loop
      vertex 1.51554 0.875 6.09974
      vertex 1.51554 0.874999 14
      vertex 1.23744 1.23744 14
    endloop
  endfacet
  facet normal -0.923879 -0.382684 -0
    outer loop
      vertex 1.69037 0.452933 14
      vertex 1.51554 0.874999 6.09974
      vertex 1.69037 0.452933 5.89787
    endloop
  endfacet
  facet normal -0.923879 -0.382684 0
    outer loop
      vertex 1.51554 0.874999 6.09974
      vertex 1.69037 0.452933 14
      vertex 1.51554 0.874999 14
    endloop
  endfacet
  facet normal 0.793354 -0.608761 0
    outer loop
      vertex -1.23744 1.23744 14
      vertex -1.51554 0.875 6.09974
      vertex -1.23744 1.23744 5.89787
    endloop
  endfacet
  facet normal 0.793354 -0.608761 1.95571e-09
    outer loop
      vertex -1.51554 0.874999 14
      vertex -1.51554 0.875 6.09974
      vertex -1.23744 1.23744 14
    endloop
  endfacet
  facet normal 0.780869 -0.624695 0
    outer loop
      vertex -1.51554 0.875 6.09974
      vertex -1.51554 0.874999 14
      vertex -1.51554 0.874999 6.09974
    endloop
  endfacet
  facet normal 0.923879 -0.382684 0
    outer loop
      vertex -1.69037 0.452933 14
      vertex -1.51554 0.874999 6.09974
      vertex -1.51554 0.874999 14
    endloop
  endfacet
  facet normal 0.923879 -0.382684 0
    outer loop
      vertex -1.51554 0.874999 6.09974
      vertex -1.69037 0.452933 14
      vertex -1.69037 0.452933 5.89787
    endloop
  endfacet
  facet normal 0.382684 -0.923879 0
    outer loop
      vertex -0.874999 1.51554 14
      vertex -0.452933 1.69037 5.89787
      vertex -0.452933 1.69037 14
    endloop
  endfacet
  facet normal 0.382684 -0.923879 0
    outer loop
      vertex -0.452933 1.69037 5.89787
      vertex -0.874999 1.51554 14
      vertex -0.874999 1.51554 5.82902
    endloop
  endfacet
  facet normal -0.991445 0.130527 0
    outer loop
      vertex 1.69037 -0.452933 5.89787
      vertex 1.75 0 14
      vertex 1.75 0 5.82902
    endloop
  endfacet
  facet normal -0.991445 0.130527 0
    outer loop
      vertex 1.75 0 14
      vertex 1.69037 -0.452933 5.89787
      vertex 1.69037 -0.452933 14
    endloop
  endfacet
  facet normal -0.130527 0.991445 -2.73359e-09
    outer loop
      vertex 0.452933 -1.69037 14
      vertex 1.65452e-07 -1.75 6.09974
      vertex 0 -1.75 14
    endloop
  endfacet
  facet normal -0.130528 0.991445 0
    outer loop
      vertex 1.65452e-07 -1.75 6.09974
      vertex 0.452933 -1.69037 14
      vertex 0.452933 -1.69037 5.89787
    endloop
  endfacet
  facet normal 0 1 0
    outer loop
      vertex 0 -1.75 14
      vertex 1.65452e-07 -1.75 6.09974
      vertex 0 -1.75 6.09974
    endloop
  endfacet
  facet normal -0.608762 0.793353 0
    outer loop
      vertex 1.23744 -1.23744 5.89787
      vertex 0.875 -1.51554 14
      vertex 1.23744 -1.23744 14
    endloop
  endfacet
  facet normal -0.608762 0.793353 0
    outer loop
      vertex 0.875 -1.51554 14
      vertex 1.23744 -1.23744 5.89787
      vertex 0.875 -1.51554 5.82902
    endloop
  endfacet
  facet normal 0.382683 0.92388 -0
    outer loop
      vertex -0.452933 -1.69037 5.89787
      vertex -0.875 -1.51554 14
      vertex -0.452933 -1.69037 14
    endloop
  endfacet
  facet normal 0.382683 0.92388 0
    outer loop
      vertex -0.875 -1.51554 14
      vertex -0.452933 -1.69037 5.89787
      vertex -0.875 -1.51554 5.82902
    endloop
  endfacet
  facet normal 0.923879 0.382684 -0
    outer loop
      vertex -1.51554 -0.874999 6.09974
      vertex -1.69037 -0.452933 14
      vertex -1.51554 -0.874999 14
    endloop
  endfacet
  facet normal 0.923879 0.382684 0
    outer loop
      vertex -1.69037 -0.452933 14
      vertex -1.51554 -0.874999 6.09974
      vertex -1.69037 -0.452933 5.89787
    endloop
  endfacet
  facet normal -0.382683 0.92388 0
    outer loop
      vertex 0.875 -1.51554 14
      vertex 0.452933 -1.69037 5.89787
      vertex 0.452933 -1.69037 14
    endloop
  endfacet
  facet normal -0.382683 0.92388 0
    outer loop
      vertex 0.452933 -1.69037 5.89787
      vertex 0.875 -1.51554 14
      vertex 0.875 -1.51554 5.82902
    endloop
  endfacet
  facet normal -0.793353 0.608762 0
    outer loop
      vertex 1.23744 -1.23744 14
      vertex 1.51554 -0.875 6.09974
      vertex 1.23744 -1.23744 5.89787
    endloop
  endfacet
  facet normal -0.793353 0.608762 0
    outer loop
      vertex 1.51554 -0.875 6.09974
      vertex 1.23744 -1.23744 14
      vertex 1.51554 -0.875 14
    endloop
  endfacet
  facet normal -0.846691 -0.0554961 0.529182
    outer loop
      vertex 1.75 0 14
      vertex 3 0 16
      vertex 1.73503 0.22842 14
    endloop
  endfacet
  facet normal 0.846691 0.0554961 0.529182
    outer loop
      vertex -1.73503 -0.22842 14
      vertex -1.75 0 14
      vertex -3 0 16
    endloop
  endfacet
  facet normal 0.0554961 -0.846691 0.529182
    outer loop
      vertex 0 1.75 14
      vertex 0 3 16
      vertex -0.22842 1.73503 14
    endloop
  endfacet
  facet normal -0.846691 0.055497 0.529182
    outer loop
      vertex 2.97433 -0.391578 16
      vertex 3 0 16
      vertex 1.73503 -0.22842 14
    endloop
  endfacet
  facet normal -0.0554961 0.846691 0.529182
    outer loop
      vertex 0.22842 -1.73503 14
      vertex 0 -1.75 14
      vertex 0 -3 16
    endloop
  endfacet
  facet normal 0.846691 -0.055497 0.529182
    outer loop
      vertex -1.73503 0.22842 14
      vertex -2.97433 0.391578 16
      vertex -3 0 16
    endloop
  endfacet
  facet normal -0.761004 -0.375285 0.529182
    outer loop
      vertex 2.77164 1.14805 16
      vertex 2.59808 1.5 16
      vertex 1.61679 0.669696 14
    endloop
  endfacet
  facet normal -0.803478 0.272744 0.529182
    outer loop
      vertex 2.77164 -1.14805 16
      vertex 2.89778 -0.776457 16
      vertex 1.61679 -0.669696 14
    endloop
  endfacet
  facet normal 0.559461 0.637942 0.529182
    outer loop
      vertex -1.06533 -1.38837 14
      vertex -1.23744 -1.23744 14
      vertex -2.12132 -2.12132 16
    endloop
  endfacet
  facet normal 0.637943 0.55946 0.529182
    outer loop
      vertex -2.12132 -2.12132 16
      vertex -1.38837 -1.06533 14
      vertex -2.38006 -1.82628 16
    endloop
  endfacet
  facet normal 0.803478 -0.272744 0.529182
    outer loop
      vertex -1.61679 0.669696 14
      vertex -2.77164 1.14805 16
      vertex -2.89778 0.776457 16
    endloop
  endfacet
  facet normal -0.559461 -0.637942 0.529182
    outer loop
      vertex 1.23744 1.23744 14
      vertex 2.12132 2.12132 16
      vertex 1.06533 1.38837 14
    endloop
  endfacet
  facet normal -0.832205 -0.165536 0.529182
    outer loop
      vertex 2.97433 0.391578 16
      vertex 2.89778 0.776457 16
      vertex 1.73503 0.22842 14
    endloop
  endfacet
  facet normal -0.637942 0.559461 0.529182
    outer loop
      vertex 2.12132 -2.12132 16
      vertex 1.38837 -1.06533 14
      vertex 1.23744 -1.23744 14
    endloop
  endfacet
  facet normal -0.761004 0.375286 0.529182
    outer loop
      vertex 2.59808 -1.5 16
      vertex 1.61679 -0.669696 14
      vertex 1.51554 -0.875 14
    endloop
  endfacet
  facet normal -0.375286 0.761004 0.529182
    outer loop
      vertex 1.5 -2.59808 16
      vertex 0.875 -1.51554 14
      vertex 0.669696 -1.61679 14
    endloop
  endfacet
  facet normal 0.761004 0.375285 0.529182
    outer loop
      vertex -2.59808 -1.5 16
      vertex -1.61679 -0.669696 14
      vertex -2.77164 -1.14805 16
    endloop
  endfacet
  facet normal 0.272743 0.803478 0.529182
    outer loop
      vertex -0.452933 -1.69037 14
      vertex -0.669696 -1.61679 14
      vertex -0.776457 -2.89778 16
    endloop
  endfacet
  facet normal 0.272744 0.803478 0.529182
    outer loop
      vertex -0.776457 -2.89778 16
      vertex -0.669696 -1.61679 14
      vertex -1.14805 -2.77164 16
    endloop
  endfacet
  facet normal 0.637942 -0.559461 0.529182
    outer loop
      vertex -1.38837 1.06533 14
      vertex -1.23744 1.23744 14
      vertex -2.12132 2.12132 16
    endloop
  endfacet
  facet normal 0.375287 -0.761003 0.529182
    outer loop
      vertex -0.874999 1.51554 14
      vertex -0.669696 1.61679 14
      vertex -1.5 2.59808 16
    endloop
  endfacet
  facet normal 0.375285 -0.761004 0.529182
    outer loop
      vertex -0.669696 1.61679 14
      vertex -1.14805 2.77164 16
      vertex -1.5 2.59808 16
    endloop
  endfacet
  facet normal -0.055497 -0.846691 0.529182
    outer loop
      vertex 0.22842 1.73503 14
      vertex 0.391578 2.97433 16
      vertex 0 3 16
    endloop
  endfacet
  facet normal -0.272744 -0.803478 0.529182
    outer loop
      vertex 1.14805 2.77164 16
      vertex 0.776457 2.89778 16
      vertex 0.669696 1.61679 14
    endloop
  endfacet
  facet normal -0.375286 -0.761004 0.529182
    outer loop
      vertex 0.875 1.51554 14
      vertex 1.5 2.59808 16
      vertex 0.669696 1.61679 14
    endloop
  endfacet
  facet normal -0.637943 -0.55946 0.529182
    outer loop
      vertex 2.38006 1.82628 16
      vertex 2.12132 2.12132 16
      vertex 1.38837 1.06533 14
    endloop
  endfacet
  facet normal -0.846691 -0.055497 0.529182
    outer loop
      vertex 3 0 16
      vertex 2.97433 0.391578 16
      vertex 1.73503 0.22842 14
    endloop
  endfacet
  facet normal -0.832205 0.165536 0.529182
    outer loop
      vertex 2.89778 -0.776457 16
      vertex 2.97433 -0.391578 16
      vertex 1.73503 -0.22842 14
    endloop
  endfacet
  facet normal -0.803478 0.272743 0.529182
    outer loop
      vertex 2.89778 -0.776457 16
      vertex 1.69037 -0.452933 14
      vertex 1.61679 -0.669696 14
    endloop
  endfacet
  facet normal -0.846691 0.0554961 0.529182
    outer loop
      vertex 3 0 16
      vertex 1.75 0 14
      vertex 1.73503 -0.22842 14
    endloop
  endfacet
  facet normal -0.761005 0.375284 0.529182
    outer loop
      vertex 2.59808 -1.5 16
      vertex 2.77164 -1.14805 16
      vertex 1.61679 -0.669696 14
    endloop
  endfacet
  facet normal -0.375284 0.761005 0.529182
    outer loop
      vertex 1.14805 -2.77164 16
      vertex 1.5 -2.59808 16
      vertex 0.669696 -1.61679 14
    endloop
  endfacet
  facet normal -0.471407 0.705508 0.529182
    outer loop
      vertex 1.5 -2.59808 16
      vertex 1.06533 -1.38837 14
      vertex 0.875 -1.51554 14
    endloop
  endfacet
  facet normal -0.272744 0.803478 0.529182
    outer loop
      vertex 0.776457 -2.89778 16
      vertex 1.14805 -2.77164 16
      vertex 0.669696 -1.61679 14
    endloop
  endfacet
  facet normal -0.165537 0.832204 0.529182
    outer loop
      vertex 0.776457 -2.89778 16
      vertex 0.452933 -1.69037 14
      vertex 0.22842 -1.73503 14
    endloop
  endfacet
  facet normal -0.559461 0.637942 0.529182
    outer loop
      vertex 2.12132 -2.12132 16
      vertex 1.23744 -1.23744 14
      vertex 1.06533 -1.38837 14
    endloop
  endfacet
  facet normal 0 -0 1
    outer loop
      vertex 1.73503 -0.22842 14
      vertex 1.75 0 14
      vertex 1.69037 -0.452933 14
    endloop
  endfacet
  facet normal 0 0 1
    outer loop
      vertex 1.75 0 14
      vertex 1.73503 0.22842 14
      vertex 1.69037 0.452933 14
    endloop
  endfacet
  facet normal 0 0 1
    outer loop
      vertex 1.23744 1.23744 14
      vertex 1.06533 1.38837 14
      vertex 0.875 1.51554 14
    endloop
  endfacet
  facet normal 0 0 1
    outer loop
      vertex 1.51554 0.874999 14
      vertex 1.38837 1.06533 14
      vertex 1.23744 1.23744 14
    endloop
  endfacet
  facet normal -0 -0 1
    outer loop
      vertex -0.22842 -1.73503 14
      vertex 0 -1.75 14
      vertex -0.452933 -1.69037 14
    endloop
  endfacet
  facet normal 0 -0 1
    outer loop
      vertex 0.22842 -1.73503 14
      vertex 0.452933 -1.69037 14
      vertex 0 -1.75 14
    endloop
  endfacet
  facet normal 0 -0 1
    outer loop
      vertex 1.61679 -0.669696 14
      vertex 1.69037 -0.452933 14
      vertex 1.51554 -0.875 14
    endloop
  endfacet
  facet normal 0 -0 1
    outer loop
      vertex 0.669696 -1.61679 14
      vertex 0.875 -1.51554 14
      vertex 0.452933 -1.69037 14
    endloop
  endfacet
  facet normal 0 -0 1
    outer loop
      vertex 1.06533 -1.38837 14
      vertex 1.23744 -1.23744 14
      vertex 0.875 -1.51554 14
    endloop
  endfacet
  facet normal -0 -0 1
    outer loop
      vertex -1.73503 -0.22842 14
      vertex -1.69037 -0.452933 14
      vertex -1.75 0 14
    endloop
  endfacet
  facet normal 0 0 1
    outer loop
      vertex -1.69037 0.452933 14
      vertex -1.73503 0.22842 14
      vertex -1.75 0 14
    endloop
  endfacet
  facet normal -0 -0 1
    outer loop
      vertex -1.38837 -1.06533 14
      vertex -1.23744 -1.23744 14
      vertex -1.51554 -0.874999 14
    endloop
  endfacet
  facet normal -0 -0 1
    outer loop
      vertex -1.06533 -1.38837 14
      vertex -0.875 -1.51554 14
      vertex -1.23744 -1.23744 14
    endloop
  endfacet
  facet normal 0 0 1
    outer loop
      vertex -1.51554 0.874999 14
      vertex -1.61679 0.669696 14
      vertex -1.69037 0.452933 14
    endloop
  endfacet
  facet normal 0 0 1
    outer loop
      vertex 0 1.75 14
      vertex -0.22842 1.73503 14
      vertex -0.452933 1.69037 14
    endloop
  endfacet
  facet normal 0 0 1
    outer loop
      vertex 0.452933 1.69037 14
      vertex 0.22842 1.73503 14
      vertex 0 1.75 14
    endloop
  endfacet
  facet normal 0 0 1
    outer loop
      vertex 0.875 1.51554 14
      vertex 0.669696 1.61679 14
      vertex 0.452933 1.69037 14
    endloop
  endfacet
  facet normal 0 -0 1
    outer loop
      vertex 1.38837 -1.06533 14
      vertex 1.51554 -0.875 14
      vertex 1.23744 -1.23744 14
    endloop
  endfacet
  facet normal 0 0 1
    outer loop
      vertex -1.23744 1.23744 14
      vertex -1.38837 1.06533 14
      vertex -1.51554 0.874999 14
    endloop
  endfacet
  facet normal 0 0 1
    outer loop
      vertex -0.874999 1.51554 14
      vertex -1.06533 1.38837 14
      vertex -1.23744 1.23744 14
    endloop
  endfacet
  facet normal 0 0 1
    outer loop
      vertex 1.69037 0.452933 14
      vertex 1.61679 0.669696 14
      vertex 1.51554 0.874999 14
    endloop
  endfacet
  facet normal -0 -0 1
    outer loop
      vertex -1.61679 -0.669696 14
      vertex -1.51554 -0.874999 14
      vertex -1.69037 -0.452933 14
    endloop
  endfacet
  facet normal -0 -0 1
    outer loop
      vertex -0.669696 -1.61679 14
      vertex -0.452933 -1.69037 14
      vertex -0.875 -1.51554 14
    endloop
  endfacet
  facet normal 0 0 1
    outer loop
      vertex -0.452933 1.69037 14
      vertex -0.669696 1.61679 14
      vertex -0.874999 1.51554 14
    endloop
  endfacet
  facet normal 0.803478 0.272744 0.529182
    outer loop
      vertex -2.77164 -1.14805 16
      vertex -1.61679 -0.669696 14
      vertex -2.89778 -0.776457 16
    endloop
  endfacet
  facet normal 0.832204 0.165537 0.529182
    outer loop
      vertex -1.69037 -0.452933 14
      vertex -1.73503 -0.22842 14
      vertex -2.89778 -0.776457 16
    endloop
  endfacet
  facet normal 0.705509 0.471406 0.529182
    outer loop
      vertex -2.38006 -1.82628 16
      vertex -1.38837 -1.06533 14
      vertex -2.59808 -1.5 16
    endloop
  endfacet
  facet normal 0.761003 0.375287 0.529182
    outer loop
      vertex -1.51554 -0.874999 14
      vertex -1.61679 -0.669696 14
      vertex -2.59808 -1.5 16
    endloop
  endfacet
  facet normal 0.055497 0.846691 0.529182
    outer loop
      vertex 0 -3 16
      vertex -0.22842 -1.73503 14
      vertex -0.391578 -2.97433 16
    endloop
  endfacet
  facet normal 0.375284 0.761005 0.529182
    outer loop
      vertex -1.14805 -2.77164 16
      vertex -0.669696 -1.61679 14
      vertex -1.5 -2.59808 16
    endloop
  endfacet
  facet normal 0.471407 0.705508 0.529182
    outer loop
      vertex -0.875 -1.51554 14
      vertex -1.06533 -1.38837 14
      vertex -1.5 -2.59808 16
    endloop
  endfacet
  facet normal 0.832205 -0.165536 0.529182
    outer loop
      vertex -1.73503 0.22842 14
      vertex -2.89778 0.776457 16
      vertex -2.97433 0.391578 16
    endloop
  endfacet
  facet normal 0.803478 -0.272743 0.529182
    outer loop
      vertex -1.69037 0.452933 14
      vertex -1.61679 0.669696 14
      vertex -2.89778 0.776457 16
    endloop
  endfacet
  facet normal 0.846691 -0.0554961 0.529182
    outer loop
      vertex -1.75 0 14
      vertex -1.73503 0.22842 14
      vertex -3 0 16
    endloop
  endfacet
  facet normal 0.761004 -0.375285 0.529182
    outer loop
      vertex -1.61679 0.669696 14
      vertex -2.59808 1.5 16
      vertex -2.77164 1.14805 16
    endloop
  endfacet
  facet normal 0.55946 -0.637943 0.529182
    outer loop
      vertex -1.06533 1.38837 14
      vertex -1.82628 2.38006 16
      vertex -2.12132 2.12132 16
    endloop
  endfacet
  facet normal 0.272744 -0.803478 0.529182
    outer loop
      vertex -0.669696 1.61679 14
      vertex -0.776457 2.89778 16
      vertex -1.14805 2.77164 16
    endloop
  endfacet
  facet normal 0.165537 -0.832204 0.529182
    outer loop
      vertex -0.452933 1.69037 14
      vertex -0.22842 1.73503 14
      vertex -0.776457 2.89778 16
    endloop
  endfacet
  facet normal -0.165536 -0.832205 0.529182
    outer loop
      vertex 0.776457 2.89778 16
      vertex 0.391578 2.97433 16
      vertex 0.22842 1.73503 14
    endloop
  endfacet
  facet normal -0.272743 -0.803478 0.529182
    outer loop
      vertex 0.669696 1.61679 14
      vertex 0.776457 2.89778 16
      vertex 0.452933 1.69037 14
    endloop
  endfacet
  facet normal -0.375284 -0.761005 0.529182
    outer loop
      vertex 1.5 2.59808 16
      vertex 1.14805 2.77164 16
      vertex 0.669696 1.61679 14
    endloop
  endfacet
  facet normal -0.0554961 -0.846691 0.529182
    outer loop
      vertex 0.22842 1.73503 14
      vertex 0 3 16
      vertex 0 1.75 14
    endloop
  endfacet
  facet normal -0.803478 -0.272744 0.529182
    outer loop
      vertex 2.89778 0.776457 16
      vertex 2.77164 1.14805 16
      vertex 1.61679 0.669696 14
    endloop
  endfacet
  facet normal -0.705509 -0.471406 0.529182
    outer loop
      vertex 2.59808 1.5 16
      vertex 2.38006 1.82628 16
      vertex 1.38837 1.06533 14
    endloop
  endfacet
  facet normal -0.761003 -0.375287 0.529182
    outer loop
      vertex 1.61679 0.669696 14
      vertex 2.59808 1.5 16
      vertex 1.51554 0.874999 14
    endloop
  endfacet
  facet normal -0.832204 0.165537 0.529182
    outer loop
      vertex 2.89778 -0.776457 16
      vertex 1.73503 -0.22842 14
      vertex 1.69037 -0.452933 14
    endloop
  endfacet
  facet normal -0.165536 0.832205 0.529182
    outer loop
      vertex 0.391578 -2.97433 16
      vertex 0.776457 -2.89778 16
      vertex 0.22842 -1.73503 14
    endloop
  endfacet
  facet normal -0.055497 0.846691 0.529182
    outer loop
      vertex 0.391578 -2.97433 16
      vertex 0.22842 -1.73503 14
      vertex 0 -3 16
    endloop
  endfacet
  facet normal -0.471407 0.705508 0.529182
    outer loop
      vertex 1.5 -2.59808 16
      vertex 1.82628 -2.38006 16
      vertex 1.06533 -1.38837 14
    endloop
  endfacet
  facet normal -0.55946 0.637943 0.529182
    outer loop
      vertex 1.82628 -2.38006 16
      vertex 2.12132 -2.12132 16
      vertex 1.06533 -1.38837 14
    endloop
  endfacet
  facet normal 0.832205 0.165536 0.529182
    outer loop
      vertex -2.89778 -0.776457 16
      vertex -1.73503 -0.22842 14
      vertex -2.97433 -0.391578 16
    endloop
  endfacet
  facet normal 0.846691 0.055497 0.529182
    outer loop
      vertex -2.97433 -0.391578 16
      vertex -1.73503 -0.22842 14
      vertex -3 0 16
    endloop
  endfacet
  facet normal 0.637942 0.559461 0.529182
    outer loop
      vertex -1.23744 -1.23744 14
      vertex -1.38837 -1.06533 14
      vertex -2.12132 -2.12132 16
    endloop
  endfacet
  facet normal 0.471407 0.705508 0.529182
    outer loop
      vertex -1.5 -2.59808 16
      vertex -1.06533 -1.38837 14
      vertex -1.82628 -2.38006 16
    endloop
  endfacet
  facet normal 0.55946 0.637943 0.529182
    outer loop
      vertex -1.82628 -2.38006 16
      vertex -1.06533 -1.38837 14
      vertex -2.12132 -2.12132 16
    endloop
  endfacet
  facet normal 0.165536 0.832205 0.529182
    outer loop
      vertex -0.391578 -2.97433 16
      vertex -0.22842 -1.73503 14
      vertex -0.776457 -2.89778 16
    endloop
  endfacet
  facet normal 0.165537 0.832204 0.529182
    outer loop
      vertex -0.22842 -1.73503 14
      vertex -0.452933 -1.69037 14
      vertex -0.776457 -2.89778 16
    endloop
  endfacet
  facet normal 0.832204 -0.165537 0.529182
    outer loop
      vertex -1.73503 0.22842 14
      vertex -1.69037 0.452933 14
      vertex -2.89778 0.776457 16
    endloop
  endfacet
  facet normal 0.761003 -0.375287 0.529182
    outer loop
      vertex -1.61679 0.669696 14
      vertex -1.51554 0.874999 14
      vertex -2.59808 1.5 16
    endloop
  endfacet
  facet normal 0.705509 -0.471405 0.529182
    outer loop
      vertex -1.51554 0.874999 14
      vertex -1.38837 1.06533 14
      vertex -2.59808 1.5 16
    endloop
  endfacet
  facet normal 0.165536 -0.832205 0.529182
    outer loop
      vertex -0.22842 1.73503 14
      vertex -0.391578 2.97433 16
      vertex -0.776457 2.89778 16
    endloop
  endfacet
  facet normal 0.055497 -0.846691 0.529182
    outer loop
      vertex -0.22842 1.73503 14
      vertex 0 3 16
      vertex -0.391578 2.97433 16
    endloop
  endfacet
  facet normal 0.471406 -0.705509 0.529182
    outer loop
      vertex -1.06533 1.38837 14
      vertex -1.5 2.59808 16
      vertex -1.82628 2.38006 16
    endloop
  endfacet
  facet normal 0.471405 -0.705509 0.529182
    outer loop
      vertex -1.06533 1.38837 14
      vertex -0.874999 1.51554 14
      vertex -1.5 2.59808 16
    endloop
  endfacet
  facet normal -0.165537 -0.832204 0.529182
    outer loop
      vertex 0.452933 1.69037 14
      vertex 0.776457 2.89778 16
      vertex 0.22842 1.73503 14
    endloop
  endfacet
  facet normal -0.637942 -0.559461 0.529182
    outer loop
      vertex 1.38837 1.06533 14
      vertex 2.12132 2.12132 16
      vertex 1.23744 1.23744 14
    endloop
  endfacet
  facet normal -0.803478 -0.272743 0.529182
    outer loop
      vertex 1.69037 0.452933 14
      vertex 2.89778 0.776457 16
      vertex 1.61679 0.669696 14
    endloop
  endfacet
  facet normal -0.832204 -0.165537 0.529182
    outer loop
      vertex 1.73503 0.22842 14
      vertex 2.89778 0.776457 16
      vertex 1.69037 0.452933 14
    endloop
  endfacet
  facet normal -0.705508 0.471407 0.529182
    outer loop
      vertex 2.38006 -1.82628 16
      vertex 2.59808 -1.5 16
      vertex 1.38837 -1.06533 14
    endloop
  endfacet
  facet normal -0.637943 0.55946 0.529182
    outer loop
      vertex 2.12132 -2.12132 16
      vertex 2.38006 -1.82628 16
      vertex 1.38837 -1.06533 14
    endloop
  endfacet
  facet normal -0.272743 0.803478 0.529182
    outer loop
      vertex 0.776457 -2.89778 16
      vertex 0.669696 -1.61679 14
      vertex 0.452933 -1.69037 14
    endloop
  endfacet
  facet normal 0.803478 0.272743 0.529182
    outer loop
      vertex -1.61679 -0.669696 14
      vertex -1.69037 -0.452933 14
      vertex -2.89778 -0.776457 16
    endloop
  endfacet
  facet normal 0.705509 0.471405 0.529182
    outer loop
      vertex -1.38837 -1.06533 14
      vertex -1.51554 -0.874999 14
      vertex -2.59808 -1.5 16
    endloop
  endfacet
  facet normal 0.375286 0.761004 0.529182
    outer loop
      vertex -0.669696 -1.61679 14
      vertex -0.875 -1.51554 14
      vertex -1.5 -2.59808 16
    endloop
  endfacet
  facet normal 0.0554961 0.846691 0.529182
    outer loop
      vertex 0 -3 16
      vertex 0 -1.75 14
      vertex -0.22842 -1.73503 14
    endloop
  endfacet
  facet normal 0.705509 -0.471406 0.529182
    outer loop
      vertex -1.38837 1.06533 14
      vertex -2.38006 1.82628 16
      vertex -2.59808 1.5 16
    endloop
  endfacet
  facet normal 0.637943 -0.55946 0.529182
    outer loop
      vertex -1.38837 1.06533 14
      vertex -2.12132 2.12132 16
      vertex -2.38006 1.82628 16
    endloop
  endfacet
  facet normal 0.272743 -0.803478 0.529182
    outer loop
      vertex -0.669696 1.61679 14
      vertex -0.452933 1.69037 14
      vertex -0.776457 2.89778 16
    endloop
  endfacet
  facet normal 0.559461 -0.637942 0.529182
    outer loop
      vertex -1.23744 1.23744 14
      vertex -1.06533 1.38837 14
      vertex -2.12132 2.12132 16
    endloop
  endfacet
  facet normal -0.471407 -0.705508 0.529182
    outer loop
      vertex 1.82628 2.38006 16
      vertex 1.5 2.59808 16
      vertex 1.06533 1.38837 14
    endloop
  endfacet
  facet normal -0.55946 -0.637943 0.529182
    outer loop
      vertex 2.12132 2.12132 16
      vertex 1.82628 2.38006 16
      vertex 1.06533 1.38837 14
    endloop
  endfacet
  facet normal -0.705509 -0.471405 0.529182
    outer loop
      vertex 1.51554 0.874999 14
      vertex 2.59808 1.5 16
      vertex 1.38837 1.06533 14
    endloop
  endfacet
  facet normal -0.705508 0.471407 0.529182
    outer loop
      vertex 2.59808 -1.5 16
      vertex 1.51554 -0.875 14
      vertex 1.38837 -1.06533 14
    endloop
  endfacet
  facet normal -0.471407 -0.705508 0.529182
    outer loop
      vertex 1.06533 1.38837 14
      vertex 1.5 2.59808 16
      vertex 0.875 1.51554 14
    endloop
  endfacet
  facet normal -0.5 -0.866025 0
    outer loop
      vertex -4.58515e-07 4.84974 0
      vertex 4.2 2.42487 3
      vertex -4.58515e-07 4.84974 3
    endloop
  endfacet
  facet normal -0.5 -0.866025 -0
    outer loop
      vertex 4.2 2.42487 3
      vertex -4.58515e-07 4.84974 0
      vertex 4.2 2.42487 0
    endloop
  endfacet
  facet normal 1 -9.83222e-08 0
    outer loop
      vertex -4.2 -2.42487 3
      vertex -4.2 2.42487 0
      vertex -4.2 2.42487 3
    endloop
  endfacet
  facet normal 1 -9.83222e-08 0
    outer loop
      vertex -4.2 2.42487 0
      vertex -4.2 -2.42487 3
      vertex -4.2 -2.42487 0
    endloop
  endfacet
  facet normal 0.5 -0.866025 0
    outer loop
      vertex -4.2 2.42487 0
      vertex -4.58515e-07 4.84974 3
      vertex -4.2 2.42487 3
    endloop
  endfacet
  facet normal 0.5 -0.866025 0
    outer loop
      vertex -4.58515e-07 4.84974 3
      vertex -4.2 2.42487 0
      vertex -4.58515e-07 4.84974 0
    endloop
  endfacet
  facet normal -0.5 0.866025 0
    outer loop
      vertex 4.2 -2.42487 0
      vertex 4.58515e-07 -4.84974 3
      vertex 4.2 -2.42487 3
    endloop
  endfacet
  facet normal -0.5 0.866025 0
    outer loop
      vertex 4.58515e-07 -4.84974 3
      vertex 4.2 -2.42487 0
      vertex 4.58515e-07 -4.84974 0
    endloop
  endfacet
  facet normal 0.5 0.866025 -0
    outer loop
      vertex 4.58515e-07 -4.84974 0
      vertex -4.2 -2.42487 3
      vertex 4.58515e-07 -4.84974 3
    endloop
  endfacet
  facet normal 0.5 0.866025 0
    outer loop
      vertex -4.2 -2.42487 3
      vertex 4.58515e-07 -4.84974 0
      vertex -4.2 -2.42487 0
    endloop
  endfacet
  facet normal -1 9.83222e-08 0
    outer loop
      vertex 4.2 -2.42487 0
      vertex 4.2 2.42487 3
      vertex 4.2 2.42487 0
    endloop
  endfacet
  facet normal -1 9.83222e-08 0
    outer loop
      vertex 4.2 2.42487 3
      vertex 4.2 -2.42487 0
      vertex 4.2 -2.42487 3
    endloop
  endfacet
  facet normal 0 -0.959035 0.283288
    outer loop
      vertex -1.65452e-07 1.75 6.09974
      vertex 0.452933 1.69037 5.89787
      vertex 0 1.75 6.09974
    endloop
  endfacet
  facet normal -0.377965 -0.654654 -0.654654
    outer loop
      vertex 0.452933 1.69037 5.89787
      vertex -4.58515e-07 4.84974 3
      vertex 0.875 1.51554 5.82902
    endloop
  endfacet
  facet normal -0.377965 -0.654654 -0.654654
    outer loop
      vertex -4.58515e-07 4.84974 3
      vertex 0.452933 1.69037 5.89787
      vertex -1.65452e-07 1.75 6.09974
    endloop
  endfacet
  facet normal -0.377964 -0.654654 -0.654654
    outer loop
      vertex -4.58515e-07 4.84974 3
      vertex 1.23744 1.23744 5.89787
      vertex 0.875 1.51554 5.82902
    endloop
  endfacet
  facet normal -0.377964 -0.654654 -0.654654
    outer loop
      vertex 4.2 2.42487 3
      vertex 1.23744 1.23744 5.89787
      vertex -4.58515e-07 4.84974 3
    endloop
  endfacet
  facet normal -0.377965 -0.654654 -0.654654
    outer loop
      vertex 1.23744 1.23744 5.89787
      vertex 4.2 2.42487 3
      vertex 1.51554 0.875 6.09974
    endloop
  endfacet
  facet normal 0 0.959035 0.283288
    outer loop
      vertex 1.65452e-07 -1.75 6.09974
      vertex -0.452933 -1.69037 5.89787
      vertex 0 -1.75 6.09974
    endloop
  endfacet
  facet normal 0.377965 0.654654 -0.654654
    outer loop
      vertex -0.452933 -1.69037 5.89787
      vertex 4.58515e-07 -4.84974 3
      vertex -0.875 -1.51554 5.82902
    endloop
  endfacet
  facet normal 0.377965 0.654654 -0.654654
    outer loop
      vertex 4.58515e-07 -4.84974 3
      vertex -0.452933 -1.69037 5.89787
      vertex 1.65452e-07 -1.75 6.09974
    endloop
  endfacet
  facet normal 0.377964 0.654654 -0.654654
    outer loop
      vertex 4.58515e-07 -4.84974 3
      vertex -1.23744 -1.23744 5.89787
      vertex -0.875 -1.51554 5.82902
    endloop
  endfacet
  facet normal 0.377964 0.654654 -0.654654
    outer loop
      vertex -4.2 -2.42487 3
      vertex -1.23744 -1.23744 5.89787
      vertex 4.58515e-07 -4.84974 3
    endloop
  endfacet
  facet normal 0.377965 0.654654 -0.654654
    outer loop
      vertex -1.23744 -1.23744 5.89787
      vertex -4.2 -2.42487 3
      vertex -1.51554 -0.875 6.09974
    endloop
  endfacet
  facet normal 0.740512 -0.0566913 -0.669648
    outer loop
      vertex -1.51554 0.874999 6.09974
      vertex -4.2 2.42487 3
      vertex -1.51554 0.875 6.09974
    endloop
  endfacet
  facet normal 0.755929 1.01048e-07 -0.654654
    outer loop
      vertex -1.69037 0.452933 5.89787
      vertex -4.2 2.42487 3
      vertex -1.51554 0.874999 6.09974
    endloop
  endfacet
  facet normal 0.755929 4.23781e-08 -0.654654
    outer loop
      vertex -1.75 0 5.82902
      vertex -4.2 2.42487 3
      vertex -1.69037 0.452933 5.89787
    endloop
  endfacet
  facet normal 0.755929 -5.95147e-08 -0.654654
    outer loop
      vertex -4.2 -2.42487 3
      vertex -1.75 0 5.82902
      vertex -1.69037 -0.452933 5.89787
    endloop
  endfacet
  facet normal 0.755929 -1.45932e-07 -0.654654
    outer loop
      vertex -4.2 -2.42487 3
      vertex -1.69037 -0.452933 5.89787
      vertex -1.51554 -0.874999 6.09974
    endloop
  endfacet
  facet normal 0.755929 -7.43246e-08 -0.654654
    outer loop
      vertex -1.75 0 5.82902
      vertex -4.2 -2.42487 3
      vertex -4.2 2.42487 3
    endloop
  endfacet
  facet normal 0.769119 -0.0594916 -0.636331
    outer loop
      vertex -4.2 -2.42487 3
      vertex -1.51554 -0.874999 6.09974
      vertex -1.51554 -0.875 6.09974
    endloop
  endfacet
  facet normal 0.377965 -0.654654 -0.654654
    outer loop
      vertex -0.452933 1.69037 5.89787
      vertex -4.58515e-07 4.84974 3
      vertex -1.65452e-07 1.75 6.09974
    endloop
  endfacet
  facet normal 0.377964 -0.654654 -0.654654
    outer loop
      vertex -0.874999 1.51554 5.82902
      vertex -4.58515e-07 4.84974 3
      vertex -0.452933 1.69037 5.89787
    endloop
  endfacet
  facet normal 0.377965 -0.654654 -0.654654
    outer loop
      vertex -4.2 2.42487 3
      vertex -0.874999 1.51554 5.82902
      vertex -1.23744 1.23744 5.89787
    endloop
  endfacet
  facet normal 0.377964 -0.654654 -0.654654
    outer loop
      vertex -4.2 2.42487 3
      vertex -1.23744 1.23744 5.89787
      vertex -1.51554 0.875 6.09974
    endloop
  endfacet
  facet normal 0.377964 -0.654654 -0.654654
    outer loop
      vertex -0.874999 1.51554 5.82902
      vertex -4.2 2.42487 3
      vertex -4.58515e-07 4.84974 3
    endloop
  endfacet
  facet normal -0.377964 0.654654 -0.654654
    outer loop
      vertex 4.2 -2.42487 3
      vertex 1.23744 -1.23744 5.89787
      vertex 1.51554 -0.875 6.09974
    endloop
  endfacet
  facet normal -0.377965 0.654654 -0.654654
    outer loop
      vertex 4.2 -2.42487 3
      vertex 0.875 -1.51554 5.82902
      vertex 1.23744 -1.23744 5.89787
    endloop
  endfacet
  facet normal -0.377965 0.654654 -0.654654
    outer loop
      vertex 4.58515e-07 -4.84974 3
      vertex 0.875 -1.51554 5.82902
      vertex 4.2 -2.42487 3
    endloop
  endfacet
  facet normal -0.377964 0.654654 -0.654654
    outer loop
      vertex 0.875 -1.51554 5.82902
      vertex 4.58515e-07 -4.84974 3
      vertex 0.452933 -1.69037 5.89787
    endloop
  endfacet
  facet normal -0.377965 0.654654 -0.654654
    outer loop
      vertex 0.452933 -1.69037 5.89787
      vertex 4.58515e-07 -4.84974 3
      vertex 1.65452e-07 -1.75 6.09974
    endloop
  endfacet
  facet normal -0.769119 0.0594916 -0.636331
    outer loop
      vertex 4.2 2.42487 3
      vertex 1.51554 0.874999 6.09974
      vertex 1.51554 0.875 6.09974
    endloop
  endfacet
  facet normal -0.755929 1.45932e-07 -0.654654
    outer loop
      vertex 4.2 2.42487 3
      vertex 1.69037 0.452933 5.89787
      vertex 1.51554 0.874999 6.09974
    endloop
  endfacet
  facet normal -0.755929 5.95147e-08 -0.654654
    outer loop
      vertex 4.2 2.42487 3
      vertex 1.75 0 5.82902
      vertex 1.69037 0.452933 5.89787
    endloop
  endfacet
  facet normal -0.755929 7.43246e-08 -0.654654
    outer loop
      vertex 4.2 -2.42487 3
      vertex 1.75 0 5.82902
      vertex 4.2 2.42487 3
    endloop
  endfacet
  facet normal -0.755929 -4.23781e-08 -0.654654
    outer loop
      vertex 1.75 0 5.82902
      vertex 4.2 -2.42487 3
      vertex 1.69037 -0.452933 5.89787
    endloop
  endfacet
  facet normal -0.755929 -1.01047e-07 -0.654654
    outer loop
      vertex 1.69037 -0.452933 5.89787
      vertex 4.2 -2.42487 3
      vertex 1.51554 -0.875 6.09974
    endloop
  endfacet
  facet normal 0 0 1
    outer loop
      vertex 1.05037 8.76501 5
      vertex 0.84407 8.85721 5
      vertex 1.04967 8.75912 5
    endloop
  endfacet
  facet normal 0 0 1
    outer loop
      vertex 2.59157 10.2717 5
      vertex 5.09323 10.4817 5
      vertex 5.08775 10.6732 5
    endloop
  endfacet
  facet normal 0 0 1
    outer loop
      vertex 9.31987 8.79306 5
      vertex 5.13869 2.28789 5
      vertex 5.1388 2.28763 5
    endloop
  endfacet
  facet normal 0 0 1
    outer loop
      vertex 5.3315 9.4545 5
      vertex 5.13856 2.28815 5
      vertex 5.13869 2.28789 5
    endloop
  endfacet
  facet normal 0 0 1
    outer loop
      vertex 5.08873 9.61867 5
      vertex 5.24539 9.45425 5
      vertex 5.2473 9.45769 5
    endloop
  endfacet
  facet normal 0 0 1
    outer loop
      vertex 2.74718 9.40152 5
      vertex 5.24539 9.45425 5
      vertex 5.08873 9.61867 5
    endloop
  endfacet
  facet normal 0 0 1
    outer loop
      vertex 2.56223 10.4432 5
      vertex 5.08775 10.6732 5
      vertex 5.07744 10.7701 5
    endloop
  endfacet
  facet normal 0 0 1
    outer loop
      vertex 5.09323 10.4817 5
      vertex 2.60431 10.1177 5
      vertex 5.08873 9.61867 5
    endloop
  endfacet
  facet normal 0 0 1
    outer loop
      vertex 2.56223 10.4432 5
      vertex 5.07744 10.7701 5
      vertex 5.06566 10.8445 5
    endloop
  endfacet
  facet normal 0 0 1
    outer loop
      vertex 2.55089 10.6163 5
      vertex 5.06566 10.8445 5
      vertex 5.04785 10.9356 5
    endloop
  endfacet
  facet normal 0 0 1
    outer loop
      vertex 2.55191 10.7073 5
      vertex 5.04785 10.9356 5
      vertex 5.02286 11.0429 5
    endloop
  endfacet
  facet normal 0 0 1
    outer loop
      vertex 5.3315 9.4545 5
      vertex 5.0119 2.5537 5
      vertex 5.13856 2.28815 5
    endloop
  endfacet
  facet normal 0 0 1
    outer loop
      vertex 2.55608 10.8159 5
      vertex 5.02286 11.0429 5
      vertex 4.98953 11.1658 5
    endloop
  endfacet
  facet normal 0 0 1
    outer loop
      vertex 2.56627 10.9421 5
      vertex 4.98953 11.1658 5
      vertex 4.94679 11.3037 5
    endloop
  endfacet
  facet normal 0 0 1
    outer loop
      vertex 2.58368 11.0853 5
      vertex 4.94679 11.3037 5
      vertex 4.8927 11.456 5
    endloop
  endfacet
  facet normal 0 0 1
    outer loop
      vertex 5.3315 9.4545 5
      vertex 4.87139 2.8125 5
      vertex 5.0119 2.5537 5
    endloop
  endfacet
  facet normal 0 0 1
    outer loop
      vertex 5.0119 2.5537 5
      vertex 4.87139 2.8125 5
      vertex 4.87164 2.81201 5
    endloop
  endfacet
  facet normal 0 0 1
    outer loop
      vertex 5.3315 9.4545 5
      vertex 4.87108 2.81297 5
      vertex 4.87139 2.8125 5
    endloop
  endfacet
  facet normal 0 0 1
    outer loop
      vertex 2.608 11.2447 5
      vertex 4.8927 11.456 5
      vertex 4.82695 11.6221 5
    endloop
  endfacet
  facet normal 0 0 1
    outer loop
      vertex 2.64172 11.42 5
      vertex 4.82695 11.6221 5
      vertex 4.74854 11.8013 5
    endloop
  endfacet
  facet normal 0 0 1
    outer loop
      vertex 5.3315 9.4545 5
      vertex 4.71751 3.06358 5
      vertex 4.87108 2.81297 5
    endloop
  endfacet
  facet normal 0 0 1
    outer loop
      vertex 2.68604 11.6107 5
      vertex 4.74854 11.8013 5
      vertex 4.65646 11.993 5
    endloop
  endfacet
  facet normal 0 0 1
    outer loop
      vertex 5.3315 9.4545 5
      vertex 4.55074 3.30626 5
      vertex 4.71751 3.06358 5
    endloop
  endfacet
  facet normal 0 0 1
    outer loop
      vertex 5.3315 9.4545 5
      vertex 4.55072 3.30629 5
      vertex 4.55074 3.30626 5
    endloop
  endfacet
  facet normal 0 0 1
    outer loop
      vertex 5.3315 9.4545 5
      vertex 4.55069 3.30633 5
      vertex 4.55072 3.30629 5
    endloop
  endfacet
  facet normal 0 0 1
    outer loop
      vertex 2.74197 11.8161 5
      vertex 4.65646 11.993 5
      vertex 4.54974 12.1965 5
    endloop
  endfacet
  facet normal 0 0 1
    outer loop
      vertex 2.80984 12.0354 5
      vertex 4.54974 12.1965 5
      vertex 4.42606 12.4108 5
    endloop
  endfacet
  facet normal 0 0 1
    outer loop
      vertex 5.3315 9.4545 5
      vertex 4.37144 3.53992 5
      vertex 4.55069 3.30633 5
    endloop
  endfacet
  facet normal 0 0 1
    outer loop
      vertex 2.89111 12.2681 5
      vertex 4.42606 12.4108 5
      vertex 4.28548 12.6354 5
    endloop
  endfacet
  facet normal 0 0 1
    outer loop
      vertex 5.3315 9.4545 5
      vertex 4.26675 3.66249 5
      vertex 4.37144 3.53992 5
    endloop
  endfacet
  facet normal 0 0 1
    outer loop
      vertex 5.24539 9.45425 5
      vertex 2.74718 9.40152 5
      vertex 2.62007 9.21086 5
    endloop
  endfacet
  facet normal 0 0 1
    outer loop
      vertex 4.26675 3.66249 5
      vertex 4.18019 3.76386 5
      vertex 4.26228 3.66249 5
    endloop
  endfacet
  facet normal 0 0 1
    outer loop
      vertex 3.55014 12.985 5
      vertex 4.28548 12.6354 5
      vertex 4.12726 12.8694 5
    endloop
  endfacet
  facet normal -0 0 1
    outer loop
      vertex 3.55014 12.985 5
      vertex 4.12726 12.8694 5
      vertex 4.02017 13.0155 5
    endloop
  endfacet
  facet normal 0 0 1
    outer loop
      vertex 5.3315 9.4545 5
      vertex 4.18019 3.76386 5
      vertex 4.26675 3.66249 5
    endloop
  endfacet
  facet normal 0 0 1
    outer loop
      vertex 4.28548 12.6354 5
      vertex 3.55014 12.985 5
      vertex 2.98721 12.5136 5
    endloop
  endfacet
  facet normal 0 0 1
    outer loop
      vertex 5.3315 9.4545 5
      vertex 3.76386 4.18019 5
      vertex 4.18019 3.76386 5
    endloop
  endfacet
  facet normal 0 0 1
    outer loop
      vertex 3.09915 12.7712 5
      vertex 3.55014 12.985 5
      vertex 3.17924 12.9384 5
    endloop
  endfacet
  facet normal 0 0 1
    outer loop
      vertex 2.98721 12.5136 5
      vertex 3.55014 12.985 5
      vertex 3.09915 12.7712 5
    endloop
  endfacet
  facet normal 0 0 1
    outer loop
      vertex 4.28548 12.6354 5
      vertex 2.98721 12.5136 5
      vertex 2.89111 12.2681 5
    endloop
  endfacet
  facet normal 0 0 1
    outer loop
      vertex 4.42606 12.4108 5
      vertex 2.89111 12.2681 5
      vertex 2.80984 12.0354 5
    endloop
  endfacet
  facet normal 0 0 1
    outer loop
      vertex 5.3315 9.4545 5
      vertex 3.30629 4.55072 5
      vertex 3.76386 4.18019 5
    endloop
  endfacet
  facet normal 0 0 1
    outer loop
      vertex 4.54974 12.1965 5
      vertex 2.80984 12.0354 5
      vertex 2.74197 11.8161 5
    endloop
  endfacet
  facet normal 0 0 1
    outer loop
      vertex 5.24539 9.45425 5
      vertex 2.62007 9.21086 5
      vertex 2.8125 4.87139 5
    endloop
  endfacet
  facet normal 0 0 1
    outer loop
      vertex 2.62007 9.21086 5
      vertex 2.74718 9.40152 5
      vertex 2.62099 9.21408 5
    endloop
  endfacet
  facet normal 0 0 1
    outer loop
      vertex 5.24539 9.45425 5
      vertex 2.8125 4.87139 5
      vertex 3.30629 4.55072 5
    endloop
  endfacet
  facet normal 0 0 1
    outer loop
      vertex 2.28789 5.13869 5
      vertex 2.62007 9.21086 5
      vertex 2.54944 9.19771 5
    endloop
  endfacet
  facet normal 0 0 1
    outer loop
      vertex 2.62007 9.21086 5
      vertex 2.28789 5.13869 5
      vertex 2.8125 4.87139 5
    endloop
  endfacet
  facet normal 0 0 1
    outer loop
      vertex 1.73822 5.34969 5
      vertex 2.54944 9.19771 5
      vertex 1.91833 9.04221 5
    endloop
  endfacet
  facet normal 0 0 1
    outer loop
      vertex 2.54944 9.19771 5
      vertex 1.73822 5.34969 5
      vertex 2.28789 5.13869 5
    endloop
  endfacet
  facet normal -0 0 1
    outer loop
      vertex 1.31558 8.85713 5
      vertex 1.73822 5.34969 5
      vertex 1.91833 9.04221 5
    endloop
  endfacet
  facet normal 0 0 1
    outer loop
      vertex 1.31558 8.85713 5
      vertex 1.1695 5.50208 5
      vertex 1.73822 5.34969 5
    endloop
  endfacet
  facet normal -0 0 1
    outer loop
      vertex 1.04967 8.75912 5
      vertex 1.1695 5.50208 5
      vertex 1.31558 8.85713 5
    endloop
  endfacet
  facet normal 0 0 1
    outer loop
      vertex -1.23355 7.80182 5
      vertex 1.04967 8.75912 5
      vertex 0.84407 8.85721 5
    endloop
  endfacet
  facet normal 0 0 1
    outer loop
      vertex 1.04967 8.75912 5
      vertex 0.587972 5.59418 5
      vertex 1.1695 5.50208 5
    endloop
  endfacet
  facet normal 0 0 1
    outer loop
      vertex -1.58363 8.33295 5
      vertex 0.84407 8.85721 5
      vertex 0.535538 9.65852 5
    endloop
  endfacet
  facet normal 0 0 1
    outer loop
      vertex -1.72351 8.62273 5
      vertex 0.535538 9.65852 5
      vertex 0.459641 9.8383 5
    endloop
  endfacet
  facet normal 0 0 1
    outer loop
      vertex -1.72351 8.62273 5
      vertex 0.459641 9.8383 5
      vertex 0.441559 9.8761 5
    endloop
  endfacet
  facet normal 0 0 1
    outer loop
      vertex -1.72351 8.62273 5
      vertex 0.441559 9.8761 5
      vertex 0.414062 9.92799 5
    endloop
  endfacet
  facet normal 0 0 1
    outer loop
      vertex -1.72351 8.62273 5
      vertex 0.414062 9.92799 5
      vertex 0.375763 9.99319 5
    endloop
  endfacet
  facet normal 0 0 1
    outer loop
      vertex -1.72351 8.62273 5
      vertex 0.375763 9.99319 5
      vertex 0.326462 10.0714 5
    endloop
  endfacet
  facet normal 0 0 1
    outer loop
      vertex -1.90361 8.95264 5
      vertex 0.326462 10.0714 5
      vertex 0.265167 10.1619 5
    endloop
  endfacet
  facet normal 0 0 1
    outer loop
      vertex -1.93915 9.0495 5
      vertex 0.265167 10.1619 5
      vertex 0.189651 10.2634 5
    endloop
  endfacet
  facet normal 0 0 1
    outer loop
      vertex -1.97626 9.16664 5
      vertex 0.189651 10.2634 5
      vertex 0.0998688 10.3757 5
    endloop
  endfacet
  facet normal 0 0 1
    outer loop
      vertex 1.04967 8.75912 5
      vertex -1.23355 7.80182 5
      vertex -1.28004 7.57892 5
    endloop
  endfacet
  facet normal 0 0 1
    outer loop
      vertex -2.01433 9.30331 5
      vertex 0.0998688 10.3757 5
      vertex -0.00486755 10.498 5
    endloop
  endfacet
  facet normal 0 0 1
    outer loop
      vertex -2.05083 9.45992 5
      vertex -0.00486755 10.498 5
      vertex -0.127274 10.6288 5
    endloop
  endfacet
  facet normal 0 0 1
    outer loop
      vertex -2.08479 9.6358 5
      vertex -0.127274 10.6288 5
      vertex -0.266495 10.7679 5
    endloop
  endfacet
  facet normal 0 0 1
    outer loop
      vertex -2.11447 9.83083 5
      vertex -0.266495 10.7679 5
      vertex -0.424942 10.9136 5
    endloop
  endfacet
  facet normal 0 0 1
    outer loop
      vertex 1.04967 8.75912 5
      vertex -1.28004 7.57892 5
      vertex 0 5.625 5
    endloop
  endfacet
  facet normal 0 0 1
    outer loop
      vertex -2.13873 10.0444 5
      vertex -0.424942 10.9136 5
      vertex -0.602661 11.0654 5
    endloop
  endfacet
  facet normal 0 0 1
    outer loop
      vertex -2.15573 10.2764 5
      vertex -0.602661 11.0654 5
      vertex -0.801544 11.2217 5
    endloop
  endfacet
  facet normal 0 0 1
    outer loop
      vertex -2.16512 10.5258 5
      vertex -0.801544 11.2217 5
      vertex -1.02153 11.3816 5
    endloop
  endfacet
  facet normal 0 0 1
    outer loop
      vertex 1.04967 8.75912 5
      vertex 0 5.625 5
      vertex 0.587972 5.59418 5
    endloop
  endfacet
  facet normal 0 0 1
    outer loop
      vertex 0 5.625 5
      vertex -1.28004 7.57892 5
      vertex -0.587972 5.59418 5
    endloop
  endfacet
  facet normal 0 0 1
    outer loop
      vertex -2.00085 11.3319 5
      vertex -1.02153 11.3816 5
      vertex -1.265 11.5432 5
    endloop
  endfacet
  facet normal 0 0 1
    outer loop
      vertex -2.00085 11.3319 5
      vertex -1.265 11.5432 5
      vertex -1.40402 11.628 5
    endloop
  endfacet
  facet normal 0 0 1
    outer loop
      vertex 0.535538 9.65852 5
      vertex -1.64182 8.47185 5
      vertex -1.58363 8.33295 5
    endloop
  endfacet
  facet normal 0 0 1
    outer loop
      vertex 0.84407 8.85721 5
      vertex -1.58363 8.33295 5
      vertex -1.23355 7.80182 5
    endloop
  endfacet
  facet normal 0 0 1
    outer loop
      vertex 0.535538 9.65852 5
      vertex -1.72351 8.62273 5
      vertex -1.64182 8.47185 5
    endloop
  endfacet
  facet normal 0 0 1
    outer loop
      vertex 0.0998688 10.3757 5
      vertex -2.01433 9.30331 5
      vertex -1.97626 9.16664 5
    endloop
  endfacet
  facet normal 0 0 1
    outer loop
      vertex 0.326462 10.0714 5
      vertex -1.90361 8.95264 5
      vertex -1.87181 8.87578 5
    endloop
  endfacet
  facet normal 0 0 1
    outer loop
      vertex -1.82661 8.78146 5
      vertex -1.87181 8.87578 5
      vertex -1.84572 8.8187 5
    endloop
  endfacet
  facet normal 0 0 1
    outer loop
      vertex -1.72351 8.62273 5
      vertex -1.87181 8.87578 5
      vertex -1.82661 8.78146 5
    endloop
  endfacet
  facet normal 0 0 1
    outer loop
      vertex 0.326462 10.0714 5
      vertex -1.87181 8.87578 5
      vertex -1.72351 8.62273 5
    endloop
  endfacet
  facet normal 0 0 1
    outer loop
      vertex 0.265167 10.1619 5
      vertex -1.93915 9.0495 5
      vertex -1.90361 8.95264 5
    endloop
  endfacet
  facet normal 0 0 1
    outer loop
      vertex -1.02153 11.3816 5
      vertex -2.00085 11.3319 5
      vertex -2.16434 10.7928 5
    endloop
  endfacet
  facet normal 0 0 1
    outer loop
      vertex 0.189651 10.2634 5
      vertex -1.97626 9.16664 5
      vertex -1.93915 9.0495 5
    endloop
  endfacet
  facet normal 0 0 1
    outer loop
      vertex -0.00486755 10.498 5
      vertex -2.05083 9.45992 5
      vertex -2.01433 9.30331 5
    endloop
  endfacet
  facet normal 0 0 1
    outer loop
      vertex -0.127274 10.6288 5
      vertex -2.08479 9.6358 5
      vertex -2.05083 9.45992 5
    endloop
  endfacet
  facet normal 0 0 1
    outer loop
      vertex -0.266495 10.7679 5
      vertex -2.11447 9.83083 5
      vertex -2.08479 9.6358 5
    endloop
  endfacet
  facet normal 0 0 1
    outer loop
      vertex -0.424942 10.9136 5
      vertex -2.13873 10.0444 5
      vertex -2.11447 9.83083 5
    endloop
  endfacet
  facet normal 0 0 1
    outer loop
      vertex -2.15346 11.0761 5
      vertex -2.00085 11.3319 5
      vertex -2.13998 11.2536 5
    endloop
  endfacet
  facet normal 0 0 1
    outer loop
      vertex -2.16434 10.7928 5
      vertex -2.00085 11.3319 5
      vertex -2.15346 11.0761 5
    endloop
  endfacet
  facet normal 0 0 1
    outer loop
      vertex -0.602661 11.0654 5
      vertex -2.15573 10.2764 5
      vertex -2.13873 10.0444 5
    endloop
  endfacet
  facet normal 0 0 1
    outer loop
      vertex -1.02153 11.3816 5
      vertex -2.16434 10.7928 5
      vertex -2.16512 10.5258 5
    endloop
  endfacet
  facet normal 0 0 1
    outer loop
      vertex -0.801544 11.2217 5
      vertex -2.16512 10.5258 5
      vertex -2.15573 10.2764 5
    endloop
  endfacet
  facet normal -0 0 1
    outer loop
      vertex 5.50208 -1.1695 5
      vertex 9.31987 -8.79306 5
      vertex 5.55574 -0.879944 5
    endloop
  endfacet
  facet normal 0 0 1
    outer loop
      vertex 5.59418 -0.587972 5
      vertex 5.61728 -0.294388 5
      vertex 5.5942 -0.587667 5
    endloop
  endfacet
  facet normal -0 0 1
    outer loop
      vertex 5.43332 -1.45586 5
      vertex 9.31987 -8.79306 5
      vertex 5.50208 -1.1695 5
    endloop
  endfacet
  facet normal 0 0 1
    outer loop
      vertex 5.55574 -0.879944 5
      vertex 5.59418 -0.587972 5
      vertex 5.59414 -0.58828 5
    endloop
  endfacet
  facet normal -0 0 1
    outer loop
      vertex 5.34969 -1.73822 5
      vertex 9.31987 -8.79306 5
      vertex 5.43332 -1.45586 5
    endloop
  endfacet
  facet normal 0 0 1
    outer loop
      vertex 5.50208 -1.1695 5
      vertex 5.55574 -0.879944 5
      vertex 5.50212 -1.16927 5
    endloop
  endfacet
  facet normal -0 0 1
    outer loop
      vertex 5.25139 -2.01581 5
      vertex 9.31987 -8.79306 5
      vertex 5.34969 -1.73822 5
    endloop
  endfacet
  facet normal 0 0 1
    outer loop
      vertex 5.43332 -1.45586 5
      vertex 5.50208 -1.1695 5
      vertex 5.50201 -1.16975 5
    endloop
  endfacet
  facet normal -0 0 1
    outer loop
      vertex 5.1388 -2.28763 5
      vertex 9.31987 -8.79306 5
      vertex 5.25139 -2.01581 5
    endloop
  endfacet
  facet normal 0 0 1
    outer loop
      vertex 5.34969 -1.73822 5
      vertex 5.43332 -1.45586 5
      vertex 5.34976 -1.73798 5
    endloop
  endfacet
  facet normal -0 0 1
    outer loop
      vertex 5.13869 -2.28789 5
      vertex 9.31987 -8.79306 5
      vertex 5.1388 -2.28763 5
    endloop
  endfacet
  facet normal 0 0 1
    outer loop
      vertex 5.25139 -2.01581 5
      vertex 5.34969 -1.73822 5
      vertex 5.34961 -1.73844 5
    endloop
  endfacet
  facet normal -0 0 1
    outer loop
      vertex 5.13856 -2.28815 5
      vertex 9.31987 -8.79306 5
      vertex 5.13869 -2.28789 5
    endloop
  endfacet
  facet normal -0 0 1
    outer loop
      vertex 5.0119 -2.5537 5
      vertex 9.31987 -8.79306 5
      vertex 5.13856 -2.28815 5
    endloop
  endfacet
  facet normal -0 0 1
    outer loop
      vertex 4.87139 -2.8125 5
      vertex 9.31987 -8.79306 5
      vertex 5.0119 -2.5537 5
    endloop
  endfacet
  facet normal -0 0 1
    outer loop
      vertex 4.87108 -2.81297 5
      vertex 9.31987 -8.79306 5
      vertex 4.87139 -2.8125 5
    endloop
  endfacet
  facet normal 0 0 1
    outer loop
      vertex 7.59966 11.2059 5
      vertex 9.80537 10.576 5
      vertex 9.80466 10.7549 5
    endloop
  endfacet
  facet normal 0 0 1
    outer loop
      vertex 7.6946 11.3573 5
      vertex 9.80466 10.7549 5
      vertex 9.79649 10.951 5
    endloop
  endfacet
  facet normal -0 0 1
    outer loop
      vertex 7.59966 11.2059 5
      vertex 9.80466 10.7549 5
      vertex 7.6946 11.3573 5
    endloop
  endfacet
  facet normal 0 0 1
    outer loop
      vertex 7.80472 11.5194 5
      vertex 9.79649 10.951 5
      vertex 9.77969 11.1638 5
    endloop
  endfacet
  facet normal 0 0 1
    outer loop
      vertex 9.80537 10.576 5
      vertex 7.59966 11.2059 5
      vertex 9.79993 10.415 5
    endloop
  endfacet
  facet normal -0 0 1
    outer loop
      vertex 7.51872 11.0661 5
      vertex 9.79993 10.415 5
      vertex 7.59966 11.2059 5
    endloop
  endfacet
  facet normal 0 0 1
    outer loop
      vertex 7.93124 11.6914 5
      vertex 9.77969 11.1638 5
      vertex 9.75304 11.3928 5
    endloop
  endfacet
  facet normal 0 0 1
    outer loop
      vertex 9.79993 10.415 5
      vertex 7.51872 11.0661 5
      vertex 9.78964 10.2721 5
    endloop
  endfacet
  facet normal -0 0 1
    outer loop
      vertex 7.451 10.9386 5
      vertex 9.78964 10.2721 5
      vertex 7.51872 11.0661 5
    endloop
  endfacet
  facet normal 0 0 1
    outer loop
      vertex 8.07521 11.8725 5
      vertex 9.75304 11.3928 5
      vertex 9.71538 11.6375 5
    endloop
  endfacet
  facet normal 0 0 1
    outer loop
      vertex 9.79649 10.951 5
      vertex 7.80472 11.5194 5
      vertex 7.6946 11.3573 5
    endloop
  endfacet
  facet normal 0 0 1
    outer loop
      vertex 8.23766 12.0617 5
      vertex 9.71538 11.6375 5
      vertex 9.66563 11.8971 5
    endloop
  endfacet
  facet normal 0 0 1
    outer loop
      vertex 9.78964 10.2721 5
      vertex 7.451 10.9386 5
      vertex 9.77589 10.1478 5
    endloop
  endfacet
  facet normal 0 0 1
    outer loop
      vertex 8.41965 12.2581 5
      vertex 9.66563 11.8971 5
      vertex 9.60268 12.1711 5
    endloop
  endfacet
  facet normal 0 0 1
    outer loop
      vertex 9.77969 11.1638 5
      vertex 7.93124 11.6914 5
      vertex 7.80472 11.5194 5
    endloop
  endfacet
  facet normal 0 0 1
    outer loop
      vertex 9.45395 12.386 5
      vertex 9.60268 12.1711 5
      vertex 9.55443 12.351 5
    endloop
  endfacet
  facet normal 0 0 1
    outer loop
      vertex 8.62221 12.4606 5
      vertex 9.60268 12.1711 5
      vertex 9.45395 12.386 5
    endloop
  endfacet
  facet normal 0 0 1
    outer loop
      vertex 9.75304 11.3928 5
      vertex 8.07521 11.8725 5
      vertex 7.93124 11.6914 5
    endloop
  endfacet
  facet normal 0 0 1
    outer loop
      vertex 9.60268 12.1711 5
      vertex 8.62221 12.4606 5
      vertex 8.41965 12.2581 5
    endloop
  endfacet
  facet normal -0 0 1
    outer loop
      vertex 8.62221 12.4606 5
      vertex 9.45395 12.386 5
      vertex 8.74754 12.5766 5
    endloop
  endfacet
  facet normal 0 0 1
    outer loop
      vertex 9.40247 8.57954 5
      vertex 9.31987 8.79306 5
      vertex 9.40247 -8.57954 5
    endloop
  endfacet
  facet normal 0 0 1
    outer loop
      vertex 9.31987 8.79306 5
      vertex 9.40247 8.57954 5
      vertex 9.40883 8.58536 5
    endloop
  endfacet
  facet normal 0 0 1
    outer loop
      vertex 14.4064 9.72522 5
      vertex 14.4491 9.50674 5
      vertex 14.4678 9.66954 5
    endloop
  endfacet
  facet normal 0 0 1
    outer loop
      vertex 13.6948 10.1268 5
      vertex 14.4491 9.50674 5
      vertex 14.4064 9.72522 5
    endloop
  endfacet
  facet normal 0 0 1
    outer loop
      vertex 14.4491 9.50674 5
      vertex 13.4173 10.0162 5
      vertex 14.4052 9.22202 5
    endloop
  endfacet
  facet normal 0 0 1
    outer loop
      vertex 14.4052 9.22202 5
      vertex 13.4173 10.0162 5
      vertex 14.3535 8.95615 5
    endloop
  endfacet
  facet normal -0 0 1
    outer loop
      vertex 13.1638 9.90262 5
      vertex 14.3535 8.95615 5
      vertex 13.4173 10.0162 5
    endloop
  endfacet
  facet normal 0 0 1
    outer loop
      vertex 14.3535 8.95615 5
      vertex 13.1638 9.90262 5
      vertex 14.2953 8.70959 5
    endloop
  endfacet
  facet normal 0 0 1
    outer loop
      vertex 14.2953 8.70959 5
      vertex 12.9335 9.78781 5
      vertex 14.2322 8.48276 5
    endloop
  endfacet
  facet normal -0 0 1
    outer loop
      vertex 12.7258 9.67332 5
      vertex 14.2322 8.48276 5
      vertex 12.9335 9.78781 5
    endloop
  endfacet
  facet normal 0 0 1
    outer loop
      vertex 14.2322 8.48276 5
      vertex 12.7258 9.67332 5
      vertex 14.1656 8.27597 5
    endloop
  endfacet
  facet normal -0 0 1
    outer loop
      vertex 12.5397 9.56065 5
      vertex 14.1656 8.27597 5
      vertex 12.7258 9.67332 5
    endloop
  endfacet
  facet normal 0 0 1
    outer loop
      vertex 14.1656 8.27597 5
      vertex 12.5397 9.56065 5
      vertex 14.097 8.08951 5
    endloop
  endfacet
  facet normal -0 0 1
    outer loop
      vertex 13.6948 10.1268 5
      vertex 14.4064 9.72522 5
      vertex 13.8203 10.1707 5
    endloop
  endfacet
  facet normal 0 0 1
    outer loop
      vertex 14.4491 9.50674 5
      vertex 13.6948 10.1268 5
      vertex 13.4173 10.0162 5
    endloop
  endfacet
  facet normal -0 0 1
    outer loop
      vertex 12.9335 9.78781 5
      vertex 14.2953 8.70959 5
      vertex 13.1638 9.90262 5
    endloop
  endfacet
  facet normal -0 0 1
    outer loop
      vertex 12.3745 9.4512 5
      vertex 14.097 8.08951 5
      vertex 12.5397 9.56065 5
    endloop
  endfacet
  facet normal 0 0 1
    outer loop
      vertex 14.097 8.08951 5
      vertex 12.3745 9.4512 5
      vertex 14.0282 7.92355 5
    endloop
  endfacet
  facet normal -0 0 1
    outer loop
      vertex 12.229 9.34627 5
      vertex 14.0282 7.92355 5
      vertex 12.3745 9.4512 5
    endloop
  endfacet
  facet normal 0 0 1
    outer loop
      vertex 14.0282 7.92355 5
      vertex 12.229 9.34627 5
      vertex 13.9607 7.77818 5
    endloop
  endfacet
  facet normal -0 0 1
    outer loop
      vertex 12.1023 9.24709 5
      vertex 13.9607 7.77818 5
      vertex 12.229 9.34627 5
    endloop
  endfacet
  facet normal 0 0 1
    outer loop
      vertex 13.9607 7.77818 5
      vertex 12.1023 9.24709 5
      vertex 13.8963 7.6534 5
    endloop
  endfacet
  facet normal -0 0 1
    outer loop
      vertex 11.9935 9.15475 5
      vertex 13.8963 7.6534 5
      vertex 12.1023 9.24709 5
    endloop
  endfacet
  facet normal 0 0 1
    outer loop
      vertex 13.8963 7.6534 5
      vertex 11.9935 9.15475 5
      vertex 13.8368 7.54901 5
    endloop
  endfacet
  facet normal -0 0 1
    outer loop
      vertex 11.9015 9.07033 5
      vertex 13.8368 7.54901 5
      vertex 11.9935 9.15475 5
    endloop
  endfacet
  facet normal 0 0 1
    outer loop
      vertex 13.8368 7.54901 5
      vertex 11.9015 9.07033 5
      vertex 13.7839 7.4648 5
    endloop
  endfacet
  facet normal 0 0 1
    outer loop
      vertex 13.7839 7.4648 5
      vertex 13.5589 7.20786 5
      vertex 13.7394 7.4003 5
    endloop
  endfacet
  facet normal 0 -0 1
    outer loop
      vertex 13.5589 7.20786 5
      vertex 13.7839 7.4648 5
      vertex 11.9015 9.07033 5
    endloop
  endfacet
  facet normal 0 0 1
    outer loop
      vertex 12.8861 6.24605 5
      vertex 12.8851 6.472 5
      vertex 12.879 6.2426 5
    endloop
  endfacet
  facet normal 0 0 1
    outer loop
      vertex 12.8861 -6.24605 5
      vertex 12.879 -6.2426 5
      vertex 12.8851 -6.472 5
    endloop
  endfacet
  facet normal 0 0 1
    outer loop
      vertex 17.4666 5.91483 5
      vertex 17.8641 5.09358 5
      vertex 17.9218 5.19347 5
    endloop
  endfacet
  facet normal 0 0 1
    outer loop
      vertex 17.4666 5.91483 5
      vertex 17.9218 5.19347 5
      vertex 17.5688 5.90269 5
    endloop
  endfacet
  facet normal 0 0 1
    outer loop
      vertex 17.1562 5.93709 5
      vertex 17.8641 5.09358 5
      vertex 17.4666 5.91483 5
    endloop
  endfacet
  facet normal 0 0 1
    outer loop
      vertex 17.8641 5.09358 5
      vertex 17.1562 5.93709 5
      vertex 17.7025 4.83942 5
    endloop
  endfacet
  facet normal 0 0 1
    outer loop
      vertex 17.7025 4.83942 5
      vertex 17.1562 5.93709 5
      vertex 17.5409 4.60808 5
    endloop
  endfacet
  facet normal 0 0 1
    outer loop
      vertex 16.8675 5.9444 5
      vertex 17.5409 4.60808 5
      vertex 17.1562 5.93709 5
    endloop
  endfacet
  facet normal 0 0 1
    outer loop
      vertex 17.5409 4.60808 5
      vertex 16.8675 5.9444 5
      vertex 17.3812 4.39946 5
    endloop
  endfacet
  facet normal -0 0 1
    outer loop
      vertex 16.6011 5.93887 5
      vertex 17.3812 4.39946 5
      vertex 16.8675 5.9444 5
    endloop
  endfacet
  facet normal 0 0 1
    outer loop
      vertex 17.3812 4.39946 5
      vertex 16.6011 5.93887 5
      vertex 17.2251 4.21336 5
    endloop
  endfacet
  facet normal -0 0 1
    outer loop
      vertex 16.3572 5.92267 5
      vertex 17.2251 4.21336 5
      vertex 16.6011 5.93887 5
    endloop
  endfacet
  facet normal 0 0 1
    outer loop
      vertex 17.2251 4.21336 5
      vertex 16.3572 5.92267 5
      vertex 17.0747 4.04939 5
    endloop
  endfacet
  facet normal -0 0 1
    outer loop
      vertex 16.1358 5.89784 5
      vertex 17.0747 4.04939 5
      vertex 16.3572 5.92267 5
    endloop
  endfacet
  facet normal 0 0 1
    outer loop
      vertex 17.0747 4.04939 5
      vertex 16.1358 5.89784 5
      vertex 16.9316 3.907 5
    endloop
  endfacet
  facet normal -0 0 1
    outer loop
      vertex 15.9369 5.86644 5
      vertex 16.9316 3.907 5
      vertex 16.1358 5.89784 5
    endloop
  endfacet
  facet normal 0 0 1
    outer loop
      vertex 16.9316 3.907 5
      vertex 15.9369 5.86644 5
      vertex 16.7979 3.78548 5
    endloop
  endfacet
  facet normal -0 0 1
    outer loop
      vertex 15.7602 5.83041 5
      vertex 16.7979 3.78548 5
      vertex 15.9369 5.86644 5
    endloop
  endfacet
  facet normal 0 0 1
    outer loop
      vertex 16.7979 3.78548 5
      vertex 15.7602 5.83041 5
      vertex 16.6752 3.68391 5
    endloop
  endfacet
  facet normal -0 0 1
    outer loop
      vertex 15.6051 5.79163 5
      vertex 16.6752 3.68391 5
      vertex 15.7602 5.83041 5
    endloop
  endfacet
  facet normal 0 0 1
    outer loop
      vertex 16.6752 3.68391 5
      vertex 15.6051 5.79163 5
      vertex 16.5654 3.60118 5
    endloop
  endfacet
  facet normal -0 0 1
    outer loop
      vertex 15.4713 5.75186 5
      vertex 16.5654 3.60118 5
      vertex 15.6051 5.79163 5
    endloop
  endfacet
  facet normal 0 0 1
    outer loop
      vertex 16.5654 3.60118 5
      vertex 15.4713 5.75186 5
      vertex 16.47 3.536 5
    endloop
  endfacet
  facet normal -0 0 1
    outer loop
      vertex 15.3579 5.71275 5
      vertex 16.47 3.536 5
      vertex 15.4713 5.75186 5
    endloop
  endfacet
  facet normal 0 -0 1
    outer loop
      vertex 16.111 3.37508 5
      vertex 16.47 3.536 5
      vertex 15.3579 5.71275 5
    endloop
  endfacet
  facet normal 0 0 1
    outer loop
      vertex 16.3905 3.48695 5
      vertex 16.111 3.37508 5
      vertex 16.3284 3.45248 5
    endloop
  endfacet
  facet normal 0 0 1
    outer loop
      vertex 16.3284 3.45248 5
      vertex 16.111 3.37508 5
      vertex 16.2606 3.42017 5
    endloop
  endfacet
  facet normal 0 0 1
    outer loop
      vertex 16.47 3.536 5
      vertex 16.111 3.37508 5
      vertex 16.3905 3.48695 5
    endloop
  endfacet
  facet normal -0 0 1
    outer loop
      vertex 15.2642 5.67595 5
      vertex 16.111 3.37508 5
      vertex 15.3579 5.71275 5
    endloop
  endfacet
  facet normal -0 0 1
    outer loop
      vertex 15.1894 5.64296 5
      vertex 16.111 3.37508 5
      vertex 15.2642 5.67595 5
    endloop
  endfacet
  facet normal -0 0 1
    outer loop
      vertex 15.1325 5.61504 5
      vertex 16.111 3.37508 5
      vertex 15.1894 5.64296 5
    endloop
  endfacet
  facet normal -0 0 1
    outer loop
      vertex 14.9201 5.47752 5
      vertex 16.111 3.37508 5
      vertex 15.1325 5.61504 5
    endloop
  endfacet
  facet normal -0 0 1
    outer loop
      vertex 14.7811 5.39822 5
      vertex 15.9361 3.30547 5
      vertex 14.9201 5.47752 5
    endloop
  endfacet
  facet normal 0 0 1
    outer loop
      vertex 16.111 3.37508 5
      vertex 14.9201 5.47752 5
      vertex 15.9361 3.30547 5
    endloop
  endfacet
  facet normal 0 0 1
    outer loop
      vertex 14.9201 5.47752 5
      vertex 15.1325 5.61504 5
      vertex 15.0656 5.57779 5
    endloop
  endfacet
  facet normal 0 0 1
    outer loop
      vertex 15.9361 3.30547 5
      vertex 14.7811 5.39822 5
      vertex 15.7881 3.22797 5
    endloop
  endfacet
  facet normal -0 0 1
    outer loop
      vertex 14.1322 4.96223 5
      vertex 15.7881 3.22797 5
      vertex 14.7811 5.39822 5
    endloop
  endfacet
  facet normal 0 -0 1
    outer loop
      vertex 15.0301 2.78259 5
      vertex 15.1339 2.9888 5
      vertex 14.1322 4.96223 5
    endloop
  endfacet
  facet normal 0 0 1
    outer loop
      vertex 15.7881 3.22797 5
      vertex 14.1322 4.96223 5
      vertex 15.1339 2.9888 5
    endloop
  endfacet
  facet normal 0 0 1
    outer loop
      vertex 19.0081 0.439819 5
      vertex 19.0978 0 5
      vertex 19.0772 0.393143 5
    endloop
  endfacet
  facet normal 0 0 1
    outer loop
      vertex 18.7412 0.602417 5
      vertex 19.0978 0 5
      vertex 19.0081 0.439819 5
    endloop
  endfacet
  facet normal 0 0 1
    outer loop
      vertex 19.0978 0 5
      vertex 19.0081 -0.439819 5
      vertex 19.0772 -0.393143 5
    endloop
  endfacet
  facet normal 0 0 1
    outer loop
      vertex 18.7412 -0.602417 5
      vertex 19.0978 0 5
      vertex 18.7412 0.602417 5
    endloop
  endfacet
  facet normal 0 0 1
    outer loop
      vertex 19.0978 0 5
      vertex 18.7412 -0.602417 5
      vertex 19.0081 -0.439819 5
    endloop
  endfacet
  facet normal 0 0 1
    outer loop
      vertex 18.4859 0.74202 5
      vertex 18.7412 -0.602417 5
      vertex 18.7412 0.602417 5
    endloop
  endfacet
  facet normal 0 0 1
    outer loop
      vertex 18.4859 0.74202 5
      vertex 18.4859 -0.74202 5
      vertex 18.7412 -0.602417 5
    endloop
  endfacet
  facet normal 0 0 1
    outer loop
      vertex 18.2438 0.85994 5
      vertex 18.4859 -0.74202 5
      vertex 18.4859 0.74202 5
    endloop
  endfacet
  facet normal 0 0 1
    outer loop
      vertex 18.2438 0.85994 5
      vertex 18.2438 -0.85994 5
      vertex 18.4859 -0.74202 5
    endloop
  endfacet
  facet normal 0 0 1
    outer loop
      vertex 18.0165 0.957657 5
      vertex 18.2438 -0.85994 5
      vertex 18.2438 0.85994 5
    endloop
  endfacet
  facet normal 0 0 1
    outer loop
      vertex 18.0165 0.957657 5
      vertex 18.0165 -0.957657 5
      vertex 18.2438 -0.85994 5
    endloop
  endfacet
  facet normal 0 0 1
    outer loop
      vertex 17.8055 1.03677 5
      vertex 18.0165 -0.957657 5
      vertex 18.0165 0.957657 5
    endloop
  endfacet
  facet normal 0 0 1
    outer loop
      vertex 17.8055 1.03677 5
      vertex 17.8055 -1.03677 5
      vertex 18.0165 -0.957657 5
    endloop
  endfacet
  facet normal 0 0 1
    outer loop
      vertex 17.6121 1.09903 5
      vertex 17.8055 -1.03677 5
      vertex 17.8055 1.03677 5
    endloop
  endfacet
  facet normal 0 0 1
    outer loop
      vertex 17.6121 1.09903 5
      vertex 17.6121 -1.09903 5
      vertex 17.8055 -1.03677 5
    endloop
  endfacet
  facet normal 0 0 1
    outer loop
      vertex 17.4373 1.14632 5
      vertex 17.6121 -1.09903 5
      vertex 17.6121 1.09903 5
    endloop
  endfacet
  facet normal 0 0 1
    outer loop
      vertex 17.4373 1.14632 5
      vertex 17.4373 -1.14632 5
      vertex 17.6121 -1.09903 5
    endloop
  endfacet
  facet normal 0 0 1
    outer loop
      vertex 17.282 1.18056 5
      vertex 17.4373 -1.14632 5
      vertex 17.4373 1.14632 5
    endloop
  endfacet
  facet normal 0 0 1
    outer loop
      vertex 17.282 1.18056 5
      vertex 17.282 -1.18056 5
      vertex 17.4373 -1.14632 5
    endloop
  endfacet
  facet normal 0 0 1
    outer loop
      vertex 17.1468 1.20378 5
      vertex 17.282 -1.18056 5
      vertex 17.282 1.18056 5
    endloop
  endfacet
  facet normal 0 0 1
    outer loop
      vertex 17.1468 1.20378 5
      vertex 17.1468 -1.20378 5
      vertex 17.282 -1.18056 5
    endloop
  endfacet
  facet normal 0 0 1
    outer loop
      vertex 17.0323 1.21802 5
      vertex 17.1468 -1.20378 5
      vertex 17.1468 1.20378 5
    endloop
  endfacet
  facet normal 0 0 1
    outer loop
      vertex 17.0323 1.21802 5
      vertex 17.0323 -1.21802 5
      vertex 17.1468 -1.20378 5
    endloop
  endfacet
  facet normal 0 0 1
    outer loop
      vertex 16.9386 1.22528 5
      vertex 17.0323 -1.21802 5
      vertex 17.0323 1.21802 5
    endloop
  endfacet
  facet normal 0 0 1
    outer loop
      vertex 16.9386 1.22528 5
      vertex 16.9386 -1.22528 5
      vertex 17.0323 -1.21802 5
    endloop
  endfacet
  facet normal 0 0 1
    outer loop
      vertex 16.6102 1.19548 5
      vertex 16.9386 1.22528 5
      vertex 16.8657 1.22757 5
    endloop
  endfacet
  facet normal 0 0 1
    outer loop
      vertex 16.9386 1.22528 5
      vertex 16.6102 1.19548 5
      vertex 16.9386 -1.22528 5
    endloop
  endfacet
  facet normal 0 0 1
    outer loop
      vertex 16.6102 1.19548 5
      vertex 16.8657 1.22757 5
      vertex 16.7819 1.22499 5
    endloop
  endfacet
  facet normal -0 0 1
    outer loop
      vertex 16.6102 -1.19548 5
      vertex 16.9386 -1.22528 5
      vertex 16.6102 1.19548 5
    endloop
  endfacet
  facet normal 0 0 1
    outer loop
      vertex 16.9386 -1.22528 5
      vertex 16.6102 -1.19548 5
      vertex 16.8657 -1.22757 5
    endloop
  endfacet
  facet normal 0 0 1
    outer loop
      vertex 16.8657 -1.22757 5
      vertex 16.6102 -1.19548 5
      vertex 16.7819 -1.22499 5
    endloop
  endfacet
  facet normal -0 0 1
    outer loop
      vertex 16.4329 1.1796 5
      vertex 16.6102 -1.19548 5
      vertex 16.6102 1.19548 5
    endloop
  endfacet
  facet normal 0 0 1
    outer loop
      vertex 16.4329 1.1796 5
      vertex 16.4329 -1.1796 5
      vertex 16.6102 -1.19548 5
    endloop
  endfacet
  facet normal 0 0 1
    outer loop
      vertex 16.2737 1.18152 5
      vertex 16.4329 -1.1796 5
      vertex 16.4329 1.1796 5
    endloop
  endfacet
  facet normal 0 0 1
    outer loop
      vertex 16.2737 1.18152 5
      vertex 16.2737 -1.18152 5
      vertex 16.4329 -1.1796 5
    endloop
  endfacet
  facet normal -0 0 1
    outer loop
      vertex 15.5932 1.09433 5
      vertex 16.2737 -1.18152 5
      vertex 16.2737 1.18152 5
    endloop
  endfacet
  facet normal 0 0 1
    outer loop
      vertex 15.5932 1.09433 5
      vertex 15.5932 -1.09433 5
      vertex 16.2737 -1.18152 5
    endloop
  endfacet
  facet normal -0 0 1
    outer loop
      vertex 15.4021 1.23167 5
      vertex 15.5932 1.09433 5
      vertex 15.4146 1.23267 5
    endloop
  endfacet
  facet normal 0 0 1
    outer loop
      vertex 15.5932 1.09433 5
      vertex 15.4021 1.23167 5
      vertex 15.5932 -1.09433 5
    endloop
  endfacet
  facet normal 0 0 1
    outer loop
      vertex 15.4021 -1.23167 5
      vertex 15.5932 -1.09433 5
      vertex 15.4021 1.23167 5
    endloop
  endfacet
  facet normal 0 0 1
    outer loop
      vertex 15.5932 -1.09433 5
      vertex 15.4021 -1.23167 5
      vertex 15.4146 -1.23267 5
    endloop
  endfacet
  facet normal 0 0 1
    outer loop
      vertex 15.0301 2.78259 5
      vertex 15.4021 1.23167 5
      vertex 15.3173 1.76826 5
    endloop
  endfacet
  facet normal 0 0 1
    outer loop
      vertex 15.4021 1.23167 5
      vertex 15.0301 2.78259 5
      vertex 15.4021 -1.23167 5
    endloop
  endfacet
  facet normal 0 0 1
    outer loop
      vertex 15.0301 2.78259 5
      vertex 15.3173 1.76826 5
      vertex 15.0882 2.62909 5
    endloop
  endfacet
  facet normal 0 0 1
    outer loop
      vertex 15.0301 -2.78259 5
      vertex 15.4021 -1.23167 5
      vertex 15.0301 2.78259 5
    endloop
  endfacet
  facet normal 0 0 1
    outer loop
      vertex 15.4021 -1.23167 5
      vertex 15.0301 -2.78259 5
      vertex 15.3173 -1.76826 5
    endloop
  endfacet
  facet normal 0 0 1
    outer loop
      vertex 15.3173 -1.76826 5
      vertex 15.0301 -2.78259 5
      vertex 15.0882 -2.62909 5
    endloop
  endfacet
  facet normal 0 0 1
    outer loop
      vertex 17.1562 -5.93709 5
      vertex 17.8641 -5.09358 5
      vertex 17.7025 -4.83942 5
    endloop
  endfacet
  facet normal 0 0 1
    outer loop
      vertex 17.8641 -5.09358 5
      vertex 17.4666 -5.91483 5
      vertex 17.9218 -5.19347 5
    endloop
  endfacet
  facet normal 0 0 1
    outer loop
      vertex 17.1562 -5.93709 5
      vertex 17.7025 -4.83942 5
      vertex 17.5409 -4.60808 5
    endloop
  endfacet
  facet normal 0 0 1
    outer loop
      vertex 17.9218 -5.19347 5
      vertex 17.4666 -5.91483 5
      vertex 17.5688 -5.90269 5
    endloop
  endfacet
  facet normal 0 0 1
    outer loop
      vertex 16.8675 -5.9444 5
      vertex 17.5409 -4.60808 5
      vertex 17.3812 -4.39946 5
    endloop
  endfacet
  facet normal 0 0 1
    outer loop
      vertex 16.6011 -5.93887 5
      vertex 17.3812 -4.39946 5
      vertex 17.2251 -4.21336 5
    endloop
  endfacet
  facet normal 0 0 1
    outer loop
      vertex 17.8641 -5.09358 5
      vertex 17.1562 -5.93709 5
      vertex 17.4666 -5.91483 5
    endloop
  endfacet
  facet normal 0 0 1
    outer loop
      vertex 16.3572 -5.92267 5
      vertex 17.2251 -4.21336 5
      vertex 17.0747 -4.04939 5
    endloop
  endfacet
  facet normal 0 0 1
    outer loop
      vertex 16.1358 -5.89784 5
      vertex 17.0747 -4.04939 5
      vertex 16.9316 -3.907 5
    endloop
  endfacet
  facet normal 0 0 1
    outer loop
      vertex 17.5409 -4.60808 5
      vertex 16.8675 -5.9444 5
      vertex 17.1562 -5.93709 5
    endloop
  endfacet
  facet normal 0 0 1
    outer loop
      vertex 15.9369 -5.86644 5
      vertex 16.9316 -3.907 5
      vertex 16.7979 -3.78548 5
    endloop
  endfacet
  facet normal 0 0 1
    outer loop
      vertex 15.7602 -5.83041 5
      vertex 16.7979 -3.78548 5
      vertex 16.6752 -3.68391 5
    endloop
  endfacet
  facet normal 0 0 1
    outer loop
      vertex 17.3812 -4.39946 5
      vertex 16.6011 -5.93887 5
      vertex 16.8675 -5.9444 5
    endloop
  endfacet
  facet normal 0 0 1
    outer loop
      vertex 15.6051 -5.79163 5
      vertex 16.6752 -3.68391 5
      vertex 16.5654 -3.60118 5
    endloop
  endfacet
  facet normal 0 0 1
    outer loop
      vertex 15.4713 -5.75186 5
      vertex 16.5654 -3.60118 5
      vertex 16.47 -3.536 5
    endloop
  endfacet
  facet normal 0 0 1
    outer loop
      vertex 16.111 -3.37508 5
      vertex 16.47 -3.536 5
      vertex 16.3905 -3.48695 5
    endloop
  endfacet
  facet normal 0 0 1
    outer loop
      vertex 17.2251 -4.21336 5
      vertex 16.3572 -5.92267 5
      vertex 16.6011 -5.93887 5
    endloop
  endfacet
  facet normal 0 0 1
    outer loop
      vertex 16.111 -3.37508 5
      vertex 16.3905 -3.48695 5
      vertex 16.3284 -3.45248 5
    endloop
  endfacet
  facet normal 0 0 1
    outer loop
      vertex 16.111 -3.37508 5
      vertex 16.3284 -3.45248 5
      vertex 16.2606 -3.42017 5
    endloop
  endfacet
  facet normal 0 0 1
    outer loop
      vertex 17.0747 -4.04939 5
      vertex 16.1358 -5.89784 5
      vertex 16.3572 -5.92267 5
    endloop
  endfacet
  facet normal 0 0 1
    outer loop
      vertex 16.47 -3.536 5
      vertex 16.111 -3.37508 5
      vertex 15.3579 -5.71275 5
    endloop
  endfacet
  facet normal 0 0 1
    outer loop
      vertex 16.9316 -3.907 5
      vertex 15.9369 -5.86644 5
      vertex 16.1358 -5.89784 5
    endloop
  endfacet
  facet normal 0 0 1
    outer loop
      vertex 14.9201 -5.47752 5
      vertex 16.111 -3.37508 5
      vertex 15.9361 -3.30547 5
    endloop
  endfacet
  facet normal 0 0 1
    outer loop
      vertex 14.7811 -5.39822 5
      vertex 15.9361 -3.30547 5
      vertex 15.7881 -3.22797 5
    endloop
  endfacet
  facet normal 0 0 1
    outer loop
      vertex 16.7979 -3.78548 5
      vertex 15.7602 -5.83041 5
      vertex 15.9369 -5.86644 5
    endloop
  endfacet
  facet normal 0 0 1
    outer loop
      vertex 16.6752 -3.68391 5
      vertex 15.6051 -5.79163 5
      vertex 15.7602 -5.83041 5
    endloop
  endfacet
  facet normal 0 0 1
    outer loop
      vertex 16.5654 -3.60118 5
      vertex 15.4713 -5.75186 5
      vertex 15.6051 -5.79163 5
    endloop
  endfacet
  facet normal 0 0 1
    outer loop
      vertex 16.47 -3.536 5
      vertex 15.3579 -5.71275 5
      vertex 15.4713 -5.75186 5
    endloop
  endfacet
  facet normal 0 0 1
    outer loop
      vertex 16.111 -3.37508 5
      vertex 15.2642 -5.67595 5
      vertex 15.3579 -5.71275 5
    endloop
  endfacet
  facet normal 0 0 1
    outer loop
      vertex 16.111 -3.37508 5
      vertex 15.1894 -5.64296 5
      vertex 15.2642 -5.67595 5
    endloop
  endfacet
  facet normal 0 0 1
    outer loop
      vertex 14.1322 -4.96223 5
      vertex 15.7881 -3.22797 5
      vertex 15.1339 -2.9888 5
    endloop
  endfacet
  facet normal 0 0 1
    outer loop
      vertex 16.111 -3.37508 5
      vertex 15.1325 -5.61504 5
      vertex 15.1894 -5.64296 5
    endloop
  endfacet
  facet normal 0 0 1
    outer loop
      vertex 16.111 -3.37508 5
      vertex 15.0689 -5.57933 5
      vertex 15.1325 -5.61504 5
    endloop
  endfacet
  facet normal 0 0 1
    outer loop
      vertex 15.0301 -2.78259 5
      vertex 15.1339 -2.9888 5
      vertex 15.0383 -2.7841 5
    endloop
  endfacet
  facet normal 0 0 1
    outer loop
      vertex 15.1339 -2.9888 5
      vertex 15.0301 -2.78259 5
      vertex 14.1322 -4.96223 5
    endloop
  endfacet
  facet normal 0 0 1
    outer loop
      vertex 16.111 -3.37508 5
      vertex 14.9201 -5.47752 5
      vertex 15.0689 -5.57933 5
    endloop
  endfacet
  facet normal 0 0 1
    outer loop
      vertex 15.1339 2.9888 5
      vertex 15.0301 2.78259 5
      vertex 15.0383 2.7841 5
    endloop
  endfacet
  facet normal 0 0 1
    outer loop
      vertex 13.9087 5.00566 5
      vertex 15.0301 2.78259 5
      vertex 14.1322 4.96223 5
    endloop
  endfacet
  facet normal 0 0 1
    outer loop
      vertex 15.9361 -3.30547 5
      vertex 14.7811 -5.39822 5
      vertex 14.9201 -5.47752 5
    endloop
  endfacet
  facet normal 0 0 1
    outer loop
      vertex 15.0301 2.78259 5
      vertex 13.9087 5.00566 5
      vertex 15.0301 -2.78259 5
    endloop
  endfacet
  facet normal 0 0 1
    outer loop
      vertex 15.7881 -3.22797 5
      vertex 14.1322 -4.96223 5
      vertex 14.7811 -5.39822 5
    endloop
  endfacet
  facet normal 0 0 1
    outer loop
      vertex 13.9087 -5.00566 5
      vertex 15.0301 -2.78259 5
      vertex 13.9087 5.00566 5
    endloop
  endfacet
  facet normal 0 0 1
    outer loop
      vertex 15.0301 -2.78259 5
      vertex 13.9087 -5.00566 5
      vertex 14.1322 -4.96223 5
    endloop
  endfacet
  facet normal 0 0 1
    outer loop
      vertex 13.363 5.71893 5
      vertex 13.9087 -5.00566 5
      vertex 13.9087 5.00566 5
    endloop
  endfacet
  facet normal 0 0 1
    outer loop
      vertex 13.363 5.71893 5
      vertex 13.363 -5.71893 5
      vertex 13.9087 -5.00566 5
    endloop
  endfacet
  facet normal 0 0 1
    outer loop
      vertex 12.879 6.2426 5
      vertex 13.363 -5.71893 5
      vertex 13.363 5.71893 5
    endloop
  endfacet
  facet normal 0 0 1
    outer loop
      vertex 13.363 -5.71893 5
      vertex 12.879 6.2426 5
      vertex 12.879 -6.2426 5
    endloop
  endfacet
  facet normal 0 0 1
    outer loop
      vertex 14.4491 -9.50674 5
      vertex 14.4064 -9.72522 5
      vertex 14.4678 -9.66954 5
    endloop
  endfacet
  facet normal 0 0 1
    outer loop
      vertex 13.4173 -10.0162 5
      vertex 14.4491 -9.50674 5
      vertex 14.4052 -9.22202 5
    endloop
  endfacet
  facet normal 0 0 1
    outer loop
      vertex 13.4173 -10.0162 5
      vertex 14.4052 -9.22202 5
      vertex 14.3535 -8.95615 5
    endloop
  endfacet
  facet normal 0 0 1
    outer loop
      vertex 13.1638 -9.90262 5
      vertex 14.3535 -8.95615 5
      vertex 14.2953 -8.70959 5
    endloop
  endfacet
  facet normal 0 0 1
    outer loop
      vertex 12.9335 -9.78781 5
      vertex 14.2953 -8.70959 5
      vertex 14.2322 -8.48276 5
    endloop
  endfacet
  facet normal 0 0 1
    outer loop
      vertex 12.7258 -9.67332 5
      vertex 14.2322 -8.48276 5
      vertex 14.1656 -8.27597 5
    endloop
  endfacet
  facet normal 0 0 1
    outer loop
      vertex 12.5397 -9.56065 5
      vertex 14.1656 -8.27597 5
      vertex 14.097 -8.08951 5
    endloop
  endfacet
  facet normal 0 0 1
    outer loop
      vertex 12.3745 -9.4512 5
      vertex 14.097 -8.08951 5
      vertex 14.0282 -7.92355 5
    endloop
  endfacet
  facet normal 0 0 1
    outer loop
      vertex 12.229 -9.34627 5
      vertex 14.0282 -7.92355 5
      vertex 13.9607 -7.77818 5
    endloop
  endfacet
  facet normal 0 0 1
    outer loop
      vertex 12.1023 -9.24709 5
      vertex 13.9607 -7.77818 5
      vertex 13.8963 -7.6534 5
    endloop
  endfacet
  facet normal 0 0 1
    outer loop
      vertex 11.9935 -9.15475 5
      vertex 13.8963 -7.6534 5
      vertex 13.8368 -7.54901 5
    endloop
  endfacet
  facet normal 0 0 1
    outer loop
      vertex 14.3535 -8.95615 5
      vertex 13.1638 -9.90262 5
      vertex 13.4173 -10.0162 5
    endloop
  endfacet
  facet normal 0 0 1
    outer loop
      vertex 11.9015 -9.07033 5
      vertex 13.8368 -7.54901 5
      vertex 13.7839 -7.4648 5
    endloop
  endfacet
  facet normal 0 0 1
    outer loop
      vertex 13.5589 -7.20786 5
      vertex 13.7839 -7.4648 5
      vertex 13.7394 -7.4003 5
    endloop
  endfacet
  facet normal 0 0 1
    outer loop
      vertex 14.4064 -9.72522 5
      vertex 13.6948 -10.1268 5
      vertex 13.8203 -10.1707 5
    endloop
  endfacet
  facet normal 0 0 1
    outer loop
      vertex 13.5589 -7.20786 5
      vertex 13.7394 -7.4003 5
      vertex 13.6829 -7.328 5
    endloop
  endfacet
  facet normal 0 0 1
    outer loop
      vertex 13.7839 -7.4648 5
      vertex 13.5589 -7.20786 5
      vertex 11.9015 -9.07033 5
    endloop
  endfacet
  facet normal 0 0 1
    outer loop
      vertex 11.5512 -8.6377 5
      vertex 13.5589 -7.20786 5
      vertex 13.4399 -7.07237 5
    endloop
  endfacet
  facet normal 0 0 1
    outer loop
      vertex 14.4491 -9.50674 5
      vertex 13.6948 -10.1268 5
      vertex 14.4064 -9.72522 5
    endloop
  endfacet
  facet normal 0 0 1
    outer loop
      vertex 11.5512 -8.6377 5
      vertex 13.4399 -7.07237 5
      vertex 13.3479 -6.94333 5
    endloop
  endfacet
  facet normal 0 -0 1
    outer loop
      vertex 13.6948 -10.1268 5
      vertex 14.4491 -9.50674 5
      vertex 13.4173 -10.0162 5
    endloop
  endfacet
  facet normal 0 0 1
    outer loop
      vertex 14.2953 -8.70959 5
      vertex 12.9335 -9.78781 5
      vertex 13.1638 -9.90262 5
    endloop
  endfacet
  facet normal 0 0 1
    outer loop
      vertex 11.0873 -7.89531 5
      vertex 13.3479 -6.94333 5
      vertex 12.8851 -6.472 5
    endloop
  endfacet
  facet normal 0 0 1
    outer loop
      vertex 11.0873 -7.89531 5
      vertex 12.8851 -6.472 5
      vertex 12.879 -6.2426 5
    endloop
  endfacet
  facet normal 0 0 1
    outer loop
      vertex 14.2322 -8.48276 5
      vertex 12.7258 -9.67332 5
      vertex 12.9335 -9.78781 5
    endloop
  endfacet
  facet normal -0 0 1
    outer loop
      vertex 10.8604 7.84021 5
      vertex 12.879 6.2426 5
      vertex 11.0873 7.89531 5
    endloop
  endfacet
  facet normal 0 0 1
    outer loop
      vertex 13.7394 7.4003 5
      vertex 13.5589 7.20786 5
      vertex 13.6829 7.328 5
    endloop
  endfacet
  facet normal 0 0 1
    outer loop
      vertex 12.879 6.2426 5
      vertex 10.8604 7.84021 5
      vertex 12.879 -6.2426 5
    endloop
  endfacet
  facet normal -0 0 1
    outer loop
      vertex 11.8253 8.99477 5
      vertex 13.5589 7.20786 5
      vertex 11.9015 9.07033 5
    endloop
  endfacet
  facet normal 0 0 1
    outer loop
      vertex 13.3479 -6.94333 5
      vertex 11.0873 -7.89531 5
      vertex 11.5512 -8.6377 5
    endloop
  endfacet
  facet normal -0 0 1
    outer loop
      vertex 11.7638 8.92899 5
      vertex 13.5589 7.20786 5
      vertex 11.8253 8.99477 5
    endloop
  endfacet
  facet normal 0 0 1
    outer loop
      vertex 13.5589 -7.20786 5
      vertex 11.5512 -8.6377 5
      vertex 11.6575 -8.79848 5
    endloop
  endfacet
  facet normal -0 0 1
    outer loop
      vertex 11.716 8.87384 5
      vertex 13.5589 7.20786 5
      vertex 11.7638 8.92899 5
    endloop
  endfacet
  facet normal 0 0 1
    outer loop
      vertex 14.1656 -8.27597 5
      vertex 12.5397 -9.56065 5
      vertex 12.7258 -9.67332 5
    endloop
  endfacet
  facet normal -0 0 1
    outer loop
      vertex 11.6575 8.79848 5
      vertex 13.5589 7.20786 5
      vertex 11.716 8.87384 5
    endloop
  endfacet
  facet normal 0 0 1
    outer loop
      vertex 14.097 -8.08951 5
      vertex 12.3745 -9.4512 5
      vertex 12.5397 -9.56065 5
    endloop
  endfacet
  facet normal -0 0 1
    outer loop
      vertex 11.5512 8.6377 5
      vertex 13.5589 7.20786 5
      vertex 11.6575 8.79848 5
    endloop
  endfacet
  facet normal 0 0 1
    outer loop
      vertex 14.0282 -7.92355 5
      vertex 12.229 -9.34627 5
      vertex 12.3745 -9.4512 5
    endloop
  endfacet
  facet normal 0 0 1
    outer loop
      vertex 13.5589 7.20786 5
      vertex 11.5512 8.6377 5
      vertex 13.4399 7.07237 5
    endloop
  endfacet
  facet normal 0 0 1
    outer loop
      vertex 13.9607 -7.77818 5
      vertex 12.1023 -9.24709 5
      vertex 12.229 -9.34627 5
    endloop
  endfacet
  facet normal 0 0 1
    outer loop
      vertex 13.3479 6.94333 5
      vertex 11.0873 7.89531 5
      vertex 12.8851 6.472 5
    endloop
  endfacet
  facet normal 0 0 1
    outer loop
      vertex 13.8963 -7.6534 5
      vertex 11.9935 -9.15475 5
      vertex 12.1023 -9.24709 5
    endloop
  endfacet
  facet normal 0 0 1
    outer loop
      vertex 13.4399 7.07237 5
      vertex 11.5512 8.6377 5
      vertex 13.3479 6.94333 5
    endloop
  endfacet
  facet normal 0 0 1
    outer loop
      vertex 13.8368 -7.54901 5
      vertex 11.9015 -9.07033 5
      vertex 11.9935 -9.15475 5
    endloop
  endfacet
  facet normal -0 0 1
    outer loop
      vertex 11.0873 7.89531 5
      vertex 13.3479 6.94333 5
      vertex 11.5512 8.6377 5
    endloop
  endfacet
  facet normal 0 0 1
    outer loop
      vertex 12.8851 6.472 5
      vertex 11.0873 7.89531 5
      vertex 12.879 6.2426 5
    endloop
  endfacet
  facet normal 0 0 1
    outer loop
      vertex 13.5589 -7.20786 5
      vertex 11.8253 -8.99477 5
      vertex 11.9015 -9.07033 5
    endloop
  endfacet
  facet normal 0 0 1
    outer loop
      vertex 13.5589 -7.20786 5
      vertex 11.6575 -8.79848 5
      vertex 11.716 -8.87384 5
    endloop
  endfacet
  facet normal 0 0 1
    outer loop
      vertex 13.5589 -7.20786 5
      vertex 11.7638 -8.92899 5
      vertex 11.8253 -8.99477 5
    endloop
  endfacet
  facet normal 0 0 1
    outer loop
      vertex 13.5589 -7.20786 5
      vertex 11.716 -8.87384 5
      vertex 11.7638 -8.92899 5
    endloop
  endfacet
  facet normal 0 0 1
    outer loop
      vertex 10.8604 7.84021 5
      vertex 11.0873 7.89531 5
      vertex 10.867 7.84496 5
    endloop
  endfacet
  facet normal 0 0 1
    outer loop
      vertex 10.8604 -7.84021 5
      vertex 12.879 -6.2426 5
      vertex 10.8604 7.84021 5
    endloop
  endfacet
  facet normal 0 0 1
    outer loop
      vertex 12.879 -6.2426 5
      vertex 10.8604 -7.84021 5
      vertex 11.0873 -7.89531 5
    endloop
  endfacet
  facet normal 0 0 1
    outer loop
      vertex 11.0873 -7.89531 5
      vertex 10.8604 -7.84021 5
      vertex 10.867 -7.84496 5
    endloop
  endfacet
  facet normal 0 0 1
    outer loop
      vertex 9.93959 8.34613 5
      vertex 10.8604 7.84021 5
      vertex 10.6911 7.94806 5
    endloop
  endfacet
  facet normal 0 0 1
    outer loop
      vertex 10.8604 7.84021 5
      vertex 9.93959 8.34613 5
      vertex 10.8604 -7.84021 5
    endloop
  endfacet
  facet normal 0 0 1
    outer loop
      vertex 9.93959 -8.34613 5
      vertex 10.8604 -7.84021 5
      vertex 9.93959 8.34613 5
    endloop
  endfacet
  facet normal 0 0 1
    outer loop
      vertex 10.8604 -7.84021 5
      vertex 9.93959 -8.34613 5
      vertex 10.6911 -7.94806 5
    endloop
  endfacet
  facet normal 0 0 1
    outer loop
      vertex 9.40247 8.57954 5
      vertex 9.93959 -8.34613 5
      vertex 9.93959 8.34613 5
    endloop
  endfacet
  facet normal 0 0 1
    outer loop
      vertex 9.93959 -8.34613 5
      vertex 9.40247 8.57954 5
      vertex 9.40247 -8.57954 5
    endloop
  endfacet
  facet normal 0 0 1
    outer loop
      vertex 9.40247 -8.57954 5
      vertex 9.31987 -8.79306 5
      vertex 9.40883 -8.58536 5
    endloop
  endfacet
  facet normal 0 0 1
    outer loop
      vertex 9.31987 -8.79306 5
      vertex 9.40247 -8.57954 5
      vertex 9.31987 8.79306 5
    endloop
  endfacet
  facet normal 0 0 1
    outer loop
      vertex 7.59966 -11.2059 5
      vertex 9.80537 -10.576 5
      vertex 9.79993 -10.415 5
    endloop
  endfacet
  facet normal 0 0 1
    outer loop
      vertex 9.80537 -10.576 5
      vertex 7.59966 -11.2059 5
      vertex 9.80466 -10.7549 5
    endloop
  endfacet
  facet normal 0 0 1
    outer loop
      vertex 7.51872 -11.0661 5
      vertex 9.79993 -10.415 5
      vertex 9.78964 -10.2721 5
    endloop
  endfacet
  facet normal 0 0 1
    outer loop
      vertex 9.80466 -10.7549 5
      vertex 7.59966 -11.2059 5
      vertex 7.6946 -11.3573 5
    endloop
  endfacet
  facet normal 0 0 1
    outer loop
      vertex 7.451 -10.9386 5
      vertex 9.78964 -10.2721 5
      vertex 9.77589 -10.1478 5
    endloop
  endfacet
  facet normal 0 0 1
    outer loop
      vertex 7.39542 -10.824 5
      vertex 9.77589 -10.1478 5
      vertex 9.76012 -10.0425 5
    endloop
  endfacet
  facet normal 0 -0 1
    outer loop
      vertex 7.80472 -11.5194 5
      vertex 9.79649 -10.951 5
      vertex 7.6946 -11.3573 5
    endloop
  endfacet
  facet normal 0 0 1
    outer loop
      vertex 7.35095 -10.723 5
      vertex 9.76012 -10.0425 5
      vertex 9.74377 -9.95648 5
    endloop
  endfacet
  facet normal 0 0 1
    outer loop
      vertex 7.35095 -10.723 5
      vertex 9.74377 -9.95648 5
      vertex 9.72842 -9.88995 5
    endloop
  endfacet
  facet normal 0 0 1
    outer loop
      vertex 9.79649 -10.951 5
      vertex 7.80472 -11.5194 5
      vertex 9.77969 -11.1638 5
    endloop
  endfacet
  facet normal 0 0 1
    outer loop
      vertex 7.31654 -10.6362 5
      vertex 9.72842 -9.88995 5
      vertex 9.70712 -9.81593 5
    endloop
  endfacet
  facet normal 0 0 1
    outer loop
      vertex 9.77969 -11.1638 5
      vertex 7.93124 -11.6914 5
      vertex 9.75304 -11.3928 5
    endloop
  endfacet
  facet normal 0 0 1
    outer loop
      vertex 7.31654 -10.6362 5
      vertex 9.70712 -9.81593 5
      vertex 9.6432 -9.64992 5
    endloop
  endfacet
  facet normal 0 -0 1
    outer loop
      vertex 8.07521 -11.8725 5
      vertex 9.75304 -11.3928 5
      vertex 7.93124 -11.6914 5
    endloop
  endfacet
  facet normal 0 0 1
    outer loop
      vertex 7.22044 -10.2769 5
      vertex 9.6432 -9.64992 5
      vertex 9.59749 -9.49403 5
    endloop
  endfacet
  facet normal 0 -0 1
    outer loop
      vertex 8.23766 -12.0617 5
      vertex 9.71538 -11.6375 5
      vertex 8.07521 -11.8725 5
    endloop
  endfacet
  facet normal 0 -0 1
    outer loop
      vertex 8.41965 -12.2581 5
      vertex 9.66563 -11.8971 5
      vertex 8.23766 -12.0617 5
    endloop
  endfacet
  facet normal -0 0 1
    outer loop
      vertex 7.07193 -9.43536 5
      vertex 9.59749 -9.49403 5
      vertex 9.31987 -8.79306 5
    endloop
  endfacet
  facet normal 0 0 1
    outer loop
      vertex 9.71538 -11.6375 5
      vertex 8.23766 -12.0617 5
      vertex 9.66563 -11.8971 5
    endloop
  endfacet
  facet normal -0 0 1
    outer loop
      vertex 6.88486 9.30402 5
      vertex 9.31987 8.79306 5
      vertex 7.07193 9.43536 5
    endloop
  endfacet
  facet normal 0 0 1
    outer loop
      vertex 9.66563 11.8971 5
      vertex 8.41965 12.2581 5
      vertex 8.23766 12.0617 5
    endloop
  endfacet
  facet normal -0 0 1
    outer loop
      vertex 5.61728 -0.294388 5
      vertex 9.31987 -8.79306 5
      vertex 5.625 0 5
    endloop
  endfacet
  facet normal 0 0 1
    outer loop
      vertex 9.71538 11.6375 5
      vertex 8.23766 12.0617 5
      vertex 8.07521 11.8725 5
    endloop
  endfacet
  facet normal 0 0 1
    outer loop
      vertex 9.59749 -9.49403 5
      vertex 7.07193 -9.43536 5
      vertex 7.22044 -10.2769 5
    endloop
  endfacet
  facet normal -0 0 1
    outer loop
      vertex 7.39542 10.824 5
      vertex 9.77589 10.1478 5
      vertex 7.451 10.9386 5
    endloop
  endfacet
  facet normal 0 0 1
    outer loop
      vertex 9.45395 -12.386 5
      vertex 8.62221 -12.4606 5
      vertex 8.74754 -12.5766 5
    endloop
  endfacet
  facet normal 0 0 1
    outer loop
      vertex 9.77589 10.1478 5
      vertex 7.39542 10.824 5
      vertex 9.76012 10.0425 5
    endloop
  endfacet
  facet normal 0 0 1
    outer loop
      vertex 9.60268 -12.1711 5
      vertex 8.62221 -12.4606 5
      vertex 9.45395 -12.386 5
    endloop
  endfacet
  facet normal -0 0 1
    outer loop
      vertex 7.35095 10.723 5
      vertex 9.76012 10.0425 5
      vertex 7.39542 10.824 5
    endloop
  endfacet
  facet normal 0 -0 1
    outer loop
      vertex 8.62221 -12.4606 5
      vertex 9.60268 -12.1711 5
      vertex 8.41965 -12.2581 5
    endloop
  endfacet
  facet normal 0 0 1
    outer loop
      vertex 9.76012 10.0425 5
      vertex 7.35095 10.723 5
      vertex 9.74377 9.95648 5
    endloop
  endfacet
  facet normal 0 -0 1
    outer loop
      vertex 5.61728 0.294388 5
      vertex 9.31987 8.79306 5
      vertex 5.59418 0.587972 5
    endloop
  endfacet
  facet normal 0 0 1
    outer loop
      vertex 9.74377 9.95648 5
      vertex 7.35095 10.723 5
      vertex 9.72842 9.88995 5
    endloop
  endfacet
  facet normal 0 0 1
    outer loop
      vertex 9.60268 -12.1711 5
      vertex 9.45395 -12.386 5
      vertex 9.55443 -12.351 5
    endloop
  endfacet
  facet normal -0 0 1
    outer loop
      vertex 7.31654 10.6362 5
      vertex 9.72842 9.88995 5
      vertex 7.35095 10.723 5
    endloop
  endfacet
  facet normal 0 0 1
    outer loop
      vertex 9.75304 -11.3928 5
      vertex 8.07521 -11.8725 5
      vertex 9.71538 -11.6375 5
    endloop
  endfacet
  facet normal 0 0 1
    outer loop
      vertex 9.72842 9.88995 5
      vertex 7.31654 10.6362 5
      vertex 9.70712 9.81593 5
    endloop
  endfacet
  facet normal 0 0 1
    outer loop
      vertex 9.6432 -9.64992 5
      vertex 7.22044 -10.2769 5
      vertex 7.26231 -10.467 5
    endloop
  endfacet
  facet normal 0 0 1
    outer loop
      vertex 9.70712 9.81593 5
      vertex 7.31654 10.6362 5
      vertex 9.6432 9.64992 5
    endloop
  endfacet
  facet normal 0 -0 1
    outer loop
      vertex 7.93124 -11.6914 5
      vertex 9.77969 -11.1638 5
      vertex 7.80472 -11.5194 5
    endloop
  endfacet
  facet normal -0 0 1
    outer loop
      vertex 7.29115 10.5642 5
      vertex 9.6432 9.64992 5
      vertex 7.31654 10.6362 5
    endloop
  endfacet
  facet normal 0 0 1
    outer loop
      vertex 9.80466 -10.7549 5
      vertex 7.6946 -11.3573 5
      vertex 9.79649 -10.951 5
    endloop
  endfacet
  facet normal -0 0 1
    outer loop
      vertex 7.25487 10.4361 5
      vertex 9.6432 9.64992 5
      vertex 7.29115 10.5642 5
    endloop
  endfacet
  facet normal 0 0 1
    outer loop
      vertex 9.79993 -10.415 5
      vertex 7.51872 -11.0661 5
      vertex 7.59966 -11.2059 5
    endloop
  endfacet
  facet normal 0 0 1
    outer loop
      vertex 9.6432 9.64992 5
      vertex 7.22044 10.2769 5
      vertex 9.59749 9.49403 5
    endloop
  endfacet
  facet normal 0 0 1
    outer loop
      vertex 9.78964 -10.2721 5
      vertex 7.451 -10.9386 5
      vertex 7.51872 -11.0661 5
    endloop
  endfacet
  facet normal -0 0 1
    outer loop
      vertex 7.22044 10.2769 5
      vertex 9.6432 9.64992 5
      vertex 7.25487 10.4361 5
    endloop
  endfacet
  facet normal 0 0 1
    outer loop
      vertex 9.77589 -10.1478 5
      vertex 7.39542 -10.824 5
      vertex 7.451 -10.9386 5
    endloop
  endfacet
  facet normal 0 0 1
    outer loop
      vertex 9.76012 -10.0425 5
      vertex 7.35095 -10.723 5
      vertex 7.39542 -10.824 5
    endloop
  endfacet
  facet normal 0 0 1
    outer loop
      vertex 7.07193 9.43536 5
      vertex 9.59749 9.49403 5
      vertex 7.22044 10.2769 5
    endloop
  endfacet
  facet normal 0 0 1
    outer loop
      vertex 9.59749 9.49403 5
      vertex 7.07193 9.43536 5
      vertex 9.31987 8.79306 5
    endloop
  endfacet
  facet normal 0 0 1
    outer loop
      vertex 9.72842 -9.88995 5
      vertex 7.31654 -10.6362 5
      vertex 7.35095 -10.723 5
    endloop
  endfacet
  facet normal 0 0 1
    outer loop
      vertex 9.6432 -9.64992 5
      vertex 7.29115 -10.5642 5
      vertex 7.31654 -10.6362 5
    endloop
  endfacet
  facet normal 0 0 1
    outer loop
      vertex 9.6432 -9.64992 5
      vertex 7.26231 -10.467 5
      vertex 7.29115 -10.5642 5
    endloop
  endfacet
  facet normal 0 0 1
    outer loop
      vertex 5.13869 2.28789 5
      vertex 9.31987 8.79306 5
      vertex 6.88486 9.30402 5
    endloop
  endfacet
  facet normal 0 0 1
    outer loop
      vertex 9.66563 -11.8971 5
      vertex 8.41965 -12.2581 5
      vertex 9.60268 -12.1711 5
    endloop
  endfacet
  facet normal 0 0 1
    outer loop
      vertex 5.13869 2.28789 5
      vertex 6.88486 9.30402 5
      vertex 6.84378 9.31207 5
    endloop
  endfacet
  facet normal 0 0 1
    outer loop
      vertex 9.31987 -8.79306 5
      vertex 6.88486 -9.30402 5
      vertex 7.07193 -9.43536 5
    endloop
  endfacet
  facet normal 0 0 1
    outer loop
      vertex 5.13869 2.28789 5
      vertex 6.84378 9.31207 5
      vertex 6.08032 9.40897 5
    endloop
  endfacet
  facet normal 0 0 1
    outer loop
      vertex 9.31987 8.79306 5
      vertex 5.625 0 5
      vertex 9.31987 -8.79306 5
    endloop
  endfacet
  facet normal -0 0 1
    outer loop
      vertex 5.55574 -0.879944 5
      vertex 9.31987 -8.79306 5
      vertex 5.59418 -0.587972 5
    endloop
  endfacet
  facet normal -0 0 1
    outer loop
      vertex 5.59418 -0.587972 5
      vertex 9.31987 -8.79306 5
      vertex 5.61728 -0.294388 5
    endloop
  endfacet
  facet normal 0 -0 1
    outer loop
      vertex 5.625 0 5
      vertex 9.31987 8.79306 5
      vertex 5.61728 0.294388 5
    endloop
  endfacet
  facet normal 0 0 1
    outer loop
      vertex 5.61728 0.294388 5
      vertex 5.59418 0.587972 5
      vertex 5.5942 0.587667 5
    endloop
  endfacet
  facet normal 0 0 1
    outer loop
      vertex 9.31987 8.79306 5
      vertex 5.55574 0.879944 5
      vertex 5.59418 0.587972 5
    endloop
  endfacet
  facet normal 0 0 1
    outer loop
      vertex 5.59418 0.587972 5
      vertex 5.55574 0.879944 5
      vertex 5.59414 0.58828 5
    endloop
  endfacet
  facet normal 0 0 1
    outer loop
      vertex 9.31987 8.79306 5
      vertex 5.50208 1.1695 5
      vertex 5.55574 0.879944 5
    endloop
  endfacet
  facet normal 0 0 1
    outer loop
      vertex 5.55574 0.879944 5
      vertex 5.50208 1.1695 5
      vertex 5.50212 1.16927 5
    endloop
  endfacet
  facet normal 0 0 1
    outer loop
      vertex 9.31987 8.79306 5
      vertex 5.43332 1.45586 5
      vertex 5.50208 1.1695 5
    endloop
  endfacet
  facet normal 0 0 1
    outer loop
      vertex 5.50208 1.1695 5
      vertex 5.43332 1.45586 5
      vertex 5.50201 1.16975 5
    endloop
  endfacet
  facet normal 0 0 1
    outer loop
      vertex 9.31987 8.79306 5
      vertex 5.34969 1.73822 5
      vertex 5.43332 1.45586 5
    endloop
  endfacet
  facet normal 0 0 1
    outer loop
      vertex 5.43332 1.45586 5
      vertex 5.34969 1.73822 5
      vertex 5.34976 1.73798 5
    endloop
  endfacet
  facet normal 0 0 1
    outer loop
      vertex 9.31987 8.79306 5
      vertex 5.25139 2.01581 5
      vertex 5.34969 1.73822 5
    endloop
  endfacet
  facet normal 0 0 1
    outer loop
      vertex 5.13869 2.28789 5
      vertex 6.08032 9.40897 5
      vertex 5.3315 9.4545 5
    endloop
  endfacet
  facet normal 0 0 1
    outer loop
      vertex 5.34969 1.73822 5
      vertex 5.25139 2.01581 5
      vertex 5.34961 1.73844 5
    endloop
  endfacet
  facet normal 0 0 1
    outer loop
      vertex 3.30629 4.55072 5
      vertex 5.3315 9.4545 5
      vertex 5.24539 9.45425 5
    endloop
  endfacet
  facet normal 0 0 1
    outer loop
      vertex 9.31987 8.79306 5
      vertex 5.1388 2.28763 5
      vertex 5.25139 2.01581 5
    endloop
  endfacet
  facet normal -0 0 1
    outer loop
      vertex 4.71751 -3.06358 5
      vertex 9.31987 -8.79306 5
      vertex 4.87108 -2.81297 5
    endloop
  endfacet
  facet normal -0 0 1
    outer loop
      vertex 4.55074 -3.30626 5
      vertex 9.31987 -8.79306 5
      vertex 4.71751 -3.06358 5
    endloop
  endfacet
  facet normal 0 0 1
    outer loop
      vertex 5.24539 -9.45425 5
      vertex 5.08873 -9.61867 5
      vertex 5.2473 -9.45769 5
    endloop
  endfacet
  facet normal -0 0 1
    outer loop
      vertex 4.55072 -3.30629 5
      vertex 9.31987 -8.79306 5
      vertex 4.55074 -3.30626 5
    endloop
  endfacet
  facet normal 0 0 1
    outer loop
      vertex 9.31987 -8.79306 5
      vertex 4.55072 -3.30629 5
      vertex 6.88486 -9.30402 5
    endloop
  endfacet
  facet normal -0 0 1
    outer loop
      vertex 4.55069 -3.30633 5
      vertex 6.88486 -9.30402 5
      vertex 4.55072 -3.30629 5
    endloop
  endfacet
  facet normal -0 0 1
    outer loop
      vertex 4.37144 -3.53992 5
      vertex 6.88486 -9.30402 5
      vertex 4.55069 -3.30633 5
    endloop
  endfacet
  facet normal -0 0 1
    outer loop
      vertex 4.26675 -3.66249 5
      vertex 6.88486 -9.30402 5
      vertex 4.37144 -3.53992 5
    endloop
  endfacet
  facet normal -0 0 1
    outer loop
      vertex 4.18019 -3.76386 5
      vertex 6.88486 -9.30402 5
      vertex 4.26675 -3.66249 5
    endloop
  endfacet
  facet normal 0 0 1
    outer loop
      vertex 6.88486 -9.30402 5
      vertex 4.18019 -3.76386 5
      vertex 6.84378 -9.31207 5
    endloop
  endfacet
  facet normal -0 0 1
    outer loop
      vertex 3.76386 -4.18019 5
      vertex 6.84378 -9.31207 5
      vertex 4.18019 -3.76386 5
    endloop
  endfacet
  facet normal 0 0 1
    outer loop
      vertex 6.84378 -9.31207 5
      vertex 3.76386 -4.18019 5
      vertex 6.08032 -9.40897 5
    endloop
  endfacet
  facet normal 0 0 1
    outer loop
      vertex 4.87139 -2.8125 5
      vertex 5.0119 -2.5537 5
      vertex 4.87164 -2.81201 5
    endloop
  endfacet
  facet normal 0 0 1
    outer loop
      vertex 6.08032 -9.40897 5
      vertex 3.76386 -4.18019 5
      vertex 5.3315 -9.4545 5
    endloop
  endfacet
  facet normal -0 0 1
    outer loop
      vertex 3.30629 -4.55072 5
      vertex 5.3315 -9.4545 5
      vertex 3.76386 -4.18019 5
    endloop
  endfacet
  facet normal 0 0 1
    outer loop
      vertex 5.3315 -9.4545 5
      vertex 3.30629 -4.55072 5
      vertex 5.24539 -9.45425 5
    endloop
  endfacet
  facet normal -0 0 1
    outer loop
      vertex 2.8125 -4.87139 5
      vertex 5.24539 -9.45425 5
      vertex 3.30629 -4.55072 5
    endloop
  endfacet
  facet normal -0 0 1
    outer loop
      vertex 2.62007 -9.21086 5
      vertex 5.24539 -9.45425 5
      vertex 2.8125 -4.87139 5
    endloop
  endfacet
  facet normal 0 0 1
    outer loop
      vertex 5.24539 -9.45425 5
      vertex 2.74718 -9.40152 5
      vertex 5.08873 -9.61867 5
    endloop
  endfacet
  facet normal 0 0 1
    outer loop
      vertex 5.08873 -9.61867 5
      vertex 2.60431 -10.1177 5
      vertex 5.07744 -10.7701 5
    endloop
  endfacet
  facet normal -0 0 1
    outer loop
      vertex 2.56075 -10.4549 5
      vertex 5.07744 -10.7701 5
      vertex 2.59157 -10.2717 5
    endloop
  endfacet
  facet normal 0 0 1
    outer loop
      vertex 5.07744 -10.7701 5
      vertex 2.56075 -10.4549 5
      vertex 5.06566 -10.8445 5
    endloop
  endfacet
  facet normal -0 0 1
    outer loop
      vertex 2.55331 -10.5437 5
      vertex 5.06566 -10.8445 5
      vertex 2.56075 -10.4549 5
    endloop
  endfacet
  facet normal -0 0 1
    outer loop
      vertex 2.55089 -10.6163 5
      vertex 5.06566 -10.8445 5
      vertex 2.55331 -10.5437 5
    endloop
  endfacet
  facet normal 0 0 1
    outer loop
      vertex 5.06566 -10.8445 5
      vertex 2.55089 -10.6163 5
      vertex 5.04785 -10.9356 5
    endloop
  endfacet
  facet normal 0 0 1
    outer loop
      vertex 5.04785 -10.9356 5
      vertex 2.55191 -10.7073 5
      vertex 5.02286 -11.0429 5
    endloop
  endfacet
  facet normal -0 -0 1
    outer loop
      vertex 2.55608 -10.8159 5
      vertex 5.02286 -11.0429 5
      vertex 2.55191 -10.7073 5
    endloop
  endfacet
  facet normal 0 0 1
    outer loop
      vertex 4.18019 -3.76386 5
      vertex 4.26675 -3.66249 5
      vertex 4.26228 -3.66249 5
    endloop
  endfacet
  facet normal 0 0 1
    outer loop
      vertex 5.02286 -11.0429 5
      vertex 2.55608 -10.8159 5
      vertex 4.98953 -11.1658 5
    endloop
  endfacet
  facet normal -0 -0 1
    outer loop
      vertex 2.56627 -10.9421 5
      vertex 4.98953 -11.1658 5
      vertex 2.55608 -10.8159 5
    endloop
  endfacet
  facet normal -0 -0 1
    outer loop
      vertex 2.608 -11.2447 5
      vertex 4.8927 -11.456 5
      vertex 2.58368 -11.0853 5
    endloop
  endfacet
  facet normal -0 -0 1
    outer loop
      vertex 2.55191 -10.7073 5
      vertex 5.04785 -10.9356 5
      vertex 2.55089 -10.6163 5
    endloop
  endfacet
  facet normal 0 0 1
    outer loop
      vertex 4.8927 -11.456 5
      vertex 2.608 -11.2447 5
      vertex 4.82695 -11.6221 5
    endloop
  endfacet
  facet normal -0 0 1
    outer loop
      vertex 2.59157 -10.2717 5
      vertex 5.07744 -10.7701 5
      vertex 2.60431 -10.1177 5
    endloop
  endfacet
  facet normal 0 0 1
    outer loop
      vertex 4.82695 -11.6221 5
      vertex 2.64172 -11.42 5
      vertex 4.74854 -11.8013 5
    endloop
  endfacet
  facet normal 0 0 1
    outer loop
      vertex 4.65646 -11.993 5
      vertex 2.74197 -11.8161 5
      vertex 4.54974 -12.1965 5
    endloop
  endfacet
  facet normal 0 0 1
    outer loop
      vertex 3.55014 -12.985 5
      vertex 3.09915 -12.7712 5
      vertex 3.17924 -12.9384 5
    endloop
  endfacet
  facet normal 0 0 1
    outer loop
      vertex 3.55014 -12.985 5
      vertex 2.98721 -12.5136 5
      vertex 3.09915 -12.7712 5
    endloop
  endfacet
  facet normal -0 -0 1
    outer loop
      vertex 2.74718 -9.40152 5
      vertex 5.24539 -9.45425 5
      vertex 2.62007 -9.21086 5
    endloop
  endfacet
  facet normal 0 0 1
    outer loop
      vertex 4.12726 -12.8694 5
      vertex 3.55014 -12.985 5
      vertex 4.02017 -13.0155 5
    endloop
  endfacet
  facet normal 0 0 1
    outer loop
      vertex 4.28548 -12.6354 5
      vertex 3.55014 -12.985 5
      vertex 4.12726 -12.8694 5
    endloop
  endfacet
  facet normal 0 0 1
    outer loop
      vertex 2.60431 -10.1177 5
      vertex 5.08873 -9.61867 5
      vertex 2.74718 -9.40152 5
    endloop
  endfacet
  facet normal 0 0 1
    outer loop
      vertex 2.74718 -9.40152 5
      vertex 2.62007 -9.21086 5
      vertex 2.62099 -9.21408 5
    endloop
  endfacet
  facet normal -0 0 1
    outer loop
      vertex 2.28789 -5.13869 5
      vertex 2.62007 -9.21086 5
      vertex 2.8125 -4.87139 5
    endloop
  endfacet
  facet normal 0 0 1
    outer loop
      vertex 2.62007 -9.21086 5
      vertex 2.28789 -5.13869 5
      vertex 2.54944 -9.19771 5
    endloop
  endfacet
  facet normal -0 0 1
    outer loop
      vertex 1.73822 -5.34969 5
      vertex 2.54944 -9.19771 5
      vertex 2.28789 -5.13869 5
    endloop
  endfacet
  facet normal 0 0 1
    outer loop
      vertex 2.54944 -9.19771 5
      vertex 1.73822 -5.34969 5
      vertex 1.91833 -9.04221 5
    endloop
  endfacet
  facet normal 0 0 1
    outer loop
      vertex 1.73822 -5.34969 5
      vertex 1.31558 -8.85713 5
      vertex 1.91833 -9.04221 5
    endloop
  endfacet
  facet normal -0 0 1
    outer loop
      vertex 1.1695 -5.50208 5
      vertex 1.31558 -8.85713 5
      vertex 1.73822 -5.34969 5
    endloop
  endfacet
  facet normal 0 0 1
    outer loop
      vertex 1.1695 -5.50208 5
      vertex 1.04967 -8.75912 5
      vertex 1.31558 -8.85713 5
    endloop
  endfacet
  facet normal -0 0 1
    outer loop
      vertex 0.587972 -5.59418 5
      vertex 1.04967 -8.75912 5
      vertex 1.1695 -5.50208 5
    endloop
  endfacet
  facet normal -0 0 1
    outer loop
      vertex 0 -5.625 5
      vertex 1.04967 -8.75912 5
      vertex 0.587972 -5.59418 5
    endloop
  endfacet
  facet normal -0 0 1
    outer loop
      vertex -1.28004 -7.57892 5
      vertex 1.04967 -8.75912 5
      vertex 0 -5.625 5
    endloop
  endfacet
  facet normal -0 0 1
    outer loop
      vertex -1.58363 -8.33295 5
      vertex 0.84407 -8.85721 5
      vertex -1.23355 -7.80182 5
    endloop
  endfacet
  facet normal 0 0 1
    outer loop
      vertex 0.84407 -8.85721 5
      vertex -1.58363 -8.33295 5
      vertex 0.535538 -9.65852 5
    endloop
  endfacet
  facet normal -0 0 1
    outer loop
      vertex -1.64182 -8.47185 5
      vertex 0.535538 -9.65852 5
      vertex -1.58363 -8.33295 5
    endloop
  endfacet
  facet normal -0 0 1
    outer loop
      vertex -1.72351 -8.62273 5
      vertex 0.535538 -9.65852 5
      vertex -1.64182 -8.47185 5
    endloop
  endfacet
  facet normal 0 0 1
    outer loop
      vertex 0.535538 -9.65852 5
      vertex -1.72351 -8.62273 5
      vertex 0.473038 -9.80779 5
    endloop
  endfacet
  facet normal 0 0 1
    outer loop
      vertex 0.473038 -9.80779 5
      vertex -1.72351 -8.62273 5
      vertex 0.441559 -9.8761 5
    endloop
  endfacet
  facet normal 0 0 1
    outer loop
      vertex 0.441559 -9.8761 5
      vertex -1.72351 -8.62273 5
      vertex 0.414062 -9.92799 5
    endloop
  endfacet
  facet normal 0 0 1
    outer loop
      vertex 0.414062 -9.92799 5
      vertex -1.72351 -8.62273 5
      vertex 0.375763 -9.99319 5
    endloop
  endfacet
  facet normal -0 -0 1
    outer loop
      vertex -1.23355 -7.80182 5
      vertex 1.04967 -8.75912 5
      vertex -1.28004 -7.57892 5
    endloop
  endfacet
  facet normal 0 0 1
    outer loop
      vertex 0.375763 -9.99319 5
      vertex -1.72351 -8.62273 5
      vertex 0.326462 -10.0714 5
    endloop
  endfacet
  facet normal -0 0 1
    outer loop
      vertex -1.87181 -8.87578 5
      vertex 0.326462 -10.0714 5
      vertex -1.72351 -8.62273 5
    endloop
  endfacet
  facet normal -0 0 1
    outer loop
      vertex -1.90361 -8.95264 5
      vertex 0.326462 -10.0714 5
      vertex -1.87181 -8.87578 5
    endloop
  endfacet
  facet normal 0 0 1
    outer loop
      vertex 0.326462 -10.0714 5
      vertex -1.90361 -8.95264 5
      vertex 0.265167 -10.1619 5
    endloop
  endfacet
  facet normal 0 0 1
    outer loop
      vertex -1.28004 -7.57892 5
      vertex 0 -5.625 5
      vertex -0.587972 -5.59418 5
    endloop
  endfacet
  facet normal -0 0 1
    outer loop
      vertex -1.93915 -9.0495 5
      vertex 0.265167 -10.1619 5
      vertex -1.90361 -8.95264 5
    endloop
  endfacet
  facet normal -0 0 1
    outer loop
      vertex -1.97626 -9.16664 5
      vertex 0.189651 -10.2634 5
      vertex -1.93915 -9.0495 5
    endloop
  endfacet
  facet normal -0 0 1
    outer loop
      vertex -2.01433 -9.30331 5
      vertex 0.0998688 -10.3757 5
      vertex -1.97626 -9.16664 5
    endloop
  endfacet
  facet normal 0 0 1
    outer loop
      vertex -1.69402 -7.28632 5
      vertex -0.587972 -5.59418 5
      vertex -1.1695 -5.50208 5
    endloop
  endfacet
  facet normal 0 0 1
    outer loop
      vertex 0.0998688 -10.3757 5
      vertex -2.01433 -9.30331 5
      vertex -0.00486755 -10.498 5
    endloop
  endfacet
  facet normal 0 0 1
    outer loop
      vertex -0.00486755 -10.498 5
      vertex -2.05083 -9.45992 5
      vertex -0.127274 -10.6288 5
    endloop
  endfacet
  facet normal -0 0 1
    outer loop
      vertex -2.08479 -9.6358 5
      vertex -0.127274 -10.6288 5
      vertex -2.05083 -9.45992 5
    endloop
  endfacet
  facet normal 0 0 1
    outer loop
      vertex 0.189651 -10.2634 5
      vertex -1.97626 -9.16664 5
      vertex 0.0998688 -10.3757 5
    endloop
  endfacet
  facet normal -0 0 1
    outer loop
      vertex -2.11447 -9.83083 5
      vertex -0.266495 -10.7679 5
      vertex -2.08479 -9.6358 5
    endloop
  endfacet
  facet normal -0 0 1
    outer loop
      vertex -2.13873 -10.0444 5
      vertex -0.424942 -10.9136 5
      vertex -2.11447 -9.83083 5
    endloop
  endfacet
  facet normal 0 0 1
    outer loop
      vertex -1.87181 -8.87578 5
      vertex -1.72351 -8.62273 5
      vertex -1.82661 -8.78146 5
    endloop
  endfacet
  facet normal 0 0 1
    outer loop
      vertex -1.87181 -8.87578 5
      vertex -1.82661 -8.78146 5
      vertex -1.84572 -8.8187 5
    endloop
  endfacet
  facet normal 0 0 1
    outer loop
      vertex 0.265167 -10.1619 5
      vertex -1.93915 -9.0495 5
      vertex 0.189651 -10.2634 5
    endloop
  endfacet
  facet normal -0 0 1
    outer loop
      vertex -2.05083 -9.45992 5
      vertex -0.00486755 -10.498 5
      vertex -2.01433 -9.30331 5
    endloop
  endfacet
  facet normal 0 0 1
    outer loop
      vertex -0.127274 -10.6288 5
      vertex -2.08479 -9.6358 5
      vertex -0.266495 -10.7679 5
    endloop
  endfacet
  facet normal 0 0 1
    outer loop
      vertex -0.266495 -10.7679 5
      vertex -2.11447 -9.83083 5
      vertex -0.424942 -10.9136 5
    endloop
  endfacet
  facet normal 0 0 1
    outer loop
      vertex -0.424942 -10.9136 5
      vertex -2.13873 -10.0444 5
      vertex -0.602661 -11.0654 5
    endloop
  endfacet
  facet normal -0 0 1
    outer loop
      vertex -2.15573 -10.2764 5
      vertex -0.602661 -11.0654 5
      vertex -2.13873 -10.0444 5
    endloop
  endfacet
  facet normal 0 0 1
    outer loop
      vertex -0.602661 -11.0654 5
      vertex -2.15573 -10.2764 5
      vertex -0.801544 -11.2217 5
    endloop
  endfacet
  facet normal -0 0 1
    outer loop
      vertex -2.16512 -10.5258 5
      vertex -0.801544 -11.2217 5
      vertex -2.15573 -10.2764 5
    endloop
  endfacet
  facet normal 0 0 1
    outer loop
      vertex -0.801544 -11.2217 5
      vertex -2.16512 -10.5258 5
      vertex -1.02153 -11.3816 5
    endloop
  endfacet
  facet normal -0 -0 1
    outer loop
      vertex -2.16434 -10.7928 5
      vertex -1.02153 -11.3816 5
      vertex -2.16512 -10.5258 5
    endloop
  endfacet
  facet normal -0 -0 1
    outer loop
      vertex -2.00085 -11.3319 5
      vertex -1.02153 -11.3816 5
      vertex -2.16434 -10.7928 5
    endloop
  endfacet
  facet normal 0 0 1
    outer loop
      vertex -2.00085 -11.3319 5
      vertex -2.15346 -11.0761 5
      vertex -2.13998 -11.2536 5
    endloop
  endfacet
  facet normal 0 0 1
    outer loop
      vertex -1.02153 -11.3816 5
      vertex -2.00085 -11.3319 5
      vertex -1.265 -11.5432 5
    endloop
  endfacet
  facet normal 0 0 1
    outer loop
      vertex -2.00085 -11.3319 5
      vertex -2.16434 -10.7928 5
      vertex -2.15346 -11.0761 5
    endloop
  endfacet
  facet normal 0 0 1
    outer loop
      vertex -1.265 -11.5432 5
      vertex -2.00085 -11.3319 5
      vertex -1.40402 -11.628 5
    endloop
  endfacet
  facet normal 0 0 1
    outer loop
      vertex 4.65646 11.993 5
      vertex 2.74197 11.8161 5
      vertex 2.68604 11.6107 5
    endloop
  endfacet
  facet normal 0 0 1
    outer loop
      vertex 4.74854 11.8013 5
      vertex 2.68604 11.6107 5
      vertex 2.64172 11.42 5
    endloop
  endfacet
  facet normal 0 0 1
    outer loop
      vertex 4.82695 11.6221 5
      vertex 2.64172 11.42 5
      vertex 2.608 11.2447 5
    endloop
  endfacet
  facet normal 0 0 1
    outer loop
      vertex 4.8927 11.456 5
      vertex 2.608 11.2447 5
      vertex 2.58368 11.0853 5
    endloop
  endfacet
  facet normal 0 0 1
    outer loop
      vertex 5.09323 10.4817 5
      vertex 2.59157 10.2717 5
      vertex 2.60431 10.1177 5
    endloop
  endfacet
  facet normal 0 0 1
    outer loop
      vertex 5.08873 9.61867 5
      vertex 2.60431 10.1177 5
      vertex 2.74718 9.40152 5
    endloop
  endfacet
  facet normal 0 0 1
    outer loop
      vertex 4.94679 11.3037 5
      vertex 2.58368 11.0853 5
      vertex 2.56627 10.9421 5
    endloop
  endfacet
  facet normal 0 0 1
    outer loop
      vertex 4.98953 11.1658 5
      vertex 2.56627 10.9421 5
      vertex 2.55608 10.8159 5
    endloop
  endfacet
  facet normal 0 0 1
    outer loop
      vertex 5.02286 11.0429 5
      vertex 2.55608 10.8159 5
      vertex 2.55191 10.7073 5
    endloop
  endfacet
  facet normal 0 0 1
    outer loop
      vertex 5.04785 10.9356 5
      vertex 2.55191 10.7073 5
      vertex 2.55089 10.6163 5
    endloop
  endfacet
  facet normal 0 0 1
    outer loop
      vertex 5.08775 10.6732 5
      vertex 2.56223 10.4432 5
      vertex 2.59157 10.2717 5
    endloop
  endfacet
  facet normal 0 0 1
    outer loop
      vertex 5.06566 10.8445 5
      vertex 2.55331 10.5437 5
      vertex 2.56223 10.4432 5
    endloop
  endfacet
  facet normal 0 0 1
    outer loop
      vertex 5.06566 10.8445 5
      vertex 2.55089 10.6163 5
      vertex 2.55331 10.5437 5
    endloop
  endfacet
  facet normal 0 0 1
    outer loop
      vertex 5.07744 -10.7701 5
      vertex 5.09323 -10.4817 5
      vertex 5.08873 -9.61867 5
    endloop
  endfacet
  facet normal 0 0 1
    outer loop
      vertex 5.09323 -10.4817 5
      vertex 5.07744 -10.7701 5
      vertex 5.08899 -10.6486 5
    endloop
  endfacet
  facet normal 0 -0 1
    outer loop
      vertex 3.55014 -12.985 5
      vertex 4.28548 -12.6354 5
      vertex 2.98721 -12.5136 5
    endloop
  endfacet
  facet normal 0 0 1
    outer loop
      vertex 4.54974 -12.1965 5
      vertex 2.80984 -12.0354 5
      vertex 4.42606 -12.4108 5
    endloop
  endfacet
  facet normal -0 -0 1
    outer loop
      vertex 2.98721 -12.5136 5
      vertex 4.28548 -12.6354 5
      vertex 2.89111 -12.2681 5
    endloop
  endfacet
  facet normal 0 0 1
    outer loop
      vertex 4.42606 -12.4108 5
      vertex 2.89111 -12.2681 5
      vertex 4.28548 -12.6354 5
    endloop
  endfacet
  facet normal 0 0 1
    outer loop
      vertex 4.74854 -11.8013 5
      vertex 2.68604 -11.6107 5
      vertex 4.65646 -11.993 5
    endloop
  endfacet
  facet normal -0 -0 1
    outer loop
      vertex 2.89111 -12.2681 5
      vertex 4.42606 -12.4108 5
      vertex 2.80984 -12.0354 5
    endloop
  endfacet
  facet normal -0 -0 1
    outer loop
      vertex 2.80984 -12.0354 5
      vertex 4.54974 -12.1965 5
      vertex 2.74197 -11.8161 5
    endloop
  endfacet
  facet normal -0 -0 1
    outer loop
      vertex 2.74197 -11.8161 5
      vertex 4.65646 -11.993 5
      vertex 2.68604 -11.6107 5
    endloop
  endfacet
  facet normal 0 0 1
    outer loop
      vertex 4.94679 -11.3037 5
      vertex 2.58368 -11.0853 5
      vertex 4.8927 -11.456 5
    endloop
  endfacet
  facet normal -0 -0 1
    outer loop
      vertex 2.68604 -11.6107 5
      vertex 4.74854 -11.8013 5
      vertex 2.64172 -11.42 5
    endloop
  endfacet
  facet normal 0 0 1
    outer loop
      vertex 4.98953 -11.1658 5
      vertex 2.56627 -10.9421 5
      vertex 4.94679 -11.3037 5
    endloop
  endfacet
  facet normal -0 -0 1
    outer loop
      vertex 2.64172 -11.42 5
      vertex 4.82695 -11.6221 5
      vertex 2.608 -11.2447 5
    endloop
  endfacet
  facet normal -0 -0 1
    outer loop
      vertex 2.58368 -11.0853 5
      vertex 4.94679 -11.3037 5
      vertex 2.56627 -10.9421 5
    endloop
  endfacet
  facet normal 0 0 1
    outer loop
      vertex -3.30629 4.55072 5
      vertex -4.15762 4.63091 5
      vertex -4.15527 4.6283 5
    endloop
  endfacet
  facet normal 0 0 1
    outer loop
      vertex -5.54671 5.88051 5
      vertex -4.03777 7.703 5
      vertex -4.18164 7.77405 5
    endloop
  endfacet
  facet normal 0 0 1
    outer loop
      vertex -3.9142 7.63477 5
      vertex -4.20479 4.85188 5
      vertex -4.15762 4.63091 5
    endloop
  endfacet
  facet normal 0 0 1
    outer loop
      vertex -5.64351 6.00758 5
      vertex -4.18164 7.77405 5
      vertex -4.34596 7.84717 5
    endloop
  endfacet
  facet normal 0 0 1
    outer loop
      vertex -5.74649 6.15538 5
      vertex -4.34596 7.84717 5
      vertex -4.53162 7.92076 5
    endloop
  endfacet
  facet normal 0 0 1
    outer loop
      vertex -5.8537 6.32445 5
      vertex -4.53162 7.92076 5
      vertex -4.7394 7.99312 5
    endloop
  endfacet
  facet normal 0 0 1
    outer loop
      vertex -3.9142 7.63477 5
      vertex -4.77908 5.22087 5
      vertex -4.20479 4.85188 5
    endloop
  endfacet
  facet normal 0 0 1
    outer loop
      vertex -3.9142 7.63477 5
      vertex -4.90274 5.32947 5
      vertex -4.77908 5.22087 5
    endloop
  endfacet
  facet normal 0 0 1
    outer loop
      vertex -5.96329 6.51505 5
      vertex -4.7394 7.99312 5
      vertex -4.97028 8.06215 5
    endloop
  endfacet
  facet normal 0 0 1
    outer loop
      vertex -3.9142 7.63477 5
      vertex -5.05479 5.43742 5
      vertex -4.90274 5.32947 5
    endloop
  endfacet
  facet normal 0 0 1
    outer loop
      vertex -3.9142 7.63477 5
      vertex -5.37849 5.68715 5
      vertex -5.05479 5.43742 5
    endloop
  endfacet
  facet normal 0 0 1
    outer loop
      vertex -6.07344 6.72729 5
      vertex -4.97028 8.06215 5
      vertex -5.22446 8.1263 5
    endloop
  endfacet
  facet normal -0 -0 1
    outer loop
      vertex -5.25612 5.5695 5
      vertex -5.05479 5.43742 5
      vertex -5.3107 5.61935 5
    endloop
  endfacet
  facet normal 0 0 1
    outer loop
      vertex -5.05479 5.43742 5
      vertex -5.25612 5.5695 5
      vertex -5.19315 5.51878 5
    endloop
  endfacet
  facet normal 0 0 1
    outer loop
      vertex -5.05479 5.43742 5
      vertex -5.37849 5.68715 5
      vertex -5.3107 5.61935 5
    endloop
  endfacet
  facet normal 0 0 1
    outer loop
      vertex -3.9142 7.63477 5
      vertex -5.45776 5.77393 5
      vertex -5.37849 5.68715 5
    endloop
  endfacet
  facet normal 0 0 1
    outer loop
      vertex -6.18248 6.96106 5
      vertex -5.22446 8.1263 5
      vertex -5.50233 8.18361 5
    endloop
  endfacet
  facet normal 0 0 1
    outer loop
      vertex -4.03777 7.703 5
      vertex -5.54671 5.88051 5
      vertex -5.45776 5.77393 5
    endloop
  endfacet
  facet normal 0 0 1
    outer loop
      vertex -4.18164 7.77405 5
      vertex -5.64351 6.00758 5
      vertex -5.54671 5.88051 5
    endloop
  endfacet
  facet normal 0 0 1
    outer loop
      vertex -4.34596 7.84717 5
      vertex -5.74649 6.15538 5
      vertex -5.64351 6.00758 5
    endloop
  endfacet
  facet normal 0 0 1
    outer loop
      vertex -6.23299 7.89003 5
      vertex -5.50233 8.18361 5
      vertex -5.80417 8.23203 5
    endloop
  endfacet
  facet normal 0 0 1
    outer loop
      vertex -4.53162 7.92076 5
      vertex -5.8537 6.32445 5
      vertex -5.74649 6.15538 5
    endloop
  endfacet
  facet normal 0 0 1
    outer loop
      vertex -6.23299 7.89003 5
      vertex -5.80417 8.23203 5
      vertex -5.92683 8.24609 5
    endloop
  endfacet
  facet normal 0 0 1
    outer loop
      vertex -4.7394 7.99312 5
      vertex -5.96329 6.51505 5
      vertex -5.8537 6.32445 5
    endloop
  endfacet
  facet normal 0 0 1
    outer loop
      vertex -4.97028 8.06215 5
      vertex -6.07344 6.72729 5
      vertex -5.96329 6.51505 5
    endloop
  endfacet
  facet normal 0 0 1
    outer loop
      vertex -5.22446 8.1263 5
      vertex -6.18248 6.96106 5
      vertex -6.07344 6.72729 5
    endloop
  endfacet
  facet normal 0 0 1
    outer loop
      vertex -5.50233 8.18361 5
      vertex -6.23299 7.89003 5
      vertex -6.28912 7.21567 5
    endloop
  endfacet
  facet normal 0 0 1
    outer loop
      vertex -5.50233 8.18361 5
      vertex -6.28912 7.21567 5
      vertex -6.18248 6.96106 5
    endloop
  endfacet
  facet normal 0 0 1
    outer loop
      vertex -6.23299 7.89003 5
      vertex -6.39122 7.49159 5
      vertex -6.28912 7.21567 5
    endloop
  endfacet
  facet normal 0 -0 1
    outer loop
      vertex -6.39122 7.49159 5
      vertex -6.23299 7.89003 5
      vertex -6.43599 7.62985 5
    endloop
  endfacet
  facet normal 0 0 1
    outer loop
      vertex 1.04967 -8.75912 5
      vertex -1.23355 -7.80182 5
      vertex 0.84407 -8.85721 5
    endloop
  endfacet
  facet normal 0 0 1
    outer loop
      vertex -0.587972 -5.59418 5
      vertex -1.69402 -7.28632 5
      vertex -1.28004 -7.57892 5
    endloop
  endfacet
  facet normal 0 0 1
    outer loop
      vertex -2.09715 -6.96988 5
      vertex -1.1695 -5.50208 5
      vertex -1.73822 -5.34969 5
    endloop
  endfacet
  facet normal 0 0 1
    outer loop
      vertex -1.1695 -5.50208 5
      vertex -2.09715 -6.96988 5
      vertex -1.69402 -7.28632 5
    endloop
  endfacet
  facet normal 0 0 1
    outer loop
      vertex -2.54712 -6.57256 5
      vertex -1.73822 -5.34969 5
      vertex -2.28789 -5.13869 5
    endloop
  endfacet
  facet normal 0 0 1
    outer loop
      vertex -1.73822 -5.34969 5
      vertex -2.47374 -6.64287 5
      vertex -2.09715 -6.96988 5
    endloop
  endfacet
  facet normal 0 0 1
    outer loop
      vertex -1.73822 -5.34969 5
      vertex -2.54712 -6.57256 5
      vertex -2.47374 -6.64287 5
    endloop
  endfacet
  facet normal 0 0 1
    outer loop
      vertex -2.77428 -6.58025 5
      vertex -2.54712 -6.57256 5
      vertex -2.28789 -5.13869 5
    endloop
  endfacet
  facet normal 0 0 1
    outer loop
      vertex -2.54712 -6.57256 5
      vertex -2.77428 -6.58025 5
      vertex -2.54837 -6.57581 5
    endloop
  endfacet
  facet normal 0 0 1
    outer loop
      vertex -2.8125 -4.87139 5
      vertex -2.77428 -6.58025 5
      vertex -2.28789 -5.13869 5
    endloop
  endfacet
  facet normal -0 0 1
    outer loop
      vertex -4.20479 -4.85188 5
      vertex -2.8125 -4.87139 5
      vertex -3.30629 -4.55072 5
    endloop
  endfacet
  facet normal 0 0 1
    outer loop
      vertex -2.8125 -4.87139 5
      vertex -4.20479 -4.85188 5
      vertex -2.77428 -6.58025 5
    endloop
  endfacet
  facet normal -0 0 1
    outer loop
      vertex -4.77908 -5.22087 5
      vertex -2.77428 -6.58025 5
      vertex -4.20479 -4.85188 5
    endloop
  endfacet
  facet normal 0 0 1
    outer loop
      vertex -2.77428 -6.58025 5
      vertex -4.77908 -5.22087 5
      vertex -3.5327 -7.3652 5
    endloop
  endfacet
  facet normal -0 0 1
    outer loop
      vertex -4.90274 -5.32947 5
      vertex -3.5327 -7.3652 5
      vertex -4.77908 -5.22087 5
    endloop
  endfacet
  facet normal 0 0 1
    outer loop
      vertex -4.15527 -4.6283 5
      vertex -3.30629 -4.55072 5
      vertex -3.76386 -4.18019 5
    endloop
  endfacet
  facet normal -0 0 1
    outer loop
      vertex -5.05479 -5.43742 5
      vertex -3.5327 -7.3652 5
      vertex -4.90274 -5.32947 5
    endloop
  endfacet
  facet normal 0 0 1
    outer loop
      vertex -3.5327 -7.3652 5
      vertex -5.05479 -5.43742 5
      vertex -3.59747 -7.42165 5
    endloop
  endfacet
  facet normal 0 0 1
    outer loop
      vertex -3.59747 -7.42165 5
      vertex -5.05479 -5.43742 5
      vertex -3.65207 -7.46359 5
    endloop
  endfacet
  facet normal 0 0 1
    outer loop
      vertex -3.30629 -4.55072 5
      vertex -4.15527 -4.6283 5
      vertex -4.20479 -4.85188 5
    endloop
  endfacet
  facet normal -0 0 1
    outer loop
      vertex -4.43034 -4.16095 5
      vertex -3.76386 -4.18019 5
      vertex -4.18019 -3.76386 5
    endloop
  endfacet
  facet normal 0 0 1
    outer loop
      vertex -3.76386 -4.18019 5
      vertex -4.21837 -4.52953 5
      vertex -4.15527 -4.6283 5
    endloop
  endfacet
  facet normal -0 0 1
    outer loop
      vertex -4.26675 -3.66249 5
      vertex -4.18019 -3.76386 5
      vertex -4.26228 -3.66249 5
    endloop
  endfacet
  facet normal 0 0 1
    outer loop
      vertex -4.62163 -3.78957 5
      vertex -4.18019 -3.76386 5
      vertex -4.26675 -3.66249 5
    endloop
  endfacet
  facet normal 0 0 1
    outer loop
      vertex -4.62163 -3.78957 5
      vertex -4.26675 -3.66249 5
      vertex -4.37144 -3.53992 5
    endloop
  endfacet
  facet normal 0 0 1
    outer loop
      vertex -3.76386 -4.18019 5
      vertex -4.43034 -4.16095 5
      vertex -4.21837 -4.52953 5
    endloop
  endfacet
  facet normal -0 0 1
    outer loop
      vertex -4.79285 -3.41585 5
      vertex -4.37144 -3.53992 5
      vertex -4.55069 -3.30633 5
    endloop
  endfacet
  facet normal 0 0 1
    outer loop
      vertex -4.79285 -3.41585 5
      vertex -4.55069 -3.30633 5
      vertex -4.55072 -3.30629 5
    endloop
  endfacet
  facet normal 0 0 1
    outer loop
      vertex -4.79285 -3.41585 5
      vertex -4.55072 -3.30629 5
      vertex -4.55074 -3.30626 5
    endloop
  endfacet
  facet normal 0 0 1
    outer loop
      vertex -4.18019 -3.76386 5
      vertex -4.62163 -3.78957 5
      vertex -4.43034 -4.16095 5
    endloop
  endfacet
  facet normal -0 0 1
    outer loop
      vertex -4.88516 -3.18724 5
      vertex -4.55074 -3.30626 5
      vertex -4.71751 -3.06358 5
    endloop
  endfacet
  facet normal 0 0 1
    outer loop
      vertex -4.37144 -3.53992 5
      vertex -4.79285 -3.41585 5
      vertex -4.62163 -3.78957 5
    endloop
  endfacet
  facet normal 0 0 1
    outer loop
      vertex -4.88516 -3.18724 5
      vertex -4.71751 -3.06358 5
      vertex -4.87108 -2.81297 5
    endloop
  endfacet
  facet normal 0 0 1
    outer loop
      vertex -5.09418 -3.09622 5
      vertex -4.87108 -2.81297 5
      vertex -4.87139 -2.8125 5
    endloop
  endfacet
  facet normal 0 0 1
    outer loop
      vertex -5.09418 -3.09622 5
      vertex -4.87139 -2.8125 5
      vertex -4.87164 -2.81201 5
    endloop
  endfacet
  facet normal 0 0 1
    outer loop
      vertex -4.55074 -3.30626 5
      vertex -4.88516 -3.18724 5
      vertex -4.79285 -3.41585 5
    endloop
  endfacet
  facet normal 0 0 1
    outer loop
      vertex -4.87108 -2.81297 5
      vertex -5.09418 -3.09622 5
      vertex -4.88516 -3.18724 5
    endloop
  endfacet
  facet normal 0 0 1
    outer loop
      vertex -5.09418 -3.09622 5
      vertex -4.87164 -2.81201 5
      vertex -5.0119 -2.5537 5
    endloop
  endfacet
  facet normal 0 0 1
    outer loop
      vertex -4.88516 -3.18724 5
      vertex -5.09418 -3.09622 5
      vertex -4.88829 -3.18929 5
    endloop
  endfacet
  facet normal 0 0 1
    outer loop
      vertex -5.85686 -3.38261 5
      vertex -5.0119 -2.5537 5
      vertex -5.13856 -2.28815 5
    endloop
  endfacet
  facet normal 0 0 1
    outer loop
      vertex -5.85686 -3.38261 5
      vertex -5.13856 -2.28815 5
      vertex -5.13869 -2.28789 5
    endloop
  endfacet
  facet normal 0 0 1
    outer loop
      vertex -5.85686 -3.38261 5
      vertex -5.13869 -2.28789 5
      vertex -5.1388 -2.28763 5
    endloop
  endfacet
  facet normal 0 0 1
    outer loop
      vertex -5.85686 -3.38261 5
      vertex -5.1388 -2.28763 5
      vertex -5.25139 -2.01581 5
    endloop
  endfacet
  facet normal 0 0 1
    outer loop
      vertex -6.64415 -1.12091 5
      vertex -5.25139 -2.01581 5
      vertex -5.34961 -1.73844 5
    endloop
  endfacet
  facet normal 0 0 1
    outer loop
      vertex -6.46091 -1.09477 5
      vertex -5.34961 -1.73844 5
      vertex -5.34969 -1.73822 5
    endloop
  endfacet
  facet normal 0 0 1
    outer loop
      vertex -6.46091 -1.09477 5
      vertex -5.34969 -1.73822 5
      vertex -5.34976 -1.73798 5
    endloop
  endfacet
  facet normal 0 0 1
    outer loop
      vertex -6.30078 -1.05479 5
      vertex -5.34976 -1.73798 5
      vertex -5.43332 -1.45586 5
    endloop
  endfacet
  facet normal 0 0 1
    outer loop
      vertex -6.30078 -1.05479 5
      vertex -5.43332 -1.45586 5
      vertex -5.50201 -1.16975 5
    endloop
  endfacet
  facet normal 0 0 1
    outer loop
      vertex -6.30078 -1.05479 5
      vertex -5.50201 -1.16975 5
      vertex -5.50208 -1.1695 5
    endloop
  endfacet
  facet normal -0 0 1
    outer loop
      vertex -5.60735 -0.976822 5
      vertex -5.50212 -1.16927 5
      vertex -5.55092 -0.905971 5
    endloop
  endfacet
  facet normal 0 0 1
    outer loop
      vertex -5.50212 -1.16927 5
      vertex -5.60735 -0.976822 5
      vertex -5.50208 -1.1695 5
    endloop
  endfacet
  facet normal -0 0 1
    outer loop
      vertex -6.30078 -1.05479 5
      vertex -5.50208 -1.1695 5
      vertex -5.60735 -0.976822 5
    endloop
  endfacet
  facet normal 0 0 1
    outer loop
      vertex -5.34976 -1.73798 5
      vertex -6.30078 -1.05479 5
      vertex -6.46091 -1.09477 5
    endloop
  endfacet
  facet normal 0 0 1
    outer loop
      vertex -5.0119 -2.5537 5
      vertex -5.85686 -3.38261 5
      vertex -5.09418 -3.09622 5
    endloop
  endfacet
  facet normal 0 0 1
    outer loop
      vertex -5.34961 -1.73844 5
      vertex -6.46091 -1.09477 5
      vertex -6.64415 -1.12091 5
    endloop
  endfacet
  facet normal 0 0 1
    outer loop
      vertex -5.25139 -2.01581 5
      vertex -6.01778 -3.43402 5
      vertex -5.85686 -3.38261 5
    endloop
  endfacet
  facet normal 0 0 1
    outer loop
      vertex -5.25139 -2.01581 5
      vertex -6.64415 -1.12091 5
      vertex -6.01778 -3.43402 5
    endloop
  endfacet
  facet normal 0 0 1
    outer loop
      vertex -6.01778 -3.43402 5
      vertex -6.64415 -1.12091 5
      vertex -6.1761 -3.49979 5
    endloop
  endfacet
  facet normal 0 -0 1
    outer loop
      vertex -6.28706 -3.53082 5
      vertex -6.1761 -3.49979 5
      vertex -6.64415 -1.12091 5
    endloop
  endfacet
  facet normal 0 0 1
    outer loop
      vertex -6.1761 -3.49979 5
      vertex -6.28706 -3.53082 5
      vertex -6.23132 -3.51712 5
    endloop
  endfacet
  facet normal 0 0 1
    outer loop
      vertex -6.28706 -3.53082 5
      vertex -6.64415 -1.12091 5
      vertex -6.36252 -3.54593 5
    endloop
  endfacet
  facet normal 0 0 1
    outer loop
      vertex -6.36252 -3.54593 5
      vertex -6.64415 -1.12091 5
      vertex -6.4583 -3.56079 5
    endloop
  endfacet
  facet normal -0 0 1
    outer loop
      vertex -7.03621 -1.19267 5
      vertex -6.4583 -3.56079 5
      vertex -6.64415 -1.12091 5
    endloop
  endfacet
  facet normal 0 0 1
    outer loop
      vertex -6.4583 -3.56079 5
      vertex -7.03621 -1.19267 5
      vertex -6.57492 -3.57361 5
    endloop
  endfacet
  facet normal 0 0 1
    outer loop
      vertex -6.87993 -1.14543 5
      vertex -6.64415 -1.12091 5
      vertex -6.8053 -1.12997 5
    endloop
  endfacet
  facet normal 0 0 1
    outer loop
      vertex -6.9481 -1.16408 5
      vertex -6.64415 -1.12091 5
      vertex -6.87993 -1.14543 5
    endloop
  endfacet
  facet normal 0 0 1
    outer loop
      vertex -7.03621 -1.19267 5
      vertex -6.64415 -1.12091 5
      vertex -6.9481 -1.16408 5
    endloop
  endfacet
  facet normal -0 0 1
    outer loop
      vertex -7.14354 -1.2332 5
      vertex -6.57492 -3.57361 5
      vertex -7.03621 -1.19267 5
    endloop
  endfacet
  facet normal 0 0 1
    outer loop
      vertex -6.57492 -3.57361 5
      vertex -7.14354 -1.2332 5
      vertex -6.71278 -3.58246 5
    endloop
  endfacet
  facet normal -0 0 1
    outer loop
      vertex -7.26917 -1.28754 5
      vertex -6.71278 -3.58246 5
      vertex -7.14354 -1.2332 5
    endloop
  endfacet
  facet normal 0 0 1
    outer loop
      vertex -6.71278 -3.58246 5
      vertex -7.26917 -1.28754 5
      vertex -6.87206 -3.58543 5
    endloop
  endfacet
  facet normal -0 0 1
    outer loop
      vertex -7.41193 -1.35748 5
      vertex -6.87206 -3.58543 5
      vertex -7.26917 -1.28754 5
    endloop
  endfacet
  facet normal 0 0 1
    outer loop
      vertex -6.87206 -3.58543 5
      vertex -7.41193 -1.35748 5
      vertex -7.05281 -3.58047 5
    endloop
  endfacet
  facet normal -0 0 1
    outer loop
      vertex -7.57056 -1.44467 5
      vertex -7.05281 -3.58047 5
      vertex -7.41193 -1.35748 5
    endloop
  endfacet
  facet normal 0 0 1
    outer loop
      vertex -7.05281 -3.58047 5
      vertex -7.57056 -1.44467 5
      vertex -7.25487 -3.56557 5
    endloop
  endfacet
  facet normal -0 0 1
    outer loop
      vertex -7.74355 -1.55066 5
      vertex -7.25487 -3.56557 5
      vertex -7.57056 -1.44467 5
    endloop
  endfacet
  facet normal 0 0 1
    outer loop
      vertex -7.25487 -3.56557 5
      vertex -7.74355 -1.55066 5
      vertex -7.47786 -3.5386 5
    endloop
  endfacet
  facet normal -0 0 1
    outer loop
      vertex -7.92931 -1.67676 5
      vertex -7.47786 -3.5386 5
      vertex -7.74355 -1.55066 5
    endloop
  endfacet
  facet normal 0 0 1
    outer loop
      vertex -7.47786 -3.5386 5
      vertex -7.92931 -1.67676 5
      vertex -7.72122 -3.49756 5
    endloop
  endfacet
  facet normal -0 0 1
    outer loop
      vertex -8.12611 -1.82411 5
      vertex -7.72122 -3.49756 5
      vertex -7.92931 -1.67676 5
    endloop
  endfacet
  facet normal 0 0 1
    outer loop
      vertex -7.72122 -3.49756 5
      vertex -8.12611 -1.82411 5
      vertex -7.98418 -3.44034 5
    endloop
  endfacet
  facet normal -0 0 1
    outer loop
      vertex -8.33212 -1.99376 5
      vertex -7.98418 -3.44034 5
      vertex -8.12611 -1.82411 5
    endloop
  endfacet
  facet normal 0 0 1
    outer loop
      vertex -7.98418 -3.44034 5
      vertex -8.33212 -1.99376 5
      vertex -8.2657 -3.36501 5
    endloop
  endfacet
  facet normal -0 0 1
    outer loop
      vertex -8.54546 -2.18655 5
      vertex -8.2657 -3.36501 5
      vertex -8.33212 -1.99376 5
    endloop
  endfacet
  facet normal -0 0 1
    outer loop
      vertex -8.79163 -2.70674 5
      vertex -8.2657 -3.36501 5
      vertex -8.54546 -2.18655 5
    endloop
  endfacet
  facet normal 0 0 1
    outer loop
      vertex -8.2657 -3.36501 5
      vertex -8.79163 -2.70674 5
      vertex -8.56459 -3.26968 5
    endloop
  endfacet
  facet normal 0 0 1
    outer loop
      vertex -8.79163 -2.70674 5
      vertex -8.54546 -2.18655 5
      vertex -8.76416 -2.40311 5
    endloop
  endfacet
  facet normal 0 0 1
    outer loop
      vertex -8.56459 -3.26968 5
      vertex -8.79163 -2.70674 5
      vertex -8.65819 -3.23488 5
    endloop
  endfacet
  facet normal 0 -0 1
    outer loop
      vertex -8.79163 -2.70674 5
      vertex -8.76416 -2.40311 5
      vertex -8.83759 -2.4827 5
    endloop
  endfacet
  facet normal 0 0 1
    outer loop
      vertex 1.05037 -8.76501 5
      vertex 1.04967 -8.75912 5
      vertex 0.84407 -8.85721 5
    endloop
  endfacet
  facet normal -0 0 1
    outer loop
      vertex -1.69402 7.28632 5
      vertex -0.587972 5.59418 5
      vertex -1.28004 7.57892 5
    endloop
  endfacet
  facet normal 0 0 1
    outer loop
      vertex -0.587972 5.59418 5
      vertex -1.69402 7.28632 5
      vertex -1.1695 5.50208 5
    endloop
  endfacet
  facet normal -0 0 1
    outer loop
      vertex -2.09715 6.96988 5
      vertex -1.1695 5.50208 5
      vertex -1.69402 7.28632 5
    endloop
  endfacet
  facet normal 0 0 1
    outer loop
      vertex -1.1695 5.50208 5
      vertex -2.09715 6.96988 5
      vertex -1.73822 5.34969 5
    endloop
  endfacet
  facet normal -0 0 1
    outer loop
      vertex -2.47374 6.64287 5
      vertex -1.73822 5.34969 5
      vertex -2.09715 6.96988 5
    endloop
  endfacet
  facet normal -0 0 1
    outer loop
      vertex -2.54712 6.57256 5
      vertex -1.73822 5.34969 5
      vertex -2.47374 6.64287 5
    endloop
  endfacet
  facet normal 0 0 1
    outer loop
      vertex -1.73822 5.34969 5
      vertex -2.54712 6.57256 5
      vertex -2.28789 5.13869 5
    endloop
  endfacet
  facet normal 0 0 1
    outer loop
      vertex -2.77428 6.58025 5
      vertex -2.54712 6.57256 5
      vertex -2.54837 6.57581 5
    endloop
  endfacet
  facet normal 0 0 1
    outer loop
      vertex -2.54712 6.57256 5
      vertex -2.77428 6.58025 5
      vertex -2.28789 5.13869 5
    endloop
  endfacet
  facet normal 0 0 1
    outer loop
      vertex -2.77428 6.58025 5
      vertex -2.8125 4.87139 5
      vertex -2.28789 5.13869 5
    endloop
  endfacet
  facet normal 0 0 1
    outer loop
      vertex -4.15762 4.63091 5
      vertex -2.8125 4.87139 5
      vertex -2.77428 6.58025 5
    endloop
  endfacet
  facet normal 0 0 1
    outer loop
      vertex -4.15762 4.63091 5
      vertex -2.77428 6.58025 5
      vertex -3.5327 7.3652 5
    endloop
  endfacet
  facet normal 0 0 1
    outer loop
      vertex -3.65207 7.46359 5
      vertex -3.5327 7.3652 5
      vertex -3.59747 7.42165 5
    endloop
  endfacet
  facet normal 0 0 1
    outer loop
      vertex -4.15762 4.63091 5
      vertex -3.5327 7.3652 5
      vertex -3.65207 7.46359 5
    endloop
  endfacet
  facet normal 0 0 1
    outer loop
      vertex -4.15762 4.63091 5
      vertex -3.65207 7.46359 5
      vertex -3.72198 7.51421 5
    endloop
  endfacet
  facet normal -0 0 1
    outer loop
      vertex -4.15762 4.63091 5
      vertex -3.30629 4.55072 5
      vertex -2.8125 4.87139 5
    endloop
  endfacet
  facet normal 0 0 1
    outer loop
      vertex -4.15762 4.63091 5
      vertex -3.72198 7.51421 5
      vertex -3.80922 7.57147 5
    endloop
  endfacet
  facet normal 0 0 1
    outer loop
      vertex -4.15762 4.63091 5
      vertex -3.80922 7.57147 5
      vertex -3.9142 7.63477 5
    endloop
  endfacet
  facet normal 0 0 1
    outer loop
      vertex -5.45776 5.77393 5
      vertex -3.9142 7.63477 5
      vertex -4.03777 7.703 5
    endloop
  endfacet
  facet normal 0 0 1
    outer loop
      vertex -3.30629 4.55072 5
      vertex -4.15527 4.6283 5
      vertex -3.76386 4.18019 5
    endloop
  endfacet
  facet normal -0 0 1
    outer loop
      vertex -4.21837 4.52953 5
      vertex -3.76386 4.18019 5
      vertex -4.15527 4.6283 5
    endloop
  endfacet
  facet normal 0 0 1
    outer loop
      vertex -4.43034 4.16095 5
      vertex -3.76386 4.18019 5
      vertex -4.21837 4.52953 5
    endloop
  endfacet
  facet normal 0 0 1
    outer loop
      vertex -3.76386 4.18019 5
      vertex -4.43034 4.16095 5
      vertex -4.18019 3.76386 5
    endloop
  endfacet
  facet normal -0 0 1
    outer loop
      vertex -4.62163 3.78957 5
      vertex -4.18019 3.76386 5
      vertex -4.43034 4.16095 5
    endloop
  endfacet
  facet normal 0 0 1
    outer loop
      vertex -4.18019 3.76386 5
      vertex -4.26675 3.66249 5
      vertex -4.26228 3.66249 5
    endloop
  endfacet
  facet normal 0 0 1
    outer loop
      vertex -4.18019 3.76386 5
      vertex -4.62163 3.78957 5
      vertex -4.26675 3.66249 5
    endloop
  endfacet
  facet normal 0 0 1
    outer loop
      vertex -4.26675 3.66249 5
      vertex -4.62163 3.78957 5
      vertex -4.37144 3.53992 5
    endloop
  endfacet
  facet normal 0 0 1
    outer loop
      vertex -4.79285 3.41585 5
      vertex -4.37144 3.53992 5
      vertex -4.62163 3.78957 5
    endloop
  endfacet
  facet normal 0 0 1
    outer loop
      vertex -4.37144 3.53992 5
      vertex -4.79285 3.41585 5
      vertex -4.55069 3.30633 5
    endloop
  endfacet
  facet normal 0 0 1
    outer loop
      vertex -4.55069 3.30633 5
      vertex -4.79285 3.41585 5
      vertex -4.55072 3.30629 5
    endloop
  endfacet
  facet normal 0 0 1
    outer loop
      vertex -4.55072 3.30629 5
      vertex -4.79285 3.41585 5
      vertex -4.55074 3.30626 5
    endloop
  endfacet
  facet normal 0 0 1
    outer loop
      vertex -4.88516 3.18724 5
      vertex -4.55074 3.30626 5
      vertex -4.79285 3.41585 5
    endloop
  endfacet
  facet normal 0 0 1
    outer loop
      vertex -4.55074 3.30626 5
      vertex -4.88516 3.18724 5
      vertex -4.71751 3.06358 5
    endloop
  endfacet
  facet normal 0 0 1
    outer loop
      vertex -4.71751 3.06358 5
      vertex -4.88516 3.18724 5
      vertex -4.87108 2.81297 5
    endloop
  endfacet
  facet normal -0 0 1
    outer loop
      vertex -5.09418 3.09622 5
      vertex -4.87108 2.81297 5
      vertex -4.88516 3.18724 5
    endloop
  endfacet
  facet normal 0 0 1
    outer loop
      vertex -4.87108 2.81297 5
      vertex -5.09418 3.09622 5
      vertex -4.87139 2.8125 5
    endloop
  endfacet
  facet normal 0 0 1
    outer loop
      vertex -5.09418 3.09622 5
      vertex -4.88516 3.18724 5
      vertex -4.88829 3.18929 5
    endloop
  endfacet
  facet normal 0 0 1
    outer loop
      vertex -4.87139 2.8125 5
      vertex -5.09418 3.09622 5
      vertex -4.87164 2.81201 5
    endloop
  endfacet
  facet normal 0 0 1
    outer loop
      vertex -4.87164 2.81201 5
      vertex -5.09418 3.09622 5
      vertex -5.0119 2.5537 5
    endloop
  endfacet
  facet normal 0 0 1
    outer loop
      vertex -5.85686 3.38261 5
      vertex -5.0119 2.5537 5
      vertex -5.09418 3.09622 5
    endloop
  endfacet
  facet normal 0 0 1
    outer loop
      vertex -5.0119 2.5537 5
      vertex -5.85686 3.38261 5
      vertex -5.13856 2.28815 5
    endloop
  endfacet
  facet normal 0 0 1
    outer loop
      vertex -5.13856 2.28815 5
      vertex -5.85686 3.38261 5
      vertex -5.13869 2.28789 5
    endloop
  endfacet
  facet normal 0 0 1
    outer loop
      vertex -5.13869 2.28789 5
      vertex -5.85686 3.38261 5
      vertex -5.1388 2.28763 5
    endloop
  endfacet
  facet normal 0 0 1
    outer loop
      vertex -5.1388 2.28763 5
      vertex -5.85686 3.38261 5
      vertex -5.25139 2.01581 5
    endloop
  endfacet
  facet normal 0 0 1
    outer loop
      vertex -6.01778 3.43402 5
      vertex -5.25139 2.01581 5
      vertex -5.85686 3.38261 5
    endloop
  endfacet
  facet normal 0 0 1
    outer loop
      vertex -6.64415 1.12091 5
      vertex -5.25139 2.01581 5
      vertex -6.01778 3.43402 5
    endloop
  endfacet
  facet normal 0 0 1
    outer loop
      vertex -5.25139 2.01581 5
      vertex -6.64415 1.12091 5
      vertex -5.34961 1.73844 5
    endloop
  endfacet
  facet normal 0 -0 1
    outer loop
      vertex -6.46091 1.09477 5
      vertex -5.34961 1.73844 5
      vertex -6.64415 1.12091 5
    endloop
  endfacet
  facet normal 0 -0 1
    outer loop
      vertex -6.30078 1.05479 5
      vertex -5.34976 1.73798 5
      vertex -6.46091 1.09477 5
    endloop
  endfacet
  facet normal 0 0 1
    outer loop
      vertex -5.60735 0.976822 5
      vertex -5.50212 1.16927 5
      vertex -5.50208 1.1695 5
    endloop
  endfacet
  facet normal 0 0 1
    outer loop
      vertex -5.50212 1.16927 5
      vertex -5.60735 0.976822 5
      vertex -5.55092 0.905971 5
    endloop
  endfacet
  facet normal 0 0 1
    outer loop
      vertex -5.43332 1.45586 5
      vertex -6.30078 1.05479 5
      vertex -5.50201 1.16975 5
    endloop
  endfacet
  facet normal 0 0 1
    outer loop
      vertex -5.50201 1.16975 5
      vertex -6.30078 1.05479 5
      vertex -5.50208 1.1695 5
    endloop
  endfacet
  facet normal 0 0 1
    outer loop
      vertex -5.34961 1.73844 5
      vertex -6.46091 1.09477 5
      vertex -5.34969 1.73822 5
    endloop
  endfacet
  facet normal 0 0 1
    outer loop
      vertex -6.64415 1.12091 5
      vertex -6.01778 3.43402 5
      vertex -6.1761 3.49979 5
    endloop
  endfacet
  facet normal 0 0 1
    outer loop
      vertex -6.28706 3.53082 5
      vertex -6.1761 3.49979 5
      vertex -6.23132 3.51712 5
    endloop
  endfacet
  facet normal 0 0 1
    outer loop
      vertex -6.1761 3.49979 5
      vertex -6.28706 3.53082 5
      vertex -6.64415 1.12091 5
    endloop
  endfacet
  facet normal 0 0 1
    outer loop
      vertex -5.50208 1.1695 5
      vertex -6.30078 1.05479 5
      vertex -5.60735 0.976822 5
    endloop
  endfacet
  facet normal 0 0 1
    outer loop
      vertex -6.64415 1.12091 5
      vertex -6.28706 3.53082 5
      vertex -6.36252 3.54593 5
    endloop
  endfacet
  facet normal 0 0 1
    outer loop
      vertex -6.64415 1.12091 5
      vertex -6.36252 3.54593 5
      vertex -6.4583 3.56079 5
    endloop
  endfacet
  facet normal 0 0 1
    outer loop
      vertex -5.34976 1.73798 5
      vertex -6.30078 1.05479 5
      vertex -5.43332 1.45586 5
    endloop
  endfacet
  facet normal 0 0 1
    outer loop
      vertex -7.03621 1.19267 5
      vertex -6.4583 3.56079 5
      vertex -6.57492 3.57361 5
    endloop
  endfacet
  facet normal 0 0 1
    outer loop
      vertex -5.34969 1.73822 5
      vertex -6.46091 1.09477 5
      vertex -5.34976 1.73798 5
    endloop
  endfacet
  facet normal 0 0 1
    outer loop
      vertex -7.14354 1.2332 5
      vertex -6.57492 3.57361 5
      vertex -6.71278 3.58246 5
    endloop
  endfacet
  facet normal 0 0 1
    outer loop
      vertex -6.4583 3.56079 5
      vertex -7.03621 1.19267 5
      vertex -6.64415 1.12091 5
    endloop
  endfacet
  facet normal 0 0 1
    outer loop
      vertex -7.26917 1.28754 5
      vertex -6.71278 3.58246 5
      vertex -6.87206 3.58543 5
    endloop
  endfacet
  facet normal 0 0 1
    outer loop
      vertex -6.64415 1.12091 5
      vertex -6.87993 1.14543 5
      vertex -6.8053 1.12997 5
    endloop
  endfacet
  facet normal 0 0 1
    outer loop
      vertex -6.64415 1.12091 5
      vertex -6.9481 1.16408 5
      vertex -6.87993 1.14543 5
    endloop
  endfacet
  facet normal 0 0 1
    outer loop
      vertex -6.64415 1.12091 5
      vertex -7.03621 1.19267 5
      vertex -6.9481 1.16408 5
    endloop
  endfacet
  facet normal 0 0 1
    outer loop
      vertex -7.41193 1.35748 5
      vertex -6.87206 3.58543 5
      vertex -7.05281 3.58047 5
    endloop
  endfacet
  facet normal 0 0 1
    outer loop
      vertex -6.57492 3.57361 5
      vertex -7.14354 1.2332 5
      vertex -7.03621 1.19267 5
    endloop
  endfacet
  facet normal 0 0 1
    outer loop
      vertex -7.57056 1.44467 5
      vertex -7.05281 3.58047 5
      vertex -7.25487 3.56557 5
    endloop
  endfacet
  facet normal 0 0 1
    outer loop
      vertex -6.71278 3.58246 5
      vertex -7.26917 1.28754 5
      vertex -7.14354 1.2332 5
    endloop
  endfacet
  facet normal 0 0 1
    outer loop
      vertex -6.87206 3.58543 5
      vertex -7.41193 1.35748 5
      vertex -7.26917 1.28754 5
    endloop
  endfacet
  facet normal 0 0 1
    outer loop
      vertex -7.74355 1.55066 5
      vertex -7.25487 3.56557 5
      vertex -7.47786 3.5386 5
    endloop
  endfacet
  facet normal 0 0 1
    outer loop
      vertex -7.05281 3.58047 5
      vertex -7.57056 1.44467 5
      vertex -7.41193 1.35748 5
    endloop
  endfacet
  facet normal 0 0 1
    outer loop
      vertex -7.92931 1.67676 5
      vertex -7.47786 3.5386 5
      vertex -7.72122 3.49756 5
    endloop
  endfacet
  facet normal 0 0 1
    outer loop
      vertex -7.25487 3.56557 5
      vertex -7.74355 1.55066 5
      vertex -7.57056 1.44467 5
    endloop
  endfacet
  facet normal 0 0 1
    outer loop
      vertex -7.47786 3.5386 5
      vertex -7.92931 1.67676 5
      vertex -7.74355 1.55066 5
    endloop
  endfacet
  facet normal 0 0 1
    outer loop
      vertex -8.12611 1.82411 5
      vertex -7.72122 3.49756 5
      vertex -7.98418 3.44034 5
    endloop
  endfacet
  facet normal 0 0 1
    outer loop
      vertex -7.72122 3.49756 5
      vertex -8.12611 1.82411 5
      vertex -7.92931 1.67676 5
    endloop
  endfacet
  facet normal 0 0 1
    outer loop
      vertex -8.33212 1.99376 5
      vertex -7.98418 3.44034 5
      vertex -8.2657 3.36501 5
    endloop
  endfacet
  facet normal 0 0 1
    outer loop
      vertex -7.98418 3.44034 5
      vertex -8.33212 1.99376 5
      vertex -8.12611 1.82411 5
    endloop
  endfacet
  facet normal 0 0 1
    outer loop
      vertex -8.2657 3.36501 5
      vertex -8.54546 2.18655 5
      vertex -8.33212 1.99376 5
    endloop
  endfacet
  facet normal 0 0 1
    outer loop
      vertex -8.79163 2.70674 5
      vertex -8.2657 3.36501 5
      vertex -8.56459 3.26968 5
    endloop
  endfacet
  facet normal 0 0 1
    outer loop
      vertex -8.79163 2.70674 5
      vertex -8.56459 3.26968 5
      vertex -8.65819 3.23488 5
    endloop
  endfacet
  facet normal 0 0 1
    outer loop
      vertex -8.2657 3.36501 5
      vertex -8.79163 2.70674 5
      vertex -8.54546 2.18655 5
    endloop
  endfacet
  facet normal 0 0 1
    outer loop
      vertex -8.54546 2.18655 5
      vertex -8.79163 2.70674 5
      vertex -8.76416 2.40311 5
    endloop
  endfacet
  facet normal 0 0 1
    outer loop
      vertex -8.76416 2.40311 5
      vertex -8.79163 2.70674 5
      vertex -8.83759 2.4827 5
    endloop
  endfacet
  facet normal 0 0 1
    outer loop
      vertex -4.20479 -4.85188 5
      vertex -4.15527 -4.6283 5
      vertex -4.15762 -4.63091 5
    endloop
  endfacet
  facet normal 0 0 1
    outer loop
      vertex -3.65207 -7.46359 5
      vertex -5.05479 -5.43742 5
      vertex -3.72198 -7.51421 5
    endloop
  endfacet
  facet normal 0 0 1
    outer loop
      vertex -3.72198 -7.51421 5
      vertex -5.05479 -5.43742 5
      vertex -3.80922 -7.57147 5
    endloop
  endfacet
  facet normal -0 0 1
    outer loop
      vertex -5.37849 -5.68715 5
      vertex -3.80922 -7.57147 5
      vertex -5.05479 -5.43742 5
    endloop
  endfacet
  facet normal 0 0 1
    outer loop
      vertex -3.80922 -7.57147 5
      vertex -5.37849 -5.68715 5
      vertex -3.9142 -7.63477 5
    endloop
  endfacet
  facet normal -0 0 1
    outer loop
      vertex -5.45776 -5.77393 5
      vertex -3.9142 -7.63477 5
      vertex -5.37849 -5.68715 5
    endloop
  endfacet
  facet normal 0 0 1
    outer loop
      vertex -3.9142 -7.63477 5
      vertex -5.45776 -5.77393 5
      vertex -4.03777 -7.703 5
    endloop
  endfacet
  facet normal -0 0 1
    outer loop
      vertex -5.54671 -5.88051 5
      vertex -4.03777 -7.703 5
      vertex -5.45776 -5.77393 5
    endloop
  endfacet
  facet normal 0 0 1
    outer loop
      vertex -4.03777 -7.703 5
      vertex -5.54671 -5.88051 5
      vertex -4.18164 -7.77405 5
    endloop
  endfacet
  facet normal -0 0 1
    outer loop
      vertex -5.64351 -6.00758 5
      vertex -4.18164 -7.77405 5
      vertex -5.54671 -5.88051 5
    endloop
  endfacet
  facet normal 0 0 1
    outer loop
      vertex -5.25612 -5.5695 5
      vertex -5.05479 -5.43742 5
      vertex -5.19315 -5.51878 5
    endloop
  endfacet
  facet normal 0 0 1
    outer loop
      vertex -5.37849 -5.68715 5
      vertex -5.05479 -5.43742 5
      vertex -5.3107 -5.61935 5
    endloop
  endfacet
  facet normal 0 0 1
    outer loop
      vertex -5.05479 -5.43742 5
      vertex -5.25612 -5.5695 5
      vertex -5.3107 -5.61935 5
    endloop
  endfacet
  facet normal 0 0 1
    outer loop
      vertex -4.18164 -7.77405 5
      vertex -5.64351 -6.00758 5
      vertex -4.34596 -7.84717 5
    endloop
  endfacet
  facet normal -0 0 1
    outer loop
      vertex -5.74649 -6.15538 5
      vertex -4.34596 -7.84717 5
      vertex -5.64351 -6.00758 5
    endloop
  endfacet
  facet normal 0 0 1
    outer loop
      vertex -4.34596 -7.84717 5
      vertex -5.74649 -6.15538 5
      vertex -4.53162 -7.92076 5
    endloop
  endfacet
  facet normal -0 0 1
    outer loop
      vertex -5.8537 -6.32445 5
      vertex -4.53162 -7.92076 5
      vertex -5.74649 -6.15538 5
    endloop
  endfacet
  facet normal 0 0 1
    outer loop
      vertex -4.53162 -7.92076 5
      vertex -5.8537 -6.32445 5
      vertex -4.7394 -7.99312 5
    endloop
  endfacet
  facet normal -0 0 1
    outer loop
      vertex -5.96329 -6.51505 5
      vertex -4.7394 -7.99312 5
      vertex -5.8537 -6.32445 5
    endloop
  endfacet
  facet normal 0 0 1
    outer loop
      vertex -4.7394 -7.99312 5
      vertex -5.96329 -6.51505 5
      vertex -4.97028 -8.06215 5
    endloop
  endfacet
  facet normal -0 0 1
    outer loop
      vertex -6.07344 -6.72729 5
      vertex -4.97028 -8.06215 5
      vertex -5.96329 -6.51505 5
    endloop
  endfacet
  facet normal 0 0 1
    outer loop
      vertex -4.97028 -8.06215 5
      vertex -6.07344 -6.72729 5
      vertex -5.22446 -8.1263 5
    endloop
  endfacet
  facet normal -0 0 1
    outer loop
      vertex -6.18248 -6.96106 5
      vertex -5.22446 -8.1263 5
      vertex -6.07344 -6.72729 5
    endloop
  endfacet
  facet normal 0 0 1
    outer loop
      vertex -5.22446 -8.1263 5
      vertex -6.18248 -6.96106 5
      vertex -5.50233 -8.18361 5
    endloop
  endfacet
  facet normal -0 0 1
    outer loop
      vertex -6.28912 -7.21567 5
      vertex -5.50233 -8.18361 5
      vertex -6.18248 -6.96106 5
    endloop
  endfacet
  facet normal -0 -0 1
    outer loop
      vertex -6.23299 -7.89003 5
      vertex -5.50233 -8.18361 5
      vertex -6.28912 -7.21567 5
    endloop
  endfacet
  facet normal 0 0 1
    outer loop
      vertex -5.50233 -8.18361 5
      vertex -6.23299 -7.89003 5
      vertex -5.80417 -8.23203 5
    endloop
  endfacet
  facet normal 0 0 1
    outer loop
      vertex -5.80417 -8.23203 5
      vertex -6.23299 -7.89003 5
      vertex -5.92683 -8.24609 5
    endloop
  endfacet
  facet normal -0 0 1
    outer loop
      vertex -6.39122 -7.49159 5
      vertex -6.23299 -7.89003 5
      vertex -6.28912 -7.21567 5
    endloop
  endfacet
  facet normal 0 0 1
    outer loop
      vertex -6.23299 -7.89003 5
      vertex -6.39122 -7.49159 5
      vertex -6.43599 -7.62985 5
    endloop
  endfacet
  facet normal 0.828384 -0.560161 0
    outer loop
      vertex 4.12726 -12.8694 5
      vertex 4.28548 -12.6354 0
      vertex 4.28548 -12.6354 5
    endloop
  endfacet
  facet normal 0.828384 -0.560161 0
    outer loop
      vertex 4.28548 -12.6354 0
      vertex 4.12726 -12.8694 5
      vertex 4.12726 -12.8694 0
    endloop
  endfacet
  facet normal 0.847629 -0.530589 0
    outer loop
      vertex 4.28548 -12.6354 5
      vertex 4.42606 -12.4108 0
      vertex 4.42606 -12.4108 5
    endloop
  endfacet
  facet normal 0.847629 -0.530589 0
    outer loop
      vertex 4.42606 -12.4108 0
      vertex 4.28548 -12.6354 5
      vertex 4.28548 -12.6354 0
    endloop
  endfacet
  facet normal 0.866179 -0.499733 0
    outer loop
      vertex 4.42606 -12.4108 5
      vertex 4.54974 -12.1965 0
      vertex 4.54974 -12.1965 5
    endloop
  endfacet
  facet normal 0.866179 -0.499733 0
    outer loop
      vertex 4.54974 -12.1965 0
      vertex 4.42606 -12.4108 5
      vertex 4.42606 -12.4108 0
    endloop
  endfacet
  facet normal 0.885543 -0.464558 0
    outer loop
      vertex 4.54974 -12.1965 5
      vertex 4.65646 -11.993 0
      vertex 4.65646 -11.993 5
    endloop
  endfacet
  facet normal 0.885543 -0.464558 0
    outer loop
      vertex 4.65646 -11.993 0
      vertex 4.54974 -12.1965 5
      vertex 4.54974 -12.1965 0
    endloop
  endfacet
  facet normal 0.901404 -0.432978 0
    outer loop
      vertex 4.65646 -11.993 5
      vertex 4.74854 -11.8013 0
      vertex 4.74854 -11.8013 5
    endloop
  endfacet
  facet normal 0.901404 -0.432978 0
    outer loop
      vertex 4.74854 -11.8013 0
      vertex 4.65646 -11.993 5
      vertex 4.65646 -11.993 0
    endloop
  endfacet
  facet normal 0.916166 -0.400798 0
    outer loop
      vertex 4.74854 -11.8013 5
      vertex 4.82695 -11.6221 0
      vertex 4.82695 -11.6221 5
    endloop
  endfacet
  facet normal 0.916166 -0.400798 0
    outer loop
      vertex 4.82695 -11.6221 0
      vertex 4.74854 -11.8013 5
      vertex 4.74854 -11.8013 0
    endloop
  endfacet
  facet normal 0.929796 -0.368075 0
    outer loop
      vertex 4.82695 -11.6221 5
      vertex 4.8927 -11.456 0
      vertex 4.8927 -11.456 5
    endloop
  endfacet
  facet normal 0.929796 -0.368075 0
    outer loop
      vertex 4.8927 -11.456 0
      vertex 4.82695 -11.6221 5
      vertex 4.82695 -11.6221 0
    endloop
  endfacet
  facet normal 0.942338 -0.334661 0
    outer loop
      vertex 4.8927 -11.456 5
      vertex 4.94679 -11.3037 0
      vertex 4.94679 -11.3037 5
    endloop
  endfacet
  facet normal 0.942338 -0.334661 0
    outer loop
      vertex 4.94679 -11.3037 0
      vertex 4.8927 -11.456 5
      vertex 4.8927 -11.456 0
    endloop
  endfacet
  facet normal 0.955171 -0.296053 0
    outer loop
      vertex 4.94679 -11.3037 5
      vertex 4.98953 -11.1658 0
      vertex 4.98953 -11.1658 5
    endloop
  endfacet
  facet normal 0.955171 -0.296053 0
    outer loop
      vertex 4.98953 -11.1658 0
      vertex 4.94679 -11.3037 5
      vertex 4.94679 -11.3037 0
    endloop
  endfacet
  facet normal 0.965136 -0.261748 0
    outer loop
      vertex 4.98953 -11.1658 5
      vertex 5.02286 -11.0429 0
      vertex 5.02286 -11.0429 5
    endloop
  endfacet
  facet normal 0.965136 -0.261748 0
    outer loop
      vertex 5.02286 -11.0429 0
      vertex 4.98953 -11.1658 5
      vertex 4.98953 -11.1658 0
    endloop
  endfacet
  facet normal 0.97392 -0.226892 0
    outer loop
      vertex 5.02286 -11.0429 5
      vertex 5.04785 -10.9356 0
      vertex 5.04785 -10.9356 5
    endloop
  endfacet
  facet normal 0.97392 -0.226892 0
    outer loop
      vertex 5.04785 -10.9356 0
      vertex 5.02286 -11.0429 5
      vertex 5.02286 -11.0429 0
    endloop
  endfacet
  facet normal 0.981443 -0.191754 0
    outer loop
      vertex 5.04785 -10.9356 5
      vertex 5.06566 -10.8445 0
      vertex 5.06566 -10.8445 5
    endloop
  endfacet
  facet normal 0.981443 -0.191754 0
    outer loop
      vertex 5.06566 -10.8445 0
      vertex 5.04785 -10.9356 5
      vertex 5.04785 -10.9356 0
    endloop
  endfacet
  facet normal 0.987712 -0.156285 0
    outer loop
      vertex 5.06566 -10.8445 5
      vertex 5.07744 -10.7701 0
      vertex 5.07744 -10.7701 5
    endloop
  endfacet
  facet normal 0.987712 -0.156285 0
    outer loop
      vertex 5.07744 -10.7701 0
      vertex 5.06566 -10.8445 5
      vertex 5.06566 -10.8445 0
    endloop
  endfacet
  facet normal 0.995506 -0.0946969 0
    outer loop
      vertex 5.07744 -10.7701 5
      vertex 5.08899 -10.6486 0
      vertex 5.08899 -10.6486 5
    endloop
  endfacet
  facet normal 0.995506 -0.0946969 0
    outer loop
      vertex 5.08899 -10.6486 0
      vertex 5.07744 -10.7701 5
      vertex 5.07744 -10.7701 0
    endloop
  endfacet
  facet normal 0.999677 -0.0254008 0
    outer loop
      vertex 5.08899 -10.6486 5
      vertex 5.09323 -10.4817 0
      vertex 5.09323 -10.4817 5
    endloop
  endfacet
  facet normal 0.999677 -0.0254008 0
    outer loop
      vertex 5.09323 -10.4817 0
      vertex 5.08899 -10.6486 5
      vertex 5.08899 -10.6486 0
    endloop
  endfacet
  facet normal 0.999986 0.00521581 0
    outer loop
      vertex 5.09323 -10.4817 5
      vertex 5.08873 -9.61867 0
      vertex 5.08873 -9.61867 5
    endloop
  endfacet
  facet normal 0.999986 0.00521581 0
    outer loop
      vertex 5.08873 -9.61867 0
      vertex 5.09323 -10.4817 5
      vertex 5.09323 -10.4817 0
    endloop
  endfacet
  facet normal 0.712421 -0.701752 0
    outer loop
      vertex 5.08873 -9.61867 5
      vertex 5.2473 -9.45769 0
      vertex 5.2473 -9.45769 5
    endloop
  endfacet
  facet normal 0.712421 -0.701752 0
    outer loop
      vertex 5.2473 -9.45769 0
      vertex 5.08873 -9.61867 5
      vertex 5.08873 -9.61867 0
    endloop
  endfacet
  facet normal 0.874157 0.485643 0
    outer loop
      vertex 5.2473 -9.45769 5
      vertex 5.24539 -9.45425 0
      vertex 5.24539 -9.45425 5
    endloop
  endfacet
  facet normal 0.874157 0.485643 0
    outer loop
      vertex 5.24539 -9.45425 0
      vertex 5.2473 -9.45769 5
      vertex 5.2473 -9.45769 0
    endloop
  endfacet
  facet normal -0.00283536 -0.999996 0
    outer loop
      vertex 5.24539 -9.45425 0
      vertex 5.3315 -9.4545 5
      vertex 5.24539 -9.45425 5
    endloop
  endfacet
  facet normal -0.00283536 -0.999996 -0
    outer loop
      vertex 5.3315 -9.4545 5
      vertex 5.24539 -9.45425 0
      vertex 5.3315 -9.4545 0
    endloop
  endfacet
  facet normal 0.0606928 -0.998156 0
    outer loop
      vertex 5.3315 -9.4545 0
      vertex 6.08032 -9.40897 5
      vertex 5.3315 -9.4545 5
    endloop
  endfacet
  facet normal 0.0606928 -0.998156 0
    outer loop
      vertex 6.08032 -9.40897 5
      vertex 5.3315 -9.4545 0
      vertex 6.08032 -9.40897 0
    endloop
  endfacet
  facet normal 0.125904 -0.992042 0
    outer loop
      vertex 6.08032 -9.40897 0
      vertex 6.84378 -9.31207 5
      vertex 6.08032 -9.40897 5
    endloop
  endfacet
  facet normal 0.125904 -0.992042 0
    outer loop
      vertex 6.84378 -9.31207 5
      vertex 6.08032 -9.40897 0
      vertex 6.84378 -9.31207 0
    endloop
  endfacet
  facet normal 0.19247 -0.981303 0
    outer loop
      vertex 6.84378 -9.31207 0
      vertex 6.88486 -9.30402 5
      vertex 6.84378 -9.31207 5
    endloop
  endfacet
  facet normal 0.19247 -0.981303 0
    outer loop
      vertex 6.88486 -9.30402 5
      vertex 6.84378 -9.31207 0
      vertex 6.88486 -9.30402 0
    endloop
  endfacet
  facet normal -0.574627 -0.818416 0
    outer loop
      vertex 6.88486 -9.30402 0
      vertex 7.07193 -9.43536 5
      vertex 6.88486 -9.30402 5
    endloop
  endfacet
  facet normal -0.574627 -0.818416 -0
    outer loop
      vertex 7.07193 -9.43536 5
      vertex 6.88486 -9.30402 0
      vertex 7.07193 -9.43536 0
    endloop
  endfacet
  facet normal -0.984781 -0.173803 0
    outer loop
      vertex 7.22044 -10.2769 0
      vertex 7.07193 -9.43536 5
      vertex 7.07193 -9.43536 0
    endloop
  endfacet
  facet normal -0.984781 -0.173803 0
    outer loop
      vertex 7.07193 -9.43536 5
      vertex 7.22044 -10.2769 0
      vertex 7.22044 -10.2769 5
    endloop
  endfacet
  facet normal -0.976613 -0.215005 0
    outer loop
      vertex 7.26231 -10.467 0
      vertex 7.22044 -10.2769 5
      vertex 7.22044 -10.2769 0
    endloop
  endfacet
  facet normal -0.976613 -0.215005 0
    outer loop
      vertex 7.22044 -10.2769 5
      vertex 7.26231 -10.467 0
      vertex 7.26231 -10.467 5
    endloop
  endfacet
  facet normal -0.958631 -0.284652 0
    outer loop
      vertex 7.29115 -10.5642 0
      vertex 7.26231 -10.467 5
      vertex 7.26231 -10.467 0
    endloop
  endfacet
  facet normal -0.958631 -0.284652 0
    outer loop
      vertex 7.26231 -10.467 5
      vertex 7.29115 -10.5642 0
      vertex 7.29115 -10.5642 5
    endloop
  endfacet
  facet normal -0.943064 -0.332611 0
    outer loop
      vertex 7.31654 -10.6362 0
      vertex 7.29115 -10.5642 5
      vertex 7.29115 -10.5642 0
    endloop
  endfacet
  facet normal -0.943064 -0.332611 0
    outer loop
      vertex 7.29115 -10.5642 5
      vertex 7.31654 -10.6362 0
      vertex 7.31654 -10.6362 5
    endloop
  endfacet
  facet normal -0.929655 -0.368431 0
    outer loop
      vertex 7.35095 -10.723 0
      vertex 7.31654 -10.6362 5
      vertex 7.31654 -10.6362 0
    endloop
  endfacet
  facet normal -0.929655 -0.368431 0
    outer loop
      vertex 7.31654 -10.6362 5
      vertex 7.35095 -10.723 0
      vertex 7.35095 -10.723 5
    endloop
  endfacet
  facet normal -0.915276 -0.402827 0
    outer loop
      vertex 7.39542 -10.824 0
      vertex 7.35095 -10.723 5
      vertex 7.35095 -10.723 0
    endloop
  endfacet
  facet normal -0.915276 -0.402827 0
    outer loop
      vertex 7.35095 -10.723 5
      vertex 7.39542 -10.824 0
      vertex 7.39542 -10.824 5
    endloop
  endfacet
  facet normal -0.899753 -0.4364 0
    outer loop
      vertex 7.451 -10.9386 0
      vertex 7.39542 -10.824 5
      vertex 7.39542 -10.824 0
    endloop
  endfacet
  facet normal -0.899753 -0.4364 0
    outer loop
      vertex 7.39542 -10.824 5
      vertex 7.451 -10.9386 0
      vertex 7.451 -10.9386 5
    endloop
  endfacet
  facet normal -0.883211 -0.468975 0
    outer loop
      vertex 7.51872 -11.0661 0
      vertex 7.451 -10.9386 5
      vertex 7.451 -10.9386 0
    endloop
  endfacet
  facet normal -0.883211 -0.468975 0
    outer loop
      vertex 7.451 -10.9386 5
      vertex 7.51872 -11.0661 0
      vertex 7.51872 -11.0661 5
    endloop
  endfacet
  facet normal -0.865416 -0.501055 0
    outer loop
      vertex 7.59966 -11.2059 0
      vertex 7.51872 -11.0661 5
      vertex 7.51872 -11.0661 0
    endloop
  endfacet
  facet normal -0.865416 -0.501055 0
    outer loop
      vertex 7.51872 -11.0661 5
      vertex 7.59966 -11.2059 0
      vertex 7.59966 -11.2059 5
    endloop
  endfacet
  facet normal -0.847105 -0.531426 0
    outer loop
      vertex 7.6946 -11.3573 0
      vertex 7.59966 -11.2059 5
      vertex 7.59966 -11.2059 0
    endloop
  endfacet
  facet normal -0.847105 -0.531426 0
    outer loop
      vertex 7.59966 -11.2059 5
      vertex 7.6946 -11.3573 0
      vertex 7.6946 -11.3573 5
    endloop
  endfacet
  facet normal -0.827167 -0.561956 0
    outer loop
      vertex 7.80472 -11.5194 0
      vertex 7.6946 -11.3573 5
      vertex 7.6946 -11.3573 0
    endloop
  endfacet
  facet normal -0.827167 -0.561956 0
    outer loop
      vertex 7.6946 -11.3573 5
      vertex 7.80472 -11.5194 0
      vertex 7.80472 -11.5194 5
    endloop
  endfacet
  facet normal -0.805573 -0.592497 0
    outer loop
      vertex 7.93124 -11.6914 0
      vertex 7.80472 -11.5194 5
      vertex 7.80472 -11.5194 0
    endloop
  endfacet
  facet normal -0.805573 -0.592497 0
    outer loop
      vertex 7.80472 -11.5194 5
      vertex 7.93124 -11.6914 0
      vertex 7.93124 -11.6914 5
    endloop
  endfacet
  facet normal -0.782776 -0.622303 0
    outer loop
      vertex 8.07521 -11.8725 0
      vertex 7.93124 -11.6914 5
      vertex 7.93124 -11.6914 0
    endloop
  endfacet
  facet normal -0.782776 -0.622303 0
    outer loop
      vertex 7.93124 -11.6914 5
      vertex 8.07521 -11.8725 0
      vertex 8.07521 -11.8725 5
    endloop
  endfacet
  facet normal -0.758755 -0.651376 0
    outer loop
      vertex 8.23766 -12.0617 0
      vertex 8.07521 -11.8725 5
      vertex 8.07521 -11.8725 0
    endloop
  endfacet
  facet normal -0.758755 -0.651376 0
    outer loop
      vertex 8.07521 -11.8725 5
      vertex 8.23766 -12.0617 0
      vertex 8.23766 -12.0617 5
    endloop
  endfacet
  facet normal -0.733467 -0.679725 0
    outer loop
      vertex 8.41965 -12.2581 0
      vertex 8.23766 -12.0617 5
      vertex 8.23766 -12.0617 0
    endloop
  endfacet
  facet normal -0.733467 -0.679725 0
    outer loop
      vertex 8.23766 -12.0617 5
      vertex 8.41965 -12.2581 0
      vertex 8.41965 -12.2581 5
    endloop
  endfacet
  facet normal -0.707027 -0.707187 0
    outer loop
      vertex 8.41965 -12.2581 0
      vertex 8.62221 -12.4606 5
      vertex 8.41965 -12.2581 5
    endloop
  endfacet
  facet normal -0.707027 -0.707187 -0
    outer loop
      vertex 8.62221 -12.4606 5
      vertex 8.41965 -12.2581 0
      vertex 8.62221 -12.4606 0
    endloop
  endfacet
  facet normal -0.679189 -0.733964 0
    outer loop
      vertex 8.62221 -12.4606 0
      vertex 8.74754 -12.5766 5
      vertex 8.62221 -12.4606 5
    endloop
  endfacet
  facet normal -0.679189 -0.733964 -0
    outer loop
      vertex 8.74754 -12.5766 5
      vertex 8.62221 -12.4606 0
      vertex 8.74754 -12.5766 0
    endloop
  endfacet
  facet normal 0.26042 -0.965495 0
    outer loop
      vertex 8.74754 -12.5766 0
      vertex 9.45395 -12.386 5
      vertex 8.74754 -12.5766 5
    endloop
  endfacet
  facet normal 0.26042 -0.965495 0
    outer loop
      vertex 9.45395 -12.386 5
      vertex 8.74754 -12.5766 0
      vertex 9.45395 -12.386 0
    endloop
  endfacet
  facet normal 0.329232 -0.944249 0
    outer loop
      vertex 9.45395 -12.386 0
      vertex 9.55443 -12.351 5
      vertex 9.45395 -12.386 5
    endloop
  endfacet
  facet normal 0.329232 -0.944249 0
    outer loop
      vertex 9.55443 -12.351 5
      vertex 9.45395 -12.386 0
      vertex 9.55443 -12.351 0
    endloop
  endfacet
  facet normal 0.965856 -0.25908 0
    outer loop
      vertex 9.55443 -12.351 5
      vertex 9.60268 -12.1711 0
      vertex 9.60268 -12.1711 5
    endloop
  endfacet
  facet normal 0.965856 -0.25908 0
    outer loop
      vertex 9.60268 -12.1711 0
      vertex 9.55443 -12.351 5
      vertex 9.55443 -12.351 0
    endloop
  endfacet
  facet normal 0.974609 -0.223912 0
    outer loop
      vertex 9.60268 -12.1711 5
      vertex 9.66563 -11.8971 0
      vertex 9.66563 -11.8971 5
    endloop
  endfacet
  facet normal 0.974609 -0.223912 0
    outer loop
      vertex 9.66563 -11.8971 0
      vertex 9.60268 -12.1711 5
      vertex 9.60268 -12.1711 0
    endloop
  endfacet
  facet normal 0.982138 -0.188162 0
    outer loop
      vertex 9.66563 -11.8971 5
      vertex 9.71538 -11.6375 0
      vertex 9.71538 -11.6375 5
    endloop
  endfacet
  facet normal 0.982138 -0.188162 0
    outer loop
      vertex 9.71538 -11.6375 0
      vertex 9.66563 -11.8971 5
      vertex 9.66563 -11.8971 0
    endloop
  endfacet
  facet normal 0.988357 -0.15215 0
    outer loop
      vertex 9.71538 -11.6375 5
      vertex 9.75304 -11.3928 0
      vertex 9.75304 -11.3928 5
    endloop
  endfacet
  facet normal 0.988357 -0.15215 0
    outer loop
      vertex 9.75304 -11.3928 0
      vertex 9.71538 -11.6375 5
      vertex 9.71538 -11.6375 0
    endloop
  endfacet
  facet normal 0.993295 -0.115609 0
    outer loop
      vertex 9.75304 -11.3928 5
      vertex 9.77969 -11.1638 0
      vertex 9.77969 -11.1638 5
    endloop
  endfacet
  facet normal 0.993295 -0.115609 0
    outer loop
      vertex 9.77969 -11.1638 0
      vertex 9.75304 -11.3928 5
      vertex 9.75304 -11.3928 0
    endloop
  endfacet
  facet normal 0.996899 -0.0786913 0
    outer loop
      vertex 9.77969 -11.1638 5
      vertex 9.79649 -10.951 0
      vertex 9.79649 -10.951 5
    endloop
  endfacet
  facet normal 0.996899 -0.0786913 0
    outer loop
      vertex 9.79649 -10.951 0
      vertex 9.77969 -11.1638 5
      vertex 9.77969 -11.1638 0
    endloop
  endfacet
  facet normal 0.999135 -0.041595 0
    outer loop
      vertex 9.79649 -10.951 5
      vertex 9.80466 -10.7549 0
      vertex 9.80466 -10.7549 5
    endloop
  endfacet
  facet normal 0.999135 -0.041595 0
    outer loop
      vertex 9.80466 -10.7549 0
      vertex 9.79649 -10.951 5
      vertex 9.79649 -10.951 0
    endloop
  endfacet
  facet normal 0.999992 -0.00401021 0
    outer loop
      vertex 9.80466 -10.7549 5
      vertex 9.80537 -10.576 0
      vertex 9.80537 -10.576 5
    endloop
  endfacet
  facet normal 0.999992 -0.00401021 0
    outer loop
      vertex 9.80537 -10.576 0
      vertex 9.80466 -10.7549 5
      vertex 9.80466 -10.7549 0
    endloop
  endfacet
  facet normal 0.999429 0.0337971 0
    outer loop
      vertex 9.80537 -10.576 5
      vertex 9.79993 -10.415 0
      vertex 9.79993 -10.415 5
    endloop
  endfacet
  facet normal 0.999429 0.0337971 0
    outer loop
      vertex 9.79993 -10.415 0
      vertex 9.80537 -10.576 5
      vertex 9.80537 -10.576 0
    endloop
  endfacet
  facet normal 0.997419 0.0717997 0
    outer loop
      vertex 9.79993 -10.415 5
      vertex 9.78964 -10.2721 0
      vertex 9.78964 -10.2721 5
    endloop
  endfacet
  facet normal 0.997419 0.0717997 0
    outer loop
      vertex 9.78964 -10.2721 0
      vertex 9.79993 -10.415 5
      vertex 9.79993 -10.415 0
    endloop
  endfacet
  facet normal 0.993937 0.109949 0
    outer loop
      vertex 9.78964 -10.2721 5
      vertex 9.77589 -10.1478 0
      vertex 9.77589 -10.1478 5
    endloop
  endfacet
  facet normal 0.993937 0.109949 0
    outer loop
      vertex 9.77589 -10.1478 0
      vertex 9.78964 -10.2721 5
      vertex 9.78964 -10.2721 0
    endloop
  endfacet
  facet normal 0.988961 0.148179 0
    outer loop
      vertex 9.77589 -10.1478 5
      vertex 9.76012 -10.0425 0
      vertex 9.76012 -10.0425 5
    endloop
  endfacet
  facet normal 0.988961 0.148179 0
    outer loop
      vertex 9.76012 -10.0425 0
      vertex 9.77589 -10.1478 5
      vertex 9.77589 -10.1478 0
    endloop
  endfacet
  facet normal 0.982431 0.186624 0
    outer loop
      vertex 9.76012 -10.0425 5
      vertex 9.74377 -9.95648 0
      vertex 9.74377 -9.95648 5
    endloop
  endfacet
  facet normal 0.982431 0.186624 0
    outer loop
      vertex 9.74377 -9.95648 0
      vertex 9.76012 -10.0425 5
      vertex 9.76012 -10.0425 0
    endloop
  endfacet
  facet normal 0.974399 0.224827 0
    outer loop
      vertex 9.74377 -9.95648 5
      vertex 9.72842 -9.88995 0
      vertex 9.72842 -9.88995 5
    endloop
  endfacet
  facet normal 0.974399 0.224827 0
    outer loop
      vertex 9.72842 -9.88995 0
      vertex 9.74377 -9.95648 5
      vertex 9.74377 -9.95648 0
    endloop
  endfacet
  facet normal 0.960999 0.276552 0
    outer loop
      vertex 9.72842 -9.88995 5
      vertex 9.70712 -9.81593 0
      vertex 9.70712 -9.81593 5
    endloop
  endfacet
  facet normal 0.960999 0.276552 0
    outer loop
      vertex 9.70712 -9.81593 0
      vertex 9.72842 -9.88995 5
      vertex 9.72842 -9.88995 0
    endloop
  endfacet
  facet normal 0.93322 0.359307 0
    outer loop
      vertex 9.70712 -9.81593 5
      vertex 9.6432 -9.64992 0
      vertex 9.6432 -9.64992 5
    endloop
  endfacet
  facet normal 0.93322 0.359307 0
    outer loop
      vertex 9.6432 -9.64992 0
      vertex 9.70712 -9.81593 5
      vertex 9.70712 -9.81593 0
    endloop
  endfacet
  facet normal 0.959587 0.281414 0
    outer loop
      vertex 9.6432 -9.64992 5
      vertex 9.59749 -9.49403 0
      vertex 9.59749 -9.49403 5
    endloop
  endfacet
  facet normal 0.959587 0.281414 0
    outer loop
      vertex 9.59749 -9.49403 0
      vertex 9.6432 -9.64992 5
      vertex 9.6432 -9.64992 0
    endloop
  endfacet
  facet normal 0.929739 0.36822 0
    outer loop
      vertex 9.59749 -9.49403 5
      vertex 9.31987 -8.79306 0
      vertex 9.31987 -8.79306 5
    endloop
  endfacet
  facet normal 0.929739 0.36822 0
    outer loop
      vertex 9.31987 -8.79306 0
      vertex 9.59749 -9.49403 5
      vertex 9.59749 -9.49403 0
    endloop
  endfacet
  facet normal 0.919236 -0.393707 0
    outer loop
      vertex 9.31987 -8.79306 5
      vertex 9.40883 -8.58536 0
      vertex 9.40883 -8.58536 5
    endloop
  endfacet
  facet normal 0.919236 -0.393707 0
    outer loop
      vertex 9.40883 -8.58536 0
      vertex 9.31987 -8.79306 5
      vertex 9.31987 -8.79306 0
    endloop
  endfacet
  facet normal 0.674521 0.738255 -0
    outer loop
      vertex 9.40883 -8.58536 0
      vertex 9.40247 -8.57954 5
      vertex 9.40883 -8.58536 5
    endloop
  endfacet
  facet normal 0.674521 0.738255 0
    outer loop
      vertex 9.40247 -8.57954 5
      vertex 9.40883 -8.58536 0
      vertex 9.40247 -8.57954 0
    endloop
  endfacet
  facet normal 0.398556 -0.917144 0
    outer loop
      vertex 9.40247 -8.57954 0
      vertex 9.93959 -8.34613 5
      vertex 9.40247 -8.57954 5
    endloop
  endfacet
  facet normal 0.398556 -0.917144 0
    outer loop
      vertex 9.93959 -8.34613 5
      vertex 9.40247 -8.57954 0
      vertex 9.93959 -8.34613 0
    endloop
  endfacet
  facet normal 0.468083 -0.883684 0
    outer loop
      vertex 9.93959 -8.34613 0
      vertex 10.6911 -7.94806 5
      vertex 9.93959 -8.34613 5
    endloop
  endfacet
  facet normal 0.468083 -0.883684 0
    outer loop
      vertex 10.6911 -7.94806 5
      vertex 9.93959 -8.34613 0
      vertex 10.6911 -7.94806 0
    endloop
  endfacet
  facet normal 0.53718 -0.843467 0
    outer loop
      vertex 10.6911 -7.94806 0
      vertex 10.8604 -7.84021 5
      vertex 10.6911 -7.94806 5
    endloop
  endfacet
  facet normal 0.53718 -0.843467 0
    outer loop
      vertex 10.8604 -7.84021 5
      vertex 10.6911 -7.94806 0
      vertex 10.8604 -7.84021 0
    endloop
  endfacet
  facet normal -0.586041 -0.810282 0
    outer loop
      vertex 10.8604 -7.84021 0
      vertex 10.867 -7.84496 5
      vertex 10.8604 -7.84021 5
    endloop
  endfacet
  facet normal -0.586041 -0.810282 -0
    outer loop
      vertex 10.867 -7.84496 5
      vertex 10.8604 -7.84021 0
      vertex 10.867 -7.84496 0
    endloop
  endfacet
  facet normal -0.222847 -0.974853 0
    outer loop
      vertex 10.867 -7.84496 0
      vertex 11.0873 -7.89531 5
      vertex 10.867 -7.84496 5
    endloop
  endfacet
  facet normal -0.222847 -0.974853 -0
    outer loop
      vertex 11.0873 -7.89531 5
      vertex 10.867 -7.84496 0
      vertex 11.0873 -7.89531 0
    endloop
  endfacet
  facet normal -0.848054 -0.52991 0
    outer loop
      vertex 11.5512 -8.6377 0
      vertex 11.0873 -7.89531 5
      vertex 11.0873 -7.89531 0
    endloop
  endfacet
  facet normal -0.848054 -0.52991 0
    outer loop
      vertex 11.0873 -7.89531 5
      vertex 11.5512 -8.6377 0
      vertex 11.5512 -8.6377 5
    endloop
  endfacet
  facet normal -0.834188 -0.551481 0
    outer loop
      vertex 11.6575 -8.79848 0
      vertex 11.5512 -8.6377 5
      vertex 11.5512 -8.6377 0
    endloop
  endfacet
  facet normal -0.834188 -0.551481 0
    outer loop
      vertex 11.5512 -8.6377 5
      vertex 11.6575 -8.79848 0
      vertex 11.6575 -8.79848 5
    endloop
  endfacet
  facet normal -0.789696 -0.613498 0
    outer loop
      vertex 11.716 -8.87384 0
      vertex 11.6575 -8.79848 5
      vertex 11.6575 -8.79848 0
    endloop
  endfacet
  facet normal -0.789696 -0.613498 0
    outer loop
      vertex 11.6575 -8.79848 5
      vertex 11.716 -8.87384 0
      vertex 11.716 -8.87384 5
    endloop
  endfacet
  facet normal -0.755703 -0.654915 0
    outer loop
      vertex 11.7638 -8.92899 0
      vertex 11.716 -8.87384 5
      vertex 11.716 -8.87384 0
    endloop
  endfacet
  facet normal -0.755703 -0.654915 0
    outer loop
      vertex 11.716 -8.87384 5
      vertex 11.7638 -8.92899 0
      vertex 11.7638 -8.92899 5
    endloop
  endfacet
  facet normal -0.730514 -0.682898 0
    outer loop
      vertex 11.8253 -8.99477 0
      vertex 11.7638 -8.92899 5
      vertex 11.7638 -8.92899 0
    endloop
  endfacet
  facet normal -0.730514 -0.682898 0
    outer loop
      vertex 11.7638 -8.92899 5
      vertex 11.8253 -8.99477 0
      vertex 11.8253 -8.99477 5
    endloop
  endfacet
  facet normal -0.703972 -0.710227 0
    outer loop
      vertex 11.8253 -8.99477 0
      vertex 11.9015 -9.07033 5
      vertex 11.8253 -8.99477 5
    endloop
  endfacet
  facet normal -0.703972 -0.710227 -0
    outer loop
      vertex 11.9015 -9.07033 5
      vertex 11.8253 -8.99477 0
      vertex 11.9015 -9.07033 0
    endloop
  endfacet
  facet normal -0.67609 -0.736819 0
    outer loop
      vertex 11.9015 -9.07033 0
      vertex 11.9935 -9.15475 5
      vertex 11.9015 -9.07033 5
    endloop
  endfacet
  facet normal -0.67609 -0.736819 -0
    outer loop
      vertex 11.9935 -9.15475 5
      vertex 11.9015 -9.07033 0
      vertex 11.9935 -9.15475 0
    endloop
  endfacet
  facet normal -0.647006 -0.762485 0
    outer loop
      vertex 11.9935 -9.15475 0
      vertex 12.1023 -9.24709 5
      vertex 11.9935 -9.15475 5
    endloop
  endfacet
  facet normal -0.647006 -0.762485 -0
    outer loop
      vertex 12.1023 -9.24709 5
      vertex 11.9935 -9.15475 0
      vertex 12.1023 -9.24709 0
    endloop
  endfacet
  facet normal -0.616564 -0.787305 0
    outer loop
      vertex 12.1023 -9.24709 0
      vertex 12.229 -9.34627 5
      vertex 12.1023 -9.24709 5
    endloop
  endfacet
  facet normal -0.616564 -0.787305 -0
    outer loop
      vertex 12.229 -9.34627 5
      vertex 12.1023 -9.24709 0
      vertex 12.229 -9.34627 0
    endloop
  endfacet
  facet normal -0.585046 -0.811 0
    outer loop
      vertex 12.229 -9.34627 0
      vertex 12.3745 -9.4512 5
      vertex 12.229 -9.34627 5
    endloop
  endfacet
  facet normal -0.585046 -0.811 -0
    outer loop
      vertex 12.3745 -9.4512 5
      vertex 12.229 -9.34627 0
      vertex 12.3745 -9.4512 0
    endloop
  endfacet
  facet normal -0.552122 -0.833763 0
    outer loop
      vertex 12.3745 -9.4512 0
      vertex 12.5397 -9.56065 5
      vertex 12.3745 -9.4512 5
    endloop
  endfacet
  facet normal -0.552122 -0.833763 -0
    outer loop
      vertex 12.5397 -9.56065 5
      vertex 12.3745 -9.4512 0
      vertex 12.5397 -9.56065 0
    endloop
  endfacet
  facet normal -0.518009 -0.855375 0
    outer loop
      vertex 12.5397 -9.56065 0
      vertex 12.7258 -9.67332 5
      vertex 12.5397 -9.56065 5
    endloop
  endfacet
  facet normal -0.518009 -0.855375 -0
    outer loop
      vertex 12.7258 -9.67332 5
      vertex 12.5397 -9.56065 0
      vertex 12.7258 -9.67332 0
    endloop
  endfacet
  facet normal -0.482674 -0.8758 0
    outer loop
      vertex 12.7258 -9.67332 0
      vertex 12.9335 -9.78781 5
      vertex 12.7258 -9.67332 5
    endloop
  endfacet
  facet normal -0.482674 -0.8758 -0
    outer loop
      vertex 12.9335 -9.78781 5
      vertex 12.7258 -9.67332 0
      vertex 12.9335 -9.78781 0
    endloop
  endfacet
  facet normal -0.446217 -0.894925 0
    outer loop
      vertex 12.9335 -9.78781 0
      vertex 13.1638 -9.90262 5
      vertex 12.9335 -9.78781 5
    endloop
  endfacet
  facet normal -0.446217 -0.894925 -0
    outer loop
      vertex 13.1638 -9.90262 5
      vertex 12.9335 -9.78781 0
      vertex 13.1638 -9.90262 0
    endloop
  endfacet
  facet normal -0.409021 -0.912525 0
    outer loop
      vertex 13.1638 -9.90262 0
      vertex 13.4173 -10.0162 5
      vertex 13.1638 -9.90262 5
    endloop
  endfacet
  facet normal -0.409021 -0.912525 -0
    outer loop
      vertex 13.4173 -10.0162 5
      vertex 13.1638 -9.90262 0
      vertex 13.4173 -10.0162 0
    endloop
  endfacet
  facet normal -0.370069 -0.929004 0
    outer loop
      vertex 13.4173 -10.0162 0
      vertex 13.6948 -10.1268 5
      vertex 13.4173 -10.0162 5
    endloop
  endfacet
  facet normal -0.370069 -0.929004 -0
    outer loop
      vertex 13.6948 -10.1268 5
      vertex 13.4173 -10.0162 0
      vertex 13.6948 -10.1268 0
    endloop
  endfacet
  facet normal -0.3301 -0.943946 0
    outer loop
      vertex 13.6948 -10.1268 0
      vertex 13.8203 -10.1707 5
      vertex 13.6948 -10.1268 5
    endloop
  endfacet
  facet normal -0.3301 -0.943946 -0
    outer loop
      vertex 13.8203 -10.1707 5
      vertex 13.6948 -10.1268 0
      vertex 13.8203 -10.1707 0
    endloop
  endfacet
  facet normal 0.605178 -0.79609 0
    outer loop
      vertex 13.8203 -10.1707 0
      vertex 14.4064 -9.72522 5
      vertex 13.8203 -10.1707 5
    endloop
  endfacet
  facet normal 0.605178 -0.79609 0
    outer loop
      vertex 14.4064 -9.72522 5
      vertex 13.8203 -10.1707 0
      vertex 14.4064 -9.72522 0
    endloop
  endfacet
  facet normal 0.671197 -0.741279 0
    outer loop
      vertex 14.4064 -9.72522 0
      vertex 14.4678 -9.66954 5
      vertex 14.4064 -9.72522 5
    endloop
  endfacet
  facet normal 0.671197 -0.741279 0
    outer loop
      vertex 14.4678 -9.66954 5
      vertex 14.4064 -9.72522 0
      vertex 14.4678 -9.66954 0
    endloop
  endfacet
  facet normal 0.993462 0.114161 0
    outer loop
      vertex 14.4678 -9.66954 5
      vertex 14.4491 -9.50674 0
      vertex 14.4491 -9.50674 5
    endloop
  endfacet
  facet normal 0.993462 0.114161 0
    outer loop
      vertex 14.4491 -9.50674 0
      vertex 14.4678 -9.66954 5
      vertex 14.4678 -9.66954 0
    endloop
  endfacet
  facet normal 0.988298 0.152535 0
    outer loop
      vertex 14.4491 -9.50674 5
      vertex 14.4052 -9.22202 0
      vertex 14.4052 -9.22202 5
    endloop
  endfacet
  facet normal 0.988298 0.152535 0
    outer loop
      vertex 14.4052 -9.22202 0
      vertex 14.4491 -9.50674 5
      vertex 14.4491 -9.50674 0
    endloop
  endfacet
  facet normal 0.981584 0.191033 0
    outer loop
      vertex 14.4052 -9.22202 5
      vertex 14.3535 -8.95615 0
      vertex 14.3535 -8.95615 5
    endloop
  endfacet
  facet normal 0.981584 0.191033 0
    outer loop
      vertex 14.3535 -8.95615 0
      vertex 14.4052 -9.22202 5
      vertex 14.4052 -9.22202 0
    endloop
  endfacet
  facet normal 0.973281 0.229617 0
    outer loop
      vertex 14.3535 -8.95615 5
      vertex 14.2953 -8.70959 0
      vertex 14.2953 -8.70959 5
    endloop
  endfacet
  facet normal 0.973281 0.229617 0
    outer loop
      vertex 14.2953 -8.70959 0
      vertex 14.3535 -8.95615 5
      vertex 14.3535 -8.95615 0
    endloop
  endfacet
  facet normal 0.963392 0.268098 0
    outer loop
      vertex 14.2953 -8.70959 5
      vertex 14.2322 -8.48276 0
      vertex 14.2322 -8.48276 5
    endloop
  endfacet
  facet normal 0.963392 0.268098 0
    outer loop
      vertex 14.2322 -8.48276 0
      vertex 14.2953 -8.70959 5
      vertex 14.2953 -8.70959 0
    endloop
  endfacet
  facet normal 0.951844 0.306582 0
    outer loop
      vertex 14.2322 -8.48276 5
      vertex 14.1656 -8.27597 0
      vertex 14.1656 -8.27597 5
    endloop
  endfacet
  facet normal 0.951844 0.306582 0
    outer loop
      vertex 14.1656 -8.27597 0
      vertex 14.2322 -8.48276 5
      vertex 14.2322 -8.48276 0
    endloop
  endfacet
  facet normal 0.93862 0.344954 0
    outer loop
      vertex 14.1656 -8.27597 5
      vertex 14.097 -8.08951 0
      vertex 14.097 -8.08951 5
    endloop
  endfacet
  facet normal 0.93862 0.344954 0
    outer loop
      vertex 14.097 -8.08951 0
      vertex 14.1656 -8.27597 5
      vertex 14.1656 -8.27597 0
    endloop
  endfacet
  facet normal 0.923699 0.383119 0
    outer loop
      vertex 14.097 -8.08951 5
      vertex 14.0282 -7.92355 0
      vertex 14.0282 -7.92355 5
    endloop
  endfacet
  facet normal 0.923699 0.383119 0
    outer loop
      vertex 14.0282 -7.92355 0
      vertex 14.097 -8.08951 5
      vertex 14.097 -8.08951 0
    endloop
  endfacet
  facet normal 0.907054 0.421013 0
    outer loop
      vertex 14.0282 -7.92355 5
      vertex 13.9607 -7.77818 0
      vertex 13.9607 -7.77818 5
    endloop
  endfacet
  facet normal 0.907054 0.421013 0
    outer loop
      vertex 13.9607 -7.77818 0
      vertex 14.0282 -7.92355 5
      vertex 14.0282 -7.92355 0
    endloop
  endfacet
  facet normal 0.888661 0.458565 0
    outer loop
      vertex 13.9607 -7.77818 5
      vertex 13.8963 -7.6534 0
      vertex 13.8963 -7.6534 5
    endloop
  endfacet
  facet normal 0.888661 0.458565 0
    outer loop
      vertex 13.8963 -7.6534 0
      vertex 13.9607 -7.77818 5
      vertex 13.9607 -7.77818 0
    endloop
  endfacet
  facet normal 0.868579 0.495551 0
    outer loop
      vertex 13.8963 -7.6534 5
      vertex 13.8368 -7.54901 0
      vertex 13.8368 -7.54901 5
    endloop
  endfacet
  facet normal 0.868579 0.495551 0
    outer loop
      vertex 13.8368 -7.54901 0
      vertex 13.8963 -7.6534 5
      vertex 13.8963 -7.6534 0
    endloop
  endfacet
  facet normal 0.846712 0.532052 0
    outer loop
      vertex 13.8368 -7.54901 5
      vertex 13.7839 -7.4648 0
      vertex 13.7839 -7.4648 5
    endloop
  endfacet
  facet normal 0.846712 0.532052 0
    outer loop
      vertex 13.7839 -7.4648 0
      vertex 13.8368 -7.54901 5
      vertex 13.8368 -7.54901 0
    endloop
  endfacet
  facet normal 0.823137 0.567842 0
    outer loop
      vertex 13.7839 -7.4648 5
      vertex 13.7394 -7.4003 0
      vertex 13.7394 -7.4003 5
    endloop
  endfacet
  facet normal 0.823137 0.567842 0
    outer loop
      vertex 13.7394 -7.4003 0
      vertex 13.7839 -7.4648 5
      vertex 13.7839 -7.4648 0
    endloop
  endfacet
  facet normal 0.788231 0.615379 0
    outer loop
      vertex 13.7394 -7.4003 5
      vertex 13.6829 -7.328 0
      vertex 13.6829 -7.328 5
    endloop
  endfacet
  facet normal 0.788231 0.615379 0
    outer loop
      vertex 13.6829 -7.328 0
      vertex 13.7394 -7.4003 5
      vertex 13.7394 -7.4003 0
    endloop
  endfacet
  facet normal 0.695751 0.718283 -0
    outer loop
      vertex 13.6829 -7.328 0
      vertex 13.5589 -7.20786 5
      vertex 13.6829 -7.328 5
    endloop
  endfacet
  facet normal 0.695751 0.718283 0
    outer loop
      vertex 13.5589 -7.20786 5
      vertex 13.6829 -7.328 0
      vertex 13.5589 -7.20786 0
    endloop
  endfacet
  facet normal 0.751448 0.659792 0
    outer loop
      vertex 13.5589 -7.20786 5
      vertex 13.4399 -7.07237 0
      vertex 13.4399 -7.07237 5
    endloop
  endfacet
  facet normal 0.751448 0.659792 0
    outer loop
      vertex 13.4399 -7.07237 0
      vertex 13.5589 -7.20786 5
      vertex 13.5589 -7.20786 0
    endloop
  endfacet
  facet normal 0.814267 0.580491 0
    outer loop
      vertex 13.4399 -7.07237 5
      vertex 13.3479 -6.94333 0
      vertex 13.3479 -6.94333 5
    endloop
  endfacet
  facet normal 0.814267 0.580491 0
    outer loop
      vertex 13.3479 -6.94333 0
      vertex 13.4399 -7.07237 5
      vertex 13.4399 -7.07237 0
    endloop
  endfacet
  facet normal 0.713545 0.700609 0
    outer loop
      vertex 13.3479 -6.94333 5
      vertex 12.8851 -6.472 0
      vertex 12.8851 -6.472 5
    endloop
  endfacet
  facet normal 0.713545 0.700609 0
    outer loop
      vertex 12.8851 -6.472 0
      vertex 13.3479 -6.94333 5
      vertex 13.3479 -6.94333 0
    endloop
  endfacet
  facet normal 0.999991 -0.00432195 0
    outer loop
      vertex 12.8851 -6.472 5
      vertex 12.8861 -6.24605 0
      vertex 12.8861 -6.24605 5
    endloop
  endfacet
  facet normal 0.999991 -0.00432195 0
    outer loop
      vertex 12.8861 -6.24605 0
      vertex 12.8851 -6.472 5
      vertex 12.8851 -6.472 0
    endloop
  endfacet
  facet normal 0.435611 0.900135 -0
    outer loop
      vertex 12.8861 -6.24605 0
      vertex 12.879 -6.2426 5
      vertex 12.8861 -6.24605 5
    endloop
  endfacet
  facet normal 0.435611 0.900135 0
    outer loop
      vertex 12.879 -6.2426 5
      vertex 12.8861 -6.24605 0
      vertex 12.879 -6.2426 0
    endloop
  endfacet
  facet normal 0.734346 -0.678776 0
    outer loop
      vertex 12.879 -6.2426 5
      vertex 13.363 -5.71893 0
      vertex 13.363 -5.71893 5
    endloop
  endfacet
  facet normal 0.734346 -0.678776 0
    outer loop
      vertex 13.363 -5.71893 0
      vertex 12.879 -6.2426 5
      vertex 12.879 -6.2426 0
    endloop
  endfacet
  facet normal 0.79422 -0.60763 0
    outer loop
      vertex 13.363 -5.71893 5
      vertex 13.9087 -5.00566 0
      vertex 13.9087 -5.00566 5
    endloop
  endfacet
  facet normal 0.79422 -0.60763 0
    outer loop
      vertex 13.9087 -5.00566 0
      vertex 13.363 -5.71893 5
      vertex 13.363 -5.71893 0
    endloop
  endfacet
  facet normal 0.190789 -0.981631 0
    outer loop
      vertex 13.9087 -5.00566 0
      vertex 14.1322 -4.96223 5
      vertex 13.9087 -5.00566 5
    endloop
  endfacet
  facet normal 0.190789 -0.981631 0
    outer loop
      vertex 14.1322 -4.96223 5
      vertex 13.9087 -5.00566 0
      vertex 14.1322 -4.96223 0
    endloop
  endfacet
  facet normal -0.557683 -0.830054 0
    outer loop
      vertex 14.1322 -4.96223 0
      vertex 14.7811 -5.39822 5
      vertex 14.1322 -4.96223 5
    endloop
  endfacet
  facet normal -0.557683 -0.830054 -0
    outer loop
      vertex 14.7811 -5.39822 5
      vertex 14.1322 -4.96223 0
      vertex 14.7811 -5.39822 0
    endloop
  endfacet
  facet normal -0.495595 -0.868554 0
    outer loop
      vertex 14.7811 -5.39822 0
      vertex 14.9201 -5.47752 5
      vertex 14.7811 -5.39822 5
    endloop
  endfacet
  facet normal -0.495595 -0.868554 -0
    outer loop
      vertex 14.9201 -5.47752 5
      vertex 14.7811 -5.39822 0
      vertex 14.9201 -5.47752 0
    endloop
  endfacet
  facet normal -0.564541 -0.825405 0
    outer loop
      vertex 14.9201 -5.47752 0
      vertex 15.0689 -5.57933 5
      vertex 14.9201 -5.47752 5
    endloop
  endfacet
  facet normal -0.564541 -0.825405 -0
    outer loop
      vertex 15.0689 -5.57933 5
      vertex 14.9201 -5.47752 0
      vertex 15.0689 -5.57933 0
    endloop
  endfacet
  facet normal -0.489635 -0.871927 0
    outer loop
      vertex 15.0689 -5.57933 0
      vertex 15.1325 -5.61504 5
      vertex 15.0689 -5.57933 5
    endloop
  endfacet
  facet normal -0.489635 -0.871927 -0
    outer loop
      vertex 15.1325 -5.61504 5
      vertex 15.0689 -5.57933 0
      vertex 15.1325 -5.61504 0
    endloop
  endfacet
  facet normal -0.440747 -0.897631 0
    outer loop
      vertex 15.1325 -5.61504 0
      vertex 15.1894 -5.64296 5
      vertex 15.1325 -5.61504 5
    endloop
  endfacet
  facet normal -0.440747 -0.897631 -0
    outer loop
      vertex 15.1894 -5.64296 5
      vertex 15.1325 -5.61504 0
      vertex 15.1894 -5.64296 0
    endloop
  endfacet
  facet normal -0.403332 -0.915054 0
    outer loop
      vertex 15.1894 -5.64296 0
      vertex 15.2642 -5.67595 5
      vertex 15.1894 -5.64296 5
    endloop
  endfacet
  facet normal -0.403332 -0.915054 -0
    outer loop
      vertex 15.2642 -5.67595 5
      vertex 15.1894 -5.64296 0
      vertex 15.2642 -5.67595 0
    endloop
  endfacet
  facet normal -0.365685 -0.930739 0
    outer loop
      vertex 15.2642 -5.67595 0
      vertex 15.3579 -5.71275 5
      vertex 15.2642 -5.67595 5
    endloop
  endfacet
  facet normal -0.365685 -0.930739 -0
    outer loop
      vertex 15.3579 -5.71275 5
      vertex 15.2642 -5.67595 0
      vertex 15.3579 -5.71275 0
    endloop
  endfacet
  facet normal -0.326136 -0.945323 0
    outer loop
      vertex 15.3579 -5.71275 0
      vertex 15.4713 -5.75186 5
      vertex 15.3579 -5.71275 5
    endloop
  endfacet
  facet normal -0.326136 -0.945323 -0
    outer loop
      vertex 15.4713 -5.75186 5
      vertex 15.3579 -5.71275 0
      vertex 15.4713 -5.75186 0
    endloop
  endfacet
  facet normal -0.28475 -0.958602 0
    outer loop
      vertex 15.4713 -5.75186 0
      vertex 15.6051 -5.79163 5
      vertex 15.4713 -5.75186 5
    endloop
  endfacet
  facet normal -0.28475 -0.958602 -0
    outer loop
      vertex 15.6051 -5.79163 5
      vertex 15.4713 -5.75186 0
      vertex 15.6051 -5.79163 0
    endloop
  endfacet
  facet normal -0.242693 -0.970103 0
    outer loop
      vertex 15.6051 -5.79163 0
      vertex 15.7602 -5.83041 5
      vertex 15.6051 -5.79163 5
    endloop
  endfacet
  facet normal -0.242693 -0.970103 -0
    outer loop
      vertex 15.7602 -5.83041 5
      vertex 15.6051 -5.79163 0
      vertex 15.7602 -5.83041 0
    endloop
  endfacet
  facet normal -0.199726 -0.979852 0
    outer loop
      vertex 15.7602 -5.83041 0
      vertex 15.9369 -5.86644 5
      vertex 15.7602 -5.83041 5
    endloop
  endfacet
  facet normal -0.199726 -0.979852 -0
    outer loop
      vertex 15.9369 -5.86644 5
      vertex 15.7602 -5.83041 0
      vertex 15.9369 -5.86644 0
    endloop
  endfacet
  facet normal -0.155939 -0.987767 0
    outer loop
      vertex 15.9369 -5.86644 0
      vertex 16.1358 -5.89784 5
      vertex 15.9369 -5.86644 5
    endloop
  endfacet
  facet normal -0.155939 -0.987767 -0
    outer loop
      vertex 16.1358 -5.89784 5
      vertex 15.9369 -5.86644 0
      vertex 16.1358 -5.89784 0
    endloop
  endfacet
  facet normal -0.111454 -0.99377 0
    outer loop
      vertex 16.1358 -5.89784 0
      vertex 16.3572 -5.92267 5
      vertex 16.1358 -5.89784 5
    endloop
  endfacet
  facet normal -0.111454 -0.99377 -0
    outer loop
      vertex 16.3572 -5.92267 5
      vertex 16.1358 -5.89784 0
      vertex 16.3572 -5.92267 0
    endloop
  endfacet
  facet normal -0.066287 -0.997801 0
    outer loop
      vertex 16.3572 -5.92267 0
      vertex 16.6011 -5.93887 5
      vertex 16.3572 -5.92267 5
    endloop
  endfacet
  facet normal -0.066287 -0.997801 -0
    outer loop
      vertex 16.6011 -5.93887 5
      vertex 16.3572 -5.92267 0
      vertex 16.6011 -5.93887 0
    endloop
  endfacet
  facet normal -0.0207286 -0.999785 0
    outer loop
      vertex 16.6011 -5.93887 0
      vertex 16.8675 -5.9444 5
      vertex 16.6011 -5.93887 5
    endloop
  endfacet
  facet normal -0.0207286 -0.999785 -0
    outer loop
      vertex 16.8675 -5.9444 5
      vertex 16.6011 -5.93887 0
      vertex 16.8675 -5.9444 0
    endloop
  endfacet
  facet normal 0.0253104 -0.99968 0
    outer loop
      vertex 16.8675 -5.9444 0
      vertex 17.1562 -5.93709 5
      vertex 16.8675 -5.9444 5
    endloop
  endfacet
  facet normal 0.0253104 -0.99968 0
    outer loop
      vertex 17.1562 -5.93709 5
      vertex 16.8675 -5.9444 0
      vertex 17.1562 -5.93709 0
    endloop
  endfacet
  facet normal 0.0715293 -0.997439 0
    outer loop
      vertex 17.1562 -5.93709 0
      vertex 17.4666 -5.91483 5
      vertex 17.1562 -5.93709 5
    endloop
  endfacet
  facet normal 0.0715293 -0.997439 0
    outer loop
      vertex 17.4666 -5.91483 5
      vertex 17.1562 -5.93709 0
      vertex 17.4666 -5.91483 0
    endloop
  endfacet
  facet normal 0.117952 -0.993019 0
    outer loop
      vertex 17.4666 -5.91483 0
      vertex 17.5688 -5.90269 5
      vertex 17.4666 -5.91483 5
    endloop
  endfacet
  facet normal 0.117952 -0.993019 0
    outer loop
      vertex 17.5688 -5.90269 5
      vertex 17.4666 -5.91483 0
      vertex 17.5688 -5.90269 0
    endloop
  endfacet
  facet normal 0.895235 -0.445595 0
    outer loop
      vertex 17.5688 -5.90269 5
      vertex 17.9218 -5.19347 0
      vertex 17.9218 -5.19347 5
    endloop
  endfacet
  facet normal 0.895235 -0.445595 0
    outer loop
      vertex 17.9218 -5.19347 0
      vertex 17.5688 -5.90269 5
      vertex 17.5688 -5.90269 0
    endloop
  endfacet
  facet normal 0.866102 0.499868 0
    outer loop
      vertex 17.9218 -5.19347 5
      vertex 17.8641 -5.09358 0
      vertex 17.8641 -5.09358 5
    endloop
  endfacet
  facet normal 0.866102 0.499868 0
    outer loop
      vertex 17.8641 -5.09358 0
      vertex 17.9218 -5.19347 5
      vertex 17.9218 -5.19347 0
    endloop
  endfacet
  facet normal 0.843843 0.53659 0
    outer loop
      vertex 17.8641 -5.09358 5
      vertex 17.7025 -4.83942 0
      vertex 17.7025 -4.83942 5
    endloop
  endfacet
  facet normal 0.843843 0.53659 0
    outer loop
      vertex 17.7025 -4.83942 0
      vertex 17.8641 -5.09358 5
      vertex 17.8641 -5.09358 0
    endloop
  endfacet
  facet normal 0.819808 0.572638 0
    outer loop
      vertex 17.7025 -4.83942 5
      vertex 17.5409 -4.60808 0
      vertex 17.5409 -4.60808 5
    endloop
  endfacet
  facet normal 0.819808 0.572638 0
    outer loop
      vertex 17.5409 -4.60808 0
      vertex 17.7025 -4.83942 5
      vertex 17.7025 -4.83942 0
    endloop
  endfacet
  facet normal 0.793939 0.607997 0
    outer loop
      vertex 17.5409 -4.60808 5
      vertex 17.3812 -4.39946 0
      vertex 17.3812 -4.39946 5
    endloop
  endfacet
  facet normal 0.793939 0.607997 0
    outer loop
      vertex 17.3812 -4.39946 0
      vertex 17.5409 -4.60808 5
      vertex 17.5409 -4.60808 0
    endloop
  endfacet
  facet normal 0.766281 0.642505 0
    outer loop
      vertex 17.3812 -4.39946 5
      vertex 17.2251 -4.21336 0
      vertex 17.2251 -4.21336 5
    endloop
  endfacet
  facet normal 0.766281 0.642505 0
    outer loop
      vertex 17.2251 -4.21336 0
      vertex 17.3812 -4.39946 5
      vertex 17.3812 -4.39946 0
    endloop
  endfacet
  facet normal 0.736795 0.676116 0
    outer loop
      vertex 17.2251 -4.21336 5
      vertex 17.0747 -4.04939 0
      vertex 17.0747 -4.04939 5
    endloop
  endfacet
  facet normal 0.736795 0.676116 0
    outer loop
      vertex 17.0747 -4.04939 0
      vertex 17.2251 -4.21336 5
      vertex 17.2251 -4.21336 0
    endloop
  endfacet
  facet normal 0.705555 0.708655 -0
    outer loop
      vertex 17.0747 -4.04939 0
      vertex 16.9316 -3.907 5
      vertex 17.0747 -4.04939 5
    endloop
  endfacet
  facet normal 0.705555 0.708655 0
    outer loop
      vertex 16.9316 -3.907 5
      vertex 17.0747 -4.04939 0
      vertex 16.9316 -3.907 0
    endloop
  endfacet
  facet normal 0.672479 0.740116 -0
    outer loop
      vertex 16.9316 -3.907 0
      vertex 16.7979 -3.78548 5
      vertex 16.9316 -3.907 5
    endloop
  endfacet
  facet normal 0.672479 0.740116 0
    outer loop
      vertex 16.7979 -3.78548 5
      vertex 16.9316 -3.907 0
      vertex 16.7979 -3.78548 0
    endloop
  endfacet
  facet normal 0.63774 0.770251 -0
    outer loop
      vertex 16.7979 -3.78548 0
      vertex 16.6752 -3.68391 5
      vertex 16.7979 -3.78548 5
    endloop
  endfacet
  facet normal 0.63774 0.770251 0
    outer loop
      vertex 16.6752 -3.68391 5
      vertex 16.7979 -3.78548 0
      vertex 16.6752 -3.68391 0
    endloop
  endfacet
  facet normal 0.601668 0.798747 -0
    outer loop
      vertex 16.6752 -3.68391 0
      vertex 16.5654 -3.60118 5
      vertex 16.6752 -3.68391 5
    endloop
  endfacet
  facet normal 0.601668 0.798747 0
    outer loop
      vertex 16.5654 -3.60118 5
      vertex 16.6752 -3.68391 0
      vertex 16.5654 -3.60118 0
    endloop
  endfacet
  facet normal 0.564172 0.825657 -0
    outer loop
      vertex 16.5654 -3.60118 0
      vertex 16.47 -3.536 5
      vertex 16.5654 -3.60118 5
    endloop
  endfacet
  facet normal 0.564172 0.825657 0
    outer loop
      vertex 16.47 -3.536 5
      vertex 16.5654 -3.60118 0
      vertex 16.47 -3.536 0
    endloop
  endfacet
  facet normal 0.525246 0.850951 -0
    outer loop
      vertex 16.47 -3.536 0
      vertex 16.3905 -3.48695 5
      vertex 16.47 -3.536 5
    endloop
  endfacet
  facet normal 0.525246 0.850951 0
    outer loop
      vertex 16.3905 -3.48695 5
      vertex 16.47 -3.536 0
      vertex 16.3905 -3.48695 0
    endloop
  endfacet
  facet normal 0.485023 0.874501 -0
    outer loop
      vertex 16.3905 -3.48695 0
      vertex 16.3284 -3.45248 5
      vertex 16.3905 -3.48695 5
    endloop
  endfacet
  facet normal 0.485023 0.874501 0
    outer loop
      vertex 16.3284 -3.45248 5
      vertex 16.3905 -3.48695 0
      vertex 16.3284 -3.45248 0
    endloop
  endfacet
  facet normal 0.430312 0.90268 -0
    outer loop
      vertex 16.3284 -3.45248 0
      vertex 16.2606 -3.42017 5
      vertex 16.3284 -3.45248 5
    endloop
  endfacet
  facet normal 0.430312 0.90268 0
    outer loop
      vertex 16.2606 -3.42017 5
      vertex 16.3284 -3.45248 0
      vertex 16.2606 -3.42017 0
    endloop
  endfacet
  facet normal 0.288557 0.957463 -0
    outer loop
      vertex 16.2606 -3.42017 0
      vertex 16.111 -3.37508 5
      vertex 16.2606 -3.42017 5
    endloop
  endfacet
  facet normal 0.288557 0.957463 0
    outer loop
      vertex 16.111 -3.37508 5
      vertex 16.2606 -3.42017 0
      vertex 16.111 -3.37508 0
    endloop
  endfacet
  facet normal 0.369741 0.929135 -0
    outer loop
      vertex 16.111 -3.37508 0
      vertex 15.9361 -3.30547 5
      vertex 16.111 -3.37508 5
    endloop
  endfacet
  facet normal 0.369741 0.929135 0
    outer loop
      vertex 15.9361 -3.30547 5
      vertex 16.111 -3.37508 0
      vertex 15.9361 -3.30547 0
    endloop
  endfacet
  facet normal 0.46398 0.885846 -0
    outer loop
      vertex 15.9361 -3.30547 0
      vertex 15.7881 -3.22797 5
      vertex 15.9361 -3.30547 5
    endloop
  endfacet
  facet normal 0.46398 0.885846 0
    outer loop
      vertex 15.7881 -3.22797 5
      vertex 15.9361 -3.30547 0
      vertex 15.7881 -3.22797 0
    endloop
  endfacet
  facet normal 0.343378 0.939197 -0
    outer loop
      vertex 15.7881 -3.22797 0
      vertex 15.1339 -2.9888 5
      vertex 15.7881 -3.22797 5
    endloop
  endfacet
  facet normal 0.343378 0.939197 0
    outer loop
      vertex 15.1339 -2.9888 5
      vertex 15.7881 -3.22797 0
      vertex 15.1339 -2.9888 0
    endloop
  endfacet
  facet normal 0.905907 0.423477 0
    outer loop
      vertex 15.1339 -2.9888 5
      vertex 15.0383 -2.7841 0
      vertex 15.0383 -2.7841 5
    endloop
  endfacet
  facet normal 0.905907 0.423477 0
    outer loop
      vertex 15.0383 -2.7841 0
      vertex 15.1339 -2.9888 5
      vertex 15.1339 -2.9888 0
    endloop
  endfacet
  facet normal 0.181629 0.983367 -0
    outer loop
      vertex 15.0383 -2.7841 0
      vertex 15.0301 -2.78259 5
      vertex 15.0383 -2.7841 5
    endloop
  endfacet
  facet normal 0.181629 0.983367 0
    outer loop
      vertex 15.0301 -2.78259 5
      vertex 15.0383 -2.7841 0
      vertex 15.0301 -2.78259 0
    endloop
  endfacet
  facet normal 0.935178 -0.354178 0
    outer loop
      vertex 15.0301 -2.78259 5
      vertex 15.0882 -2.62909 0
      vertex 15.0882 -2.62909 5
    endloop
  endfacet
  facet normal 0.935178 -0.354178 0
    outer loop
      vertex 15.0882 -2.62909 0
      vertex 15.0301 -2.78259 5
      vertex 15.0301 -2.78259 0
    endloop
  endfacet
  facet normal 0.966367 -0.257167 0
    outer loop
      vertex 15.0882 -2.62909 5
      vertex 15.3173 -1.76826 0
      vertex 15.3173 -1.76826 5
    endloop
  endfacet
  facet normal 0.966367 -0.257167 0
    outer loop
      vertex 15.3173 -1.76826 0
      vertex 15.0882 -2.62909 5
      vertex 15.0882 -2.62909 0
    endloop
  endfacet
  facet normal 0.987752 -0.15603 0
    outer loop
      vertex 15.3173 -1.76826 5
      vertex 15.4021 -1.23167 0
      vertex 15.4021 -1.23167 5
    endloop
  endfacet
  facet normal 0.987752 -0.15603 0
    outer loop
      vertex 15.4021 -1.23167 0
      vertex 15.3173 -1.76826 5
      vertex 15.3173 -1.76826 0
    endloop
  endfacet
  facet normal -0.0791163 -0.996865 0
    outer loop
      vertex 15.4021 -1.23167 0
      vertex 15.4146 -1.23267 5
      vertex 15.4021 -1.23167 5
    endloop
  endfacet
  facet normal -0.0791163 -0.996865 -0
    outer loop
      vertex 15.4146 -1.23267 5
      vertex 15.4021 -1.23167 0
      vertex 15.4146 -1.23267 0
    endloop
  endfacet
  facet normal 0.612214 -0.790692 0
    outer loop
      vertex 15.4146 -1.23267 0
      vertex 15.5932 -1.09433 5
      vertex 15.4146 -1.23267 5
    endloop
  endfacet
  facet normal 0.612214 -0.790692 0
    outer loop
      vertex 15.5932 -1.09433 5
      vertex 15.4146 -1.23267 0
      vertex 15.5932 -1.09433 0
    endloop
  endfacet
  facet normal -0.127095 -0.991891 0
    outer loop
      vertex 15.5932 -1.09433 0
      vertex 16.2737 -1.18152 5
      vertex 15.5932 -1.09433 5
    endloop
  endfacet
  facet normal -0.127095 -0.991891 -0
    outer loop
      vertex 16.2737 -1.18152 5
      vertex 15.5932 -1.09433 0
      vertex 16.2737 -1.18152 0
    endloop
  endfacet
  facet normal 0.0120716 -0.999927 0
    outer loop
      vertex 16.2737 -1.18152 0
      vertex 16.4329 -1.1796 5
      vertex 16.2737 -1.18152 5
    endloop
  endfacet
  facet normal 0.0120716 -0.999927 0
    outer loop
      vertex 16.4329 -1.1796 5
      vertex 16.2737 -1.18152 0
      vertex 16.4329 -1.1796 0
    endloop
  endfacet
  facet normal -0.08926 -0.996008 0
    outer loop
      vertex 16.4329 -1.1796 0
      vertex 16.6102 -1.19548 5
      vertex 16.4329 -1.1796 5
    endloop
  endfacet
  facet normal -0.08926 -0.996008 -0
    outer loop
      vertex 16.6102 -1.19548 5
      vertex 16.4329 -1.1796 0
      vertex 16.6102 -1.19548 0
    endloop
  endfacet
  facet normal -0.169367 -0.985553 0
    outer loop
      vertex 16.6102 -1.19548 0
      vertex 16.7819 -1.22499 5
      vertex 16.6102 -1.19548 5
    endloop
  endfacet
  facet normal -0.169367 -0.985553 -0
    outer loop
      vertex 16.7819 -1.22499 5
      vertex 16.6102 -1.19548 0
      vertex 16.7819 -1.22499 0
    endloop
  endfacet
  facet normal -0.0307407 -0.999527 0
    outer loop
      vertex 16.7819 -1.22499 0
      vertex 16.8657 -1.22757 5
      vertex 16.7819 -1.22499 5
    endloop
  endfacet
  facet normal -0.0307407 -0.999527 -0
    outer loop
      vertex 16.8657 -1.22757 5
      vertex 16.7819 -1.22499 0
      vertex 16.8657 -1.22757 0
    endloop
  endfacet
  facet normal 0.0314113 -0.999507 0
    outer loop
      vertex 16.8657 -1.22757 0
      vertex 16.9386 -1.22528 5
      vertex 16.8657 -1.22757 5
    endloop
  endfacet
  facet normal 0.0314113 -0.999507 0
    outer loop
      vertex 16.9386 -1.22528 5
      vertex 16.8657 -1.22757 0
      vertex 16.9386 -1.22528 0
    endloop
  endfacet
  facet normal 0.07728 -0.997009 0
    outer loop
      vertex 16.9386 -1.22528 0
      vertex 17.0323 -1.21802 5
      vertex 16.9386 -1.22528 5
    endloop
  endfacet
  facet normal 0.07728 -0.997009 0
    outer loop
      vertex 17.0323 -1.21802 5
      vertex 16.9386 -1.22528 0
      vertex 17.0323 -1.21802 0
    endloop
  endfacet
  facet normal 0.123335 -0.992365 0
    outer loop
      vertex 17.0323 -1.21802 0
      vertex 17.1468 -1.20378 5
      vertex 17.0323 -1.21802 5
    endloop
  endfacet
  facet normal 0.123335 -0.992365 0
    outer loop
      vertex 17.1468 -1.20378 5
      vertex 17.0323 -1.21802 0
      vertex 17.1468 -1.20378 0
    endloop
  endfacet
  facet normal 0.169359 -0.985554 0
    outer loop
      vertex 17.1468 -1.20378 0
      vertex 17.282 -1.18056 5
      vertex 17.1468 -1.20378 5
    endloop
  endfacet
  facet normal 0.169359 -0.985554 0
    outer loop
      vertex 17.282 -1.18056 5
      vertex 17.1468 -1.20378 0
      vertex 17.282 -1.18056 0
    endloop
  endfacet
  facet normal 0.215325 -0.976542 0
    outer loop
      vertex 17.282 -1.18056 0
      vertex 17.4373 -1.14632 5
      vertex 17.282 -1.18056 5
    endloop
  endfacet
  facet normal 0.215325 -0.976542 0
    outer loop
      vertex 17.4373 -1.14632 5
      vertex 17.282 -1.18056 0
      vertex 17.4373 -1.14632 0
    endloop
  endfacet
  facet normal 0.261128 -0.965304 0
    outer loop
      vertex 17.4373 -1.14632 0
      vertex 17.6121 -1.09903 5
      vertex 17.4373 -1.14632 5
    endloop
  endfacet
  facet normal 0.261128 -0.965304 0
    outer loop
      vertex 17.6121 -1.09903 5
      vertex 17.4373 -1.14632 0
      vertex 17.6121 -1.09903 0
    endloop
  endfacet
  facet normal 0.306388 -0.951907 0
    outer loop
      vertex 17.6121 -1.09903 0
      vertex 17.8055 -1.03677 5
      vertex 17.6121 -1.09903 5
    endloop
  endfacet
  facet normal 0.306388 -0.951907 0
    outer loop
      vertex 17.8055 -1.03677 5
      vertex 17.6121 -1.09903 0
      vertex 17.8055 -1.03677 0
    endloop
  endfacet
  facet normal 0.351094 -0.93634 0
    outer loop
      vertex 17.8055 -1.03677 0
      vertex 18.0165 -0.957657 5
      vertex 17.8055 -1.03677 5
    endloop
  endfacet
  facet normal 0.351094 -0.93634 0
    outer loop
      vertex 18.0165 -0.957657 5
      vertex 17.8055 -1.03677 0
      vertex 18.0165 -0.957657 0
    endloop
  endfacet
  facet normal 0.394984 -0.918688 0
    outer loop
      vertex 18.0165 -0.957657 0
      vertex 18.2438 -0.85994 5
      vertex 18.0165 -0.957657 5
    endloop
  endfacet
  facet normal 0.394984 -0.918688 0
    outer loop
      vertex 18.2438 -0.85994 5
      vertex 18.0165 -0.957657 0
      vertex 18.2438 -0.85994 0
    endloop
  endfacet
  facet normal 0.437874 -0.899036 0
    outer loop
      vertex 18.2438 -0.85994 0
      vertex 18.4859 -0.74202 5
      vertex 18.2438 -0.85994 5
    endloop
  endfacet
  facet normal 0.437874 -0.899036 0
    outer loop
      vertex 18.4859 -0.74202 5
      vertex 18.2438 -0.85994 0
      vertex 18.4859 -0.74202 0
    endloop
  endfacet
  facet normal 0.479693 -0.877436 0
    outer loop
      vertex 18.4859 -0.74202 0
      vertex 18.7412 -0.602417 5
      vertex 18.4859 -0.74202 5
    endloop
  endfacet
  facet normal 0.479693 -0.877436 0
    outer loop
      vertex 18.7412 -0.602417 5
      vertex 18.4859 -0.74202 0
      vertex 18.7412 -0.602417 0
    endloop
  endfacet
  facet normal 0.520365 -0.853944 0
    outer loop
      vertex 18.7412 -0.602417 0
      vertex 19.0081 -0.439819 5
      vertex 18.7412 -0.602417 5
    endloop
  endfacet
  facet normal 0.520365 -0.853944 0
    outer loop
      vertex 19.0081 -0.439819 5
      vertex 18.7412 -0.602417 0
      vertex 19.0081 -0.439819 0
    endloop
  endfacet
  facet normal 0.55963 -0.828743 0
    outer loop
      vertex 19.0081 -0.439819 0
      vertex 19.0772 -0.393143 5
      vertex 19.0081 -0.439819 5
    endloop
  endfacet
  facet normal 0.55963 -0.828743 0
    outer loop
      vertex 19.0772 -0.393143 5
      vertex 19.0081 -0.439819 0
      vertex 19.0772 -0.393143 0
    endloop
  endfacet
  facet normal 0.998632 -0.0522862 0
    outer loop
      vertex 19.0772 -0.393143 5
      vertex 19.0978 0 0
      vertex 19.0978 0 5
    endloop
  endfacet
  facet normal 0.998632 -0.0522862 0
    outer loop
      vertex 19.0978 0 0
      vertex 19.0772 -0.393143 5
      vertex 19.0772 -0.393143 0
    endloop
  endfacet
  facet normal 0.998632 0.0522862 0
    outer loop
      vertex 19.0978 0 5
      vertex 19.0772 0.393143 0
      vertex 19.0772 0.393143 5
    endloop
  endfacet
  facet normal 0.998632 0.0522862 0
    outer loop
      vertex 19.0772 0.393143 0
      vertex 19.0978 0 5
      vertex 19.0978 0 0
    endloop
  endfacet
  facet normal 0.55963 0.828743 -0
    outer loop
      vertex 19.0772 0.393143 0
      vertex 19.0081 0.439819 5
      vertex 19.0772 0.393143 5
    endloop
  endfacet
  facet normal 0.55963 0.828743 0
    outer loop
      vertex 19.0081 0.439819 5
      vertex 19.0772 0.393143 0
      vertex 19.0081 0.439819 0
    endloop
  endfacet
  facet normal 0.520365 0.853944 -0
    outer loop
      vertex 19.0081 0.439819 0
      vertex 18.7412 0.602417 5
      vertex 19.0081 0.439819 5
    endloop
  endfacet
  facet normal 0.520365 0.853944 0
    outer loop
      vertex 18.7412 0.602417 5
      vertex 19.0081 0.439819 0
      vertex 18.7412 0.602417 0
    endloop
  endfacet
  facet normal 0.479693 0.877436 -0
    outer loop
      vertex 18.7412 0.602417 0
      vertex 18.4859 0.74202 5
      vertex 18.7412 0.602417 5
    endloop
  endfacet
  facet normal 0.479693 0.877436 0
    outer loop
      vertex 18.4859 0.74202 5
      vertex 18.7412 0.602417 0
      vertex 18.4859 0.74202 0
    endloop
  endfacet
  facet normal 0.437874 0.899036 -0
    outer loop
      vertex 18.4859 0.74202 0
      vertex 18.2438 0.85994 5
      vertex 18.4859 0.74202 5
    endloop
  endfacet
  facet normal 0.437874 0.899036 0
    outer loop
      vertex 18.2438 0.85994 5
      vertex 18.4859 0.74202 0
      vertex 18.2438 0.85994 0
    endloop
  endfacet
  facet normal 0.394984 0.918688 -0
    outer loop
      vertex 18.2438 0.85994 0
      vertex 18.0165 0.957657 5
      vertex 18.2438 0.85994 5
    endloop
  endfacet
  facet normal 0.394984 0.918688 0
    outer loop
      vertex 18.0165 0.957657 5
      vertex 18.2438 0.85994 0
      vertex 18.0165 0.957657 0
    endloop
  endfacet
  facet normal 0.351094 0.93634 -0
    outer loop
      vertex 18.0165 0.957657 0
      vertex 17.8055 1.03677 5
      vertex 18.0165 0.957657 5
    endloop
  endfacet
  facet normal 0.351094 0.93634 0
    outer loop
      vertex 17.8055 1.03677 5
      vertex 18.0165 0.957657 0
      vertex 17.8055 1.03677 0
    endloop
  endfacet
  facet normal 0.306388 0.951907 -0
    outer loop
      vertex 17.8055 1.03677 0
      vertex 17.6121 1.09903 5
      vertex 17.8055 1.03677 5
    endloop
  endfacet
  facet normal 0.306388 0.951907 0
    outer loop
      vertex 17.6121 1.09903 5
      vertex 17.8055 1.03677 0
      vertex 17.6121 1.09903 0
    endloop
  endfacet
  facet normal 0.261128 0.965304 -0
    outer loop
      vertex 17.6121 1.09903 0
      vertex 17.4373 1.14632 5
      vertex 17.6121 1.09903 5
    endloop
  endfacet
  facet normal 0.261128 0.965304 0
    outer loop
      vertex 17.4373 1.14632 5
      vertex 17.6121 1.09903 0
      vertex 17.4373 1.14632 0
    endloop
  endfacet
  facet normal 0.215325 0.976542 -0
    outer loop
      vertex 17.4373 1.14632 0
      vertex 17.282 1.18056 5
      vertex 17.4373 1.14632 5
    endloop
  endfacet
  facet normal 0.215325 0.976542 0
    outer loop
      vertex 17.282 1.18056 5
      vertex 17.4373 1.14632 0
      vertex 17.282 1.18056 0
    endloop
  endfacet
  facet normal 0.169359 0.985554 -0
    outer loop
      vertex 17.282 1.18056 0
      vertex 17.1468 1.20378 5
      vertex 17.282 1.18056 5
    endloop
  endfacet
  facet normal 0.169359 0.985554 0
    outer loop
      vertex 17.1468 1.20378 5
      vertex 17.282 1.18056 0
      vertex 17.1468 1.20378 0
    endloop
  endfacet
  facet normal 0.123335 0.992365 -0
    outer loop
      vertex 17.1468 1.20378 0
      vertex 17.0323 1.21802 5
      vertex 17.1468 1.20378 5
    endloop
  endfacet
  facet normal 0.123335 0.992365 0
    outer loop
      vertex 17.0323 1.21802 5
      vertex 17.1468 1.20378 0
      vertex 17.0323 1.21802 0
    endloop
  endfacet
  facet normal 0.07728 0.997009 -0
    outer loop
      vertex 17.0323 1.21802 0
      vertex 16.9386 1.22528 5
      vertex 17.0323 1.21802 5
    endloop
  endfacet
  facet normal 0.07728 0.997009 0
    outer loop
      vertex 16.9386 1.22528 5
      vertex 17.0323 1.21802 0
      vertex 16.9386 1.22528 0
    endloop
  endfacet
  facet normal 0.0314113 0.999507 -0
    outer loop
      vertex 16.9386 1.22528 0
      vertex 16.8657 1.22757 5
      vertex 16.9386 1.22528 5
    endloop
  endfacet
  facet normal 0.0314113 0.999507 0
    outer loop
      vertex 16.8657 1.22757 5
      vertex 16.9386 1.22528 0
      vertex 16.8657 1.22757 0
    endloop
  endfacet
  facet normal -0.0307407 0.999527 0
    outer loop
      vertex 16.8657 1.22757 0
      vertex 16.7819 1.22499 5
      vertex 16.8657 1.22757 5
    endloop
  endfacet
  facet normal -0.0307407 0.999527 0
    outer loop
      vertex 16.7819 1.22499 5
      vertex 16.8657 1.22757 0
      vertex 16.7819 1.22499 0
    endloop
  endfacet
  facet normal -0.169367 0.985553 0
    outer loop
      vertex 16.7819 1.22499 0
      vertex 16.6102 1.19548 5
      vertex 16.7819 1.22499 5
    endloop
  endfacet
  facet normal -0.169367 0.985553 0
    outer loop
      vertex 16.6102 1.19548 5
      vertex 16.7819 1.22499 0
      vertex 16.6102 1.19548 0
    endloop
  endfacet
  facet normal -0.08926 0.996008 0
    outer loop
      vertex 16.6102 1.19548 0
      vertex 16.4329 1.1796 5
      vertex 16.6102 1.19548 5
    endloop
  endfacet
  facet normal -0.08926 0.996008 0
    outer loop
      vertex 16.4329 1.1796 5
      vertex 16.6102 1.19548 0
      vertex 16.4329 1.1796 0
    endloop
  endfacet
  facet normal 0.0120716 0.999927 -0
    outer loop
      vertex 16.4329 1.1796 0
      vertex 16.2737 1.18152 5
      vertex 16.4329 1.1796 5
    endloop
  endfacet
  facet normal 0.0120716 0.999927 0
    outer loop
      vertex 16.2737 1.18152 5
      vertex 16.4329 1.1796 0
      vertex 16.2737 1.18152 0
    endloop
  endfacet
  facet normal -0.127095 0.991891 0
    outer loop
      vertex 16.2737 1.18152 0
      vertex 15.5932 1.09433 5
      vertex 16.2737 1.18152 5
    endloop
  endfacet
  facet normal -0.127095 0.991891 0
    outer loop
      vertex 15.5932 1.09433 5
      vertex 16.2737 1.18152 0
      vertex 15.5932 1.09433 0
    endloop
  endfacet
  facet normal 0.612214 0.790692 -0
    outer loop
      vertex 15.5932 1.09433 0
      vertex 15.4146 1.23267 5
      vertex 15.5932 1.09433 5
    endloop
  endfacet
  facet normal 0.612214 0.790692 0
    outer loop
      vertex 15.4146 1.23267 5
      vertex 15.5932 1.09433 0
      vertex 15.4146 1.23267 0
    endloop
  endfacet
  facet normal -0.0791163 0.996865 0
    outer loop
      vertex 15.4146 1.23267 0
      vertex 15.4021 1.23167 5
      vertex 15.4146 1.23267 5
    endloop
  endfacet
  facet normal -0.0791163 0.996865 0
    outer loop
      vertex 15.4021 1.23167 5
      vertex 15.4146 1.23267 0
      vertex 15.4021 1.23167 0
    endloop
  endfacet
  facet normal 0.987752 0.15603 0
    outer loop
      vertex 15.4021 1.23167 5
      vertex 15.3173 1.76826 0
      vertex 15.3173 1.76826 5
    endloop
  endfacet
  facet normal 0.987752 0.15603 0
    outer loop
      vertex 15.3173 1.76826 0
      vertex 15.4021 1.23167 5
      vertex 15.4021 1.23167 0
    endloop
  endfacet
  facet normal 0.966367 0.257167 0
    outer loop
      vertex 15.3173 1.76826 5
      vertex 15.0882 2.62909 0
      vertex 15.0882 2.62909 5
    endloop
  endfacet
  facet normal 0.966367 0.257167 0
    outer loop
      vertex 15.0882 2.62909 0
      vertex 15.3173 1.76826 5
      vertex 15.3173 1.76826 0
    endloop
  endfacet
  facet normal 0.935178 0.354178 0
    outer loop
      vertex 15.0882 2.62909 5
      vertex 15.0301 2.78259 0
      vertex 15.0301 2.78259 5
    endloop
  endfacet
  facet normal 0.935178 0.354178 0
    outer loop
      vertex 15.0301 2.78259 0
      vertex 15.0882 2.62909 5
      vertex 15.0882 2.62909 0
    endloop
  endfacet
  facet normal 0.181629 -0.983367 0
    outer loop
      vertex 15.0301 2.78259 0
      vertex 15.0383 2.7841 5
      vertex 15.0301 2.78259 5
    endloop
  endfacet
  facet normal 0.181629 -0.983367 0
    outer loop
      vertex 15.0383 2.7841 5
      vertex 15.0301 2.78259 0
      vertex 15.0383 2.7841 0
    endloop
  endfacet
  facet normal 0.905907 -0.423477 0
    outer loop
      vertex 15.0383 2.7841 5
      vertex 15.1339 2.9888 0
      vertex 15.1339 2.9888 5
    endloop
  endfacet
  facet normal 0.905907 -0.423477 0
    outer loop
      vertex 15.1339 2.9888 0
      vertex 15.0383 2.7841 5
      vertex 15.0383 2.7841 0
    endloop
  endfacet
  facet normal 0.343378 -0.939197 0
    outer loop
      vertex 15.1339 2.9888 0
      vertex 15.7881 3.22797 5
      vertex 15.1339 2.9888 5
    endloop
  endfacet
  facet normal 0.343378 -0.939197 0
    outer loop
      vertex 15.7881 3.22797 5
      vertex 15.1339 2.9888 0
      vertex 15.7881 3.22797 0
    endloop
  endfacet
  facet normal 0.46398 -0.885846 0
    outer loop
      vertex 15.7881 3.22797 0
      vertex 15.9361 3.30547 5
      vertex 15.7881 3.22797 5
    endloop
  endfacet
  facet normal 0.46398 -0.885846 0
    outer loop
      vertex 15.9361 3.30547 5
      vertex 15.7881 3.22797 0
      vertex 15.9361 3.30547 0
    endloop
  endfacet
  facet normal 0.369741 -0.929135 0
    outer loop
      vertex 15.9361 3.30547 0
      vertex 16.111 3.37508 5
      vertex 15.9361 3.30547 5
    endloop
  endfacet
  facet normal 0.369741 -0.929135 0
    outer loop
      vertex 16.111 3.37508 5
      vertex 15.9361 3.30547 0
      vertex 16.111 3.37508 0
    endloop
  endfacet
  facet normal 0.288557 -0.957463 0
    outer loop
      vertex 16.111 3.37508 0
      vertex 16.2606 3.42017 5
      vertex 16.111 3.37508 5
    endloop
  endfacet
  facet normal 0.288557 -0.957463 0
    outer loop
      vertex 16.2606 3.42017 5
      vertex 16.111 3.37508 0
      vertex 16.2606 3.42017 0
    endloop
  endfacet
  facet normal 0.430312 -0.90268 0
    outer loop
      vertex 16.2606 3.42017 0
      vertex 16.3284 3.45248 5
      vertex 16.2606 3.42017 5
    endloop
  endfacet
  facet normal 0.430312 -0.90268 0
    outer loop
      vertex 16.3284 3.45248 5
      vertex 16.2606 3.42017 0
      vertex 16.3284 3.45248 0
    endloop
  endfacet
  facet normal 0.485023 -0.874501 0
    outer loop
      vertex 16.3284 3.45248 0
      vertex 16.3905 3.48695 5
      vertex 16.3284 3.45248 5
    endloop
  endfacet
  facet normal 0.485023 -0.874501 0
    outer loop
      vertex 16.3905 3.48695 5
      vertex 16.3284 3.45248 0
      vertex 16.3905 3.48695 0
    endloop
  endfacet
  facet normal 0.525246 -0.850951 0
    outer loop
      vertex 16.3905 3.48695 0
      vertex 16.47 3.536 5
      vertex 16.3905 3.48695 5
    endloop
  endfacet
  facet normal 0.525246 -0.850951 0
    outer loop
      vertex 16.47 3.536 5
      vertex 16.3905 3.48695 0
      vertex 16.47 3.536 0
    endloop
  endfacet
  facet normal 0.564172 -0.825657 0
    outer loop
      vertex 16.47 3.536 0
      vertex 16.5654 3.60118 5
      vertex 16.47 3.536 5
    endloop
  endfacet
  facet normal 0.564172 -0.825657 0
    outer loop
      vertex 16.5654 3.60118 5
      vertex 16.47 3.536 0
      vertex 16.5654 3.60118 0
    endloop
  endfacet
  facet normal 0.601668 -0.798747 0
    outer loop
      vertex 16.5654 3.60118 0
      vertex 16.6752 3.68391 5
      vertex 16.5654 3.60118 5
    endloop
  endfacet
  facet normal 0.601668 -0.798747 0
    outer loop
      vertex 16.6752 3.68391 5
      vertex 16.5654 3.60118 0
      vertex 16.6752 3.68391 0
    endloop
  endfacet
  facet normal 0.63774 -0.770251 0
    outer loop
      vertex 16.6752 3.68391 0
      vertex 16.7979 3.78548 5
      vertex 16.6752 3.68391 5
    endloop
  endfacet
  facet normal 0.63774 -0.770251 0
    outer loop
      vertex 16.7979 3.78548 5
      vertex 16.6752 3.68391 0
      vertex 16.7979 3.78548 0
    endloop
  endfacet
  facet normal 0.672479 -0.740116 0
    outer loop
      vertex 16.7979 3.78548 0
      vertex 16.9316 3.907 5
      vertex 16.7979 3.78548 5
    endloop
  endfacet
  facet normal 0.672479 -0.740116 0
    outer loop
      vertex 16.9316 3.907 5
      vertex 16.7979 3.78548 0
      vertex 16.9316 3.907 0
    endloop
  endfacet
  facet normal 0.705555 -0.708655 0
    outer loop
      vertex 16.9316 3.907 0
      vertex 17.0747 4.04939 5
      vertex 16.9316 3.907 5
    endloop
  endfacet
  facet normal 0.705555 -0.708655 0
    outer loop
      vertex 17.0747 4.04939 5
      vertex 16.9316 3.907 0
      vertex 17.0747 4.04939 0
    endloop
  endfacet
  facet normal 0.736795 -0.676116 0
    outer loop
      vertex 17.0747 4.04939 5
      vertex 17.2251 4.21336 0
      vertex 17.2251 4.21336 5
    endloop
  endfacet
  facet normal 0.736795 -0.676116 0
    outer loop
      vertex 17.2251 4.21336 0
      vertex 17.0747 4.04939 5
      vertex 17.0747 4.04939 0
    endloop
  endfacet
  facet normal 0.766281 -0.642505 0
    outer loop
      vertex 17.2251 4.21336 5
      vertex 17.3812 4.39946 0
      vertex 17.3812 4.39946 5
    endloop
  endfacet
  facet normal 0.766281 -0.642505 0
    outer loop
      vertex 17.3812 4.39946 0
      vertex 17.2251 4.21336 5
      vertex 17.2251 4.21336 0
    endloop
  endfacet
  facet normal 0.793939 -0.607997 0
    outer loop
      vertex 17.3812 4.39946 5
      vertex 17.5409 4.60808 0
      vertex 17.5409 4.60808 5
    endloop
  endfacet
  facet normal 0.793939 -0.607997 0
    outer loop
      vertex 17.5409 4.60808 0
      vertex 17.3812 4.39946 5
      vertex 17.3812 4.39946 0
    endloop
  endfacet
  facet normal 0.819808 -0.572638 0
    outer loop
      vertex 17.5409 4.60808 5
      vertex 17.7025 4.83942 0
      vertex 17.7025 4.83942 5
    endloop
  endfacet
  facet normal 0.819808 -0.572638 0
    outer loop
      vertex 17.7025 4.83942 0
      vertex 17.5409 4.60808 5
      vertex 17.5409 4.60808 0
    endloop
  endfacet
  facet normal 0.843843 -0.53659 0
    outer loop
      vertex 17.7025 4.83942 5
      vertex 17.8641 5.09358 0
      vertex 17.8641 5.09358 5
    endloop
  endfacet
  facet normal 0.843843 -0.53659 0
    outer loop
      vertex 17.8641 5.09358 0
      vertex 17.7025 4.83942 5
      vertex 17.7025 4.83942 0
    endloop
  endfacet
  facet normal 0.866102 -0.499868 0
    outer loop
      vertex 17.8641 5.09358 5
      vertex 17.9218 5.19347 0
      vertex 17.9218 5.19347 5
    endloop
  endfacet
  facet normal 0.866102 -0.499868 0
    outer loop
      vertex 17.9218 5.19347 0
      vertex 17.8641 5.09358 5
      vertex 17.8641 5.09358 0
    endloop
  endfacet
  facet normal 0.895235 0.445595 0
    outer loop
      vertex 17.9218 5.19347 5
      vertex 17.5688 5.90269 0
      vertex 17.5688 5.90269 5
    endloop
  endfacet
  facet normal 0.895235 0.445595 0
    outer loop
      vertex 17.5688 5.90269 0
      vertex 17.9218 5.19347 5
      vertex 17.9218 5.19347 0
    endloop
  endfacet
  facet normal 0.117952 0.993019 -0
    outer loop
      vertex 17.5688 5.90269 0
      vertex 17.4666 5.91483 5
      vertex 17.5688 5.90269 5
    endloop
  endfacet
  facet normal 0.117952 0.993019 0
    outer loop
      vertex 17.4666 5.91483 5
      vertex 17.5688 5.90269 0
      vertex 17.4666 5.91483 0
    endloop
  endfacet
  facet normal 0.0715293 0.997439 -0
    outer loop
      vertex 17.4666 5.91483 0
      vertex 17.1562 5.93709 5
      vertex 17.4666 5.91483 5
    endloop
  endfacet
  facet normal 0.0715293 0.997439 0
    outer loop
      vertex 17.1562 5.93709 5
      vertex 17.4666 5.91483 0
      vertex 17.1562 5.93709 0
    endloop
  endfacet
  facet normal 0.0253104 0.99968 -0
    outer loop
      vertex 17.1562 5.93709 0
      vertex 16.8675 5.9444 5
      vertex 17.1562 5.93709 5
    endloop
  endfacet
  facet normal 0.0253104 0.99968 0
    outer loop
      vertex 16.8675 5.9444 5
      vertex 17.1562 5.93709 0
      vertex 16.8675 5.9444 0
    endloop
  endfacet
  facet normal -0.0207286 0.999785 0
    outer loop
      vertex 16.8675 5.9444 0
      vertex 16.6011 5.93887 5
      vertex 16.8675 5.9444 5
    endloop
  endfacet
  facet normal -0.0207286 0.999785 0
    outer loop
      vertex 16.6011 5.93887 5
      vertex 16.8675 5.9444 0
      vertex 16.6011 5.93887 0
    endloop
  endfacet
  facet normal -0.066287 0.997801 0
    outer loop
      vertex 16.6011 5.93887 0
      vertex 16.3572 5.92267 5
      vertex 16.6011 5.93887 5
    endloop
  endfacet
  facet normal -0.066287 0.997801 0
    outer loop
      vertex 16.3572 5.92267 5
      vertex 16.6011 5.93887 0
      vertex 16.3572 5.92267 0
    endloop
  endfacet
  facet normal -0.111454 0.99377 0
    outer loop
      vertex 16.3572 5.92267 0
      vertex 16.1358 5.89784 5
      vertex 16.3572 5.92267 5
    endloop
  endfacet
  facet normal -0.111454 0.99377 0
    outer loop
      vertex 16.1358 5.89784 5
      vertex 16.3572 5.92267 0
      vertex 16.1358 5.89784 0
    endloop
  endfacet
  facet normal -0.155939 0.987767 0
    outer loop
      vertex 16.1358 5.89784 0
      vertex 15.9369 5.86644 5
      vertex 16.1358 5.89784 5
    endloop
  endfacet
  facet normal -0.155939 0.987767 0
    outer loop
      vertex 15.9369 5.86644 5
      vertex 16.1358 5.89784 0
      vertex 15.9369 5.86644 0
    endloop
  endfacet
  facet normal -0.199726 0.979852 0
    outer loop
      vertex 15.9369 5.86644 0
      vertex 15.7602 5.83041 5
      vertex 15.9369 5.86644 5
    endloop
  endfacet
  facet normal -0.199726 0.979852 0
    outer loop
      vertex 15.7602 5.83041 5
      vertex 15.9369 5.86644 0
      vertex 15.7602 5.83041 0
    endloop
  endfacet
  facet normal -0.242693 0.970103 0
    outer loop
      vertex 15.7602 5.83041 0
      vertex 15.6051 5.79163 5
      vertex 15.7602 5.83041 5
    endloop
  endfacet
  facet normal -0.242693 0.970103 0
    outer loop
      vertex 15.6051 5.79163 5
      vertex 15.7602 5.83041 0
      vertex 15.6051 5.79163 0
    endloop
  endfacet
  facet normal -0.28475 0.958602 0
    outer loop
      vertex 15.6051 5.79163 0
      vertex 15.4713 5.75186 5
      vertex 15.6051 5.79163 5
    endloop
  endfacet
  facet normal -0.28475 0.958602 0
    outer loop
      vertex 15.4713 5.75186 5
      vertex 15.6051 5.79163 0
      vertex 15.4713 5.75186 0
    endloop
  endfacet
  facet normal -0.326136 0.945323 0
    outer loop
      vertex 15.4713 5.75186 0
      vertex 15.3579 5.71275 5
      vertex 15.4713 5.75186 5
    endloop
  endfacet
  facet normal -0.326136 0.945323 0
    outer loop
      vertex 15.3579 5.71275 5
      vertex 15.4713 5.75186 0
      vertex 15.3579 5.71275 0
    endloop
  endfacet
  facet normal -0.365685 0.930739 0
    outer loop
      vertex 15.3579 5.71275 0
      vertex 15.2642 5.67595 5
      vertex 15.3579 5.71275 5
    endloop
  endfacet
  facet normal -0.365685 0.930739 0
    outer loop
      vertex 15.2642 5.67595 5
      vertex 15.3579 5.71275 0
      vertex 15.2642 5.67595 0
    endloop
  endfacet
  facet normal -0.403332 0.915054 0
    outer loop
      vertex 15.2642 5.67595 0
      vertex 15.1894 5.64296 5
      vertex 15.2642 5.67595 5
    endloop
  endfacet
  facet normal -0.403332 0.915054 0
    outer loop
      vertex 15.1894 5.64296 5
      vertex 15.2642 5.67595 0
      vertex 15.1894 5.64296 0
    endloop
  endfacet
  facet normal -0.440747 0.897631 0
    outer loop
      vertex 15.1894 5.64296 0
      vertex 15.1325 5.61504 5
      vertex 15.1894 5.64296 5
    endloop
  endfacet
  facet normal -0.440747 0.897631 0
    outer loop
      vertex 15.1325 5.61504 5
      vertex 15.1894 5.64296 0
      vertex 15.1325 5.61504 0
    endloop
  endfacet
  facet normal -0.486218 0.873838 0
    outer loop
      vertex 15.1325 5.61504 0
      vertex 15.0656 5.57779 5
      vertex 15.1325 5.61504 5
    endloop
  endfacet
  facet normal -0.486218 0.873838 0
    outer loop
      vertex 15.0656 5.57779 5
      vertex 15.1325 5.61504 0
      vertex 15.0656 5.57779 0
    endloop
  endfacet
  facet normal -0.567448 0.823409 0
    outer loop
      vertex 15.0656 5.57779 0
      vertex 14.9201 5.47752 5
      vertex 15.0656 5.57779 5
    endloop
  endfacet
  facet normal -0.567448 0.823409 0
    outer loop
      vertex 14.9201 5.47752 5
      vertex 15.0656 5.57779 0
      vertex 14.9201 5.47752 0
    endloop
  endfacet
  facet normal -0.495595 0.868554 0
    outer loop
      vertex 14.9201 5.47752 0
      vertex 14.7811 5.39822 5
      vertex 14.9201 5.47752 5
    endloop
  endfacet
  facet normal -0.495595 0.868554 0
    outer loop
      vertex 14.7811 5.39822 5
      vertex 14.9201 5.47752 0
      vertex 14.7811 5.39822 0
    endloop
  endfacet
  facet normal -0.557683 0.830054 0
    outer loop
      vertex 14.7811 5.39822 0
      vertex 14.1322 4.96223 5
      vertex 14.7811 5.39822 5
    endloop
  endfacet
  facet normal -0.557683 0.830054 0
    outer loop
      vertex 14.1322 4.96223 5
      vertex 14.7811 5.39822 0
      vertex 14.1322 4.96223 0
    endloop
  endfacet
  facet normal 0.190789 0.981631 -0
    outer loop
      vertex 14.1322 4.96223 0
      vertex 13.9087 5.00566 5
      vertex 14.1322 4.96223 5
    endloop
  endfacet
  facet normal 0.190789 0.981631 0
    outer loop
      vertex 13.9087 5.00566 5
      vertex 14.1322 4.96223 0
      vertex 13.9087 5.00566 0
    endloop
  endfacet
  facet normal 0.79422 0.60763 0
    outer loop
      vertex 13.9087 5.00566 5
      vertex 13.363 5.71893 0
      vertex 13.363 5.71893 5
    endloop
  endfacet
  facet normal 0.79422 0.60763 0
    outer loop
      vertex 13.363 5.71893 0
      vertex 13.9087 5.00566 5
      vertex 13.9087 5.00566 0
    endloop
  endfacet
  facet normal 0.734346 0.678776 0
    outer loop
      vertex 13.363 5.71893 5
      vertex 12.879 6.2426 0
      vertex 12.879 6.2426 5
    endloop
  endfacet
  facet normal 0.734346 0.678776 0
    outer loop
      vertex 12.879 6.2426 0
      vertex 13.363 5.71893 5
      vertex 13.363 5.71893 0
    endloop
  endfacet
  facet normal 0.435611 -0.900135 0
    outer loop
      vertex 12.879 6.2426 0
      vertex 12.8861 6.24605 5
      vertex 12.879 6.2426 5
    endloop
  endfacet
  facet normal 0.435611 -0.900135 0
    outer loop
      vertex 12.8861 6.24605 5
      vertex 12.879 6.2426 0
      vertex 12.8861 6.24605 0
    endloop
  endfacet
  facet normal 0.999991 0.00432195 0
    outer loop
      vertex 12.8861 6.24605 5
      vertex 12.8851 6.472 0
      vertex 12.8851 6.472 5
    endloop
  endfacet
  facet normal 0.999991 0.00432195 0
    outer loop
      vertex 12.8851 6.472 0
      vertex 12.8861 6.24605 5
      vertex 12.8861 6.24605 0
    endloop
  endfacet
  facet normal 0.713545 -0.700609 0
    outer loop
      vertex 12.8851 6.472 5
      vertex 13.3479 6.94333 0
      vertex 13.3479 6.94333 5
    endloop
  endfacet
  facet normal 0.713545 -0.700609 0
    outer loop
      vertex 13.3479 6.94333 0
      vertex 12.8851 6.472 5
      vertex 12.8851 6.472 0
    endloop
  endfacet
  facet normal 0.814267 -0.580491 0
    outer loop
      vertex 13.3479 6.94333 5
      vertex 13.4399 7.07237 0
      vertex 13.4399 7.07237 5
    endloop
  endfacet
  facet normal 0.814267 -0.580491 0
    outer loop
      vertex 13.4399 7.07237 0
      vertex 13.3479 6.94333 5
      vertex 13.3479 6.94333 0
    endloop
  endfacet
  facet normal 0.751448 -0.659792 0
    outer loop
      vertex 13.4399 7.07237 5
      vertex 13.5589 7.20786 0
      vertex 13.5589 7.20786 5
    endloop
  endfacet
  facet normal 0.751448 -0.659792 0
    outer loop
      vertex 13.5589 7.20786 0
      vertex 13.4399 7.07237 5
      vertex 13.4399 7.07237 0
    endloop
  endfacet
  facet normal 0.695751 -0.718283 0
    outer loop
      vertex 13.5589 7.20786 0
      vertex 13.6829 7.328 5
      vertex 13.5589 7.20786 5
    endloop
  endfacet
  facet normal 0.695751 -0.718283 0
    outer loop
      vertex 13.6829 7.328 5
      vertex 13.5589 7.20786 0
      vertex 13.6829 7.328 0
    endloop
  endfacet
  facet normal 0.788231 -0.615379 0
    outer loop
      vertex 13.6829 7.328 5
      vertex 13.7394 7.4003 0
      vertex 13.7394 7.4003 5
    endloop
  endfacet
  facet normal 0.788231 -0.615379 0
    outer loop
      vertex 13.7394 7.4003 0
      vertex 13.6829 7.328 5
      vertex 13.6829 7.328 0
    endloop
  endfacet
  facet normal 0.823137 -0.567842 0
    outer loop
      vertex 13.7394 7.4003 5
      vertex 13.7839 7.4648 0
      vertex 13.7839 7.4648 5
    endloop
  endfacet
  facet normal 0.823137 -0.567842 0
    outer loop
      vertex 13.7839 7.4648 0
      vertex 13.7394 7.4003 5
      vertex 13.7394 7.4003 0
    endloop
  endfacet
  facet normal 0.846712 -0.532052 0
    outer loop
      vertex 13.7839 7.4648 5
      vertex 13.8368 7.54901 0
      vertex 13.8368 7.54901 5
    endloop
  endfacet
  facet normal 0.846712 -0.532052 0
    outer loop
      vertex 13.8368 7.54901 0
      vertex 13.7839 7.4648 5
      vertex 13.7839 7.4648 0
    endloop
  endfacet
  facet normal 0.868579 -0.495551 0
    outer loop
      vertex 13.8368 7.54901 5
      vertex 13.8963 7.6534 0
      vertex 13.8963 7.6534 5
    endloop
  endfacet
  facet normal 0.868579 -0.495551 0
    outer loop
      vertex 13.8963 7.6534 0
      vertex 13.8368 7.54901 5
      vertex 13.8368 7.54901 0
    endloop
  endfacet
  facet normal 0.888661 -0.458565 0
    outer loop
      vertex 13.8963 7.6534 5
      vertex 13.9607 7.77818 0
      vertex 13.9607 7.77818 5
    endloop
  endfacet
  facet normal 0.888661 -0.458565 0
    outer loop
      vertex 13.9607 7.77818 0
      vertex 13.8963 7.6534 5
      vertex 13.8963 7.6534 0
    endloop
  endfacet
  facet normal 0.907054 -0.421013 0
    outer loop
      vertex 13.9607 7.77818 5
      vertex 14.0282 7.92355 0
      vertex 14.0282 7.92355 5
    endloop
  endfacet
  facet normal 0.907054 -0.421013 0
    outer loop
      vertex 14.0282 7.92355 0
      vertex 13.9607 7.77818 5
      vertex 13.9607 7.77818 0
    endloop
  endfacet
  facet normal 0.923699 -0.383119 0
    outer loop
      vertex 14.0282 7.92355 5
      vertex 14.097 8.08951 0
      vertex 14.097 8.08951 5
    endloop
  endfacet
  facet normal 0.923699 -0.383119 0
    outer loop
      vertex 14.097 8.08951 0
      vertex 14.0282 7.92355 5
      vertex 14.0282 7.92355 0
    endloop
  endfacet
  facet normal 0.93862 -0.344954 0
    outer loop
      vertex 14.097 8.08951 5
      vertex 14.1656 8.27597 0
      vertex 14.1656 8.27597 5
    endloop
  endfacet
  facet normal 0.93862 -0.344954 0
    outer loop
      vertex 14.1656 8.27597 0
      vertex 14.097 8.08951 5
      vertex 14.097 8.08951 0
    endloop
  endfacet
  facet normal 0.951844 -0.306582 0
    outer loop
      vertex 14.1656 8.27597 5
      vertex 14.2322 8.48276 0
      vertex 14.2322 8.48276 5
    endloop
  endfacet
  facet normal 0.951844 -0.306582 0
    outer loop
      vertex 14.2322 8.48276 0
      vertex 14.1656 8.27597 5
      vertex 14.1656 8.27597 0
    endloop
  endfacet
  facet normal 0.963392 -0.268098 0
    outer loop
      vertex 14.2322 8.48276 5
      vertex 14.2953 8.70959 0
      vertex 14.2953 8.70959 5
    endloop
  endfacet
  facet normal 0.963392 -0.268098 0
    outer loop
      vertex 14.2953 8.70959 0
      vertex 14.2322 8.48276 5
      vertex 14.2322 8.48276 0
    endloop
  endfacet
  facet normal 0.973281 -0.229617 0
    outer loop
      vertex 14.2953 8.70959 5
      vertex 14.3535 8.95615 0
      vertex 14.3535 8.95615 5
    endloop
  endfacet
  facet normal 0.973281 -0.229617 0
    outer loop
      vertex 14.3535 8.95615 0
      vertex 14.2953 8.70959 5
      vertex 14.2953 8.70959 0
    endloop
  endfacet
  facet normal 0.981584 -0.191033 0
    outer loop
      vertex 14.3535 8.95615 5
      vertex 14.4052 9.22202 0
      vertex 14.4052 9.22202 5
    endloop
  endfacet
  facet normal 0.981584 -0.191033 0
    outer loop
      vertex 14.4052 9.22202 0
      vertex 14.3535 8.95615 5
      vertex 14.3535 8.95615 0
    endloop
  endfacet
  facet normal 0.988298 -0.152535 0
    outer loop
      vertex 14.4052 9.22202 5
      vertex 14.4491 9.50674 0
      vertex 14.4491 9.50674 5
    endloop
  endfacet
  facet normal 0.988298 -0.152535 0
    outer loop
      vertex 14.4491 9.50674 0
      vertex 14.4052 9.22202 5
      vertex 14.4052 9.22202 0
    endloop
  endfacet
  facet normal 0.993462 -0.114161 0
    outer loop
      vertex 14.4491 9.50674 5
      vertex 14.4678 9.66954 0
      vertex 14.4678 9.66954 5
    endloop
  endfacet
  facet normal 0.993462 -0.114161 0
    outer loop
      vertex 14.4678 9.66954 0
      vertex 14.4491 9.50674 5
      vertex 14.4491 9.50674 0
    endloop
  endfacet
  facet normal 0.671197 0.741279 -0
    outer loop
      vertex 14.4678 9.66954 0
      vertex 14.4064 9.72522 5
      vertex 14.4678 9.66954 5
    endloop
  endfacet
  facet normal 0.671197 0.741279 0
    outer loop
      vertex 14.4064 9.72522 5
      vertex 14.4678 9.66954 0
      vertex 14.4064 9.72522 0
    endloop
  endfacet
  facet normal 0.605178 0.79609 -0
    outer loop
      vertex 14.4064 9.72522 0
      vertex 13.8203 10.1707 5
      vertex 14.4064 9.72522 5
    endloop
  endfacet
  facet normal 0.605178 0.79609 0
    outer loop
      vertex 13.8203 10.1707 5
      vertex 14.4064 9.72522 0
      vertex 13.8203 10.1707 0
    endloop
  endfacet
  facet normal -0.3301 0.943946 0
    outer loop
      vertex 13.8203 10.1707 0
      vertex 13.6948 10.1268 5
      vertex 13.8203 10.1707 5
    endloop
  endfacet
  facet normal -0.3301 0.943946 0
    outer loop
      vertex 13.6948 10.1268 5
      vertex 13.8203 10.1707 0
      vertex 13.6948 10.1268 0
    endloop
  endfacet
  facet normal -0.370069 0.929004 0
    outer loop
      vertex 13.6948 10.1268 0
      vertex 13.4173 10.0162 5
      vertex 13.6948 10.1268 5
    endloop
  endfacet
  facet normal -0.370069 0.929004 0
    outer loop
      vertex 13.4173 10.0162 5
      vertex 13.6948 10.1268 0
      vertex 13.4173 10.0162 0
    endloop
  endfacet
  facet normal -0.409021 0.912525 0
    outer loop
      vertex 13.4173 10.0162 0
      vertex 13.1638 9.90262 5
      vertex 13.4173 10.0162 5
    endloop
  endfacet
  facet normal -0.409021 0.912525 0
    outer loop
      vertex 13.1638 9.90262 5
      vertex 13.4173 10.0162 0
      vertex 13.1638 9.90262 0
    endloop
  endfacet
  facet normal -0.446217 0.894925 0
    outer loop
      vertex 13.1638 9.90262 0
      vertex 12.9335 9.78781 5
      vertex 13.1638 9.90262 5
    endloop
  endfacet
  facet normal -0.446217 0.894925 0
    outer loop
      vertex 12.9335 9.78781 5
      vertex 13.1638 9.90262 0
      vertex 12.9335 9.78781 0
    endloop
  endfacet
  facet normal -0.482674 0.8758 0
    outer loop
      vertex 12.9335 9.78781 0
      vertex 12.7258 9.67332 5
      vertex 12.9335 9.78781 5
    endloop
  endfacet
  facet normal -0.482674 0.8758 0
    outer loop
      vertex 12.7258 9.67332 5
      vertex 12.9335 9.78781 0
      vertex 12.7258 9.67332 0
    endloop
  endfacet
  facet normal -0.518009 0.855375 0
    outer loop
      vertex 12.7258 9.67332 0
      vertex 12.5397 9.56065 5
      vertex 12.7258 9.67332 5
    endloop
  endfacet
  facet normal -0.518009 0.855375 0
    outer loop
      vertex 12.5397 9.56065 5
      vertex 12.7258 9.67332 0
      vertex 12.5397 9.56065 0
    endloop
  endfacet
  facet normal -0.552122 0.833763 0
    outer loop
      vertex 12.5397 9.56065 0
      vertex 12.3745 9.4512 5
      vertex 12.5397 9.56065 5
    endloop
  endfacet
  facet normal -0.552122 0.833763 0
    outer loop
      vertex 12.3745 9.4512 5
      vertex 12.5397 9.56065 0
      vertex 12.3745 9.4512 0
    endloop
  endfacet
  facet normal -0.585046 0.811 0
    outer loop
      vertex 12.3745 9.4512 0
      vertex 12.229 9.34627 5
      vertex 12.3745 9.4512 5
    endloop
  endfacet
  facet normal -0.585046 0.811 0
    outer loop
      vertex 12.229 9.34627 5
      vertex 12.3745 9.4512 0
      vertex 12.229 9.34627 0
    endloop
  endfacet
  facet normal -0.616564 0.787305 0
    outer loop
      vertex 12.229 9.34627 0
      vertex 12.1023 9.24709 5
      vertex 12.229 9.34627 5
    endloop
  endfacet
  facet normal -0.616564 0.787305 0
    outer loop
      vertex 12.1023 9.24709 5
      vertex 12.229 9.34627 0
      vertex 12.1023 9.24709 0
    endloop
  endfacet
  facet normal -0.647006 0.762485 0
    outer loop
      vertex 12.1023 9.24709 0
      vertex 11.9935 9.15475 5
      vertex 12.1023 9.24709 5
    endloop
  endfacet
  facet normal -0.647006 0.762485 0
    outer loop
      vertex 11.9935 9.15475 5
      vertex 12.1023 9.24709 0
      vertex 11.9935 9.15475 0
    endloop
  endfacet
  facet normal -0.67609 0.736819 0
    outer loop
      vertex 11.9935 9.15475 0
      vertex 11.9015 9.07033 5
      vertex 11.9935 9.15475 5
    endloop
  endfacet
  facet normal -0.67609 0.736819 0
    outer loop
      vertex 11.9015 9.07033 5
      vertex 11.9935 9.15475 0
      vertex 11.9015 9.07033 0
    endloop
  endfacet
  facet normal -0.703972 0.710227 0
    outer loop
      vertex 11.9015 9.07033 0
      vertex 11.8253 8.99477 5
      vertex 11.9015 9.07033 5
    endloop
  endfacet
  facet normal -0.703972 0.710227 0
    outer loop
      vertex 11.8253 8.99477 5
      vertex 11.9015 9.07033 0
      vertex 11.8253 8.99477 0
    endloop
  endfacet
  facet normal -0.730514 0.682898 0
    outer loop
      vertex 11.7638 8.92899 0
      vertex 11.8253 8.99477 5
      vertex 11.8253 8.99477 0
    endloop
  endfacet
  facet normal -0.730514 0.682898 0
    outer loop
      vertex 11.8253 8.99477 5
      vertex 11.7638 8.92899 0
      vertex 11.7638 8.92899 5
    endloop
  endfacet
  facet normal -0.755703 0.654915 0
    outer loop
      vertex 11.716 8.87384 0
      vertex 11.7638 8.92899 5
      vertex 11.7638 8.92899 0
    endloop
  endfacet
  facet normal -0.755703 0.654915 0
    outer loop
      vertex 11.7638 8.92899 5
      vertex 11.716 8.87384 0
      vertex 11.716 8.87384 5
    endloop
  endfacet
  facet normal -0.789696 0.613498 0
    outer loop
      vertex 11.6575 8.79848 0
      vertex 11.716 8.87384 5
      vertex 11.716 8.87384 0
    endloop
  endfacet
  facet normal -0.789696 0.613498 0
    outer loop
      vertex 11.716 8.87384 5
      vertex 11.6575 8.79848 0
      vertex 11.6575 8.79848 5
    endloop
  endfacet
  facet normal -0.834188 0.551481 0
    outer loop
      vertex 11.5512 8.6377 0
      vertex 11.6575 8.79848 5
      vertex 11.6575 8.79848 0
    endloop
  endfacet
  facet normal -0.834188 0.551481 0
    outer loop
      vertex 11.6575 8.79848 5
      vertex 11.5512 8.6377 0
      vertex 11.5512 8.6377 5
    endloop
  endfacet
  facet normal -0.848054 0.52991 0
    outer loop
      vertex 11.0873 7.89531 0
      vertex 11.5512 8.6377 5
      vertex 11.5512 8.6377 0
    endloop
  endfacet
  facet normal -0.848054 0.52991 0
    outer loop
      vertex 11.5512 8.6377 5
      vertex 11.0873 7.89531 0
      vertex 11.0873 7.89531 5
    endloop
  endfacet
  facet normal -0.222847 0.974853 0
    outer loop
      vertex 11.0873 7.89531 0
      vertex 10.867 7.84496 5
      vertex 11.0873 7.89531 5
    endloop
  endfacet
  facet normal -0.222847 0.974853 0
    outer loop
      vertex 10.867 7.84496 5
      vertex 11.0873 7.89531 0
      vertex 10.867 7.84496 0
    endloop
  endfacet
  facet normal -0.586041 0.810282 0
    outer loop
      vertex 10.867 7.84496 0
      vertex 10.8604 7.84021 5
      vertex 10.867 7.84496 5
    endloop
  endfacet
  facet normal -0.586041 0.810282 0
    outer loop
      vertex 10.8604 7.84021 5
      vertex 10.867 7.84496 0
      vertex 10.8604 7.84021 0
    endloop
  endfacet
  facet normal 0.53718 0.843467 -0
    outer loop
      vertex 10.8604 7.84021 0
      vertex 10.6911 7.94806 5
      vertex 10.8604 7.84021 5
    endloop
  endfacet
  facet normal 0.53718 0.843467 0
    outer loop
      vertex 10.6911 7.94806 5
      vertex 10.8604 7.84021 0
      vertex 10.6911 7.94806 0
    endloop
  endfacet
  facet normal 0.468083 0.883684 -0
    outer loop
      vertex 10.6911 7.94806 0
      vertex 9.93959 8.34613 5
      vertex 10.6911 7.94806 5
    endloop
  endfacet
  facet normal 0.468083 0.883684 0
    outer loop
      vertex 9.93959 8.34613 5
      vertex 10.6911 7.94806 0
      vertex 9.93959 8.34613 0
    endloop
  endfacet
  facet normal 0.398556 0.917144 -0
    outer loop
      vertex 9.93959 8.34613 0
      vertex 9.40247 8.57954 5
      vertex 9.93959 8.34613 5
    endloop
  endfacet
  facet normal 0.398556 0.917144 0
    outer loop
      vertex 9.40247 8.57954 5
      vertex 9.93959 8.34613 0
      vertex 9.40247 8.57954 0
    endloop
  endfacet
  facet normal 0.674521 -0.738255 0
    outer loop
      vertex 9.40247 8.57954 0
      vertex 9.40883 8.58536 5
      vertex 9.40247 8.57954 5
    endloop
  endfacet
  facet normal 0.674521 -0.738255 0
    outer loop
      vertex 9.40883 8.58536 5
      vertex 9.40247 8.57954 0
      vertex 9.40883 8.58536 0
    endloop
  endfacet
  facet normal 0.919236 0.393707 0
    outer loop
      vertex 9.40883 8.58536 5
      vertex 9.31987 8.79306 0
      vertex 9.31987 8.79306 5
    endloop
  endfacet
  facet normal 0.919236 0.393707 0
    outer loop
      vertex 9.31987 8.79306 0
      vertex 9.40883 8.58536 5
      vertex 9.40883 8.58536 0
    endloop
  endfacet
  facet normal 0.929739 -0.36822 0
    outer loop
      vertex 9.31987 8.79306 5
      vertex 9.59749 9.49403 0
      vertex 9.59749 9.49403 5
    endloop
  endfacet
  facet normal 0.929739 -0.36822 0
    outer loop
      vertex 9.59749 9.49403 0
      vertex 9.31987 8.79306 5
      vertex 9.31987 8.79306 0
    endloop
  endfacet
  facet normal 0.959587 -0.281414 0
    outer loop
      vertex 9.59749 9.49403 5
      vertex 9.6432 9.64992 0
      vertex 9.6432 9.64992 5
    endloop
  endfacet
  facet normal 0.959587 -0.281414 0
    outer loop
      vertex 9.6432 9.64992 0
      vertex 9.59749 9.49403 5
      vertex 9.59749 9.49403 0
    endloop
  endfacet
  facet normal 0.93322 -0.359307 0
    outer loop
      vertex 9.6432 9.64992 5
      vertex 9.70712 9.81593 0
      vertex 9.70712 9.81593 5
    endloop
  endfacet
  facet normal 0.93322 -0.359307 0
    outer loop
      vertex 9.70712 9.81593 0
      vertex 9.6432 9.64992 5
      vertex 9.6432 9.64992 0
    endloop
  endfacet
  facet normal 0.960999 -0.276552 0
    outer loop
      vertex 9.70712 9.81593 5
      vertex 9.72842 9.88995 0
      vertex 9.72842 9.88995 5
    endloop
  endfacet
  facet normal 0.960999 -0.276552 0
    outer loop
      vertex 9.72842 9.88995 0
      vertex 9.70712 9.81593 5
      vertex 9.70712 9.81593 0
    endloop
  endfacet
  facet normal 0.974399 -0.224827 0
    outer loop
      vertex 9.72842 9.88995 5
      vertex 9.74377 9.95648 0
      vertex 9.74377 9.95648 5
    endloop
  endfacet
  facet normal 0.974399 -0.224827 0
    outer loop
      vertex 9.74377 9.95648 0
      vertex 9.72842 9.88995 5
      vertex 9.72842 9.88995 0
    endloop
  endfacet
  facet normal 0.982431 -0.186624 0
    outer loop
      vertex 9.74377 9.95648 5
      vertex 9.76012 10.0425 0
      vertex 9.76012 10.0425 5
    endloop
  endfacet
  facet normal 0.982431 -0.186624 0
    outer loop
      vertex 9.76012 10.0425 0
      vertex 9.74377 9.95648 5
      vertex 9.74377 9.95648 0
    endloop
  endfacet
  facet normal 0.988961 -0.148179 0
    outer loop
      vertex 9.76012 10.0425 5
      vertex 9.77589 10.1478 0
      vertex 9.77589 10.1478 5
    endloop
  endfacet
  facet normal 0.988961 -0.148179 0
    outer loop
      vertex 9.77589 10.1478 0
      vertex 9.76012 10.0425 5
      vertex 9.76012 10.0425 0
    endloop
  endfacet
  facet normal 0.993937 -0.109949 0
    outer loop
      vertex 9.77589 10.1478 5
      vertex 9.78964 10.2721 0
      vertex 9.78964 10.2721 5
    endloop
  endfacet
  facet normal 0.993937 -0.109949 0
    outer loop
      vertex 9.78964 10.2721 0
      vertex 9.77589 10.1478 5
      vertex 9.77589 10.1478 0
    endloop
  endfacet
  facet normal 0.997419 -0.0717997 0
    outer loop
      vertex 9.78964 10.2721 5
      vertex 9.79993 10.415 0
      vertex 9.79993 10.415 5
    endloop
  endfacet
  facet normal 0.997419 -0.0717997 0
    outer loop
      vertex 9.79993 10.415 0
      vertex 9.78964 10.2721 5
      vertex 9.78964 10.2721 0
    endloop
  endfacet
  facet normal 0.999429 -0.0337971 0
    outer loop
      vertex 9.79993 10.415 5
      vertex 9.80537 10.576 0
      vertex 9.80537 10.576 5
    endloop
  endfacet
  facet normal 0.999429 -0.0337971 0
    outer loop
      vertex 9.80537 10.576 0
      vertex 9.79993 10.415 5
      vertex 9.79993 10.415 0
    endloop
  endfacet
  facet normal 0.999992 0.00401021 0
    outer loop
      vertex 9.80537 10.576 5
      vertex 9.80466 10.7549 0
      vertex 9.80466 10.7549 5
    endloop
  endfacet
  facet normal 0.999992 0.00401021 0
    outer loop
      vertex 9.80466 10.7549 0
      vertex 9.80537 10.576 5
      vertex 9.80537 10.576 0
    endloop
  endfacet
  facet normal 0.999135 0.041595 0
    outer loop
      vertex 9.80466 10.7549 5
      vertex 9.79649 10.951 0
      vertex 9.79649 10.951 5
    endloop
  endfacet
  facet normal 0.999135 0.041595 0
    outer loop
      vertex 9.79649 10.951 0
      vertex 9.80466 10.7549 5
      vertex 9.80466 10.7549 0
    endloop
  endfacet
  facet normal 0.996899 0.0786913 0
    outer loop
      vertex 9.79649 10.951 5
      vertex 9.77969 11.1638 0
      vertex 9.77969 11.1638 5
    endloop
  endfacet
  facet normal 0.996899 0.0786913 0
    outer loop
      vertex 9.77969 11.1638 0
      vertex 9.79649 10.951 5
      vertex 9.79649 10.951 0
    endloop
  endfacet
  facet normal 0.993295 0.115609 0
    outer loop
      vertex 9.77969 11.1638 5
      vertex 9.75304 11.3928 0
      vertex 9.75304 11.3928 5
    endloop
  endfacet
  facet normal 0.993295 0.115609 0
    outer loop
      vertex 9.75304 11.3928 0
      vertex 9.77969 11.1638 5
      vertex 9.77969 11.1638 0
    endloop
  endfacet
  facet normal 0.988357 0.15215 0
    outer loop
      vertex 9.75304 11.3928 5
      vertex 9.71538 11.6375 0
      vertex 9.71538 11.6375 5
    endloop
  endfacet
  facet normal 0.988357 0.15215 0
    outer loop
      vertex 9.71538 11.6375 0
      vertex 9.75304 11.3928 5
      vertex 9.75304 11.3928 0
    endloop
  endfacet
  facet normal 0.982138 0.188162 0
    outer loop
      vertex 9.71538 11.6375 5
      vertex 9.66563 11.8971 0
      vertex 9.66563 11.8971 5
    endloop
  endfacet
  facet normal 0.982138 0.188162 0
    outer loop
      vertex 9.66563 11.8971 0
      vertex 9.71538 11.6375 5
      vertex 9.71538 11.6375 0
    endloop
  endfacet
  facet normal 0.974609 0.223912 0
    outer loop
      vertex 9.66563 11.8971 5
      vertex 9.60268 12.1711 0
      vertex 9.60268 12.1711 5
    endloop
  endfacet
  facet normal 0.974609 0.223912 0
    outer loop
      vertex 9.60268 12.1711 0
      vertex 9.66563 11.8971 5
      vertex 9.66563 11.8971 0
    endloop
  endfacet
  facet normal 0.965856 0.25908 0
    outer loop
      vertex 9.60268 12.1711 5
      vertex 9.55443 12.351 0
      vertex 9.55443 12.351 5
    endloop
  endfacet
  facet normal 0.965856 0.25908 0
    outer loop
      vertex 9.55443 12.351 0
      vertex 9.60268 12.1711 5
      vertex 9.60268 12.1711 0
    endloop
  endfacet
  facet normal 0.329232 0.944249 -0
    outer loop
      vertex 9.55443 12.351 0
      vertex 9.45395 12.386 5
      vertex 9.55443 12.351 5
    endloop
  endfacet
  facet normal 0.329232 0.944249 0
    outer loop
      vertex 9.45395 12.386 5
      vertex 9.55443 12.351 0
      vertex 9.45395 12.386 0
    endloop
  endfacet
  facet normal 0.26042 0.965495 -0
    outer loop
      vertex 9.45395 12.386 0
      vertex 8.74754 12.5766 5
      vertex 9.45395 12.386 5
    endloop
  endfacet
  facet normal 0.26042 0.965495 0
    outer loop
      vertex 8.74754 12.5766 5
      vertex 9.45395 12.386 0
      vertex 8.74754 12.5766 0
    endloop
  endfacet
  facet normal -0.679189 0.733964 0
    outer loop
      vertex 8.74754 12.5766 0
      vertex 8.62221 12.4606 5
      vertex 8.74754 12.5766 5
    endloop
  endfacet
  facet normal -0.679189 0.733964 0
    outer loop
      vertex 8.62221 12.4606 5
      vertex 8.74754 12.5766 0
      vertex 8.62221 12.4606 0
    endloop
  endfacet
  facet normal -0.707027 0.707187 0
    outer loop
      vertex 8.62221 12.4606 0
      vertex 8.41965 12.2581 5
      vertex 8.62221 12.4606 5
    endloop
  endfacet
  facet normal -0.707027 0.707187 0
    outer loop
      vertex 8.41965 12.2581 5
      vertex 8.62221 12.4606 0
      vertex 8.41965 12.2581 0
    endloop
  endfacet
  facet normal -0.733467 0.679725 0
    outer loop
      vertex 8.23766 12.0617 0
      vertex 8.41965 12.2581 5
      vertex 8.41965 12.2581 0
    endloop
  endfacet
  facet normal -0.733467 0.679725 0
    outer loop
      vertex 8.41965 12.2581 5
      vertex 8.23766 12.0617 0
      vertex 8.23766 12.0617 5
    endloop
  endfacet
  facet normal -0.758755 0.651376 0
    outer loop
      vertex 8.07521 11.8725 0
      vertex 8.23766 12.0617 5
      vertex 8.23766 12.0617 0
    endloop
  endfacet
  facet normal -0.758755 0.651376 0
    outer loop
      vertex 8.23766 12.0617 5
      vertex 8.07521 11.8725 0
      vertex 8.07521 11.8725 5
    endloop
  endfacet
  facet normal -0.782776 0.622303 0
    outer loop
      vertex 7.93124 11.6914 0
      vertex 8.07521 11.8725 5
      vertex 8.07521 11.8725 0
    endloop
  endfacet
  facet normal -0.782776 0.622303 0
    outer loop
      vertex 8.07521 11.8725 5
      vertex 7.93124 11.6914 0
      vertex 7.93124 11.6914 5
    endloop
  endfacet
  facet normal -0.805573 0.592497 0
    outer loop
      vertex 7.80472 11.5194 0
      vertex 7.93124 11.6914 5
      vertex 7.93124 11.6914 0
    endloop
  endfacet
  facet normal -0.805573 0.592497 0
    outer loop
      vertex 7.93124 11.6914 5
      vertex 7.80472 11.5194 0
      vertex 7.80472 11.5194 5
    endloop
  endfacet
  facet normal -0.827167 0.561956 0
    outer loop
      vertex 7.6946 11.3573 0
      vertex 7.80472 11.5194 5
      vertex 7.80472 11.5194 0
    endloop
  endfacet
  facet normal -0.827167 0.561956 0
    outer loop
      vertex 7.80472 11.5194 5
      vertex 7.6946 11.3573 0
      vertex 7.6946 11.3573 5
    endloop
  endfacet
  facet normal -0.847105 0.531426 0
    outer loop
      vertex 7.59966 11.2059 0
      vertex 7.6946 11.3573 5
      vertex 7.6946 11.3573 0
    endloop
  endfacet
  facet normal -0.847105 0.531426 0
    outer loop
      vertex 7.6946 11.3573 5
      vertex 7.59966 11.2059 0
      vertex 7.59966 11.2059 5
    endloop
  endfacet
  facet normal -0.865416 0.501055 0
    outer loop
      vertex 7.51872 11.0661 0
      vertex 7.59966 11.2059 5
      vertex 7.59966 11.2059 0
    endloop
  endfacet
  facet normal -0.865416 0.501055 0
    outer loop
      vertex 7.59966 11.2059 5
      vertex 7.51872 11.0661 0
      vertex 7.51872 11.0661 5
    endloop
  endfacet
  facet normal -0.883211 0.468975 0
    outer loop
      vertex 7.451 10.9386 0
      vertex 7.51872 11.0661 5
      vertex 7.51872 11.0661 0
    endloop
  endfacet
  facet normal -0.883211 0.468975 0
    outer loop
      vertex 7.51872 11.0661 5
      vertex 7.451 10.9386 0
      vertex 7.451 10.9386 5
    endloop
  endfacet
  facet normal -0.899753 0.4364 0
    outer loop
      vertex 7.39542 10.824 0
      vertex 7.451 10.9386 5
      vertex 7.451 10.9386 0
    endloop
  endfacet
  facet normal -0.899753 0.4364 0
    outer loop
      vertex 7.451 10.9386 5
      vertex 7.39542 10.824 0
      vertex 7.39542 10.824 5
    endloop
  endfacet
  facet normal -0.915276 0.402827 0
    outer loop
      vertex 7.35095 10.723 0
      vertex 7.39542 10.824 5
      vertex 7.39542 10.824 0
    endloop
  endfacet
  facet normal -0.915276 0.402827 0
    outer loop
      vertex 7.39542 10.824 5
      vertex 7.35095 10.723 0
      vertex 7.35095 10.723 5
    endloop
  endfacet
  facet normal -0.929655 0.368431 0
    outer loop
      vertex 7.31654 10.6362 0
      vertex 7.35095 10.723 5
      vertex 7.35095 10.723 0
    endloop
  endfacet
  facet normal -0.929655 0.368431 0
    outer loop
      vertex 7.35095 10.723 5
      vertex 7.31654 10.6362 0
      vertex 7.31654 10.6362 5
    endloop
  endfacet
  facet normal -0.943064 0.332611 0
    outer loop
      vertex 7.29115 10.5642 0
      vertex 7.31654 10.6362 5
      vertex 7.31654 10.6362 0
    endloop
  endfacet
  facet normal -0.943064 0.332611 0
    outer loop
      vertex 7.31654 10.6362 5
      vertex 7.29115 10.5642 0
      vertex 7.29115 10.5642 5
    endloop
  endfacet
  facet normal -0.962153 0.272511 0
    outer loop
      vertex 7.25487 10.4361 0
      vertex 7.29115 10.5642 5
      vertex 7.29115 10.5642 0
    endloop
  endfacet
  facet normal -0.962153 0.272511 0
    outer loop
      vertex 7.29115 10.5642 5
      vertex 7.25487 10.4361 0
      vertex 7.25487 10.4361 5
    endloop
  endfacet
  facet normal -0.97741 0.211352 0
    outer loop
      vertex 7.22044 10.2769 0
      vertex 7.25487 10.4361 5
      vertex 7.25487 10.4361 0
    endloop
  endfacet
  facet normal -0.97741 0.211352 0
    outer loop
      vertex 7.25487 10.4361 5
      vertex 7.22044 10.2769 0
      vertex 7.22044 10.2769 5
    endloop
  endfacet
  facet normal -0.984781 0.173803 0
    outer loop
      vertex 7.07193 9.43536 0
      vertex 7.22044 10.2769 5
      vertex 7.22044 10.2769 0
    endloop
  endfacet
  facet normal -0.984781 0.173803 0
    outer loop
      vertex 7.22044 10.2769 5
      vertex 7.07193 9.43536 0
      vertex 7.07193 9.43536 5
    endloop
  endfacet
  facet normal -0.574627 0.818416 0
    outer loop
      vertex 7.07193 9.43536 0
      vertex 6.88486 9.30402 5
      vertex 7.07193 9.43536 5
    endloop
  endfacet
  facet normal -0.574627 0.818416 0
    outer loop
      vertex 6.88486 9.30402 5
      vertex 7.07193 9.43536 0
      vertex 6.88486 9.30402 0
    endloop
  endfacet
  facet normal 0.19247 0.981303 -0
    outer loop
      vertex 6.88486 9.30402 0
      vertex 6.84378 9.31207 5
      vertex 6.88486 9.30402 5
    endloop
  endfacet
  facet normal 0.19247 0.981303 0
    outer loop
      vertex 6.84378 9.31207 5
      vertex 6.88486 9.30402 0
      vertex 6.84378 9.31207 0
    endloop
  endfacet
  facet normal 0.125904 0.992042 -0
    outer loop
      vertex 6.84378 9.31207 0
      vertex 6.08032 9.40897 5
      vertex 6.84378 9.31207 5
    endloop
  endfacet
  facet normal 0.125904 0.992042 0
    outer loop
      vertex 6.08032 9.40897 5
      vertex 6.84378 9.31207 0
      vertex 6.08032 9.40897 0
    endloop
  endfacet
  facet normal 0.0606928 0.998156 -0
    outer loop
      vertex 6.08032 9.40897 0
      vertex 5.3315 9.4545 5
      vertex 6.08032 9.40897 5
    endloop
  endfacet
  facet normal 0.0606928 0.998156 0
    outer loop
      vertex 5.3315 9.4545 5
      vertex 6.08032 9.40897 0
      vertex 5.3315 9.4545 0
    endloop
  endfacet
  facet normal -0.00283536 0.999996 0
    outer loop
      vertex 5.3315 9.4545 0
      vertex 5.24539 9.45425 5
      vertex 5.3315 9.4545 5
    endloop
  endfacet
  facet normal -0.00283536 0.999996 0
    outer loop
      vertex 5.24539 9.45425 5
      vertex 5.3315 9.4545 0
      vertex 5.24539 9.45425 0
    endloop
  endfacet
  facet normal 0.874157 -0.485643 0
    outer loop
      vertex 5.24539 9.45425 5
      vertex 5.2473 9.45769 0
      vertex 5.2473 9.45769 5
    endloop
  endfacet
  facet normal 0.874157 -0.485643 0
    outer loop
      vertex 5.2473 9.45769 0
      vertex 5.24539 9.45425 5
      vertex 5.24539 9.45425 0
    endloop
  endfacet
  facet normal 0.712421 0.701752 0
    outer loop
      vertex 5.2473 9.45769 5
      vertex 5.08873 9.61867 0
      vertex 5.08873 9.61867 5
    endloop
  endfacet
  facet normal 0.712421 0.701752 0
    outer loop
      vertex 5.08873 9.61867 0
      vertex 5.2473 9.45769 5
      vertex 5.2473 9.45769 0
    endloop
  endfacet
  facet normal 0.999986 -0.00521581 0
    outer loop
      vertex 5.08873 9.61867 5
      vertex 5.09323 10.4817 0
      vertex 5.09323 10.4817 5
    endloop
  endfacet
  facet normal 0.999986 -0.00521581 0
    outer loop
      vertex 5.09323 10.4817 0
      vertex 5.08873 9.61867 5
      vertex 5.08873 9.61867 0
    endloop
  endfacet
  facet normal 0.999591 0.0285962 0
    outer loop
      vertex 5.09323 10.4817 5
      vertex 5.08775 10.6732 0
      vertex 5.08775 10.6732 5
    endloop
  endfacet
  facet normal 0.999591 0.0285962 0
    outer loop
      vertex 5.08775 10.6732 0
      vertex 5.09323 10.4817 5
      vertex 5.09323 10.4817 0
    endloop
  endfacet
  facet normal 0.994381 0.105859 0
    outer loop
      vertex 5.08775 10.6732 5
      vertex 5.07744 10.7701 0
      vertex 5.07744 10.7701 5
    endloop
  endfacet
  facet normal 0.994381 0.105859 0
    outer loop
      vertex 5.07744 10.7701 0
      vertex 5.08775 10.6732 5
      vertex 5.08775 10.6732 0
    endloop
  endfacet
  facet normal 0.987712 0.156285 0
    outer loop
      vertex 5.07744 10.7701 5
      vertex 5.06566 10.8445 0
      vertex 5.06566 10.8445 5
    endloop
  endfacet
  facet normal 0.987712 0.156285 0
    outer loop
      vertex 5.06566 10.8445 0
      vertex 5.07744 10.7701 5
      vertex 5.07744 10.7701 0
    endloop
  endfacet
  facet normal 0.981443 0.191754 0
    outer loop
      vertex 5.06566 10.8445 5
      vertex 5.04785 10.9356 0
      vertex 5.04785 10.9356 5
    endloop
  endfacet
  facet normal 0.981443 0.191754 0
    outer loop
      vertex 5.04785 10.9356 0
      vertex 5.06566 10.8445 5
      vertex 5.06566 10.8445 0
    endloop
  endfacet
  facet normal 0.97392 0.226892 0
    outer loop
      vertex 5.04785 10.9356 5
      vertex 5.02286 11.0429 0
      vertex 5.02286 11.0429 5
    endloop
  endfacet
  facet normal 0.97392 0.226892 0
    outer loop
      vertex 5.02286 11.0429 0
      vertex 5.04785 10.9356 5
      vertex 5.04785 10.9356 0
    endloop
  endfacet
  facet normal 0.965136 0.261748 0
    outer loop
      vertex 5.02286 11.0429 5
      vertex 4.98953 11.1658 0
      vertex 4.98953 11.1658 5
    endloop
  endfacet
  facet normal 0.965136 0.261748 0
    outer loop
      vertex 4.98953 11.1658 0
      vertex 5.02286 11.0429 5
      vertex 5.02286 11.0429 0
    endloop
  endfacet
  facet normal 0.955171 0.296053 0
    outer loop
      vertex 4.98953 11.1658 5
      vertex 4.94679 11.3037 0
      vertex 4.94679 11.3037 5
    endloop
  endfacet
  facet normal 0.955171 0.296053 0
    outer loop
      vertex 4.94679 11.3037 0
      vertex 4.98953 11.1658 5
      vertex 4.98953 11.1658 0
    endloop
  endfacet
  facet normal 0.942338 0.334661 0
    outer loop
      vertex 4.94679 11.3037 5
      vertex 4.8927 11.456 0
      vertex 4.8927 11.456 5
    endloop
  endfacet
  facet normal 0.942338 0.334661 0
    outer loop
      vertex 4.8927 11.456 0
      vertex 4.94679 11.3037 5
      vertex 4.94679 11.3037 0
    endloop
  endfacet
  facet normal 0.929796 0.368075 0
    outer loop
      vertex 4.8927 11.456 5
      vertex 4.82695 11.6221 0
      vertex 4.82695 11.6221 5
    endloop
  endfacet
  facet normal 0.929796 0.368075 0
    outer loop
      vertex 4.82695 11.6221 0
      vertex 4.8927 11.456 5
      vertex 4.8927 11.456 0
    endloop
  endfacet
  facet normal 0.916166 0.400798 0
    outer loop
      vertex 4.82695 11.6221 5
      vertex 4.74854 11.8013 0
      vertex 4.74854 11.8013 5
    endloop
  endfacet
  facet normal 0.916166 0.400798 0
    outer loop
      vertex 4.74854 11.8013 0
      vertex 4.82695 11.6221 5
      vertex 4.82695 11.6221 0
    endloop
  endfacet
  facet normal 0.901404 0.432978 0
    outer loop
      vertex 4.74854 11.8013 5
      vertex 4.65646 11.993 0
      vertex 4.65646 11.993 5
    endloop
  endfacet
  facet normal 0.901404 0.432978 0
    outer loop
      vertex 4.65646 11.993 0
      vertex 4.74854 11.8013 5
      vertex 4.74854 11.8013 0
    endloop
  endfacet
  facet normal 0.885543 0.464558 0
    outer loop
      vertex 4.65646 11.993 5
      vertex 4.54974 12.1965 0
      vertex 4.54974 12.1965 5
    endloop
  endfacet
  facet normal 0.885543 0.464558 0
    outer loop
      vertex 4.54974 12.1965 0
      vertex 4.65646 11.993 5
      vertex 4.65646 11.993 0
    endloop
  endfacet
  facet normal 0.866179 0.499733 0
    outer loop
      vertex 4.54974 12.1965 5
      vertex 4.42606 12.4108 0
      vertex 4.42606 12.4108 5
    endloop
  endfacet
  facet normal 0.866179 0.499733 0
    outer loop
      vertex 4.42606 12.4108 0
      vertex 4.54974 12.1965 5
      vertex 4.54974 12.1965 0
    endloop
  endfacet
  facet normal 0.847629 0.530589 0
    outer loop
      vertex 4.42606 12.4108 5
      vertex 4.28548 12.6354 0
      vertex 4.28548 12.6354 5
    endloop
  endfacet
  facet normal 0.847629 0.530589 0
    outer loop
      vertex 4.28548 12.6354 0
      vertex 4.42606 12.4108 5
      vertex 4.42606 12.4108 0
    endloop
  endfacet
  facet normal 0.828384 0.560161 0
    outer loop
      vertex 4.28548 12.6354 5
      vertex 4.12726 12.8694 0
      vertex 4.12726 12.8694 5
    endloop
  endfacet
  facet normal 0.828384 0.560161 0
    outer loop
      vertex 4.12726 12.8694 0
      vertex 4.28548 12.6354 5
      vertex 4.28548 12.6354 0
    endloop
  endfacet
  facet normal 0.806611 0.591082 0
    outer loop
      vertex 4.12726 12.8694 5
      vertex 4.02017 13.0155 0
      vertex 4.02017 13.0155 5
    endloop
  endfacet
  facet normal 0.806611 0.591082 0
    outer loop
      vertex 4.02017 13.0155 0
      vertex 4.12726 12.8694 5
      vertex 4.12726 12.8694 0
    endloop
  endfacet
  facet normal -0.064758 0.997901 0
    outer loop
      vertex 4.02017 13.0155 0
      vertex 3.55014 12.985 5
      vertex 4.02017 13.0155 5
    endloop
  endfacet
  facet normal -0.064758 0.997901 0
    outer loop
      vertex 3.55014 12.985 5
      vertex 4.02017 13.0155 0
      vertex 3.55014 12.985 0
    endloop
  endfacet
  facet normal -0.124823 0.992179 0
    outer loop
      vertex 3.55014 12.985 0
      vertex 3.17924 12.9384 5
      vertex 3.55014 12.985 5
    endloop
  endfacet
  facet normal -0.124823 0.992179 0
    outer loop
      vertex 3.17924 12.9384 5
      vertex 3.55014 12.985 0
      vertex 3.17924 12.9384 0
    endloop
  endfacet
  facet normal -0.90184 0.43207 0
    outer loop
      vertex 3.09915 12.7712 0
      vertex 3.17924 12.9384 5
      vertex 3.17924 12.9384 0
    endloop
  endfacet
  facet normal -0.90184 0.43207 0
    outer loop
      vertex 3.17924 12.9384 5
      vertex 3.09915 12.7712 0
      vertex 3.09915 12.7712 5
    endloop
  endfacet
  facet normal -0.917124 0.398603 0
    outer loop
      vertex 2.98721 12.5136 0
      vertex 3.09915 12.7712 5
      vertex 3.09915 12.7712 0
    endloop
  endfacet
  facet normal -0.917124 0.398603 0
    outer loop
      vertex 3.09915 12.7712 5
      vertex 2.98721 12.5136 0
      vertex 2.98721 12.5136 5
    endloop
  endfacet
  facet normal -0.931198 0.364515 0
    outer loop
      vertex 2.89111 12.2681 0
      vertex 2.98721 12.5136 5
      vertex 2.98721 12.5136 0
    endloop
  endfacet
  facet normal -0.931198 0.364515 0
    outer loop
      vertex 2.98721 12.5136 5
      vertex 2.89111 12.2681 0
      vertex 2.89111 12.2681 5
    endloop
  endfacet
  facet normal -0.9441 0.329658 0
    outer loop
      vertex 2.80984 12.0354 0
      vertex 2.89111 12.2681 5
      vertex 2.89111 12.2681 0
    endloop
  endfacet
  facet normal -0.9441 0.329658 0
    outer loop
      vertex 2.89111 12.2681 5
      vertex 2.80984 12.0354 0
      vertex 2.80984 12.0354 5
    endloop
  endfacet
  facet normal -0.955312 0.295599 0
    outer loop
      vertex 2.74197 11.8161 0
      vertex 2.80984 12.0354 5
      vertex 2.80984 12.0354 0
    endloop
  endfacet
  facet normal -0.955312 0.295599 0
    outer loop
      vertex 2.80984 12.0354 5
      vertex 2.74197 11.8161 0
      vertex 2.74197 11.8161 5
    endloop
  endfacet
  facet normal -0.964848 0.262808 0
    outer loop
      vertex 2.68604 11.6107 0
      vertex 2.74197 11.8161 5
      vertex 2.74197 11.8161 0
    endloop
  endfacet
  facet normal -0.964848 0.262808 0
    outer loop
      vertex 2.74197 11.8161 5
      vertex 2.68604 11.6107 0
      vertex 2.68604 11.6107 5
    endloop
  endfacet
  facet normal -0.974039 0.226379 0
    outer loop
      vertex 2.64172 11.42 0
      vertex 2.68604 11.6107 5
      vertex 2.68604 11.6107 0
    endloop
  endfacet
  facet normal -0.974039 0.226379 0
    outer loop
      vertex 2.68604 11.6107 5
      vertex 2.64172 11.42 0
      vertex 2.64172 11.42 5
    endloop
  endfacet
  facet normal -0.981997 0.188895 0
    outer loop
      vertex 2.608 11.2447 0
      vertex 2.64172 11.42 5
      vertex 2.64172 11.42 0
    endloop
  endfacet
  facet normal -0.981997 0.188895 0
    outer loop
      vertex 2.64172 11.42 5
      vertex 2.608 11.2447 0
      vertex 2.608 11.2447 5
    endloop
  endfacet
  facet normal -0.988559 0.150834 0
    outer loop
      vertex 2.58368 11.0853 0
      vertex 2.608 11.2447 5
      vertex 2.608 11.2447 0
    endloop
  endfacet
  facet normal -0.988559 0.150834 0
    outer loop
      vertex 2.608 11.2447 5
      vertex 2.58368 11.0853 0
      vertex 2.58368 11.0853 5
    endloop
  endfacet
  facet normal -0.99269 0.120688 0
    outer loop
      vertex 2.56627 10.9421 0
      vertex 2.58368 11.0853 5
      vertex 2.58368 11.0853 0
    endloop
  endfacet
  facet normal -0.99269 0.120688 0
    outer loop
      vertex 2.58368 11.0853 5
      vertex 2.56627 10.9421 0
      vertex 2.56627 10.9421 5
    endloop
  endfacet
  facet normal -0.996753 0.0805213 0
    outer loop
      vertex 2.55608 10.8159 0
      vertex 2.56627 10.9421 5
      vertex 2.56627 10.9421 0
    endloop
  endfacet
  facet normal -0.996753 0.0805213 0
    outer loop
      vertex 2.56627 10.9421 5
      vertex 2.55608 10.8159 0
      vertex 2.55608 10.8159 5
    endloop
  endfacet
  facet normal -0.999266 0.0383092 0
    outer loop
      vertex 2.55191 10.7073 0
      vertex 2.55608 10.8159 5
      vertex 2.55608 10.8159 0
    endloop
  endfacet
  facet normal -0.999266 0.0383092 0
    outer loop
      vertex 2.55608 10.8159 5
      vertex 2.55191 10.7073 0
      vertex 2.55191 10.7073 5
    endloop
  endfacet
  facet normal -0.999937 0.0112352 0
    outer loop
      vertex 2.55089 10.6163 0
      vertex 2.55191 10.7073 5
      vertex 2.55191 10.7073 0
    endloop
  endfacet
  facet normal -0.999937 0.0112352 0
    outer loop
      vertex 2.55191 10.7073 5
      vertex 2.55089 10.6163 0
      vertex 2.55089 10.6163 5
    endloop
  endfacet
  facet normal -0.999441 -0.0334198 0
    outer loop
      vertex 2.55331 10.5437 0
      vertex 2.55089 10.6163 5
      vertex 2.55089 10.6163 0
    endloop
  endfacet
  facet normal -0.999441 -0.0334198 0
    outer loop
      vertex 2.55089 10.6163 5
      vertex 2.55331 10.5437 0
      vertex 2.55331 10.5437 5
    endloop
  endfacet
  facet normal -0.996096 -0.0882732 0
    outer loop
      vertex 2.56223 10.4432 0
      vertex 2.55331 10.5437 5
      vertex 2.55331 10.5437 0
    endloop
  endfacet
  facet normal -0.996096 -0.0882732 0
    outer loop
      vertex 2.55331 10.5437 5
      vertex 2.56223 10.4432 0
      vertex 2.56223 10.4432 5
    endloop
  endfacet
  facet normal -0.985674 -0.168664 0
    outer loop
      vertex 2.59157 10.2717 0
      vertex 2.56223 10.4432 5
      vertex 2.56223 10.4432 0
    endloop
  endfacet
  facet normal -0.985674 -0.168664 0
    outer loop
      vertex 2.56223 10.4432 5
      vertex 2.59157 10.2717 0
      vertex 2.59157 10.2717 5
    endloop
  endfacet
  facet normal -0.996597 -0.0824327 0
    outer loop
      vertex 2.60431 10.1177 0
      vertex 2.59157 10.2717 5
      vertex 2.59157 10.2717 0
    endloop
  endfacet
  facet normal -0.996597 -0.0824327 0
    outer loop
      vertex 2.59157 10.2717 5
      vertex 2.60431 10.1177 0
      vertex 2.60431 10.1177 5
    endloop
  endfacet
  facet normal -0.980675 -0.195642 0
    outer loop
      vertex 2.74718 9.40152 0
      vertex 2.60431 10.1177 5
      vertex 2.60431 10.1177 0
    endloop
  endfacet
  facet normal -0.980675 -0.195642 0
    outer loop
      vertex 2.60431 10.1177 5
      vertex 2.74718 9.40152 0
      vertex 2.74718 9.40152 5
    endloop
  endfacet
  facet normal -0.829528 0.558466 0
    outer loop
      vertex 2.62099 9.21408 0
      vertex 2.74718 9.40152 5
      vertex 2.74718 9.40152 0
    endloop
  endfacet
  facet normal -0.829528 0.558466 0
    outer loop
      vertex 2.74718 9.40152 5
      vertex 2.62099 9.21408 0
      vertex 2.62099 9.21408 5
    endloop
  endfacet
  facet normal -0.961867 0.273517 0
    outer loop
      vertex 2.62007 9.21086 0
      vertex 2.62099 9.21408 5
      vertex 2.62099 9.21408 0
    endloop
  endfacet
  facet normal -0.961867 0.273517 0
    outer loop
      vertex 2.62099 9.21408 5
      vertex 2.62007 9.21086 0
      vertex 2.62007 9.21086 5
    endloop
  endfacet
  facet normal -0.18307 0.9831 0
    outer loop
      vertex 2.62007 9.21086 0
      vertex 2.54944 9.19771 5
      vertex 2.62007 9.21086 5
    endloop
  endfacet
  facet normal -0.18307 0.9831 0
    outer loop
      vertex 2.54944 9.19771 5
      vertex 2.62007 9.21086 0
      vertex 2.54944 9.19771 0
    endloop
  endfacet
  facet normal -0.239242 0.97096 0
    outer loop
      vertex 2.54944 9.19771 0
      vertex 1.91833 9.04221 5
      vertex 2.54944 9.19771 5
    endloop
  endfacet
  facet normal -0.239242 0.97096 0
    outer loop
      vertex 1.91833 9.04221 5
      vertex 2.54944 9.19771 0
      vertex 1.91833 9.04221 0
    endloop
  endfacet
  facet normal -0.293523 0.955952 0
    outer loop
      vertex 1.91833 9.04221 0
      vertex 1.31558 8.85713 5
      vertex 1.91833 9.04221 5
    endloop
  endfacet
  facet normal -0.293523 0.955952 0
    outer loop
      vertex 1.31558 8.85713 5
      vertex 1.91833 9.04221 0
      vertex 1.31558 8.85713 0
    endloop
  endfacet
  facet normal -0.345825 0.938299 0
    outer loop
      vertex 1.31558 8.85713 0
      vertex 1.04967 8.75912 5
      vertex 1.31558 8.85713 5
    endloop
  endfacet
  facet normal -0.345825 0.938299 0
    outer loop
      vertex 1.04967 8.75912 5
      vertex 1.31558 8.85713 0
      vertex 1.04967 8.75912 0
    endloop
  endfacet
  facet normal 0.992974 -0.118334 0
    outer loop
      vertex 1.04967 8.75912 5
      vertex 1.05037 8.76501 0
      vertex 1.05037 8.76501 5
    endloop
  endfacet
  facet normal 0.992974 -0.118334 0
    outer loop
      vertex 1.05037 8.76501 0
      vertex 1.04967 8.75912 5
      vertex 1.04967 8.75912 0
    endloop
  endfacet
  facet normal 0.408005 0.91298 -0
    outer loop
      vertex 1.05037 8.76501 0
      vertex 0.84407 8.85721 5
      vertex 1.05037 8.76501 5
    endloop
  endfacet
  facet normal 0.408005 0.91298 0
    outer loop
      vertex 0.84407 8.85721 5
      vertex 1.05037 8.76501 0
      vertex 0.84407 8.85721 0
    endloop
  endfacet
  facet normal 0.933215 0.359318 0
    outer loop
      vertex 0.84407 8.85721 5
      vertex 0.535538 9.65852 0
      vertex 0.535538 9.65852 5
    endloop
  endfacet
  facet normal 0.933215 0.359318 0
    outer loop
      vertex 0.535538 9.65852 0
      vertex 0.84407 8.85721 5
      vertex 0.84407 8.85721 0
    endloop
  endfacet
  facet normal 0.921267 0.388931 0
    outer loop
      vertex 0.535538 9.65852 5
      vertex 0.459641 9.8383 0
      vertex 0.459641 9.8383 5
    endloop
  endfacet
  facet normal 0.921267 0.388931 0
    outer loop
      vertex 0.459641 9.8383 0
      vertex 0.535538 9.65852 5
      vertex 0.535538 9.65852 0
    endloop
  endfacet
  facet normal 0.902085 0.431559 0
    outer loop
      vertex 0.459641 9.8383 5
      vertex 0.441559 9.8761 0
      vertex 0.441559 9.8761 5
    endloop
  endfacet
  facet normal 0.902085 0.431559 0
    outer loop
      vertex 0.441559 9.8761 0
      vertex 0.459641 9.8383 5
      vertex 0.459641 9.8383 0
    endloop
  endfacet
  facet normal 0.88363 0.468186 0
    outer loop
      vertex 0.441559 9.8761 5
      vertex 0.414062 9.92799 0
      vertex 0.414062 9.92799 5
    endloop
  endfacet
  facet normal 0.88363 0.468186 0
    outer loop
      vertex 0.414062 9.92799 0
      vertex 0.441559 9.8761 5
      vertex 0.441559 9.8761 0
    endloop
  endfacet
  facet normal 0.862245 0.506491 0
    outer loop
      vertex 0.414062 9.92799 5
      vertex 0.375763 9.99319 0
      vertex 0.375763 9.99319 5
    endloop
  endfacet
  facet normal 0.862245 0.506491 0
    outer loop
      vertex 0.375763 9.99319 0
      vertex 0.414062 9.92799 5
      vertex 0.414062 9.92799 0
    endloop
  endfacet
  facet normal 0.845877 0.533378 0
    outer loop
      vertex 0.375763 9.99319 5
      vertex 0.326462 10.0714 0
      vertex 0.326462 10.0714 5
    endloop
  endfacet
  facet normal 0.845877 0.533378 0
    outer loop
      vertex 0.326462 10.0714 0
      vertex 0.375763 9.99319 5
      vertex 0.375763 9.99319 0
    endloop
  endfacet
  facet normal 0.827925 0.560839 0
    outer loop
      vertex 0.326462 10.0714 5
      vertex 0.265167 10.1619 0
      vertex 0.265167 10.1619 5
    endloop
  endfacet
  facet normal 0.827925 0.560839 0
    outer loop
      vertex 0.265167 10.1619 0
      vertex 0.326462 10.0714 5
      vertex 0.326462 10.0714 0
    endloop
  endfacet
  facet normal 0.802525 0.596619 0
    outer loop
      vertex 0.265167 10.1619 5
      vertex 0.189651 10.2634 0
      vertex 0.189651 10.2634 5
    endloop
  endfacet
  facet normal 0.802525 0.596619 0
    outer loop
      vertex 0.189651 10.2634 0
      vertex 0.265167 10.1619 5
      vertex 0.265167 10.1619 0
    endloop
  endfacet
  facet normal 0.781034 0.624488 0
    outer loop
      vertex 0.189651 10.2634 5
      vertex 0.0998688 10.3757 0
      vertex 0.0998688 10.3757 5
    endloop
  endfacet
  facet normal 0.781034 0.624488 0
    outer loop
      vertex 0.0998688 10.3757 0
      vertex 0.189651 10.2634 5
      vertex 0.189651 10.2634 0
    endloop
  endfacet
  facet normal 0.759578 0.650417 0
    outer loop
      vertex 0.0998688 10.3757 5
      vertex -0.00486755 10.498 0
      vertex -0.00486755 10.498 5
    endloop
  endfacet
  facet normal 0.759578 0.650417 0
    outer loop
      vertex -0.00486755 10.498 0
      vertex 0.0998688 10.3757 5
      vertex 0.0998688 10.3757 0
    endloop
  endfacet
  facet normal 0.730063 0.68338 0
    outer loop
      vertex -0.00486755 10.498 5
      vertex -0.127274 10.6288 0
      vertex -0.127274 10.6288 5
    endloop
  endfacet
  facet normal 0.730063 0.68338 0
    outer loop
      vertex -0.127274 10.6288 0
      vertex -0.00486755 10.498 5
      vertex -0.00486755 10.498 0
    endloop
  endfacet
  facet normal 0.706719 0.707494 -0
    outer loop
      vertex -0.127274 10.6288 0
      vertex -0.266495 10.7679 5
      vertex -0.127274 10.6288 5
    endloop
  endfacet
  facet normal 0.706719 0.707494 0
    outer loop
      vertex -0.266495 10.7679 5
      vertex -0.127274 10.6288 0
      vertex -0.266495 10.7679 0
    endloop
  endfacet
  facet normal 0.677007 0.735976 -0
    outer loop
      vertex -0.266495 10.7679 0
      vertex -0.424942 10.9136 5
      vertex -0.266495 10.7679 5
    endloop
  endfacet
  facet normal 0.677007 0.735976 0
    outer loop
      vertex -0.424942 10.9136 5
      vertex -0.266495 10.7679 0
      vertex -0.424942 10.9136 0
    endloop
  endfacet
  facet normal 0.649468 0.760389 -0
    outer loop
      vertex -0.424942 10.9136 0
      vertex -0.602661 11.0654 5
      vertex -0.424942 10.9136 5
    endloop
  endfacet
  facet normal 0.649468 0.760389 0
    outer loop
      vertex -0.602661 11.0654 5
      vertex -0.424942 10.9136 0
      vertex -0.602661 11.0654 0
    endloop
  endfacet
  facet normal 0.617822 0.786318 -0
    outer loop
      vertex -0.602661 11.0654 0
      vertex -0.801544 11.2217 5
      vertex -0.602661 11.0654 5
    endloop
  endfacet
  facet normal 0.617822 0.786318 0
    outer loop
      vertex -0.801544 11.2217 5
      vertex -0.602661 11.0654 0
      vertex -0.801544 11.2217 0
    endloop
  endfacet
  facet normal 0.588022 0.808845 -0
    outer loop
      vertex -0.801544 11.2217 0
      vertex -1.02153 11.3816 5
      vertex -0.801544 11.2217 5
    endloop
  endfacet
  facet normal 0.588022 0.808845 0
    outer loop
      vertex -1.02153 11.3816 5
      vertex -0.801544 11.2217 0
      vertex -1.02153 11.3816 0
    endloop
  endfacet
  facet normal 0.55306 0.833141 -0
    outer loop
      vertex -1.02153 11.3816 0
      vertex -1.265 11.5432 5
      vertex -1.02153 11.3816 5
    endloop
  endfacet
  facet normal 0.55306 0.833141 0
    outer loop
      vertex -1.265 11.5432 5
      vertex -1.02153 11.3816 0
      vertex -1.265 11.5432 0
    endloop
  endfacet
  facet normal 0.520574 0.853816 -0
    outer loop
      vertex -1.265 11.5432 0
      vertex -1.40402 11.628 5
      vertex -1.265 11.5432 5
    endloop
  endfacet
  facet normal 0.520574 0.853816 0
    outer loop
      vertex -1.40402 11.628 5
      vertex -1.265 11.5432 0
      vertex -1.40402 11.628 0
    endloop
  endfacet
  facet normal -0.444426 0.895815 0
    outer loop
      vertex -1.40402 11.628 0
      vertex -2.00085 11.3319 5
      vertex -1.40402 11.628 5
    endloop
  endfacet
  facet normal -0.444426 0.895815 0
    outer loop
      vertex -2.00085 11.3319 5
      vertex -1.40402 11.628 0
      vertex -2.00085 11.3319 0
    endloop
  endfacet
  facet normal -0.490706 0.871325 0
    outer loop
      vertex -2.00085 11.3319 0
      vertex -2.13998 11.2536 5
      vertex -2.00085 11.3319 5
    endloop
  endfacet
  facet normal -0.490706 0.871325 0
    outer loop
      vertex -2.13998 11.2536 5
      vertex -2.00085 11.3319 0
      vertex -2.13998 11.2536 0
    endloop
  endfacet
  facet normal -0.997129 0.0757259 0
    outer loop
      vertex -2.15346 11.0761 0
      vertex -2.13998 11.2536 5
      vertex -2.13998 11.2536 0
    endloop
  endfacet
  facet normal -0.997129 0.0757259 0
    outer loop
      vertex -2.13998 11.2536 5
      vertex -2.15346 11.0761 0
      vertex -2.15346 11.0761 5
    endloop
  endfacet
  facet normal -0.999263 0.0383732 0
    outer loop
      vertex -2.16434 10.7928 0
      vertex -2.15346 11.0761 5
      vertex -2.15346 11.0761 0
    endloop
  endfacet
  facet normal -0.999263 0.0383732 0
    outer loop
      vertex -2.15346 11.0761 5
      vertex -2.16434 10.7928 0
      vertex -2.16434 10.7928 5
    endloop
  endfacet
  facet normal -0.999996 0.00291461 0
    outer loop
      vertex -2.16512 10.5258 0
      vertex -2.16434 10.7928 5
      vertex -2.16434 10.7928 0
    endloop
  endfacet
  facet normal -0.999996 0.00291461 0
    outer loop
      vertex -2.16434 10.7928 5
      vertex -2.16512 10.5258 0
      vertex -2.16512 10.5258 5
    endloop
  endfacet
  facet normal -0.999293 -0.0376019 0
    outer loop
      vertex -2.15573 10.2764 0
      vertex -2.16512 10.5258 5
      vertex -2.16512 10.5258 0
    endloop
  endfacet
  facet normal -0.999293 -0.0376019 0
    outer loop
      vertex -2.16512 10.5258 5
      vertex -2.15573 10.2764 0
      vertex -2.15573 10.2764 5
    endloop
  endfacet
  facet normal -0.997327 -0.0730647 0
    outer loop
      vertex -2.13873 10.0444 0
      vertex -2.15573 10.2764 5
      vertex -2.15573 10.2764 0
    endloop
  endfacet
  facet normal -0.997327 -0.0730647 0
    outer loop
      vertex -2.15573 10.2764 5
      vertex -2.13873 10.0444 0
      vertex -2.13873 10.0444 5
    endloop
  endfacet
  facet normal -0.993611 -0.112862 0
    outer loop
      vertex -2.11447 9.83083 0
      vertex -2.13873 10.0444 5
      vertex -2.13873 10.0444 0
    endloop
  endfacet
  facet normal -0.993611 -0.112862 0
    outer loop
      vertex -2.13873 10.0444 5
      vertex -2.11447 9.83083 0
      vertex -2.11447 9.83083 5
    endloop
  endfacet
  facet normal -0.988618 -0.150447 0
    outer loop
      vertex -2.08479 9.6358 0
      vertex -2.11447 9.83083 5
      vertex -2.11447 9.83083 0
    endloop
  endfacet
  facet normal -0.988618 -0.150447 0
    outer loop
      vertex -2.11447 9.83083 5
      vertex -2.08479 9.6358 0
      vertex -2.08479 9.6358 5
    endloop
  endfacet
  facet normal -0.98186 -0.189609 0
    outer loop
      vertex -2.05083 9.45992 0
      vertex -2.08479 9.6358 5
      vertex -2.08479 9.6358 0
    endloop
  endfacet
  facet normal -0.98186 -0.189609 0
    outer loop
      vertex -2.08479 9.6358 5
      vertex -2.05083 9.45992 0
      vertex -2.05083 9.45992 5
    endloop
  endfacet
  facet normal -0.973898 -0.226987 0
    outer loop
      vertex -2.01433 9.30331 0
      vertex -2.05083 9.45992 5
      vertex -2.05083 9.45992 0
    endloop
  endfacet
  facet normal -0.973898 -0.226987 0
    outer loop
      vertex -2.05083 9.45992 5
      vertex -2.01433 9.30331 0
      vertex -2.01433 9.30331 5
    endloop
  endfacet
  facet normal -0.963325 -0.268337 0
    outer loop
      vertex -1.97626 9.16664 0
      vertex -2.01433 9.30331 5
      vertex -2.01433 9.30331 0
    endloop
  endfacet
  facet normal -0.963325 -0.268337 0
    outer loop
      vertex -2.01433 9.30331 5
      vertex -1.97626 9.16664 0
      vertex -1.97626 9.16664 5
    endloop
  endfacet
  facet normal -0.953308 -0.301999 0
    outer loop
      vertex -1.93915 9.0495 0
      vertex -1.97626 9.16664 5
      vertex -1.97626 9.16664 0
    endloop
  endfacet
  facet normal -0.953308 -0.301999 0
    outer loop
      vertex -1.97626 9.16664 5
      vertex -1.93915 9.0495 0
      vertex -1.93915 9.0495 5
    endloop
  endfacet
  facet normal -0.938809 -0.344437 0
    outer loop
      vertex -1.90361 8.95264 0
      vertex -1.93915 9.0495 5
      vertex -1.93915 9.0495 0
    endloop
  endfacet
  facet normal -0.938809 -0.344437 0
    outer loop
      vertex -1.93915 9.0495 5
      vertex -1.90361 8.95264 0
      vertex -1.90361 8.95264 5
    endloop
  endfacet
  facet normal -0.924035 -0.382309 0
    outer loop
      vertex -1.87181 8.87578 0
      vertex -1.90361 8.95264 5
      vertex -1.90361 8.95264 0
    endloop
  endfacet
  facet normal -0.924035 -0.382309 0
    outer loop
      vertex -1.90361 8.95264 5
      vertex -1.87181 8.87578 0
      vertex -1.87181 8.87578 5
    endloop
  endfacet
  facet normal -0.90949 -0.415725 0
    outer loop
      vertex -1.84572 8.8187 0
      vertex -1.87181 8.87578 5
      vertex -1.87181 8.87578 0
    endloop
  endfacet
  facet normal -0.90949 -0.415725 0
    outer loop
      vertex -1.87181 8.87578 5
      vertex -1.84572 8.8187 0
      vertex -1.84572 8.8187 5
    endloop
  endfacet
  facet normal -0.889711 -0.456524 0
    outer loop
      vertex -1.82661 8.78146 0
      vertex -1.84572 8.8187 5
      vertex -1.84572 8.8187 0
    endloop
  endfacet
  facet normal -0.889711 -0.456524 0
    outer loop
      vertex -1.84572 8.8187 5
      vertex -1.82661 8.78146 0
      vertex -1.82661 8.78146 5
    endloop
  endfacet
  facet normal -0.838626 -0.544708 0
    outer loop
      vertex -1.72351 8.62273 0
      vertex -1.82661 8.78146 5
      vertex -1.82661 8.78146 0
    endloop
  endfacet
  facet normal -0.838626 -0.544708 0
    outer loop
      vertex -1.82661 8.78146 5
      vertex -1.72351 8.62273 0
      vertex -1.72351 8.62273 5
    endloop
  endfacet
  facet normal -0.879366 -0.476146 0
    outer loop
      vertex -1.64182 8.47185 0
      vertex -1.72351 8.62273 5
      vertex -1.72351 8.62273 0
    endloop
  endfacet
  facet normal -0.879366 -0.476146 0
    outer loop
      vertex -1.72351 8.62273 5
      vertex -1.64182 8.47185 0
      vertex -1.64182 8.47185 5
    endloop
  endfacet
  facet normal -0.922353 -0.386349 0
    outer loop
      vertex -1.58363 8.33295 0
      vertex -1.64182 8.47185 5
      vertex -1.64182 8.47185 0
    endloop
  endfacet
  facet normal -0.922353 -0.386349 0
    outer loop
      vertex -1.64182 8.47185 5
      vertex -1.58363 8.33295 0
      vertex -1.58363 8.33295 5
    endloop
  endfacet
  facet normal -0.834943 -0.550336 0
    outer loop
      vertex -1.23355 7.80182 0
      vertex -1.58363 8.33295 5
      vertex -1.58363 8.33295 0
    endloop
  endfacet
  facet normal -0.834943 -0.550336 0
    outer loop
      vertex -1.58363 8.33295 5
      vertex -1.23355 7.80182 0
      vertex -1.23355 7.80182 5
    endloop
  endfacet
  facet normal -0.978931 0.20419 0
    outer loop
      vertex -1.28004 7.57892 0
      vertex -1.23355 7.80182 5
      vertex -1.23355 7.80182 0
    endloop
  endfacet
  facet normal -0.978931 0.20419 0
    outer loop
      vertex -1.23355 7.80182 5
      vertex -1.28004 7.57892 0
      vertex -1.28004 7.57892 5
    endloop
  endfacet
  facet normal -0.577194 0.816607 0
    outer loop
      vertex -1.28004 7.57892 0
      vertex -1.69402 7.28632 5
      vertex -1.28004 7.57892 5
    endloop
  endfacet
  facet normal -0.577194 0.816607 0
    outer loop
      vertex -1.69402 7.28632 5
      vertex -1.28004 7.57892 0
      vertex -1.69402 7.28632 0
    endloop
  endfacet
  facet normal -0.617443 0.786616 0
    outer loop
      vertex -1.69402 7.28632 0
      vertex -2.09715 6.96988 5
      vertex -1.69402 7.28632 5
    endloop
  endfacet
  facet normal -0.617443 0.786616 0
    outer loop
      vertex -2.09715 6.96988 5
      vertex -1.69402 7.28632 0
      vertex -2.09715 6.96988 0
    endloop
  endfacet
  facet normal -0.655658 0.755058 0
    outer loop
      vertex -2.09715 6.96988 0
      vertex -2.47374 6.64287 5
      vertex -2.09715 6.96988 5
    endloop
  endfacet
  facet normal -0.655658 0.755058 0
    outer loop
      vertex -2.47374 6.64287 5
      vertex -2.09715 6.96988 0
      vertex -2.47374 6.64287 0
    endloop
  endfacet
  facet normal -0.691856 0.722035 0
    outer loop
      vertex -2.47374 6.64287 0
      vertex -2.54712 6.57256 5
      vertex -2.47374 6.64287 5
    endloop
  endfacet
  facet normal -0.691856 0.722035 0
    outer loop
      vertex -2.54712 6.57256 5
      vertex -2.47374 6.64287 0
      vertex -2.54712 6.57256 0
    endloop
  endfacet
  facet normal 0.933233 0.359273 0
    outer loop
      vertex -2.54712 6.57256 5
      vertex -2.54837 6.57581 0
      vertex -2.54837 6.57581 5
    endloop
  endfacet
  facet normal 0.933233 0.359273 0
    outer loop
      vertex -2.54837 6.57581 0
      vertex -2.54712 6.57256 5
      vertex -2.54712 6.57256 0
    endloop
  endfacet
  facet normal 0.0196517 0.999807 -0
    outer loop
      vertex -2.54837 6.57581 0
      vertex -2.77428 6.58025 5
      vertex -2.54837 6.57581 5
    endloop
  endfacet
  facet normal 0.0196517 0.999807 0
    outer loop
      vertex -2.77428 6.58025 5
      vertex -2.54837 6.57581 0
      vertex -2.77428 6.58025 0
    endloop
  endfacet
  facet normal 0.719158 0.694847 0
    outer loop
      vertex -2.77428 6.58025 5
      vertex -3.5327 7.3652 0
      vertex -3.5327 7.3652 5
    endloop
  endfacet
  facet normal 0.719158 0.694847 0
    outer loop
      vertex -3.5327 7.3652 0
      vertex -2.77428 6.58025 5
      vertex -2.77428 6.58025 0
    endloop
  endfacet
  facet normal 0.656957 0.753928 -0
    outer loop
      vertex -3.5327 7.3652 0
      vertex -3.59747 7.42165 5
      vertex -3.5327 7.3652 5
    endloop
  endfacet
  facet normal 0.656957 0.753928 0
    outer loop
      vertex -3.59747 7.42165 5
      vertex -3.5327 7.3652 0
      vertex -3.59747 7.42165 0
    endloop
  endfacet
  facet normal 0.60925 0.792978 -0
    outer loop
      vertex -3.59747 7.42165 0
      vertex -3.65207 7.46359 5
      vertex -3.59747 7.42165 5
    endloop
  endfacet
  facet normal 0.60925 0.792978 0
    outer loop
      vertex -3.65207 7.46359 5
      vertex -3.59747 7.42165 0
      vertex -3.65207 7.46359 0
    endloop
  endfacet
  facet normal 0.586394 0.810026 -0
    outer loop
      vertex -3.65207 7.46359 0
      vertex -3.72198 7.51421 5
      vertex -3.65207 7.46359 5
    endloop
  endfacet
  facet normal 0.586394 0.810026 0
    outer loop
      vertex -3.72198 7.51421 5
      vertex -3.65207 7.46359 0
      vertex -3.72198 7.51421 0
    endloop
  endfacet
  facet normal 0.548781 0.835966 -0
    outer loop
      vertex -3.72198 7.51421 0
      vertex -3.80922 7.57147 5
      vertex -3.72198 7.51421 5
    endloop
  endfacet
  facet normal 0.548781 0.835966 0
    outer loop
      vertex -3.80922 7.57147 5
      vertex -3.72198 7.51421 0
      vertex -3.80922 7.57147 0
    endloop
  endfacet
  facet normal 0.516325 0.856393 -0
    outer loop
      vertex -3.80922 7.57147 0
      vertex -3.9142 7.63477 5
      vertex -3.80922 7.57147 5
    endloop
  endfacet
  facet normal 0.516325 0.856393 0
    outer loop
      vertex -3.9142 7.63477 5
      vertex -3.80922 7.57147 0
      vertex -3.9142 7.63477 0
    endloop
  endfacet
  facet normal 0.48342 0.875388 -0
    outer loop
      vertex -3.9142 7.63477 0
      vertex -4.03777 7.703 5
      vertex -3.9142 7.63477 5
    endloop
  endfacet
  facet normal 0.48342 0.875388 0
    outer loop
      vertex -4.03777 7.703 5
      vertex -3.9142 7.63477 0
      vertex -4.03777 7.703 0
    endloop
  endfacet
  facet normal 0.442758 0.896641 -0
    outer loop
      vertex -4.03777 7.703 0
      vertex -4.18164 7.77405 5
      vertex -4.03777 7.703 5
    endloop
  endfacet
  facet normal 0.442758 0.896641 0
    outer loop
      vertex -4.18164 7.77405 5
      vertex -4.03777 7.703 0
      vertex -4.18164 7.77405 0
    endloop
  endfacet
  facet normal 0.406548 0.91363 -0
    outer loop
      vertex -4.18164 7.77405 0
      vertex -4.34596 7.84717 5
      vertex -4.18164 7.77405 5
    endloop
  endfacet
  facet normal 0.406548 0.91363 0
    outer loop
      vertex -4.34596 7.84717 5
      vertex -4.18164 7.77405 0
      vertex -4.34596 7.84717 0
    endloop
  endfacet
  facet normal 0.368504 0.929626 -0
    outer loop
      vertex -4.34596 7.84717 0
      vertex -4.53162 7.92076 5
      vertex -4.34596 7.84717 5
    endloop
  endfacet
  facet normal 0.368504 0.929626 0
    outer loop
      vertex -4.53162 7.92076 5
      vertex -4.34596 7.84717 0
      vertex -4.53162 7.92076 0
    endloop
  endfacet
  facet normal 0.32887 0.944375 -0
    outer loop
      vertex -4.53162 7.92076 0
      vertex -4.7394 7.99312 5
      vertex -4.53162 7.92076 5
    endloop
  endfacet
  facet normal 0.32887 0.944375 0
    outer loop
      vertex -4.7394 7.99312 5
      vertex -4.53162 7.92076 0
      vertex -4.7394 7.99312 0
    endloop
  endfacet
  facet normal 0.286459 0.958093 -0
    outer loop
      vertex -4.7394 7.99312 0
      vertex -4.97028 8.06215 5
      vertex -4.7394 7.99312 5
    endloop
  endfacet
  facet normal 0.286459 0.958093 0
    outer loop
      vertex -4.97028 8.06215 5
      vertex -4.7394 7.99312 0
      vertex -4.97028 8.06215 0
    endloop
  endfacet
  facet normal 0.244699 0.969599 -0
    outer loop
      vertex -4.97028 8.06215 0
      vertex -5.22446 8.1263 5
      vertex -4.97028 8.06215 5
    endloop
  endfacet
  facet normal 0.244699 0.969599 0
    outer loop
      vertex -5.22446 8.1263 5
      vertex -4.97028 8.06215 0
      vertex -5.22446 8.1263 0
    endloop
  endfacet
  facet normal 0.201997 0.979386 -0
    outer loop
      vertex -5.22446 8.1263 0
      vertex -5.50233 8.18361 5
      vertex -5.22446 8.1263 5
    endloop
  endfacet
  facet normal 0.201997 0.979386 0
    outer loop
      vertex -5.50233 8.18361 5
      vertex -5.22446 8.1263 0
      vertex -5.50233 8.18361 0
    endloop
  endfacet
  facet normal 0.158382 0.987378 -0
    outer loop
      vertex -5.50233 8.18361 0
      vertex -5.80417 8.23203 5
      vertex -5.50233 8.18361 5
    endloop
  endfacet
  facet normal 0.158382 0.987378 0
    outer loop
      vertex -5.80417 8.23203 5
      vertex -5.50233 8.18361 0
      vertex -5.80417 8.23203 0
    endloop
  endfacet
  facet normal 0.113944 0.993487 -0
    outer loop
      vertex -5.80417 8.23203 0
      vertex -5.92683 8.24609 5
      vertex -5.80417 8.23203 5
    endloop
  endfacet
  facet normal 0.113944 0.993487 0
    outer loop
      vertex -5.92683 8.24609 5
      vertex -5.80417 8.23203 0
      vertex -5.92683 8.24609 0
    endloop
  endfacet
  facet normal -0.758251 0.651963 0
    outer loop
      vertex -6.23299 7.89003 0
      vertex -5.92683 8.24609 5
      vertex -5.92683 8.24609 0
    endloop
  endfacet
  facet normal -0.758251 0.651963 0
    outer loop
      vertex -5.92683 8.24609 5
      vertex -6.23299 7.89003 0
      vertex -6.23299 7.89003 5
    endloop
  endfacet
  facet normal -0.788408 0.615153 0
    outer loop
      vertex -6.43599 7.62985 0
      vertex -6.23299 7.89003 5
      vertex -6.23299 7.89003 0
    endloop
  endfacet
  facet normal -0.788408 0.615153 0
    outer loop
      vertex -6.23299 7.89003 5
      vertex -6.43599 7.62985 0
      vertex -6.43599 7.62985 5
    endloop
  endfacet
  facet normal -0.951368 -0.308058 0
    outer loop
      vertex -6.39122 7.49159 0
      vertex -6.43599 7.62985 5
      vertex -6.43599 7.62985 0
    endloop
  endfacet
  facet normal -0.951368 -0.308058 0
    outer loop
      vertex -6.43599 7.62985 5
      vertex -6.39122 7.49159 0
      vertex -6.39122 7.49159 5
    endloop
  endfacet
  facet normal -0.937857 -0.347022 0
    outer loop
      vertex -6.28912 7.21567 0
      vertex -6.39122 7.49159 5
      vertex -6.39122 7.49159 0
    endloop
  endfacet
  facet normal -0.937857 -0.347022 0
    outer loop
      vertex -6.39122 7.49159 5
      vertex -6.28912 7.21567 0
      vertex -6.28912 7.21567 5
    endloop
  endfacet
  facet normal -0.922359 -0.386334 0
    outer loop
      vertex -6.18248 6.96106 0
      vertex -6.28912 7.21567 5
      vertex -6.28912 7.21567 0
    endloop
  endfacet
  facet normal -0.922359 -0.386334 0
    outer loop
      vertex -6.28912 7.21567 5
      vertex -6.18248 6.96106 0
      vertex -6.18248 6.96106 5
    endloop
  endfacet
  facet normal -0.906259 -0.422724 0
    outer loop
      vertex -6.07344 6.72729 0
      vertex -6.18248 6.96106 5
      vertex -6.18248 6.96106 0
    endloop
  endfacet
  facet normal -0.906259 -0.422724 0
    outer loop
      vertex -6.18248 6.96106 5
      vertex -6.07344 6.72729 0
      vertex -6.07344 6.72729 5
    endloop
  endfacet
  facet normal -0.887587 -0.460639 0
    outer loop
      vertex -5.96329 6.51505 0
      vertex -6.07344 6.72729 5
      vertex -6.07344 6.72729 0
    endloop
  endfacet
  facet normal -0.887587 -0.460639 0
    outer loop
      vertex -6.07344 6.72729 5
      vertex -5.96329 6.51505 0
      vertex -5.96329 6.51505 5
    endloop
  endfacet
  facet normal -0.866916 -0.498454 0
    outer loop
      vertex -5.8537 6.32445 0
      vertex -5.96329 6.51505 5
      vertex -5.96329 6.51505 0
    endloop
  endfacet
  facet normal -0.866916 -0.498454 0
    outer loop
      vertex -5.96329 6.51505 5
      vertex -5.8537 6.32445 0
      vertex -5.8537 6.32445 5
    endloop
  endfacet
  facet normal -0.84452 -0.535523 0
    outer loop
      vertex -5.74649 6.15538 0
      vertex -5.8537 6.32445 5
      vertex -5.8537 6.32445 0
    endloop
  endfacet
  facet normal -0.84452 -0.535523 0
    outer loop
      vertex -5.8537 6.32445 5
      vertex -5.74649 6.15538 0
      vertex -5.74649 6.15538 5
    endloop
  endfacet
  facet normal -0.820472 -0.571687 0
    outer loop
      vertex -5.64351 6.00758 0
      vertex -5.74649 6.15538 5
      vertex -5.74649 6.15538 0
    endloop
  endfacet
  facet normal -0.820472 -0.571687 0
    outer loop
      vertex -5.74649 6.15538 5
      vertex -5.64351 6.00758 0
      vertex -5.64351 6.00758 5
    endloop
  endfacet
  facet normal -0.795484 -0.605974 0
    outer loop
      vertex -5.54671 5.88051 0
      vertex -5.64351 6.00758 5
      vertex -5.64351 6.00758 0
    endloop
  endfacet
  facet normal -0.795484 -0.605974 0
    outer loop
      vertex -5.64351 6.00758 5
      vertex -5.54671 5.88051 0
      vertex -5.54671 5.88051 5
    endloop
  endfacet
  facet normal -0.76778 -0.640714 0
    outer loop
      vertex -5.45776 5.77393 0
      vertex -5.54671 5.88051 5
      vertex -5.54671 5.88051 0
    endloop
  endfacet
  facet normal -0.76778 -0.640714 0
    outer loop
      vertex -5.54671 5.88051 5
      vertex -5.45776 5.77393 0
      vertex -5.45776 5.77393 5
    endloop
  endfacet
  facet normal -0.738322 -0.674448 0
    outer loop
      vertex -5.37849 5.68715 0
      vertex -5.45776 5.77393 5
      vertex -5.45776 5.77393 0
    endloop
  endfacet
  facet normal -0.738322 -0.674448 0
    outer loop
      vertex -5.45776 5.77393 5
      vertex -5.37849 5.68715 0
      vertex -5.37849 5.68715 5
    endloop
  endfacet
  facet normal -0.707107 -0.707107 0
    outer loop
      vertex -5.3107 5.61935 0
      vertex -5.37849 5.68715 5
      vertex -5.37849 5.68715 0
    endloop
  endfacet
  facet normal -0.707107 -0.707107 0
    outer loop
      vertex -5.37849 5.68715 5
      vertex -5.3107 5.61935 0
      vertex -5.3107 5.61935 5
    endloop
  endfacet
  facet normal -0.674387 -0.738378 0
    outer loop
      vertex -5.3107 5.61935 0
      vertex -5.25612 5.5695 5
      vertex -5.3107 5.61935 5
    endloop
  endfacet
  facet normal -0.674387 -0.738378 -0
    outer loop
      vertex -5.25612 5.5695 5
      vertex -5.3107 5.61935 0
      vertex -5.25612 5.5695 0
    endloop
  endfacet
  facet normal -0.627269 -0.778803 0
    outer loop
      vertex -5.25612 5.5695 0
      vertex -5.19315 5.51878 5
      vertex -5.25612 5.5695 5
    endloop
  endfacet
  facet normal -0.627269 -0.778803 -0
    outer loop
      vertex -5.19315 5.51878 5
      vertex -5.25612 5.5695 0
      vertex -5.19315 5.51878 0
    endloop
  endfacet
  facet normal -0.506912 -0.861998 0
    outer loop
      vertex -5.19315 5.51878 0
      vertex -5.05479 5.43742 5
      vertex -5.19315 5.51878 5
    endloop
  endfacet
  facet normal -0.506912 -0.861998 -0
    outer loop
      vertex -5.05479 5.43742 5
      vertex -5.19315 5.51878 0
      vertex -5.05479 5.43742 0
    endloop
  endfacet
  facet normal -0.578914 -0.815389 0
    outer loop
      vertex -5.05479 5.43742 0
      vertex -4.90274 5.32947 5
      vertex -5.05479 5.43742 5
    endloop
  endfacet
  facet normal -0.578914 -0.815389 -0
    outer loop
      vertex -4.90274 5.32947 5
      vertex -5.05479 5.43742 0
      vertex -4.90274 5.32947 0
    endloop
  endfacet
  facet normal -0.659869 -0.751381 0
    outer loop
      vertex -4.90274 5.32947 0
      vertex -4.77908 5.22087 5
      vertex -4.90274 5.32947 5
    endloop
  endfacet
  facet normal -0.659869 -0.751381 -0
    outer loop
      vertex -4.77908 5.22087 5
      vertex -4.90274 5.32947 0
      vertex -4.77908 5.22087 0
    endloop
  endfacet
  facet normal -0.540549 -0.841313 0
    outer loop
      vertex -4.77908 5.22087 0
      vertex -4.20479 4.85188 5
      vertex -4.77908 5.22087 5
    endloop
  endfacet
  facet normal -0.540549 -0.841313 -0
    outer loop
      vertex -4.20479 4.85188 5
      vertex -4.77908 5.22087 0
      vertex -4.20479 4.85188 0
    endloop
  endfacet
  facet normal -0.977972 -0.208736 0
    outer loop
      vertex -4.15762 4.63091 0
      vertex -4.20479 4.85188 5
      vertex -4.20479 4.85188 0
    endloop
  endfacet
  facet normal -0.977972 -0.208736 0
    outer loop
      vertex -4.20479 4.85188 5
      vertex -4.15762 4.63091 0
      vertex -4.15762 4.63091 5
    endloop
  endfacet
  facet normal -0.743078 -0.669205 0
    outer loop
      vertex -4.15527 4.6283 0
      vertex -4.15762 4.63091 5
      vertex -4.15762 4.63091 0
    endloop
  endfacet
  facet normal -0.743078 -0.669205 0
    outer loop
      vertex -4.15762 4.63091 5
      vertex -4.15527 4.6283 0
      vertex -4.15527 4.6283 5
    endloop
  endfacet
  facet normal -0.842727 0.53834 0
    outer loop
      vertex -4.21837 4.52953 0
      vertex -4.15527 4.6283 5
      vertex -4.15527 4.6283 0
    endloop
  endfacet
  facet normal -0.842727 0.53834 0
    outer loop
      vertex -4.15527 4.6283 5
      vertex -4.21837 4.52953 0
      vertex -4.21837 4.52953 5
    endloop
  endfacet
  facet normal -0.866862 0.498549 0
    outer loop
      vertex -4.43034 4.16095 0
      vertex -4.21837 4.52953 5
      vertex -4.21837 4.52953 0
    endloop
  endfacet
  facet normal -0.866862 0.498549 0
    outer loop
      vertex -4.21837 4.52953 5
      vertex -4.43034 4.16095 0
      vertex -4.43034 4.16095 5
    endloop
  endfacet
  facet normal -0.889008 0.457891 0
    outer loop
      vertex -4.62163 3.78957 0
      vertex -4.43034 4.16095 5
      vertex -4.43034 4.16095 0
    endloop
  endfacet
  facet normal -0.889008 0.457891 0
    outer loop
      vertex -4.43034 4.16095 5
      vertex -4.62163 3.78957 0
      vertex -4.62163 3.78957 5
    endloop
  endfacet
  facet normal -0.909128 0.416517 0
    outer loop
      vertex -4.79285 3.41585 0
      vertex -4.62163 3.78957 5
      vertex -4.62163 3.78957 0
    endloop
  endfacet
  facet normal -0.909128 0.416517 0
    outer loop
      vertex -4.62163 3.78957 5
      vertex -4.79285 3.41585 0
      vertex -4.79285 3.41585 5
    endloop
  endfacet
  facet normal -0.927251 0.374441 0
    outer loop
      vertex -4.88516 3.18724 0
      vertex -4.79285 3.41585 5
      vertex -4.79285 3.41585 0
    endloop
  endfacet
  facet normal -0.927251 0.374441 0
    outer loop
      vertex -4.79285 3.41585 5
      vertex -4.88516 3.18724 0
      vertex -4.88516 3.18724 5
    endloop
  endfacet
  facet normal 0.547139 0.837042 -0
    outer loop
      vertex -4.88516 3.18724 0
      vertex -4.88829 3.18929 5
      vertex -4.88516 3.18724 5
    endloop
  endfacet
  facet normal 0.547139 0.837042 0
    outer loop
      vertex -4.88829 3.18929 5
      vertex -4.88516 3.18724 0
      vertex -4.88829 3.18929 0
    endloop
  endfacet
  facet normal -0.411889 0.911234 0
    outer loop
      vertex -4.88829 3.18929 0
      vertex -5.09418 3.09622 5
      vertex -4.88829 3.18929 5
    endloop
  endfacet
  facet normal -0.411889 0.911234 0
    outer loop
      vertex -5.09418 3.09622 5
      vertex -4.88829 3.18929 0
      vertex -5.09418 3.09622 0
    endloop
  endfacet
  facet normal 0.35154 0.936173 -0
    outer loop
      vertex -5.09418 3.09622 0
      vertex -5.85686 3.38261 5
      vertex -5.09418 3.09622 5
    endloop
  endfacet
  facet normal 0.35154 0.936173 0
    outer loop
      vertex -5.85686 3.38261 5
      vertex -5.09418 3.09622 0
      vertex -5.85686 3.38261 0
    endloop
  endfacet
  facet normal 0.304307 0.952574 -0
    outer loop
      vertex -5.85686 3.38261 0
      vertex -6.01778 3.43402 5
      vertex -5.85686 3.38261 5
    endloop
  endfacet
  facet normal 0.304307 0.952574 0
    outer loop
      vertex -6.01778 3.43402 5
      vertex -5.85686 3.38261 0
      vertex -6.01778 3.43402 0
    endloop
  endfacet
  facet normal 0.383604 0.923498 -0
    outer loop
      vertex -6.01778 3.43402 0
      vertex -6.1761 3.49979 5
      vertex -6.01778 3.43402 5
    endloop
  endfacet
  facet normal 0.383604 0.923498 0
    outer loop
      vertex -6.1761 3.49979 5
      vertex -6.01778 3.43402 0
      vertex -6.1761 3.49979 0
    endloop
  endfacet
  facet normal 0.299491 0.954099 -0
    outer loop
      vertex -6.1761 3.49979 0
      vertex -6.23132 3.51712 5
      vertex -6.1761 3.49979 5
    endloop
  endfacet
  facet normal 0.299491 0.954099 0
    outer loop
      vertex -6.23132 3.51712 5
      vertex -6.1761 3.49979 0
      vertex -6.23132 3.51712 0
    endloop
  endfacet
  facet normal 0.238718 0.971089 -0
    outer loop
      vertex -6.23132 3.51712 0
      vertex -6.28706 3.53082 5
      vertex -6.23132 3.51712 5
    endloop
  endfacet
  facet normal 0.238718 0.971089 0
    outer loop
      vertex -6.28706 3.53082 5
      vertex -6.23132 3.51712 0
      vertex -6.28706 3.53082 0
    endloop
  endfacet
  facet normal 0.196307 0.980543 -0
    outer loop
      vertex -6.28706 3.53082 0
      vertex -6.36252 3.54593 5
      vertex -6.28706 3.53082 5
    endloop
  endfacet
  facet normal 0.196307 0.980543 0
    outer loop
      vertex -6.36252 3.54593 5
      vertex -6.28706 3.53082 0
      vertex -6.36252 3.54593 0
    endloop
  endfacet
  facet normal 0.153335 0.988174 -0
    outer loop
      vertex -6.36252 3.54593 0
      vertex -6.4583 3.56079 5
      vertex -6.36252 3.54593 5
    endloop
  endfacet
  facet normal 0.153335 0.988174 0
    outer loop
      vertex -6.4583 3.56079 5
      vertex -6.36252 3.54593 0
      vertex -6.4583 3.56079 0
    endloop
  endfacet
  facet normal 0.109247 0.994015 -0
    outer loop
      vertex -6.4583 3.56079 0
      vertex -6.57492 3.57361 5
      vertex -6.4583 3.56079 5
    endloop
  endfacet
  facet normal 0.109247 0.994015 0
    outer loop
      vertex -6.57492 3.57361 5
      vertex -6.4583 3.56079 0
      vertex -6.57492 3.57361 0
    endloop
  endfacet
  facet normal 0.0640629 0.997946 -0
    outer loop
      vertex -6.57492 3.57361 0
      vertex -6.71278 3.58246 5
      vertex -6.57492 3.57361 5
    endloop
  endfacet
  facet normal 0.0640629 0.997946 0
    outer loop
      vertex -6.71278 3.58246 5
      vertex -6.57492 3.57361 0
      vertex -6.71278 3.58246 0
    endloop
  endfacet
  facet normal 0.0186785 0.999826 -0
    outer loop
      vertex -6.71278 3.58246 0
      vertex -6.87206 3.58543 5
      vertex -6.71278 3.58246 5
    endloop
  endfacet
  facet normal 0.0186785 0.999826 0
    outer loop
      vertex -6.87206 3.58543 5
      vertex -6.71278 3.58246 0
      vertex -6.87206 3.58543 0
    endloop
  endfacet
  facet normal -0.0274251 0.999624 0
    outer loop
      vertex -6.87206 3.58543 0
      vertex -7.05281 3.58047 5
      vertex -6.87206 3.58543 5
    endloop
  endfacet
  facet normal -0.0274251 0.999624 0
    outer loop
      vertex -7.05281 3.58047 5
      vertex -6.87206 3.58543 0
      vertex -7.05281 3.58047 0
    endloop
  endfacet
  facet normal -0.0735804 0.997289 0
    outer loop
      vertex -7.05281 3.58047 0
      vertex -7.25487 3.56557 5
      vertex -7.05281 3.58047 5
    endloop
  endfacet
  facet normal -0.0735804 0.997289 0
    outer loop
      vertex -7.25487 3.56557 5
      vertex -7.05281 3.58047 0
      vertex -7.25487 3.56557 0
    endloop
  endfacet
  facet normal -0.120037 0.992769 0
    outer loop
      vertex -7.25487 3.56557 0
      vertex -7.47786 3.5386 5
      vertex -7.25487 3.56557 5
    endloop
  endfacet
  facet normal -0.120037 0.992769 0
    outer loop
      vertex -7.47786 3.5386 5
      vertex -7.25487 3.56557 0
      vertex -7.47786 3.5386 0
    endloop
  endfacet
  facet normal -0.166314 0.986073 0
    outer loop
      vertex -7.47786 3.5386 0
      vertex -7.72122 3.49756 5
      vertex -7.47786 3.5386 5
    endloop
  endfacet
  facet normal -0.166314 0.986073 0
    outer loop
      vertex -7.72122 3.49756 5
      vertex -7.47786 3.5386 0
      vertex -7.72122 3.49756 0
    endloop
  endfacet
  facet normal -0.21263 0.977133 0
    outer loop
      vertex -7.72122 3.49756 0
      vertex -7.98418 3.44034 5
      vertex -7.72122 3.49756 5
    endloop
  endfacet
  facet normal -0.21263 0.977133 0
    outer loop
      vertex -7.98418 3.44034 5
      vertex -7.72122 3.49756 0
      vertex -7.98418 3.44034 0
    endloop
  endfacet
  facet normal -0.258494 0.966013 0
    outer loop
      vertex -7.98418 3.44034 0
      vertex -8.2657 3.36501 5
      vertex -7.98418 3.44034 5
    endloop
  endfacet
  facet normal -0.258494 0.966013 0
    outer loop
      vertex -8.2657 3.36501 5
      vertex -7.98418 3.44034 0
      vertex -8.2657 3.36501 0
    endloop
  endfacet
  facet normal -0.303842 0.952722 0
    outer loop
      vertex -8.2657 3.36501 0
      vertex -8.56459 3.26968 5
      vertex -8.2657 3.36501 5
    endloop
  endfacet
  facet normal -0.303842 0.952722 0
    outer loop
      vertex -8.56459 3.26968 5
      vertex -8.2657 3.36501 0
      vertex -8.56459 3.26968 0
    endloop
  endfacet
  facet normal -0.348543 0.937293 0
    outer loop
      vertex -8.56459 3.26968 0
      vertex -8.65819 3.23488 5
      vertex -8.56459 3.26968 5
    endloop
  endfacet
  facet normal -0.348543 0.937293 0
    outer loop
      vertex -8.65819 3.23488 5
      vertex -8.56459 3.26968 0
      vertex -8.65819 3.23488 0
    endloop
  endfacet
  facet normal -0.969533 0.24496 0
    outer loop
      vertex -8.79163 2.70674 0
      vertex -8.65819 3.23488 5
      vertex -8.65819 3.23488 0
    endloop
  endfacet
  facet normal -0.969533 0.24496 0
    outer loop
      vertex -8.65819 3.23488 5
      vertex -8.79163 2.70674 0
      vertex -8.79163 2.70674 5
    endloop
  endfacet
  facet normal -0.979601 0.200951 0
    outer loop
      vertex -8.83759 2.4827 0
      vertex -8.79163 2.70674 5
      vertex -8.79163 2.70674 0
    endloop
  endfacet
  facet normal -0.979601 0.200951 0
    outer loop
      vertex -8.79163 2.70674 5
      vertex -8.83759 2.4827 0
      vertex -8.83759 2.4827 5
    endloop
  endfacet
  facet normal -0.734998 -0.678069 0
    outer loop
      vertex -8.76416 2.40311 0
      vertex -8.83759 2.4827 5
      vertex -8.83759 2.4827 0
    endloop
  endfacet
  facet normal -0.734998 -0.678069 0
    outer loop
      vertex -8.83759 2.4827 5
      vertex -8.76416 2.40311 0
      vertex -8.76416 2.40311 5
    endloop
  endfacet
  facet normal -0.703603 -0.710593 0
    outer loop
      vertex -8.76416 2.40311 0
      vertex -8.54546 2.18655 5
      vertex -8.76416 2.40311 5
    endloop
  endfacet
  facet normal -0.703603 -0.710593 -0
    outer loop
      vertex -8.54546 2.18655 5
      vertex -8.76416 2.40311 0
      vertex -8.54546 2.18655 0
    endloop
  endfacet
  facet normal -0.670491 -0.741918 0
    outer loop
      vertex -8.54546 2.18655 0
      vertex -8.33212 1.99376 5
      vertex -8.54546 2.18655 5
    endloop
  endfacet
  facet normal -0.670491 -0.741918 -0
    outer loop
      vertex -8.33212 1.99376 5
      vertex -8.54546 2.18655 0
      vertex -8.33212 1.99376 0
    endloop
  endfacet
  facet normal -0.635691 -0.771943 0
    outer loop
      vertex -8.33212 1.99376 0
      vertex -8.12611 1.82411 5
      vertex -8.33212 1.99376 5
    endloop
  endfacet
  facet normal -0.635691 -0.771943 -0
    outer loop
      vertex -8.12611 1.82411 5
      vertex -8.33212 1.99376 0
      vertex -8.12611 1.82411 0
    endloop
  endfacet
  facet normal -0.599344 -0.800491 0
    outer loop
      vertex -8.12611 1.82411 0
      vertex -7.92931 1.67676 5
      vertex -8.12611 1.82411 5
    endloop
  endfacet
  facet normal -0.599344 -0.800491 -0
    outer loop
      vertex -7.92931 1.67676 5
      vertex -8.12611 1.82411 0
      vertex -7.92931 1.67676 0
    endloop
  endfacet
  facet normal -0.561644 -0.827379 0
    outer loop
      vertex -7.92931 1.67676 0
      vertex -7.74355 1.55066 5
      vertex -7.92931 1.67676 5
    endloop
  endfacet
  facet normal -0.561644 -0.827379 -0
    outer loop
      vertex -7.74355 1.55066 5
      vertex -7.92931 1.67676 0
      vertex -7.74355 1.55066 0
    endloop
  endfacet
  facet normal -0.522426 -0.852684 0
    outer loop
      vertex -7.74355 1.55066 0
      vertex -7.57056 1.44467 5
      vertex -7.74355 1.55066 5
    endloop
  endfacet
  facet normal -0.522426 -0.852684 -0
    outer loop
      vertex -7.57056 1.44467 5
      vertex -7.74355 1.55066 0
      vertex -7.57056 1.44467 0
    endloop
  endfacet
  facet normal -0.481673 -0.876351 0
    outer loop
      vertex -7.57056 1.44467 0
      vertex -7.41193 1.35748 5
      vertex -7.57056 1.44467 5
    endloop
  endfacet
  facet normal -0.481673 -0.876351 -0
    outer loop
      vertex -7.41193 1.35748 5
      vertex -7.57056 1.44467 0
      vertex -7.41193 1.35748 0
    endloop
  endfacet
  facet normal -0.439981 -0.898007 0
    outer loop
      vertex -7.41193 1.35748 0
      vertex -7.26917 1.28754 5
      vertex -7.41193 1.35748 5
    endloop
  endfacet
  facet normal -0.439981 -0.898007 -0
    outer loop
      vertex -7.26917 1.28754 5
      vertex -7.41193 1.35748 0
      vertex -7.26917 1.28754 0
    endloop
  endfacet
  facet normal -0.396985 -0.917825 0
    outer loop
      vertex -7.26917 1.28754 0
      vertex -7.14354 1.2332 5
      vertex -7.26917 1.28754 5
    endloop
  endfacet
  facet normal -0.396985 -0.917825 -0
    outer loop
      vertex -7.14354 1.2332 5
      vertex -7.26917 1.28754 0
      vertex -7.14354 1.2332 0
    endloop
  endfacet
  facet normal -0.353251 -0.935529 0
    outer loop
      vertex -7.14354 1.2332 0
      vertex -7.03621 1.19267 5
      vertex -7.14354 1.2332 5
    endloop
  endfacet
  facet normal -0.353251 -0.935529 -0
    outer loop
      vertex -7.03621 1.19267 5
      vertex -7.14354 1.2332 0
      vertex -7.03621 1.19267 0
    endloop
  endfacet
  facet normal -0.308706 -0.951157 0
    outer loop
      vertex -7.03621 1.19267 0
      vertex -6.9481 1.16408 5
      vertex -7.03621 1.19267 5
    endloop
  endfacet
  facet normal -0.308706 -0.951157 -0
    outer loop
      vertex -6.9481 1.16408 5
      vertex -7.03621 1.19267 0
      vertex -6.9481 1.16408 0
    endloop
  endfacet
  facet normal -0.263811 -0.964574 0
    outer loop
      vertex -6.9481 1.16408 0
      vertex -6.87993 1.14543 5
      vertex -6.9481 1.16408 5
    endloop
  endfacet
  facet normal -0.263811 -0.964574 -0
    outer loop
      vertex -6.87993 1.14543 5
      vertex -6.9481 1.16408 0
      vertex -6.87993 1.14543 0
    endloop
  endfacet
  facet normal -0.202811 -0.979218 0
    outer loop
      vertex -6.87993 1.14543 0
      vertex -6.8053 1.12997 5
      vertex -6.87993 1.14543 5
    endloop
  endfacet
  facet normal -0.202811 -0.979218 -0
    outer loop
      vertex -6.8053 1.12997 5
      vertex -6.87993 1.14543 0
      vertex -6.8053 1.12997 0
    endloop
  endfacet
  facet normal -0.0561559 -0.998422 0
    outer loop
      vertex -6.8053 1.12997 0
      vertex -6.64415 1.12091 5
      vertex -6.8053 1.12997 5
    endloop
  endfacet
  facet normal -0.0561559 -0.998422 -0
    outer loop
      vertex -6.64415 1.12091 5
      vertex -6.8053 1.12997 0
      vertex -6.64415 1.12091 0
    endloop
  endfacet
  facet normal -0.141214 -0.989979 0
    outer loop
      vertex -6.64415 1.12091 0
      vertex -6.46091 1.09477 5
      vertex -6.64415 1.12091 5
    endloop
  endfacet
  facet normal -0.141214 -0.989979 -0
    outer loop
      vertex -6.46091 1.09477 5
      vertex -6.64415 1.12091 0
      vertex -6.46091 1.09477 0
    endloop
  endfacet
  facet normal -0.242231 -0.970219 0
    outer loop
      vertex -6.46091 1.09477 0
      vertex -6.30078 1.05479 5
      vertex -6.46091 1.09477 5
    endloop
  endfacet
  facet normal -0.242231 -0.970219 -0
    outer loop
      vertex -6.30078 1.05479 5
      vertex -6.46091 1.09477 0
      vertex -6.30078 1.05479 0
    endloop
  endfacet
  facet normal -0.111739 -0.993738 0
    outer loop
      vertex -6.30078 1.05479 0
      vertex -5.60735 0.976822 5
      vertex -6.30078 1.05479 5
    endloop
  endfacet
  facet normal -0.111739 -0.993738 -0
    outer loop
      vertex -5.60735 0.976822 5
      vertex -6.30078 1.05479 0
      vertex -5.60735 0.976822 0
    endloop
  endfacet
  facet normal -0.782225 -0.622996 0
    outer loop
      vertex -5.55092 0.905971 0
      vertex -5.60735 0.976822 5
      vertex -5.60735 0.976822 0
    endloop
  endfacet
  facet normal -0.782225 -0.622996 0
    outer loop
      vertex -5.60735 0.976822 5
      vertex -5.55092 0.905971 0
      vertex -5.55092 0.905971 5
    endloop
  endfacet
  facet normal -0.782225 0.622996 0
    outer loop
      vertex -5.60735 -0.976822 0
      vertex -5.55092 -0.905971 5
      vertex -5.55092 -0.905971 0
    endloop
  endfacet
  facet normal -0.782225 0.622996 0
    outer loop
      vertex -5.55092 -0.905971 5
      vertex -5.60735 -0.976822 0
      vertex -5.60735 -0.976822 5
    endloop
  endfacet
  facet normal -0.111739 0.993738 0
    outer loop
      vertex -5.60735 -0.976822 0
      vertex -6.30078 -1.05479 5
      vertex -5.60735 -0.976822 5
    endloop
  endfacet
  facet normal -0.111739 0.993738 0
    outer loop
      vertex -6.30078 -1.05479 5
      vertex -5.60735 -0.976822 0
      vertex -6.30078 -1.05479 0
    endloop
  endfacet
  facet normal -0.242231 0.970219 0
    outer loop
      vertex -6.30078 -1.05479 0
      vertex -6.46091 -1.09477 5
      vertex -6.30078 -1.05479 5
    endloop
  endfacet
  facet normal -0.242231 0.970219 0
    outer loop
      vertex -6.46091 -1.09477 5
      vertex -6.30078 -1.05479 0
      vertex -6.46091 -1.09477 0
    endloop
  endfacet
  facet normal -0.141214 0.989979 0
    outer loop
      vertex -6.46091 -1.09477 0
      vertex -6.64415 -1.12091 5
      vertex -6.46091 -1.09477 5
    endloop
  endfacet
  facet normal -0.141214 0.989979 0
    outer loop
      vertex -6.64415 -1.12091 5
      vertex -6.46091 -1.09477 0
      vertex -6.64415 -1.12091 0
    endloop
  endfacet
  facet normal -0.0561559 0.998422 0
    outer loop
      vertex -6.64415 -1.12091 0
      vertex -6.8053 -1.12997 5
      vertex -6.64415 -1.12091 5
    endloop
  endfacet
  facet normal -0.0561559 0.998422 0
    outer loop
      vertex -6.8053 -1.12997 5
      vertex -6.64415 -1.12091 0
      vertex -6.8053 -1.12997 0
    endloop
  endfacet
  facet normal -0.202811 0.979218 0
    outer loop
      vertex -6.8053 -1.12997 0
      vertex -6.87993 -1.14543 5
      vertex -6.8053 -1.12997 5
    endloop
  endfacet
  facet normal -0.202811 0.979218 0
    outer loop
      vertex -6.87993 -1.14543 5
      vertex -6.8053 -1.12997 0
      vertex -6.87993 -1.14543 0
    endloop
  endfacet
  facet normal -0.263811 0.964574 0
    outer loop
      vertex -6.87993 -1.14543 0
      vertex -6.9481 -1.16408 5
      vertex -6.87993 -1.14543 5
    endloop
  endfacet
  facet normal -0.263811 0.964574 0
    outer loop
      vertex -6.9481 -1.16408 5
      vertex -6.87993 -1.14543 0
      vertex -6.9481 -1.16408 0
    endloop
  endfacet
  facet normal -0.308706 0.951157 0
    outer loop
      vertex -6.9481 -1.16408 0
      vertex -7.03621 -1.19267 5
      vertex -6.9481 -1.16408 5
    endloop
  endfacet
  facet normal -0.308706 0.951157 0
    outer loop
      vertex -7.03621 -1.19267 5
      vertex -6.9481 -1.16408 0
      vertex -7.03621 -1.19267 0
    endloop
  endfacet
  facet normal -0.353251 0.935529 0
    outer loop
      vertex -7.03621 -1.19267 0
      vertex -7.14354 -1.2332 5
      vertex -7.03621 -1.19267 5
    endloop
  endfacet
  facet normal -0.353251 0.935529 0
    outer loop
      vertex -7.14354 -1.2332 5
      vertex -7.03621 -1.19267 0
      vertex -7.14354 -1.2332 0
    endloop
  endfacet
  facet normal -0.396985 0.917825 0
    outer loop
      vertex -7.14354 -1.2332 0
      vertex -7.26917 -1.28754 5
      vertex -7.14354 -1.2332 5
    endloop
  endfacet
  facet normal -0.396985 0.917825 0
    outer loop
      vertex -7.26917 -1.28754 5
      vertex -7.14354 -1.2332 0
      vertex -7.26917 -1.28754 0
    endloop
  endfacet
  facet normal -0.439981 0.898007 0
    outer loop
      vertex -7.26917 -1.28754 0
      vertex -7.41193 -1.35748 5
      vertex -7.26917 -1.28754 5
    endloop
  endfacet
  facet normal -0.439981 0.898007 0
    outer loop
      vertex -7.41193 -1.35748 5
      vertex -7.26917 -1.28754 0
      vertex -7.41193 -1.35748 0
    endloop
  endfacet
  facet normal -0.481673 0.876351 0
    outer loop
      vertex -7.41193 -1.35748 0
      vertex -7.57056 -1.44467 5
      vertex -7.41193 -1.35748 5
    endloop
  endfacet
  facet normal -0.481673 0.876351 0
    outer loop
      vertex -7.57056 -1.44467 5
      vertex -7.41193 -1.35748 0
      vertex -7.57056 -1.44467 0
    endloop
  endfacet
  facet normal -0.522426 0.852684 0
    outer loop
      vertex -7.57056 -1.44467 0
      vertex -7.74355 -1.55066 5
      vertex -7.57056 -1.44467 5
    endloop
  endfacet
  facet normal -0.522426 0.852684 0
    outer loop
      vertex -7.74355 -1.55066 5
      vertex -7.57056 -1.44467 0
      vertex -7.74355 -1.55066 0
    endloop
  endfacet
  facet normal -0.561644 0.827379 0
    outer loop
      vertex -7.74355 -1.55066 0
      vertex -7.92931 -1.67676 5
      vertex -7.74355 -1.55066 5
    endloop
  endfacet
  facet normal -0.561644 0.827379 0
    outer loop
      vertex -7.92931 -1.67676 5
      vertex -7.74355 -1.55066 0
      vertex -7.92931 -1.67676 0
    endloop
  endfacet
  facet normal -0.599344 0.800491 0
    outer loop
      vertex -7.92931 -1.67676 0
      vertex -8.12611 -1.82411 5
      vertex -7.92931 -1.67676 5
    endloop
  endfacet
  facet normal -0.599344 0.800491 0
    outer loop
      vertex -8.12611 -1.82411 5
      vertex -7.92931 -1.67676 0
      vertex -8.12611 -1.82411 0
    endloop
  endfacet
  facet normal -0.635691 0.771943 0
    outer loop
      vertex -8.12611 -1.82411 0
      vertex -8.33212 -1.99376 5
      vertex -8.12611 -1.82411 5
    endloop
  endfacet
  facet normal -0.635691 0.771943 0
    outer loop
      vertex -8.33212 -1.99376 5
      vertex -8.12611 -1.82411 0
      vertex -8.33212 -1.99376 0
    endloop
  endfacet
  facet normal -0.670491 0.741918 0
    outer loop
      vertex -8.33212 -1.99376 0
      vertex -8.54546 -2.18655 5
      vertex -8.33212 -1.99376 5
    endloop
  endfacet
  facet normal -0.670491 0.741918 0
    outer loop
      vertex -8.54546 -2.18655 5
      vertex -8.33212 -1.99376 0
      vertex -8.54546 -2.18655 0
    endloop
  endfacet
  facet normal -0.703603 0.710593 0
    outer loop
      vertex -8.54546 -2.18655 0
      vertex -8.76416 -2.40311 5
      vertex -8.54546 -2.18655 5
    endloop
  endfacet
  facet normal -0.703603 0.710593 0
    outer loop
      vertex -8.76416 -2.40311 5
      vertex -8.54546 -2.18655 0
      vertex -8.76416 -2.40311 0
    endloop
  endfacet
  facet normal -0.734998 0.678069 0
    outer loop
      vertex -8.83759 -2.4827 0
      vertex -8.76416 -2.40311 5
      vertex -8.76416 -2.40311 0
    endloop
  endfacet
  facet normal -0.734998 0.678069 0
    outer loop
      vertex -8.76416 -2.40311 5
      vertex -8.83759 -2.4827 0
      vertex -8.83759 -2.4827 5
    endloop
  endfacet
  facet normal -0.979601 -0.200951 0
    outer loop
      vertex -8.79163 -2.70674 0
      vertex -8.83759 -2.4827 5
      vertex -8.83759 -2.4827 0
    endloop
  endfacet
  facet normal -0.979601 -0.200951 0
    outer loop
      vertex -8.83759 -2.4827 5
      vertex -8.79163 -2.70674 0
      vertex -8.79163 -2.70674 5
    endloop
  endfacet
  facet normal -0.969533 -0.24496 0
    outer loop
      vertex -8.65819 -3.23488 0
      vertex -8.79163 -2.70674 5
      vertex -8.79163 -2.70674 0
    endloop
  endfacet
  facet normal -0.969533 -0.24496 0
    outer loop
      vertex -8.79163 -2.70674 5
      vertex -8.65819 -3.23488 0
      vertex -8.65819 -3.23488 5
    endloop
  endfacet
  facet normal -0.348543 -0.937293 0
    outer loop
      vertex -8.65819 -3.23488 0
      vertex -8.56459 -3.26968 5
      vertex -8.65819 -3.23488 5
    endloop
  endfacet
  facet normal -0.348543 -0.937293 -0
    outer loop
      vertex -8.56459 -3.26968 5
      vertex -8.65819 -3.23488 0
      vertex -8.56459 -3.26968 0
    endloop
  endfacet
  facet normal -0.303842 -0.952722 0
    outer loop
      vertex -8.56459 -3.26968 0
      vertex -8.2657 -3.36501 5
      vertex -8.56459 -3.26968 5
    endloop
  endfacet
  facet normal -0.303842 -0.952722 -0
    outer loop
      vertex -8.2657 -3.36501 5
      vertex -8.56459 -3.26968 0
      vertex -8.2657 -3.36501 0
    endloop
  endfacet
  facet normal -0.258494 -0.966013 0
    outer loop
      vertex -8.2657 -3.36501 0
      vertex -7.98418 -3.44034 5
      vertex -8.2657 -3.36501 5
    endloop
  endfacet
  facet normal -0.258494 -0.966013 -0
    outer loop
      vertex -7.98418 -3.44034 5
      vertex -8.2657 -3.36501 0
      vertex -7.98418 -3.44034 0
    endloop
  endfacet
  facet normal -0.21263 -0.977133 0
    outer loop
      vertex -7.98418 -3.44034 0
      vertex -7.72122 -3.49756 5
      vertex -7.98418 -3.44034 5
    endloop
  endfacet
  facet normal -0.21263 -0.977133 -0
    outer loop
      vertex -7.72122 -3.49756 5
      vertex -7.98418 -3.44034 0
      vertex -7.72122 -3.49756 0
    endloop
  endfacet
  facet normal -0.166314 -0.986073 0
    outer loop
      vertex -7.72122 -3.49756 0
      vertex -7.47786 -3.5386 5
      vertex -7.72122 -3.49756 5
    endloop
  endfacet
  facet normal -0.166314 -0.986073 -0
    outer loop
      vertex -7.47786 -3.5386 5
      vertex -7.72122 -3.49756 0
      vertex -7.47786 -3.5386 0
    endloop
  endfacet
  facet normal -0.120037 -0.992769 0
    outer loop
      vertex -7.47786 -3.5386 0
      vertex -7.25487 -3.56557 5
      vertex -7.47786 -3.5386 5
    endloop
  endfacet
  facet normal -0.120037 -0.992769 -0
    outer loop
      vertex -7.25487 -3.56557 5
      vertex -7.47786 -3.5386 0
      vertex -7.25487 -3.56557 0
    endloop
  endfacet
  facet normal -0.0735804 -0.997289 0
    outer loop
      vertex -7.25487 -3.56557 0
      vertex -7.05281 -3.58047 5
      vertex -7.25487 -3.56557 5
    endloop
  endfacet
  facet normal -0.0735804 -0.997289 -0
    outer loop
      vertex -7.05281 -3.58047 5
      vertex -7.25487 -3.56557 0
      vertex -7.05281 -3.58047 0
    endloop
  endfacet
  facet normal -0.0274251 -0.999624 0
    outer loop
      vertex -7.05281 -3.58047 0
      vertex -6.87206 -3.58543 5
      vertex -7.05281 -3.58047 5
    endloop
  endfacet
  facet normal -0.0274251 -0.999624 -0
    outer loop
      vertex -6.87206 -3.58543 5
      vertex -7.05281 -3.58047 0
      vertex -6.87206 -3.58543 0
    endloop
  endfacet
  facet normal 0.0186785 -0.999826 0
    outer loop
      vertex -6.87206 -3.58543 0
      vertex -6.71278 -3.58246 5
      vertex -6.87206 -3.58543 5
    endloop
  endfacet
  facet normal 0.0186785 -0.999826 0
    outer loop
      vertex -6.71278 -3.58246 5
      vertex -6.87206 -3.58543 0
      vertex -6.71278 -3.58246 0
    endloop
  endfacet
  facet normal 0.0640629 -0.997946 0
    outer loop
      vertex -6.71278 -3.58246 0
      vertex -6.57492 -3.57361 5
      vertex -6.71278 -3.58246 5
    endloop
  endfacet
  facet normal 0.0640629 -0.997946 0
    outer loop
      vertex -6.57492 -3.57361 5
      vertex -6.71278 -3.58246 0
      vertex -6.57492 -3.57361 0
    endloop
  endfacet
  facet normal 0.109247 -0.994015 0
    outer loop
      vertex -6.57492 -3.57361 0
      vertex -6.4583 -3.56079 5
      vertex -6.57492 -3.57361 5
    endloop
  endfacet
  facet normal 0.109247 -0.994015 0
    outer loop
      vertex -6.4583 -3.56079 5
      vertex -6.57492 -3.57361 0
      vertex -6.4583 -3.56079 0
    endloop
  endfacet
  facet normal 0.153335 -0.988174 0
    outer loop
      vertex -6.4583 -3.56079 0
      vertex -6.36252 -3.54593 5
      vertex -6.4583 -3.56079 5
    endloop
  endfacet
  facet normal 0.153335 -0.988174 0
    outer loop
      vertex -6.36252 -3.54593 5
      vertex -6.4583 -3.56079 0
      vertex -6.36252 -3.54593 0
    endloop
  endfacet
  facet normal 0.196307 -0.980543 0
    outer loop
      vertex -6.36252 -3.54593 0
      vertex -6.28706 -3.53082 5
      vertex -6.36252 -3.54593 5
    endloop
  endfacet
  facet normal 0.196307 -0.980543 0
    outer loop
      vertex -6.28706 -3.53082 5
      vertex -6.36252 -3.54593 0
      vertex -6.28706 -3.53082 0
    endloop
  endfacet
  facet normal 0.238718 -0.971089 0
    outer loop
      vertex -6.28706 -3.53082 0
      vertex -6.23132 -3.51712 5
      vertex -6.28706 -3.53082 5
    endloop
  endfacet
  facet normal 0.238718 -0.971089 0
    outer loop
      vertex -6.23132 -3.51712 5
      vertex -6.28706 -3.53082 0
      vertex -6.23132 -3.51712 0
    endloop
  endfacet
  facet normal 0.299491 -0.954099 0
    outer loop
      vertex -6.23132 -3.51712 0
      vertex -6.1761 -3.49979 5
      vertex -6.23132 -3.51712 5
    endloop
  endfacet
  facet normal 0.299491 -0.954099 0
    outer loop
      vertex -6.1761 -3.49979 5
      vertex -6.23132 -3.51712 0
      vertex -6.1761 -3.49979 0
    endloop
  endfacet
  facet normal 0.383604 -0.923498 0
    outer loop
      vertex -6.1761 -3.49979 0
      vertex -6.01778 -3.43402 5
      vertex -6.1761 -3.49979 5
    endloop
  endfacet
  facet normal 0.383604 -0.923498 0
    outer loop
      vertex -6.01778 -3.43402 5
      vertex -6.1761 -3.49979 0
      vertex -6.01778 -3.43402 0
    endloop
  endfacet
  facet normal 0.304307 -0.952574 0
    outer loop
      vertex -6.01778 -3.43402 0
      vertex -5.85686 -3.38261 5
      vertex -6.01778 -3.43402 5
    endloop
  endfacet
  facet normal 0.304307 -0.952574 0
    outer loop
      vertex -5.85686 -3.38261 5
      vertex -6.01778 -3.43402 0
      vertex -5.85686 -3.38261 0
    endloop
  endfacet
  facet normal 0.35154 -0.936173 0
    outer loop
      vertex -5.85686 -3.38261 0
      vertex -5.09418 -3.09622 5
      vertex -5.85686 -3.38261 5
    endloop
  endfacet
  facet normal 0.35154 -0.936173 0
    outer loop
      vertex -5.09418 -3.09622 5
      vertex -5.85686 -3.38261 0
      vertex -5.09418 -3.09622 0
    endloop
  endfacet
  facet normal -0.411889 -0.911234 0
    outer loop
      vertex -5.09418 -3.09622 0
      vertex -4.88829 -3.18929 5
      vertex -5.09418 -3.09622 5
    endloop
  endfacet
  facet normal -0.411889 -0.911234 -0
    outer loop
      vertex -4.88829 -3.18929 5
      vertex -5.09418 -3.09622 0
      vertex -4.88829 -3.18929 0
    endloop
  endfacet
  facet normal 0.547139 -0.837042 0
    outer loop
      vertex -4.88829 -3.18929 0
      vertex -4.88516 -3.18724 5
      vertex -4.88829 -3.18929 5
    endloop
  endfacet
  facet normal 0.547139 -0.837042 0
    outer loop
      vertex -4.88516 -3.18724 5
      vertex -4.88829 -3.18929 0
      vertex -4.88516 -3.18724 0
    endloop
  endfacet
  facet normal -0.927251 -0.374441 0
    outer loop
      vertex -4.79285 -3.41585 0
      vertex -4.88516 -3.18724 5
      vertex -4.88516 -3.18724 0
    endloop
  endfacet
  facet normal -0.927251 -0.374441 0
    outer loop
      vertex -4.88516 -3.18724 5
      vertex -4.79285 -3.41585 0
      vertex -4.79285 -3.41585 5
    endloop
  endfacet
  facet normal -0.909128 -0.416517 0
    outer loop
      vertex -4.62163 -3.78957 0
      vertex -4.79285 -3.41585 5
      vertex -4.79285 -3.41585 0
    endloop
  endfacet
  facet normal -0.909128 -0.416517 0
    outer loop
      vertex -4.79285 -3.41585 5
      vertex -4.62163 -3.78957 0
      vertex -4.62163 -3.78957 5
    endloop
  endfacet
  facet normal -0.889008 -0.457891 0
    outer loop
      vertex -4.43034 -4.16095 0
      vertex -4.62163 -3.78957 5
      vertex -4.62163 -3.78957 0
    endloop
  endfacet
  facet normal -0.889008 -0.457891 0
    outer loop
      vertex -4.62163 -3.78957 5
      vertex -4.43034 -4.16095 0
      vertex -4.43034 -4.16095 5
    endloop
  endfacet
  facet normal -0.866862 -0.498549 0
    outer loop
      vertex -4.21837 -4.52953 0
      vertex -4.43034 -4.16095 5
      vertex -4.43034 -4.16095 0
    endloop
  endfacet
  facet normal -0.866862 -0.498549 0
    outer loop
      vertex -4.43034 -4.16095 5
      vertex -4.21837 -4.52953 0
      vertex -4.21837 -4.52953 5
    endloop
  endfacet
  facet normal -0.842727 -0.53834 0
    outer loop
      vertex -4.15527 -4.6283 0
      vertex -4.21837 -4.52953 5
      vertex -4.21837 -4.52953 0
    endloop
  endfacet
  facet normal -0.842727 -0.53834 0
    outer loop
      vertex -4.21837 -4.52953 5
      vertex -4.15527 -4.6283 0
      vertex -4.15527 -4.6283 5
    endloop
  endfacet
  facet normal -0.743078 0.669205 0
    outer loop
      vertex -4.15762 -4.63091 0
      vertex -4.15527 -4.6283 5
      vertex -4.15527 -4.6283 0
    endloop
  endfacet
  facet normal -0.743078 0.669205 0
    outer loop
      vertex -4.15527 -4.6283 5
      vertex -4.15762 -4.63091 0
      vertex -4.15762 -4.63091 5
    endloop
  endfacet
  facet normal -0.977972 0.208736 0
    outer loop
      vertex -4.20479 -4.85188 0
      vertex -4.15762 -4.63091 5
      vertex -4.15762 -4.63091 0
    endloop
  endfacet
  facet normal -0.977972 0.208736 0
    outer loop
      vertex -4.15762 -4.63091 5
      vertex -4.20479 -4.85188 0
      vertex -4.20479 -4.85188 5
    endloop
  endfacet
  facet normal -0.540549 0.841313 0
    outer loop
      vertex -4.20479 -4.85188 0
      vertex -4.77908 -5.22087 5
      vertex -4.20479 -4.85188 5
    endloop
  endfacet
  facet normal -0.540549 0.841313 0
    outer loop
      vertex -4.77908 -5.22087 5
      vertex -4.20479 -4.85188 0
      vertex -4.77908 -5.22087 0
    endloop
  endfacet
  facet normal -0.659869 0.751381 0
    outer loop
      vertex -4.77908 -5.22087 0
      vertex -4.90274 -5.32947 5
      vertex -4.77908 -5.22087 5
    endloop
  endfacet
  facet normal -0.659869 0.751381 0
    outer loop
      vertex -4.90274 -5.32947 5
      vertex -4.77908 -5.22087 0
      vertex -4.90274 -5.32947 0
    endloop
  endfacet
  facet normal -0.578914 0.815389 0
    outer loop
      vertex -4.90274 -5.32947 0
      vertex -5.05479 -5.43742 5
      vertex -4.90274 -5.32947 5
    endloop
  endfacet
  facet normal -0.578914 0.815389 0
    outer loop
      vertex -5.05479 -5.43742 5
      vertex -4.90274 -5.32947 0
      vertex -5.05479 -5.43742 0
    endloop
  endfacet
  facet normal -0.506912 0.861998 0
    outer loop
      vertex -5.05479 -5.43742 0
      vertex -5.19315 -5.51878 5
      vertex -5.05479 -5.43742 5
    endloop
  endfacet
  facet normal -0.506912 0.861998 0
    outer loop
      vertex -5.19315 -5.51878 5
      vertex -5.05479 -5.43742 0
      vertex -5.19315 -5.51878 0
    endloop
  endfacet
  facet normal -0.627269 0.778803 0
    outer loop
      vertex -5.19315 -5.51878 0
      vertex -5.25612 -5.5695 5
      vertex -5.19315 -5.51878 5
    endloop
  endfacet
  facet normal -0.627269 0.778803 0
    outer loop
      vertex -5.25612 -5.5695 5
      vertex -5.19315 -5.51878 0
      vertex -5.25612 -5.5695 0
    endloop
  endfacet
  facet normal -0.674387 0.738378 0
    outer loop
      vertex -5.25612 -5.5695 0
      vertex -5.3107 -5.61935 5
      vertex -5.25612 -5.5695 5
    endloop
  endfacet
  facet normal -0.674387 0.738378 0
    outer loop
      vertex -5.3107 -5.61935 5
      vertex -5.25612 -5.5695 0
      vertex -5.3107 -5.61935 0
    endloop
  endfacet
  facet normal -0.707107 0.707107 0
    outer loop
      vertex -5.37849 -5.68715 0
      vertex -5.3107 -5.61935 5
      vertex -5.3107 -5.61935 0
    endloop
  endfacet
  facet normal -0.707107 0.707107 0
    outer loop
      vertex -5.3107 -5.61935 5
      vertex -5.37849 -5.68715 0
      vertex -5.37849 -5.68715 5
    endloop
  endfacet
  facet normal -0.738322 0.674448 0
    outer loop
      vertex -5.45776 -5.77393 0
      vertex -5.37849 -5.68715 5
      vertex -5.37849 -5.68715 0
    endloop
  endfacet
  facet normal -0.738322 0.674448 0
    outer loop
      vertex -5.37849 -5.68715 5
      vertex -5.45776 -5.77393 0
      vertex -5.45776 -5.77393 5
    endloop
  endfacet
  facet normal -0.76778 0.640714 0
    outer loop
      vertex -5.54671 -5.88051 0
      vertex -5.45776 -5.77393 5
      vertex -5.45776 -5.77393 0
    endloop
  endfacet
  facet normal -0.76778 0.640714 0
    outer loop
      vertex -5.45776 -5.77393 5
      vertex -5.54671 -5.88051 0
      vertex -5.54671 -5.88051 5
    endloop
  endfacet
  facet normal -0.795484 0.605974 0
    outer loop
      vertex -5.64351 -6.00758 0
      vertex -5.54671 -5.88051 5
      vertex -5.54671 -5.88051 0
    endloop
  endfacet
  facet normal -0.795484 0.605974 0
    outer loop
      vertex -5.54671 -5.88051 5
      vertex -5.64351 -6.00758 0
      vertex -5.64351 -6.00758 5
    endloop
  endfacet
  facet normal -0.820472 0.571687 0
    outer loop
      vertex -5.74649 -6.15538 0
      vertex -5.64351 -6.00758 5
      vertex -5.64351 -6.00758 0
    endloop
  endfacet
  facet normal -0.820472 0.571687 0
    outer loop
      vertex -5.64351 -6.00758 5
      vertex -5.74649 -6.15538 0
      vertex -5.74649 -6.15538 5
    endloop
  endfacet
  facet normal -0.84452 0.535523 0
    outer loop
      vertex -5.8537 -6.32445 0
      vertex -5.74649 -6.15538 5
      vertex -5.74649 -6.15538 0
    endloop
  endfacet
  facet normal -0.84452 0.535523 0
    outer loop
      vertex -5.74649 -6.15538 5
      vertex -5.8537 -6.32445 0
      vertex -5.8537 -6.32445 5
    endloop
  endfacet
  facet normal -0.866916 0.498454 0
    outer loop
      vertex -5.96329 -6.51505 0
      vertex -5.8537 -6.32445 5
      vertex -5.8537 -6.32445 0
    endloop
  endfacet
  facet normal -0.866916 0.498454 0
    outer loop
      vertex -5.8537 -6.32445 5
      vertex -5.96329 -6.51505 0
      vertex -5.96329 -6.51505 5
    endloop
  endfacet
  facet normal -0.887587 0.460639 0
    outer loop
      vertex -6.07344 -6.72729 0
      vertex -5.96329 -6.51505 5
      vertex -5.96329 -6.51505 0
    endloop
  endfacet
  facet normal -0.887587 0.460639 0
    outer loop
      vertex -5.96329 -6.51505 5
      vertex -6.07344 -6.72729 0
      vertex -6.07344 -6.72729 5
    endloop
  endfacet
  facet normal -0.906259 0.422724 0
    outer loop
      vertex -6.18248 -6.96106 0
      vertex -6.07344 -6.72729 5
      vertex -6.07344 -6.72729 0
    endloop
  endfacet
  facet normal -0.906259 0.422724 0
    outer loop
      vertex -6.07344 -6.72729 5
      vertex -6.18248 -6.96106 0
      vertex -6.18248 -6.96106 5
    endloop
  endfacet
  facet normal -0.922359 0.386334 0
    outer loop
      vertex -6.28912 -7.21567 0
      vertex -6.18248 -6.96106 5
      vertex -6.18248 -6.96106 0
    endloop
  endfacet
  facet normal -0.922359 0.386334 0
    outer loop
      vertex -6.18248 -6.96106 5
      vertex -6.28912 -7.21567 0
      vertex -6.28912 -7.21567 5
    endloop
  endfacet
  facet normal -0.937857 0.347022 0
    outer loop
      vertex -6.39122 -7.49159 0
      vertex -6.28912 -7.21567 5
      vertex -6.28912 -7.21567 0
    endloop
  endfacet
  facet normal -0.937857 0.347022 0
    outer loop
      vertex -6.28912 -7.21567 5
      vertex -6.39122 -7.49159 0
      vertex -6.39122 -7.49159 5
    endloop
  endfacet
  facet normal -0.951368 0.308058 0
    outer loop
      vertex -6.43599 -7.62985 0
      vertex -6.39122 -7.49159 5
      vertex -6.39122 -7.49159 0
    endloop
  endfacet
  facet normal -0.951368 0.308058 0
    outer loop
      vertex -6.39122 -7.49159 5
      vertex -6.43599 -7.62985 0
      vertex -6.43599 -7.62985 5
    endloop
  endfacet
  facet normal -0.788408 -0.615153 0
    outer loop
      vertex -6.23299 -7.89003 0
      vertex -6.43599 -7.62985 5
      vertex -6.43599 -7.62985 0
    endloop
  endfacet
  facet normal -0.788408 -0.615153 0
    outer loop
      vertex -6.43599 -7.62985 5
      vertex -6.23299 -7.89003 0
      vertex -6.23299 -7.89003 5
    endloop
  endfacet
  facet normal -0.758251 -0.651963 0
    outer loop
      vertex -5.92683 -8.24609 0
      vertex -6.23299 -7.89003 5
      vertex -6.23299 -7.89003 0
    endloop
  endfacet
  facet normal -0.758251 -0.651963 0
    outer loop
      vertex -6.23299 -7.89003 5
      vertex -5.92683 -8.24609 0
      vertex -5.92683 -8.24609 5
    endloop
  endfacet
  facet normal 0.113944 -0.993487 0
    outer loop
      vertex -5.92683 -8.24609 0
      vertex -5.80417 -8.23203 5
      vertex -5.92683 -8.24609 5
    endloop
  endfacet
  facet normal 0.113944 -0.993487 0
    outer loop
      vertex -5.80417 -8.23203 5
      vertex -5.92683 -8.24609 0
      vertex -5.80417 -8.23203 0
    endloop
  endfacet
  facet normal 0.158382 -0.987378 0
    outer loop
      vertex -5.80417 -8.23203 0
      vertex -5.50233 -8.18361 5
      vertex -5.80417 -8.23203 5
    endloop
  endfacet
  facet normal 0.158382 -0.987378 0
    outer loop
      vertex -5.50233 -8.18361 5
      vertex -5.80417 -8.23203 0
      vertex -5.50233 -8.18361 0
    endloop
  endfacet
  facet normal 0.201997 -0.979386 0
    outer loop
      vertex -5.50233 -8.18361 0
      vertex -5.22446 -8.1263 5
      vertex -5.50233 -8.18361 5
    endloop
  endfacet
  facet normal 0.201997 -0.979386 0
    outer loop
      vertex -5.22446 -8.1263 5
      vertex -5.50233 -8.18361 0
      vertex -5.22446 -8.1263 0
    endloop
  endfacet
  facet normal 0.244699 -0.969599 0
    outer loop
      vertex -5.22446 -8.1263 0
      vertex -4.97028 -8.06215 5
      vertex -5.22446 -8.1263 5
    endloop
  endfacet
  facet normal 0.244699 -0.969599 0
    outer loop
      vertex -4.97028 -8.06215 5
      vertex -5.22446 -8.1263 0
      vertex -4.97028 -8.06215 0
    endloop
  endfacet
  facet normal 0.286459 -0.958093 0
    outer loop
      vertex -4.97028 -8.06215 0
      vertex -4.7394 -7.99312 5
      vertex -4.97028 -8.06215 5
    endloop
  endfacet
  facet normal 0.286459 -0.958093 0
    outer loop
      vertex -4.7394 -7.99312 5
      vertex -4.97028 -8.06215 0
      vertex -4.7394 -7.99312 0
    endloop
  endfacet
  facet normal 0.32887 -0.944375 0
    outer loop
      vertex -4.7394 -7.99312 0
      vertex -4.53162 -7.92076 5
      vertex -4.7394 -7.99312 5
    endloop
  endfacet
  facet normal 0.32887 -0.944375 0
    outer loop
      vertex -4.53162 -7.92076 5
      vertex -4.7394 -7.99312 0
      vertex -4.53162 -7.92076 0
    endloop
  endfacet
  facet normal 0.368504 -0.929626 0
    outer loop
      vertex -4.53162 -7.92076 0
      vertex -4.34596 -7.84717 5
      vertex -4.53162 -7.92076 5
    endloop
  endfacet
  facet normal 0.368504 -0.929626 0
    outer loop
      vertex -4.34596 -7.84717 5
      vertex -4.53162 -7.92076 0
      vertex -4.34596 -7.84717 0
    endloop
  endfacet
  facet normal 0.406548 -0.91363 0
    outer loop
      vertex -4.34596 -7.84717 0
      vertex -4.18164 -7.77405 5
      vertex -4.34596 -7.84717 5
    endloop
  endfacet
  facet normal 0.406548 -0.91363 0
    outer loop
      vertex -4.18164 -7.77405 5
      vertex -4.34596 -7.84717 0
      vertex -4.18164 -7.77405 0
    endloop
  endfacet
  facet normal 0.442758 -0.896641 0
    outer loop
      vertex -4.18164 -7.77405 0
      vertex -4.03777 -7.703 5
      vertex -4.18164 -7.77405 5
    endloop
  endfacet
  facet normal 0.442758 -0.896641 0
    outer loop
      vertex -4.03777 -7.703 5
      vertex -4.18164 -7.77405 0
      vertex -4.03777 -7.703 0
    endloop
  endfacet
  facet normal 0.48342 -0.875388 0
    outer loop
      vertex -4.03777 -7.703 0
      vertex -3.9142 -7.63477 5
      vertex -4.03777 -7.703 5
    endloop
  endfacet
  facet normal 0.48342 -0.875388 0
    outer loop
      vertex -3.9142 -7.63477 5
      vertex -4.03777 -7.703 0
      vertex -3.9142 -7.63477 0
    endloop
  endfacet
  facet normal 0.516325 -0.856393 0
    outer loop
      vertex -3.9142 -7.63477 0
      vertex -3.80922 -7.57147 5
      vertex -3.9142 -7.63477 5
    endloop
  endfacet
  facet normal 0.516325 -0.856393 0
    outer loop
      vertex -3.80922 -7.57147 5
      vertex -3.9142 -7.63477 0
      vertex -3.80922 -7.57147 0
    endloop
  endfacet
  facet normal 0.548781 -0.835966 0
    outer loop
      vertex -3.80922 -7.57147 0
      vertex -3.72198 -7.51421 5
      vertex -3.80922 -7.57147 5
    endloop
  endfacet
  facet normal 0.548781 -0.835966 0
    outer loop
      vertex -3.72198 -7.51421 5
      vertex -3.80922 -7.57147 0
      vertex -3.72198 -7.51421 0
    endloop
  endfacet
  facet normal 0.586394 -0.810026 0
    outer loop
      vertex -3.72198 -7.51421 0
      vertex -3.65207 -7.46359 5
      vertex -3.72198 -7.51421 5
    endloop
  endfacet
  facet normal 0.586394 -0.810026 0
    outer loop
      vertex -3.65207 -7.46359 5
      vertex -3.72198 -7.51421 0
      vertex -3.65207 -7.46359 0
    endloop
  endfacet
  facet normal 0.60925 -0.792978 0
    outer loop
      vertex -3.65207 -7.46359 0
      vertex -3.59747 -7.42165 5
      vertex -3.65207 -7.46359 5
    endloop
  endfacet
  facet normal 0.60925 -0.792978 0
    outer loop
      vertex -3.59747 -7.42165 5
      vertex -3.65207 -7.46359 0
      vertex -3.59747 -7.42165 0
    endloop
  endfacet
  facet normal 0.656957 -0.753928 0
    outer loop
      vertex -3.59747 -7.42165 0
      vertex -3.5327 -7.3652 5
      vertex -3.59747 -7.42165 5
    endloop
  endfacet
  facet normal 0.656957 -0.753928 0
    outer loop
      vertex -3.5327 -7.3652 5
      vertex -3.59747 -7.42165 0
      vertex -3.5327 -7.3652 0
    endloop
  endfacet
  facet normal 0.719158 -0.694847 0
    outer loop
      vertex -3.5327 -7.3652 5
      vertex -2.77428 -6.58025 0
      vertex -2.77428 -6.58025 5
    endloop
  endfacet
  facet normal 0.719158 -0.694847 0
    outer loop
      vertex -2.77428 -6.58025 0
      vertex -3.5327 -7.3652 5
      vertex -3.5327 -7.3652 0
    endloop
  endfacet
  facet normal 0.0196517 -0.999807 0
    outer loop
      vertex -2.77428 -6.58025 0
      vertex -2.54837 -6.57581 5
      vertex -2.77428 -6.58025 5
    endloop
  endfacet
  facet normal 0.0196517 -0.999807 0
    outer loop
      vertex -2.54837 -6.57581 5
      vertex -2.77428 -6.58025 0
      vertex -2.54837 -6.57581 0
    endloop
  endfacet
  facet normal 0.933233 -0.359273 0
    outer loop
      vertex -2.54837 -6.57581 5
      vertex -2.54712 -6.57256 0
      vertex -2.54712 -6.57256 5
    endloop
  endfacet
  facet normal 0.933233 -0.359273 0
    outer loop
      vertex -2.54712 -6.57256 0
      vertex -2.54837 -6.57581 5
      vertex -2.54837 -6.57581 0
    endloop
  endfacet
  facet normal -0.691856 -0.722035 0
    outer loop
      vertex -2.54712 -6.57256 0
      vertex -2.47374 -6.64287 5
      vertex -2.54712 -6.57256 5
    endloop
  endfacet
  facet normal -0.691856 -0.722035 -0
    outer loop
      vertex -2.47374 -6.64287 5
      vertex -2.54712 -6.57256 0
      vertex -2.47374 -6.64287 0
    endloop
  endfacet
  facet normal -0.655658 -0.755058 0
    outer loop
      vertex -2.47374 -6.64287 0
      vertex -2.09715 -6.96988 5
      vertex -2.47374 -6.64287 5
    endloop
  endfacet
  facet normal -0.655658 -0.755058 -0
    outer loop
      vertex -2.09715 -6.96988 5
      vertex -2.47374 -6.64287 0
      vertex -2.09715 -6.96988 0
    endloop
  endfacet
  facet normal -0.617443 -0.786616 0
    outer loop
      vertex -2.09715 -6.96988 0
      vertex -1.69402 -7.28632 5
      vertex -2.09715 -6.96988 5
    endloop
  endfacet
  facet normal -0.617443 -0.786616 -0
    outer loop
      vertex -1.69402 -7.28632 5
      vertex -2.09715 -6.96988 0
      vertex -1.69402 -7.28632 0
    endloop
  endfacet
  facet normal -0.577194 -0.816607 0
    outer loop
      vertex -1.69402 -7.28632 0
      vertex -1.28004 -7.57892 5
      vertex -1.69402 -7.28632 5
    endloop
  endfacet
  facet normal -0.577194 -0.816607 -0
    outer loop
      vertex -1.28004 -7.57892 5
      vertex -1.69402 -7.28632 0
      vertex -1.28004 -7.57892 0
    endloop
  endfacet
  facet normal -0.978931 -0.20419 0
    outer loop
      vertex -1.23355 -7.80182 0
      vertex -1.28004 -7.57892 5
      vertex -1.28004 -7.57892 0
    endloop
  endfacet
  facet normal -0.978931 -0.20419 0
    outer loop
      vertex -1.28004 -7.57892 5
      vertex -1.23355 -7.80182 0
      vertex -1.23355 -7.80182 5
    endloop
  endfacet
  facet normal -0.834943 0.550336 0
    outer loop
      vertex -1.58363 -8.33295 0
      vertex -1.23355 -7.80182 5
      vertex -1.23355 -7.80182 0
    endloop
  endfacet
  facet normal -0.834943 0.550336 0
    outer loop
      vertex -1.23355 -7.80182 5
      vertex -1.58363 -8.33295 0
      vertex -1.58363 -8.33295 5
    endloop
  endfacet
  facet normal -0.922353 0.386349 0
    outer loop
      vertex -1.64182 -8.47185 0
      vertex -1.58363 -8.33295 5
      vertex -1.58363 -8.33295 0
    endloop
  endfacet
  facet normal -0.922353 0.386349 0
    outer loop
      vertex -1.58363 -8.33295 5
      vertex -1.64182 -8.47185 0
      vertex -1.64182 -8.47185 5
    endloop
  endfacet
  facet normal -0.879366 0.476146 0
    outer loop
      vertex -1.72351 -8.62273 0
      vertex -1.64182 -8.47185 5
      vertex -1.64182 -8.47185 0
    endloop
  endfacet
  facet normal -0.879366 0.476146 0
    outer loop
      vertex -1.64182 -8.47185 5
      vertex -1.72351 -8.62273 0
      vertex -1.72351 -8.62273 5
    endloop
  endfacet
  facet normal -0.838626 0.544708 0
    outer loop
      vertex -1.82661 -8.78146 0
      vertex -1.72351 -8.62273 5
      vertex -1.72351 -8.62273 0
    endloop
  endfacet
  facet normal -0.838626 0.544708 0
    outer loop
      vertex -1.72351 -8.62273 5
      vertex -1.82661 -8.78146 0
      vertex -1.82661 -8.78146 5
    endloop
  endfacet
  facet normal -0.889711 0.456524 0
    outer loop
      vertex -1.84572 -8.8187 0
      vertex -1.82661 -8.78146 5
      vertex -1.82661 -8.78146 0
    endloop
  endfacet
  facet normal -0.889711 0.456524 0
    outer loop
      vertex -1.82661 -8.78146 5
      vertex -1.84572 -8.8187 0
      vertex -1.84572 -8.8187 5
    endloop
  endfacet
  facet normal -0.90949 0.415725 0
    outer loop
      vertex -1.87181 -8.87578 0
      vertex -1.84572 -8.8187 5
      vertex -1.84572 -8.8187 0
    endloop
  endfacet
  facet normal -0.90949 0.415725 0
    outer loop
      vertex -1.84572 -8.8187 5
      vertex -1.87181 -8.87578 0
      vertex -1.87181 -8.87578 5
    endloop
  endfacet
  facet normal -0.924035 0.382309 0
    outer loop
      vertex -1.90361 -8.95264 0
      vertex -1.87181 -8.87578 5
      vertex -1.87181 -8.87578 0
    endloop
  endfacet
  facet normal -0.924035 0.382309 0
    outer loop
      vertex -1.87181 -8.87578 5
      vertex -1.90361 -8.95264 0
      vertex -1.90361 -8.95264 5
    endloop
  endfacet
  facet normal -0.938809 0.344437 0
    outer loop
      vertex -1.93915 -9.0495 0
      vertex -1.90361 -8.95264 5
      vertex -1.90361 -8.95264 0
    endloop
  endfacet
  facet normal -0.938809 0.344437 0
    outer loop
      vertex -1.90361 -8.95264 5
      vertex -1.93915 -9.0495 0
      vertex -1.93915 -9.0495 5
    endloop
  endfacet
  facet normal -0.953308 0.301999 0
    outer loop
      vertex -1.97626 -9.16664 0
      vertex -1.93915 -9.0495 5
      vertex -1.93915 -9.0495 0
    endloop
  endfacet
  facet normal -0.953308 0.301999 0
    outer loop
      vertex -1.93915 -9.0495 5
      vertex -1.97626 -9.16664 0
      vertex -1.97626 -9.16664 5
    endloop
  endfacet
  facet normal -0.963325 0.268337 0
    outer loop
      vertex -2.01433 -9.30331 0
      vertex -1.97626 -9.16664 5
      vertex -1.97626 -9.16664 0
    endloop
  endfacet
  facet normal -0.963325 0.268337 0
    outer loop
      vertex -1.97626 -9.16664 5
      vertex -2.01433 -9.30331 0
      vertex -2.01433 -9.30331 5
    endloop
  endfacet
  facet normal -0.973898 0.226987 0
    outer loop
      vertex -2.05083 -9.45992 0
      vertex -2.01433 -9.30331 5
      vertex -2.01433 -9.30331 0
    endloop
  endfacet
  facet normal -0.973898 0.226987 0
    outer loop
      vertex -2.01433 -9.30331 5
      vertex -2.05083 -9.45992 0
      vertex -2.05083 -9.45992 5
    endloop
  endfacet
  facet normal -0.98186 0.189609 0
    outer loop
      vertex -2.08479 -9.6358 0
      vertex -2.05083 -9.45992 5
      vertex -2.05083 -9.45992 0
    endloop
  endfacet
  facet normal -0.98186 0.189609 0
    outer loop
      vertex -2.05083 -9.45992 5
      vertex -2.08479 -9.6358 0
      vertex -2.08479 -9.6358 5
    endloop
  endfacet
  facet normal -0.988618 0.150447 0
    outer loop
      vertex -2.11447 -9.83083 0
      vertex -2.08479 -9.6358 5
      vertex -2.08479 -9.6358 0
    endloop
  endfacet
  facet normal -0.988618 0.150447 0
    outer loop
      vertex -2.08479 -9.6358 5
      vertex -2.11447 -9.83083 0
      vertex -2.11447 -9.83083 5
    endloop
  endfacet
  facet normal -0.993611 0.112862 0
    outer loop
      vertex -2.13873 -10.0444 0
      vertex -2.11447 -9.83083 5
      vertex -2.11447 -9.83083 0
    endloop
  endfacet
  facet normal -0.993611 0.112862 0
    outer loop
      vertex -2.11447 -9.83083 5
      vertex -2.13873 -10.0444 0
      vertex -2.13873 -10.0444 5
    endloop
  endfacet
  facet normal -0.997327 0.0730647 0
    outer loop
      vertex -2.15573 -10.2764 0
      vertex -2.13873 -10.0444 5
      vertex -2.13873 -10.0444 0
    endloop
  endfacet
  facet normal -0.997327 0.0730647 0
    outer loop
      vertex -2.13873 -10.0444 5
      vertex -2.15573 -10.2764 0
      vertex -2.15573 -10.2764 5
    endloop
  endfacet
  facet normal -0.999293 0.0376019 0
    outer loop
      vertex -2.16512 -10.5258 0
      vertex -2.15573 -10.2764 5
      vertex -2.15573 -10.2764 0
    endloop
  endfacet
  facet normal -0.999293 0.0376019 0
    outer loop
      vertex -2.15573 -10.2764 5
      vertex -2.16512 -10.5258 0
      vertex -2.16512 -10.5258 5
    endloop
  endfacet
  facet normal -0.999996 -0.00291461 0
    outer loop
      vertex -2.16434 -10.7928 0
      vertex -2.16512 -10.5258 5
      vertex -2.16512 -10.5258 0
    endloop
  endfacet
  facet normal -0.999996 -0.00291461 0
    outer loop
      vertex -2.16512 -10.5258 5
      vertex -2.16434 -10.7928 0
      vertex -2.16434 -10.7928 5
    endloop
  endfacet
  facet normal -0.999263 -0.0383732 0
    outer loop
      vertex -2.15346 -11.0761 0
      vertex -2.16434 -10.7928 5
      vertex -2.16434 -10.7928 0
    endloop
  endfacet
  facet normal -0.999263 -0.0383732 0
    outer loop
      vertex -2.16434 -10.7928 5
      vertex -2.15346 -11.0761 0
      vertex -2.15346 -11.0761 5
    endloop
  endfacet
  facet normal -0.997129 -0.0757259 0
    outer loop
      vertex -2.13998 -11.2536 0
      vertex -2.15346 -11.0761 5
      vertex -2.15346 -11.0761 0
    endloop
  endfacet
  facet normal -0.997129 -0.0757259 0
    outer loop
      vertex -2.15346 -11.0761 5
      vertex -2.13998 -11.2536 0
      vertex -2.13998 -11.2536 5
    endloop
  endfacet
  facet normal -0.490706 -0.871325 0
    outer loop
      vertex -2.13998 -11.2536 0
      vertex -2.00085 -11.3319 5
      vertex -2.13998 -11.2536 5
    endloop
  endfacet
  facet normal -0.490706 -0.871325 -0
    outer loop
      vertex -2.00085 -11.3319 5
      vertex -2.13998 -11.2536 0
      vertex -2.00085 -11.3319 0
    endloop
  endfacet
  facet normal -0.444426 -0.895815 0
    outer loop
      vertex -2.00085 -11.3319 0
      vertex -1.40402 -11.628 5
      vertex -2.00085 -11.3319 5
    endloop
  endfacet
  facet normal -0.444426 -0.895815 -0
    outer loop
      vertex -1.40402 -11.628 5
      vertex -2.00085 -11.3319 0
      vertex -1.40402 -11.628 0
    endloop
  endfacet
  facet normal 0.520574 -0.853816 0
    outer loop
      vertex -1.40402 -11.628 0
      vertex -1.265 -11.5432 5
      vertex -1.40402 -11.628 5
    endloop
  endfacet
  facet normal 0.520574 -0.853816 0
    outer loop
      vertex -1.265 -11.5432 5
      vertex -1.40402 -11.628 0
      vertex -1.265 -11.5432 0
    endloop
  endfacet
  facet normal 0.55306 -0.833141 0
    outer loop
      vertex -1.265 -11.5432 0
      vertex -1.02153 -11.3816 5
      vertex -1.265 -11.5432 5
    endloop
  endfacet
  facet normal 0.55306 -0.833141 0
    outer loop
      vertex -1.02153 -11.3816 5
      vertex -1.265 -11.5432 0
      vertex -1.02153 -11.3816 0
    endloop
  endfacet
  facet normal 0.588022 -0.808845 0
    outer loop
      vertex -1.02153 -11.3816 0
      vertex -0.801544 -11.2217 5
      vertex -1.02153 -11.3816 5
    endloop
  endfacet
  facet normal 0.588022 -0.808845 0
    outer loop
      vertex -0.801544 -11.2217 5
      vertex -1.02153 -11.3816 0
      vertex -0.801544 -11.2217 0
    endloop
  endfacet
  facet normal 0.617822 -0.786318 0
    outer loop
      vertex -0.801544 -11.2217 0
      vertex -0.602661 -11.0654 5
      vertex -0.801544 -11.2217 5
    endloop
  endfacet
  facet normal 0.617822 -0.786318 0
    outer loop
      vertex -0.602661 -11.0654 5
      vertex -0.801544 -11.2217 0
      vertex -0.602661 -11.0654 0
    endloop
  endfacet
  facet normal 0.649468 -0.760389 0
    outer loop
      vertex -0.602661 -11.0654 0
      vertex -0.424942 -10.9136 5
      vertex -0.602661 -11.0654 5
    endloop
  endfacet
  facet normal 0.649468 -0.760389 0
    outer loop
      vertex -0.424942 -10.9136 5
      vertex -0.602661 -11.0654 0
      vertex -0.424942 -10.9136 0
    endloop
  endfacet
  facet normal 0.677007 -0.735976 0
    outer loop
      vertex -0.424942 -10.9136 0
      vertex -0.266495 -10.7679 5
      vertex -0.424942 -10.9136 5
    endloop
  endfacet
  facet normal 0.677007 -0.735976 0
    outer loop
      vertex -0.266495 -10.7679 5
      vertex -0.424942 -10.9136 0
      vertex -0.266495 -10.7679 0
    endloop
  endfacet
  facet normal 0.706719 -0.707494 0
    outer loop
      vertex -0.266495 -10.7679 0
      vertex -0.127274 -10.6288 5
      vertex -0.266495 -10.7679 5
    endloop
  endfacet
  facet normal 0.706719 -0.707494 0
    outer loop
      vertex -0.127274 -10.6288 5
      vertex -0.266495 -10.7679 0
      vertex -0.127274 -10.6288 0
    endloop
  endfacet
  facet normal 0.730063 -0.68338 0
    outer loop
      vertex -0.127274 -10.6288 5
      vertex -0.00486755 -10.498 0
      vertex -0.00486755 -10.498 5
    endloop
  endfacet
  facet normal 0.730063 -0.68338 0
    outer loop
      vertex -0.00486755 -10.498 0
      vertex -0.127274 -10.6288 5
      vertex -0.127274 -10.6288 0
    endloop
  endfacet
  facet normal 0.759578 -0.650417 0
    outer loop
      vertex -0.00486755 -10.498 5
      vertex 0.0998688 -10.3757 0
      vertex 0.0998688 -10.3757 5
    endloop
  endfacet
  facet normal 0.759578 -0.650417 0
    outer loop
      vertex 0.0998688 -10.3757 0
      vertex -0.00486755 -10.498 5
      vertex -0.00486755 -10.498 0
    endloop
  endfacet
  facet normal 0.781034 -0.624488 0
    outer loop
      vertex 0.0998688 -10.3757 5
      vertex 0.189651 -10.2634 0
      vertex 0.189651 -10.2634 5
    endloop
  endfacet
  facet normal 0.781034 -0.624488 0
    outer loop
      vertex 0.189651 -10.2634 0
      vertex 0.0998688 -10.3757 5
      vertex 0.0998688 -10.3757 0
    endloop
  endfacet
  facet normal 0.802525 -0.596619 0
    outer loop
      vertex 0.189651 -10.2634 5
      vertex 0.265167 -10.1619 0
      vertex 0.265167 -10.1619 5
    endloop
  endfacet
  facet normal 0.802525 -0.596619 0
    outer loop
      vertex 0.265167 -10.1619 0
      vertex 0.189651 -10.2634 5
      vertex 0.189651 -10.2634 0
    endloop
  endfacet
  facet normal 0.827925 -0.560839 0
    outer loop
      vertex 0.265167 -10.1619 5
      vertex 0.326462 -10.0714 0
      vertex 0.326462 -10.0714 5
    endloop
  endfacet
  facet normal 0.827925 -0.560839 0
    outer loop
      vertex 0.326462 -10.0714 0
      vertex 0.265167 -10.1619 5
      vertex 0.265167 -10.1619 0
    endloop
  endfacet
  facet normal 0.845877 -0.533378 0
    outer loop
      vertex 0.326462 -10.0714 5
      vertex 0.375763 -9.99319 0
      vertex 0.375763 -9.99319 5
    endloop
  endfacet
  facet normal 0.845877 -0.533378 0
    outer loop
      vertex 0.375763 -9.99319 0
      vertex 0.326462 -10.0714 5
      vertex 0.326462 -10.0714 0
    endloop
  endfacet
  facet normal 0.862245 -0.506491 0
    outer loop
      vertex 0.375763 -9.99319 5
      vertex 0.414062 -9.92799 0
      vertex 0.414062 -9.92799 5
    endloop
  endfacet
  facet normal 0.862245 -0.506491 0
    outer loop
      vertex 0.414062 -9.92799 0
      vertex 0.375763 -9.99319 5
      vertex 0.375763 -9.99319 0
    endloop
  endfacet
  facet normal 0.88363 -0.468186 0
    outer loop
      vertex 0.414062 -9.92799 5
      vertex 0.441559 -9.8761 0
      vertex 0.441559 -9.8761 5
    endloop
  endfacet
  facet normal 0.88363 -0.468186 0
    outer loop
      vertex 0.441559 -9.8761 0
      vertex 0.414062 -9.92799 5
      vertex 0.414062 -9.92799 0
    endloop
  endfacet
  facet normal 0.908215 -0.418505 0
    outer loop
      vertex 0.441559 -9.8761 5
      vertex 0.473038 -9.80779 0
      vertex 0.473038 -9.80779 5
    endloop
  endfacet
  facet normal 0.908215 -0.418505 0
    outer loop
      vertex 0.473038 -9.80779 0
      vertex 0.441559 -9.8761 5
      vertex 0.441559 -9.8761 0
    endloop
  endfacet
  facet normal 0.9224 -0.386235 0
    outer loop
      vertex 0.473038 -9.80779 5
      vertex 0.535538 -9.65852 0
      vertex 0.535538 -9.65852 5
    endloop
  endfacet
  facet normal 0.9224 -0.386235 0
    outer loop
      vertex 0.535538 -9.65852 0
      vertex 0.473038 -9.80779 5
      vertex 0.473038 -9.80779 0
    endloop
  endfacet
  facet normal 0.933215 -0.359318 0
    outer loop
      vertex 0.535538 -9.65852 5
      vertex 0.84407 -8.85721 0
      vertex 0.84407 -8.85721 5
    endloop
  endfacet
  facet normal 0.933215 -0.359318 0
    outer loop
      vertex 0.84407 -8.85721 0
      vertex 0.535538 -9.65852 5
      vertex 0.535538 -9.65852 0
    endloop
  endfacet
  facet normal 0.408005 -0.91298 0
    outer loop
      vertex 0.84407 -8.85721 0
      vertex 1.05037 -8.76501 5
      vertex 0.84407 -8.85721 5
    endloop
  endfacet
  facet normal 0.408005 -0.91298 0
    outer loop
      vertex 1.05037 -8.76501 5
      vertex 0.84407 -8.85721 0
      vertex 1.05037 -8.76501 0
    endloop
  endfacet
  facet normal 0.992974 0.118334 0
    outer loop
      vertex 1.05037 -8.76501 5
      vertex 1.04967 -8.75912 0
      vertex 1.04967 -8.75912 5
    endloop
  endfacet
  facet normal 0.992974 0.118334 0
    outer loop
      vertex 1.04967 -8.75912 0
      vertex 1.05037 -8.76501 5
      vertex 1.05037 -8.76501 0
    endloop
  endfacet
  facet normal -0.345825 -0.938299 0
    outer loop
      vertex 1.04967 -8.75912 0
      vertex 1.31558 -8.85713 5
      vertex 1.04967 -8.75912 5
    endloop
  endfacet
  facet normal -0.345825 -0.938299 -0
    outer loop
      vertex 1.31558 -8.85713 5
      vertex 1.04967 -8.75912 0
      vertex 1.31558 -8.85713 0
    endloop
  endfacet
  facet normal -0.293523 -0.955952 0
    outer loop
      vertex 1.31558 -8.85713 0
      vertex 1.91833 -9.04221 5
      vertex 1.31558 -8.85713 5
    endloop
  endfacet
  facet normal -0.293523 -0.955952 -0
    outer loop
      vertex 1.91833 -9.04221 5
      vertex 1.31558 -8.85713 0
      vertex 1.91833 -9.04221 0
    endloop
  endfacet
  facet normal -0.239242 -0.97096 0
    outer loop
      vertex 1.91833 -9.04221 0
      vertex 2.54944 -9.19771 5
      vertex 1.91833 -9.04221 5
    endloop
  endfacet
  facet normal -0.239242 -0.97096 -0
    outer loop
      vertex 2.54944 -9.19771 5
      vertex 1.91833 -9.04221 0
      vertex 2.54944 -9.19771 0
    endloop
  endfacet
  facet normal -0.18307 -0.9831 0
    outer loop
      vertex 2.54944 -9.19771 0
      vertex 2.62007 -9.21086 5
      vertex 2.54944 -9.19771 5
    endloop
  endfacet
  facet normal -0.18307 -0.9831 -0
    outer loop
      vertex 2.62007 -9.21086 5
      vertex 2.54944 -9.19771 0
      vertex 2.62007 -9.21086 0
    endloop
  endfacet
  facet normal -0.961867 -0.273517 0
    outer loop
      vertex 2.62099 -9.21408 0
      vertex 2.62007 -9.21086 5
      vertex 2.62007 -9.21086 0
    endloop
  endfacet
  facet normal -0.961867 -0.273517 0
    outer loop
      vertex 2.62007 -9.21086 5
      vertex 2.62099 -9.21408 0
      vertex 2.62099 -9.21408 5
    endloop
  endfacet
  facet normal -0.829528 -0.558466 0
    outer loop
      vertex 2.74718 -9.40152 0
      vertex 2.62099 -9.21408 5
      vertex 2.62099 -9.21408 0
    endloop
  endfacet
  facet normal -0.829528 -0.558466 0
    outer loop
      vertex 2.62099 -9.21408 5
      vertex 2.74718 -9.40152 0
      vertex 2.74718 -9.40152 5
    endloop
  endfacet
  facet normal -0.980675 0.195642 0
    outer loop
      vertex 2.60431 -10.1177 0
      vertex 2.74718 -9.40152 5
      vertex 2.74718 -9.40152 0
    endloop
  endfacet
  facet normal -0.980675 0.195642 0
    outer loop
      vertex 2.74718 -9.40152 5
      vertex 2.60431 -10.1177 0
      vertex 2.60431 -10.1177 5
    endloop
  endfacet
  facet normal -0.996597 0.0824327 0
    outer loop
      vertex 2.59157 -10.2717 0
      vertex 2.60431 -10.1177 5
      vertex 2.60431 -10.1177 0
    endloop
  endfacet
  facet normal -0.996597 0.0824327 0
    outer loop
      vertex 2.60431 -10.1177 5
      vertex 2.59157 -10.2717 0
      vertex 2.59157 -10.2717 5
    endloop
  endfacet
  facet normal -0.986142 0.165904 0
    outer loop
      vertex 2.56075 -10.4549 0
      vertex 2.59157 -10.2717 5
      vertex 2.59157 -10.2717 0
    endloop
  endfacet
  facet normal -0.986142 0.165904 0
    outer loop
      vertex 2.59157 -10.2717 5
      vertex 2.56075 -10.4549 0
      vertex 2.56075 -10.4549 5
    endloop
  endfacet
  facet normal -0.996519 0.0833713 0
    outer loop
      vertex 2.55331 -10.5437 0
      vertex 2.56075 -10.4549 5
      vertex 2.56075 -10.4549 0
    endloop
  endfacet
  facet normal -0.996519 0.0833713 0
    outer loop
      vertex 2.56075 -10.4549 5
      vertex 2.55331 -10.5437 0
      vertex 2.55331 -10.5437 5
    endloop
  endfacet
  facet normal -0.999441 0.0334198 0
    outer loop
      vertex 2.55089 -10.6163 0
      vertex 2.55331 -10.5437 5
      vertex 2.55331 -10.5437 0
    endloop
  endfacet
  facet normal -0.999441 0.0334198 0
    outer loop
      vertex 2.55331 -10.5437 5
      vertex 2.55089 -10.6163 0
      vertex 2.55089 -10.6163 5
    endloop
  endfacet
  facet normal -0.999937 -0.0112352 0
    outer loop
      vertex 2.55191 -10.7073 0
      vertex 2.55089 -10.6163 5
      vertex 2.55089 -10.6163 0
    endloop
  endfacet
  facet normal -0.999937 -0.0112352 0
    outer loop
      vertex 2.55089 -10.6163 5
      vertex 2.55191 -10.7073 0
      vertex 2.55191 -10.7073 5
    endloop
  endfacet
  facet normal -0.999266 -0.0383092 0
    outer loop
      vertex 2.55608 -10.8159 0
      vertex 2.55191 -10.7073 5
      vertex 2.55191 -10.7073 0
    endloop
  endfacet
  facet normal -0.999266 -0.0383092 0
    outer loop
      vertex 2.55191 -10.7073 5
      vertex 2.55608 -10.8159 0
      vertex 2.55608 -10.8159 5
    endloop
  endfacet
  facet normal -0.996753 -0.0805213 0
    outer loop
      vertex 2.56627 -10.9421 0
      vertex 2.55608 -10.8159 5
      vertex 2.55608 -10.8159 0
    endloop
  endfacet
  facet normal -0.996753 -0.0805213 0
    outer loop
      vertex 2.55608 -10.8159 5
      vertex 2.56627 -10.9421 0
      vertex 2.56627 -10.9421 5
    endloop
  endfacet
  facet normal -0.99269 -0.120688 0
    outer loop
      vertex 2.58368 -11.0853 0
      vertex 2.56627 -10.9421 5
      vertex 2.56627 -10.9421 0
    endloop
  endfacet
  facet normal -0.99269 -0.120688 0
    outer loop
      vertex 2.56627 -10.9421 5
      vertex 2.58368 -11.0853 0
      vertex 2.58368 -11.0853 5
    endloop
  endfacet
  facet normal -0.988559 -0.150834 0
    outer loop
      vertex 2.608 -11.2447 0
      vertex 2.58368 -11.0853 5
      vertex 2.58368 -11.0853 0
    endloop
  endfacet
  facet normal -0.988559 -0.150834 0
    outer loop
      vertex 2.58368 -11.0853 5
      vertex 2.608 -11.2447 0
      vertex 2.608 -11.2447 5
    endloop
  endfacet
  facet normal -0.981997 -0.188895 0
    outer loop
      vertex 2.64172 -11.42 0
      vertex 2.608 -11.2447 5
      vertex 2.608 -11.2447 0
    endloop
  endfacet
  facet normal -0.981997 -0.188895 0
    outer loop
      vertex 2.608 -11.2447 5
      vertex 2.64172 -11.42 0
      vertex 2.64172 -11.42 5
    endloop
  endfacet
  facet normal -0.974039 -0.226379 0
    outer loop
      vertex 2.68604 -11.6107 0
      vertex 2.64172 -11.42 5
      vertex 2.64172 -11.42 0
    endloop
  endfacet
  facet normal -0.974039 -0.226379 0
    outer loop
      vertex 2.64172 -11.42 5
      vertex 2.68604 -11.6107 0
      vertex 2.68604 -11.6107 5
    endloop
  endfacet
  facet normal -0.964848 -0.262808 0
    outer loop
      vertex 2.74197 -11.8161 0
      vertex 2.68604 -11.6107 5
      vertex 2.68604 -11.6107 0
    endloop
  endfacet
  facet normal -0.964848 -0.262808 0
    outer loop
      vertex 2.68604 -11.6107 5
      vertex 2.74197 -11.8161 0
      vertex 2.74197 -11.8161 5
    endloop
  endfacet
  facet normal -0.955312 -0.295599 0
    outer loop
      vertex 2.80984 -12.0354 0
      vertex 2.74197 -11.8161 5
      vertex 2.74197 -11.8161 0
    endloop
  endfacet
  facet normal -0.955312 -0.295599 0
    outer loop
      vertex 2.74197 -11.8161 5
      vertex 2.80984 -12.0354 0
      vertex 2.80984 -12.0354 5
    endloop
  endfacet
  facet normal -0.9441 -0.329658 0
    outer loop
      vertex 2.89111 -12.2681 0
      vertex 2.80984 -12.0354 5
      vertex 2.80984 -12.0354 0
    endloop
  endfacet
  facet normal -0.9441 -0.329658 0
    outer loop
      vertex 2.80984 -12.0354 5
      vertex 2.89111 -12.2681 0
      vertex 2.89111 -12.2681 5
    endloop
  endfacet
  facet normal -0.931198 -0.364515 0
    outer loop
      vertex 2.98721 -12.5136 0
      vertex 2.89111 -12.2681 5
      vertex 2.89111 -12.2681 0
    endloop
  endfacet
  facet normal -0.931198 -0.364515 0
    outer loop
      vertex 2.89111 -12.2681 5
      vertex 2.98721 -12.5136 0
      vertex 2.98721 -12.5136 5
    endloop
  endfacet
  facet normal -0.917124 -0.398603 0
    outer loop
      vertex 3.09915 -12.7712 0
      vertex 2.98721 -12.5136 5
      vertex 2.98721 -12.5136 0
    endloop
  endfacet
  facet normal -0.917124 -0.398603 0
    outer loop
      vertex 2.98721 -12.5136 5
      vertex 3.09915 -12.7712 0
      vertex 3.09915 -12.7712 5
    endloop
  endfacet
  facet normal -0.90184 -0.43207 0
    outer loop
      vertex 3.17924 -12.9384 0
      vertex 3.09915 -12.7712 5
      vertex 3.09915 -12.7712 0
    endloop
  endfacet
  facet normal -0.90184 -0.43207 0
    outer loop
      vertex 3.09915 -12.7712 5
      vertex 3.17924 -12.9384 0
      vertex 3.17924 -12.9384 5
    endloop
  endfacet
  facet normal -0.124823 -0.992179 0
    outer loop
      vertex 3.17924 -12.9384 0
      vertex 3.55014 -12.985 5
      vertex 3.17924 -12.9384 5
    endloop
  endfacet
  facet normal -0.124823 -0.992179 -0
    outer loop
      vertex 3.55014 -12.985 5
      vertex 3.17924 -12.9384 0
      vertex 3.55014 -12.985 0
    endloop
  endfacet
  facet normal -0.064758 -0.997901 0
    outer loop
      vertex 3.55014 -12.985 0
      vertex 4.02017 -13.0155 5
      vertex 3.55014 -12.985 5
    endloop
  endfacet
  facet normal -0.064758 -0.997901 -0
    outer loop
      vertex 4.02017 -13.0155 5
      vertex 3.55014 -12.985 0
      vertex 4.02017 -13.0155 0
    endloop
  endfacet
  facet normal 0.806611 -0.591082 0
    outer loop
      vertex 4.02017 -13.0155 5
      vertex 4.12726 -12.8694 0
      vertex 4.12726 -12.8694 5
    endloop
  endfacet
  facet normal 0.806611 -0.591082 0
    outer loop
      vertex 4.12726 -12.8694 0
      vertex 4.02017 -13.0155 5
      vertex 4.02017 -13.0155 0
    endloop
  endfacet
  facet normal 0.998668 0.0515946 0
    outer loop
      vertex 5.5942 0.587667 10
      vertex 5.59418 0.587972 5
      vertex 5.59418 0.587972 10
    endloop
  endfacet
  facet normal 0.998668 0.0515946 0
    outer loop
      vertex 5.59418 0.587972 5
      vertex 5.5942 0.587667 10
      vertex 5.5942 0.587667 5
    endloop
  endfacet
  facet normal -0.998668 0.0515946 0
    outer loop
      vertex -5.5942 0.587667 0
      vertex -5.59418 0.587972 10
      vertex -5.59418 0.587972 0
    endloop
  endfacet
  facet normal -0.998668 0.0515946 0
    outer loop
      vertex -5.59418 0.587972 10
      vertex -5.5942 0.587667 0
      vertex -5.5942 0.587667 10
    endloop
  endfacet
  facet normal 0.0523374 0.998629 -0
    outer loop
      vertex 0.587972 5.59418 5
      vertex 0 5.625 10
      vertex 0.587972 5.59418 10
    endloop
  endfacet
  facet normal 0.0523374 0.998629 0
    outer loop
      vertex 0 5.625 10
      vertex 0.587972 5.59418 5
      vertex 0 5.625 5
    endloop
  endfacet
  facet normal 0.707107 0.707107 0
    outer loop
      vertex 4.18019 3.76386 10
      vertex 3.76386 4.18019 5
      vertex 3.76386 4.18019 10
    endloop
  endfacet
  facet normal 0.707107 0.707107 0
    outer loop
      vertex 3.76386 4.18019 5
      vertex 4.18019 3.76386 10
      vertex 4.18019 3.76386 5
    endloop
  endfacet
  facet normal -0.629321 0.777146 0
    outer loop
      vertex -3.30629 4.55072 5
      vertex -3.76386 4.18019 10
      vertex -3.30629 4.55072 10
    endloop
  endfacet
  facet normal -0.629321 0.777146 0
    outer loop
      vertex -3.76386 4.18019 10
      vertex -3.30629 4.55072 5
      vertex -3.76386 4.18019 5
    endloop
  endfacet
  facet normal -0.358368 0.933581 0
    outer loop
      vertex -1.73822 5.34969 5
      vertex -2.28789 5.13869 10
      vertex -1.73822 5.34969 10
    endloop
  endfacet
  facet normal -0.358368 0.933581 0
    outer loop
      vertex -2.28789 5.13869 10
      vertex -1.73822 5.34969 5
      vertex -2.28789 5.13869 5
    endloop
  endfacet
  facet normal -0.777146 -0.62932 0
    outer loop
      vertex -4.18019 -3.76386 5
      vertex -4.26228 -3.66249 10
      vertex -4.26228 -3.66249 5
    endloop
  endfacet
  facet normal -0.777146 -0.62932 0
    outer loop
      vertex -4.26228 -3.66249 10
      vertex -4.18019 -3.76386 5
      vertex -4.18019 -3.76386 10
    endloop
  endfacet
  facet normal -0.775623 -0.631197 0
    outer loop
      vertex -4.55069 -3.30633 5
      vertex -4.55072 -3.30629 10
      vertex -4.55072 -3.30629 5
    endloop
  endfacet
  facet normal -0.775623 -0.631197 0
    outer loop
      vertex -4.55072 -3.30629 10
      vertex -4.55069 -3.30633 5
      vertex -4.55069 -3.30633 10
    endloop
  endfacet
  facet normal 0.965829 0.259182 0
    outer loop
      vertex 5.50208 1.1695 10
      vertex 5.50201 1.16975 5
      vertex 5.50201 1.16975 10
    endloop
  endfacet
  facet normal 0.965829 0.259182 0
    outer loop
      vertex 5.50201 1.16975 5
      vertex 5.50208 1.1695 10
      vertex 5.50208 1.1695 5
    endloop
  endfacet
  facet normal 0.965846 0.259117 0
    outer loop
      vertex 5.34976 1.73798 10
      vertex 5.34969 1.73822 5
      vertex 5.34969 1.73822 10
    endloop
  endfacet
  facet normal 0.965846 0.259117 0
    outer loop
      vertex 5.34969 1.73822 5
      vertex 5.34976 1.73798 10
      vertex 5.34976 1.73798 5
    endloop
  endfacet
  facet normal 0.987799 0.155732 0
    outer loop
      vertex 5.50212 1.16927 10
      vertex 5.50208 1.1695 5
      vertex 5.50208 1.1695 10
    endloop
  endfacet
  facet normal 0.987799 0.155732 0
    outer loop
      vertex 5.50208 1.1695 5
      vertex 5.50212 1.16927 10
      vertex 5.50212 1.16927 5
    endloop
  endfacet
  facet normal 0.987588 0.157069 0
    outer loop
      vertex 5.59418 0.587972 10
      vertex 5.59414 0.58828 5
      vertex 5.59414 0.58828 10
    endloop
  endfacet
  facet normal 0.987588 0.157069 0
    outer loop
      vertex 5.59414 0.58828 5
      vertex 5.59418 0.587972 10
      vertex 5.59418 0.587972 5
    endloop
  endfacet
  facet normal 0.453991 0.891006 -0
    outer loop
      vertex 2.8125 4.87139 5
      vertex 2.28789 5.13869 10
      vertex 2.8125 4.87139 10
    endloop
  endfacet
  facet normal 0.453991 0.891006 0
    outer loop
      vertex 2.28789 5.13869 10
      vertex 2.8125 4.87139 5
      vertex 2.28789 5.13869 5
    endloop
  endfacet
  facet normal 0.629321 0.777146 -0
    outer loop
      vertex 3.76386 4.18019 5
      vertex 3.30629 4.55072 10
      vertex 3.76386 4.18019 10
    endloop
  endfacet
  facet normal 0.629321 0.777146 0
    outer loop
      vertex 3.30629 4.55072 10
      vertex 3.76386 4.18019 5
      vertex 3.30629 4.55072 5
    endloop
  endfacet
  facet normal -0.839104 0.543971 0
    outer loop
      vertex -4.55074 3.30626 5
      vertex -4.55072 3.30629 10
      vertex -4.55072 3.30629 5
    endloop
  endfacet
  facet normal -0.839104 0.543971 0
    outer loop
      vertex -4.55072 3.30629 10
      vertex -4.55074 3.30626 5
      vertex -4.55074 3.30626 10
    endloop
  endfacet
  facet normal -0.838742 0.544528 0
    outer loop
      vertex -4.87139 2.8125 5
      vertex -4.87108 2.81297 10
      vertex -4.87108 2.81297 5
    endloop
  endfacet
  facet normal -0.838742 0.544528 0
    outer loop
      vertex -4.87108 2.81297 10
      vertex -4.87139 2.8125 5
      vertex -4.87139 2.8125 10
    endloop
  endfacet
  facet normal -0.775623 0.631197 0
    outer loop
      vertex -4.55072 3.30629 5
      vertex -4.55069 3.30633 10
      vertex -4.55069 3.30633 5
    endloop
  endfacet
  facet normal -0.775623 0.631197 0
    outer loop
      vertex -4.55069 3.30633 10
      vertex -4.55072 3.30629 5
      vertex -4.55072 3.30629 10
    endloop
  endfacet
  facet normal -0.777146 0.62932 0
    outer loop
      vertex -4.26228 3.66249 5
      vertex -4.18019 3.76386 10
      vertex -4.18019 3.76386 5
    endloop
  endfacet
  facet normal -0.777146 0.62932 0
    outer loop
      vertex -4.18019 3.76386 10
      vertex -4.26228 3.66249 5
      vertex -4.26228 3.66249 10
    endloop
  endfacet
  facet normal -0.544638 0.838671 0
    outer loop
      vertex -2.8125 4.87139 5
      vertex -3.30629 4.55072 10
      vertex -2.8125 4.87139 10
    endloop
  endfacet
  facet normal -0.544638 0.838671 0
    outer loop
      vertex -3.30629 4.55072 10
      vertex -2.8125 4.87139 5
      vertex -3.30629 4.55072 5
    endloop
  endfacet
  facet normal 0.891099 -0.453809 0
    outer loop
      vertex 4.87139 -2.8125 10
      vertex 4.87164 -2.81201 5
      vertex 4.87164 -2.81201 10
    endloop
  endfacet
  facet normal 0.891099 -0.453809 0
    outer loop
      vertex 4.87164 -2.81201 5
      vertex 4.87139 -2.8125 10
      vertex 4.87139 -2.8125 5
    endloop
  endfacet
  facet normal 0.891295 -0.453423 0
    outer loop
      vertex 5.13856 -2.28815 10
      vertex 5.13869 -2.28789 5
      vertex 5.13869 -2.28789 10
    endloop
  endfacet
  facet normal 0.891295 -0.453423 0
    outer loop
      vertex 5.13869 -2.28789 5
      vertex 5.13856 -2.28815 10
      vertex 5.13856 -2.28815 5
    endloop
  endfacet
  facet normal 0.25882 -0.965926 0
    outer loop
      vertex 1.1695 -5.50208 5
      vertex 1.73822 -5.34969 10
      vertex 1.1695 -5.50208 10
    endloop
  endfacet
  facet normal 0.25882 -0.965926 0
    outer loop
      vertex 1.73822 -5.34969 10
      vertex 1.1695 -5.50208 5
      vertex 1.73822 -5.34969 5
    endloop
  endfacet
  facet normal 0.707107 -0.707107 0
    outer loop
      vertex 3.76386 -4.18019 10
      vertex 4.18019 -3.76386 5
      vertex 4.18019 -3.76386 10
    endloop
  endfacet
  facet normal 0.707107 -0.707107 0
    outer loop
      vertex 4.18019 -3.76386 5
      vertex 3.76386 -4.18019 10
      vertex 3.76386 -4.18019 5
    endloop
  endfacet
  facet normal 0.965846 -0.259117 0
    outer loop
      vertex 5.34969 -1.73822 10
      vertex 5.34976 -1.73798 5
      vertex 5.34976 -1.73798 10
    endloop
  endfacet
  facet normal 0.965846 -0.259117 0
    outer loop
      vertex 5.34976 -1.73798 5
      vertex 5.34969 -1.73822 10
      vertex 5.34969 -1.73822 5
    endloop
  endfacet
  facet normal 0.965829 -0.259182 0
    outer loop
      vertex 5.50201 -1.16975 10
      vertex 5.50208 -1.1695 5
      vertex 5.50208 -1.1695 10
    endloop
  endfacet
  facet normal 0.965829 -0.259182 0
    outer loop
      vertex 5.50208 -1.1695 5
      vertex 5.50201 -1.16975 10
      vertex 5.50201 -1.16975 5
    endloop
  endfacet
  facet normal -0.358368 -0.933581 0
    outer loop
      vertex -2.28789 -5.13869 5
      vertex -1.73822 -5.34969 10
      vertex -2.28789 -5.13869 10
    endloop
  endfacet
  facet normal -0.358368 -0.933581 -0
    outer loop
      vertex -1.73822 -5.34969 10
      vertex -2.28789 -5.13869 5
      vertex -1.73822 -5.34969 5
    endloop
  endfacet
  facet normal -0.544639 -0.838671 0
    outer loop
      vertex -3.30629 -4.55072 5
      vertex -2.8125 -4.87139 10
      vertex -3.30629 -4.55072 10
    endloop
  endfacet
  facet normal -0.544639 -0.838671 -0
    outer loop
      vertex -2.8125 -4.87139 10
      vertex -3.30629 -4.55072 5
      vertex -2.8125 -4.87139 5
    endloop
  endfacet
  facet normal 0.93332 0.359046 0
    outer loop
      vertex 5.34969 1.73822 10
      vertex 5.34961 1.73844 5
      vertex 5.34961 1.73844 10
    endloop
  endfacet
  facet normal 0.93332 0.359046 0
    outer loop
      vertex 5.34961 1.73844 5
      vertex 5.34969 1.73822 10
      vertex 5.34969 1.73822 5
    endloop
  endfacet
  facet normal 0.933346 0.358979 0
    outer loop
      vertex 5.1388 2.28763 10
      vertex 5.13869 2.28789 5
      vertex 5.13869 2.28789 10
    endloop
  endfacet
  facet normal 0.933346 0.358979 0
    outer loop
      vertex 5.13869 2.28789 5
      vertex 5.1388 2.28763 10
      vertex 5.1388 2.28763 5
    endloop
  endfacet
  facet normal 0.891099 0.453809 0
    outer loop
      vertex 4.87164 2.81201 10
      vertex 4.87139 2.8125 5
      vertex 4.87139 2.8125 10
    endloop
  endfacet
  facet normal 0.891099 0.453809 0
    outer loop
      vertex 4.87139 2.8125 5
      vertex 4.87164 2.81201 10
      vertex 4.87164 2.81201 5
    endloop
  endfacet
  facet normal 0.891295 0.453423 0
    outer loop
      vertex 5.13869 2.28789 10
      vertex 5.13856 2.28815 5
      vertex 5.13856 2.28815 10
    endloop
  endfacet
  facet normal 0.891295 0.453423 0
    outer loop
      vertex 5.13856 2.28815 5
      vertex 5.13869 2.28789 10
      vertex 5.13869 2.28789 5
    endloop
  endfacet
  facet normal 0.838742 0.544528 0
    outer loop
      vertex 4.87139 2.8125 10
      vertex 4.87108 2.81297 5
      vertex 4.87108 2.81297 10
    endloop
  endfacet
  facet normal 0.838742 0.544528 0
    outer loop
      vertex 4.87108 2.81297 5
      vertex 4.87139 2.8125 10
      vertex 4.87139 2.8125 5
    endloop
  endfacet
  facet normal 0.839104 0.543971 0
    outer loop
      vertex 4.55074 3.30626 10
      vertex 4.55072 3.30629 5
      vertex 4.55072 3.30629 10
    endloop
  endfacet
  facet normal 0.839104 0.543971 0
    outer loop
      vertex 4.55072 3.30629 5
      vertex 4.55074 3.30626 10
      vertex 4.55074 3.30626 5
    endloop
  endfacet
  facet normal 0.358368 0.933581 -0
    outer loop
      vertex 2.28789 5.13869 5
      vertex 1.73822 5.34969 10
      vertex 2.28789 5.13869 10
    endloop
  endfacet
  facet normal 0.358368 0.933581 0
    outer loop
      vertex 1.73822 5.34969 10
      vertex 2.28789 5.13869 5
      vertex 1.73822 5.34969 5
    endloop
  endfacet
  facet normal 0.25882 0.965926 -0
    outer loop
      vertex 1.73822 5.34969 5
      vertex 1.1695 5.50208 10
      vertex 1.73822 5.34969 10
    endloop
  endfacet
  facet normal 0.25882 0.965926 0
    outer loop
      vertex 1.1695 5.50208 10
      vertex 1.73822 5.34969 5
      vertex 1.1695 5.50208 5
    endloop
  endfacet
  facet normal 0.156433 0.987689 -0
    outer loop
      vertex 1.1695 5.50208 5
      vertex 0.587972 5.59418 10
      vertex 1.1695 5.50208 10
    endloop
  endfacet
  facet normal 0.156433 0.987689 0
    outer loop
      vertex 0.587972 5.59418 10
      vertex 1.1695 5.50208 5
      vertex 0.587972 5.59418 5
    endloop
  endfacet
  facet normal 0.544639 0.838671 -0
    outer loop
      vertex 3.30629 4.55072 5
      vertex 2.8125 4.87139 10
      vertex 3.30629 4.55072 10
    endloop
  endfacet
  facet normal 0.544639 0.838671 0
    outer loop
      vertex 2.8125 4.87139 10
      vertex 3.30629 4.55072 5
      vertex 2.8125 4.87139 5
    endloop
  endfacet
  facet normal -0.707107 0.707107 0
    outer loop
      vertex -4.18019 3.76386 5
      vertex -3.76386 4.18019 10
      vertex -3.76386 4.18019 5
    endloop
  endfacet
  facet normal -0.707107 0.707107 0
    outer loop
      vertex -3.76386 4.18019 10
      vertex -4.18019 3.76386 5
      vertex -4.18019 3.76386 10
    endloop
  endfacet
  facet normal -0.891099 0.453809 0
    outer loop
      vertex -4.87164 2.81201 5
      vertex -4.87139 2.8125 10
      vertex -4.87139 2.8125 5
    endloop
  endfacet
  facet normal -0.891099 0.453809 0
    outer loop
      vertex -4.87139 2.8125 10
      vertex -4.87164 2.81201 5
      vertex -4.87164 2.81201 10
    endloop
  endfacet
  facet normal -0.891295 0.453423 0
    outer loop
      vertex -5.13869 2.28789 5
      vertex -5.13856 2.28815 10
      vertex -5.13856 2.28815 5
    endloop
  endfacet
  facet normal -0.891295 0.453423 0
    outer loop
      vertex -5.13856 2.28815 10
      vertex -5.13869 2.28789 5
      vertex -5.13869 2.28789 10
    endloop
  endfacet
  facet normal -0.93332 0.359046 0
    outer loop
      vertex -5.34969 1.73822 5
      vertex -5.34961 1.73844 10
      vertex -5.34961 1.73844 5
    endloop
  endfacet
  facet normal -0.93332 0.359046 0
    outer loop
      vertex -5.34961 1.73844 10
      vertex -5.34969 1.73822 5
      vertex -5.34969 1.73822 10
    endloop
  endfacet
  facet normal -0.933346 0.358979 0
    outer loop
      vertex -5.1388 2.28763 5
      vertex -5.13869 2.28789 10
      vertex -5.13869 2.28789 5
    endloop
  endfacet
  facet normal -0.933346 0.358979 0
    outer loop
      vertex -5.13869 2.28789 10
      vertex -5.1388 2.28763 5
      vertex -5.1388 2.28763 10
    endloop
  endfacet
  facet normal -0.965846 0.259117 0
    outer loop
      vertex -5.34976 1.73798 5
      vertex -5.34969 1.73822 10
      vertex -5.34969 1.73822 5
    endloop
  endfacet
  facet normal -0.965846 0.259117 0
    outer loop
      vertex -5.34969 1.73822 10
      vertex -5.34976 1.73798 5
      vertex -5.34976 1.73798 10
    endloop
  endfacet
  facet normal -0.965829 0.259182 0
    outer loop
      vertex -5.50208 1.1695 5
      vertex -5.50201 1.16975 10
      vertex -5.50201 1.16975 5
    endloop
  endfacet
  facet normal -0.965829 0.259182 0
    outer loop
      vertex -5.50201 1.16975 10
      vertex -5.50208 1.1695 5
      vertex -5.50208 1.1695 10
    endloop
  endfacet
  facet normal -0.987588 0.157069 0
    outer loop
      vertex -5.59418 0.587972 0
      vertex -5.59414 0.58828 10
      vertex -5.59414 0.58828 0
    endloop
  endfacet
  facet normal -0.987588 0.157069 0
    outer loop
      vertex -5.59414 0.58828 10
      vertex -5.59418 0.587972 0
      vertex -5.59418 0.587972 10
    endloop
  endfacet
  facet normal -0.987799 0.155732 0
    outer loop
      vertex -5.50212 1.16927 5
      vertex -5.50208 1.1695 10
      vertex -5.50208 1.1695 5
    endloop
  endfacet
  facet normal -0.987799 0.155732 0
    outer loop
      vertex -5.50208 1.1695 10
      vertex -5.50212 1.16927 5
      vertex -5.50212 1.16927 10
    endloop
  endfacet
  facet normal -0.453991 0.891006 0
    outer loop
      vertex -2.28789 5.13869 5
      vertex -2.8125 4.87139 10
      vertex -2.28789 5.13869 10
    endloop
  endfacet
  facet normal -0.453991 0.891006 0
    outer loop
      vertex -2.8125 4.87139 10
      vertex -2.28789 5.13869 5
      vertex -2.8125 4.87139 5
    endloop
  endfacet
  facet normal -0.0523374 0.998629 0
    outer loop
      vertex 0 5.625 5
      vertex -0.587972 5.59418 10
      vertex 0 5.625 10
    endloop
  endfacet
  facet normal -0.0523374 0.998629 0
    outer loop
      vertex -0.587972 5.59418 10
      vertex 0 5.625 5
      vertex -0.587972 5.59418 5
    endloop
  endfacet
  facet normal -0.156433 0.987689 0
    outer loop
      vertex -0.587972 5.59418 5
      vertex -1.1695 5.50208 10
      vertex -0.587972 5.59418 10
    endloop
  endfacet
  facet normal -0.156433 0.987689 0
    outer loop
      vertex -1.1695 5.50208 10
      vertex -0.587972 5.59418 5
      vertex -1.1695 5.50208 5
    endloop
  endfacet
  facet normal 0.0523374 -0.998629 0
    outer loop
      vertex 0 -5.625 5
      vertex 0.587972 -5.59418 10
      vertex 0 -5.625 10
    endloop
  endfacet
  facet normal 0.0523374 -0.998629 0
    outer loop
      vertex 0.587972 -5.59418 10
      vertex 0 -5.625 5
      vertex 0.587972 -5.59418 5
    endloop
  endfacet
  facet normal 0.156433 -0.987689 0
    outer loop
      vertex 0.587972 -5.59418 5
      vertex 1.1695 -5.50208 10
      vertex 0.587972 -5.59418 10
    endloop
  endfacet
  facet normal 0.156433 -0.987689 0
    outer loop
      vertex 1.1695 -5.50208 10
      vertex 0.587972 -5.59418 5
      vertex 1.1695 -5.50208 5
    endloop
  endfacet
  facet normal 0.453991 -0.891006 0
    outer loop
      vertex 2.28789 -5.13869 5
      vertex 2.8125 -4.87139 10
      vertex 2.28789 -5.13869 10
    endloop
  endfacet
  facet normal 0.453991 -0.891006 0
    outer loop
      vertex 2.8125 -4.87139 10
      vertex 2.28789 -5.13869 5
      vertex 2.8125 -4.87139 5
    endloop
  endfacet
  facet normal 0.629321 -0.777146 0
    outer loop
      vertex 3.30629 -4.55072 5
      vertex 3.76386 -4.18019 10
      vertex 3.30629 -4.55072 10
    endloop
  endfacet
  facet normal 0.629321 -0.777146 0
    outer loop
      vertex 3.76386 -4.18019 10
      vertex 3.30629 -4.55072 5
      vertex 3.76386 -4.18019 5
    endloop
  endfacet
  facet normal 0.775623 -0.631197 0
    outer loop
      vertex 4.55069 -3.30633 10
      vertex 4.55072 -3.30629 5
      vertex 4.55072 -3.30629 10
    endloop
  endfacet
  facet normal 0.775623 -0.631197 0
    outer loop
      vertex 4.55072 -3.30629 5
      vertex 4.55069 -3.30633 10
      vertex 4.55069 -3.30633 5
    endloop
  endfacet
  facet normal 0.777146 -0.62932 0
    outer loop
      vertex 4.18019 -3.76386 10
      vertex 4.26228 -3.66249 5
      vertex 4.26228 -3.66249 10
    endloop
  endfacet
  facet normal 0.777146 -0.62932 0
    outer loop
      vertex 4.26228 -3.66249 5
      vertex 4.18019 -3.76386 10
      vertex 4.18019 -3.76386 5
    endloop
  endfacet
  facet normal 0.838742 -0.544528 0
    outer loop
      vertex 4.87108 -2.81297 10
      vertex 4.87139 -2.8125 5
      vertex 4.87139 -2.8125 10
    endloop
  endfacet
  facet normal 0.838742 -0.544528 0
    outer loop
      vertex 4.87139 -2.8125 5
      vertex 4.87108 -2.81297 10
      vertex 4.87108 -2.81297 5
    endloop
  endfacet
  facet normal 0.839104 -0.543971 0
    outer loop
      vertex 4.55072 -3.30629 10
      vertex 4.55074 -3.30626 5
      vertex 4.55074 -3.30626 10
    endloop
  endfacet
  facet normal 0.839104 -0.543971 0
    outer loop
      vertex 4.55074 -3.30626 5
      vertex 4.55072 -3.30629 10
      vertex 4.55072 -3.30629 5
    endloop
  endfacet
  facet normal -0.156433 -0.987689 0
    outer loop
      vertex -1.1695 -5.50208 5
      vertex -0.587972 -5.59418 10
      vertex -1.1695 -5.50208 10
    endloop
  endfacet
  facet normal -0.156433 -0.987689 -0
    outer loop
      vertex -0.587972 -5.59418 10
      vertex -1.1695 -5.50208 5
      vertex -0.587972 -5.59418 5
    endloop
  endfacet
  facet normal -0.707107 -0.707107 0
    outer loop
      vertex -3.76386 -4.18019 5
      vertex -4.18019 -3.76386 10
      vertex -4.18019 -3.76386 5
    endloop
  endfacet
  facet normal -0.707107 -0.707107 0
    outer loop
      vertex -4.18019 -3.76386 10
      vertex -3.76386 -4.18019 5
      vertex -3.76386 -4.18019 10
    endloop
  endfacet
  facet normal -0.453991 -0.891006 0
    outer loop
      vertex -2.8125 -4.87139 5
      vertex -2.28789 -5.13869 10
      vertex -2.8125 -4.87139 10
    endloop
  endfacet
  facet normal -0.453991 -0.891006 -0
    outer loop
      vertex -2.28789 -5.13869 10
      vertex -2.8125 -4.87139 5
      vertex -2.28789 -5.13869 5
    endloop
  endfacet
  facet normal -0.0523374 -0.998629 0
    outer loop
      vertex -0.587972 -5.59418 5
      vertex 0 -5.625 10
      vertex -0.587972 -5.59418 10
    endloop
  endfacet
  facet normal -0.0523374 -0.998629 -0
    outer loop
      vertex 0 -5.625 10
      vertex -0.587972 -5.59418 5
      vertex 0 -5.625 5
    endloop
  endfacet
  facet normal -0.629321 -0.777146 0
    outer loop
      vertex -3.76386 -4.18019 5
      vertex -3.30629 -4.55072 10
      vertex -3.76386 -4.18019 10
    endloop
  endfacet
  facet normal -0.629321 -0.777146 -0
    outer loop
      vertex -3.30629 -4.55072 10
      vertex -3.76386 -4.18019 5
      vertex -3.30629 -4.55072 5
    endloop
  endfacet
  facet normal -0.891295 -0.453423 0
    outer loop
      vertex -5.13856 -2.28815 5
      vertex -5.13869 -2.28789 10
      vertex -5.13869 -2.28789 5
    endloop
  endfacet
  facet normal -0.891295 -0.453423 0
    outer loop
      vertex -5.13869 -2.28789 10
      vertex -5.13856 -2.28815 5
      vertex -5.13856 -2.28815 10
    endloop
  endfacet
  facet normal -0.891099 -0.453809 0
    outer loop
      vertex -4.87139 -2.8125 5
      vertex -4.87164 -2.81201 10
      vertex -4.87164 -2.81201 5
    endloop
  endfacet
  facet normal -0.891099 -0.453809 0
    outer loop
      vertex -4.87164 -2.81201 10
      vertex -4.87139 -2.8125 5
      vertex -4.87139 -2.8125 10
    endloop
  endfacet
  facet normal -0.965829 -0.259182 0
    outer loop
      vertex -5.50201 -1.16975 5
      vertex -5.50208 -1.1695 10
      vertex -5.50208 -1.1695 5
    endloop
  endfacet
  facet normal -0.965829 -0.259182 0
    outer loop
      vertex -5.50208 -1.1695 10
      vertex -5.50201 -1.16975 5
      vertex -5.50201 -1.16975 10
    endloop
  endfacet
  facet normal -0.965846 -0.259117 0
    outer loop
      vertex -5.34969 -1.73822 5
      vertex -5.34976 -1.73798 10
      vertex -5.34976 -1.73798 5
    endloop
  endfacet
  facet normal -0.965846 -0.259117 0
    outer loop
      vertex -5.34976 -1.73798 10
      vertex -5.34969 -1.73822 5
      vertex -5.34969 -1.73822 10
    endloop
  endfacet
  facet normal -0.998668 -0.0515946 0
    outer loop
      vertex -5.59418 -0.587972 0
      vertex -5.5942 -0.587667 10
      vertex -5.5942 -0.587667 0
    endloop
  endfacet
  facet normal -0.998668 -0.0515946 0
    outer loop
      vertex -5.5942 -0.587667 10
      vertex -5.59418 -0.587972 0
      vertex -5.59418 -0.587972 10
    endloop
  endfacet
  facet normal 0.777146 0.62932 0
    outer loop
      vertex 4.26228 3.66249 10
      vertex 4.18019 3.76386 5
      vertex 4.18019 3.76386 10
    endloop
  endfacet
  facet normal 0.777146 0.62932 0
    outer loop
      vertex 4.18019 3.76386 5
      vertex 4.26228 3.66249 10
      vertex 4.26228 3.66249 5
    endloop
  endfacet
  facet normal 0.775623 0.631197 0
    outer loop
      vertex 4.55072 3.30629 10
      vertex 4.55069 3.30633 5
      vertex 4.55069 3.30633 10
    endloop
  endfacet
  facet normal 0.775623 0.631197 0
    outer loop
      vertex 4.55069 3.30633 5
      vertex 4.55072 3.30629 10
      vertex 4.55072 3.30629 5
    endloop
  endfacet
  facet normal 0 0 1
    outer loop
      vertex 5.50208 1.1695 10
      vertex 5.50208 1.16949 10
      vertex 5.50212 1.16927 10
    endloop
  endfacet
  facet normal 0 -0 1
    outer loop
      vertex 5.50208 1.16949 10
      vertex 5.50208 1.1695 10
      vertex 5.50201 1.16975 10
    endloop
  endfacet
  facet normal 0 0 1
    outer loop
      vertex 5.59418 0.587972 10
      vertex 5.59418 0.587967 10
      vertex 5.5942 0.587667 10
    endloop
  endfacet
  facet normal 0 -0 1
    outer loop
      vertex 5.59418 0.587967 10
      vertex 5.59418 0.587972 10
      vertex 5.59414 0.58828 10
    endloop
  endfacet
  facet normal 0 0 1
    outer loop
      vertex 3.76386 4.18019 10
      vertex 4.26228 3.66249 10
      vertex 4.18019 3.76386 10
    endloop
  endfacet
  facet normal 0 0 1
    outer loop
      vertex 3.30629 4.55072 10
      vertex 4.26228 3.66249 10
      vertex 3.76386 4.18019 10
    endloop
  endfacet
  facet normal 0 0 1
    outer loop
      vertex 2.8125 4.87139 10
      vertex 4.26228 3.66249 10
      vertex 3.30629 4.55072 10
    endloop
  endfacet
  facet normal 0 0 1
    outer loop
      vertex 2.28789 5.13869 10
      vertex 4.26228 3.66249 10
      vertex 2.8125 4.87139 10
    endloop
  endfacet
  facet normal 0 0 1
    outer loop
      vertex 1.73822 5.34969 10
      vertex 4.26228 3.66249 10
      vertex 2.28789 5.13869 10
    endloop
  endfacet
  facet normal 0 0 1
    outer loop
      vertex 1.1695 5.50208 10
      vertex 4.26228 3.66249 10
      vertex 1.73822 5.34969 10
    endloop
  endfacet
  facet normal 0 0 1
    outer loop
      vertex 0.587972 5.59418 10
      vertex 4.26228 3.66249 10
      vertex 1.1695 5.50208 10
    endloop
  endfacet
  facet normal 0 0 1
    outer loop
      vertex 0 5.625 10
      vertex 4.26228 3.66249 10
      vertex 0.587972 5.59418 10
    endloop
  endfacet
  facet normal -0 0 1
    outer loop
      vertex -0.587972 5.59418 10
      vertex 4.26228 3.66249 10
      vertex 0 5.625 10
    endloop
  endfacet
  facet normal -0 0 1
    outer loop
      vertex -1.1695 5.50208 10
      vertex 4.26228 3.66249 10
      vertex -0.587972 5.59418 10
    endloop
  endfacet
  facet normal -0 0 1
    outer loop
      vertex -1.73822 5.34969 10
      vertex 4.26228 3.66249 10
      vertex -1.1695 5.50208 10
    endloop
  endfacet
  facet normal -0 0 1
    outer loop
      vertex -2.28789 5.13869 10
      vertex 4.26228 3.66249 10
      vertex -1.73822 5.34969 10
    endloop
  endfacet
  facet normal -0 0 1
    outer loop
      vertex -2.8125 4.87139 10
      vertex 4.26228 3.66249 10
      vertex -2.28789 5.13869 10
    endloop
  endfacet
  facet normal -0 0 1
    outer loop
      vertex -3.30629 4.55072 10
      vertex 4.26228 3.66249 10
      vertex -2.8125 4.87139 10
    endloop
  endfacet
  facet normal -0 0 1
    outer loop
      vertex -3.76386 4.18019 10
      vertex 4.26228 3.66249 10
      vertex -3.30629 4.55072 10
    endloop
  endfacet
  facet normal 0 0 1
    outer loop
      vertex -4.26228 3.66249 10
      vertex -3.76386 4.18019 10
      vertex -4.18019 3.76386 10
    endloop
  endfacet
  facet normal 0 0 1
    outer loop
      vertex -3.76386 4.18019 10
      vertex -4.26228 3.66249 10
      vertex 4.26228 3.66249 10
    endloop
  endfacet
  facet normal 0 0 1
    outer loop
      vertex 4.87139 2.8125 10
      vertex 4.87138 2.81248 10
      vertex 4.87164 2.81201 10
    endloop
  endfacet
  facet normal 0 -0 1
    outer loop
      vertex 4.87138 2.81248 10
      vertex 4.87139 2.8125 10
      vertex 4.87108 2.81297 10
    endloop
  endfacet
  facet normal -0 0 1
    outer loop
      vertex -5.59418 0.587972 10
      vertex -5.59418 0.587967 10
      vertex -5.59414 0.58828 10
    endloop
  endfacet
  facet normal 0 0 1
    outer loop
      vertex -5.59418 0.587967 10
      vertex -5.59418 0.587972 10
      vertex -5.5942 0.587667 10
    endloop
  endfacet
  facet normal -0 0 1
    outer loop
      vertex 4.87138 -2.81248 10
      vertex 4.87139 -2.8125 10
      vertex 4.87164 -2.81201 10
    endloop
  endfacet
  facet normal 0 0 1
    outer loop
      vertex 4.87139 -2.8125 10
      vertex 4.87138 -2.81248 10
      vertex 4.87108 -2.81297 10
    endloop
  endfacet
  facet normal 0 0 1
    outer loop
      vertex 4.26228 -3.66249 10
      vertex 3.76386 -4.18019 10
      vertex 4.18019 -3.76386 10
    endloop
  endfacet
  facet normal 0 0 1
    outer loop
      vertex 4.26228 -3.66249 10
      vertex 3.30629 -4.55072 10
      vertex 3.76386 -4.18019 10
    endloop
  endfacet
  facet normal 0 0 1
    outer loop
      vertex 4.26228 -3.66249 10
      vertex 2.8125 -4.87139 10
      vertex 3.30629 -4.55072 10
    endloop
  endfacet
  facet normal 0 0 1
    outer loop
      vertex 4.26228 -3.66249 10
      vertex 2.28789 -5.13869 10
      vertex 2.8125 -4.87139 10
    endloop
  endfacet
  facet normal 0 0 1
    outer loop
      vertex 4.26228 -3.66249 10
      vertex 1.73822 -5.34969 10
      vertex 2.28789 -5.13869 10
    endloop
  endfacet
  facet normal 0 0 1
    outer loop
      vertex 4.26228 -3.66249 10
      vertex 1.1695 -5.50208 10
      vertex 1.73822 -5.34969 10
    endloop
  endfacet
  facet normal 0 0 1
    outer loop
      vertex 4.26228 -3.66249 10
      vertex 0.587972 -5.59418 10
      vertex 1.1695 -5.50208 10
    endloop
  endfacet
  facet normal 0 0 1
    outer loop
      vertex 4.26228 -3.66249 10
      vertex 0 -5.625 10
      vertex 0.587972 -5.59418 10
    endloop
  endfacet
  facet normal 0 0 1
    outer loop
      vertex 4.26228 -3.66249 10
      vertex -0.587972 -5.59418 10
      vertex 0 -5.625 10
    endloop
  endfacet
  facet normal 0 0 1
    outer loop
      vertex 4.26228 -3.66249 10
      vertex -1.1695 -5.50208 10
      vertex -0.587972 -5.59418 10
    endloop
  endfacet
  facet normal 0 0 1
    outer loop
      vertex 4.26228 -3.66249 10
      vertex -1.73822 -5.34969 10
      vertex -1.1695 -5.50208 10
    endloop
  endfacet
  facet normal 0 0 1
    outer loop
      vertex 4.26228 -3.66249 10
      vertex -2.28789 -5.13869 10
      vertex -1.73822 -5.34969 10
    endloop
  endfacet
  facet normal 0 0 1
    outer loop
      vertex 4.26228 -3.66249 10
      vertex -2.8125 -4.87139 10
      vertex -2.28789 -5.13869 10
    endloop
  endfacet
  facet normal 0 0 1
    outer loop
      vertex 4.26228 -3.66249 10
      vertex -3.30629 -4.55072 10
      vertex -2.8125 -4.87139 10
    endloop
  endfacet
  facet normal 0 0 1
    outer loop
      vertex 4.26228 -3.66249 10
      vertex -3.76386 -4.18019 10
      vertex -3.30629 -4.55072 10
    endloop
  endfacet
  facet normal -0 0 1
    outer loop
      vertex -4.26228 -3.66249 10
      vertex -3.76386 -4.18019 10
      vertex 4.26228 -3.66249 10
    endloop
  endfacet
  facet normal 0 0 1
    outer loop
      vertex -3.76386 -4.18019 10
      vertex -4.26228 -3.66249 10
      vertex -4.18019 -3.76386 10
    endloop
  endfacet
  facet normal -0 0 1
    outer loop
      vertex 5.59418 -0.587967 10
      vertex 5.59418 -0.587972 10
      vertex 5.5942 -0.587667 10
    endloop
  endfacet
  facet normal 0 0 1
    outer loop
      vertex 5.59418 -0.587972 10
      vertex 5.59418 -0.587967 10
      vertex 5.59414 -0.58828 10
    endloop
  endfacet
  facet normal -0 0 1
    outer loop
      vertex 5.50208 -1.16949 10
      vertex 5.50208 -1.1695 10
      vertex 5.50212 -1.16927 10
    endloop
  endfacet
  facet normal 0 0 1
    outer loop
      vertex 5.50208 -1.1695 10
      vertex 5.50208 -1.16949 10
      vertex 5.50201 -1.16975 10
    endloop
  endfacet
  facet normal 0 0 1
    outer loop
      vertex -4.87138 -2.81248 10
      vertex -4.87139 -2.8125 10
      vertex -4.87108 -2.81297 10
    endloop
  endfacet
  facet normal 0 -0 1
    outer loop
      vertex -4.87139 -2.8125 10
      vertex -4.87138 -2.81248 10
      vertex -4.87164 -2.81201 10
    endloop
  endfacet
  facet normal 0 0 1
    outer loop
      vertex -5.59418 -0.587967 10
      vertex -5.59418 -0.587972 10
      vertex -5.59414 -0.58828 10
    endloop
  endfacet
  facet normal 0 -0 1
    outer loop
      vertex -5.59418 -0.587972 10
      vertex -5.59418 -0.587967 10
      vertex -5.5942 -0.587667 10
    endloop
  endfacet
  facet normal 0 0 1
    outer loop
      vertex -5.50208 -1.16949 10
      vertex -5.50208 -1.1695 10
      vertex -5.50201 -1.16975 10
    endloop
  endfacet
  facet normal 0 -0 1
    outer loop
      vertex -5.50208 -1.1695 10
      vertex -5.50208 -1.16949 10
      vertex -5.50212 -1.16927 10
    endloop
  endfacet
  facet normal -0 0 1
    outer loop
      vertex -4.87139 2.8125 10
      vertex -4.87138 2.81248 10
      vertex -4.87108 2.81297 10
    endloop
  endfacet
  facet normal 0 0 1
    outer loop
      vertex -4.87138 2.81248 10
      vertex -4.87139 2.8125 10
      vertex -4.87164 2.81201 10
    endloop
  endfacet
  facet normal -0 0 1
    outer loop
      vertex -5.50208 1.1695 10
      vertex -5.50208 1.16949 10
      vertex -5.50201 1.16975 10
    endloop
  endfacet
  facet normal 0 0 1
    outer loop
      vertex -5.50208 1.16949 10
      vertex -5.50208 1.1695 10
      vertex -5.50212 1.16927 10
    endloop
  endfacet
  facet normal -0.25882 0.965926 0
    outer loop
      vertex -1.1695 5.50208 5
      vertex -1.73822 5.34969 10
      vertex -1.1695 5.50208 10
    endloop
  endfacet
  facet normal -0.25882 0.965926 0
    outer loop
      vertex -1.73822 5.34969 10
      vertex -1.1695 5.50208 5
      vertex -1.73822 5.34969 5
    endloop
  endfacet
  facet normal 0.358368 -0.933581 0
    outer loop
      vertex 1.73822 -5.34969 5
      vertex 2.28789 -5.13869 10
      vertex 1.73822 -5.34969 10
    endloop
  endfacet
  facet normal 0.358368 -0.933581 0
    outer loop
      vertex 2.28789 -5.13869 10
      vertex 1.73822 -5.34969 5
      vertex 2.28789 -5.13869 5
    endloop
  endfacet
  facet normal 0.544639 -0.838671 0
    outer loop
      vertex 2.8125 -4.87139 5
      vertex 3.30629 -4.55072 10
      vertex 2.8125 -4.87139 10
    endloop
  endfacet
  facet normal 0.544639 -0.838671 0
    outer loop
      vertex 3.30629 -4.55072 10
      vertex 2.8125 -4.87139 5
      vertex 3.30629 -4.55072 5
    endloop
  endfacet
  facet normal 0.93332 -0.359046 0
    outer loop
      vertex 5.34961 -1.73844 10
      vertex 5.34969 -1.73822 5
      vertex 5.34969 -1.73822 10
    endloop
  endfacet
  facet normal 0.93332 -0.359046 0
    outer loop
      vertex 5.34969 -1.73822 5
      vertex 5.34961 -1.73844 10
      vertex 5.34961 -1.73844 5
    endloop
  endfacet
  facet normal 0.933346 -0.358979 0
    outer loop
      vertex 5.13869 -2.28789 10
      vertex 5.1388 -2.28763 5
      vertex 5.1388 -2.28763 10
    endloop
  endfacet
  facet normal 0.933346 -0.358979 0
    outer loop
      vertex 5.1388 -2.28763 5
      vertex 5.13869 -2.28789 10
      vertex 5.13869 -2.28789 5
    endloop
  endfacet
  facet normal 0.987588 -0.157069 0
    outer loop
      vertex 5.59414 -0.58828 10
      vertex 5.59418 -0.587972 5
      vertex 5.59418 -0.587972 10
    endloop
  endfacet
  facet normal 0.987588 -0.157069 0
    outer loop
      vertex 5.59418 -0.587972 5
      vertex 5.59414 -0.58828 10
      vertex 5.59414 -0.58828 5
    endloop
  endfacet
  facet normal 0.987799 -0.155732 0
    outer loop
      vertex 5.50208 -1.1695 10
      vertex 5.50212 -1.16927 5
      vertex 5.50212 -1.16927 10
    endloop
  endfacet
  facet normal 0.987799 -0.155732 0
    outer loop
      vertex 5.50212 -1.16927 5
      vertex 5.50208 -1.1695 10
      vertex 5.50208 -1.1695 5
    endloop
  endfacet
  facet normal 0.998668 -0.0515946 0
    outer loop
      vertex 5.59418 -0.587972 10
      vertex 5.5942 -0.587667 5
      vertex 5.5942 -0.587667 10
    endloop
  endfacet
  facet normal 0.998668 -0.0515946 0
    outer loop
      vertex 5.5942 -0.587667 5
      vertex 5.59418 -0.587972 10
      vertex 5.59418 -0.587972 5
    endloop
  endfacet
  facet normal -0.25882 -0.965926 0
    outer loop
      vertex -1.73822 -5.34969 5
      vertex -1.1695 -5.50208 10
      vertex -1.73822 -5.34969 10
    endloop
  endfacet
  facet normal -0.25882 -0.965926 -0
    outer loop
      vertex -1.1695 -5.50208 10
      vertex -1.73822 -5.34969 5
      vertex -1.1695 -5.50208 5
    endloop
  endfacet
  facet normal -0.839104 -0.543971 0
    outer loop
      vertex -4.55072 -3.30629 5
      vertex -4.55074 -3.30626 10
      vertex -4.55074 -3.30626 5
    endloop
  endfacet
  facet normal -0.839104 -0.543971 0
    outer loop
      vertex -4.55074 -3.30626 10
      vertex -4.55072 -3.30629 5
      vertex -4.55072 -3.30629 10
    endloop
  endfacet
  facet normal -0.838742 -0.544528 0
    outer loop
      vertex -4.87108 -2.81297 5
      vertex -4.87139 -2.8125 10
      vertex -4.87139 -2.8125 5
    endloop
  endfacet
  facet normal -0.838742 -0.544528 0
    outer loop
      vertex -4.87139 -2.8125 10
      vertex -4.87108 -2.81297 5
      vertex -4.87108 -2.81297 10
    endloop
  endfacet
  facet normal -0.987588 -0.157069 0
    outer loop
      vertex -5.59414 -0.58828 0
      vertex -5.59418 -0.587972 10
      vertex -5.59418 -0.587972 0
    endloop
  endfacet
  facet normal -0.987588 -0.157069 0
    outer loop
      vertex -5.59418 -0.587972 10
      vertex -5.59414 -0.58828 0
      vertex -5.59414 -0.58828 10
    endloop
  endfacet
  facet normal -0.987799 -0.155732 0
    outer loop
      vertex -5.50208 -1.1695 5
      vertex -5.50212 -1.16927 10
      vertex -5.50212 -1.16927 5
    endloop
  endfacet
  facet normal -0.987799 -0.155732 0
    outer loop
      vertex -5.50212 -1.16927 10
      vertex -5.50208 -1.1695 5
      vertex -5.50208 -1.1695 10
    endloop
  endfacet
  facet normal -0.933346 -0.358979 0
    outer loop
      vertex -5.13869 -2.28789 5
      vertex -5.1388 -2.28763 10
      vertex -5.1388 -2.28763 5
    endloop
  endfacet
  facet normal -0.933346 -0.358979 0
    outer loop
      vertex -5.1388 -2.28763 10
      vertex -5.13869 -2.28789 5
      vertex -5.13869 -2.28789 10
    endloop
  endfacet
  facet normal -0.93332 -0.359046 0
    outer loop
      vertex -5.34961 -1.73844 5
      vertex -5.34969 -1.73822 10
      vertex -5.34969 -1.73822 5
    endloop
  endfacet
  facet normal -0.93332 -0.359046 0
    outer loop
      vertex -5.34969 -1.73822 10
      vertex -5.34961 -1.73844 5
      vertex -5.34961 -1.73844 10
    endloop
  endfacet
  facet normal 0 -1 0
    outer loop
      vertex -4.26675 -3.66249 16
      vertex -4.26228 -3.66249 10
      vertex 4.26675 -3.66249 16
    endloop
  endfacet
  facet normal 0 -1 0
    outer loop
      vertex -4.26675 -3.66249 5
      vertex -4.26228 -3.66249 10
      vertex -4.26675 -3.66249 16
    endloop
  endfacet
  facet normal 0 -1 -0
    outer loop
      vertex -4.26228 -3.66249 10
      vertex -4.26675 -3.66249 5
      vertex -4.26228 -3.66249 5
    endloop
  endfacet
  facet normal 0 -1 0
    outer loop
      vertex 4.26228 -3.66249 10
      vertex 4.26675 -3.66249 16
      vertex -4.26228 -3.66249 10
    endloop
  endfacet
  facet normal 0 -1 0
    outer loop
      vertex 4.26675 -3.66249 5
      vertex 4.26228 -3.66249 10
      vertex 4.26228 -3.66249 5
    endloop
  endfacet
  facet normal 0 -1 0
    outer loop
      vertex 4.26228 -3.66249 10
      vertex 4.26675 -3.66249 5
      vertex 4.26675 -3.66249 16
    endloop
  endfacet
  facet normal 0.760398 -0.649457 0
    outer loop
      vertex 4.26675 -3.66249 16
      vertex 4.37144 -3.53992 5
      vertex 4.37144 -3.53992 16
    endloop
  endfacet
  facet normal 0.760398 -0.649457 0
    outer loop
      vertex 4.37144 -3.53992 5
      vertex 4.26675 -3.66249 16
      vertex 4.26675 -3.66249 5
    endloop
  endfacet
  facet normal 0.791854 -0.610711 0
    outer loop
      vertex 4.55072 -3.30629 16
      vertex 4.55069 -3.30633 10
      vertex 4.55072 -3.30629 10
    endloop
  endfacet
  facet normal 0.793342 -0.608776 -1.87385e-08
    outer loop
      vertex 4.37144 -3.53992 16
      vertex 4.55069 -3.30633 10
      vertex 4.55072 -3.30629 16
    endloop
  endfacet
  facet normal 0.793342 -0.608776 0
    outer loop
      vertex 4.37144 -3.53992 5
      vertex 4.55069 -3.30633 10
      vertex 4.37144 -3.53992 16
    endloop
  endfacet
  facet normal 0.793342 -0.608776 0
    outer loop
      vertex 4.55069 -3.30633 10
      vertex 4.37144 -3.53992 5
      vertex 4.55069 -3.30633 5
    endloop
  endfacet
  facet normal -0.760398 0.649457 0
    outer loop
      vertex -4.37144 3.53992 5
      vertex -4.26675 3.66249 16
      vertex -4.26675 3.66249 5
    endloop
  endfacet
  facet normal -0.760398 0.649457 0
    outer loop
      vertex -4.26675 3.66249 16
      vertex -4.37144 3.53992 5
      vertex -4.37144 3.53992 16
    endloop
  endfacet
  facet normal 0 1 0
    outer loop
      vertex 4.26675 3.66249 16
      vertex 4.26228 3.66249 10
      vertex -4.26675 3.66249 16
    endloop
  endfacet
  facet normal 0 1 -0
    outer loop
      vertex 4.26675 3.66249 5
      vertex 4.26228 3.66249 10
      vertex 4.26675 3.66249 16
    endloop
  endfacet
  facet normal 0 1 0
    outer loop
      vertex 4.26228 3.66249 10
      vertex 4.26675 3.66249 5
      vertex 4.26228 3.66249 5
    endloop
  endfacet
  facet normal 0 1 -0
    outer loop
      vertex -4.26228 3.66249 10
      vertex -4.26675 3.66249 16
      vertex 4.26228 3.66249 10
    endloop
  endfacet
  facet normal 0 1 0
    outer loop
      vertex -4.26675 3.66249 5
      vertex -4.26228 3.66249 10
      vertex -4.26228 3.66249 5
    endloop
  endfacet
  facet normal 0 1 0
    outer loop
      vertex -4.26228 3.66249 10
      vertex -4.26675 3.66249 5
      vertex -4.26675 3.66249 16
    endloop
  endfacet
  facet normal -0.999656 -0.0262181 0
    outer loop
      vertex -5.61728 -0.294388 0
      vertex -5.625 0 16
      vertex -5.625 0 0
    endloop
  endfacet
  facet normal -0.999656 -0.0262181 0
    outer loop
      vertex -5.625 0 16
      vertex -5.61728 -0.294388 0
      vertex -5.61728 -0.294388 16
    endloop
  endfacet
  facet normal -0.942644 0.333801 0
    outer loop
      vertex -5.34961 1.73844 10
      vertex -5.25139 2.01581 5
      vertex -5.34961 1.73844 5
    endloop
  endfacet
  facet normal -0.942644 0.333801 0
    outer loop
      vertex -5.25139 2.01581 5
      vertex -5.34961 1.73844 10
      vertex -5.25139 2.01581 16
    endloop
  endfacet
  facet normal -0.942397 0.334496 0
    outer loop
      vertex -5.34969 1.73822 16
      vertex -5.34961 1.73844 10
      vertex -5.34969 1.73822 10
    endloop
  endfacet
  facet normal -0.942644 0.333801 -2.92501e-08
    outer loop
      vertex -5.34961 1.73844 10
      vertex -5.34969 1.73822 16
      vertex -5.25139 2.01581 16
    endloop
  endfacet
  facet normal -0.760398 -0.649457 0
    outer loop
      vertex -4.26675 -3.66249 5
      vertex -4.37144 -3.53992 16
      vertex -4.37144 -3.53992 5
    endloop
  endfacet
  facet normal -0.760398 -0.649457 0
    outer loop
      vertex -4.37144 -3.53992 16
      vertex -4.26675 -3.66249 5
      vertex -4.26675 -3.66249 16
    endloop
  endfacet
  facet normal -0.991446 -0.130517 0
    outer loop
      vertex -5.59414 -0.58828 0
      vertex -5.55574 -0.879944 0
      vertex -5.59414 -0.58828 10
    endloop
  endfacet
  facet normal -0.991362 -0.131152 0
    outer loop
      vertex -5.59414 -0.58828 10
      vertex -5.59418 -0.587967 16
      vertex -5.59418 -0.587967 10
    endloop
  endfacet
  facet normal -0.991446 -0.130517 -0
    outer loop
      vertex -5.55574 -0.879944 16
      vertex -5.59414 -0.58828 10
      vertex -5.55574 -0.879944 0
    endloop
  endfacet
  facet normal -0.991446 -0.130518 -3.37146e-08
    outer loop
      vertex -5.59414 -0.58828 10
      vertex -5.55574 -0.879944 16
      vertex -5.59418 -0.587967 16
    endloop
  endfacet
  facet normal -0.999656 0.0262181 0
    outer loop
      vertex -5.625 0 0
      vertex -5.61728 0.294388 16
      vertex -5.61728 0.294388 0
    endloop
  endfacet
  facet normal -0.999656 0.0262181 0
    outer loop
      vertex -5.61728 0.294388 16
      vertex -5.625 0 0
      vertex -5.625 0 16
    endloop
  endfacet
  facet normal -0.991446 0.130517 0
    outer loop
      vertex -5.59414 0.58828 10
      vertex -5.55574 0.879944 0
      vertex -5.59414 0.58828 0
    endloop
  endfacet
  facet normal -0.991446 0.130517 0
    outer loop
      vertex -5.55574 0.879944 0
      vertex -5.59414 0.58828 10
      vertex -5.55574 0.879944 16
    endloop
  endfacet
  facet normal -0.991362 0.131152 0
    outer loop
      vertex -5.59418 0.587967 16
      vertex -5.59414 0.58828 10
      vertex -5.59418 0.587967 10
    endloop
  endfacet
  facet normal -0.991446 0.130518 -3.37146e-08
    outer loop
      vertex -5.59414 0.58828 10
      vertex -5.59418 0.587967 16
      vertex -5.55574 0.879944 16
    endloop
  endfacet
  facet normal 0.878906 0.476994 0
    outer loop
      vertex 4.87138 2.81248 16
      vertex 4.87164 2.81201 10
      vertex 4.87138 2.81248 10
    endloop
  endfacet
  facet normal 0.878807 0.477178 -1.87575e-08
    outer loop
      vertex 5.0119 2.5537 16
      vertex 4.87164 2.81201 10
      vertex 4.87138 2.81248 16
    endloop
  endfacet
  facet normal 0.878807 0.477178 -0
    outer loop
      vertex 5.0119 2.5537 5
      vertex 4.87164 2.81201 10
      vertex 5.0119 2.5537 16
    endloop
  endfacet
  facet normal 0.878807 0.477178 0
    outer loop
      vertex 4.87164 2.81201 10
      vertex 5.0119 2.5537 5
      vertex 4.87164 2.81201 5
    endloop
  endfacet
  facet normal 0.983388 0.181517 0
    outer loop
      vertex 5.50208 1.16949 16
      vertex 5.50212 1.16927 10
      vertex 5.50208 1.16949 10
    endloop
  endfacet
  facet normal 0.983255 0.182236 -2.81739e-08
    outer loop
      vertex 5.55574 0.879944 16
      vertex 5.50212 1.16927 10
      vertex 5.50208 1.16949 16
    endloop
  endfacet
  facet normal 0.983255 0.182236 -0
    outer loop
      vertex 5.55574 0.879944 5
      vertex 5.50212 1.16927 10
      vertex 5.55574 0.879944 16
    endloop
  endfacet
  facet normal 0.983255 0.182236 0
    outer loop
      vertex 5.50212 1.16927 10
      vertex 5.55574 0.879944 5
      vertex 5.50212 1.16927 5
    endloop
  endfacet
  facet normal 0.999656 -0.0262181 0
    outer loop
      vertex 5.61728 -0.294388 16
      vertex 5.625 0 5
      vertex 5.625 0 16
    endloop
  endfacet
  facet normal 0.999656 -0.0262181 0
    outer loop
      vertex 5.625 0 5
      vertex 5.61728 -0.294388 16
      vertex 5.61728 -0.294388 5
    endloop
  endfacet
  facet normal 0.878807 -0.477178 0
    outer loop
      vertex 5.0119 -2.5537 16
      vertex 4.87164 -2.81201 10
      vertex 5.0119 -2.5537 5
    endloop
  endfacet
  facet normal 0.878807 -0.477178 -1.87575e-08
    outer loop
      vertex 4.87138 -2.81248 16
      vertex 4.87164 -2.81201 10
      vertex 5.0119 -2.5537 16
    endloop
  endfacet
  facet normal 0.878906 -0.476994 0
    outer loop
      vertex 4.87164 -2.81201 10
      vertex 4.87138 -2.81248 16
      vertex 4.87138 -2.81248 10
    endloop
  endfacet
  facet normal 0.878807 -0.477178 0
    outer loop
      vertex 5.0119 -2.5537 5
      vertex 4.87164 -2.81201 10
      vertex 4.87164 -2.81201 5
    endloop
  endfacet
  facet normal -0.852646 0.522489 0
    outer loop
      vertex -4.87108 2.81297 10
      vertex -4.71751 3.06358 5
      vertex -4.87108 2.81297 5
    endloop
  endfacet
  facet normal -0.852646 0.522489 0
    outer loop
      vertex -4.71751 3.06358 5
      vertex -4.87108 2.81297 10
      vertex -4.71751 3.06358 16
    endloop
  endfacet
  facet normal -0.852715 0.522376 0
    outer loop
      vertex -4.87138 2.81248 16
      vertex -4.87108 2.81297 10
      vertex -4.87138 2.81248 10
    endloop
  endfacet
  facet normal -0.852646 0.522489 1.26086e-08
    outer loop
      vertex -4.87108 2.81297 10
      vertex -4.87138 2.81248 16
      vertex -4.71751 3.06358 16
    endloop
  endfacet
  facet normal -0.824148 -0.566375 -0
    outer loop
      vertex -4.55074 -3.30626 10
      vertex -4.71751 -3.06358 5
      vertex -4.55074 -3.30626 5
    endloop
  endfacet
  facet normal -0.824148 -0.566375 0
    outer loop
      vertex -4.71751 -3.06358 5
      vertex -4.55074 -3.30626 10
      vertex -4.71751 -3.06358 16
    endloop
  endfacet
  facet normal -0.824568 -0.565762 -0
    outer loop
      vertex -4.55072 -3.30629 16
      vertex -4.55074 -3.30626 10
      vertex -4.55072 -3.30629 10
    endloop
  endfacet
  facet normal -0.824148 -0.566375 -4.90633e-09
    outer loop
      vertex -4.55074 -3.30626 10
      vertex -4.55072 -3.30629 16
      vertex -4.71751 -3.06358 16
    endloop
  endfacet
  facet normal -0.878807 -0.477178 -0
    outer loop
      vertex -4.87164 -2.81201 10
      vertex -5.0119 -2.5537 5
      vertex -4.87164 -2.81201 5
    endloop
  endfacet
  facet normal -0.878807 -0.477178 0
    outer loop
      vertex -5.0119 -2.5537 5
      vertex -4.87164 -2.81201 10
      vertex -5.0119 -2.5537 16
    endloop
  endfacet
  facet normal -0.878906 -0.476994 -0
    outer loop
      vertex -4.87138 -2.81248 16
      vertex -4.87164 -2.81201 10
      vertex -4.87138 -2.81248 10
    endloop
  endfacet
  facet normal -0.878807 -0.477178 -1.87575e-08
    outer loop
      vertex -4.87164 -2.81201 10
      vertex -4.87138 -2.81248 16
      vertex -5.0119 -2.5537 16
    endloop
  endfacet
  facet normal -0.923877 -0.38269 -0
    outer loop
      vertex -5.1388 -2.28763 10
      vertex -5.25139 -2.01581 5
      vertex -5.1388 -2.28763 5
    endloop
  endfacet
  facet normal -0.923877 -0.38269 0
    outer loop
      vertex -5.25139 -2.01581 5
      vertex -5.1388 -2.28763 10
      vertex -5.25139 -2.01581 16
    endloop
  endfacet
  facet normal -0.923626 -0.383296 -0
    outer loop
      vertex -5.13869 -2.28789 16
      vertex -5.1388 -2.28763 10
      vertex -5.13869 -2.28789 10
    endloop
  endfacet
  facet normal -0.923877 -0.38269 3.08623e-08
    outer loop
      vertex -5.1388 -2.28763 10
      vertex -5.13869 -2.28789 16
      vertex -5.25139 -2.01581 16
    endloop
  endfacet
  facet normal -0.902583 -0.430515 0
    outer loop
      vertex -5.13856 -2.28815 5
      vertex -5.0119 -2.5537 5
      vertex -5.13856 -2.28815 10
    endloop
  endfacet
  facet normal -0.902861 -0.429934 0
    outer loop
      vertex -5.13856 -2.28815 10
      vertex -5.13869 -2.28789 16
      vertex -5.13869 -2.28789 10
    endloop
  endfacet
  facet normal -0.902583 -0.430515 -0
    outer loop
      vertex -5.0119 -2.5537 16
      vertex -5.13856 -2.28815 10
      vertex -5.0119 -2.5537 5
    endloop
  endfacet
  facet normal -0.902584 -0.430515 3.15357e-08
    outer loop
      vertex -5.13856 -2.28815 10
      vertex -5.0119 -2.5537 16
      vertex -5.13869 -2.28789 16
    endloop
  endfacet
  facet normal -0.852646 -0.522489 0
    outer loop
      vertex -4.87108 -2.81297 5
      vertex -4.71751 -3.06358 5
      vertex -4.87108 -2.81297 10
    endloop
  endfacet
  facet normal -0.852715 -0.522376 0
    outer loop
      vertex -4.87108 -2.81297 10
      vertex -4.87138 -2.81248 16
      vertex -4.87138 -2.81248 10
    endloop
  endfacet
  facet normal -0.852646 -0.522489 -0
    outer loop
      vertex -4.71751 -3.06358 16
      vertex -4.87108 -2.81297 10
      vertex -4.71751 -3.06358 5
    endloop
  endfacet
  facet normal -0.852646 -0.522489 1.26086e-08
    outer loop
      vertex -4.87108 -2.81297 10
      vertex -4.71751 -3.06358 16
      vertex -4.87138 -2.81248 16
    endloop
  endfacet
  facet normal -0.793342 -0.608776 0
    outer loop
      vertex -4.55069 -3.30633 5
      vertex -4.37144 -3.53992 5
      vertex -4.55069 -3.30633 10
    endloop
  endfacet
  facet normal -0.791854 -0.610711 0
    outer loop
      vertex -4.55069 -3.30633 10
      vertex -4.55072 -3.30629 16
      vertex -4.55072 -3.30629 10
    endloop
  endfacet
  facet normal -0.793342 -0.608776 -0
    outer loop
      vertex -4.37144 -3.53992 16
      vertex -4.55069 -3.30633 10
      vertex -4.37144 -3.53992 5
    endloop
  endfacet
  facet normal -0.793342 -0.608776 -1.87385e-08
    outer loop
      vertex -4.55069 -3.30633 10
      vertex -4.37144 -3.53992 16
      vertex -4.55072 -3.30629 16
    endloop
  endfacet
  facet normal -0.996918 -0.0784485 -0
    outer loop
      vertex -5.5942 -0.587667 10
      vertex -5.61728 -0.294388 0
      vertex -5.5942 -0.587667 0
    endloop
  endfacet
  facet normal -0.996918 -0.0784485 0
    outer loop
      vertex -5.61728 -0.294388 0
      vertex -5.5942 -0.587667 10
      vertex -5.61728 -0.294388 16
    endloop
  endfacet
  facet normal -0.996977 -0.0776968 -0
    outer loop
      vertex -5.59418 -0.587967 16
      vertex -5.5942 -0.587667 10
      vertex -5.59418 -0.587967 10
    endloop
  endfacet
  facet normal -0.996918 -0.0784477 -3.77506e-08
    outer loop
      vertex -5.5942 -0.587667 10
      vertex -5.59418 -0.587967 16
      vertex -5.61728 -0.294388 16
    endloop
  endfacet
  facet normal -0.942644 -0.333801 0
    outer loop
      vertex -5.34961 -1.73844 5
      vertex -5.25139 -2.01581 5
      vertex -5.34961 -1.73844 10
    endloop
  endfacet
  facet normal -0.942397 -0.334496 0
    outer loop
      vertex -5.34961 -1.73844 10
      vertex -5.34969 -1.73822 16
      vertex -5.34969 -1.73822 10
    endloop
  endfacet
  facet normal -0.942644 -0.333801 -0
    outer loop
      vertex -5.25139 -2.01581 16
      vertex -5.34961 -1.73844 10
      vertex -5.25139 -2.01581 5
    endloop
  endfacet
  facet normal -0.942644 -0.333801 -2.92501e-08
    outer loop
      vertex -5.34961 -1.73844 10
      vertex -5.25139 -2.01581 16
      vertex -5.34969 -1.73822 16
    endloop
  endfacet
  facet normal -0.972365 -0.233467 0
    outer loop
      vertex -5.50201 -1.16975 5
      vertex -5.43332 -1.45586 5
      vertex -5.50201 -1.16975 10
    endloop
  endfacet
  facet normal -0.972279 -0.233822 0
    outer loop
      vertex -5.50201 -1.16975 10
      vertex -5.50208 -1.16949 16
      vertex -5.50208 -1.16949 10
    endloop
  endfacet
  facet normal -0.972365 -0.233467 -0
    outer loop
      vertex -5.43332 -1.45586 16
      vertex -5.50201 -1.16975 10
      vertex -5.43332 -1.45586 5
    endloop
  endfacet
  facet normal -0.972365 -0.233467 -1.5884e-08
    outer loop
      vertex -5.50201 -1.16975 10
      vertex -5.43332 -1.45586 16
      vertex -5.50208 -1.16949 16
    endloop
  endfacet
  facet normal -0.958826 -0.283995 -0
    outer loop
      vertex -5.34976 -1.73798 10
      vertex -5.43332 -1.45586 5
      vertex -5.34976 -1.73798 5
    endloop
  endfacet
  facet normal -0.958826 -0.283995 0
    outer loop
      vertex -5.43332 -1.45586 5
      vertex -5.34976 -1.73798 10
      vertex -5.43332 -1.45586 16
    endloop
  endfacet
  facet normal -0.95874 -0.284286 -0
    outer loop
      vertex -5.34969 -1.73822 16
      vertex -5.34976 -1.73798 10
      vertex -5.34969 -1.73822 10
    endloop
  endfacet
  facet normal -0.958826 -0.283995 1.2474e-08
    outer loop
      vertex -5.34976 -1.73798 10
      vertex -5.34969 -1.73822 16
      vertex -5.43332 -1.45586 16
    endloop
  endfacet
  facet normal -0.996918 0.0784485 0
    outer loop
      vertex -5.5942 0.587667 0
      vertex -5.61728 0.294388 0
      vertex -5.5942 0.587667 10
    endloop
  endfacet
  facet normal -0.996977 0.0776968 0
    outer loop
      vertex -5.5942 0.587667 10
      vertex -5.59418 0.587967 16
      vertex -5.59418 0.587967 10
    endloop
  endfacet
  facet normal -0.996918 0.0784485 0
    outer loop
      vertex -5.61728 0.294388 16
      vertex -5.5942 0.587667 10
      vertex -5.61728 0.294388 0
    endloop
  endfacet
  facet normal -0.996918 0.0784477 -3.77506e-08
    outer loop
      vertex -5.5942 0.587667 10
      vertex -5.61728 0.294388 16
      vertex -5.59418 0.587967 16
    endloop
  endfacet
  facet normal -0.983256 0.182232 0
    outer loop
      vertex -5.55092 0.905971 0
      vertex -5.55574 0.879944 0
      vertex -5.55092 0.905971 5
    endloop
  endfacet
  facet normal -0.983255 0.182237 0
    outer loop
      vertex -5.50212 1.16927 5
      vertex -5.55092 0.905971 5
      vertex -5.50212 1.16927 10
    endloop
  endfacet
  facet normal -0.983388 0.181517 0
    outer loop
      vertex -5.50212 1.16927 10
      vertex -5.50208 1.16949 16
      vertex -5.50208 1.16949 10
    endloop
  endfacet
  facet normal -0.983255 0.182237 1.11798e-08
    outer loop
      vertex -5.55574 0.879944 16
      vertex -5.50212 1.16927 10
      vertex -5.55092 0.905971 5
    endloop
  endfacet
  facet normal -0.983255 0.182236 -2.81739e-08
    outer loop
      vertex -5.50212 1.16927 10
      vertex -5.55574 0.879944 16
      vertex -5.50208 1.16949 16
    endloop
  endfacet
  facet normal -0.983256 0.182232 0
    outer loop
      vertex -5.55574 0.879944 16
      vertex -5.55092 0.905971 5
      vertex -5.55574 0.879944 0
    endloop
  endfacet
  facet normal 0.996977 0.0776968 0
    outer loop
      vertex 5.59418 0.587967 16
      vertex 5.5942 0.587667 10
      vertex 5.59418 0.587967 10
    endloop
  endfacet
  facet normal 0.996918 0.0784477 -3.77506e-08
    outer loop
      vertex 5.61728 0.294388 16
      vertex 5.5942 0.587667 10
      vertex 5.59418 0.587967 16
    endloop
  endfacet
  facet normal 0.996918 0.0784485 -0
    outer loop
      vertex 5.61728 0.294388 5
      vertex 5.5942 0.587667 10
      vertex 5.61728 0.294388 16
    endloop
  endfacet
  facet normal 0.996918 0.0784485 0
    outer loop
      vertex 5.5942 0.587667 10
      vertex 5.61728 0.294388 5
      vertex 5.5942 0.587667 5
    endloop
  endfacet
  facet normal 0.793342 0.608776 0
    outer loop
      vertex 4.37144 3.53992 16
      vertex 4.55069 3.30633 10
      vertex 4.37144 3.53992 5
    endloop
  endfacet
  facet normal 0.793342 0.608776 -1.87385e-08
    outer loop
      vertex 4.55072 3.30629 16
      vertex 4.55069 3.30633 10
      vertex 4.37144 3.53992 16
    endloop
  endfacet
  facet normal 0.791854 0.610711 0
    outer loop
      vertex 4.55069 3.30633 10
      vertex 4.55072 3.30629 16
      vertex 4.55072 3.30629 10
    endloop
  endfacet
  facet normal 0.793342 0.608776 0
    outer loop
      vertex 4.37144 3.53992 5
      vertex 4.55069 3.30633 10
      vertex 4.55069 3.30633 5
    endloop
  endfacet
  facet normal 0.923626 0.383296 0
    outer loop
      vertex 5.13869 2.28789 16
      vertex 5.1388 2.28763 10
      vertex 5.13869 2.28789 10
    endloop
  endfacet
  facet normal 0.923877 0.38269 3.08623e-08
    outer loop
      vertex 5.25139 2.01581 16
      vertex 5.1388 2.28763 10
      vertex 5.13869 2.28789 16
    endloop
  endfacet
  facet normal 0.923877 0.38269 -0
    outer loop
      vertex 5.25139 2.01581 5
      vertex 5.1388 2.28763 10
      vertex 5.25139 2.01581 16
    endloop
  endfacet
  facet normal 0.923877 0.38269 0
    outer loop
      vertex 5.1388 2.28763 10
      vertex 5.25139 2.01581 5
      vertex 5.1388 2.28763 5
    endloop
  endfacet
  facet normal 0.942644 0.333801 0
    outer loop
      vertex 5.25139 2.01581 16
      vertex 5.34961 1.73844 10
      vertex 5.25139 2.01581 5
    endloop
  endfacet
  facet normal 0.942644 0.333801 -2.92501e-08
    outer loop
      vertex 5.34969 1.73822 16
      vertex 5.34961 1.73844 10
      vertex 5.25139 2.01581 16
    endloop
  endfacet
  facet normal 0.942397 0.334496 0
    outer loop
      vertex 5.34961 1.73844 10
      vertex 5.34969 1.73822 16
      vertex 5.34969 1.73822 10
    endloop
  endfacet
  facet normal 0.942644 0.333801 0
    outer loop
      vertex 5.25139 2.01581 5
      vertex 5.34961 1.73844 10
      vertex 5.34961 1.73844 5
    endloop
  endfacet
  facet normal 0.958826 -0.283995 0
    outer loop
      vertex 5.43332 -1.45586 16
      vertex 5.34976 -1.73798 10
      vertex 5.43332 -1.45586 5
    endloop
  endfacet
  facet normal 0.958826 -0.283995 1.2474e-08
    outer loop
      vertex 5.34969 -1.73822 16
      vertex 5.34976 -1.73798 10
      vertex 5.43332 -1.45586 16
    endloop
  endfacet
  facet normal 0.95874 -0.284286 0
    outer loop
      vertex 5.34976 -1.73798 10
      vertex 5.34969 -1.73822 16
      vertex 5.34969 -1.73822 10
    endloop
  endfacet
  facet normal 0.958826 -0.283995 0
    outer loop
      vertex 5.43332 -1.45586 5
      vertex 5.34976 -1.73798 10
      vertex 5.34976 -1.73798 5
    endloop
  endfacet
  facet normal 0.983255 -0.182236 0
    outer loop
      vertex 5.55574 -0.879944 16
      vertex 5.50212 -1.16927 10
      vertex 5.55574 -0.879944 5
    endloop
  endfacet
  facet normal 0.983255 -0.182236 -2.81739e-08
    outer loop
      vertex 5.50208 -1.16949 16
      vertex 5.50212 -1.16927 10
      vertex 5.55574 -0.879944 16
    endloop
  endfacet
  facet normal 0.983388 -0.181517 0
    outer loop
      vertex 5.50212 -1.16927 10
      vertex 5.50208 -1.16949 16
      vertex 5.50208 -1.16949 10
    endloop
  endfacet
  facet normal 0.983255 -0.182236 0
    outer loop
      vertex 5.55574 -0.879944 5
      vertex 5.50212 -1.16927 10
      vertex 5.50212 -1.16927 5
    endloop
  endfacet
  facet normal 0.942397 -0.334496 0
    outer loop
      vertex 5.34969 -1.73822 16
      vertex 5.34961 -1.73844 10
      vertex 5.34969 -1.73822 10
    endloop
  endfacet
  facet normal 0.942644 -0.333801 -2.92501e-08
    outer loop
      vertex 5.25139 -2.01581 16
      vertex 5.34961 -1.73844 10
      vertex 5.34969 -1.73822 16
    endloop
  endfacet
  facet normal 0.942644 -0.333801 0
    outer loop
      vertex 5.25139 -2.01581 5
      vertex 5.34961 -1.73844 10
      vertex 5.25139 -2.01581 16
    endloop
  endfacet
  facet normal 0.942644 -0.333801 0
    outer loop
      vertex 5.34961 -1.73844 10
      vertex 5.25139 -2.01581 5
      vertex 5.34961 -1.73844 5
    endloop
  endfacet
  facet normal 0.902861 -0.429934 0
    outer loop
      vertex 5.13869 -2.28789 16
      vertex 5.13856 -2.28815 10
      vertex 5.13869 -2.28789 10
    endloop
  endfacet
  facet normal 0.902584 -0.430515 3.15357e-08
    outer loop
      vertex 5.0119 -2.5537 16
      vertex 5.13856 -2.28815 10
      vertex 5.13869 -2.28789 16
    endloop
  endfacet
  facet normal 0.902583 -0.430515 0
    outer loop
      vertex 5.0119 -2.5537 5
      vertex 5.13856 -2.28815 10
      vertex 5.0119 -2.5537 16
    endloop
  endfacet
  facet normal 0.902583 -0.430515 0
    outer loop
      vertex 5.13856 -2.28815 10
      vertex 5.0119 -2.5537 5
      vertex 5.13856 -2.28815 5
    endloop
  endfacet
  facet normal 0.852715 -0.522376 0
    outer loop
      vertex 4.87138 -2.81248 16
      vertex 4.87108 -2.81297 10
      vertex 4.87138 -2.81248 10
    endloop
  endfacet
  facet normal 0.852646 -0.522489 1.26086e-08
    outer loop
      vertex 4.71751 -3.06358 16
      vertex 4.87108 -2.81297 10
      vertex 4.87138 -2.81248 16
    endloop
  endfacet
  facet normal 0.852646 -0.522489 0
    outer loop
      vertex 4.71751 -3.06358 5
      vertex 4.87108 -2.81297 10
      vertex 4.71751 -3.06358 16
    endloop
  endfacet
  facet normal 0.852646 -0.522489 0
    outer loop
      vertex 4.87108 -2.81297 10
      vertex 4.71751 -3.06358 5
      vertex 4.87108 -2.81297 5
    endloop
  endfacet
  facet normal 0.824148 -0.566375 0
    outer loop
      vertex 4.71751 -3.06358 16
      vertex 4.55074 -3.30626 10
      vertex 4.71751 -3.06358 5
    endloop
  endfacet
  facet normal 0.824148 -0.566375 -4.90633e-09
    outer loop
      vertex 4.55072 -3.30629 16
      vertex 4.55074 -3.30626 10
      vertex 4.71751 -3.06358 16
    endloop
  endfacet
  facet normal 0.824568 -0.565762 0
    outer loop
      vertex 4.55074 -3.30626 10
      vertex 4.55072 -3.30629 16
      vertex 4.55072 -3.30629 10
    endloop
  endfacet
  facet normal 0.824148 -0.566375 0
    outer loop
      vertex 4.71751 -3.06358 5
      vertex 4.55074 -3.30626 10
      vertex 4.55074 -3.30626 5
    endloop
  endfacet
  facet normal -0.902583 0.430515 0
    outer loop
      vertex -5.13856 2.28815 10
      vertex -5.0119 2.5537 5
      vertex -5.13856 2.28815 5
    endloop
  endfacet
  facet normal -0.902583 0.430515 0
    outer loop
      vertex -5.0119 2.5537 5
      vertex -5.13856 2.28815 10
      vertex -5.0119 2.5537 16
    endloop
  endfacet
  facet normal -0.902861 0.429934 0
    outer loop
      vertex -5.13869 2.28789 16
      vertex -5.13856 2.28815 10
      vertex -5.13869 2.28789 10
    endloop
  endfacet
  facet normal -0.902584 0.430515 3.15357e-08
    outer loop
      vertex -5.13856 2.28815 10
      vertex -5.13869 2.28789 16
      vertex -5.0119 2.5537 16
    endloop
  endfacet
  facet normal -0.878807 0.477178 0
    outer loop
      vertex -4.87164 2.81201 5
      vertex -5.0119 2.5537 5
      vertex -4.87164 2.81201 10
    endloop
  endfacet
  facet normal -0.878906 0.476994 0
    outer loop
      vertex -4.87164 2.81201 10
      vertex -4.87138 2.81248 16
      vertex -4.87138 2.81248 10
    endloop
  endfacet
  facet normal -0.878807 0.477178 0
    outer loop
      vertex -5.0119 2.5537 16
      vertex -4.87164 2.81201 10
      vertex -5.0119 2.5537 5
    endloop
  endfacet
  facet normal -0.878807 0.477178 -1.87575e-08
    outer loop
      vertex -4.87164 2.81201 10
      vertex -5.0119 2.5537 16
      vertex -4.87138 2.81248 16
    endloop
  endfacet
  facet normal -0.983256 -0.182232 -0
    outer loop
      vertex -5.55092 -0.905971 5
      vertex -5.55574 -0.879944 0
      vertex -5.55092 -0.905971 0
    endloop
  endfacet
  facet normal -0.983256 -0.182232 0
    outer loop
      vertex -5.55574 -0.879944 0
      vertex -5.55092 -0.905971 5
      vertex -5.55574 -0.879944 16
    endloop
  endfacet
  facet normal -0.983255 -0.182237 -0
    outer loop
      vertex -5.50212 -1.16927 10
      vertex -5.55092 -0.905971 5
      vertex -5.50212 -1.16927 5
    endloop
  endfacet
  facet normal -0.983255 -0.182237 1.11798e-08
    outer loop
      vertex -5.55092 -0.905971 5
      vertex -5.50212 -1.16927 10
      vertex -5.55574 -0.879944 16
    endloop
  endfacet
  facet normal -0.983388 -0.181517 -0
    outer loop
      vertex -5.50208 -1.16949 16
      vertex -5.50212 -1.16927 10
      vertex -5.50208 -1.16949 10
    endloop
  endfacet
  facet normal -0.983255 -0.182236 -2.81739e-08
    outer loop
      vertex -5.50212 -1.16927 10
      vertex -5.50208 -1.16949 16
      vertex -5.55574 -0.879944 16
    endloop
  endfacet
  facet normal -0.923877 0.38269 0
    outer loop
      vertex -5.1388 2.28763 5
      vertex -5.25139 2.01581 5
      vertex -5.1388 2.28763 10
    endloop
  endfacet
  facet normal -0.923626 0.383296 0
    outer loop
      vertex -5.1388 2.28763 10
      vertex -5.13869 2.28789 16
      vertex -5.13869 2.28789 10
    endloop
  endfacet
  facet normal -0.923877 0.38269 0
    outer loop
      vertex -5.25139 2.01581 16
      vertex -5.1388 2.28763 10
      vertex -5.25139 2.01581 5
    endloop
  endfacet
  facet normal -0.923877 0.38269 3.08623e-08
    outer loop
      vertex -5.1388 2.28763 10
      vertex -5.25139 2.01581 16
      vertex -5.13869 2.28789 16
    endloop
  endfacet
  facet normal -0.972365 0.233467 0
    outer loop
      vertex -5.50201 1.16975 10
      vertex -5.43332 1.45586 5
      vertex -5.50201 1.16975 5
    endloop
  endfacet
  facet normal -0.972365 0.233467 0
    outer loop
      vertex -5.43332 1.45586 5
      vertex -5.50201 1.16975 10
      vertex -5.43332 1.45586 16
    endloop
  endfacet
  facet normal -0.972279 0.233822 0
    outer loop
      vertex -5.50208 1.16949 16
      vertex -5.50201 1.16975 10
      vertex -5.50208 1.16949 10
    endloop
  endfacet
  facet normal -0.972365 0.233467 -1.5884e-08
    outer loop
      vertex -5.50201 1.16975 10
      vertex -5.50208 1.16949 16
      vertex -5.43332 1.45586 16
    endloop
  endfacet
  facet normal -0.958826 0.283995 0
    outer loop
      vertex -5.34976 1.73798 5
      vertex -5.43332 1.45586 5
      vertex -5.34976 1.73798 10
    endloop
  endfacet
  facet normal -0.95874 0.284286 0
    outer loop
      vertex -5.34976 1.73798 10
      vertex -5.34969 1.73822 16
      vertex -5.34969 1.73822 10
    endloop
  endfacet
  facet normal -0.958826 0.283995 0
    outer loop
      vertex -5.43332 1.45586 16
      vertex -5.34976 1.73798 10
      vertex -5.43332 1.45586 5
    endloop
  endfacet
  facet normal -0.958826 0.283995 1.2474e-08
    outer loop
      vertex -5.34976 1.73798 10
      vertex -5.43332 1.45586 16
      vertex -5.34969 1.73822 16
    endloop
  endfacet
  facet normal 0.824568 0.565762 0
    outer loop
      vertex 4.55072 3.30629 16
      vertex 4.55074 3.30626 10
      vertex 4.55072 3.30629 10
    endloop
  endfacet
  facet normal 0.824148 0.566375 -4.90633e-09
    outer loop
      vertex 4.71751 3.06358 16
      vertex 4.55074 3.30626 10
      vertex 4.55072 3.30629 16
    endloop
  endfacet
  facet normal 0.824148 0.566375 -0
    outer loop
      vertex 4.71751 3.06358 5
      vertex 4.55074 3.30626 10
      vertex 4.71751 3.06358 16
    endloop
  endfacet
  facet normal 0.824148 0.566375 0
    outer loop
      vertex 4.55074 3.30626 10
      vertex 4.71751 3.06358 5
      vertex 4.55074 3.30626 5
    endloop
  endfacet
  facet normal 0.852646 0.522489 0
    outer loop
      vertex 4.71751 3.06358 16
      vertex 4.87108 2.81297 10
      vertex 4.71751 3.06358 5
    endloop
  endfacet
  facet normal 0.852646 0.522489 1.26086e-08
    outer loop
      vertex 4.87138 2.81248 16
      vertex 4.87108 2.81297 10
      vertex 4.71751 3.06358 16
    endloop
  endfacet
  facet normal 0.852715 0.522376 0
    outer loop
      vertex 4.87108 2.81297 10
      vertex 4.87138 2.81248 16
      vertex 4.87138 2.81248 10
    endloop
  endfacet
  facet normal 0.852646 0.522489 0
    outer loop
      vertex 4.71751 3.06358 5
      vertex 4.87108 2.81297 10
      vertex 4.87108 2.81297 5
    endloop
  endfacet
  facet normal 0.760398 0.649457 0
    outer loop
      vertex 4.37144 3.53992 16
      vertex 4.26675 3.66249 5
      vertex 4.26675 3.66249 16
    endloop
  endfacet
  facet normal 0.760398 0.649457 0
    outer loop
      vertex 4.26675 3.66249 5
      vertex 4.37144 3.53992 16
      vertex 4.37144 3.53992 5
    endloop
  endfacet
  facet normal 0.902583 0.430515 0
    outer loop
      vertex 5.0119 2.5537 16
      vertex 5.13856 2.28815 10
      vertex 5.0119 2.5537 5
    endloop
  endfacet
  facet normal 0.902584 0.430515 3.15357e-08
    outer loop
      vertex 5.13869 2.28789 16
      vertex 5.13856 2.28815 10
      vertex 5.0119 2.5537 16
    endloop
  endfacet
  facet normal 0.902861 0.429934 0
    outer loop
      vertex 5.13856 2.28815 10
      vertex 5.13869 2.28789 16
      vertex 5.13869 2.28789 10
    endloop
  endfacet
  facet normal 0.902583 0.430515 0
    outer loop
      vertex 5.0119 2.5537 5
      vertex 5.13856 2.28815 10
      vertex 5.13856 2.28815 5
    endloop
  endfacet
  facet normal 0.991446 0.130517 0
    outer loop
      vertex 5.55574 0.879944 16
      vertex 5.59414 0.58828 10
      vertex 5.55574 0.879944 5
    endloop
  endfacet
  facet normal 0.991446 0.130518 -3.37146e-08
    outer loop
      vertex 5.59418 0.587967 16
      vertex 5.59414 0.58828 10
      vertex 5.55574 0.879944 16
    endloop
  endfacet
  facet normal 0.991362 0.131152 0
    outer loop
      vertex 5.59414 0.58828 10
      vertex 5.59418 0.587967 16
      vertex 5.59418 0.587967 10
    endloop
  endfacet
  facet normal 0.991446 0.130517 0
    outer loop
      vertex 5.55574 0.879944 5
      vertex 5.59414 0.58828 10
      vertex 5.59414 0.58828 5
    endloop
  endfacet
  facet normal 0.95874 0.284286 0
    outer loop
      vertex 5.34969 1.73822 16
      vertex 5.34976 1.73798 10
      vertex 5.34969 1.73822 10
    endloop
  endfacet
  facet normal 0.958826 0.283995 1.2474e-08
    outer loop
      vertex 5.43332 1.45586 16
      vertex 5.34976 1.73798 10
      vertex 5.34969 1.73822 16
    endloop
  endfacet
  facet normal 0.958826 0.283995 -0
    outer loop
      vertex 5.43332 1.45586 5
      vertex 5.34976 1.73798 10
      vertex 5.43332 1.45586 16
    endloop
  endfacet
  facet normal 0.958826 0.283995 0
    outer loop
      vertex 5.34976 1.73798 10
      vertex 5.43332 1.45586 5
      vertex 5.34976 1.73798 5
    endloop
  endfacet
  facet normal 0.972365 0.233467 0
    outer loop
      vertex 5.43332 1.45586 16
      vertex 5.50201 1.16975 10
      vertex 5.43332 1.45586 5
    endloop
  endfacet
  facet normal 0.972365 0.233467 -1.5884e-08
    outer loop
      vertex 5.50208 1.16949 16
      vertex 5.50201 1.16975 10
      vertex 5.43332 1.45586 16
    endloop
  endfacet
  facet normal 0.972279 0.233822 0
    outer loop
      vertex 5.50201 1.16975 10
      vertex 5.50208 1.16949 16
      vertex 5.50208 1.16949 10
    endloop
  endfacet
  facet normal 0.972365 0.233467 0
    outer loop
      vertex 5.43332 1.45586 5
      vertex 5.50201 1.16975 10
      vertex 5.50201 1.16975 5
    endloop
  endfacet
  facet normal 0.972279 -0.233822 0
    outer loop
      vertex 5.50208 -1.16949 16
      vertex 5.50201 -1.16975 10
      vertex 5.50208 -1.16949 10
    endloop
  endfacet
  facet normal 0.972365 -0.233467 -1.5884e-08
    outer loop
      vertex 5.43332 -1.45586 16
      vertex 5.50201 -1.16975 10
      vertex 5.50208 -1.16949 16
    endloop
  endfacet
  facet normal 0.972365 -0.233467 0
    outer loop
      vertex 5.43332 -1.45586 5
      vertex 5.50201 -1.16975 10
      vertex 5.43332 -1.45586 16
    endloop
  endfacet
  facet normal 0.972365 -0.233467 0
    outer loop
      vertex 5.50201 -1.16975 10
      vertex 5.43332 -1.45586 5
      vertex 5.50201 -1.16975 5
    endloop
  endfacet
  facet normal 0.999656 0.0262181 0
    outer loop
      vertex 5.625 0 16
      vertex 5.61728 0.294388 5
      vertex 5.61728 0.294388 16
    endloop
  endfacet
  facet normal 0.999656 0.0262181 0
    outer loop
      vertex 5.61728 0.294388 5
      vertex 5.625 0 16
      vertex 5.625 0 5
    endloop
  endfacet
  facet normal 0.996918 -0.0784485 0
    outer loop
      vertex 5.61728 -0.294388 16
      vertex 5.5942 -0.587667 10
      vertex 5.61728 -0.294388 5
    endloop
  endfacet
  facet normal 0.996918 -0.0784477 -3.77506e-08
    outer loop
      vertex 5.59418 -0.587967 16
      vertex 5.5942 -0.587667 10
      vertex 5.61728 -0.294388 16
    endloop
  endfacet
  facet normal 0.996977 -0.0776968 0
    outer loop
      vertex 5.5942 -0.587667 10
      vertex 5.59418 -0.587967 16
      vertex 5.59418 -0.587967 10
    endloop
  endfacet
  facet normal 0.996918 -0.0784485 0
    outer loop
      vertex 5.61728 -0.294388 5
      vertex 5.5942 -0.587667 10
      vertex 5.5942 -0.587667 5
    endloop
  endfacet
  facet normal 0.991362 -0.131152 0
    outer loop
      vertex 5.59418 -0.587967 16
      vertex 5.59414 -0.58828 10
      vertex 5.59418 -0.587967 10
    endloop
  endfacet
  facet normal 0.991446 -0.130518 -3.37146e-08
    outer loop
      vertex 5.55574 -0.879944 16
      vertex 5.59414 -0.58828 10
      vertex 5.59418 -0.587967 16
    endloop
  endfacet
  facet normal 0.991446 -0.130517 0
    outer loop
      vertex 5.55574 -0.879944 5
      vertex 5.59414 -0.58828 10
      vertex 5.55574 -0.879944 16
    endloop
  endfacet
  facet normal 0.991446 -0.130517 0
    outer loop
      vertex 5.59414 -0.58828 10
      vertex 5.55574 -0.879944 5
      vertex 5.59414 -0.58828 5
    endloop
  endfacet
  facet normal 0.923877 -0.38269 0
    outer loop
      vertex 5.25139 -2.01581 16
      vertex 5.1388 -2.28763 10
      vertex 5.25139 -2.01581 5
    endloop
  endfacet
  facet normal 0.923877 -0.38269 3.08623e-08
    outer loop
      vertex 5.13869 -2.28789 16
      vertex 5.1388 -2.28763 10
      vertex 5.25139 -2.01581 16
    endloop
  endfacet
  facet normal 0.923626 -0.383296 0
    outer loop
      vertex 5.1388 -2.28763 10
      vertex 5.13869 -2.28789 16
      vertex 5.13869 -2.28789 10
    endloop
  endfacet
  facet normal 0.923877 -0.38269 0
    outer loop
      vertex 5.25139 -2.01581 5
      vertex 5.1388 -2.28763 10
      vertex 5.1388 -2.28763 5
    endloop
  endfacet
  facet normal -0.824148 0.566375 0
    outer loop
      vertex -4.55074 3.30626 5
      vertex -4.71751 3.06358 5
      vertex -4.55074 3.30626 10
    endloop
  endfacet
  facet normal -0.824568 0.565762 0
    outer loop
      vertex -4.55074 3.30626 10
      vertex -4.55072 3.30629 16
      vertex -4.55072 3.30629 10
    endloop
  endfacet
  facet normal -0.824148 0.566375 0
    outer loop
      vertex -4.71751 3.06358 16
      vertex -4.55074 3.30626 10
      vertex -4.71751 3.06358 5
    endloop
  endfacet
  facet normal -0.824148 0.566375 -4.90633e-09
    outer loop
      vertex -4.55074 3.30626 10
      vertex -4.71751 3.06358 16
      vertex -4.55072 3.30629 16
    endloop
  endfacet
  facet normal -0.793342 0.608776 0
    outer loop
      vertex -4.55069 3.30633 10
      vertex -4.37144 3.53992 5
      vertex -4.55069 3.30633 5
    endloop
  endfacet
  facet normal -0.793342 0.608776 0
    outer loop
      vertex -4.37144 3.53992 5
      vertex -4.55069 3.30633 10
      vertex -4.37144 3.53992 16
    endloop
  endfacet
  facet normal -0.791854 0.610711 0
    outer loop
      vertex -4.55072 3.30629 16
      vertex -4.55069 3.30633 10
      vertex -4.55072 3.30629 10
    endloop
  endfacet
  facet normal -0.793342 0.608776 -1.87385e-08
    outer loop
      vertex -4.55069 3.30633 10
      vertex -4.55072 3.30629 16
      vertex -4.37144 3.53992 16
    endloop
  endfacet
endsolid OpenSCAD_Model
