solid OpenSCAD_Model
  facet normal 0 -1 0
    outer loop
      vertex -4.08658 -3.86249 8.4
      vertex 4.08658 -3.86249 14.4
      vertex -4.08658 -3.86249 14.4
    endloop
  endfacet
  facet normal 0 -1 -0
    outer loop
      vertex 4.08658 -3.86249 14.4
      vertex -4.08658 -3.86249 8.4
      vertex 4.08658 -3.86249 8.4
    endloop
  endfacet
  facet normal 0.72538 -0.688348 0
    outer loop
      vertex 4.08658 -3.86249 14.4
      vertex 4.18018 -3.76385 8.4
      vertex 4.18018 -3.76385 14.4
    endloop
  endfacet
  facet normal 0.72538 -0.688348 0
    outer loop
      vertex 4.18018 -3.76385 8.4
      vertex 4.08658 -3.86249 14.4
      vertex 4.08658 -3.86249 8.4
    endloop
  endfacet
  facet normal 0.760393 -0.649463 0
    outer loop
      vertex 4.18018 -3.76385 14.4
      vertex 4.37144 -3.53992 8.4
      vertex 4.37144 -3.53992 14.4
    endloop
  endfacet
  facet normal 0.760393 -0.649463 0
    outer loop
      vertex 4.37144 -3.53992 8.4
      vertex 4.18018 -3.76385 14.4
      vertex 4.18018 -3.76385 8.4
    endloop
  endfacet
  facet normal -0.72538 0.688348 0
    outer loop
      vertex -4.18018 3.76385 8.4
      vertex -4.08658 3.86249 14.4
      vertex -4.08658 3.86249 8.4
    endloop
  endfacet
  facet normal -0.72538 0.688348 0
    outer loop
      vertex -4.08658 3.86249 14.4
      vertex -4.18018 3.76385 8.4
      vertex -4.18018 3.76385 14.4
    endloop
  endfacet
  facet normal 0 1 -0
    outer loop
      vertex 4.08658 3.86249 8.4
      vertex -4.08658 3.86249 14.4
      vertex 4.08658 3.86249 14.4
    endloop
  endfacet
  facet normal 0 1 0
    outer loop
      vertex -4.08658 3.86249 14.4
      vertex 4.08658 3.86249 8.4
      vertex -4.08658 3.86249 8.4
    endloop
  endfacet
  facet normal -0.760393 0.649463 0
    outer loop
      vertex -4.37144 3.53992 8.4
      vertex -4.18018 3.76385 14.4
      vertex -4.18018 3.76385 8.4
    endloop
  endfacet
  facet normal -0.760393 0.649463 0
    outer loop
      vertex -4.18018 3.76385 14.4
      vertex -4.37144 3.53992 8.4
      vertex -4.37144 3.53992 14.4
    endloop
  endfacet
  facet normal -0.972365 0.233467 0
    outer loop
      vertex -5.50208 1.16949 8.4
      vertex -5.43332 1.45586 14.4
      vertex -5.43332 1.45586 8.4
    endloop
  endfacet
  facet normal -0.972365 0.233467 0
    outer loop
      vertex -5.43332 1.45586 14.4
      vertex -5.50208 1.16949 8.4
      vertex -5.50208 1.16949 14.4
    endloop
  endfacet
  facet normal -0.983255 -0.182236 0
    outer loop
      vertex -5.50208 -1.16949 8.4
      vertex -5.55574 -0.879944 14.4
      vertex -5.55574 -0.879944 8.4
    endloop
  endfacet
  facet normal -0.983255 -0.182236 0
    outer loop
      vertex -5.55574 -0.879944 14.4
      vertex -5.50208 -1.16949 8.4
      vertex -5.50208 -1.16949 14.4
    endloop
  endfacet
  facet normal -0.996918 0.0784477 0
    outer loop
      vertex -5.61728 0.294388 8.4
      vertex -5.59418 0.587967 14.4
      vertex -5.59418 0.587967 8.4
    endloop
  endfacet
  facet normal -0.996918 0.0784477 0
    outer loop
      vertex -5.59418 0.587967 14.4
      vertex -5.61728 0.294388 8.4
      vertex -5.61728 0.294388 14.4
    endloop
  endfacet
  facet normal -0.852646 0.522489 0
    outer loop
      vertex -4.87138 2.81248 8.4
      vertex -4.71751 3.06358 14.4
      vertex -4.71751 3.06358 8.4
    endloop
  endfacet
  facet normal -0.852646 0.522489 0
    outer loop
      vertex -4.71751 3.06358 14.4
      vertex -4.87138 2.81248 8.4
      vertex -4.87138 2.81248 14.4
    endloop
  endfacet
  facet normal 0 0 -1
    outer loop
      vertex 8.38849 -0.439622 0
      vertex 8.38849 0.439622 0
      vertex 8.4 0 0
    endloop
  endfacet
  facet normal 0 0 -1
    outer loop
      vertex 8.35398 -0.878038 0
      vertex 8.38849 0.439622 0
      vertex 8.38849 -0.439622 0
    endloop
  endfacet
  facet normal 0 0 -1
    outer loop
      vertex 8.35398 -0.878038 0
      vertex 8.35398 0.878038 0
      vertex 8.38849 0.439622 0
    endloop
  endfacet
  facet normal 0 0 -1
    outer loop
      vertex 8.29658 -1.31405 0
      vertex 8.35398 0.878038 0
      vertex 8.35398 -0.878038 0
    endloop
  endfacet
  facet normal 0 0 -1
    outer loop
      vertex 8.29658 -1.31405 0
      vertex 8.29658 1.31405 0
      vertex 8.35398 0.878038 0
    endloop
  endfacet
  facet normal 0 0 -1
    outer loop
      vertex 8.21644 -1.74646 0
      vertex 8.29658 1.31405 0
      vertex 8.29658 -1.31405 0
    endloop
  endfacet
  facet normal 0 0 -1
    outer loop
      vertex 8.21644 -1.74646 0
      vertex 8.21644 1.74646 0
      vertex 8.29658 1.31405 0
    endloop
  endfacet
  facet normal 0 0 -1
    outer loop
      vertex 8.11378 -2.17408 0
      vertex 8.21644 1.74646 0
      vertex 8.21644 -1.74646 0
    endloop
  endfacet
  facet normal 0 0 -1
    outer loop
      vertex 8.11378 -2.17408 0
      vertex 8.11378 2.17408 0
      vertex 8.21644 1.74646 0
    endloop
  endfacet
  facet normal 0 0 -1
    outer loop
      vertex 7.98887 -2.59574 0
      vertex 8.11378 2.17408 0
      vertex 8.11378 -2.17408 0
    endloop
  endfacet
  facet normal 0 0 -1
    outer loop
      vertex 7.98887 -2.59574 0
      vertex 7.98887 2.59574 0
      vertex 8.11378 2.17408 0
    endloop
  endfacet
  facet normal 0 0 -1
    outer loop
      vertex 7.84208 -3.01029 0
      vertex 7.98887 2.59574 0
      vertex 7.98887 -2.59574 0
    endloop
  endfacet
  facet normal 0 0 -1
    outer loop
      vertex 7.84208 -3.01029 0
      vertex 7.84208 3.01029 0
      vertex 7.98887 2.59574 0
    endloop
  endfacet
  facet normal 0 0 -1
    outer loop
      vertex 7.67378 -3.41659 0
      vertex 7.84208 3.01029 0
      vertex 7.84208 -3.01029 0
    endloop
  endfacet
  facet normal 0 0 -1
    outer loop
      vertex 7.67378 -3.41659 0
      vertex 7.67378 3.41659 0
      vertex 7.84208 3.01029 0
    endloop
  endfacet
  facet normal 0 0 -1
    outer loop
      vertex 7.48445 -3.81352 0
      vertex 7.67378 3.41659 0
      vertex 7.67378 -3.41659 0
    endloop
  endfacet
  facet normal 0 0 -1
    outer loop
      vertex 7.48445 -3.81352 0
      vertex 7.48445 3.81352 0
      vertex 7.67378 3.41659 0
    endloop
  endfacet
  facet normal 0 0 -1
    outer loop
      vertex 7.27461 -4.2 0
      vertex 7.48445 3.81352 0
      vertex 7.48445 -3.81352 0
    endloop
  endfacet
  facet normal 0 0 -1
    outer loop
      vertex 7.27461 -4.2 0
      vertex 7.27461 4.2 0
      vertex 7.48445 3.81352 0
    endloop
  endfacet
  facet normal 0 0 -1
    outer loop
      vertex 7.04483 -4.57497 0
      vertex 7.27461 4.2 0
      vertex 7.27461 -4.2 0
    endloop
  endfacet
  facet normal 0 0 -1
    outer loop
      vertex 7.04483 -4.57497 0
      vertex 7.04483 4.57497 0
      vertex 7.27461 4.2 0
    endloop
  endfacet
  facet normal 0 0 -1
    outer loop
      vertex 6.79574 -4.9374 0
      vertex 7.04483 4.57497 0
      vertex 7.04483 -4.57497 0
    endloop
  endfacet
  facet normal 0 0 -1
    outer loop
      vertex 6.79574 -4.9374 0
      vertex 6.79574 4.9374 0
      vertex 7.04483 4.57497 0
    endloop
  endfacet
  facet normal 0 0 -1
    outer loop
      vertex 6.52803 -5.28629 0
      vertex 6.79574 4.9374 0
      vertex 6.79574 -4.9374 0
    endloop
  endfacet
  facet normal 0 0 -1
    outer loop
      vertex 6.52803 -5.28629 0
      vertex 6.52803 5.28629 0
      vertex 6.79574 4.9374 0
    endloop
  endfacet
  facet normal 0 0 -1
    outer loop
      vertex 6.24242 -5.6207 0
      vertex 6.52803 5.28629 0
      vertex 6.52803 -5.28629 0
    endloop
  endfacet
  facet normal 0 0 -1
    outer loop
      vertex 6.24242 -5.6207 0
      vertex 6.24242 5.6207 0
      vertex 6.52803 5.28629 0
    endloop
  endfacet
  facet normal 0 0 -1
    outer loop
      vertex 5.9397 -5.9397 0
      vertex 6.24242 5.6207 0
      vertex 6.24242 -5.6207 0
    endloop
  endfacet
  facet normal 0 0 -1
    outer loop
      vertex 5.9397 -5.9397 0
      vertex 5.9397 5.9397 0
      vertex 6.24242 5.6207 0
    endloop
  endfacet
  facet normal 0 0 -1
    outer loop
      vertex 5.6207 -6.24242 0
      vertex 5.9397 5.9397 0
      vertex 5.9397 -5.9397 0
    endloop
  endfacet
  facet normal 0 0 -1
    outer loop
      vertex 5.6207 -6.24242 0
      vertex 5.6207 6.24242 0
      vertex 5.9397 5.9397 0
    endloop
  endfacet
  facet normal 0 0 -1
    outer loop
      vertex 5.28629 -6.52803 0
      vertex 5.6207 6.24242 0
      vertex 5.6207 -6.24242 0
    endloop
  endfacet
  facet normal 0 0 -1
    outer loop
      vertex 5.28629 -6.52803 0
      vertex 5.28629 6.52803 0
      vertex 5.6207 6.24242 0
    endloop
  endfacet
  facet normal 0 0 -1
    outer loop
      vertex 4.9374 -6.79574 0
      vertex 5.28629 6.52803 0
      vertex 5.28629 -6.52803 0
    endloop
  endfacet
  facet normal 0 0 -1
    outer loop
      vertex 4.9374 -6.79574 0
      vertex 4.9374 6.79574 0
      vertex 5.28629 6.52803 0
    endloop
  endfacet
  facet normal 0 0 -1
    outer loop
      vertex 4.57497 -7.04483 0
      vertex 4.9374 6.79574 0
      vertex 4.9374 -6.79574 0
    endloop
  endfacet
  facet normal 0 0 -1
    outer loop
      vertex 4.57497 -7.04483 0
      vertex 4.57497 7.04483 0
      vertex 4.9374 6.79574 0
    endloop
  endfacet
  facet normal 0 0 -1
    outer loop
      vertex 4.2 -7.27461 0
      vertex 4.57497 7.04483 0
      vertex 4.57497 -7.04483 0
    endloop
  endfacet
  facet normal 0 0 -1
    outer loop
      vertex 4.2 -7.27461 0
      vertex 4.2 7.27461 0
      vertex 4.57497 7.04483 0
    endloop
  endfacet
  facet normal 0 0 -1
    outer loop
      vertex 3.81352 -7.48445 0
      vertex 4.2 7.27461 0
      vertex 4.2 -7.27461 0
    endloop
  endfacet
  facet normal 0 0 -1
    outer loop
      vertex 3.81352 -7.48445 0
      vertex 3.81352 7.48445 0
      vertex 4.2 7.27461 0
    endloop
  endfacet
  facet normal 0 0 -1
    outer loop
      vertex 3.41659 -7.67378 0
      vertex 3.81352 7.48445 0
      vertex 3.81352 -7.48445 0
    endloop
  endfacet
  facet normal 0 0 -1
    outer loop
      vertex 3.41659 -7.67378 0
      vertex 3.41659 7.67378 0
      vertex 3.81352 7.48445 0
    endloop
  endfacet
  facet normal 0 0 -1
    outer loop
      vertex 3.01029 -7.84208 0
      vertex 3.41659 7.67378 0
      vertex 3.41659 -7.67378 0
    endloop
  endfacet
  facet normal 0 0 -1
    outer loop
      vertex 3.01029 -7.84208 0
      vertex 3.01029 7.84208 0
      vertex 3.41659 7.67378 0
    endloop
  endfacet
  facet normal 0 0 -1
    outer loop
      vertex 2.59574 -7.98887 0
      vertex 3.01029 7.84208 0
      vertex 3.01029 -7.84208 0
    endloop
  endfacet
  facet normal 0 0 -1
    outer loop
      vertex 2.59574 -7.98887 0
      vertex 2.59574 7.98887 0
      vertex 3.01029 7.84208 0
    endloop
  endfacet
  facet normal 0 0 -1
    outer loop
      vertex 2.17408 -8.11378 0
      vertex 2.59574 7.98887 0
      vertex 2.59574 -7.98887 0
    endloop
  endfacet
  facet normal 0 0 -1
    outer loop
      vertex 2.17408 -8.11378 0
      vertex 2.17408 8.11378 0
      vertex 2.59574 7.98887 0
    endloop
  endfacet
  facet normal 0 0 -1
    outer loop
      vertex 1.74646 -8.21644 0
      vertex 2.17408 8.11378 0
      vertex 2.17408 -8.11378 0
    endloop
  endfacet
  facet normal 0 0 -1
    outer loop
      vertex 1.74646 -8.21644 0
      vertex 1.74646 8.21644 0
      vertex 2.17408 8.11378 0
    endloop
  endfacet
  facet normal 0 0 -1
    outer loop
      vertex 1.31405 -8.29658 0
      vertex 1.74646 8.21644 0
      vertex 1.74646 -8.21644 0
    endloop
  endfacet
  facet normal 0 0 -1
    outer loop
      vertex 1.31405 -8.29658 0
      vertex 1.31405 8.29658 0
      vertex 1.74646 8.21644 0
    endloop
  endfacet
  facet normal 0 0 -1
    outer loop
      vertex 0.878038 -8.35398 0
      vertex 1.31405 8.29658 0
      vertex 1.31405 -8.29658 0
    endloop
  endfacet
  facet normal 0 0 -1
    outer loop
      vertex 0.878038 -8.35398 0
      vertex 0.878038 8.35398 0
      vertex 1.31405 8.29658 0
    endloop
  endfacet
  facet normal 0 0 -1
    outer loop
      vertex 0.439622 -8.38849 0
      vertex 0.878038 8.35398 0
      vertex 0.878038 -8.35398 0
    endloop
  endfacet
  facet normal 0 0 -1
    outer loop
      vertex 0.439622 -8.38849 0
      vertex 0.439622 8.38849 0
      vertex 0.878038 8.35398 0
    endloop
  endfacet
  facet normal 0 0 -1
    outer loop
      vertex 0 -8.4 0
      vertex 0.439622 8.38849 0
      vertex 0.439622 -8.38849 0
    endloop
  endfacet
  facet normal 0 0 -1
    outer loop
      vertex 0 -8.4 0
      vertex 0 8.4 0
      vertex 0.439622 8.38849 0
    endloop
  endfacet
  facet normal 0 0 -1
    outer loop
      vertex -0.439622 -8.38849 0
      vertex 0 8.4 0
      vertex 0 -8.4 0
    endloop
  endfacet
  facet normal 0 0 -1
    outer loop
      vertex -0.439622 -8.38849 0
      vertex -0.439622 8.38849 0
      vertex 0 8.4 0
    endloop
  endfacet
  facet normal 0 0 -1
    outer loop
      vertex -0.878038 -8.35398 0
      vertex -0.439622 8.38849 0
      vertex -0.439622 -8.38849 0
    endloop
  endfacet
  facet normal 0 0 -1
    outer loop
      vertex -0.878038 -8.35398 0
      vertex -0.878038 8.35398 0
      vertex -0.439622 8.38849 0
    endloop
  endfacet
  facet normal 0 0 -1
    outer loop
      vertex -1.31405 -8.29658 0
      vertex -0.878038 8.35398 0
      vertex -0.878038 -8.35398 0
    endloop
  endfacet
  facet normal 0 0 -1
    outer loop
      vertex -1.31405 -8.29658 0
      vertex -1.31405 8.29658 0
      vertex -0.878038 8.35398 0
    endloop
  endfacet
  facet normal 0 0 -1
    outer loop
      vertex -1.74646 -8.21644 0
      vertex -1.31405 8.29658 0
      vertex -1.31405 -8.29658 0
    endloop
  endfacet
  facet normal 0 0 -1
    outer loop
      vertex -1.74646 -8.21644 0
      vertex -1.74646 8.21644 0
      vertex -1.31405 8.29658 0
    endloop
  endfacet
  facet normal 0 0 -1
    outer loop
      vertex -2.17408 -8.11378 0
      vertex -1.74646 8.21644 0
      vertex -1.74646 -8.21644 0
    endloop
  endfacet
  facet normal 0 0 -1
    outer loop
      vertex -2.17408 -8.11378 0
      vertex -2.17408 8.11378 0
      vertex -1.74646 8.21644 0
    endloop
  endfacet
  facet normal 0 0 -1
    outer loop
      vertex -2.59574 -7.98887 0
      vertex -2.17408 8.11378 0
      vertex -2.17408 -8.11378 0
    endloop
  endfacet
  facet normal 0 0 -1
    outer loop
      vertex -2.59574 -7.98887 0
      vertex -2.59574 7.98887 0
      vertex -2.17408 8.11378 0
    endloop
  endfacet
  facet normal 0 0 -1
    outer loop
      vertex -3.01029 -7.84208 0
      vertex -2.59574 7.98887 0
      vertex -2.59574 -7.98887 0
    endloop
  endfacet
  facet normal 0 0 -1
    outer loop
      vertex -3.01029 -7.84208 0
      vertex -3.01029 7.84208 0
      vertex -2.59574 7.98887 0
    endloop
  endfacet
  facet normal 0 0 -1
    outer loop
      vertex -3.41659 -7.67378 0
      vertex -3.01029 7.84208 0
      vertex -3.01029 -7.84208 0
    endloop
  endfacet
  facet normal 0 0 -1
    outer loop
      vertex -3.41659 -7.67378 0
      vertex -3.41659 7.67378 0
      vertex -3.01029 7.84208 0
    endloop
  endfacet
  facet normal 0 0 -1
    outer loop
      vertex -3.81352 -7.48445 0
      vertex -3.41659 7.67378 0
      vertex -3.41659 -7.67378 0
    endloop
  endfacet
  facet normal 0 0 -1
    outer loop
      vertex -3.81352 -7.48445 0
      vertex -3.81352 7.48445 0
      vertex -3.41659 7.67378 0
    endloop
  endfacet
  facet normal 0 0 -1
    outer loop
      vertex -4.2 -7.27461 0
      vertex -3.81352 7.48445 0
      vertex -3.81352 -7.48445 0
    endloop
  endfacet
  facet normal 0 0 -1
    outer loop
      vertex -4.2 -7.27461 0
      vertex -4.2 7.27461 0
      vertex -3.81352 7.48445 0
    endloop
  endfacet
  facet normal 0 0 -1
    outer loop
      vertex -4.57497 -7.04483 0
      vertex -4.2 7.27461 0
      vertex -4.2 -7.27461 0
    endloop
  endfacet
  facet normal 0 0 -1
    outer loop
      vertex -4.57497 -7.04483 0
      vertex -4.57497 7.04483 0
      vertex -4.2 7.27461 0
    endloop
  endfacet
  facet normal 0 0 -1
    outer loop
      vertex -4.9374 -6.79574 0
      vertex -4.57497 7.04483 0
      vertex -4.57497 -7.04483 0
    endloop
  endfacet
  facet normal 0 0 -1
    outer loop
      vertex -4.9374 -6.79574 0
      vertex -4.9374 6.79574 0
      vertex -4.57497 7.04483 0
    endloop
  endfacet
  facet normal 0 0 -1
    outer loop
      vertex -5.28629 -6.52803 0
      vertex -4.9374 6.79574 0
      vertex -4.9374 -6.79574 0
    endloop
  endfacet
  facet normal 0 0 -1
    outer loop
      vertex -5.28629 -6.52803 0
      vertex -5.28629 6.52803 0
      vertex -4.9374 6.79574 0
    endloop
  endfacet
  facet normal 0 0 -1
    outer loop
      vertex -5.6207 -6.24242 0
      vertex -5.28629 6.52803 0
      vertex -5.28629 -6.52803 0
    endloop
  endfacet
  facet normal 0 0 -1
    outer loop
      vertex -5.6207 -6.24242 0
      vertex -5.6207 6.24242 0
      vertex -5.28629 6.52803 0
    endloop
  endfacet
  facet normal 0 0 -1
    outer loop
      vertex -5.9397 -5.9397 0
      vertex -5.6207 6.24242 0
      vertex -5.6207 -6.24242 0
    endloop
  endfacet
  facet normal 0 0 -1
    outer loop
      vertex -5.9397 -5.9397 0
      vertex -5.9397 5.9397 0
      vertex -5.6207 6.24242 0
    endloop
  endfacet
  facet normal 0 0 -1
    outer loop
      vertex -6.24242 -5.6207 0
      vertex -5.9397 5.9397 0
      vertex -5.9397 -5.9397 0
    endloop
  endfacet
  facet normal 0 0 -1
    outer loop
      vertex -6.24242 -5.6207 0
      vertex -6.24242 5.6207 0
      vertex -5.9397 5.9397 0
    endloop
  endfacet
  facet normal 0 0 -1
    outer loop
      vertex -6.52803 -5.28629 0
      vertex -6.24242 5.6207 0
      vertex -6.24242 -5.6207 0
    endloop
  endfacet
  facet normal 0 0 -1
    outer loop
      vertex -6.52803 -5.28629 0
      vertex -6.52803 5.28629 0
      vertex -6.24242 5.6207 0
    endloop
  endfacet
  facet normal 0 0 -1
    outer loop
      vertex -6.79574 -4.9374 0
      vertex -6.52803 5.28629 0
      vertex -6.52803 -5.28629 0
    endloop
  endfacet
  facet normal 0 0 -1
    outer loop
      vertex -6.79574 -4.9374 0
      vertex -6.79574 4.9374 0
      vertex -6.52803 5.28629 0
    endloop
  endfacet
  facet normal 0 0 -1
    outer loop
      vertex -7.04483 -4.57497 0
      vertex -6.79574 4.9374 0
      vertex -6.79574 -4.9374 0
    endloop
  endfacet
  facet normal 0 0 -1
    outer loop
      vertex -7.04483 -4.57497 0
      vertex -7.04483 4.57497 0
      vertex -6.79574 4.9374 0
    endloop
  endfacet
  facet normal 0 0 -1
    outer loop
      vertex -7.27461 -4.2 0
      vertex -7.04483 4.57497 0
      vertex -7.04483 -4.57497 0
    endloop
  endfacet
  facet normal 0 0 -1
    outer loop
      vertex -7.27461 -4.2 0
      vertex -7.27461 4.2 0
      vertex -7.04483 4.57497 0
    endloop
  endfacet
  facet normal 0 0 -1
    outer loop
      vertex -7.48445 -3.81352 0
      vertex -7.27461 4.2 0
      vertex -7.27461 -4.2 0
    endloop
  endfacet
  facet normal 0 0 -1
    outer loop
      vertex -7.48445 -3.81352 0
      vertex -7.48445 3.81352 0
      vertex -7.27461 4.2 0
    endloop
  endfacet
  facet normal 0 0 -1
    outer loop
      vertex -7.67378 -3.41659 0
      vertex -7.48445 3.81352 0
      vertex -7.48445 -3.81352 0
    endloop
  endfacet
  facet normal 0 0 -1
    outer loop
      vertex -7.67378 -3.41659 0
      vertex -7.67378 3.41659 0
      vertex -7.48445 3.81352 0
    endloop
  endfacet
  facet normal 0 0 -1
    outer loop
      vertex -7.84208 -3.01029 0
      vertex -7.67378 3.41659 0
      vertex -7.67378 -3.41659 0
    endloop
  endfacet
  facet normal 0 0 -1
    outer loop
      vertex -7.84208 -3.01029 0
      vertex -7.84208 3.01029 0
      vertex -7.67378 3.41659 0
    endloop
  endfacet
  facet normal 0 0 -1
    outer loop
      vertex -7.98887 -2.59574 0
      vertex -7.84208 3.01029 0
      vertex -7.84208 -3.01029 0
    endloop
  endfacet
  facet normal 0 0 -1
    outer loop
      vertex -7.98887 -2.59574 0
      vertex -7.98887 2.59574 0
      vertex -7.84208 3.01029 0
    endloop
  endfacet
  facet normal 0 0 -1
    outer loop
      vertex -8.11378 -2.17408 0
      vertex -7.98887 2.59574 0
      vertex -7.98887 -2.59574 0
    endloop
  endfacet
  facet normal 0 0 -1
    outer loop
      vertex -8.11378 -2.17408 0
      vertex -8.11378 2.17408 0
      vertex -7.98887 2.59574 0
    endloop
  endfacet
  facet normal 0 0 -1
    outer loop
      vertex -8.21644 -1.74646 0
      vertex -8.11378 2.17408 0
      vertex -8.11378 -2.17408 0
    endloop
  endfacet
  facet normal 0 0 -1
    outer loop
      vertex -8.21644 -1.74646 0
      vertex -8.21644 1.74646 0
      vertex -8.11378 2.17408 0
    endloop
  endfacet
  facet normal 0 0 -1
    outer loop
      vertex -8.29658 -1.31405 0
      vertex -8.21644 1.74646 0
      vertex -8.21644 -1.74646 0
    endloop
  endfacet
  facet normal 0 0 -1
    outer loop
      vertex -8.29658 -1.31405 0
      vertex -8.29658 1.31405 0
      vertex -8.21644 1.74646 0
    endloop
  endfacet
  facet normal 0 0 -1
    outer loop
      vertex -8.35398 -0.878038 0
      vertex -8.29658 1.31405 0
      vertex -8.29658 -1.31405 0
    endloop
  endfacet
  facet normal 0 0 -1
    outer loop
      vertex -8.35398 -0.878038 0
      vertex -8.35398 0.878038 0
      vertex -8.29658 1.31405 0
    endloop
  endfacet
  facet normal 0 0 -1
    outer loop
      vertex -8.38849 -0.439622 0
      vertex -8.35398 0.878038 0
      vertex -8.35398 -0.878038 0
    endloop
  endfacet
  facet normal 0 0 -1
    outer loop
      vertex -8.38849 -0.439622 0
      vertex -8.38849 0.439622 0
      vertex -8.35398 0.878038 0
    endloop
  endfacet
  facet normal 0 -0 -1
    outer loop
      vertex -8.38849 0.439622 0
      vertex -8.38849 -0.439622 0
      vertex -8.4 0 0
    endloop
  endfacet
  facet normal -0.999656 0.0262181 0
    outer loop
      vertex -5.625 0 8.4
      vertex -5.61728 0.294388 14.4
      vertex -5.61728 0.294388 8.4
    endloop
  endfacet
  facet normal -0.999656 0.0262181 0
    outer loop
      vertex -5.61728 0.294388 14.4
      vertex -5.625 0 8.4
      vertex -5.625 0 14.4
    endloop
  endfacet
  facet normal -0.983255 0.182236 0
    outer loop
      vertex -5.55574 0.879944 8.4
      vertex -5.50208 1.16949 14.4
      vertex -5.50208 1.16949 8.4
    endloop
  endfacet
  facet normal -0.983255 0.182236 0
    outer loop
      vertex -5.50208 1.16949 14.4
      vertex -5.55574 0.879944 8.4
      vertex -5.55574 0.879944 14.4
    endloop
  endfacet
  facet normal -0.991446 0.130518 0
    outer loop
      vertex -5.59418 0.587967 8.4
      vertex -5.55574 0.879944 14.4
      vertex -5.55574 0.879944 8.4
    endloop
  endfacet
  facet normal -0.991446 0.130518 0
    outer loop
      vertex -5.55574 0.879944 14.4
      vertex -5.59418 0.587967 8.4
      vertex -5.59418 0.587967 14.4
    endloop
  endfacet
  facet normal -0.878807 0.477178 0
    outer loop
      vertex -5.0119 2.5537 8.4
      vertex -4.87138 2.81248 14.4
      vertex -4.87138 2.81248 8.4
    endloop
  endfacet
  facet normal -0.878807 0.477178 0
    outer loop
      vertex -4.87138 2.81248 14.4
      vertex -5.0119 2.5537 8.4
      vertex -5.0119 2.5537 14.4
    endloop
  endfacet
  facet normal 0.923877 0.38269 0
    outer loop
      vertex 5.25139 2.01581 14.4
      vertex 5.13869 2.28789 8.4
      vertex 5.13869 2.28789 14.4
    endloop
  endfacet
  facet normal 0.923877 0.38269 0
    outer loop
      vertex 5.13869 2.28789 8.4
      vertex 5.25139 2.01581 14.4
      vertex 5.25139 2.01581 8.4
    endloop
  endfacet
  facet normal 0.793342 -0.608776 0
    outer loop
      vertex 4.37144 -3.53992 14.4
      vertex 4.55072 -3.30629 8.4
      vertex 4.55072 -3.30629 14.4
    endloop
  endfacet
  facet normal 0.793342 -0.608776 0
    outer loop
      vertex 4.55072 -3.30629 8.4
      vertex 4.37144 -3.53992 14.4
      vertex 4.37144 -3.53992 8.4
    endloop
  endfacet
  facet normal 0.824148 -0.566375 0
    outer loop
      vertex 4.55072 -3.30629 14.4
      vertex 4.71751 -3.06358 8.4
      vertex 4.71751 -3.06358 14.4
    endloop
  endfacet
  facet normal 0.824148 -0.566375 0
    outer loop
      vertex 4.71751 -3.06358 8.4
      vertex 4.55072 -3.30629 14.4
      vertex 4.55072 -3.30629 8.4
    endloop
  endfacet
  facet normal -0.824148 0.566375 0
    outer loop
      vertex -4.71751 3.06358 8.4
      vertex -4.55072 3.30629 14.4
      vertex -4.55072 3.30629 8.4
    endloop
  endfacet
  facet normal -0.824148 0.566375 0
    outer loop
      vertex -4.55072 3.30629 14.4
      vertex -4.71751 3.06358 8.4
      vertex -4.71751 3.06358 14.4
    endloop
  endfacet
  facet normal -0.972365 -0.233467 0
    outer loop
      vertex -5.43332 -1.45586 8.4
      vertex -5.50208 -1.16949 14.4
      vertex -5.50208 -1.16949 8.4
    endloop
  endfacet
  facet normal -0.972365 -0.233467 0
    outer loop
      vertex -5.50208 -1.16949 14.4
      vertex -5.43332 -1.45586 8.4
      vertex -5.43332 -1.45586 14.4
    endloop
  endfacet
  facet normal -0.942644 -0.333801 0
    outer loop
      vertex -5.25139 -2.01581 8.4
      vertex -5.34969 -1.73822 14.4
      vertex -5.34969 -1.73822 8.4
    endloop
  endfacet
  facet normal -0.942644 -0.333801 0
    outer loop
      vertex -5.34969 -1.73822 14.4
      vertex -5.25139 -2.01581 8.4
      vertex -5.25139 -2.01581 14.4
    endloop
  endfacet
  facet normal -0.991446 -0.130518 0
    outer loop
      vertex -5.55574 -0.879944 8.4
      vertex -5.59418 -0.587967 14.4
      vertex -5.59418 -0.587967 8.4
    endloop
  endfacet
  facet normal -0.991446 -0.130518 0
    outer loop
      vertex -5.59418 -0.587967 14.4
      vertex -5.55574 -0.879944 8.4
      vertex -5.55574 -0.879944 14.4
    endloop
  endfacet
  facet normal -0.999656 -0.0262181 0
    outer loop
      vertex -5.61728 -0.294388 8.4
      vertex -5.625 0 14.4
      vertex -5.625 0 8.4
    endloop
  endfacet
  facet normal -0.999656 -0.0262181 0
    outer loop
      vertex -5.625 0 14.4
      vertex -5.61728 -0.294388 8.4
      vertex -5.61728 -0.294388 14.4
    endloop
  endfacet
  facet normal -0.878807 -0.477178 0
    outer loop
      vertex -4.87138 -2.81248 8.4
      vertex -5.0119 -2.5537 14.4
      vertex -5.0119 -2.5537 8.4
    endloop
  endfacet
  facet normal -0.878807 -0.477178 0
    outer loop
      vertex -5.0119 -2.5537 14.4
      vertex -4.87138 -2.81248 8.4
      vertex -4.87138 -2.81248 14.4
    endloop
  endfacet
  facet normal -0.923877 -0.38269 0
    outer loop
      vertex -5.13869 -2.28789 8.4
      vertex -5.25139 -2.01581 14.4
      vertex -5.25139 -2.01581 8.4
    endloop
  endfacet
  facet normal -0.923877 -0.38269 0
    outer loop
      vertex -5.25139 -2.01581 14.4
      vertex -5.13869 -2.28789 8.4
      vertex -5.13869 -2.28789 14.4
    endloop
  endfacet
  facet normal -0.760393 -0.649463 0
    outer loop
      vertex -4.18018 -3.76385 8.4
      vertex -4.37144 -3.53992 14.4
      vertex -4.37144 -3.53992 8.4
    endloop
  endfacet
  facet normal -0.760393 -0.649463 0
    outer loop
      vertex -4.37144 -3.53992 14.4
      vertex -4.18018 -3.76385 8.4
      vertex -4.18018 -3.76385 14.4
    endloop
  endfacet
  facet normal -0.824148 -0.566375 0
    outer loop
      vertex -4.55072 -3.30629 8.4
      vertex -4.71751 -3.06358 14.4
      vertex -4.71751 -3.06358 8.4
    endloop
  endfacet
  facet normal -0.824148 -0.566375 0
    outer loop
      vertex -4.71751 -3.06358 14.4
      vertex -4.55072 -3.30629 8.4
      vertex -4.55072 -3.30629 14.4
    endloop
  endfacet
  facet normal -0.72538 -0.688348 0
    outer loop
      vertex -4.08658 -3.86249 8.4
      vertex -4.18018 -3.76385 14.4
      vertex -4.18018 -3.76385 8.4
    endloop
  endfacet
  facet normal -0.72538 -0.688348 0
    outer loop
      vertex -4.18018 -3.76385 14.4
      vertex -4.08658 -3.86249 8.4
      vertex -4.08658 -3.86249 14.4
    endloop
  endfacet
  facet normal 0 0 1
    outer loop
      vertex 5.61728 0.294388 14.4
      vertex 5.61728 -0.294388 14.4
      vertex 5.625 0 14.4
    endloop
  endfacet
  facet normal 0 0 1
    outer loop
      vertex 5.59418 0.587967 14.4
      vertex 5.61728 -0.294388 14.4
      vertex 5.61728 0.294388 14.4
    endloop
  endfacet
  facet normal 0 0 1
    outer loop
      vertex 5.59418 0.587967 14.4
      vertex 5.59418 -0.587967 14.4
      vertex 5.61728 -0.294388 14.4
    endloop
  endfacet
  facet normal 0 0 1
    outer loop
      vertex 5.55574 0.879944 14.4
      vertex 5.59418 -0.587967 14.4
      vertex 5.59418 0.587967 14.4
    endloop
  endfacet
  facet normal 0 0 1
    outer loop
      vertex 5.55574 0.879944 14.4
      vertex 5.55574 -0.879944 14.4
      vertex 5.59418 -0.587967 14.4
    endloop
  endfacet
  facet normal 0 0 1
    outer loop
      vertex 5.50208 1.16949 14.4
      vertex 5.55574 -0.879944 14.4
      vertex 5.55574 0.879944 14.4
    endloop
  endfacet
  facet normal 0 0 1
    outer loop
      vertex 5.50208 1.16949 14.4
      vertex 5.50208 -1.16949 14.4
      vertex 5.55574 -0.879944 14.4
    endloop
  endfacet
  facet normal 0 0 1
    outer loop
      vertex 5.43332 1.45586 14.4
      vertex 5.50208 -1.16949 14.4
      vertex 5.50208 1.16949 14.4
    endloop
  endfacet
  facet normal 0 0 1
    outer loop
      vertex 5.43332 1.45586 14.4
      vertex 5.43332 -1.45586 14.4
      vertex 5.50208 -1.16949 14.4
    endloop
  endfacet
  facet normal 0 0 1
    outer loop
      vertex 5.34969 1.73822 14.4
      vertex 5.43332 -1.45586 14.4
      vertex 5.43332 1.45586 14.4
    endloop
  endfacet
  facet normal 0 0 1
    outer loop
      vertex 5.34969 1.73822 14.4
      vertex 5.34969 -1.73822 14.4
      vertex 5.43332 -1.45586 14.4
    endloop
  endfacet
  facet normal 0 0 1
    outer loop
      vertex 5.25139 2.01581 14.4
      vertex 5.34969 -1.73822 14.4
      vertex 5.34969 1.73822 14.4
    endloop
  endfacet
  facet normal 0 0 1
    outer loop
      vertex 5.25139 2.01581 14.4
      vertex 5.25139 -2.01581 14.4
      vertex 5.34969 -1.73822 14.4
    endloop
  endfacet
  facet normal 0 0 1
    outer loop
      vertex 5.13869 2.28789 14.4
      vertex 5.25139 -2.01581 14.4
      vertex 5.25139 2.01581 14.4
    endloop
  endfacet
  facet normal 0 0 1
    outer loop
      vertex 5.13869 2.28789 14.4
      vertex 5.13869 -2.28789 14.4
      vertex 5.25139 -2.01581 14.4
    endloop
  endfacet
  facet normal 0 0 1
    outer loop
      vertex 5.0119 2.5537 14.4
      vertex 5.13869 -2.28789 14.4
      vertex 5.13869 2.28789 14.4
    endloop
  endfacet
  facet normal 0 0 1
    outer loop
      vertex 5.0119 2.5537 14.4
      vertex 5.0119 -2.5537 14.4
      vertex 5.13869 -2.28789 14.4
    endloop
  endfacet
  facet normal 0 0 1
    outer loop
      vertex 4.87138 2.81248 14.4
      vertex 5.0119 -2.5537 14.4
      vertex 5.0119 2.5537 14.4
    endloop
  endfacet
  facet normal 0 0 1
    outer loop
      vertex 4.87138 2.81248 14.4
      vertex 4.87138 -2.81248 14.4
      vertex 5.0119 -2.5537 14.4
    endloop
  endfacet
  facet normal 0 0 1
    outer loop
      vertex 4.71751 3.06358 14.4
      vertex 4.87138 -2.81248 14.4
      vertex 4.87138 2.81248 14.4
    endloop
  endfacet
  facet normal 0 0 1
    outer loop
      vertex 4.71751 3.06358 14.4
      vertex 4.71751 -3.06358 14.4
      vertex 4.87138 -2.81248 14.4
    endloop
  endfacet
  facet normal 0 0 1
    outer loop
      vertex 4.55072 3.30629 14.4
      vertex 4.71751 -3.06358 14.4
      vertex 4.71751 3.06358 14.4
    endloop
  endfacet
  facet normal 0 0 1
    outer loop
      vertex 4.55072 3.30629 14.4
      vertex 4.55072 -3.30629 14.4
      vertex 4.71751 -3.06358 14.4
    endloop
  endfacet
  facet normal 0 0 1
    outer loop
      vertex 4.37144 3.53992 14.4
      vertex 4.55072 -3.30629 14.4
      vertex 4.55072 3.30629 14.4
    endloop
  endfacet
  facet normal 0 0 1
    outer loop
      vertex 4.37144 3.53992 14.4
      vertex 4.37144 -3.53992 14.4
      vertex 4.55072 -3.30629 14.4
    endloop
  endfacet
  facet normal 0 0 1
    outer loop
      vertex 4.08658 3.86249 14.4
      vertex 4.37144 3.53992 14.4
      vertex 4.18018 3.76385 14.4
    endloop
  endfacet
  facet normal 0 0 1
    outer loop
      vertex 4.37144 3.53992 14.4
      vertex 4.08658 3.86249 14.4
      vertex 4.37144 -3.53992 14.4
    endloop
  endfacet
  facet normal 0 0 1
    outer loop
      vertex 4.08658 -3.86249 14.4
      vertex 4.37144 -3.53992 14.4
      vertex 4.08658 3.86249 14.4
    endloop
  endfacet
  facet normal 0 0 1
    outer loop
      vertex 4.37144 -3.53992 14.4
      vertex 4.08658 -3.86249 14.4
      vertex 4.18018 -3.76385 14.4
    endloop
  endfacet
  facet normal -0 0 1
    outer loop
      vertex -4.08658 3.86249 14.4
      vertex 4.08658 -3.86249 14.4
      vertex 4.08658 3.86249 14.4
    endloop
  endfacet
  facet normal 0 0 1
    outer loop
      vertex -4.08658 3.86249 14.4
      vertex -4.08658 -3.86249 14.4
      vertex 4.08658 -3.86249 14.4
    endloop
  endfacet
  facet normal 0 0 1
    outer loop
      vertex -4.37144 3.53992 14.4
      vertex -4.08658 3.86249 14.4
      vertex -4.18018 3.76385 14.4
    endloop
  endfacet
  facet normal 0 0 1
    outer loop
      vertex -4.08658 3.86249 14.4
      vertex -4.37144 3.53992 14.4
      vertex -4.08658 -3.86249 14.4
    endloop
  endfacet
  facet normal -0 0 1
    outer loop
      vertex -4.37144 -3.53992 14.4
      vertex -4.08658 -3.86249 14.4
      vertex -4.37144 3.53992 14.4
    endloop
  endfacet
  facet normal 0 0 1
    outer loop
      vertex -4.08658 -3.86249 14.4
      vertex -4.37144 -3.53992 14.4
      vertex -4.18018 -3.76385 14.4
    endloop
  endfacet
  facet normal -0 0 1
    outer loop
      vertex -4.55072 3.30629 14.4
      vertex -4.37144 -3.53992 14.4
      vertex -4.37144 3.53992 14.4
    endloop
  endfacet
  facet normal 0 0 1
    outer loop
      vertex -4.55072 3.30629 14.4
      vertex -4.55072 -3.30629 14.4
      vertex -4.37144 -3.53992 14.4
    endloop
  endfacet
  facet normal -0 0 1
    outer loop
      vertex -4.71751 3.06358 14.4
      vertex -4.55072 -3.30629 14.4
      vertex -4.55072 3.30629 14.4
    endloop
  endfacet
  facet normal 0 0 1
    outer loop
      vertex -4.71751 3.06358 14.4
      vertex -4.71751 -3.06358 14.4
      vertex -4.55072 -3.30629 14.4
    endloop
  endfacet
  facet normal -0 0 1
    outer loop
      vertex -4.87138 2.81248 14.4
      vertex -4.71751 -3.06358 14.4
      vertex -4.71751 3.06358 14.4
    endloop
  endfacet
  facet normal 0 0 1
    outer loop
      vertex -4.87138 2.81248 14.4
      vertex -4.87138 -2.81248 14.4
      vertex -4.71751 -3.06358 14.4
    endloop
  endfacet
  facet normal -0 0 1
    outer loop
      vertex -5.0119 2.5537 14.4
      vertex -4.87138 -2.81248 14.4
      vertex -4.87138 2.81248 14.4
    endloop
  endfacet
  facet normal 0 0 1
    outer loop
      vertex -5.0119 2.5537 14.4
      vertex -5.0119 -2.5537 14.4
      vertex -4.87138 -2.81248 14.4
    endloop
  endfacet
  facet normal -0 0 1
    outer loop
      vertex -5.13869 2.28789 14.4
      vertex -5.0119 -2.5537 14.4
      vertex -5.0119 2.5537 14.4
    endloop
  endfacet
  facet normal 0 0 1
    outer loop
      vertex -5.13869 2.28789 14.4
      vertex -5.13869 -2.28789 14.4
      vertex -5.0119 -2.5537 14.4
    endloop
  endfacet
  facet normal -0 0 1
    outer loop
      vertex -5.25139 2.01581 14.4
      vertex -5.13869 -2.28789 14.4
      vertex -5.13869 2.28789 14.4
    endloop
  endfacet
  facet normal 0 0 1
    outer loop
      vertex -5.25139 2.01581 14.4
      vertex -5.25139 -2.01581 14.4
      vertex -5.13869 -2.28789 14.4
    endloop
  endfacet
  facet normal -0 0 1
    outer loop
      vertex -5.34969 1.73822 14.4
      vertex -5.25139 -2.01581 14.4
      vertex -5.25139 2.01581 14.4
    endloop
  endfacet
  facet normal 0 0 1
    outer loop
      vertex -5.34969 1.73822 14.4
      vertex -5.34969 -1.73822 14.4
      vertex -5.25139 -2.01581 14.4
    endloop
  endfacet
  facet normal -0 0 1
    outer loop
      vertex -5.43332 1.45586 14.4
      vertex -5.34969 -1.73822 14.4
      vertex -5.34969 1.73822 14.4
    endloop
  endfacet
  facet normal 0 0 1
    outer loop
      vertex -5.43332 1.45586 14.4
      vertex -5.43332 -1.45586 14.4
      vertex -5.34969 -1.73822 14.4
    endloop
  endfacet
  facet normal -0 0 1
    outer loop
      vertex -5.50208 1.16949 14.4
      vertex -5.43332 -1.45586 14.4
      vertex -5.43332 1.45586 14.4
    endloop
  endfacet
  facet normal 0 0 1
    outer loop
      vertex -5.50208 1.16949 14.4
      vertex -5.50208 -1.16949 14.4
      vertex -5.43332 -1.45586 14.4
    endloop
  endfacet
  facet normal -0 0 1
    outer loop
      vertex -5.55574 0.879944 14.4
      vertex -5.50208 -1.16949 14.4
      vertex -5.50208 1.16949 14.4
    endloop
  endfacet
  facet normal 0 0 1
    outer loop
      vertex -5.55574 0.879944 14.4
      vertex -5.55574 -0.879944 14.4
      vertex -5.50208 -1.16949 14.4
    endloop
  endfacet
  facet normal -0 0 1
    outer loop
      vertex -5.59418 0.587967 14.4
      vertex -5.55574 -0.879944 14.4
      vertex -5.55574 0.879944 14.4
    endloop
  endfacet
  facet normal 0 0 1
    outer loop
      vertex -5.59418 0.587967 14.4
      vertex -5.59418 -0.587967 14.4
      vertex -5.55574 -0.879944 14.4
    endloop
  endfacet
  facet normal -0 0 1
    outer loop
      vertex -5.61728 0.294388 14.4
      vertex -5.59418 -0.587967 14.4
      vertex -5.59418 0.587967 14.4
    endloop
  endfacet
  facet normal 0 0 1
    outer loop
      vertex -5.61728 0.294388 14.4
      vertex -5.61728 -0.294388 14.4
      vertex -5.59418 -0.587967 14.4
    endloop
  endfacet
  facet normal 0 -0 1
    outer loop
      vertex -5.61728 -0.294388 14.4
      vertex -5.61728 0.294388 14.4
      vertex -5.625 0 14.4
    endloop
  endfacet
  facet normal 0.983255 0.182236 0
    outer loop
      vertex 5.55574 0.879944 14.4
      vertex 5.50208 1.16949 8.4
      vertex 5.50208 1.16949 14.4
    endloop
  endfacet
  facet normal 0.983255 0.182236 0
    outer loop
      vertex 5.50208 1.16949 8.4
      vertex 5.55574 0.879944 14.4
      vertex 5.55574 0.879944 8.4
    endloop
  endfacet
  facet normal 0.852646 0.522489 0
    outer loop
      vertex 4.87138 2.81248 14.4
      vertex 4.71751 3.06358 8.4
      vertex 4.71751 3.06358 14.4
    endloop
  endfacet
  facet normal 0.852646 0.522489 0
    outer loop
      vertex 4.71751 3.06358 8.4
      vertex 4.87138 2.81248 14.4
      vertex 4.87138 2.81248 8.4
    endloop
  endfacet
  facet normal 0.902584 0.430515 0
    outer loop
      vertex 5.13869 2.28789 14.4
      vertex 5.0119 2.5537 8.4
      vertex 5.0119 2.5537 14.4
    endloop
  endfacet
  facet normal 0.902584 0.430515 0
    outer loop
      vertex 5.0119 2.5537 8.4
      vertex 5.13869 2.28789 14.4
      vertex 5.13869 2.28789 8.4
    endloop
  endfacet
  facet normal 0.72538 0.688348 0
    outer loop
      vertex 4.18018 3.76385 14.4
      vertex 4.08658 3.86249 8.4
      vertex 4.08658 3.86249 14.4
    endloop
  endfacet
  facet normal 0.72538 0.688348 0
    outer loop
      vertex 4.08658 3.86249 8.4
      vertex 4.18018 3.76385 14.4
      vertex 4.18018 3.76385 8.4
    endloop
  endfacet
  facet normal 0.999656 -0.0262181 0
    outer loop
      vertex 5.61728 -0.294388 14.4
      vertex 5.625 0 8.4
      vertex 5.625 0 14.4
    endloop
  endfacet
  facet normal 0.999656 -0.0262181 0
    outer loop
      vertex 5.625 0 8.4
      vertex 5.61728 -0.294388 14.4
      vertex 5.61728 -0.294388 8.4
    endloop
  endfacet
  facet normal 0.852646 -0.522489 0
    outer loop
      vertex 4.71751 -3.06358 14.4
      vertex 4.87138 -2.81248 8.4
      vertex 4.87138 -2.81248 14.4
    endloop
  endfacet
  facet normal 0.852646 -0.522489 0
    outer loop
      vertex 4.87138 -2.81248 8.4
      vertex 4.71751 -3.06358 14.4
      vertex 4.71751 -3.06358 8.4
    endloop
  endfacet
  facet normal 0.942644 -0.333801 0
    outer loop
      vertex 5.25139 -2.01581 14.4
      vertex 5.34969 -1.73822 8.4
      vertex 5.34969 -1.73822 14.4
    endloop
  endfacet
  facet normal 0.942644 -0.333801 0
    outer loop
      vertex 5.34969 -1.73822 8.4
      vertex 5.25139 -2.01581 14.4
      vertex 5.25139 -2.01581 8.4
    endloop
  endfacet
  facet normal -0.793342 0.608776 0
    outer loop
      vertex -4.55072 3.30629 8.4
      vertex -4.37144 3.53992 14.4
      vertex -4.37144 3.53992 8.4
    endloop
  endfacet
  facet normal -0.793342 0.608776 0
    outer loop
      vertex -4.37144 3.53992 14.4
      vertex -4.55072 3.30629 8.4
      vertex -4.55072 3.30629 14.4
    endloop
  endfacet
  facet normal -0.942644 0.333801 0
    outer loop
      vertex -5.34969 1.73822 8.4
      vertex -5.25139 2.01581 14.4
      vertex -5.25139 2.01581 8.4
    endloop
  endfacet
  facet normal -0.942644 0.333801 0
    outer loop
      vertex -5.25139 2.01581 14.4
      vertex -5.34969 1.73822 8.4
      vertex -5.34969 1.73822 14.4
    endloop
  endfacet
  facet normal -0.923877 0.38269 0
    outer loop
      vertex -5.25139 2.01581 8.4
      vertex -5.13869 2.28789 14.4
      vertex -5.13869 2.28789 8.4
    endloop
  endfacet
  facet normal -0.923877 0.38269 0
    outer loop
      vertex -5.13869 2.28789 14.4
      vertex -5.25139 2.01581 8.4
      vertex -5.25139 2.01581 14.4
    endloop
  endfacet
  facet normal -0.958826 -0.283995 0
    outer loop
      vertex -5.34969 -1.73822 8.4
      vertex -5.43332 -1.45586 14.4
      vertex -5.43332 -1.45586 8.4
    endloop
  endfacet
  facet normal -0.958826 -0.283995 0
    outer loop
      vertex -5.43332 -1.45586 14.4
      vertex -5.34969 -1.73822 8.4
      vertex -5.34969 -1.73822 14.4
    endloop
  endfacet
  facet normal -0.996918 -0.0784477 0
    outer loop
      vertex -5.59418 -0.587967 8.4
      vertex -5.61728 -0.294388 14.4
      vertex -5.61728 -0.294388 8.4
    endloop
  endfacet
  facet normal -0.996918 -0.0784477 0
    outer loop
      vertex -5.61728 -0.294388 14.4
      vertex -5.59418 -0.587967 8.4
      vertex -5.59418 -0.587967 14.4
    endloop
  endfacet
  facet normal -0.852646 -0.522489 0
    outer loop
      vertex -4.71751 -3.06358 8.4
      vertex -4.87138 -2.81248 14.4
      vertex -4.87138 -2.81248 8.4
    endloop
  endfacet
  facet normal -0.852646 -0.522489 0
    outer loop
      vertex -4.87138 -2.81248 14.4
      vertex -4.71751 -3.06358 8.4
      vertex -4.71751 -3.06358 14.4
    endloop
  endfacet
  facet normal -0.902584 -0.430515 0
    outer loop
      vertex -5.0119 -2.5537 8.4
      vertex -5.13869 -2.28789 14.4
      vertex -5.13869 -2.28789 8.4
    endloop
  endfacet
  facet normal -0.902584 -0.430515 0
    outer loop
      vertex -5.13869 -2.28789 14.4
      vertex -5.0119 -2.5537 8.4
      vertex -5.0119 -2.5537 14.4
    endloop
  endfacet
  facet normal -0.793342 -0.608776 0
    outer loop
      vertex -4.37144 -3.53992 8.4
      vertex -4.55072 -3.30629 14.4
      vertex -4.55072 -3.30629 8.4
    endloop
  endfacet
  facet normal -0.793342 -0.608776 0
    outer loop
      vertex -4.55072 -3.30629 14.4
      vertex -4.37144 -3.53992 8.4
      vertex -4.37144 -3.53992 14.4
    endloop
  endfacet
  facet normal 0.942644 0.333801 0
    outer loop
      vertex 5.34969 1.73822 14.4
      vertex 5.25139 2.01581 8.4
      vertex 5.25139 2.01581 14.4
    endloop
  endfacet
  facet normal 0.942644 0.333801 0
    outer loop
      vertex 5.25139 2.01581 8.4
      vertex 5.34969 1.73822 14.4
      vertex 5.34969 1.73822 8.4
    endloop
  endfacet
  facet normal 0.958826 0.283995 0
    outer loop
      vertex 5.43332 1.45586 14.4
      vertex 5.34969 1.73822 8.4
      vertex 5.34969 1.73822 14.4
    endloop
  endfacet
  facet normal 0.958826 0.283995 0
    outer loop
      vertex 5.34969 1.73822 8.4
      vertex 5.43332 1.45586 14.4
      vertex 5.43332 1.45586 8.4
    endloop
  endfacet
  facet normal 0.972365 0.233467 0
    outer loop
      vertex 5.50208 1.16949 14.4
      vertex 5.43332 1.45586 8.4
      vertex 5.43332 1.45586 14.4
    endloop
  endfacet
  facet normal 0.972365 0.233467 0
    outer loop
      vertex 5.43332 1.45586 8.4
      vertex 5.50208 1.16949 14.4
      vertex 5.50208 1.16949 8.4
    endloop
  endfacet
  facet normal 0.991446 0.130518 0
    outer loop
      vertex 5.59418 0.587967 14.4
      vertex 5.55574 0.879944 8.4
      vertex 5.55574 0.879944 14.4
    endloop
  endfacet
  facet normal 0.991446 0.130518 0
    outer loop
      vertex 5.55574 0.879944 8.4
      vertex 5.59418 0.587967 14.4
      vertex 5.59418 0.587967 8.4
    endloop
  endfacet
  facet normal 0.996918 0.0784477 0
    outer loop
      vertex 5.61728 0.294388 14.4
      vertex 5.59418 0.587967 8.4
      vertex 5.59418 0.587967 14.4
    endloop
  endfacet
  facet normal 0.996918 0.0784477 0
    outer loop
      vertex 5.59418 0.587967 8.4
      vertex 5.61728 0.294388 14.4
      vertex 5.61728 0.294388 8.4
    endloop
  endfacet
  facet normal 0.878807 0.477178 0
    outer loop
      vertex 5.0119 2.5537 14.4
      vertex 4.87138 2.81248 8.4
      vertex 4.87138 2.81248 14.4
    endloop
  endfacet
  facet normal 0.878807 0.477178 0
    outer loop
      vertex 4.87138 2.81248 8.4
      vertex 5.0119 2.5537 14.4
      vertex 5.0119 2.5537 8.4
    endloop
  endfacet
  facet normal 0.793342 0.608776 0
    outer loop
      vertex 4.55072 3.30629 14.4
      vertex 4.37144 3.53992 8.4
      vertex 4.37144 3.53992 14.4
    endloop
  endfacet
  facet normal 0.793342 0.608776 0
    outer loop
      vertex 4.37144 3.53992 8.4
      vertex 4.55072 3.30629 14.4
      vertex 4.55072 3.30629 8.4
    endloop
  endfacet
  facet normal 0.824148 0.566375 0
    outer loop
      vertex 4.71751 3.06358 14.4
      vertex 4.55072 3.30629 8.4
      vertex 4.55072 3.30629 14.4
    endloop
  endfacet
  facet normal 0.824148 0.566375 0
    outer loop
      vertex 4.55072 3.30629 8.4
      vertex 4.71751 3.06358 14.4
      vertex 4.71751 3.06358 8.4
    endloop
  endfacet
  facet normal 0.760393 0.649463 0
    outer loop
      vertex 4.37144 3.53992 14.4
      vertex 4.18018 3.76385 8.4
      vertex 4.18018 3.76385 14.4
    endloop
  endfacet
  facet normal 0.760393 0.649463 0
    outer loop
      vertex 4.18018 3.76385 8.4
      vertex 4.37144 3.53992 14.4
      vertex 4.37144 3.53992 8.4
    endloop
  endfacet
  facet normal 0.878807 -0.477178 0
    outer loop
      vertex 4.87138 -2.81248 14.4
      vertex 5.0119 -2.5537 8.4
      vertex 5.0119 -2.5537 14.4
    endloop
  endfacet
  facet normal 0.878807 -0.477178 0
    outer loop
      vertex 5.0119 -2.5537 8.4
      vertex 4.87138 -2.81248 14.4
      vertex 4.87138 -2.81248 8.4
    endloop
  endfacet
  facet normal 0.958826 -0.283995 0
    outer loop
      vertex 5.34969 -1.73822 14.4
      vertex 5.43332 -1.45586 8.4
      vertex 5.43332 -1.45586 14.4
    endloop
  endfacet
  facet normal 0.958826 -0.283995 0
    outer loop
      vertex 5.43332 -1.45586 8.4
      vertex 5.34969 -1.73822 14.4
      vertex 5.34969 -1.73822 8.4
    endloop
  endfacet
  facet normal 0.999656 0.0262181 0
    outer loop
      vertex 5.625 0 14.4
      vertex 5.61728 0.294388 8.4
      vertex 5.61728 0.294388 14.4
    endloop
  endfacet
  facet normal 0.999656 0.0262181 0
    outer loop
      vertex 5.61728 0.294388 8.4
      vertex 5.625 0 14.4
      vertex 5.625 0 8.4
    endloop
  endfacet
  facet normal -0.958826 0.283995 0
    outer loop
      vertex -5.43332 1.45586 8.4
      vertex -5.34969 1.73822 14.4
      vertex -5.34969 1.73822 8.4
    endloop
  endfacet
  facet normal -0.958826 0.283995 0
    outer loop
      vertex -5.34969 1.73822 14.4
      vertex -5.43332 1.45586 8.4
      vertex -5.43332 1.45586 14.4
    endloop
  endfacet
  facet normal -0.902584 0.430515 0
    outer loop
      vertex -5.13869 2.28789 8.4
      vertex -5.0119 2.5537 14.4
      vertex -5.0119 2.5537 8.4
    endloop
  endfacet
  facet normal -0.902584 0.430515 0
    outer loop
      vertex -5.0119 2.5537 14.4
      vertex -5.13869 2.28789 8.4
      vertex -5.13869 2.28789 14.4
    endloop
  endfacet
  facet normal 0.983255 -0.182236 0
    outer loop
      vertex 5.50208 -1.16949 14.4
      vertex 5.55574 -0.879944 8.4
      vertex 5.55574 -0.879944 14.4
    endloop
  endfacet
  facet normal 0.983255 -0.182236 0
    outer loop
      vertex 5.55574 -0.879944 8.4
      vertex 5.50208 -1.16949 14.4
      vertex 5.50208 -1.16949 8.4
    endloop
  endfacet
  facet normal 0.972365 -0.233467 0
    outer loop
      vertex 5.43332 -1.45586 14.4
      vertex 5.50208 -1.16949 8.4
      vertex 5.50208 -1.16949 14.4
    endloop
  endfacet
  facet normal 0.972365 -0.233467 0
    outer loop
      vertex 5.50208 -1.16949 8.4
      vertex 5.43332 -1.45586 14.4
      vertex 5.43332 -1.45586 8.4
    endloop
  endfacet
  facet normal 0.996918 -0.0784477 0
    outer loop
      vertex 5.59418 -0.587967 14.4
      vertex 5.61728 -0.294388 8.4
      vertex 5.61728 -0.294388 14.4
    endloop
  endfacet
  facet normal 0.996918 -0.0784477 0
    outer loop
      vertex 5.61728 -0.294388 8.4
      vertex 5.59418 -0.587967 14.4
      vertex 5.59418 -0.587967 8.4
    endloop
  endfacet
  facet normal 0.991446 -0.130518 0
    outer loop
      vertex 5.55574 -0.879944 14.4
      vertex 5.59418 -0.587967 8.4
      vertex 5.59418 -0.587967 14.4
    endloop
  endfacet
  facet normal 0.991446 -0.130518 0
    outer loop
      vertex 5.59418 -0.587967 8.4
      vertex 5.55574 -0.879944 14.4
      vertex 5.55574 -0.879944 8.4
    endloop
  endfacet
  facet normal 0.923877 -0.38269 0
    outer loop
      vertex 5.13869 -2.28789 14.4
      vertex 5.25139 -2.01581 8.4
      vertex 5.25139 -2.01581 14.4
    endloop
  endfacet
  facet normal 0.923877 -0.38269 0
    outer loop
      vertex 5.25139 -2.01581 8.4
      vertex 5.13869 -2.28789 14.4
      vertex 5.13869 -2.28789 8.4
    endloop
  endfacet
  facet normal 0.902584 -0.430515 0
    outer loop
      vertex 5.0119 -2.5537 14.4
      vertex 5.13869 -2.28789 8.4
      vertex 5.13869 -2.28789 14.4
    endloop
  endfacet
  facet normal 0.902584 -0.430515 0
    outer loop
      vertex 5.13869 -2.28789 8.4
      vertex 5.0119 -2.5537 14.4
      vertex 5.0119 -2.5537 8.4
    endloop
  endfacet
  facet normal 0.688354 0.725375 -0
    outer loop
      vertex 3.97748 3.97748 2
      vertex 3.76386 4.18019 8.4
      vertex 3.97748 3.97748 8.4
    endloop
  endfacet
  facet normal 0.688354 0.725375 0
    outer loop
      vertex 3.76386 4.18019 8.4
      vertex 3.97748 3.97748 2
      vertex 3.76386 4.18019 2
    endloop
  endfacet
  facet normal -0.382683 0.92388 0
    outer loop
      vertex -2.01582 5.25139 2
      vertex -2.28789 5.13869 8.4
      vertex -2.01582 5.25139 8.4
    endloop
  endfacet
  facet normal -0.382683 0.92388 0
    outer loop
      vertex -2.28789 5.13869 8.4
      vertex -2.01582 5.25139 2
      vertex -2.28789 5.13869 2
    endloop
  endfacet
  facet normal -0.902585 0.430512 0
    outer loop
      vertex -5.13869 2.28789 2
      vertex -5.01191 2.5537 8.4
      vertex -5.01191 2.5537 2
    endloop
  endfacet
  facet normal -0.902585 0.430512 0
    outer loop
      vertex -5.01191 2.5537 8.4
      vertex -5.13869 2.28789 2
      vertex -5.13869 2.28789 8.4
    endloop
  endfacet
  facet normal 0.566406 -0.824126 0
    outer loop
      vertex 3.06359 -4.71752 2
      vertex 3.30629 -4.55072 8.4
      vertex 3.06359 -4.71752 8.4
    endloop
  endfacet
  facet normal 0.566406 -0.824126 0
    outer loop
      vertex 3.30629 -4.55072 8.4
      vertex 3.06359 -4.71752 2
      vertex 3.30629 -4.55072 2
    endloop
  endfacet
  facet normal 0.999657 -0.0261791 0
    outer loop
      vertex 5.61729 -0.29439 8.4
      vertex 5.625 0 2
      vertex 5.625 0 8.4
    endloop
  endfacet
  facet normal 0.999657 -0.0261791 0
    outer loop
      vertex 5.625 0 2
      vertex 5.61729 -0.29439 8.4
      vertex 5.61729 -0.29439 2
    endloop
  endfacet
  facet normal -0.430512 -0.902585 0
    outer loop
      vertex -2.5537 -5.01191 2
      vertex -2.28789 -5.13869 8.4
      vertex -2.5537 -5.01191 8.4
    endloop
  endfacet
  facet normal -0.430512 -0.902585 -0
    outer loop
      vertex -2.28789 -5.13869 8.4
      vertex -2.5537 -5.01191 2
      vertex -2.28789 -5.13869 2
    endloop
  endfacet
  facet normal 0.95882 0.284016 0
    outer loop
      vertex 5.43333 1.45586 8.4
      vertex 5.34969 1.73822 2
      vertex 5.34969 1.73822 8.4
    endloop
  endfacet
  facet normal 0.95882 0.284016 0
    outer loop
      vertex 5.34969 1.73822 2
      vertex 5.43333 1.45586 8.4
      vertex 5.43333 1.45586 2
    endloop
  endfacet
  facet normal 0.902585 0.430512 0
    outer loop
      vertex 5.13869 2.28789 8.4
      vertex 5.01191 2.5537 2
      vertex 5.01191 2.5537 8.4
    endloop
  endfacet
  facet normal 0.902585 0.430512 0
    outer loop
      vertex 5.01191 2.5537 2
      vertex 5.13869 2.28789 8.4
      vertex 5.13869 2.28789 2
    endloop
  endfacet
  facet normal 0.430512 0.902585 -0
    outer loop
      vertex 2.5537 5.01191 2
      vertex 2.28789 5.13869 8.4
      vertex 2.5537 5.01191 8.4
    endloop
  endfacet
  facet normal 0.430512 0.902585 0
    outer loop
      vertex 2.28789 5.13869 8.4
      vertex 2.5537 5.01191 2
      vertex 2.28789 5.13869 2
    endloop
  endfacet
  facet normal -0.725375 0.688354 0
    outer loop
      vertex -4.18019 3.76386 2
      vertex -3.97748 3.97748 8.4
      vertex -3.97748 3.97748 2
    endloop
  endfacet
  facet normal -0.725375 0.688354 0
    outer loop
      vertex -3.97748 3.97748 8.4
      vertex -4.18019 3.76386 2
      vertex -4.18019 3.76386 8.4
    endloop
  endfacet
  facet normal -0.182234 0.983255 0
    outer loop
      vertex -0.879944 5.55575 2
      vertex -1.1695 5.50208 8.4
      vertex -0.879944 5.55575 8.4
    endloop
  endfacet
  facet normal -0.182234 0.983255 0
    outer loop
      vertex -1.1695 5.50208 8.4
      vertex -0.879944 5.55575 2
      vertex -1.1695 5.50208 2
    endloop
  endfacet
  facet normal 0.92388 -0.382683 0
    outer loop
      vertex 5.13869 -2.28789 8.4
      vertex 5.25139 -2.01582 2
      vertex 5.25139 -2.01582 8.4
    endloop
  endfacet
  facet normal 0.92388 -0.382683 0
    outer loop
      vertex 5.25139 -2.01582 2
      vertex 5.13869 -2.28789 8.4
      vertex 5.13869 -2.28789 2
    endloop
  endfacet
  facet normal -0.688354 -0.725375 0
    outer loop
      vertex -3.97748 -3.97748 2
      vertex -3.76386 -4.18019 8.4
      vertex -3.97748 -3.97748 8.4
    endloop
  endfacet
  facet normal -0.688354 -0.725375 -0
    outer loop
      vertex -3.76386 -4.18019 8.4
      vertex -3.97748 -3.97748 2
      vertex -3.76386 -4.18019 2
    endloop
  endfacet
  facet normal 0.996917 0.0784598 0
    outer loop
      vertex 5.61729 0.29439 8.4
      vertex 5.59418 0.587972 2
      vertex 5.59418 0.587972 8.4
    endloop
  endfacet
  facet normal 0.996917 0.0784598 0
    outer loop
      vertex 5.59418 0.587972 2
      vertex 5.61729 0.29439 8.4
      vertex 5.61729 0.29439 2
    endloop
  endfacet
  facet normal 0.983255 0.182234 0
    outer loop
      vertex 5.55575 0.879944 8.4
      vertex 5.50208 1.1695 2
      vertex 5.50208 1.1695 8.4
    endloop
  endfacet
  facet normal 0.983255 0.182234 0
    outer loop
      vertex 5.50208 1.1695 2
      vertex 5.55575 0.879944 8.4
      vertex 5.55575 0.879944 2
    endloop
  endfacet
  facet normal 0.793353 0.608762 0
    outer loop
      vertex 4.55072 3.30629 8.4
      vertex 4.37145 3.53993 2
      vertex 4.37145 3.53993 8.4
    endloop
  endfacet
  facet normal 0.793353 0.608762 0
    outer loop
      vertex 4.37145 3.53993 2
      vertex 4.55072 3.30629 8.4
      vertex 4.55072 3.30629 2
    endloop
  endfacet
  facet normal 0.824126 0.566406 0
    outer loop
      vertex 4.71752 3.06359 8.4
      vertex 4.55072 3.30629 2
      vertex 4.55072 3.30629 8.4
    endloop
  endfacet
  facet normal 0.824126 0.566406 0
    outer loop
      vertex 4.55072 3.30629 2
      vertex 4.71752 3.06359 8.4
      vertex 4.71752 3.06359 2
    endloop
  endfacet
  facet normal 0.608762 0.793353 -0
    outer loop
      vertex 3.53993 4.37145 2
      vertex 3.30629 4.55072 8.4
      vertex 3.53993 4.37145 8.4
    endloop
  endfacet
  facet normal 0.608762 0.793353 0
    outer loop
      vertex 3.30629 4.55072 8.4
      vertex 3.53993 4.37145 2
      vertex 3.30629 4.55072 2
    endloop
  endfacet
  facet normal 0.0261791 0.999657 -0
    outer loop
      vertex 0.29439 5.61729 2
      vertex 0 5.625 8.4
      vertex 0.29439 5.61729 8.4
    endloop
  endfacet
  facet normal 0.0261791 0.999657 0
    outer loop
      vertex 0 5.625 8.4
      vertex 0.29439 5.61729 2
      vertex 0 5.625 2
    endloop
  endfacet
  facet normal 0.233446 0.97237 -0
    outer loop
      vertex 1.45586 5.43333 2
      vertex 1.1695 5.50208 8.4
      vertex 1.45586 5.43333 8.4
    endloop
  endfacet
  facet normal 0.233446 0.97237 0
    outer loop
      vertex 1.1695 5.50208 8.4
      vertex 1.45586 5.43333 2
      vertex 1.1695 5.50208 2
    endloop
  endfacet
  facet normal -0.999657 0.0261791 0
    outer loop
      vertex -5.625 0 2
      vertex -5.61729 0.29439 8.4
      vertex -5.61729 0.29439 2
    endloop
  endfacet
  facet normal -0.999657 0.0261791 0
    outer loop
      vertex -5.61729 0.29439 8.4
      vertex -5.625 0 2
      vertex -5.625 0 8.4
    endloop
  endfacet
  facet normal -0.97237 0.233446 0
    outer loop
      vertex -5.50208 1.1695 2
      vertex -5.43333 1.45586 8.4
      vertex -5.43333 1.45586 2
    endloop
  endfacet
  facet normal -0.97237 0.233446 0
    outer loop
      vertex -5.43333 1.45586 8.4
      vertex -5.50208 1.1695 2
      vertex -5.50208 1.1695 8.4
    endloop
  endfacet
  facet normal -0.793353 0.608762 0
    outer loop
      vertex -4.55072 3.30629 2
      vertex -4.37145 3.53993 8.4
      vertex -4.37145 3.53993 2
    endloop
  endfacet
  facet normal -0.793353 0.608762 0
    outer loop
      vertex -4.37145 3.53993 8.4
      vertex -4.55072 3.30629 2
      vertex -4.55072 3.30629 8.4
    endloop
  endfacet
  facet normal -0.0784598 0.996917 0
    outer loop
      vertex -0.29439 5.61729 2
      vertex -0.587972 5.59418 8.4
      vertex -0.29439 5.61729 8.4
    endloop
  endfacet
  facet normal -0.0784598 0.996917 0
    outer loop
      vertex -0.587972 5.59418 8.4
      vertex -0.29439 5.61729 2
      vertex -0.587972 5.59418 2
    endloop
  endfacet
  facet normal -0.566406 0.824126 0
    outer loop
      vertex -3.06359 4.71752 2
      vertex -3.30629 4.55072 8.4
      vertex -3.06359 4.71752 8.4
    endloop
  endfacet
  facet normal -0.566406 0.824126 0
    outer loop
      vertex -3.30629 4.55072 8.4
      vertex -3.06359 4.71752 2
      vertex -3.30629 4.55072 2
    endloop
  endfacet
  facet normal -0.608762 0.793353 0
    outer loop
      vertex -3.30629 4.55072 2
      vertex -3.53993 4.37145 8.4
      vertex -3.30629 4.55072 8.4
    endloop
  endfacet
  facet normal -0.608762 0.793353 0
    outer loop
      vertex -3.53993 4.37145 8.4
      vertex -3.30629 4.55072 2
      vertex -3.53993 4.37145 2
    endloop
  endfacet
  facet normal -0.47716 0.878817 0
    outer loop
      vertex -2.5537 5.01191 2
      vertex -2.8125 4.87139 8.4
      vertex -2.5537 5.01191 8.4
    endloop
  endfacet
  facet normal -0.47716 0.878817 0
    outer loop
      vertex -2.8125 4.87139 8.4
      vertex -2.5537 5.01191 2
      vertex -2.8125 4.87139 2
    endloop
  endfacet
  facet normal 0.999657 0.0261791 0
    outer loop
      vertex 5.625 0 8.4
      vertex 5.61729 0.29439 2
      vertex 5.61729 0.29439 8.4
    endloop
  endfacet
  facet normal 0.999657 0.0261791 0
    outer loop
      vertex 5.61729 0.29439 2
      vertex 5.625 0 8.4
      vertex 5.625 0 2
    endloop
  endfacet
  facet normal 0.725375 -0.688354 0
    outer loop
      vertex 3.97748 -3.97748 8.4
      vertex 4.18019 -3.76386 2
      vertex 4.18019 -3.76386 8.4
    endloop
  endfacet
  facet normal 0.725375 -0.688354 0
    outer loop
      vertex 4.18019 -3.76386 2
      vertex 3.97748 -3.97748 8.4
      vertex 3.97748 -3.97748 2
    endloop
  endfacet
  facet normal 0.608762 -0.793353 0
    outer loop
      vertex 3.30629 -4.55072 2
      vertex 3.53993 -4.37145 8.4
      vertex 3.30629 -4.55072 8.4
    endloop
  endfacet
  facet normal 0.608762 -0.793353 0
    outer loop
      vertex 3.53993 -4.37145 8.4
      vertex 3.30629 -4.55072 2
      vertex 3.53993 -4.37145 2
    endloop
  endfacet
  facet normal -0.0261791 -0.999657 0
    outer loop
      vertex -0.29439 -5.61729 2
      vertex 0 -5.625 8.4
      vertex -0.29439 -5.61729 8.4
    endloop
  endfacet
  facet normal -0.0261791 -0.999657 -0
    outer loop
      vertex 0 -5.625 8.4
      vertex -0.29439 -5.61729 2
      vertex 0 -5.625 2
    endloop
  endfacet
  facet normal -0.92388 -0.382683 0
    outer loop
      vertex -5.13869 -2.28789 2
      vertex -5.25139 -2.01582 8.4
      vertex -5.25139 -2.01582 2
    endloop
  endfacet
  facet normal -0.92388 -0.382683 0
    outer loop
      vertex -5.25139 -2.01582 8.4
      vertex -5.13869 -2.28789 2
      vertex -5.13869 -2.28789 8.4
    endloop
  endfacet
  facet normal -0.983255 -0.182234 0
    outer loop
      vertex -5.50208 -1.1695 2
      vertex -5.55575 -0.879944 8.4
      vertex -5.55575 -0.879944 2
    endloop
  endfacet
  facet normal -0.983255 -0.182234 0
    outer loop
      vertex -5.55575 -0.879944 8.4
      vertex -5.50208 -1.1695 2
      vertex -5.50208 -1.1695 8.4
    endloop
  endfacet
  facet normal -0.793353 -0.608762 0
    outer loop
      vertex -4.37145 -3.53993 2
      vertex -4.55072 -3.30629 8.4
      vertex -4.55072 -3.30629 2
    endloop
  endfacet
  facet normal -0.793353 -0.608762 0
    outer loop
      vertex -4.55072 -3.30629 8.4
      vertex -4.37145 -3.53993 2
      vertex -4.37145 -3.53993 8.4
    endloop
  endfacet
  facet normal -0.824126 -0.566406 0
    outer loop
      vertex -4.55072 -3.30629 2
      vertex -4.71752 -3.06359 8.4
      vertex -4.71752 -3.06359 2
    endloop
  endfacet
  facet normal -0.824126 -0.566406 0
    outer loop
      vertex -4.71752 -3.06359 8.4
      vertex -4.55072 -3.30629 2
      vertex -4.55072 -3.30629 8.4
    endloop
  endfacet
  facet normal 0.991445 0.130526 0
    outer loop
      vertex 5.59418 0.587972 8.4
      vertex 5.55575 0.879944 2
      vertex 5.55575 0.879944 8.4
    endloop
  endfacet
  facet normal 0.991445 0.130526 0
    outer loop
      vertex 5.55575 0.879944 2
      vertex 5.59418 0.587972 8.4
      vertex 5.59418 0.587972 2
    endloop
  endfacet
  facet normal 0.92388 0.382683 0
    outer loop
      vertex 5.25139 2.01582 8.4
      vertex 5.13869 2.28789 2
      vertex 5.13869 2.28789 8.4
    endloop
  endfacet
  facet normal 0.92388 0.382683 0
    outer loop
      vertex 5.13869 2.28789 2
      vertex 5.25139 2.01582 8.4
      vertex 5.25139 2.01582 2
    endloop
  endfacet
  facet normal 0.942642 0.333806 0
    outer loop
      vertex 5.34969 1.73822 8.4
      vertex 5.25139 2.01582 2
      vertex 5.25139 2.01582 8.4
    endloop
  endfacet
  facet normal 0.942642 0.333806 0
    outer loop
      vertex 5.25139 2.01582 2
      vertex 5.34969 1.73822 8.4
      vertex 5.34969 1.73822 2
    endloop
  endfacet
  facet normal 0.97237 0.233446 0
    outer loop
      vertex 5.50208 1.1695 8.4
      vertex 5.43333 1.45586 2
      vertex 5.43333 1.45586 8.4
    endloop
  endfacet
  facet normal 0.97237 0.233446 0
    outer loop
      vertex 5.43333 1.45586 2
      vertex 5.50208 1.1695 8.4
      vertex 5.50208 1.1695 2
    endloop
  endfacet
  facet normal 0.878817 0.47716 0
    outer loop
      vertex 5.01191 2.5537 8.4
      vertex 4.87139 2.8125 2
      vertex 4.87139 2.8125 8.4
    endloop
  endfacet
  facet normal 0.878817 0.47716 0
    outer loop
      vertex 4.87139 2.8125 2
      vertex 5.01191 2.5537 8.4
      vertex 5.01191 2.5537 2
    endloop
  endfacet
  facet normal 0.852641 0.522497 0
    outer loop
      vertex 4.87139 2.8125 8.4
      vertex 4.71752 3.06359 2
      vertex 4.71752 3.06359 8.4
    endloop
  endfacet
  facet normal 0.852641 0.522497 0
    outer loop
      vertex 4.71752 3.06359 2
      vertex 4.87139 2.8125 8.4
      vertex 4.87139 2.8125 2
    endloop
  endfacet
  facet normal 0.760405 0.649449 0
    outer loop
      vertex 4.37145 3.53993 8.4
      vertex 4.18019 3.76386 2
      vertex 4.18019 3.76386 8.4
    endloop
  endfacet
  facet normal 0.760405 0.649449 0
    outer loop
      vertex 4.18019 3.76386 2
      vertex 4.37145 3.53993 8.4
      vertex 4.37145 3.53993 2
    endloop
  endfacet
  facet normal 0.725375 0.688354 0
    outer loop
      vertex 4.18019 3.76386 8.4
      vertex 3.97748 3.97748 2
      vertex 3.97748 3.97748 8.4
    endloop
  endfacet
  facet normal 0.725375 0.688354 0
    outer loop
      vertex 3.97748 3.97748 2
      vertex 4.18019 3.76386 8.4
      vertex 4.18019 3.76386 2
    endloop
  endfacet
  facet normal 0.649449 0.760405 -0
    outer loop
      vertex 3.76386 4.18019 2
      vertex 3.53993 4.37145 8.4
      vertex 3.76386 4.18019 8.4
    endloop
  endfacet
  facet normal 0.649449 0.760405 0
    outer loop
      vertex 3.53993 4.37145 8.4
      vertex 3.76386 4.18019 2
      vertex 3.53993 4.37145 2
    endloop
  endfacet
  facet normal 0.130526 0.991445 -0
    outer loop
      vertex 0.879944 5.55575 2
      vertex 0.587972 5.59418 8.4
      vertex 0.879944 5.55575 8.4
    endloop
  endfacet
  facet normal 0.130526 0.991445 0
    outer loop
      vertex 0.587972 5.59418 8.4
      vertex 0.879944 5.55575 2
      vertex 0.587972 5.59418 2
    endloop
  endfacet
  facet normal 0.522499 0.85264 -0
    outer loop
      vertex 3.06359 4.71752 2
      vertex 2.8125 4.87139 8.4
      vertex 3.06359 4.71752 8.4
    endloop
  endfacet
  facet normal 0.522499 0.85264 0
    outer loop
      vertex 2.8125 4.87139 8.4
      vertex 3.06359 4.71752 2
      vertex 2.8125 4.87139 2
    endloop
  endfacet
  facet normal 0.477158 0.878817 -0
    outer loop
      vertex 2.8125 4.87139 2
      vertex 2.5537 5.01191 8.4
      vertex 2.8125 4.87139 8.4
    endloop
  endfacet
  facet normal 0.477158 0.878817 0
    outer loop
      vertex 2.5537 5.01191 8.4
      vertex 2.8125 4.87139 2
      vertex 2.5537 5.01191 2
    endloop
  endfacet
  facet normal 0.566406 0.824126 -0
    outer loop
      vertex 3.30629 4.55072 2
      vertex 3.06359 4.71752 8.4
      vertex 3.30629 4.55072 8.4
    endloop
  endfacet
  facet normal 0.566406 0.824126 0
    outer loop
      vertex 3.06359 4.71752 8.4
      vertex 3.30629 4.55072 2
      vertex 3.06359 4.71752 2
    endloop
  endfacet
  facet normal 0.333806 0.942642 -0
    outer loop
      vertex 2.01582 5.25139 2
      vertex 1.73822 5.34969 8.4
      vertex 2.01582 5.25139 8.4
    endloop
  endfacet
  facet normal 0.333806 0.942642 0
    outer loop
      vertex 1.73822 5.34969 8.4
      vertex 2.01582 5.25139 2
      vertex 1.73822 5.34969 2
    endloop
  endfacet
  facet normal 0.382683 0.92388 -0
    outer loop
      vertex 2.28789 5.13869 2
      vertex 2.01582 5.25139 8.4
      vertex 2.28789 5.13869 8.4
    endloop
  endfacet
  facet normal 0.382683 0.92388 0
    outer loop
      vertex 2.01582 5.25139 8.4
      vertex 2.28789 5.13869 2
      vertex 2.01582 5.25139 2
    endloop
  endfacet
  facet normal 0.182234 0.983255 -0
    outer loop
      vertex 1.1695 5.50208 2
      vertex 0.879944 5.55575 8.4
      vertex 1.1695 5.50208 8.4
    endloop
  endfacet
  facet normal 0.182234 0.983255 0
    outer loop
      vertex 0.879944 5.55575 8.4
      vertex 1.1695 5.50208 2
      vertex 0.879944 5.55575 2
    endloop
  endfacet
  facet normal 0.0784598 0.996917 -0
    outer loop
      vertex 0.587972 5.59418 2
      vertex 0.29439 5.61729 8.4
      vertex 0.587972 5.59418 8.4
    endloop
  endfacet
  facet normal 0.0784598 0.996917 0
    outer loop
      vertex 0.29439 5.61729 8.4
      vertex 0.587972 5.59418 2
      vertex 0.29439 5.61729 2
    endloop
  endfacet
  facet normal 0.284016 0.95882 -0
    outer loop
      vertex 1.73822 5.34969 2
      vertex 1.45586 5.43333 8.4
      vertex 1.73822 5.34969 8.4
    endloop
  endfacet
  facet normal 0.284016 0.95882 0
    outer loop
      vertex 1.45586 5.43333 8.4
      vertex 1.73822 5.34969 2
      vertex 1.45586 5.43333 2
    endloop
  endfacet
  facet normal -0.991445 0.130526 0
    outer loop
      vertex -5.59418 0.587972 2
      vertex -5.55575 0.879944 8.4
      vertex -5.55575 0.879944 2
    endloop
  endfacet
  facet normal -0.991445 0.130526 0
    outer loop
      vertex -5.55575 0.879944 8.4
      vertex -5.59418 0.587972 2
      vertex -5.59418 0.587972 8.4
    endloop
  endfacet
  facet normal -0.942642 0.333806 0
    outer loop
      vertex -5.34969 1.73822 2
      vertex -5.25139 2.01582 8.4
      vertex -5.25139 2.01582 2
    endloop
  endfacet
  facet normal -0.942642 0.333806 0
    outer loop
      vertex -5.25139 2.01582 8.4
      vertex -5.34969 1.73822 2
      vertex -5.34969 1.73822 8.4
    endloop
  endfacet
  facet normal -0.92388 0.382683 0
    outer loop
      vertex -5.25139 2.01582 2
      vertex -5.13869 2.28789 8.4
      vertex -5.13869 2.28789 2
    endloop
  endfacet
  facet normal -0.92388 0.382683 0
    outer loop
      vertex -5.13869 2.28789 8.4
      vertex -5.25139 2.01582 2
      vertex -5.25139 2.01582 8.4
    endloop
  endfacet
  facet normal -0.983255 0.182234 0
    outer loop
      vertex -5.55575 0.879944 2
      vertex -5.50208 1.1695 8.4
      vertex -5.50208 1.1695 2
    endloop
  endfacet
  facet normal -0.983255 0.182234 0
    outer loop
      vertex -5.50208 1.1695 8.4
      vertex -5.55575 0.879944 2
      vertex -5.55575 0.879944 8.4
    endloop
  endfacet
  facet normal -0.996917 0.0784598 0
    outer loop
      vertex -5.61729 0.29439 2
      vertex -5.59418 0.587972 8.4
      vertex -5.59418 0.587972 2
    endloop
  endfacet
  facet normal -0.996917 0.0784598 0
    outer loop
      vertex -5.59418 0.587972 8.4
      vertex -5.61729 0.29439 2
      vertex -5.61729 0.29439 8.4
    endloop
  endfacet
  facet normal 0 0 1
    outer loop
      vertex 5.61729 0.29439 8.4
      vertex 5.61728 0.294388 8.4
      vertex 5.625 0 8.4
    endloop
  endfacet
  facet normal -0 0 1
    outer loop
      vertex 5.59418 0.587967 8.4
      vertex 5.61729 0.29439 8.4
      vertex 5.59418 0.587972 8.4
    endloop
  endfacet
  facet normal 0 0 1
    outer loop
      vertex 5.61729 0.29439 8.4
      vertex 5.59418 0.587967 8.4
      vertex 5.61728 0.294388 8.4
    endloop
  endfacet
  facet normal -0 0 1
    outer loop
      vertex 5.55574 0.879944 8.4
      vertex 5.59418 0.587972 8.4
      vertex 5.55575 0.879944 8.4
    endloop
  endfacet
  facet normal 0 0 1
    outer loop
      vertex 5.59418 0.587972 8.4
      vertex 5.55574 0.879944 8.4
      vertex 5.59418 0.587967 8.4
    endloop
  endfacet
  facet normal -0 0 1
    outer loop
      vertex 5.50208 1.16949 8.4
      vertex 5.55575 0.879944 8.4
      vertex 5.50208 1.1695 8.4
    endloop
  endfacet
  facet normal 0 0 1
    outer loop
      vertex 5.55575 0.879944 8.4
      vertex 5.50208 1.16949 8.4
      vertex 5.55574 0.879944 8.4
    endloop
  endfacet
  facet normal -0 0 1
    outer loop
      vertex 5.43332 1.45586 8.4
      vertex 5.50208 1.1695 8.4
      vertex 5.43333 1.45586 8.4
    endloop
  endfacet
  facet normal 0 0 1
    outer loop
      vertex 5.50208 1.1695 8.4
      vertex 5.43332 1.45586 8.4
      vertex 5.50208 1.16949 8.4
    endloop
  endfacet
  facet normal 0 0 1
    outer loop
      vertex 5.34969 1.73822 8.4
      vertex 5.43332 1.45586 8.4
      vertex 5.43333 1.45586 8.4
    endloop
  endfacet
  facet normal -0 0 1
    outer loop
      vertex 5.25139 2.01581 8.4
      vertex 5.34969 1.73822 8.4
      vertex 5.25139 2.01582 8.4
    endloop
  endfacet
  facet normal 0 0 1
    outer loop
      vertex 5.25139 2.01582 8.4
      vertex 5.13869 2.28789 8.4
      vertex 5.25139 2.01581 8.4
    endloop
  endfacet
  facet normal 0 0 1
    outer loop
      vertex 5.01191 2.5537 8.4
      vertex 5.0119 2.5537 8.4
      vertex 5.13869 2.28789 8.4
    endloop
  endfacet
  facet normal -0 0 1
    outer loop
      vertex 4.87138 2.81248 8.4
      vertex 5.01191 2.5537 8.4
      vertex 4.87139 2.8125 8.4
    endloop
  endfacet
  facet normal 0 0 1
    outer loop
      vertex 5.01191 2.5537 8.4
      vertex 4.87138 2.81248 8.4
      vertex 5.0119 2.5537 8.4
    endloop
  endfacet
  facet normal -0 0 1
    outer loop
      vertex 4.71751 3.06358 8.4
      vertex 4.87139 2.8125 8.4
      vertex 4.71752 3.06359 8.4
    endloop
  endfacet
  facet normal 0 0 1
    outer loop
      vertex 4.87139 2.8125 8.4
      vertex 4.71751 3.06358 8.4
      vertex 4.87138 2.81248 8.4
    endloop
  endfacet
  facet normal 0 0 1
    outer loop
      vertex 4.71752 3.06359 8.4
      vertex 4.55072 3.30629 8.4
      vertex 4.71751 3.06358 8.4
    endloop
  endfacet
  facet normal -0 0 1
    outer loop
      vertex 4.37144 3.53992 8.4
      vertex 4.55072 3.30629 8.4
      vertex 4.37145 3.53993 8.4
    endloop
  endfacet
  facet normal -0 0 1
    outer loop
      vertex 4.18018 3.76385 8.4
      vertex 4.37145 3.53993 8.4
      vertex 4.18019 3.76386 8.4
    endloop
  endfacet
  facet normal 0 0 1
    outer loop
      vertex 4.37145 3.53993 8.4
      vertex 4.18018 3.76385 8.4
      vertex 4.37144 3.53992 8.4
    endloop
  endfacet
  facet normal 0 0 1
    outer loop
      vertex 4.18019 3.76386 8.4
      vertex 4.08658 3.86249 8.4
      vertex 4.18018 3.76385 8.4
    endloop
  endfacet
  facet normal 0 0 1
    outer loop
      vertex 3.97748 3.97748 8.4
      vertex 4.08658 3.86249 8.4
      vertex 4.18019 3.76386 8.4
    endloop
  endfacet
  facet normal 0 0 1
    outer loop
      vertex 3.76386 4.18019 8.4
      vertex 4.08658 3.86249 8.4
      vertex 3.97748 3.97748 8.4
    endloop
  endfacet
  facet normal 0 0 1
    outer loop
      vertex 3.53993 4.37145 8.4
      vertex 4.08658 3.86249 8.4
      vertex 3.76386 4.18019 8.4
    endloop
  endfacet
  facet normal 0 0 1
    outer loop
      vertex 3.30629 4.55072 8.4
      vertex 4.08658 3.86249 8.4
      vertex 3.53993 4.37145 8.4
    endloop
  endfacet
  facet normal 0 0 1
    outer loop
      vertex 3.06359 4.71752 8.4
      vertex 4.08658 3.86249 8.4
      vertex 3.30629 4.55072 8.4
    endloop
  endfacet
  facet normal 0 0 1
    outer loop
      vertex 2.8125 4.87139 8.4
      vertex 4.08658 3.86249 8.4
      vertex 3.06359 4.71752 8.4
    endloop
  endfacet
  facet normal 0 0 1
    outer loop
      vertex 2.5537 5.01191 8.4
      vertex 4.08658 3.86249 8.4
      vertex 2.8125 4.87139 8.4
    endloop
  endfacet
  facet normal 0 0 1
    outer loop
      vertex 2.28789 5.13869 8.4
      vertex 4.08658 3.86249 8.4
      vertex 2.5537 5.01191 8.4
    endloop
  endfacet
  facet normal 0 0 1
    outer loop
      vertex 2.01582 5.25139 8.4
      vertex 4.08658 3.86249 8.4
      vertex 2.28789 5.13869 8.4
    endloop
  endfacet
  facet normal 0 0 1
    outer loop
      vertex 1.73822 5.34969 8.4
      vertex 4.08658 3.86249 8.4
      vertex 2.01582 5.25139 8.4
    endloop
  endfacet
  facet normal 0 0 1
    outer loop
      vertex 1.45586 5.43333 8.4
      vertex 4.08658 3.86249 8.4
      vertex 1.73822 5.34969 8.4
    endloop
  endfacet
  facet normal 0 0 1
    outer loop
      vertex 1.1695 5.50208 8.4
      vertex 4.08658 3.86249 8.4
      vertex 1.45586 5.43333 8.4
    endloop
  endfacet
  facet normal 0 0 1
    outer loop
      vertex 0.879944 5.55575 8.4
      vertex 4.08658 3.86249 8.4
      vertex 1.1695 5.50208 8.4
    endloop
  endfacet
  facet normal 0 0 1
    outer loop
      vertex 0.587972 5.59418 8.4
      vertex 4.08658 3.86249 8.4
      vertex 0.879944 5.55575 8.4
    endloop
  endfacet
  facet normal 0 0 1
    outer loop
      vertex 0.29439 5.61729 8.4
      vertex 4.08658 3.86249 8.4
      vertex 0.587972 5.59418 8.4
    endloop
  endfacet
  facet normal 0 0 1
    outer loop
      vertex 0 5.625 8.4
      vertex 4.08658 3.86249 8.4
      vertex 0.29439 5.61729 8.4
    endloop
  endfacet
  facet normal -0 0 1
    outer loop
      vertex -0.29439 5.61729 8.4
      vertex 4.08658 3.86249 8.4
      vertex 0 5.625 8.4
    endloop
  endfacet
  facet normal -0 0 1
    outer loop
      vertex -0.587972 5.59418 8.4
      vertex 4.08658 3.86249 8.4
      vertex -0.29439 5.61729 8.4
    endloop
  endfacet
  facet normal -0 0 1
    outer loop
      vertex -0.879944 5.55575 8.4
      vertex 4.08658 3.86249 8.4
      vertex -0.587972 5.59418 8.4
    endloop
  endfacet
  facet normal -0 0 1
    outer loop
      vertex -1.1695 5.50208 8.4
      vertex 4.08658 3.86249 8.4
      vertex -0.879944 5.55575 8.4
    endloop
  endfacet
  facet normal -0 0 1
    outer loop
      vertex -1.45586 5.43333 8.4
      vertex 4.08658 3.86249 8.4
      vertex -1.1695 5.50208 8.4
    endloop
  endfacet
  facet normal -0 0 1
    outer loop
      vertex -1.73822 5.34969 8.4
      vertex 4.08658 3.86249 8.4
      vertex -1.45586 5.43333 8.4
    endloop
  endfacet
  facet normal -0 0 1
    outer loop
      vertex -2.01582 5.25139 8.4
      vertex 4.08658 3.86249 8.4
      vertex -1.73822 5.34969 8.4
    endloop
  endfacet
  facet normal -0 0 1
    outer loop
      vertex -2.28789 5.13869 8.4
      vertex 4.08658 3.86249 8.4
      vertex -2.01582 5.25139 8.4
    endloop
  endfacet
  facet normal -0 0 1
    outer loop
      vertex -2.5537 5.01191 8.4
      vertex 4.08658 3.86249 8.4
      vertex -2.28789 5.13869 8.4
    endloop
  endfacet
  facet normal -0 0 1
    outer loop
      vertex -2.8125 4.87139 8.4
      vertex 4.08658 3.86249 8.4
      vertex -2.5537 5.01191 8.4
    endloop
  endfacet
  facet normal -0 0 1
    outer loop
      vertex -3.06359 4.71752 8.4
      vertex 4.08658 3.86249 8.4
      vertex -2.8125 4.87139 8.4
    endloop
  endfacet
  facet normal -0 0 1
    outer loop
      vertex -3.30629 4.55072 8.4
      vertex 4.08658 3.86249 8.4
      vertex -3.06359 4.71752 8.4
    endloop
  endfacet
  facet normal -0 0 1
    outer loop
      vertex -3.53993 4.37145 8.4
      vertex 4.08658 3.86249 8.4
      vertex -3.30629 4.55072 8.4
    endloop
  endfacet
  facet normal -0 0 1
    outer loop
      vertex -3.76386 4.18019 8.4
      vertex 4.08658 3.86249 8.4
      vertex -3.53993 4.37145 8.4
    endloop
  endfacet
  facet normal 0 0 1
    outer loop
      vertex -4.08658 3.86249 8.4
      vertex -3.76386 4.18019 8.4
      vertex -3.97748 3.97748 8.4
    endloop
  endfacet
  facet normal 0 0 1
    outer loop
      vertex -3.76386 4.18019 8.4
      vertex -4.08658 3.86249 8.4
      vertex 4.08658 3.86249 8.4
    endloop
  endfacet
  facet normal 0 0 1
    outer loop
      vertex -4.18019 3.76386 8.4
      vertex -4.08658 3.86249 8.4
      vertex -3.97748 3.97748 8.4
    endloop
  endfacet
  facet normal 0 0 1
    outer loop
      vertex -4.08658 3.86249 8.4
      vertex -4.18019 3.76386 8.4
      vertex -4.18018 3.76385 8.4
    endloop
  endfacet
  facet normal 0 0 1
    outer loop
      vertex -4.37145 3.53993 8.4
      vertex -4.18018 3.76385 8.4
      vertex -4.18019 3.76386 8.4
    endloop
  endfacet
  facet normal 0 0 1
    outer loop
      vertex -4.18018 3.76385 8.4
      vertex -4.37145 3.53993 8.4
      vertex -4.37144 3.53992 8.4
    endloop
  endfacet
  facet normal 0 0 1
    outer loop
      vertex -4.55072 3.30629 8.4
      vertex -4.37144 3.53992 8.4
      vertex -4.37145 3.53993 8.4
    endloop
  endfacet
  facet normal 0 0 1
    outer loop
      vertex -4.55072 3.30629 8.4
      vertex -4.71752 3.06359 8.4
      vertex -4.71751 3.06358 8.4
    endloop
  endfacet
  facet normal 0 0 1
    outer loop
      vertex -4.87139 2.8125 8.4
      vertex -4.71751 3.06358 8.4
      vertex -4.71752 3.06359 8.4
    endloop
  endfacet
  facet normal 0 0 1
    outer loop
      vertex -4.71751 3.06358 8.4
      vertex -4.87139 2.8125 8.4
      vertex -4.87138 2.81248 8.4
    endloop
  endfacet
  facet normal 0 0 1
    outer loop
      vertex -5.01191 2.5537 8.4
      vertex -4.87138 2.81248 8.4
      vertex -4.87139 2.8125 8.4
    endloop
  endfacet
  facet normal 0 0 1
    outer loop
      vertex -4.87138 2.81248 8.4
      vertex -5.01191 2.5537 8.4
      vertex -5.0119 2.5537 8.4
    endloop
  endfacet
  facet normal -0 0 1
    outer loop
      vertex -5.01191 2.5537 8.4
      vertex -5.13869 2.28789 8.4
      vertex -5.0119 2.5537 8.4
    endloop
  endfacet
  facet normal 0 0 1
    outer loop
      vertex -5.13869 2.28789 8.4
      vertex -5.25139 2.01582 8.4
      vertex -5.25139 2.01581 8.4
    endloop
  endfacet
  facet normal 0 0 1
    outer loop
      vertex -5.34969 1.73822 8.4
      vertex -5.25139 2.01581 8.4
      vertex -5.25139 2.01582 8.4
    endloop
  endfacet
  facet normal 0 0 1
    outer loop
      vertex -5.43333 1.45586 8.4
      vertex -5.43332 1.45586 8.4
      vertex -5.34969 1.73822 8.4
    endloop
  endfacet
  facet normal 0 0 1
    outer loop
      vertex -5.50208 1.1695 8.4
      vertex -5.43332 1.45586 8.4
      vertex -5.43333 1.45586 8.4
    endloop
  endfacet
  facet normal 0 0 1
    outer loop
      vertex -5.43332 1.45586 8.4
      vertex -5.50208 1.1695 8.4
      vertex -5.50208 1.16949 8.4
    endloop
  endfacet
  facet normal 0 0 1
    outer loop
      vertex -5.55575 0.879944 8.4
      vertex -5.50208 1.16949 8.4
      vertex -5.50208 1.1695 8.4
    endloop
  endfacet
  facet normal 0 0 1
    outer loop
      vertex -5.50208 1.16949 8.4
      vertex -5.55575 0.879944 8.4
      vertex -5.55574 0.879944 8.4
    endloop
  endfacet
  facet normal 0 0 1
    outer loop
      vertex -5.59418 0.587972 8.4
      vertex -5.55574 0.879944 8.4
      vertex -5.55575 0.879944 8.4
    endloop
  endfacet
  facet normal 0 0 1
    outer loop
      vertex -5.55574 0.879944 8.4
      vertex -5.59418 0.587972 8.4
      vertex -5.59418 0.587967 8.4
    endloop
  endfacet
  facet normal 0 0 1
    outer loop
      vertex -5.61729 0.29439 8.4
      vertex -5.59418 0.587967 8.4
      vertex -5.59418 0.587972 8.4
    endloop
  endfacet
  facet normal 0 0 1
    outer loop
      vertex -5.59418 0.587967 8.4
      vertex -5.61729 0.29439 8.4
      vertex -5.61728 0.294388 8.4
    endloop
  endfacet
  facet normal 0 0 1
    outer loop
      vertex -5.61728 0.294388 8.4
      vertex -5.61729 0.29439 8.4
      vertex -5.625 0 8.4
    endloop
  endfacet
  facet normal -0 0 1
    outer loop
      vertex 5.61728 -0.294388 8.4
      vertex 5.61729 -0.29439 8.4
      vertex 5.625 0 8.4
    endloop
  endfacet
  facet normal 0 0 1
    outer loop
      vertex 5.59418 -0.587967 8.4
      vertex 5.61729 -0.29439 8.4
      vertex 5.61728 -0.294388 8.4
    endloop
  endfacet
  facet normal 0 0 1
    outer loop
      vertex 5.61729 -0.29439 8.4
      vertex 5.59418 -0.587967 8.4
      vertex 5.59418 -0.587972 8.4
    endloop
  endfacet
  facet normal 0 0 1
    outer loop
      vertex 5.55574 -0.879944 8.4
      vertex 5.59418 -0.587972 8.4
      vertex 5.59418 -0.587967 8.4
    endloop
  endfacet
  facet normal 0 0 1
    outer loop
      vertex 5.59418 -0.587972 8.4
      vertex 5.55574 -0.879944 8.4
      vertex 5.55575 -0.879944 8.4
    endloop
  endfacet
  facet normal 0 0 1
    outer loop
      vertex 5.50208 -1.16949 8.4
      vertex 5.55575 -0.879944 8.4
      vertex 5.55574 -0.879944 8.4
    endloop
  endfacet
  facet normal 0 0 1
    outer loop
      vertex 5.55575 -0.879944 8.4
      vertex 5.50208 -1.16949 8.4
      vertex 5.50208 -1.1695 8.4
    endloop
  endfacet
  facet normal 0 0 1
    outer loop
      vertex 5.43332 -1.45586 8.4
      vertex 5.50208 -1.1695 8.4
      vertex 5.50208 -1.16949 8.4
    endloop
  endfacet
  facet normal 0 0 1
    outer loop
      vertex 5.50208 -1.1695 8.4
      vertex 5.43332 -1.45586 8.4
      vertex 5.43333 -1.45586 8.4
    endloop
  endfacet
  facet normal -0 0 1
    outer loop
      vertex 5.43332 -1.45586 8.4
      vertex 5.34969 -1.73822 8.4
      vertex 5.43333 -1.45586 8.4
    endloop
  endfacet
  facet normal 0 0 1
    outer loop
      vertex 5.34969 -1.73822 8.4
      vertex 5.25139 -2.01581 8.4
      vertex 5.25139 -2.01582 8.4
    endloop
  endfacet
  facet normal 0 0 1
    outer loop
      vertex 5.13869 -2.28789 8.4
      vertex 5.25139 -2.01582 8.4
      vertex 5.25139 -2.01581 8.4
    endloop
  endfacet
  facet normal 0 0 1
    outer loop
      vertex 5.0119 -2.5537 8.4
      vertex 5.01191 -2.5537 8.4
      vertex 5.13869 -2.28789 8.4
    endloop
  endfacet
  facet normal 0 0 1
    outer loop
      vertex 4.87138 -2.81248 8.4
      vertex 5.01191 -2.5537 8.4
      vertex 5.0119 -2.5537 8.4
    endloop
  endfacet
  facet normal 0 0 1
    outer loop
      vertex 5.01191 -2.5537 8.4
      vertex 4.87138 -2.81248 8.4
      vertex 4.87139 -2.8125 8.4
    endloop
  endfacet
  facet normal 0 0 1
    outer loop
      vertex 4.71751 -3.06358 8.4
      vertex 4.87139 -2.8125 8.4
      vertex 4.87138 -2.81248 8.4
    endloop
  endfacet
  facet normal 0 0 1
    outer loop
      vertex 4.87139 -2.8125 8.4
      vertex 4.71751 -3.06358 8.4
      vertex 4.71752 -3.06359 8.4
    endloop
  endfacet
  facet normal 0 0 1
    outer loop
      vertex 4.55072 -3.30629 8.4
      vertex 4.71752 -3.06359 8.4
      vertex 4.71751 -3.06358 8.4
    endloop
  endfacet
  facet normal 0 0 1
    outer loop
      vertex 4.55072 -3.30629 8.4
      vertex 4.37144 -3.53992 8.4
      vertex 4.37145 -3.53993 8.4
    endloop
  endfacet
  facet normal 0 0 1
    outer loop
      vertex 4.18018 -3.76385 8.4
      vertex 4.37145 -3.53993 8.4
      vertex 4.37144 -3.53992 8.4
    endloop
  endfacet
  facet normal 0 0 1
    outer loop
      vertex 4.37145 -3.53993 8.4
      vertex 4.18018 -3.76385 8.4
      vertex 4.18019 -3.76386 8.4
    endloop
  endfacet
  facet normal 0 0 1
    outer loop
      vertex 4.08658 -3.86249 8.4
      vertex 4.18019 -3.76386 8.4
      vertex 4.18018 -3.76385 8.4
    endloop
  endfacet
  facet normal -0 0 1
    outer loop
      vertex 4.08658 -3.86249 8.4
      vertex 3.97748 -3.97748 8.4
      vertex 4.18019 -3.76386 8.4
    endloop
  endfacet
  facet normal 0 0 1
    outer loop
      vertex 4.08658 -3.86249 8.4
      vertex 3.76386 -4.18019 8.4
      vertex 3.97748 -3.97748 8.4
    endloop
  endfacet
  facet normal 0 0 1
    outer loop
      vertex 4.08658 -3.86249 8.4
      vertex 3.53993 -4.37145 8.4
      vertex 3.76386 -4.18019 8.4
    endloop
  endfacet
  facet normal 0 0 1
    outer loop
      vertex 4.08658 -3.86249 8.4
      vertex 3.30629 -4.55072 8.4
      vertex 3.53993 -4.37145 8.4
    endloop
  endfacet
  facet normal 0 0 1
    outer loop
      vertex 4.08658 -3.86249 8.4
      vertex 3.06359 -4.71752 8.4
      vertex 3.30629 -4.55072 8.4
    endloop
  endfacet
  facet normal 0 0 1
    outer loop
      vertex 4.08658 -3.86249 8.4
      vertex 2.8125 -4.87139 8.4
      vertex 3.06359 -4.71752 8.4
    endloop
  endfacet
  facet normal 0 0 1
    outer loop
      vertex 4.08658 -3.86249 8.4
      vertex 2.5537 -5.01191 8.4
      vertex 2.8125 -4.87139 8.4
    endloop
  endfacet
  facet normal 0 0 1
    outer loop
      vertex 4.08658 -3.86249 8.4
      vertex 2.28789 -5.13869 8.4
      vertex 2.5537 -5.01191 8.4
    endloop
  endfacet
  facet normal 0 0 1
    outer loop
      vertex 4.08658 -3.86249 8.4
      vertex 2.01582 -5.25139 8.4
      vertex 2.28789 -5.13869 8.4
    endloop
  endfacet
  facet normal 0 0 1
    outer loop
      vertex 4.08658 -3.86249 8.4
      vertex 1.73822 -5.34969 8.4
      vertex 2.01582 -5.25139 8.4
    endloop
  endfacet
  facet normal 0 0 1
    outer loop
      vertex 4.08658 -3.86249 8.4
      vertex 1.45586 -5.43333 8.4
      vertex 1.73822 -5.34969 8.4
    endloop
  endfacet
  facet normal 0 0 1
    outer loop
      vertex 4.08658 -3.86249 8.4
      vertex 1.1695 -5.50208 8.4
      vertex 1.45586 -5.43333 8.4
    endloop
  endfacet
  facet normal 0 0 1
    outer loop
      vertex 4.08658 -3.86249 8.4
      vertex 0.879944 -5.55575 8.4
      vertex 1.1695 -5.50208 8.4
    endloop
  endfacet
  facet normal 0 0 1
    outer loop
      vertex 4.08658 -3.86249 8.4
      vertex 0.587972 -5.59418 8.4
      vertex 0.879944 -5.55575 8.4
    endloop
  endfacet
  facet normal 0 0 1
    outer loop
      vertex 4.08658 -3.86249 8.4
      vertex 0.29439 -5.61729 8.4
      vertex 0.587972 -5.59418 8.4
    endloop
  endfacet
  facet normal 0 0 1
    outer loop
      vertex 4.08658 -3.86249 8.4
      vertex 0 -5.625 8.4
      vertex 0.29439 -5.61729 8.4
    endloop
  endfacet
  facet normal 0 0 1
    outer loop
      vertex 4.08658 -3.86249 8.4
      vertex -0.29439 -5.61729 8.4
      vertex 0 -5.625 8.4
    endloop
  endfacet
  facet normal 0 0 1
    outer loop
      vertex 4.08658 -3.86249 8.4
      vertex -0.587972 -5.59418 8.4
      vertex -0.29439 -5.61729 8.4
    endloop
  endfacet
  facet normal 0 0 1
    outer loop
      vertex 4.08658 -3.86249 8.4
      vertex -0.879944 -5.55575 8.4
      vertex -0.587972 -5.59418 8.4
    endloop
  endfacet
  facet normal 0 0 1
    outer loop
      vertex 4.08658 -3.86249 8.4
      vertex -1.1695 -5.50208 8.4
      vertex -0.879944 -5.55575 8.4
    endloop
  endfacet
  facet normal 0 0 1
    outer loop
      vertex 4.08658 -3.86249 8.4
      vertex -1.45586 -5.43333 8.4
      vertex -1.1695 -5.50208 8.4
    endloop
  endfacet
  facet normal 0 0 1
    outer loop
      vertex 4.08658 -3.86249 8.4
      vertex -1.73822 -5.34969 8.4
      vertex -1.45586 -5.43333 8.4
    endloop
  endfacet
  facet normal 0 0 1
    outer loop
      vertex 4.08658 -3.86249 8.4
      vertex -2.01582 -5.25139 8.4
      vertex -1.73822 -5.34969 8.4
    endloop
  endfacet
  facet normal 0 0 1
    outer loop
      vertex 4.08658 -3.86249 8.4
      vertex -2.28789 -5.13869 8.4
      vertex -2.01582 -5.25139 8.4
    endloop
  endfacet
  facet normal 0 0 1
    outer loop
      vertex 4.08658 -3.86249 8.4
      vertex -2.5537 -5.01191 8.4
      vertex -2.28789 -5.13869 8.4
    endloop
  endfacet
  facet normal 0 0 1
    outer loop
      vertex 4.08658 -3.86249 8.4
      vertex -2.8125 -4.87139 8.4
      vertex -2.5537 -5.01191 8.4
    endloop
  endfacet
  facet normal 0 0 1
    outer loop
      vertex 4.08658 -3.86249 8.4
      vertex -3.06359 -4.71752 8.4
      vertex -2.8125 -4.87139 8.4
    endloop
  endfacet
  facet normal 0 0 1
    outer loop
      vertex 4.08658 -3.86249 8.4
      vertex -3.30629 -4.55072 8.4
      vertex -3.06359 -4.71752 8.4
    endloop
  endfacet
  facet normal 0 0 1
    outer loop
      vertex 4.08658 -3.86249 8.4
      vertex -3.53993 -4.37145 8.4
      vertex -3.30629 -4.55072 8.4
    endloop
  endfacet
  facet normal 0 0 1
    outer loop
      vertex 4.08658 -3.86249 8.4
      vertex -3.76386 -4.18019 8.4
      vertex -3.53993 -4.37145 8.4
    endloop
  endfacet
  facet normal -0 0 1
    outer loop
      vertex -4.08658 -3.86249 8.4
      vertex -3.76386 -4.18019 8.4
      vertex 4.08658 -3.86249 8.4
    endloop
  endfacet
  facet normal 0 0 1
    outer loop
      vertex -3.76386 -4.18019 8.4
      vertex -4.08658 -3.86249 8.4
      vertex -3.97748 -3.97748 8.4
    endloop
  endfacet
  facet normal -0 0 1
    outer loop
      vertex -4.18019 -3.76386 8.4
      vertex -4.08658 -3.86249 8.4
      vertex -4.18018 -3.76385 8.4
    endloop
  endfacet
  facet normal 0 0 1
    outer loop
      vertex -4.08658 -3.86249 8.4
      vertex -4.18019 -3.76386 8.4
      vertex -3.97748 -3.97748 8.4
    endloop
  endfacet
  facet normal -0 0 1
    outer loop
      vertex -4.37145 -3.53993 8.4
      vertex -4.18018 -3.76385 8.4
      vertex -4.37144 -3.53992 8.4
    endloop
  endfacet
  facet normal 0 0 1
    outer loop
      vertex -4.18018 -3.76385 8.4
      vertex -4.37145 -3.53993 8.4
      vertex -4.18019 -3.76386 8.4
    endloop
  endfacet
  facet normal 0 0 1
    outer loop
      vertex -4.37144 -3.53992 8.4
      vertex -4.55072 -3.30629 8.4
      vertex -4.37145 -3.53993 8.4
    endloop
  endfacet
  facet normal -0 0 1
    outer loop
      vertex -4.71752 -3.06359 8.4
      vertex -4.55072 -3.30629 8.4
      vertex -4.71751 -3.06358 8.4
    endloop
  endfacet
  facet normal -0 0 1
    outer loop
      vertex -4.87139 -2.8125 8.4
      vertex -4.71751 -3.06358 8.4
      vertex -4.87138 -2.81248 8.4
    endloop
  endfacet
  facet normal 0 0 1
    outer loop
      vertex -4.71751 -3.06358 8.4
      vertex -4.87139 -2.8125 8.4
      vertex -4.71752 -3.06359 8.4
    endloop
  endfacet
  facet normal -0 0 1
    outer loop
      vertex -5.01191 -2.5537 8.4
      vertex -4.87138 -2.81248 8.4
      vertex -5.0119 -2.5537 8.4
    endloop
  endfacet
  facet normal 0 0 1
    outer loop
      vertex -4.87138 -2.81248 8.4
      vertex -5.01191 -2.5537 8.4
      vertex -4.87139 -2.8125 8.4
    endloop
  endfacet
  facet normal 0 0 1
    outer loop
      vertex -5.13869 -2.28789 8.4
      vertex -5.01191 -2.5537 8.4
      vertex -5.0119 -2.5537 8.4
    endloop
  endfacet
  facet normal -0 0 1
    outer loop
      vertex -5.25139 -2.01582 8.4
      vertex -5.13869 -2.28789 8.4
      vertex -5.25139 -2.01581 8.4
    endloop
  endfacet
  facet normal 0 0 1
    outer loop
      vertex -5.25139 -2.01581 8.4
      vertex -5.34969 -1.73822 8.4
      vertex -5.25139 -2.01582 8.4
    endloop
  endfacet
  facet normal 0 0 1
    outer loop
      vertex -5.43332 -1.45586 8.4
      vertex -5.43333 -1.45586 8.4
      vertex -5.34969 -1.73822 8.4
    endloop
  endfacet
  facet normal -0 0 1
    outer loop
      vertex -5.50208 -1.1695 8.4
      vertex -5.43332 -1.45586 8.4
      vertex -5.50208 -1.16949 8.4
    endloop
  endfacet
  facet normal 0 0 1
    outer loop
      vertex -5.43332 -1.45586 8.4
      vertex -5.50208 -1.1695 8.4
      vertex -5.43333 -1.45586 8.4
    endloop
  endfacet
  facet normal -0 0 1
    outer loop
      vertex -5.55575 -0.879944 8.4
      vertex -5.50208 -1.16949 8.4
      vertex -5.55574 -0.879944 8.4
    endloop
  endfacet
  facet normal 0 0 1
    outer loop
      vertex -5.50208 -1.16949 8.4
      vertex -5.55575 -0.879944 8.4
      vertex -5.50208 -1.1695 8.4
    endloop
  endfacet
  facet normal -0 0 1
    outer loop
      vertex -5.59418 -0.587972 8.4
      vertex -5.55574 -0.879944 8.4
      vertex -5.59418 -0.587967 8.4
    endloop
  endfacet
  facet normal 0 0 1
    outer loop
      vertex -5.55574 -0.879944 8.4
      vertex -5.59418 -0.587972 8.4
      vertex -5.55575 -0.879944 8.4
    endloop
  endfacet
  facet normal -0 0 1
    outer loop
      vertex -5.61729 -0.29439 8.4
      vertex -5.59418 -0.587967 8.4
      vertex -5.61728 -0.294388 8.4
    endloop
  endfacet
  facet normal 0 0 1
    outer loop
      vertex -5.59418 -0.587967 8.4
      vertex -5.61729 -0.29439 8.4
      vertex -5.59418 -0.587972 8.4
    endloop
  endfacet
  facet normal 0 -0 1
    outer loop
      vertex -5.61729 -0.29439 8.4
      vertex -5.61728 -0.294388 8.4
      vertex -5.625 0 8.4
    endloop
  endfacet
  facet normal -0.95882 0.284016 0
    outer loop
      vertex -5.43333 1.45586 2
      vertex -5.34969 1.73822 8.4
      vertex -5.34969 1.73822 2
    endloop
  endfacet
  facet normal -0.95882 0.284016 0
    outer loop
      vertex -5.34969 1.73822 8.4
      vertex -5.43333 1.45586 2
      vertex -5.43333 1.45586 8.4
    endloop
  endfacet
  facet normal -0.852641 0.522497 0
    outer loop
      vertex -4.87139 2.8125 2
      vertex -4.71752 3.06359 8.4
      vertex -4.71752 3.06359 2
    endloop
  endfacet
  facet normal -0.852641 0.522497 0
    outer loop
      vertex -4.71752 3.06359 8.4
      vertex -4.87139 2.8125 2
      vertex -4.87139 2.8125 8.4
    endloop
  endfacet
  facet normal -0.824126 0.566406 0
    outer loop
      vertex -4.71752 3.06359 2
      vertex -4.55072 3.30629 8.4
      vertex -4.55072 3.30629 2
    endloop
  endfacet
  facet normal -0.824126 0.566406 0
    outer loop
      vertex -4.55072 3.30629 8.4
      vertex -4.71752 3.06359 2
      vertex -4.71752 3.06359 8.4
    endloop
  endfacet
  facet normal -0.878817 0.47716 0
    outer loop
      vertex -5.01191 2.5537 2
      vertex -4.87139 2.8125 8.4
      vertex -4.87139 2.8125 2
    endloop
  endfacet
  facet normal -0.878817 0.47716 0
    outer loop
      vertex -4.87139 2.8125 8.4
      vertex -5.01191 2.5537 2
      vertex -5.01191 2.5537 8.4
    endloop
  endfacet
  facet normal -0.760405 0.649449 0
    outer loop
      vertex -4.37145 3.53993 2
      vertex -4.18019 3.76386 8.4
      vertex -4.18019 3.76386 2
    endloop
  endfacet
  facet normal -0.760405 0.649449 0
    outer loop
      vertex -4.18019 3.76386 8.4
      vertex -4.37145 3.53993 2
      vertex -4.37145 3.53993 8.4
    endloop
  endfacet
  facet normal -0.284016 0.95882 0
    outer loop
      vertex -1.45586 5.43333 2
      vertex -1.73822 5.34969 8.4
      vertex -1.45586 5.43333 8.4
    endloop
  endfacet
  facet normal -0.284016 0.95882 0
    outer loop
      vertex -1.73822 5.34969 8.4
      vertex -1.45586 5.43333 2
      vertex -1.73822 5.34969 2
    endloop
  endfacet
  facet normal -0.233446 0.97237 0
    outer loop
      vertex -1.1695 5.50208 2
      vertex -1.45586 5.43333 8.4
      vertex -1.1695 5.50208 8.4
    endloop
  endfacet
  facet normal -0.233446 0.97237 0
    outer loop
      vertex -1.45586 5.43333 8.4
      vertex -1.1695 5.50208 2
      vertex -1.45586 5.43333 2
    endloop
  endfacet
  facet normal -0.333806 0.942642 0
    outer loop
      vertex -1.73822 5.34969 2
      vertex -2.01582 5.25139 8.4
      vertex -1.73822 5.34969 8.4
    endloop
  endfacet
  facet normal -0.333806 0.942642 0
    outer loop
      vertex -2.01582 5.25139 8.4
      vertex -1.73822 5.34969 2
      vertex -2.01582 5.25139 2
    endloop
  endfacet
  facet normal -0.130526 0.991445 0
    outer loop
      vertex -0.587972 5.59418 2
      vertex -0.879944 5.55575 8.4
      vertex -0.587972 5.59418 8.4
    endloop
  endfacet
  facet normal -0.130526 0.991445 0
    outer loop
      vertex -0.879944 5.55575 8.4
      vertex -0.587972 5.59418 2
      vertex -0.879944 5.55575 2
    endloop
  endfacet
  facet normal -0.0261791 0.999657 0
    outer loop
      vertex 0 5.625 2
      vertex -0.29439 5.61729 8.4
      vertex 0 5.625 8.4
    endloop
  endfacet
  facet normal -0.0261791 0.999657 0
    outer loop
      vertex -0.29439 5.61729 8.4
      vertex 0 5.625 2
      vertex -0.29439 5.61729 2
    endloop
  endfacet
  facet normal -0.522497 0.852641 0
    outer loop
      vertex -2.8125 4.87139 2
      vertex -3.06359 4.71752 8.4
      vertex -2.8125 4.87139 8.4
    endloop
  endfacet
  facet normal -0.522497 0.852641 0
    outer loop
      vertex -3.06359 4.71752 8.4
      vertex -2.8125 4.87139 2
      vertex -3.06359 4.71752 2
    endloop
  endfacet
  facet normal -0.430512 0.902585 0
    outer loop
      vertex -2.28789 5.13869 2
      vertex -2.5537 5.01191 8.4
      vertex -2.28789 5.13869 8.4
    endloop
  endfacet
  facet normal -0.430512 0.902585 0
    outer loop
      vertex -2.5537 5.01191 8.4
      vertex -2.28789 5.13869 2
      vertex -2.5537 5.01191 2
    endloop
  endfacet
  facet normal -0.649449 0.760405 0
    outer loop
      vertex -3.53993 4.37145 2
      vertex -3.76386 4.18019 8.4
      vertex -3.53993 4.37145 8.4
    endloop
  endfacet
  facet normal -0.649449 0.760405 0
    outer loop
      vertex -3.76386 4.18019 8.4
      vertex -3.53993 4.37145 2
      vertex -3.76386 4.18019 2
    endloop
  endfacet
  facet normal -0.688354 0.725375 0
    outer loop
      vertex -3.76386 4.18019 2
      vertex -3.97748 3.97748 8.4
      vertex -3.76386 4.18019 8.4
    endloop
  endfacet
  facet normal -0.688354 0.725375 0
    outer loop
      vertex -3.97748 3.97748 8.4
      vertex -3.76386 4.18019 2
      vertex -3.97748 3.97748 2
    endloop
  endfacet
  facet normal 0.991445 -0.130526 0
    outer loop
      vertex 5.55575 -0.879944 8.4
      vertex 5.59418 -0.587972 2
      vertex 5.59418 -0.587972 8.4
    endloop
  endfacet
  facet normal 0.991445 -0.130526 0
    outer loop
      vertex 5.59418 -0.587972 2
      vertex 5.55575 -0.879944 8.4
      vertex 5.55575 -0.879944 2
    endloop
  endfacet
  facet normal 0.0261791 -0.999657 0
    outer loop
      vertex 0 -5.625 2
      vertex 0.29439 -5.61729 8.4
      vertex 0 -5.625 8.4
    endloop
  endfacet
  facet normal 0.0261791 -0.999657 0
    outer loop
      vertex 0.29439 -5.61729 8.4
      vertex 0 -5.625 2
      vertex 0.29439 -5.61729 2
    endloop
  endfacet
  facet normal 0.983255 -0.182234 0
    outer loop
      vertex 5.50208 -1.1695 8.4
      vertex 5.55575 -0.879944 2
      vertex 5.55575 -0.879944 8.4
    endloop
  endfacet
  facet normal 0.983255 -0.182234 0
    outer loop
      vertex 5.55575 -0.879944 2
      vertex 5.50208 -1.1695 8.4
      vertex 5.50208 -1.1695 2
    endloop
  endfacet
  facet normal 0.824126 -0.566406 0
    outer loop
      vertex 4.55072 -3.30629 8.4
      vertex 4.71752 -3.06359 2
      vertex 4.71752 -3.06359 8.4
    endloop
  endfacet
  facet normal 0.824126 -0.566406 0
    outer loop
      vertex 4.71752 -3.06359 2
      vertex 4.55072 -3.30629 8.4
      vertex 4.55072 -3.30629 2
    endloop
  endfacet
  facet normal 0.130526 -0.991445 0
    outer loop
      vertex 0.587972 -5.59418 2
      vertex 0.879944 -5.55575 8.4
      vertex 0.587972 -5.59418 8.4
    endloop
  endfacet
  facet normal 0.130526 -0.991445 0
    outer loop
      vertex 0.879944 -5.55575 8.4
      vertex 0.587972 -5.59418 2
      vertex 0.879944 -5.55575 2
    endloop
  endfacet
  facet normal 0.333806 -0.942642 0
    outer loop
      vertex 1.73822 -5.34969 2
      vertex 2.01582 -5.25139 8.4
      vertex 1.73822 -5.34969 8.4
    endloop
  endfacet
  facet normal 0.333806 -0.942642 0
    outer loop
      vertex 2.01582 -5.25139 8.4
      vertex 1.73822 -5.34969 2
      vertex 2.01582 -5.25139 2
    endloop
  endfacet
  facet normal 0.233446 -0.97237 0
    outer loop
      vertex 1.1695 -5.50208 2
      vertex 1.45586 -5.43333 8.4
      vertex 1.1695 -5.50208 8.4
    endloop
  endfacet
  facet normal 0.233446 -0.97237 0
    outer loop
      vertex 1.45586 -5.43333 8.4
      vertex 1.1695 -5.50208 2
      vertex 1.45586 -5.43333 2
    endloop
  endfacet
  facet normal 0.688354 -0.725375 0
    outer loop
      vertex 3.76386 -4.18019 2
      vertex 3.97748 -3.97748 8.4
      vertex 3.76386 -4.18019 8.4
    endloop
  endfacet
  facet normal 0.688354 -0.725375 0
    outer loop
      vertex 3.97748 -3.97748 8.4
      vertex 3.76386 -4.18019 2
      vertex 3.97748 -3.97748 2
    endloop
  endfacet
  facet normal 0.649449 -0.760405 0
    outer loop
      vertex 3.53993 -4.37145 2
      vertex 3.76386 -4.18019 8.4
      vertex 3.53993 -4.37145 8.4
    endloop
  endfacet
  facet normal 0.649449 -0.760405 0
    outer loop
      vertex 3.76386 -4.18019 8.4
      vertex 3.53993 -4.37145 2
      vertex 3.76386 -4.18019 2
    endloop
  endfacet
  facet normal 0.522499 -0.85264 0
    outer loop
      vertex 2.8125 -4.87139 2
      vertex 3.06359 -4.71752 8.4
      vertex 2.8125 -4.87139 8.4
    endloop
  endfacet
  facet normal 0.522499 -0.85264 0
    outer loop
      vertex 3.06359 -4.71752 8.4
      vertex 2.8125 -4.87139 2
      vertex 3.06359 -4.71752 2
    endloop
  endfacet
  facet normal 0.430512 -0.902585 0
    outer loop
      vertex 2.28789 -5.13869 2
      vertex 2.5537 -5.01191 8.4
      vertex 2.28789 -5.13869 8.4
    endloop
  endfacet
  facet normal 0.430512 -0.902585 0
    outer loop
      vertex 2.5537 -5.01191 8.4
      vertex 2.28789 -5.13869 2
      vertex 2.5537 -5.01191 2
    endloop
  endfacet
  facet normal -0.130526 -0.991445 0
    outer loop
      vertex -0.879944 -5.55575 2
      vertex -0.587972 -5.59418 8.4
      vertex -0.879944 -5.55575 8.4
    endloop
  endfacet
  facet normal -0.130526 -0.991445 -0
    outer loop
      vertex -0.587972 -5.59418 8.4
      vertex -0.879944 -5.55575 2
      vertex -0.587972 -5.59418 2
    endloop
  endfacet
  facet normal -0.382683 -0.92388 0
    outer loop
      vertex -2.28789 -5.13869 2
      vertex -2.01582 -5.25139 8.4
      vertex -2.28789 -5.13869 8.4
    endloop
  endfacet
  facet normal -0.382683 -0.92388 -0
    outer loop
      vertex -2.01582 -5.25139 8.4
      vertex -2.28789 -5.13869 2
      vertex -2.01582 -5.25139 2
    endloop
  endfacet
  facet normal -0.182234 -0.983255 0
    outer loop
      vertex -1.1695 -5.50208 2
      vertex -0.879944 -5.55575 8.4
      vertex -1.1695 -5.50208 8.4
    endloop
  endfacet
  facet normal -0.182234 -0.983255 -0
    outer loop
      vertex -0.879944 -5.55575 8.4
      vertex -1.1695 -5.50208 2
      vertex -0.879944 -5.55575 2
    endloop
  endfacet
  facet normal -0.0784598 -0.996917 0
    outer loop
      vertex -0.587972 -5.59418 2
      vertex -0.29439 -5.61729 8.4
      vertex -0.587972 -5.59418 8.4
    endloop
  endfacet
  facet normal -0.0784598 -0.996917 -0
    outer loop
      vertex -0.29439 -5.61729 8.4
      vertex -0.587972 -5.59418 2
      vertex -0.29439 -5.61729 2
    endloop
  endfacet
  facet normal -0.284016 -0.95882 0
    outer loop
      vertex -1.73822 -5.34969 2
      vertex -1.45586 -5.43333 8.4
      vertex -1.73822 -5.34969 8.4
    endloop
  endfacet
  facet normal -0.284016 -0.95882 -0
    outer loop
      vertex -1.45586 -5.43333 8.4
      vertex -1.73822 -5.34969 2
      vertex -1.45586 -5.43333 2
    endloop
  endfacet
  facet normal -0.522499 -0.85264 0
    outer loop
      vertex -3.06359 -4.71752 2
      vertex -2.8125 -4.87139 8.4
      vertex -3.06359 -4.71752 8.4
    endloop
  endfacet
  facet normal -0.522499 -0.85264 -0
    outer loop
      vertex -2.8125 -4.87139 8.4
      vertex -3.06359 -4.71752 2
      vertex -2.8125 -4.87139 2
    endloop
  endfacet
  facet normal -0.566406 -0.824126 0
    outer loop
      vertex -3.30629 -4.55072 2
      vertex -3.06359 -4.71752 8.4
      vertex -3.30629 -4.55072 8.4
    endloop
  endfacet
  facet normal -0.566406 -0.824126 -0
    outer loop
      vertex -3.06359 -4.71752 8.4
      vertex -3.30629 -4.55072 2
      vertex -3.06359 -4.71752 2
    endloop
  endfacet
  facet normal -0.477158 -0.878817 0
    outer loop
      vertex -2.8125 -4.87139 2
      vertex -2.5537 -5.01191 8.4
      vertex -2.8125 -4.87139 8.4
    endloop
  endfacet
  facet normal -0.477158 -0.878817 -0
    outer loop
      vertex -2.5537 -5.01191 8.4
      vertex -2.8125 -4.87139 2
      vertex -2.5537 -5.01191 2
    endloop
  endfacet
  facet normal -0.608762 -0.793353 0
    outer loop
      vertex -3.53993 -4.37145 2
      vertex -3.30629 -4.55072 8.4
      vertex -3.53993 -4.37145 8.4
    endloop
  endfacet
  facet normal -0.608762 -0.793353 -0
    outer loop
      vertex -3.30629 -4.55072 8.4
      vertex -3.53993 -4.37145 2
      vertex -3.30629 -4.55072 2
    endloop
  endfacet
  facet normal -0.95882 -0.284016 0
    outer loop
      vertex -5.34969 -1.73822 2
      vertex -5.43333 -1.45586 8.4
      vertex -5.43333 -1.45586 2
    endloop
  endfacet
  facet normal -0.95882 -0.284016 0
    outer loop
      vertex -5.43333 -1.45586 8.4
      vertex -5.34969 -1.73822 2
      vertex -5.34969 -1.73822 8.4
    endloop
  endfacet
  facet normal -0.97237 -0.233446 0
    outer loop
      vertex -5.43333 -1.45586 2
      vertex -5.50208 -1.1695 8.4
      vertex -5.50208 -1.1695 2
    endloop
  endfacet
  facet normal -0.97237 -0.233446 0
    outer loop
      vertex -5.50208 -1.1695 8.4
      vertex -5.43333 -1.45586 2
      vertex -5.43333 -1.45586 8.4
    endloop
  endfacet
  facet normal -0.942642 -0.333806 0
    outer loop
      vertex -5.25139 -2.01582 2
      vertex -5.34969 -1.73822 8.4
      vertex -5.34969 -1.73822 2
    endloop
  endfacet
  facet normal -0.942642 -0.333806 0
    outer loop
      vertex -5.34969 -1.73822 8.4
      vertex -5.25139 -2.01582 2
      vertex -5.25139 -2.01582 8.4
    endloop
  endfacet
  facet normal -0.999657 -0.0261791 0
    outer loop
      vertex -5.61729 -0.29439 2
      vertex -5.625 0 8.4
      vertex -5.625 0 2
    endloop
  endfacet
  facet normal -0.999657 -0.0261791 0
    outer loop
      vertex -5.625 0 8.4
      vertex -5.61729 -0.29439 2
      vertex -5.61729 -0.29439 8.4
    endloop
  endfacet
  facet normal -0.991445 -0.130526 0
    outer loop
      vertex -5.55575 -0.879944 2
      vertex -5.59418 -0.587972 8.4
      vertex -5.59418 -0.587972 2
    endloop
  endfacet
  facet normal -0.991445 -0.130526 0
    outer loop
      vertex -5.59418 -0.587972 8.4
      vertex -5.55575 -0.879944 2
      vertex -5.55575 -0.879944 8.4
    endloop
  endfacet
  facet normal -0.878817 -0.47716 0
    outer loop
      vertex -4.87139 -2.8125 2
      vertex -5.01191 -2.5537 8.4
      vertex -5.01191 -2.5537 2
    endloop
  endfacet
  facet normal -0.878817 -0.47716 0
    outer loop
      vertex -5.01191 -2.5537 8.4
      vertex -4.87139 -2.8125 2
      vertex -4.87139 -2.8125 8.4
    endloop
  endfacet
  facet normal -0.852641 -0.522497 0
    outer loop
      vertex -4.71752 -3.06359 2
      vertex -4.87139 -2.8125 8.4
      vertex -4.87139 -2.8125 2
    endloop
  endfacet
  facet normal -0.852641 -0.522497 0
    outer loop
      vertex -4.87139 -2.8125 8.4
      vertex -4.71752 -3.06359 2
      vertex -4.71752 -3.06359 8.4
    endloop
  endfacet
  facet normal -0.902585 -0.430512 0
    outer loop
      vertex -5.01191 -2.5537 2
      vertex -5.13869 -2.28789 8.4
      vertex -5.13869 -2.28789 2
    endloop
  endfacet
  facet normal -0.902585 -0.430512 0
    outer loop
      vertex -5.13869 -2.28789 8.4
      vertex -5.01191 -2.5537 2
      vertex -5.01191 -2.5537 8.4
    endloop
  endfacet
  facet normal -0.760405 -0.649449 0
    outer loop
      vertex -4.18019 -3.76386 2
      vertex -4.37145 -3.53993 8.4
      vertex -4.37145 -3.53993 2
    endloop
  endfacet
  facet normal -0.760405 -0.649449 0
    outer loop
      vertex -4.37145 -3.53993 8.4
      vertex -4.18019 -3.76386 2
      vertex -4.18019 -3.76386 8.4
    endloop
  endfacet
  facet normal -0.725375 -0.688354 0
    outer loop
      vertex -3.97748 -3.97748 2
      vertex -4.18019 -3.76386 8.4
      vertex -4.18019 -3.76386 2
    endloop
  endfacet
  facet normal -0.725375 -0.688354 0
    outer loop
      vertex -4.18019 -3.76386 8.4
      vertex -3.97748 -3.97748 2
      vertex -3.97748 -3.97748 8.4
    endloop
  endfacet
  facet normal 0.996917 -0.0784598 0
    outer loop
      vertex 5.59418 -0.587972 8.4
      vertex 5.61729 -0.29439 2
      vertex 5.61729 -0.29439 8.4
    endloop
  endfacet
  facet normal 0.996917 -0.0784598 0
    outer loop
      vertex 5.61729 -0.29439 2
      vertex 5.59418 -0.587972 8.4
      vertex 5.59418 -0.587972 2
    endloop
  endfacet
  facet normal 0.97237 -0.233446 0
    outer loop
      vertex 5.43333 -1.45586 8.4
      vertex 5.50208 -1.1695 2
      vertex 5.50208 -1.1695 8.4
    endloop
  endfacet
  facet normal 0.97237 -0.233446 0
    outer loop
      vertex 5.50208 -1.1695 2
      vertex 5.43333 -1.45586 8.4
      vertex 5.43333 -1.45586 2
    endloop
  endfacet
  facet normal 0.95882 -0.284016 0
    outer loop
      vertex 5.34969 -1.73822 8.4
      vertex 5.43333 -1.45586 2
      vertex 5.43333 -1.45586 8.4
    endloop
  endfacet
  facet normal 0.95882 -0.284016 0
    outer loop
      vertex 5.43333 -1.45586 2
      vertex 5.34969 -1.73822 8.4
      vertex 5.34969 -1.73822 2
    endloop
  endfacet
  facet normal 0.942642 -0.333806 0
    outer loop
      vertex 5.25139 -2.01582 8.4
      vertex 5.34969 -1.73822 2
      vertex 5.34969 -1.73822 8.4
    endloop
  endfacet
  facet normal 0.942642 -0.333806 0
    outer loop
      vertex 5.34969 -1.73822 2
      vertex 5.25139 -2.01582 8.4
      vertex 5.25139 -2.01582 2
    endloop
  endfacet
  facet normal 0.878817 -0.47716 0
    outer loop
      vertex 4.87139 -2.8125 8.4
      vertex 5.01191 -2.5537 2
      vertex 5.01191 -2.5537 8.4
    endloop
  endfacet
  facet normal 0.878817 -0.47716 0
    outer loop
      vertex 5.01191 -2.5537 2
      vertex 4.87139 -2.8125 8.4
      vertex 4.87139 -2.8125 2
    endloop
  endfacet
  facet normal 0.793353 -0.608762 0
    outer loop
      vertex 4.37145 -3.53993 8.4
      vertex 4.55072 -3.30629 2
      vertex 4.55072 -3.30629 8.4
    endloop
  endfacet
  facet normal 0.793353 -0.608762 0
    outer loop
      vertex 4.55072 -3.30629 2
      vertex 4.37145 -3.53993 8.4
      vertex 4.37145 -3.53993 2
    endloop
  endfacet
  facet normal 0.0784598 -0.996917 0
    outer loop
      vertex 0.29439 -5.61729 2
      vertex 0.587972 -5.59418 8.4
      vertex 0.29439 -5.61729 8.4
    endloop
  endfacet
  facet normal 0.0784598 -0.996917 0
    outer loop
      vertex 0.587972 -5.59418 8.4
      vertex 0.29439 -5.61729 2
      vertex 0.587972 -5.59418 2
    endloop
  endfacet
  facet normal 0.182234 -0.983255 0
    outer loop
      vertex 0.879944 -5.55575 2
      vertex 1.1695 -5.50208 8.4
      vertex 0.879944 -5.55575 8.4
    endloop
  endfacet
  facet normal 0.182234 -0.983255 0
    outer loop
      vertex 1.1695 -5.50208 8.4
      vertex 0.879944 -5.55575 2
      vertex 1.1695 -5.50208 2
    endloop
  endfacet
  facet normal 0.382683 -0.92388 0
    outer loop
      vertex 2.01582 -5.25139 2
      vertex 2.28789 -5.13869 8.4
      vertex 2.01582 -5.25139 8.4
    endloop
  endfacet
  facet normal 0.382683 -0.92388 0
    outer loop
      vertex 2.28789 -5.13869 8.4
      vertex 2.01582 -5.25139 2
      vertex 2.28789 -5.13869 2
    endloop
  endfacet
  facet normal 0.284016 -0.95882 0
    outer loop
      vertex 1.45586 -5.43333 2
      vertex 1.73822 -5.34969 8.4
      vertex 1.45586 -5.43333 8.4
    endloop
  endfacet
  facet normal 0.284016 -0.95882 0
    outer loop
      vertex 1.73822 -5.34969 8.4
      vertex 1.45586 -5.43333 2
      vertex 1.73822 -5.34969 2
    endloop
  endfacet
  facet normal 0.477158 -0.878817 0
    outer loop
      vertex 2.5537 -5.01191 2
      vertex 2.8125 -4.87139 8.4
      vertex 2.5537 -5.01191 8.4
    endloop
  endfacet
  facet normal 0.477158 -0.878817 0
    outer loop
      vertex 2.8125 -4.87139 8.4
      vertex 2.5537 -5.01191 2
      vertex 2.8125 -4.87139 2
    endloop
  endfacet
  facet normal -0.333806 -0.942642 0
    outer loop
      vertex -2.01582 -5.25139 2
      vertex -1.73822 -5.34969 8.4
      vertex -2.01582 -5.25139 8.4
    endloop
  endfacet
  facet normal -0.333806 -0.942642 -0
    outer loop
      vertex -1.73822 -5.34969 8.4
      vertex -2.01582 -5.25139 2
      vertex -1.73822 -5.34969 2
    endloop
  endfacet
  facet normal -0.233446 -0.97237 0
    outer loop
      vertex -1.45586 -5.43333 2
      vertex -1.1695 -5.50208 8.4
      vertex -1.45586 -5.43333 8.4
    endloop
  endfacet
  facet normal -0.233446 -0.97237 -0
    outer loop
      vertex -1.1695 -5.50208 8.4
      vertex -1.45586 -5.43333 2
      vertex -1.1695 -5.50208 2
    endloop
  endfacet
  facet normal -0.649449 -0.760405 0
    outer loop
      vertex -3.76386 -4.18019 2
      vertex -3.53993 -4.37145 8.4
      vertex -3.76386 -4.18019 8.4
    endloop
  endfacet
  facet normal -0.649449 -0.760405 -0
    outer loop
      vertex -3.53993 -4.37145 8.4
      vertex -3.76386 -4.18019 2
      vertex -3.53993 -4.37145 2
    endloop
  endfacet
  facet normal -0.996917 -0.0784598 0
    outer loop
      vertex -5.59418 -0.587972 2
      vertex -5.61729 -0.29439 8.4
      vertex -5.61729 -0.29439 2
    endloop
  endfacet
  facet normal -0.996917 -0.0784598 0
    outer loop
      vertex -5.61729 -0.29439 8.4
      vertex -5.59418 -0.587972 2
      vertex -5.59418 -0.587972 8.4
    endloop
  endfacet
  facet normal 0.902585 -0.430512 0
    outer loop
      vertex 5.01191 -2.5537 8.4
      vertex 5.13869 -2.28789 2
      vertex 5.13869 -2.28789 8.4
    endloop
  endfacet
  facet normal 0.902585 -0.430512 0
    outer loop
      vertex 5.13869 -2.28789 2
      vertex 5.01191 -2.5537 8.4
      vertex 5.01191 -2.5537 2
    endloop
  endfacet
  facet normal 0.852641 -0.522497 0
    outer loop
      vertex 4.71752 -3.06359 8.4
      vertex 4.87139 -2.8125 2
      vertex 4.87139 -2.8125 8.4
    endloop
  endfacet
  facet normal 0.852641 -0.522497 0
    outer loop
      vertex 4.87139 -2.8125 2
      vertex 4.71752 -3.06359 8.4
      vertex 4.71752 -3.06359 2
    endloop
  endfacet
  facet normal 0.760405 -0.649449 0
    outer loop
      vertex 4.18019 -3.76386 8.4
      vertex 4.37145 -3.53993 2
      vertex 4.37145 -3.53993 8.4
    endloop
  endfacet
  facet normal 0.760405 -0.649449 0
    outer loop
      vertex 4.37145 -3.53993 2
      vertex 4.18019 -3.76386 8.4
      vertex 4.18019 -3.76386 2
    endloop
  endfacet
  facet normal 0.902585 0.430511 0
    outer loop
      vertex 7.67378 3.41659 2
      vertex 7.48445 3.81352 0
      vertex 7.48445 3.81352 2
    endloop
  endfacet
  facet normal 0.902585 0.430511 0
    outer loop
      vertex 7.48445 3.81352 0
      vertex 7.67378 3.41659 2
      vertex 7.67378 3.41659 0
    endloop
  endfacet
  facet normal 0.382684 0.923879 -0
    outer loop
      vertex 3.41659 7.67378 0
      vertex 3.01029 7.84208 2
      vertex 3.41659 7.67378 2
    endloop
  endfacet
  facet normal 0.382684 0.923879 0
    outer loop
      vertex 3.01029 7.84208 2
      vertex 3.41659 7.67378 0
      vertex 3.01029 7.84208 0
    endloop
  endfacet
  facet normal -0.382684 0.923879 0
    outer loop
      vertex -3.01029 7.84208 0
      vertex -3.41659 7.67378 2
      vertex -3.01029 7.84208 2
    endloop
  endfacet
  facet normal -0.382684 0.923879 0
    outer loop
      vertex -3.41659 7.67378 2
      vertex -3.01029 7.84208 0
      vertex -3.41659 7.67378 0
    endloop
  endfacet
  facet normal -0.923879 0.382684 0
    outer loop
      vertex -7.84208 3.01029 0
      vertex -7.67378 3.41659 2
      vertex -7.67378 3.41659 0
    endloop
  endfacet
  facet normal -0.923879 0.382684 0
    outer loop
      vertex -7.67378 3.41659 2
      vertex -7.84208 3.01029 0
      vertex -7.84208 3.01029 2
    endloop
  endfacet
  facet normal 0.5225 0.852639 -0
    outer loop
      vertex 4.57497 7.04483 0
      vertex 4.2 7.27461 2
      vertex 4.57497 7.04483 2
    endloop
  endfacet
  facet normal 0.5225 0.852639 0
    outer loop
      vertex 4.2 7.27461 2
      vertex 4.57497 7.04483 0
      vertex 4.2 7.27461 0
    endloop
  endfacet
  facet normal -0.760406 0.649448 0
    outer loop
      vertex -6.52803 5.28629 0
      vertex -6.24242 5.6207 2
      vertex -6.24242 5.6207 0
    endloop
  endfacet
  facet normal -0.760406 0.649448 0
    outer loop
      vertex -6.24242 5.6207 2
      vertex -6.52803 5.28629 0
      vertex -6.52803 5.28629 2
    endloop
  endfacet
  facet normal -0.182235 0.983255 0
    outer loop
      vertex -1.31405 8.29658 0
      vertex -1.74646 8.21644 2
      vertex -1.31405 8.29658 2
    endloop
  endfacet
  facet normal -0.182235 0.983255 0
    outer loop
      vertex -1.74646 8.21644 2
      vertex -1.31405 8.29658 0
      vertex -1.74646 8.21644 0
    endloop
  endfacet
  facet normal 0.95882 0.284015 0
    outer loop
      vertex 8.11378 2.17408 2
      vertex 7.98887 2.59574 0
      vertex 7.98887 2.59574 2
    endloop
  endfacet
  facet normal 0.95882 0.284015 0
    outer loop
      vertex 7.98887 2.59574 0
      vertex 8.11378 2.17408 2
      vertex 8.11378 2.17408 0
    endloop
  endfacet
  facet normal 0.824126 0.566406 0
    outer loop
      vertex 7.04483 4.57497 2
      vertex 6.79574 4.9374 0
      vertex 6.79574 4.9374 2
    endloop
  endfacet
  facet normal 0.824126 0.566406 0
    outer loop
      vertex 6.79574 4.9374 0
      vertex 7.04483 4.57497 2
      vertex 7.04483 4.57497 0
    endloop
  endfacet
  facet normal 0.725373 0.688356 0
    outer loop
      vertex 6.24242 5.6207 2
      vertex 5.9397 5.9397 0
      vertex 5.9397 5.9397 2
    endloop
  endfacet
  facet normal 0.725373 0.688356 0
    outer loop
      vertex 5.9397 5.9397 0
      vertex 6.24242 5.6207 2
      vertex 6.24242 5.6207 0
    endloop
  endfacet
  facet normal -0.0261767 0.999657 0
    outer loop
      vertex 0 8.4 0
      vertex -0.439622 8.38849 2
      vertex 0 8.4 2
    endloop
  endfacet
  facet normal -0.0261767 0.999657 0
    outer loop
      vertex -0.439622 8.38849 2
      vertex 0 8.4 0
      vertex -0.439622 8.38849 0
    endloop
  endfacet
  facet normal 0.182235 0.983255 -0
    outer loop
      vertex 1.74646 8.21644 0
      vertex 1.31405 8.29658 2
      vertex 1.74646 8.21644 2
    endloop
  endfacet
  facet normal 0.182235 0.983255 0
    outer loop
      vertex 1.31405 8.29658 2
      vertex 1.74646 8.21644 0
      vertex 1.31405 8.29658 0
    endloop
  endfacet
  facet normal 0.608761 0.793354 -0
    outer loop
      vertex 5.28629 6.52803 0
      vertex 4.9374 6.79574 2
      vertex 5.28629 6.52803 2
    endloop
  endfacet
  facet normal 0.608761 0.793354 0
    outer loop
      vertex 4.9374 6.79574 2
      vertex 5.28629 6.52803 0
      vertex 4.9374 6.79574 0
    endloop
  endfacet
  facet normal -0.999657 0.0261767 0
    outer loop
      vertex -8.4 0 0
      vertex -8.38849 0.439622 2
      vertex -8.38849 0.439622 0
    endloop
  endfacet
  facet normal -0.999657 0.0261767 0
    outer loop
      vertex -8.38849 0.439622 2
      vertex -8.4 0 0
      vertex -8.4 0 2
    endloop
  endfacet
  facet normal -0.942642 0.333807 0
    outer loop
      vertex -7.98887 2.59574 0
      vertex -7.84208 3.01029 2
      vertex -7.84208 3.01029 0
    endloop
  endfacet
  facet normal -0.942642 0.333807 0
    outer loop
      vertex -7.84208 3.01029 2
      vertex -7.98887 2.59574 0
      vertex -7.98887 2.59574 2
    endloop
  endfacet
  facet normal -0.97237 0.233446 0
    outer loop
      vertex -8.21644 1.74646 0
      vertex -8.11378 2.17408 2
      vertex -8.11378 2.17408 0
    endloop
  endfacet
  facet normal -0.97237 0.233446 0
    outer loop
      vertex -8.11378 2.17408 2
      vertex -8.21644 1.74646 0
      vertex -8.21644 1.74646 2
    endloop
  endfacet
  facet normal -0.852639 0.5225 0
    outer loop
      vertex -7.27461 4.2 0
      vertex -7.04483 4.57497 2
      vertex -7.04483 4.57497 0
    endloop
  endfacet
  facet normal -0.852639 0.5225 0
    outer loop
      vertex -7.04483 4.57497 2
      vertex -7.27461 4.2 0
      vertex -7.27461 4.2 2
    endloop
  endfacet
  facet normal -0.0784587 0.996917 0
    outer loop
      vertex -0.439622 8.38849 0
      vertex -0.878038 8.35398 2
      vertex -0.439622 8.38849 2
    endloop
  endfacet
  facet normal -0.0784587 0.996917 0
    outer loop
      vertex -0.878038 8.35398 2
      vertex -0.439622 8.38849 0
      vertex -0.878038 8.35398 0
    endloop
  endfacet
  facet normal -0.566406 0.824126 0
    outer loop
      vertex -4.57497 7.04483 0
      vertex -4.9374 6.79574 2
      vertex -4.57497 7.04483 2
    endloop
  endfacet
  facet normal -0.566406 0.824126 0
    outer loop
      vertex -4.9374 6.79574 2
      vertex -4.57497 7.04483 0
      vertex -4.9374 6.79574 0
    endloop
  endfacet
  facet normal -0.477157 0.878818 0
    outer loop
      vertex -3.81352 7.48445 0
      vertex -4.2 7.27461 2
      vertex -3.81352 7.48445 2
    endloop
  endfacet
  facet normal -0.477157 0.878818 0
    outer loop
      vertex -4.2 7.27461 2
      vertex -3.81352 7.48445 0
      vertex -4.2 7.27461 0
    endloop
  endfacet
  facet normal 0.999657 0.0261767 0
    outer loop
      vertex 8.4 0 2
      vertex 8.38849 0.439622 0
      vertex 8.38849 0.439622 2
    endloop
  endfacet
  facet normal 0.999657 0.0261767 0
    outer loop
      vertex 8.38849 0.439622 0
      vertex 8.4 0 2
      vertex 8.4 0 0
    endloop
  endfacet
  facet normal 0.760406 -0.649448 0
    outer loop
      vertex 6.24242 -5.6207 2
      vertex 6.52803 -5.28629 0
      vertex 6.52803 -5.28629 2
    endloop
  endfacet
  facet normal 0.760406 -0.649448 0
    outer loop
      vertex 6.52803 -5.28629 0
      vertex 6.24242 -5.6207 2
      vertex 6.24242 -5.6207 0
    endloop
  endfacet
  facet normal 0.0784587 -0.996917 0
    outer loop
      vertex 0.439622 -8.38849 0
      vertex 0.878038 -8.35398 2
      vertex 0.439622 -8.38849 2
    endloop
  endfacet
  facet normal 0.0784587 -0.996917 0
    outer loop
      vertex 0.878038 -8.35398 2
      vertex 0.439622 -8.38849 0
      vertex 0.878038 -8.35398 0
    endloop
  endfacet
  facet normal 0.991445 0.130528 0
    outer loop
      vertex 8.35398 0.878038 2
      vertex 8.29658 1.31405 0
      vertex 8.29658 1.31405 2
    endloop
  endfacet
  facet normal 0.991445 0.130528 0
    outer loop
      vertex 8.29658 1.31405 0
      vertex 8.35398 0.878038 2
      vertex 8.35398 0.878038 0
    endloop
  endfacet
  facet normal 0.923879 0.382684 0
    outer loop
      vertex 7.84208 3.01029 2
      vertex 7.67378 3.41659 0
      vertex 7.67378 3.41659 2
    endloop
  endfacet
  facet normal 0.923879 0.382684 0
    outer loop
      vertex 7.67378 3.41659 0
      vertex 7.84208 3.01029 2
      vertex 7.84208 3.01029 0
    endloop
  endfacet
  facet normal 0.983255 0.182235 0
    outer loop
      vertex 8.29658 1.31405 2
      vertex 8.21644 1.74646 0
      vertex 8.21644 1.74646 2
    endloop
  endfacet
  facet normal 0.983255 0.182235 0
    outer loop
      vertex 8.21644 1.74646 0
      vertex 8.29658 1.31405 2
      vertex 8.29658 1.31405 0
    endloop
  endfacet
  facet normal 0.878818 0.477157 0
    outer loop
      vertex 7.48445 3.81352 2
      vertex 7.27461 4.2 0
      vertex 7.27461 4.2 2
    endloop
  endfacet
  facet normal 0.878818 0.477157 0
    outer loop
      vertex 7.27461 4.2 0
      vertex 7.48445 3.81352 2
      vertex 7.48445 3.81352 0
    endloop
  endfacet
  facet normal 0.688356 0.725373 -0
    outer loop
      vertex 5.9397 5.9397 0
      vertex 5.6207 6.24242 2
      vertex 5.9397 5.9397 2
    endloop
  endfacet
  facet normal 0.688356 0.725373 0
    outer loop
      vertex 5.6207 6.24242 2
      vertex 5.9397 5.9397 0
      vertex 5.6207 6.24242 0
    endloop
  endfacet
  facet normal 0.852639 0.5225 0
    outer loop
      vertex 7.27461 4.2 2
      vertex 7.04483 4.57497 0
      vertex 7.04483 4.57497 2
    endloop
  endfacet
  facet normal 0.852639 0.5225 0
    outer loop
      vertex 7.04483 4.57497 0
      vertex 7.27461 4.2 2
      vertex 7.27461 4.2 0
    endloop
  endfacet
  facet normal 0.793354 0.608761 0
    outer loop
      vertex 6.79574 4.9374 2
      vertex 6.52803 5.28629 0
      vertex 6.52803 5.28629 2
    endloop
  endfacet
  facet normal 0.793354 0.608761 0
    outer loop
      vertex 6.52803 5.28629 0
      vertex 6.79574 4.9374 2
      vertex 6.79574 4.9374 0
    endloop
  endfacet
  facet normal 0.760406 0.649448 0
    outer loop
      vertex 6.52803 5.28629 2
      vertex 6.24242 5.6207 0
      vertex 6.24242 5.6207 2
    endloop
  endfacet
  facet normal 0.760406 0.649448 0
    outer loop
      vertex 6.24242 5.6207 0
      vertex 6.52803 5.28629 2
      vertex 6.52803 5.28629 0
    endloop
  endfacet
  facet normal 0.0784587 0.996917 -0
    outer loop
      vertex 0.878038 8.35398 0
      vertex 0.439622 8.38849 2
      vertex 0.878038 8.35398 2
    endloop
  endfacet
  facet normal 0.0784587 0.996917 0
    outer loop
      vertex 0.439622 8.38849 2
      vertex 0.878038 8.35398 0
      vertex 0.439622 8.38849 0
    endloop
  endfacet
  facet normal 0.284015 0.95882 -0
    outer loop
      vertex 2.59574 7.98887 0
      vertex 2.17408 8.11378 2
      vertex 2.59574 7.98887 2
    endloop
  endfacet
  facet normal 0.284015 0.95882 0
    outer loop
      vertex 2.17408 8.11378 2
      vertex 2.59574 7.98887 0
      vertex 2.17408 8.11378 0
    endloop
  endfacet
  facet normal 0.333807 0.942642 -0
    outer loop
      vertex 3.01029 7.84208 0
      vertex 2.59574 7.98887 2
      vertex 3.01029 7.84208 2
    endloop
  endfacet
  facet normal 0.333807 0.942642 0
    outer loop
      vertex 2.59574 7.98887 2
      vertex 3.01029 7.84208 0
      vertex 2.59574 7.98887 0
    endloop
  endfacet
  facet normal 0.130528 0.991445 -0
    outer loop
      vertex 1.31405 8.29658 0
      vertex 0.878038 8.35398 2
      vertex 1.31405 8.29658 2
    endloop
  endfacet
  facet normal 0.130528 0.991445 0
    outer loop
      vertex 0.878038 8.35398 2
      vertex 1.31405 8.29658 0
      vertex 0.878038 8.35398 0
    endloop
  endfacet
  facet normal 0.0261767 0.999657 -0
    outer loop
      vertex 0.439622 8.38849 0
      vertex 0 8.4 2
      vertex 0.439622 8.38849 2
    endloop
  endfacet
  facet normal 0.0261767 0.999657 0
    outer loop
      vertex 0 8.4 2
      vertex 0.439622 8.38849 0
      vertex 0 8.4 0
    endloop
  endfacet
  facet normal 0.233446 0.97237 -0
    outer loop
      vertex 2.17408 8.11378 0
      vertex 1.74646 8.21644 2
      vertex 2.17408 8.11378 2
    endloop
  endfacet
  facet normal 0.233446 0.97237 0
    outer loop
      vertex 1.74646 8.21644 2
      vertex 2.17408 8.11378 0
      vertex 1.74646 8.21644 0
    endloop
  endfacet
  facet normal 0.477157 0.878818 -0
    outer loop
      vertex 4.2 7.27461 0
      vertex 3.81352 7.48445 2
      vertex 4.2 7.27461 2
    endloop
  endfacet
  facet normal 0.477157 0.878818 0
    outer loop
      vertex 3.81352 7.48445 2
      vertex 4.2 7.27461 0
      vertex 3.81352 7.48445 0
    endloop
  endfacet
  facet normal 0.430511 0.902585 -0
    outer loop
      vertex 3.81352 7.48445 0
      vertex 3.41659 7.67378 2
      vertex 3.81352 7.48445 2
    endloop
  endfacet
  facet normal 0.430511 0.902585 0
    outer loop
      vertex 3.41659 7.67378 2
      vertex 3.81352 7.48445 0
      vertex 3.41659 7.67378 0
    endloop
  endfacet
  facet normal 0.566406 0.824126 -0
    outer loop
      vertex 4.9374 6.79574 0
      vertex 4.57497 7.04483 2
      vertex 4.9374 6.79574 2
    endloop
  endfacet
  facet normal 0.566406 0.824126 0
    outer loop
      vertex 4.57497 7.04483 2
      vertex 4.9374 6.79574 0
      vertex 4.57497 7.04483 0
    endloop
  endfacet
  facet normal 0.649448 0.760406 -0
    outer loop
      vertex 5.6207 6.24242 0
      vertex 5.28629 6.52803 2
      vertex 5.6207 6.24242 2
    endloop
  endfacet
  facet normal 0.649448 0.760406 0
    outer loop
      vertex 5.28629 6.52803 2
      vertex 5.6207 6.24242 0
      vertex 5.28629 6.52803 0
    endloop
  endfacet
  facet normal -0.991445 0.130528 0
    outer loop
      vertex -8.35398 0.878038 0
      vertex -8.29658 1.31405 2
      vertex -8.29658 1.31405 0
    endloop
  endfacet
  facet normal -0.991445 0.130528 0
    outer loop
      vertex -8.29658 1.31405 2
      vertex -8.35398 0.878038 0
      vertex -8.35398 0.878038 2
    endloop
  endfacet
  facet normal -0.983255 0.182235 0
    outer loop
      vertex -8.29658 1.31405 0
      vertex -8.21644 1.74646 2
      vertex -8.21644 1.74646 0
    endloop
  endfacet
  facet normal -0.983255 0.182235 0
    outer loop
      vertex -8.21644 1.74646 2
      vertex -8.29658 1.31405 0
      vertex -8.29658 1.31405 2
    endloop
  endfacet
  facet normal -0.996917 0.0784587 0
    outer loop
      vertex -8.38849 0.439622 0
      vertex -8.35398 0.878038 2
      vertex -8.35398 0.878038 0
    endloop
  endfacet
  facet normal -0.996917 0.0784587 0
    outer loop
      vertex -8.35398 0.878038 2
      vertex -8.38849 0.439622 0
      vertex -8.38849 0.439622 2
    endloop
  endfacet
  facet normal 0 0 1
    outer loop
      vertex 5.625 0 2
      vertex 8.4 0 2
      vertex 8.38849 0.439622 2
    endloop
  endfacet
  facet normal 0 0 1
    outer loop
      vertex 5.61729 0.29439 2
      vertex 8.38849 0.439622 2
      vertex 8.35398 0.878038 2
    endloop
  endfacet
  facet normal 0 0 1
    outer loop
      vertex 8.4 0 2
      vertex 5.625 0 2
      vertex 8.38849 -0.439622 2
    endloop
  endfacet
  facet normal 0 0 1
    outer loop
      vertex 5.59418 0.587972 2
      vertex 8.35398 0.878038 2
      vertex 8.29658 1.31405 2
    endloop
  endfacet
  facet normal -0 0 1
    outer loop
      vertex 5.61729 -0.29439 2
      vertex 8.38849 -0.439622 2
      vertex 5.625 0 2
    endloop
  endfacet
  facet normal 0 0 1
    outer loop
      vertex 5.55575 0.879944 2
      vertex 8.29658 1.31405 2
      vertex 8.21644 1.74646 2
    endloop
  endfacet
  facet normal 0 0 1
    outer loop
      vertex 8.38849 -0.439622 2
      vertex 5.61729 -0.29439 2
      vertex 8.35398 -0.878038 2
    endloop
  endfacet
  facet normal 0 0 1
    outer loop
      vertex 5.50208 1.1695 2
      vertex 8.21644 1.74646 2
      vertex 8.11378 2.17408 2
    endloop
  endfacet
  facet normal -0 0 1
    outer loop
      vertex 5.59418 -0.587972 2
      vertex 8.35398 -0.878038 2
      vertex 5.61729 -0.29439 2
    endloop
  endfacet
  facet normal 0 0 1
    outer loop
      vertex 5.43333 1.45586 2
      vertex 8.11378 2.17408 2
      vertex 7.98887 2.59574 2
    endloop
  endfacet
  facet normal 0 0 1
    outer loop
      vertex 8.35398 -0.878038 2
      vertex 5.59418 -0.587972 2
      vertex 8.29658 -1.31405 2
    endloop
  endfacet
  facet normal 0 0 1
    outer loop
      vertex 5.34969 1.73822 2
      vertex 7.98887 2.59574 2
      vertex 7.84208 3.01029 2
    endloop
  endfacet
  facet normal -0 0 1
    outer loop
      vertex 5.55575 -0.879944 2
      vertex 8.29658 -1.31405 2
      vertex 5.59418 -0.587972 2
    endloop
  endfacet
  facet normal 0 0 1
    outer loop
      vertex 5.25139 2.01582 2
      vertex 7.84208 3.01029 2
      vertex 7.67378 3.41659 2
    endloop
  endfacet
  facet normal 0 0 1
    outer loop
      vertex 8.29658 -1.31405 2
      vertex 5.55575 -0.879944 2
      vertex 8.21644 -1.74646 2
    endloop
  endfacet
  facet normal 0 0 1
    outer loop
      vertex 5.13869 2.28789 2
      vertex 7.67378 3.41659 2
      vertex 7.48445 3.81352 2
    endloop
  endfacet
  facet normal -0 0 1
    outer loop
      vertex 5.50208 -1.1695 2
      vertex 8.21644 -1.74646 2
      vertex 5.55575 -0.879944 2
    endloop
  endfacet
  facet normal 0 0 1
    outer loop
      vertex 5.01191 2.5537 2
      vertex 7.48445 3.81352 2
      vertex 7.27461 4.2 2
    endloop
  endfacet
  facet normal 0 0 1
    outer loop
      vertex 8.21644 -1.74646 2
      vertex 5.50208 -1.1695 2
      vertex 8.11378 -2.17408 2
    endloop
  endfacet
  facet normal 0 0 1
    outer loop
      vertex 4.87139 2.8125 2
      vertex 7.27461 4.2 2
      vertex 7.04483 4.57497 2
    endloop
  endfacet
  facet normal -0 0 1
    outer loop
      vertex 5.43333 -1.45586 2
      vertex 8.11378 -2.17408 2
      vertex 5.50208 -1.1695 2
    endloop
  endfacet
  facet normal 0 0 1
    outer loop
      vertex 4.71752 3.06359 2
      vertex 7.04483 4.57497 2
      vertex 6.79574 4.9374 2
    endloop
  endfacet
  facet normal 0 0 1
    outer loop
      vertex 8.11378 -2.17408 2
      vertex 5.43333 -1.45586 2
      vertex 7.98887 -2.59574 2
    endloop
  endfacet
  facet normal 0 0 1
    outer loop
      vertex 4.55072 3.30629 2
      vertex 6.79574 4.9374 2
      vertex 6.52803 5.28629 2
    endloop
  endfacet
  facet normal -0 0 1
    outer loop
      vertex 5.34969 -1.73822 2
      vertex 7.98887 -2.59574 2
      vertex 5.43333 -1.45586 2
    endloop
  endfacet
  facet normal 0 0 1
    outer loop
      vertex 4.37145 3.53993 2
      vertex 6.52803 5.28629 2
      vertex 6.24242 5.6207 2
    endloop
  endfacet
  facet normal 0 0 1
    outer loop
      vertex 7.98887 -2.59574 2
      vertex 5.34969 -1.73822 2
      vertex 7.84208 -3.01029 2
    endloop
  endfacet
  facet normal 0 0 1
    outer loop
      vertex 4.18019 3.76386 2
      vertex 6.24242 5.6207 2
      vertex 5.9397 5.9397 2
    endloop
  endfacet
  facet normal -0 0 1
    outer loop
      vertex 5.25139 -2.01582 2
      vertex 7.84208 -3.01029 2
      vertex 5.34969 -1.73822 2
    endloop
  endfacet
  facet normal 0 0 1
    outer loop
      vertex 7.84208 -3.01029 2
      vertex 5.25139 -2.01582 2
      vertex 7.67378 -3.41659 2
    endloop
  endfacet
  facet normal 0 0 1
    outer loop
      vertex 3.97748 3.97748 2
      vertex 5.9397 5.9397 2
      vertex 5.6207 6.24242 2
    endloop
  endfacet
  facet normal 0 0 1
    outer loop
      vertex 8.38849 0.439622 2
      vertex 5.61729 0.29439 2
      vertex 5.625 0 2
    endloop
  endfacet
  facet normal 0 0 1
    outer loop
      vertex 8.35398 0.878038 2
      vertex 5.59418 0.587972 2
      vertex 5.61729 0.29439 2
    endloop
  endfacet
  facet normal 0 0 1
    outer loop
      vertex 8.29658 1.31405 2
      vertex 5.55575 0.879944 2
      vertex 5.59418 0.587972 2
    endloop
  endfacet
  facet normal 0 0 1
    outer loop
      vertex 8.21644 1.74646 2
      vertex 5.50208 1.1695 2
      vertex 5.55575 0.879944 2
    endloop
  endfacet
  facet normal 0 0 1
    outer loop
      vertex 8.11378 2.17408 2
      vertex 5.43333 1.45586 2
      vertex 5.50208 1.1695 2
    endloop
  endfacet
  facet normal 0 0 1
    outer loop
      vertex 7.98887 2.59574 2
      vertex 5.34969 1.73822 2
      vertex 5.43333 1.45586 2
    endloop
  endfacet
  facet normal 0 0 1
    outer loop
      vertex 3.76386 4.18019 2
      vertex 5.6207 6.24242 2
      vertex 5.28629 6.52803 2
    endloop
  endfacet
  facet normal 0 0 1
    outer loop
      vertex 7.84208 3.01029 2
      vertex 5.25139 2.01582 2
      vertex 5.34969 1.73822 2
    endloop
  endfacet
  facet normal 0 0 1
    outer loop
      vertex 7.67378 3.41659 2
      vertex 5.13869 2.28789 2
      vertex 5.25139 2.01582 2
    endloop
  endfacet
  facet normal 0 0 1
    outer loop
      vertex 7.48445 3.81352 2
      vertex 5.01191 2.5537 2
      vertex 5.13869 2.28789 2
    endloop
  endfacet
  facet normal 0 0 1
    outer loop
      vertex 3.53993 4.37145 2
      vertex 5.28629 6.52803 2
      vertex 4.9374 6.79574 2
    endloop
  endfacet
  facet normal 0 0 1
    outer loop
      vertex 7.27461 4.2 2
      vertex 4.87139 2.8125 2
      vertex 5.01191 2.5537 2
    endloop
  endfacet
  facet normal 0 0 1
    outer loop
      vertex 7.04483 4.57497 2
      vertex 4.71752 3.06359 2
      vertex 4.87139 2.8125 2
    endloop
  endfacet
  facet normal 0 0 1
    outer loop
      vertex 3.30629 4.55072 2
      vertex 4.9374 6.79574 2
      vertex 4.57497 7.04483 2
    endloop
  endfacet
  facet normal 0 0 1
    outer loop
      vertex 6.79574 4.9374 2
      vertex 4.55072 3.30629 2
      vertex 4.71752 3.06359 2
    endloop
  endfacet
  facet normal 0 0 1
    outer loop
      vertex 6.52803 5.28629 2
      vertex 4.37145 3.53993 2
      vertex 4.55072 3.30629 2
    endloop
  endfacet
  facet normal 0 0 1
    outer loop
      vertex 3.06359 4.71752 2
      vertex 4.57497 7.04483 2
      vertex 4.2 7.27461 2
    endloop
  endfacet
  facet normal 0 0 1
    outer loop
      vertex 6.24242 5.6207 2
      vertex 4.18019 3.76386 2
      vertex 4.37145 3.53993 2
    endloop
  endfacet
  facet normal 0 0 1
    outer loop
      vertex 5.9397 5.9397 2
      vertex 3.97748 3.97748 2
      vertex 4.18019 3.76386 2
    endloop
  endfacet
  facet normal 0 0 1
    outer loop
      vertex 2.8125 4.87139 2
      vertex 4.2 7.27461 2
      vertex 3.81352 7.48445 2
    endloop
  endfacet
  facet normal 0 0 1
    outer loop
      vertex 5.6207 6.24242 2
      vertex 3.76386 4.18019 2
      vertex 3.97748 3.97748 2
    endloop
  endfacet
  facet normal 0 0 1
    outer loop
      vertex 5.28629 6.52803 2
      vertex 3.53993 4.37145 2
      vertex 3.76386 4.18019 2
    endloop
  endfacet
  facet normal 0 0 1
    outer loop
      vertex 2.5537 5.01191 2
      vertex 3.81352 7.48445 2
      vertex 3.41659 7.67378 2
    endloop
  endfacet
  facet normal 0 0 1
    outer loop
      vertex 4.9374 6.79574 2
      vertex 3.30629 4.55072 2
      vertex 3.53993 4.37145 2
    endloop
  endfacet
  facet normal 0 0 1
    outer loop
      vertex 4.57497 7.04483 2
      vertex 3.06359 4.71752 2
      vertex 3.30629 4.55072 2
    endloop
  endfacet
  facet normal 0 0 1
    outer loop
      vertex 2.28789 5.13869 2
      vertex 3.41659 7.67378 2
      vertex 3.01029 7.84208 2
    endloop
  endfacet
  facet normal 0 0 1
    outer loop
      vertex 4.2 7.27461 2
      vertex 2.8125 4.87139 2
      vertex 3.06359 4.71752 2
    endloop
  endfacet
  facet normal 0 0 1
    outer loop
      vertex 2.01582 5.25139 2
      vertex 3.01029 7.84208 2
      vertex 2.59574 7.98887 2
    endloop
  endfacet
  facet normal 0 0 1
    outer loop
      vertex 3.81352 7.48445 2
      vertex 2.5537 5.01191 2
      vertex 2.8125 4.87139 2
    endloop
  endfacet
  facet normal 0 0 1
    outer loop
      vertex 3.41659 7.67378 2
      vertex 2.28789 5.13869 2
      vertex 2.5537 5.01191 2
    endloop
  endfacet
  facet normal 0 0 1
    outer loop
      vertex 1.73822 5.34969 2
      vertex 2.59574 7.98887 2
      vertex 2.17408 8.11378 2
    endloop
  endfacet
  facet normal 0 0 1
    outer loop
      vertex 3.01029 7.84208 2
      vertex 2.01582 5.25139 2
      vertex 2.28789 5.13869 2
    endloop
  endfacet
  facet normal 0 0 1
    outer loop
      vertex 1.45586 5.43333 2
      vertex 2.17408 8.11378 2
      vertex 1.74646 8.21644 2
    endloop
  endfacet
  facet normal 0 0 1
    outer loop
      vertex 2.59574 7.98887 2
      vertex 1.73822 5.34969 2
      vertex 2.01582 5.25139 2
    endloop
  endfacet
  facet normal 0 0 1
    outer loop
      vertex 2.17408 8.11378 2
      vertex 1.45586 5.43333 2
      vertex 1.73822 5.34969 2
    endloop
  endfacet
  facet normal 0 0 1
    outer loop
      vertex 1.1695 5.50208 2
      vertex 1.74646 8.21644 2
      vertex 1.31405 8.29658 2
    endloop
  endfacet
  facet normal 0 0 1
    outer loop
      vertex 1.74646 8.21644 2
      vertex 1.1695 5.50208 2
      vertex 1.45586 5.43333 2
    endloop
  endfacet
  facet normal 0 0 1
    outer loop
      vertex 1.31405 8.29658 2
      vertex 0.879944 5.55575 2
      vertex 1.1695 5.50208 2
    endloop
  endfacet
  facet normal 0 0 1
    outer loop
      vertex 0.878038 8.35398 2
      vertex 0.879944 5.55575 2
      vertex 1.31405 8.29658 2
    endloop
  endfacet
  facet normal 0 0 1
    outer loop
      vertex 0.878038 8.35398 2
      vertex 0.587972 5.59418 2
      vertex 0.879944 5.55575 2
    endloop
  endfacet
  facet normal 0 0 1
    outer loop
      vertex 0.439622 8.38849 2
      vertex 0.587972 5.59418 2
      vertex 0.878038 8.35398 2
    endloop
  endfacet
  facet normal 0 0 1
    outer loop
      vertex 0.439622 8.38849 2
      vertex 0.29439 5.61729 2
      vertex 0.587972 5.59418 2
    endloop
  endfacet
  facet normal 0 0 1
    outer loop
      vertex 0 8.4 2
      vertex 0.29439 5.61729 2
      vertex 0.439622 8.38849 2
    endloop
  endfacet
  facet normal 0 0 1
    outer loop
      vertex 0 8.4 2
      vertex 0 5.625 2
      vertex 0.29439 5.61729 2
    endloop
  endfacet
  facet normal 0 0 1
    outer loop
      vertex 0 8.4 2
      vertex -0.29439 5.61729 2
      vertex 0 5.625 2
    endloop
  endfacet
  facet normal -0 0 1
    outer loop
      vertex -0.439622 8.38849 2
      vertex -0.29439 5.61729 2
      vertex 0 8.4 2
    endloop
  endfacet
  facet normal 0 0 1
    outer loop
      vertex -0.439622 8.38849 2
      vertex -0.587972 5.59418 2
      vertex -0.29439 5.61729 2
    endloop
  endfacet
  facet normal -0 0 1
    outer loop
      vertex -0.878038 8.35398 2
      vertex -0.587972 5.59418 2
      vertex -0.439622 8.38849 2
    endloop
  endfacet
  facet normal 0 0 1
    outer loop
      vertex -0.878038 8.35398 2
      vertex -0.879944 5.55575 2
      vertex -0.587972 5.59418 2
    endloop
  endfacet
  facet normal -0 0 1
    outer loop
      vertex -1.31405 8.29658 2
      vertex -0.879944 5.55575 2
      vertex -0.878038 8.35398 2
    endloop
  endfacet
  facet normal 0 0 1
    outer loop
      vertex -0.879944 5.55575 2
      vertex -1.31405 8.29658 2
      vertex -1.1695 5.50208 2
    endloop
  endfacet
  facet normal -0 0 1
    outer loop
      vertex -1.74646 8.21644 2
      vertex -1.1695 5.50208 2
      vertex -1.31405 8.29658 2
    endloop
  endfacet
  facet normal 0 0 1
    outer loop
      vertex -1.1695 5.50208 2
      vertex -1.74646 8.21644 2
      vertex -1.45586 5.43333 2
    endloop
  endfacet
  facet normal -0 0 1
    outer loop
      vertex -2.17408 8.11378 2
      vertex -1.45586 5.43333 2
      vertex -1.74646 8.21644 2
    endloop
  endfacet
  facet normal 0 0 1
    outer loop
      vertex -1.45586 5.43333 2
      vertex -2.17408 8.11378 2
      vertex -1.73822 5.34969 2
    endloop
  endfacet
  facet normal -0 0 1
    outer loop
      vertex -2.59574 7.98887 2
      vertex -1.73822 5.34969 2
      vertex -2.17408 8.11378 2
    endloop
  endfacet
  facet normal 0 0 1
    outer loop
      vertex -1.73822 5.34969 2
      vertex -2.59574 7.98887 2
      vertex -2.01582 5.25139 2
    endloop
  endfacet
  facet normal -0 0 1
    outer loop
      vertex -3.01029 7.84208 2
      vertex -2.01582 5.25139 2
      vertex -2.59574 7.98887 2
    endloop
  endfacet
  facet normal 0 0 1
    outer loop
      vertex -2.01582 5.25139 2
      vertex -3.01029 7.84208 2
      vertex -2.28789 5.13869 2
    endloop
  endfacet
  facet normal -0 0 1
    outer loop
      vertex -3.41659 7.67378 2
      vertex -2.28789 5.13869 2
      vertex -3.01029 7.84208 2
    endloop
  endfacet
  facet normal 0 0 1
    outer loop
      vertex -2.28789 5.13869 2
      vertex -3.41659 7.67378 2
      vertex -2.5537 5.01191 2
    endloop
  endfacet
  facet normal -0 0 1
    outer loop
      vertex -3.81352 7.48445 2
      vertex -2.5537 5.01191 2
      vertex -3.41659 7.67378 2
    endloop
  endfacet
  facet normal 0 0 1
    outer loop
      vertex -2.5537 5.01191 2
      vertex -3.81352 7.48445 2
      vertex -2.8125 4.87139 2
    endloop
  endfacet
  facet normal -0 0 1
    outer loop
      vertex -4.2 7.27461 2
      vertex -2.8125 4.87139 2
      vertex -3.81352 7.48445 2
    endloop
  endfacet
  facet normal 0 0 1
    outer loop
      vertex -2.8125 4.87139 2
      vertex -4.2 7.27461 2
      vertex -3.06359 4.71752 2
    endloop
  endfacet
  facet normal -0 0 1
    outer loop
      vertex -4.57497 7.04483 2
      vertex -3.06359 4.71752 2
      vertex -4.2 7.27461 2
    endloop
  endfacet
  facet normal 0 0 1
    outer loop
      vertex -3.06359 4.71752 2
      vertex -4.57497 7.04483 2
      vertex -3.30629 4.55072 2
    endloop
  endfacet
  facet normal -0 0 1
    outer loop
      vertex -4.9374 6.79574 2
      vertex -3.30629 4.55072 2
      vertex -4.57497 7.04483 2
    endloop
  endfacet
  facet normal 0 0 1
    outer loop
      vertex -3.30629 4.55072 2
      vertex -4.9374 6.79574 2
      vertex -3.53993 4.37145 2
    endloop
  endfacet
  facet normal -0 0 1
    outer loop
      vertex -5.28629 6.52803 2
      vertex -3.53993 4.37145 2
      vertex -4.9374 6.79574 2
    endloop
  endfacet
  facet normal 0 0 1
    outer loop
      vertex -3.53993 4.37145 2
      vertex -5.28629 6.52803 2
      vertex -3.76386 4.18019 2
    endloop
  endfacet
  facet normal -0 0 1
    outer loop
      vertex -5.6207 6.24242 2
      vertex -3.76386 4.18019 2
      vertex -5.28629 6.52803 2
    endloop
  endfacet
  facet normal 0 0 1
    outer loop
      vertex -3.76386 4.18019 2
      vertex -5.6207 6.24242 2
      vertex -3.97748 3.97748 2
    endloop
  endfacet
  facet normal -0 0 1
    outer loop
      vertex -5.9397 5.9397 2
      vertex -3.97748 3.97748 2
      vertex -5.6207 6.24242 2
    endloop
  endfacet
  facet normal 0 0 1
    outer loop
      vertex -3.97748 3.97748 2
      vertex -5.9397 5.9397 2
      vertex -4.18019 3.76386 2
    endloop
  endfacet
  facet normal -0 0 1
    outer loop
      vertex -6.24242 5.6207 2
      vertex -4.18019 3.76386 2
      vertex -5.9397 5.9397 2
    endloop
  endfacet
  facet normal 0 0 1
    outer loop
      vertex -4.18019 3.76386 2
      vertex -6.24242 5.6207 2
      vertex -4.37145 3.53993 2
    endloop
  endfacet
  facet normal -0 0 1
    outer loop
      vertex -6.52803 5.28629 2
      vertex -4.37145 3.53993 2
      vertex -6.24242 5.6207 2
    endloop
  endfacet
  facet normal 0 0 1
    outer loop
      vertex -4.37145 3.53993 2
      vertex -6.52803 5.28629 2
      vertex -4.55072 3.30629 2
    endloop
  endfacet
  facet normal -0 0 1
    outer loop
      vertex -6.79574 4.9374 2
      vertex -4.55072 3.30629 2
      vertex -6.52803 5.28629 2
    endloop
  endfacet
  facet normal 0 0 1
    outer loop
      vertex -4.55072 3.30629 2
      vertex -6.79574 4.9374 2
      vertex -4.71752 3.06359 2
    endloop
  endfacet
  facet normal -0 0 1
    outer loop
      vertex -7.04483 4.57497 2
      vertex -4.71752 3.06359 2
      vertex -6.79574 4.9374 2
    endloop
  endfacet
  facet normal 0 0 1
    outer loop
      vertex -4.71752 3.06359 2
      vertex -7.04483 4.57497 2
      vertex -4.87139 2.8125 2
    endloop
  endfacet
  facet normal -0 0 1
    outer loop
      vertex -7.27461 4.2 2
      vertex -4.87139 2.8125 2
      vertex -7.04483 4.57497 2
    endloop
  endfacet
  facet normal 0 0 1
    outer loop
      vertex -4.87139 2.8125 2
      vertex -7.27461 4.2 2
      vertex -5.01191 2.5537 2
    endloop
  endfacet
  facet normal -0 0 1
    outer loop
      vertex -7.48445 3.81352 2
      vertex -5.01191 2.5537 2
      vertex -7.27461 4.2 2
    endloop
  endfacet
  facet normal 0 0 1
    outer loop
      vertex -5.01191 2.5537 2
      vertex -7.48445 3.81352 2
      vertex -5.13869 2.28789 2
    endloop
  endfacet
  facet normal -0 0 1
    outer loop
      vertex -7.67378 3.41659 2
      vertex -5.13869 2.28789 2
      vertex -7.48445 3.81352 2
    endloop
  endfacet
  facet normal 0 0 1
    outer loop
      vertex -5.13869 2.28789 2
      vertex -7.67378 3.41659 2
      vertex -5.25139 2.01582 2
    endloop
  endfacet
  facet normal -0 0 1
    outer loop
      vertex 5.13869 -2.28789 2
      vertex 7.67378 -3.41659 2
      vertex 5.25139 -2.01582 2
    endloop
  endfacet
  facet normal 0 0 1
    outer loop
      vertex 7.67378 -3.41659 2
      vertex 5.13869 -2.28789 2
      vertex 7.48445 -3.81352 2
    endloop
  endfacet
  facet normal -0 0 1
    outer loop
      vertex 5.01191 -2.5537 2
      vertex 7.48445 -3.81352 2
      vertex 5.13869 -2.28789 2
    endloop
  endfacet
  facet normal 0 0 1
    outer loop
      vertex 7.48445 -3.81352 2
      vertex 5.01191 -2.5537 2
      vertex 7.27461 -4.2 2
    endloop
  endfacet
  facet normal -0 0 1
    outer loop
      vertex 4.87139 -2.8125 2
      vertex 7.27461 -4.2 2
      vertex 5.01191 -2.5537 2
    endloop
  endfacet
  facet normal 0 0 1
    outer loop
      vertex 7.27461 -4.2 2
      vertex 4.87139 -2.8125 2
      vertex 7.04483 -4.57497 2
    endloop
  endfacet
  facet normal -0 0 1
    outer loop
      vertex 4.71752 -3.06359 2
      vertex 7.04483 -4.57497 2
      vertex 4.87139 -2.8125 2
    endloop
  endfacet
  facet normal 0 0 1
    outer loop
      vertex 7.04483 -4.57497 2
      vertex 4.71752 -3.06359 2
      vertex 6.79574 -4.9374 2
    endloop
  endfacet
  facet normal -0 0 1
    outer loop
      vertex 4.55072 -3.30629 2
      vertex 6.79574 -4.9374 2
      vertex 4.71752 -3.06359 2
    endloop
  endfacet
  facet normal 0 0 1
    outer loop
      vertex 6.79574 -4.9374 2
      vertex 4.55072 -3.30629 2
      vertex 6.52803 -5.28629 2
    endloop
  endfacet
  facet normal -0 0 1
    outer loop
      vertex 4.37145 -3.53993 2
      vertex 6.52803 -5.28629 2
      vertex 4.55072 -3.30629 2
    endloop
  endfacet
  facet normal 0 0 1
    outer loop
      vertex 6.52803 -5.28629 2
      vertex 4.37145 -3.53993 2
      vertex 6.24242 -5.6207 2
    endloop
  endfacet
  facet normal -0 0 1
    outer loop
      vertex 4.18019 -3.76386 2
      vertex 6.24242 -5.6207 2
      vertex 4.37145 -3.53993 2
    endloop
  endfacet
  facet normal 0 0 1
    outer loop
      vertex 6.24242 -5.6207 2
      vertex 4.18019 -3.76386 2
      vertex 5.9397 -5.9397 2
    endloop
  endfacet
  facet normal -0 0 1
    outer loop
      vertex 3.97748 -3.97748 2
      vertex 5.9397 -5.9397 2
      vertex 4.18019 -3.76386 2
    endloop
  endfacet
  facet normal 0 0 1
    outer loop
      vertex 5.9397 -5.9397 2
      vertex 3.97748 -3.97748 2
      vertex 5.6207 -6.24242 2
    endloop
  endfacet
  facet normal -0 0 1
    outer loop
      vertex 3.76386 -4.18019 2
      vertex 5.6207 -6.24242 2
      vertex 3.97748 -3.97748 2
    endloop
  endfacet
  facet normal 0 0 1
    outer loop
      vertex 5.6207 -6.24242 2
      vertex 3.76386 -4.18019 2
      vertex 5.28629 -6.52803 2
    endloop
  endfacet
  facet normal -0 0 1
    outer loop
      vertex 3.53993 -4.37145 2
      vertex 5.28629 -6.52803 2
      vertex 3.76386 -4.18019 2
    endloop
  endfacet
  facet normal 0 0 1
    outer loop
      vertex 5.28629 -6.52803 2
      vertex 3.53993 -4.37145 2
      vertex 4.9374 -6.79574 2
    endloop
  endfacet
  facet normal -0 0 1
    outer loop
      vertex 3.30629 -4.55072 2
      vertex 4.9374 -6.79574 2
      vertex 3.53993 -4.37145 2
    endloop
  endfacet
  facet normal 0 0 1
    outer loop
      vertex 4.9374 -6.79574 2
      vertex 3.30629 -4.55072 2
      vertex 4.57497 -7.04483 2
    endloop
  endfacet
  facet normal -0 0 1
    outer loop
      vertex 3.06359 -4.71752 2
      vertex 4.57497 -7.04483 2
      vertex 3.30629 -4.55072 2
    endloop
  endfacet
  facet normal 0 0 1
    outer loop
      vertex 4.57497 -7.04483 2
      vertex 3.06359 -4.71752 2
      vertex 4.2 -7.27461 2
    endloop
  endfacet
  facet normal -0 0 1
    outer loop
      vertex 2.8125 -4.87139 2
      vertex 4.2 -7.27461 2
      vertex 3.06359 -4.71752 2
    endloop
  endfacet
  facet normal 0 0 1
    outer loop
      vertex 4.2 -7.27461 2
      vertex 2.8125 -4.87139 2
      vertex 3.81352 -7.48445 2
    endloop
  endfacet
  facet normal -0 0 1
    outer loop
      vertex 2.5537 -5.01191 2
      vertex 3.81352 -7.48445 2
      vertex 2.8125 -4.87139 2
    endloop
  endfacet
  facet normal 0 0 1
    outer loop
      vertex 3.81352 -7.48445 2
      vertex 2.5537 -5.01191 2
      vertex 3.41659 -7.67378 2
    endloop
  endfacet
  facet normal -0 0 1
    outer loop
      vertex 2.28789 -5.13869 2
      vertex 3.41659 -7.67378 2
      vertex 2.5537 -5.01191 2
    endloop
  endfacet
  facet normal 0 0 1
    outer loop
      vertex 3.41659 -7.67378 2
      vertex 2.28789 -5.13869 2
      vertex 3.01029 -7.84208 2
    endloop
  endfacet
  facet normal -0 0 1
    outer loop
      vertex 2.01582 -5.25139 2
      vertex 3.01029 -7.84208 2
      vertex 2.28789 -5.13869 2
    endloop
  endfacet
  facet normal 0 0 1
    outer loop
      vertex 3.01029 -7.84208 2
      vertex 2.01582 -5.25139 2
      vertex 2.59574 -7.98887 2
    endloop
  endfacet
  facet normal -0 0 1
    outer loop
      vertex 1.73822 -5.34969 2
      vertex 2.59574 -7.98887 2
      vertex 2.01582 -5.25139 2
    endloop
  endfacet
  facet normal 0 0 1
    outer loop
      vertex 2.59574 -7.98887 2
      vertex 1.73822 -5.34969 2
      vertex 2.17408 -8.11378 2
    endloop
  endfacet
  facet normal -0 0 1
    outer loop
      vertex 1.45586 -5.43333 2
      vertex 2.17408 -8.11378 2
      vertex 1.73822 -5.34969 2
    endloop
  endfacet
  facet normal 0 0 1
    outer loop
      vertex 2.17408 -8.11378 2
      vertex 1.45586 -5.43333 2
      vertex 1.74646 -8.21644 2
    endloop
  endfacet
  facet normal -0 0 1
    outer loop
      vertex 1.1695 -5.50208 2
      vertex 1.74646 -8.21644 2
      vertex 1.45586 -5.43333 2
    endloop
  endfacet
  facet normal 0 0 1
    outer loop
      vertex 1.74646 -8.21644 2
      vertex 1.1695 -5.50208 2
      vertex 1.31405 -8.29658 2
    endloop
  endfacet
  facet normal -0 0 1
    outer loop
      vertex 0.879944 -5.55575 2
      vertex 1.31405 -8.29658 2
      vertex 1.1695 -5.50208 2
    endloop
  endfacet
  facet normal 0 0 1
    outer loop
      vertex 0.879944 -5.55575 2
      vertex 0.878038 -8.35398 2
      vertex 1.31405 -8.29658 2
    endloop
  endfacet
  facet normal -0 0 1
    outer loop
      vertex 0.587972 -5.59418 2
      vertex 0.878038 -8.35398 2
      vertex 0.879944 -5.55575 2
    endloop
  endfacet
  facet normal 0 0 1
    outer loop
      vertex 0.587972 -5.59418 2
      vertex 0.439622 -8.38849 2
      vertex 0.878038 -8.35398 2
    endloop
  endfacet
  facet normal -0 0 1
    outer loop
      vertex 0.29439 -5.61729 2
      vertex 0.439622 -8.38849 2
      vertex 0.587972 -5.59418 2
    endloop
  endfacet
  facet normal -0 0 1
    outer loop
      vertex 0 -5.625 2
      vertex 0.439622 -8.38849 2
      vertex 0.29439 -5.61729 2
    endloop
  endfacet
  facet normal 0 0 1
    outer loop
      vertex 0 -5.625 2
      vertex 0 -8.4 2
      vertex 0.439622 -8.38849 2
    endloop
  endfacet
  facet normal 0 0 1
    outer loop
      vertex -0.29439 -5.61729 2
      vertex 0 -8.4 2
      vertex 0 -5.625 2
    endloop
  endfacet
  facet normal 0 0 1
    outer loop
      vertex -0.29439 -5.61729 2
      vertex -0.439622 -8.38849 2
      vertex 0 -8.4 2
    endloop
  endfacet
  facet normal 0 0 1
    outer loop
      vertex -0.587972 -5.59418 2
      vertex -0.439622 -8.38849 2
      vertex -0.29439 -5.61729 2
    endloop
  endfacet
  facet normal 0 0 1
    outer loop
      vertex -0.587972 -5.59418 2
      vertex -0.878038 -8.35398 2
      vertex -0.439622 -8.38849 2
    endloop
  endfacet
  facet normal 0 0 1
    outer loop
      vertex -0.879944 -5.55575 2
      vertex -0.878038 -8.35398 2
      vertex -0.587972 -5.59418 2
    endloop
  endfacet
  facet normal 0 0 1
    outer loop
      vertex -1.31405 -8.29658 2
      vertex -0.879944 -5.55575 2
      vertex -1.1695 -5.50208 2
    endloop
  endfacet
  facet normal 0 0 1
    outer loop
      vertex -0.879944 -5.55575 2
      vertex -1.31405 -8.29658 2
      vertex -0.878038 -8.35398 2
    endloop
  endfacet
  facet normal 0 0 1
    outer loop
      vertex -1.74646 -8.21644 2
      vertex -1.1695 -5.50208 2
      vertex -1.45586 -5.43333 2
    endloop
  endfacet
  facet normal 0 0 1
    outer loop
      vertex -2.17408 -8.11378 2
      vertex -1.45586 -5.43333 2
      vertex -1.73822 -5.34969 2
    endloop
  endfacet
  facet normal 0 0 1
    outer loop
      vertex -1.1695 -5.50208 2
      vertex -1.74646 -8.21644 2
      vertex -1.31405 -8.29658 2
    endloop
  endfacet
  facet normal 0 0 1
    outer loop
      vertex -2.59574 -7.98887 2
      vertex -1.73822 -5.34969 2
      vertex -2.01582 -5.25139 2
    endloop
  endfacet
  facet normal 0 0 1
    outer loop
      vertex -1.45586 -5.43333 2
      vertex -2.17408 -8.11378 2
      vertex -1.74646 -8.21644 2
    endloop
  endfacet
  facet normal 0 0 1
    outer loop
      vertex -3.01029 -7.84208 2
      vertex -2.01582 -5.25139 2
      vertex -2.28789 -5.13869 2
    endloop
  endfacet
  facet normal 0 0 1
    outer loop
      vertex -3.41659 -7.67378 2
      vertex -2.28789 -5.13869 2
      vertex -2.5537 -5.01191 2
    endloop
  endfacet
  facet normal 0 0 1
    outer loop
      vertex -1.73822 -5.34969 2
      vertex -2.59574 -7.98887 2
      vertex -2.17408 -8.11378 2
    endloop
  endfacet
  facet normal 0 0 1
    outer loop
      vertex -3.81352 -7.48445 2
      vertex -2.5537 -5.01191 2
      vertex -2.8125 -4.87139 2
    endloop
  endfacet
  facet normal 0 0 1
    outer loop
      vertex -2.01582 -5.25139 2
      vertex -3.01029 -7.84208 2
      vertex -2.59574 -7.98887 2
    endloop
  endfacet
  facet normal 0 0 1
    outer loop
      vertex -4.2 -7.27461 2
      vertex -2.8125 -4.87139 2
      vertex -3.06359 -4.71752 2
    endloop
  endfacet
  facet normal 0 0 1
    outer loop
      vertex -4.57497 -7.04483 2
      vertex -3.06359 -4.71752 2
      vertex -3.30629 -4.55072 2
    endloop
  endfacet
  facet normal 0 0 1
    outer loop
      vertex -2.28789 -5.13869 2
      vertex -3.41659 -7.67378 2
      vertex -3.01029 -7.84208 2
    endloop
  endfacet
  facet normal 0 0 1
    outer loop
      vertex -4.9374 -6.79574 2
      vertex -3.30629 -4.55072 2
      vertex -3.53993 -4.37145 2
    endloop
  endfacet
  facet normal 0 0 1
    outer loop
      vertex -5.28629 -6.52803 2
      vertex -3.53993 -4.37145 2
      vertex -3.76386 -4.18019 2
    endloop
  endfacet
  facet normal 0 0 1
    outer loop
      vertex -2.5537 -5.01191 2
      vertex -3.81352 -7.48445 2
      vertex -3.41659 -7.67378 2
    endloop
  endfacet
  facet normal 0 0 1
    outer loop
      vertex -5.6207 -6.24242 2
      vertex -3.76386 -4.18019 2
      vertex -3.97748 -3.97748 2
    endloop
  endfacet
  facet normal 0 0 1
    outer loop
      vertex -5.9397 -5.9397 2
      vertex -3.97748 -3.97748 2
      vertex -4.18019 -3.76386 2
    endloop
  endfacet
  facet normal 0 0 1
    outer loop
      vertex -2.8125 -4.87139 2
      vertex -4.2 -7.27461 2
      vertex -3.81352 -7.48445 2
    endloop
  endfacet
  facet normal 0 0 1
    outer loop
      vertex -6.24242 -5.6207 2
      vertex -4.18019 -3.76386 2
      vertex -4.37145 -3.53993 2
    endloop
  endfacet
  facet normal 0 0 1
    outer loop
      vertex -6.52803 -5.28629 2
      vertex -4.37145 -3.53993 2
      vertex -4.55072 -3.30629 2
    endloop
  endfacet
  facet normal 0 0 1
    outer loop
      vertex -3.06359 -4.71752 2
      vertex -4.57497 -7.04483 2
      vertex -4.2 -7.27461 2
    endloop
  endfacet
  facet normal 0 0 1
    outer loop
      vertex -6.79574 -4.9374 2
      vertex -4.55072 -3.30629 2
      vertex -4.71752 -3.06359 2
    endloop
  endfacet
  facet normal 0 0 1
    outer loop
      vertex -7.04483 -4.57497 2
      vertex -4.71752 -3.06359 2
      vertex -4.87139 -2.8125 2
    endloop
  endfacet
  facet normal 0 0 1
    outer loop
      vertex -3.30629 -4.55072 2
      vertex -4.9374 -6.79574 2
      vertex -4.57497 -7.04483 2
    endloop
  endfacet
  facet normal 0 0 1
    outer loop
      vertex -7.27461 -4.2 2
      vertex -4.87139 -2.8125 2
      vertex -5.01191 -2.5537 2
    endloop
  endfacet
  facet normal 0 0 1
    outer loop
      vertex -7.48445 -3.81352 2
      vertex -5.01191 -2.5537 2
      vertex -5.13869 -2.28789 2
    endloop
  endfacet
  facet normal 0 0 1
    outer loop
      vertex -7.67378 -3.41659 2
      vertex -5.13869 -2.28789 2
      vertex -5.25139 -2.01582 2
    endloop
  endfacet
  facet normal 0 0 1
    outer loop
      vertex -3.53993 -4.37145 2
      vertex -5.28629 -6.52803 2
      vertex -4.9374 -6.79574 2
    endloop
  endfacet
  facet normal 0 0 1
    outer loop
      vertex -7.84208 -3.01029 2
      vertex -5.25139 -2.01582 2
      vertex -5.34969 -1.73822 2
    endloop
  endfacet
  facet normal 0 0 1
    outer loop
      vertex -7.98887 -2.59574 2
      vertex -5.34969 -1.73822 2
      vertex -5.43333 -1.45586 2
    endloop
  endfacet
  facet normal 0 0 1
    outer loop
      vertex -8.11378 -2.17408 2
      vertex -5.43333 -1.45586 2
      vertex -5.50208 -1.1695 2
    endloop
  endfacet
  facet normal 0 0 1
    outer loop
      vertex -8.21644 -1.74646 2
      vertex -5.50208 -1.1695 2
      vertex -5.55575 -0.879944 2
    endloop
  endfacet
  facet normal 0 0 1
    outer loop
      vertex -8.29658 -1.31405 2
      vertex -5.55575 -0.879944 2
      vertex -5.59418 -0.587972 2
    endloop
  endfacet
  facet normal 0 0 1
    outer loop
      vertex -8.35398 -0.878038 2
      vertex -5.59418 -0.587972 2
      vertex -5.61729 -0.29439 2
    endloop
  endfacet
  facet normal 0 0 1
    outer loop
      vertex -3.76386 -4.18019 2
      vertex -5.6207 -6.24242 2
      vertex -5.28629 -6.52803 2
    endloop
  endfacet
  facet normal 0 0 1
    outer loop
      vertex -8.38849 -0.439622 2
      vertex -5.61729 -0.29439 2
      vertex -5.625 0 2
    endloop
  endfacet
  facet normal -0 0 1
    outer loop
      vertex -7.84208 3.01029 2
      vertex -5.25139 2.01582 2
      vertex -7.67378 3.41659 2
    endloop
  endfacet
  facet normal 0 0 1
    outer loop
      vertex -3.97748 -3.97748 2
      vertex -5.9397 -5.9397 2
      vertex -5.6207 -6.24242 2
    endloop
  endfacet
  facet normal 0 0 1
    outer loop
      vertex -5.25139 2.01582 2
      vertex -7.84208 3.01029 2
      vertex -5.34969 1.73822 2
    endloop
  endfacet
  facet normal 0 0 1
    outer loop
      vertex -4.18019 -3.76386 2
      vertex -6.24242 -5.6207 2
      vertex -5.9397 -5.9397 2
    endloop
  endfacet
  facet normal -0 0 1
    outer loop
      vertex -7.98887 2.59574 2
      vertex -5.34969 1.73822 2
      vertex -7.84208 3.01029 2
    endloop
  endfacet
  facet normal 0 0 1
    outer loop
      vertex -4.37145 -3.53993 2
      vertex -6.52803 -5.28629 2
      vertex -6.24242 -5.6207 2
    endloop
  endfacet
  facet normal 0 0 1
    outer loop
      vertex -5.34969 1.73822 2
      vertex -7.98887 2.59574 2
      vertex -5.43333 1.45586 2
    endloop
  endfacet
  facet normal 0 0 1
    outer loop
      vertex -4.55072 -3.30629 2
      vertex -6.79574 -4.9374 2
      vertex -6.52803 -5.28629 2
    endloop
  endfacet
  facet normal -0 0 1
    outer loop
      vertex -8.11378 2.17408 2
      vertex -5.43333 1.45586 2
      vertex -7.98887 2.59574 2
    endloop
  endfacet
  facet normal 0 0 1
    outer loop
      vertex -4.71752 -3.06359 2
      vertex -7.04483 -4.57497 2
      vertex -6.79574 -4.9374 2
    endloop
  endfacet
  facet normal 0 0 1
    outer loop
      vertex -5.43333 1.45586 2
      vertex -8.11378 2.17408 2
      vertex -5.50208 1.1695 2
    endloop
  endfacet
  facet normal 0 0 1
    outer loop
      vertex -4.87139 -2.8125 2
      vertex -7.27461 -4.2 2
      vertex -7.04483 -4.57497 2
    endloop
  endfacet
  facet normal -0 0 1
    outer loop
      vertex -8.21644 1.74646 2
      vertex -5.50208 1.1695 2
      vertex -8.11378 2.17408 2
    endloop
  endfacet
  facet normal 0 0 1
    outer loop
      vertex -5.01191 -2.5537 2
      vertex -7.48445 -3.81352 2
      vertex -7.27461 -4.2 2
    endloop
  endfacet
  facet normal 0 0 1
    outer loop
      vertex -5.50208 1.1695 2
      vertex -8.21644 1.74646 2
      vertex -5.55575 0.879944 2
    endloop
  endfacet
  facet normal 0 0 1
    outer loop
      vertex -5.13869 -2.28789 2
      vertex -7.67378 -3.41659 2
      vertex -7.48445 -3.81352 2
    endloop
  endfacet
  facet normal -0 0 1
    outer loop
      vertex -8.29658 1.31405 2
      vertex -5.55575 0.879944 2
      vertex -8.21644 1.74646 2
    endloop
  endfacet
  facet normal 0 0 1
    outer loop
      vertex -5.25139 -2.01582 2
      vertex -7.84208 -3.01029 2
      vertex -7.67378 -3.41659 2
    endloop
  endfacet
  facet normal 0 0 1
    outer loop
      vertex -5.55575 0.879944 2
      vertex -8.29658 1.31405 2
      vertex -5.59418 0.587972 2
    endloop
  endfacet
  facet normal 0 0 1
    outer loop
      vertex -5.34969 -1.73822 2
      vertex -7.98887 -2.59574 2
      vertex -7.84208 -3.01029 2
    endloop
  endfacet
  facet normal -0 0 1
    outer loop
      vertex -8.35398 0.878038 2
      vertex -5.59418 0.587972 2
      vertex -8.29658 1.31405 2
    endloop
  endfacet
  facet normal 0 0 1
    outer loop
      vertex -5.43333 -1.45586 2
      vertex -8.11378 -2.17408 2
      vertex -7.98887 -2.59574 2
    endloop
  endfacet
  facet normal 0 0 1
    outer loop
      vertex -5.59418 0.587972 2
      vertex -8.35398 0.878038 2
      vertex -5.61729 0.29439 2
    endloop
  endfacet
  facet normal 0 0 1
    outer loop
      vertex -5.50208 -1.1695 2
      vertex -8.21644 -1.74646 2
      vertex -8.11378 -2.17408 2
    endloop
  endfacet
  facet normal -0 0 1
    outer loop
      vertex -8.38849 0.439622 2
      vertex -5.61729 0.29439 2
      vertex -8.35398 0.878038 2
    endloop
  endfacet
  facet normal 0 0 1
    outer loop
      vertex -5.55575 -0.879944 2
      vertex -8.29658 -1.31405 2
      vertex -8.21644 -1.74646 2
    endloop
  endfacet
  facet normal 0 0 1
    outer loop
      vertex -5.61729 0.29439 2
      vertex -8.38849 0.439622 2
      vertex -5.625 0 2
    endloop
  endfacet
  facet normal 0 0 1
    outer loop
      vertex -5.59418 -0.587972 2
      vertex -8.35398 -0.878038 2
      vertex -8.29658 -1.31405 2
    endloop
  endfacet
  facet normal 0 0 1
    outer loop
      vertex -8.4 0 2
      vertex -5.625 0 2
      vertex -8.38849 0.439622 2
    endloop
  endfacet
  facet normal 0 0 1
    outer loop
      vertex -5.61729 -0.29439 2
      vertex -8.38849 -0.439622 2
      vertex -8.35398 -0.878038 2
    endloop
  endfacet
  facet normal 0 0 1
    outer loop
      vertex -5.625 0 2
      vertex -8.4 0 2
      vertex -8.38849 -0.439622 2
    endloop
  endfacet
  facet normal -0.95882 0.284015 0
    outer loop
      vertex -8.11378 2.17408 0
      vertex -7.98887 2.59574 2
      vertex -7.98887 2.59574 0
    endloop
  endfacet
  facet normal -0.95882 0.284015 0
    outer loop
      vertex -7.98887 2.59574 2
      vertex -8.11378 2.17408 0
      vertex -8.11378 2.17408 2
    endloop
  endfacet
  facet normal -0.878818 0.477157 0
    outer loop
      vertex -7.48445 3.81352 0
      vertex -7.27461 4.2 2
      vertex -7.27461 4.2 0
    endloop
  endfacet
  facet normal -0.878818 0.477157 0
    outer loop
      vertex -7.27461 4.2 2
      vertex -7.48445 3.81352 0
      vertex -7.48445 3.81352 2
    endloop
  endfacet
  facet normal -0.902585 0.430511 0
    outer loop
      vertex -7.67378 3.41659 0
      vertex -7.48445 3.81352 2
      vertex -7.48445 3.81352 0
    endloop
  endfacet
  facet normal -0.902585 0.430511 0
    outer loop
      vertex -7.48445 3.81352 2
      vertex -7.67378 3.41659 0
      vertex -7.67378 3.41659 2
    endloop
  endfacet
  facet normal -0.793354 0.608761 0
    outer loop
      vertex -6.79574 4.9374 0
      vertex -6.52803 5.28629 2
      vertex -6.52803 5.28629 0
    endloop
  endfacet
  facet normal -0.793354 0.608761 0
    outer loop
      vertex -6.52803 5.28629 2
      vertex -6.79574 4.9374 0
      vertex -6.79574 4.9374 2
    endloop
  endfacet
  facet normal -0.824126 0.566406 0
    outer loop
      vertex -7.04483 4.57497 0
      vertex -6.79574 4.9374 2
      vertex -6.79574 4.9374 0
    endloop
  endfacet
  facet normal -0.824126 0.566406 0
    outer loop
      vertex -6.79574 4.9374 2
      vertex -7.04483 4.57497 0
      vertex -7.04483 4.57497 2
    endloop
  endfacet
  facet normal -0.284015 0.95882 0
    outer loop
      vertex -2.17408 8.11378 0
      vertex -2.59574 7.98887 2
      vertex -2.17408 8.11378 2
    endloop
  endfacet
  facet normal -0.284015 0.95882 0
    outer loop
      vertex -2.59574 7.98887 2
      vertex -2.17408 8.11378 0
      vertex -2.59574 7.98887 0
    endloop
  endfacet
  facet normal -0.233446 0.97237 0
    outer loop
      vertex -1.74646 8.21644 0
      vertex -2.17408 8.11378 2
      vertex -1.74646 8.21644 2
    endloop
  endfacet
  facet normal -0.233446 0.97237 0
    outer loop
      vertex -2.17408 8.11378 2
      vertex -1.74646 8.21644 0
      vertex -2.17408 8.11378 0
    endloop
  endfacet
  facet normal -0.333807 0.942642 0
    outer loop
      vertex -2.59574 7.98887 0
      vertex -3.01029 7.84208 2
      vertex -2.59574 7.98887 2
    endloop
  endfacet
  facet normal -0.333807 0.942642 0
    outer loop
      vertex -3.01029 7.84208 2
      vertex -2.59574 7.98887 0
      vertex -3.01029 7.84208 0
    endloop
  endfacet
  facet normal -0.130528 0.991445 0
    outer loop
      vertex -0.878038 8.35398 0
      vertex -1.31405 8.29658 2
      vertex -0.878038 8.35398 2
    endloop
  endfacet
  facet normal -0.130528 0.991445 0
    outer loop
      vertex -1.31405 8.29658 2
      vertex -0.878038 8.35398 0
      vertex -1.31405 8.29658 0
    endloop
  endfacet
  facet normal -0.5225 0.852639 0
    outer loop
      vertex -4.2 7.27461 0
      vertex -4.57497 7.04483 2
      vertex -4.2 7.27461 2
    endloop
  endfacet
  facet normal -0.5225 0.852639 0
    outer loop
      vertex -4.57497 7.04483 2
      vertex -4.2 7.27461 0
      vertex -4.57497 7.04483 0
    endloop
  endfacet
  facet normal -0.430511 0.902585 0
    outer loop
      vertex -3.41659 7.67378 0
      vertex -3.81352 7.48445 2
      vertex -3.41659 7.67378 2
    endloop
  endfacet
  facet normal -0.430511 0.902585 0
    outer loop
      vertex -3.81352 7.48445 2
      vertex -3.41659 7.67378 0
      vertex -3.81352 7.48445 0
    endloop
  endfacet
  facet normal -0.649448 0.760406 0
    outer loop
      vertex -5.28629 6.52803 0
      vertex -5.6207 6.24242 2
      vertex -5.28629 6.52803 2
    endloop
  endfacet
  facet normal -0.649448 0.760406 0
    outer loop
      vertex -5.6207 6.24242 2
      vertex -5.28629 6.52803 0
      vertex -5.6207 6.24242 0
    endloop
  endfacet
  facet normal -0.688356 0.725373 0
    outer loop
      vertex -5.6207 6.24242 0
      vertex -5.9397 5.9397 2
      vertex -5.6207 6.24242 2
    endloop
  endfacet
  facet normal -0.688356 0.725373 0
    outer loop
      vertex -5.9397 5.9397 2
      vertex -5.6207 6.24242 0
      vertex -5.9397 5.9397 0
    endloop
  endfacet
  facet normal -0.608761 0.793354 0
    outer loop
      vertex -4.9374 6.79574 0
      vertex -5.28629 6.52803 2
      vertex -4.9374 6.79574 2
    endloop
  endfacet
  facet normal -0.608761 0.793354 0
    outer loop
      vertex -5.28629 6.52803 2
      vertex -4.9374 6.79574 0
      vertex -5.28629 6.52803 0
    endloop
  endfacet
  facet normal -0.725373 0.688356 0
    outer loop
      vertex -6.24242 5.6207 0
      vertex -5.9397 5.9397 2
      vertex -5.9397 5.9397 0
    endloop
  endfacet
  facet normal -0.725373 0.688356 0
    outer loop
      vertex -5.9397 5.9397 2
      vertex -6.24242 5.6207 0
      vertex -6.24242 5.6207 2
    endloop
  endfacet
  facet normal 0.999657 -0.0261767 0
    outer loop
      vertex 8.38849 -0.439622 2
      vertex 8.4 0 0
      vertex 8.4 0 2
    endloop
  endfacet
  facet normal 0.999657 -0.0261767 0
    outer loop
      vertex 8.4 0 0
      vertex 8.38849 -0.439622 2
      vertex 8.38849 -0.439622 0
    endloop
  endfacet
  facet normal 0.991445 -0.130528 0
    outer loop
      vertex 8.29658 -1.31405 2
      vertex 8.35398 -0.878038 0
      vertex 8.35398 -0.878038 2
    endloop
  endfacet
  facet normal 0.991445 -0.130528 0
    outer loop
      vertex 8.35398 -0.878038 0
      vertex 8.29658 -1.31405 2
      vertex 8.29658 -1.31405 0
    endloop
  endfacet
  facet normal 0.793354 -0.608761 0
    outer loop
      vertex 6.52803 -5.28629 2
      vertex 6.79574 -4.9374 0
      vertex 6.79574 -4.9374 2
    endloop
  endfacet
  facet normal 0.793354 -0.608761 0
    outer loop
      vertex 6.79574 -4.9374 0
      vertex 6.52803 -5.28629 2
      vertex 6.52803 -5.28629 0
    endloop
  endfacet
  facet normal 0.878818 -0.477157 0
    outer loop
      vertex 7.27461 -4.2 2
      vertex 7.48445 -3.81352 0
      vertex 7.48445 -3.81352 2
    endloop
  endfacet
  facet normal 0.878818 -0.477157 0
    outer loop
      vertex 7.48445 -3.81352 0
      vertex 7.27461 -4.2 2
      vertex 7.27461 -4.2 0
    endloop
  endfacet
  facet normal 0.233446 -0.97237 0
    outer loop
      vertex 1.74646 -8.21644 0
      vertex 2.17408 -8.11378 2
      vertex 1.74646 -8.21644 2
    endloop
  endfacet
  facet normal 0.233446 -0.97237 0
    outer loop
      vertex 2.17408 -8.11378 2
      vertex 1.74646 -8.21644 0
      vertex 2.17408 -8.11378 0
    endloop
  endfacet
  facet normal 0.333807 -0.942642 0
    outer loop
      vertex 2.59574 -7.98887 0
      vertex 3.01029 -7.84208 2
      vertex 2.59574 -7.98887 2
    endloop
  endfacet
  facet normal 0.333807 -0.942642 0
    outer loop
      vertex 3.01029 -7.84208 2
      vertex 2.59574 -7.98887 0
      vertex 3.01029 -7.84208 0
    endloop
  endfacet
  facet normal 0.97237 0.233446 0
    outer loop
      vertex 8.21644 1.74646 2
      vertex 8.11378 2.17408 0
      vertex 8.11378 2.17408 2
    endloop
  endfacet
  facet normal 0.97237 0.233446 0
    outer loop
      vertex 8.11378 2.17408 0
      vertex 8.21644 1.74646 2
      vertex 8.21644 1.74646 0
    endloop
  endfacet
  facet normal 0.942642 0.333807 0
    outer loop
      vertex 7.98887 2.59574 2
      vertex 7.84208 3.01029 0
      vertex 7.84208 3.01029 2
    endloop
  endfacet
  facet normal 0.942642 0.333807 0
    outer loop
      vertex 7.84208 3.01029 0
      vertex 7.98887 2.59574 2
      vertex 7.98887 2.59574 0
    endloop
  endfacet
  facet normal 0.996917 0.0784587 0
    outer loop
      vertex 8.38849 0.439622 2
      vertex 8.35398 0.878038 0
      vertex 8.35398 0.878038 2
    endloop
  endfacet
  facet normal 0.996917 0.0784587 0
    outer loop
      vertex 8.35398 0.878038 0
      vertex 8.38849 0.439622 2
      vertex 8.38849 0.439622 0
    endloop
  endfacet
  facet normal 0.996917 -0.0784587 0
    outer loop
      vertex 8.35398 -0.878038 2
      vertex 8.38849 -0.439622 0
      vertex 8.38849 -0.439622 2
    endloop
  endfacet
  facet normal 0.996917 -0.0784587 0
    outer loop
      vertex 8.38849 -0.439622 0
      vertex 8.35398 -0.878038 2
      vertex 8.35398 -0.878038 0
    endloop
  endfacet
  facet normal 0.97237 -0.233446 0
    outer loop
      vertex 8.11378 -2.17408 2
      vertex 8.21644 -1.74646 0
      vertex 8.21644 -1.74646 2
    endloop
  endfacet
  facet normal 0.97237 -0.233446 0
    outer loop
      vertex 8.21644 -1.74646 0
      vertex 8.11378 -2.17408 2
      vertex 8.11378 -2.17408 0
    endloop
  endfacet
  facet normal 0.983255 -0.182235 0
    outer loop
      vertex 8.21644 -1.74646 2
      vertex 8.29658 -1.31405 0
      vertex 8.29658 -1.31405 2
    endloop
  endfacet
  facet normal 0.983255 -0.182235 0
    outer loop
      vertex 8.29658 -1.31405 0
      vertex 8.21644 -1.74646 2
      vertex 8.21644 -1.74646 0
    endloop
  endfacet
  facet normal 0.95882 -0.284015 0
    outer loop
      vertex 7.98887 -2.59574 2
      vertex 8.11378 -2.17408 0
      vertex 8.11378 -2.17408 2
    endloop
  endfacet
  facet normal 0.95882 -0.284015 0
    outer loop
      vertex 8.11378 -2.17408 0
      vertex 7.98887 -2.59574 2
      vertex 7.98887 -2.59574 0
    endloop
  endfacet
  facet normal 0.942642 -0.333807 0
    outer loop
      vertex 7.84208 -3.01029 2
      vertex 7.98887 -2.59574 0
      vertex 7.98887 -2.59574 2
    endloop
  endfacet
  facet normal 0.942642 -0.333807 0
    outer loop
      vertex 7.98887 -2.59574 0
      vertex 7.84208 -3.01029 2
      vertex 7.84208 -3.01029 0
    endloop
  endfacet
  facet normal 0.566406 -0.824126 0
    outer loop
      vertex 4.57497 -7.04483 0
      vertex 4.9374 -6.79574 2
      vertex 4.57497 -7.04483 2
    endloop
  endfacet
  facet normal 0.566406 -0.824126 0
    outer loop
      vertex 4.9374 -6.79574 2
      vertex 4.57497 -7.04483 0
      vertex 4.9374 -6.79574 0
    endloop
  endfacet
  facet normal 0.923879 -0.382684 0
    outer loop
      vertex 7.67378 -3.41659 2
      vertex 7.84208 -3.01029 0
      vertex 7.84208 -3.01029 2
    endloop
  endfacet
  facet normal 0.923879 -0.382684 0
    outer loop
      vertex 7.84208 -3.01029 0
      vertex 7.67378 -3.41659 2
      vertex 7.67378 -3.41659 0
    endloop
  endfacet
  facet normal -0.0261767 -0.999657 0
    outer loop
      vertex -0.439622 -8.38849 0
      vertex 0 -8.4 2
      vertex -0.439622 -8.38849 2
    endloop
  endfacet
  facet normal -0.0261767 -0.999657 -0
    outer loop
      vertex 0 -8.4 2
      vertex -0.439622 -8.38849 0
      vertex 0 -8.4 0
    endloop
  endfacet
  facet normal -0.999657 -0.0261767 0
    outer loop
      vertex -8.38849 -0.439622 0
      vertex -8.4 0 2
      vertex -8.4 0 0
    endloop
  endfacet
  facet normal -0.999657 -0.0261767 0
    outer loop
      vertex -8.4 0 2
      vertex -8.38849 -0.439622 0
      vertex -8.38849 -0.439622 2
    endloop
  endfacet
  facet normal -0.942642 -0.333807 0
    outer loop
      vertex -7.84208 -3.01029 0
      vertex -7.98887 -2.59574 2
      vertex -7.98887 -2.59574 0
    endloop
  endfacet
  facet normal -0.942642 -0.333807 0
    outer loop
      vertex -7.98887 -2.59574 2
      vertex -7.84208 -3.01029 0
      vertex -7.84208 -3.01029 2
    endloop
  endfacet
  facet normal -0.983255 -0.182235 0
    outer loop
      vertex -8.21644 -1.74646 0
      vertex -8.29658 -1.31405 2
      vertex -8.29658 -1.31405 0
    endloop
  endfacet
  facet normal -0.983255 -0.182235 0
    outer loop
      vertex -8.29658 -1.31405 2
      vertex -8.21644 -1.74646 0
      vertex -8.21644 -1.74646 2
    endloop
  endfacet
  facet normal -0.923879 -0.382684 0
    outer loop
      vertex -7.67378 -3.41659 0
      vertex -7.84208 -3.01029 2
      vertex -7.84208 -3.01029 0
    endloop
  endfacet
  facet normal -0.923879 -0.382684 0
    outer loop
      vertex -7.84208 -3.01029 2
      vertex -7.67378 -3.41659 0
      vertex -7.67378 -3.41659 2
    endloop
  endfacet
  facet normal 0.130528 -0.991445 0
    outer loop
      vertex 0.878038 -8.35398 0
      vertex 1.31405 -8.29658 2
      vertex 0.878038 -8.35398 2
    endloop
  endfacet
  facet normal 0.130528 -0.991445 0
    outer loop
      vertex 1.31405 -8.29658 2
      vertex 0.878038 -8.35398 0
      vertex 1.31405 -8.29658 0
    endloop
  endfacet
  facet normal 0.382684 -0.923879 0
    outer loop
      vertex 3.01029 -7.84208 0
      vertex 3.41659 -7.67378 2
      vertex 3.01029 -7.84208 2
    endloop
  endfacet
  facet normal 0.382684 -0.923879 0
    outer loop
      vertex 3.41659 -7.67378 2
      vertex 3.01029 -7.84208 0
      vertex 3.41659 -7.67378 0
    endloop
  endfacet
  facet normal 0.688356 -0.725373 0
    outer loop
      vertex 5.6207 -6.24242 0
      vertex 5.9397 -5.9397 2
      vertex 5.6207 -6.24242 2
    endloop
  endfacet
  facet normal 0.688356 -0.725373 0
    outer loop
      vertex 5.9397 -5.9397 2
      vertex 5.6207 -6.24242 0
      vertex 5.9397 -5.9397 0
    endloop
  endfacet
  facet normal 0.824126 -0.566406 0
    outer loop
      vertex 6.79574 -4.9374 2
      vertex 7.04483 -4.57497 0
      vertex 7.04483 -4.57497 2
    endloop
  endfacet
  facet normal 0.824126 -0.566406 0
    outer loop
      vertex 7.04483 -4.57497 0
      vertex 6.79574 -4.9374 2
      vertex 6.79574 -4.9374 0
    endloop
  endfacet
  facet normal 0.902585 -0.430511 0
    outer loop
      vertex 7.48445 -3.81352 2
      vertex 7.67378 -3.41659 0
      vertex 7.67378 -3.41659 2
    endloop
  endfacet
  facet normal 0.902585 -0.430511 0
    outer loop
      vertex 7.67378 -3.41659 0
      vertex 7.48445 -3.81352 2
      vertex 7.48445 -3.81352 0
    endloop
  endfacet
  facet normal -0.649448 -0.760406 0
    outer loop
      vertex -5.6207 -6.24242 0
      vertex -5.28629 -6.52803 2
      vertex -5.6207 -6.24242 2
    endloop
  endfacet
  facet normal -0.649448 -0.760406 -0
    outer loop
      vertex -5.28629 -6.52803 2
      vertex -5.6207 -6.24242 0
      vertex -5.28629 -6.52803 0
    endloop
  endfacet
  facet normal -0.430511 -0.902585 0
    outer loop
      vertex -3.81352 -7.48445 0
      vertex -3.41659 -7.67378 2
      vertex -3.81352 -7.48445 2
    endloop
  endfacet
  facet normal -0.430511 -0.902585 -0
    outer loop
      vertex -3.41659 -7.67378 2
      vertex -3.81352 -7.48445 0
      vertex -3.41659 -7.67378 0
    endloop
  endfacet
  facet normal 0.0261767 -0.999657 0
    outer loop
      vertex 0 -8.4 0
      vertex 0.439622 -8.38849 2
      vertex 0 -8.4 2
    endloop
  endfacet
  facet normal 0.0261767 -0.999657 0
    outer loop
      vertex 0.439622 -8.38849 2
      vertex 0 -8.4 0
      vertex 0.439622 -8.38849 0
    endloop
  endfacet
  facet normal -0.902585 -0.430511 0
    outer loop
      vertex -7.48445 -3.81352 0
      vertex -7.67378 -3.41659 2
      vertex -7.67378 -3.41659 0
    endloop
  endfacet
  facet normal -0.902585 -0.430511 0
    outer loop
      vertex -7.67378 -3.41659 2
      vertex -7.48445 -3.81352 0
      vertex -7.48445 -3.81352 2
    endloop
  endfacet
  facet normal -0.824126 -0.566406 0
    outer loop
      vertex -6.79574 -4.9374 0
      vertex -7.04483 -4.57497 2
      vertex -7.04483 -4.57497 0
    endloop
  endfacet
  facet normal -0.824126 -0.566406 0
    outer loop
      vertex -7.04483 -4.57497 2
      vertex -6.79574 -4.9374 0
      vertex -6.79574 -4.9374 2
    endloop
  endfacet
  facet normal -0.97237 -0.233446 0
    outer loop
      vertex -8.11378 -2.17408 0
      vertex -8.21644 -1.74646 2
      vertex -8.21644 -1.74646 0
    endloop
  endfacet
  facet normal -0.97237 -0.233446 0
    outer loop
      vertex -8.21644 -1.74646 2
      vertex -8.11378 -2.17408 0
      vertex -8.11378 -2.17408 2
    endloop
  endfacet
  facet normal -0.991445 -0.130528 0
    outer loop
      vertex -8.29658 -1.31405 0
      vertex -8.35398 -0.878038 2
      vertex -8.35398 -0.878038 0
    endloop
  endfacet
  facet normal -0.991445 -0.130528 0
    outer loop
      vertex -8.35398 -0.878038 2
      vertex -8.29658 -1.31405 0
      vertex -8.29658 -1.31405 2
    endloop
  endfacet
  facet normal 0.182235 -0.983255 0
    outer loop
      vertex 1.31405 -8.29658 0
      vertex 1.74646 -8.21644 2
      vertex 1.31405 -8.29658 2
    endloop
  endfacet
  facet normal 0.182235 -0.983255 0
    outer loop
      vertex 1.74646 -8.21644 2
      vertex 1.31405 -8.29658 0
      vertex 1.74646 -8.21644 0
    endloop
  endfacet
  facet normal 0.284015 -0.95882 0
    outer loop
      vertex 2.17408 -8.11378 0
      vertex 2.59574 -7.98887 2
      vertex 2.17408 -8.11378 2
    endloop
  endfacet
  facet normal 0.284015 -0.95882 0
    outer loop
      vertex 2.59574 -7.98887 2
      vertex 2.17408 -8.11378 0
      vertex 2.59574 -7.98887 0
    endloop
  endfacet
  facet normal 0.477157 -0.878818 0
    outer loop
      vertex 3.81352 -7.48445 0
      vertex 4.2 -7.27461 2
      vertex 3.81352 -7.48445 2
    endloop
  endfacet
  facet normal 0.477157 -0.878818 0
    outer loop
      vertex 4.2 -7.27461 2
      vertex 3.81352 -7.48445 0
      vertex 4.2 -7.27461 0
    endloop
  endfacet
  facet normal 0.430511 -0.902585 0
    outer loop
      vertex 3.41659 -7.67378 0
      vertex 3.81352 -7.48445 2
      vertex 3.41659 -7.67378 2
    endloop
  endfacet
  facet normal 0.430511 -0.902585 0
    outer loop
      vertex 3.81352 -7.48445 2
      vertex 3.41659 -7.67378 0
      vertex 3.81352 -7.48445 0
    endloop
  endfacet
  facet normal 0.608761 -0.793354 0
    outer loop
      vertex 4.9374 -6.79574 0
      vertex 5.28629 -6.52803 2
      vertex 4.9374 -6.79574 2
    endloop
  endfacet
  facet normal 0.608761 -0.793354 0
    outer loop
      vertex 5.28629 -6.52803 2
      vertex 4.9374 -6.79574 0
      vertex 5.28629 -6.52803 0
    endloop
  endfacet
  facet normal 0.725373 -0.688356 0
    outer loop
      vertex 5.9397 -5.9397 2
      vertex 6.24242 -5.6207 0
      vertex 6.24242 -5.6207 2
    endloop
  endfacet
  facet normal 0.725373 -0.688356 0
    outer loop
      vertex 6.24242 -5.6207 0
      vertex 5.9397 -5.9397 2
      vertex 5.9397 -5.9397 0
    endloop
  endfacet
  facet normal 0.852639 -0.5225 0
    outer loop
      vertex 7.04483 -4.57497 2
      vertex 7.27461 -4.2 0
      vertex 7.27461 -4.2 2
    endloop
  endfacet
  facet normal 0.852639 -0.5225 0
    outer loop
      vertex 7.27461 -4.2 0
      vertex 7.04483 -4.57497 2
      vertex 7.04483 -4.57497 0
    endloop
  endfacet
  facet normal -0.382684 -0.923879 0
    outer loop
      vertex -3.41659 -7.67378 0
      vertex -3.01029 -7.84208 2
      vertex -3.41659 -7.67378 2
    endloop
  endfacet
  facet normal -0.382684 -0.923879 -0
    outer loop
      vertex -3.01029 -7.84208 2
      vertex -3.41659 -7.67378 0
      vertex -3.01029 -7.84208 0
    endloop
  endfacet
  facet normal -0.477157 -0.878818 0
    outer loop
      vertex -4.2 -7.27461 0
      vertex -3.81352 -7.48445 2
      vertex -4.2 -7.27461 2
    endloop
  endfacet
  facet normal -0.477157 -0.878818 -0
    outer loop
      vertex -3.81352 -7.48445 2
      vertex -4.2 -7.27461 0
      vertex -3.81352 -7.48445 0
    endloop
  endfacet
  facet normal -0.566406 -0.824126 0
    outer loop
      vertex -4.9374 -6.79574 0
      vertex -4.57497 -7.04483 2
      vertex -4.9374 -6.79574 2
    endloop
  endfacet
  facet normal -0.566406 -0.824126 -0
    outer loop
      vertex -4.57497 -7.04483 2
      vertex -4.9374 -6.79574 0
      vertex -4.57497 -7.04483 0
    endloop
  endfacet
  facet normal -0.5225 -0.852639 0
    outer loop
      vertex -4.57497 -7.04483 0
      vertex -4.2 -7.27461 2
      vertex -4.57497 -7.04483 2
    endloop
  endfacet
  facet normal -0.5225 -0.852639 -0
    outer loop
      vertex -4.2 -7.27461 2
      vertex -4.57497 -7.04483 0
      vertex -4.2 -7.27461 0
    endloop
  endfacet
  facet normal -0.608761 -0.793354 0
    outer loop
      vertex -5.28629 -6.52803 0
      vertex -4.9374 -6.79574 2
      vertex -5.28629 -6.52803 2
    endloop
  endfacet
  facet normal -0.608761 -0.793354 -0
    outer loop
      vertex -4.9374 -6.79574 2
      vertex -5.28629 -6.52803 0
      vertex -4.9374 -6.79574 0
    endloop
  endfacet
  facet normal -0.284015 -0.95882 0
    outer loop
      vertex -2.59574 -7.98887 0
      vertex -2.17408 -8.11378 2
      vertex -2.59574 -7.98887 2
    endloop
  endfacet
  facet normal -0.284015 -0.95882 -0
    outer loop
      vertex -2.17408 -8.11378 2
      vertex -2.59574 -7.98887 0
      vertex -2.17408 -8.11378 0
    endloop
  endfacet
  facet normal -0.130528 -0.991445 0
    outer loop
      vertex -1.31405 -8.29658 0
      vertex -0.878038 -8.35398 2
      vertex -1.31405 -8.29658 2
    endloop
  endfacet
  facet normal -0.130528 -0.991445 -0
    outer loop
      vertex -0.878038 -8.35398 2
      vertex -1.31405 -8.29658 0
      vertex -0.878038 -8.35398 0
    endloop
  endfacet
  facet normal -0.878818 -0.477157 0
    outer loop
      vertex -7.27461 -4.2 0
      vertex -7.48445 -3.81352 2
      vertex -7.48445 -3.81352 0
    endloop
  endfacet
  facet normal -0.878818 -0.477157 0
    outer loop
      vertex -7.48445 -3.81352 2
      vertex -7.27461 -4.2 0
      vertex -7.27461 -4.2 2
    endloop
  endfacet
  facet normal -0.852639 -0.5225 0
    outer loop
      vertex -7.04483 -4.57497 0
      vertex -7.27461 -4.2 2
      vertex -7.27461 -4.2 0
    endloop
  endfacet
  facet normal -0.852639 -0.5225 0
    outer loop
      vertex -7.27461 -4.2 2
      vertex -7.04483 -4.57497 0
      vertex -7.04483 -4.57497 2
    endloop
  endfacet
  facet normal -0.95882 -0.284015 0
    outer loop
      vertex -7.98887 -2.59574 0
      vertex -8.11378 -2.17408 2
      vertex -8.11378 -2.17408 0
    endloop
  endfacet
  facet normal -0.95882 -0.284015 0
    outer loop
      vertex -8.11378 -2.17408 2
      vertex -7.98887 -2.59574 0
      vertex -7.98887 -2.59574 2
    endloop
  endfacet
  facet normal -0.996917 -0.0784587 0
    outer loop
      vertex -8.35398 -0.878038 0
      vertex -8.38849 -0.439622 2
      vertex -8.38849 -0.439622 0
    endloop
  endfacet
  facet normal -0.996917 -0.0784587 0
    outer loop
      vertex -8.38849 -0.439622 2
      vertex -8.35398 -0.878038 0
      vertex -8.35398 -0.878038 2
    endloop
  endfacet
  facet normal 0.5225 -0.852639 0
    outer loop
      vertex 4.2 -7.27461 0
      vertex 4.57497 -7.04483 2
      vertex 4.2 -7.27461 2
    endloop
  endfacet
  facet normal 0.5225 -0.852639 0
    outer loop
      vertex 4.57497 -7.04483 2
      vertex 4.2 -7.27461 0
      vertex 4.57497 -7.04483 0
    endloop
  endfacet
  facet normal 0.649448 -0.760406 0
    outer loop
      vertex 5.28629 -6.52803 0
      vertex 5.6207 -6.24242 2
      vertex 5.28629 -6.52803 2
    endloop
  endfacet
  facet normal 0.649448 -0.760406 0
    outer loop
      vertex 5.6207 -6.24242 2
      vertex 5.28629 -6.52803 0
      vertex 5.6207 -6.24242 0
    endloop
  endfacet
  facet normal -0.333807 -0.942642 0
    outer loop
      vertex -3.01029 -7.84208 0
      vertex -2.59574 -7.98887 2
      vertex -3.01029 -7.84208 2
    endloop
  endfacet
  facet normal -0.333807 -0.942642 -0
    outer loop
      vertex -2.59574 -7.98887 2
      vertex -3.01029 -7.84208 0
      vertex -2.59574 -7.98887 0
    endloop
  endfacet
  facet normal -0.182235 -0.983255 0
    outer loop
      vertex -1.74646 -8.21644 0
      vertex -1.31405 -8.29658 2
      vertex -1.74646 -8.21644 2
    endloop
  endfacet
  facet normal -0.182235 -0.983255 -0
    outer loop
      vertex -1.31405 -8.29658 2
      vertex -1.74646 -8.21644 0
      vertex -1.31405 -8.29658 0
    endloop
  endfacet
  facet normal -0.233446 -0.97237 0
    outer loop
      vertex -2.17408 -8.11378 0
      vertex -1.74646 -8.21644 2
      vertex -2.17408 -8.11378 2
    endloop
  endfacet
  facet normal -0.233446 -0.97237 -0
    outer loop
      vertex -1.74646 -8.21644 2
      vertex -2.17408 -8.11378 0
      vertex -1.74646 -8.21644 0
    endloop
  endfacet
  facet normal -0.0784587 -0.996917 0
    outer loop
      vertex -0.878038 -8.35398 0
      vertex -0.439622 -8.38849 2
      vertex -0.878038 -8.35398 2
    endloop
  endfacet
  facet normal -0.0784587 -0.996917 -0
    outer loop
      vertex -0.439622 -8.38849 2
      vertex -0.878038 -8.35398 0
      vertex -0.439622 -8.38849 0
    endloop
  endfacet
  facet normal -0.725373 -0.688356 0
    outer loop
      vertex -5.9397 -5.9397 0
      vertex -6.24242 -5.6207 2
      vertex -6.24242 -5.6207 0
    endloop
  endfacet
  facet normal -0.725373 -0.688356 0
    outer loop
      vertex -6.24242 -5.6207 2
      vertex -5.9397 -5.9397 0
      vertex -5.9397 -5.9397 2
    endloop
  endfacet
  facet normal -0.760406 -0.649448 0
    outer loop
      vertex -6.24242 -5.6207 0
      vertex -6.52803 -5.28629 2
      vertex -6.52803 -5.28629 0
    endloop
  endfacet
  facet normal -0.760406 -0.649448 0
    outer loop
      vertex -6.52803 -5.28629 2
      vertex -6.24242 -5.6207 0
      vertex -6.24242 -5.6207 2
    endloop
  endfacet
  facet normal -0.793354 -0.608761 0
    outer loop
      vertex -6.52803 -5.28629 0
      vertex -6.79574 -4.9374 2
      vertex -6.79574 -4.9374 0
    endloop
  endfacet
  facet normal -0.793354 -0.608761 0
    outer loop
      vertex -6.79574 -4.9374 2
      vertex -6.52803 -5.28629 0
      vertex -6.52803 -5.28629 2
    endloop
  endfacet
  facet normal -0.688356 -0.725373 0
    outer loop
      vertex -5.9397 -5.9397 0
      vertex -5.6207 -6.24242 2
      vertex -5.9397 -5.9397 2
    endloop
  endfacet
  facet normal -0.688356 -0.725373 -0
    outer loop
      vertex -5.6207 -6.24242 2
      vertex -5.9397 -5.9397 0
      vertex -5.6207 -6.24242 0
    endloop
  endfacet
endsolid OpenSCAD_Model
