solid OpenSCAD_Model
  facet normal -0 0 -1
    outer loop
      vertex 11.4056 7.68994 0
      vertex 5.05298 3.28145 0
      vertex 11.2898 7.84071 0
    endloop
  endfacet
  facet normal 0 0 -1
    outer loop
      vertex 4.87431 3.5414 0
      vertex 11.2898 7.84071 0
      vertex 5.05298 3.28145 0
    endloop
  endfacet
  facet normal -0 0 -1
    outer loop
      vertex 11.2898 7.84071 0
      vertex 4.87431 3.5414 0
      vertex 11.124 8.08205 0
    endloop
  endfacet
  facet normal -0 0 -1
    outer loop
      vertex 11.124 8.08205 0
      vertex 4.87431 3.5414 0
      vertex 10.6857 8.65315 0
    endloop
  endfacet
  facet normal 0 0 -1
    outer loop
      vertex 4.6823 3.79164 0
      vertex 10.6857 8.65315 0
      vertex 4.87431 3.5414 0
    endloop
  endfacet
  facet normal 0 0 -1
    outer loop
      vertex 4.53639 3.96249 0
      vertex 10.6857 8.65315 0
      vertex 4.6823 3.79164 0
    endloop
  endfacet
  facet normal -0 0 -1
    outer loop
      vertex 10.6857 8.65315 0
      vertex 4.53639 3.96249 0
      vertex 10.2182 9.20053 0
    endloop
  endfacet
  facet normal -0 0 -1
    outer loop
      vertex 10.2182 9.20053 0
      vertex 4.53639 3.96249 0
      vertex 9.72272 9.72272 0
    endloop
  endfacet
  facet normal -0 0 -1
    outer loop
      vertex 9.72272 9.72272 0
      vertex 4.53639 3.96249 0
      vertex 9.20053 10.2182 0
    endloop
  endfacet
  facet normal -0 0 -1
    outer loop
      vertex 9.20053 10.2182 0
      vertex 4.53639 3.96249 0
      vertex 8.65315 10.6857 0
    endloop
  endfacet
  facet normal -0 0 -1
    outer loop
      vertex 8.65315 10.6857 0
      vertex 4.53639 3.96249 0
      vertex 8.08205 11.124 0
    endloop
  endfacet
  facet normal -0 0 -1
    outer loop
      vertex 8.08205 11.124 0
      vertex 4.53639 3.96249 0
      vertex 7.48878 11.5317 0
    endloop
  endfacet
  facet normal -0 0 -1
    outer loop
      vertex 7.48878 11.5317 0
      vertex 4.53639 3.96249 0
      vertex 6.875 11.9078 0
    endloop
  endfacet
  facet normal -0 0 -1
    outer loop
      vertex 6.875 11.9078 0
      vertex 4.53639 3.96249 0
      vertex 6.24236 12.2513 0
    endloop
  endfacet
  facet normal -0 0 -1
    outer loop
      vertex 6.24236 12.2513 0
      vertex 4.53639 3.96249 0
      vertex 5.59262 12.5612 0
    endloop
  endfacet
  facet normal -0 0 -1
    outer loop
      vertex 5.59262 12.5612 0
      vertex 4.53639 3.96249 0
      vertex 4.92755 12.8367 0
    endloop
  endfacet
  facet normal 0 0 -1
    outer loop
      vertex 4.53639 3.96249 0
      vertex 4.24898 13.077 0
      vertex 4.92755 12.8367 0
    endloop
  endfacet
  facet normal 0 0 -1
    outer loop
      vertex 4.53639 3.96249 0
      vertex 3.55876 13.2815 0
      vertex 4.24898 13.077 0
    endloop
  endfacet
  facet normal 0 0 -1
    outer loop
      vertex 4.53639 3.96249 0
      vertex 2.85878 13.4495 0
      vertex 3.55876 13.2815 0
    endloop
  endfacet
  facet normal 0 0 -1
    outer loop
      vertex 4.53639 3.96249 0
      vertex 2.15097 13.5807 0
      vertex 2.85878 13.4495 0
    endloop
  endfacet
  facet normal 0 0 -1
    outer loop
      vertex 4.53639 3.96249 0
      vertex 1.43726 13.6747 0
      vertex 2.15097 13.5807 0
    endloop
  endfacet
  facet normal 0 0 -1
    outer loop
      vertex 4.53639 3.96249 0
      vertex 0.719604 13.7312 0
      vertex 1.43726 13.6747 0
    endloop
  endfacet
  facet normal 0 0 -1
    outer loop
      vertex 4.53639 3.96249 0
      vertex 0 13.75 0
      vertex 0.719604 13.7312 0
    endloop
  endfacet
  facet normal 0 0 -1
    outer loop
      vertex -4.53639 3.96249 0
      vertex 0 13.75 0
      vertex 4.53639 3.96249 0
    endloop
  endfacet
  facet normal 0 0 -1
    outer loop
      vertex 0 13.75 0
      vertex -4.53639 3.96249 0
      vertex -0.719604 13.7312 0
    endloop
  endfacet
  facet normal 0 0 -1
    outer loop
      vertex -0.719604 13.7312 0
      vertex -4.53639 3.96249 0
      vertex -1.43726 13.6747 0
    endloop
  endfacet
  facet normal 0 0 -1
    outer loop
      vertex -1.43726 13.6747 0
      vertex -4.53639 3.96249 0
      vertex -2.15097 13.5807 0
    endloop
  endfacet
  facet normal 0 0 -1
    outer loop
      vertex -2.15097 13.5807 0
      vertex -4.53639 3.96249 0
      vertex -2.85878 13.4495 0
    endloop
  endfacet
  facet normal 0 0 -1
    outer loop
      vertex -2.85878 13.4495 0
      vertex -4.53639 3.96249 0
      vertex -3.55876 13.2815 0
    endloop
  endfacet
  facet normal 0 0 -1
    outer loop
      vertex -3.55876 13.2815 0
      vertex -4.53639 3.96249 0
      vertex -4.24898 13.077 0
    endloop
  endfacet
  facet normal 0 0 -1
    outer loop
      vertex -10.6857 8.65315 0
      vertex -4.53639 3.96249 0
      vertex -4.6823 3.79164 0
    endloop
  endfacet
  facet normal 0 0 -1
    outer loop
      vertex -10.6857 8.65315 0
      vertex -4.6823 3.79164 0
      vertex -4.87431 3.5414 0
    endloop
  endfacet
  facet normal 0 0 -1
    outer loop
      vertex -4.53639 3.96249 0
      vertex -4.92755 12.8367 0
      vertex -4.24898 13.077 0
    endloop
  endfacet
  facet normal 0 0 -1
    outer loop
      vertex -11.124 8.08205 0
      vertex -4.87431 3.5414 0
      vertex -5.05298 3.28145 0
    endloop
  endfacet
  facet normal 0 0 -1
    outer loop
      vertex -11.5317 7.48878 0
      vertex -5.05298 3.28145 0
      vertex -5.21779 3.0125 0
    endloop
  endfacet
  facet normal 0 0 -1
    outer loop
      vertex -11.9078 6.87498 0
      vertex -5.21779 3.0125 0
      vertex -5.3683 2.73529 0
    endloop
  endfacet
  facet normal 0 0 -1
    outer loop
      vertex -12.2513 6.24236 0
      vertex -5.3683 2.73529 0
      vertex -5.5041 2.45058 0
    endloop
  endfacet
  facet normal 0 0 -1
    outer loop
      vertex -4.53639 3.96249 0
      vertex -5.59262 12.5612 0
      vertex -4.92755 12.8367 0
    endloop
  endfacet
  facet normal 0 0 -1
    outer loop
      vertex -12.5612 5.59262 0
      vertex -5.5041 2.45058 0
      vertex -5.62482 2.15916 0
    endloop
  endfacet
  facet normal 0 0 -1
    outer loop
      vertex -12.8367 4.92755 0
      vertex -5.62482 2.15916 0
      vertex -5.7301 1.86182 0
    endloop
  endfacet
  facet normal 0 0 -1
    outer loop
      vertex -13.077 4.24898 0
      vertex -5.7301 1.86182 0
      vertex -5.8197 1.55937 0
    endloop
  endfacet
  facet normal 0 0 -1
    outer loop
      vertex -13.2815 3.55876 0
      vertex -5.8197 1.55937 0
      vertex -5.89333 1.25266 0
    endloop
  endfacet
  facet normal 0 0 -1
    outer loop
      vertex -13.4495 2.85878 0
      vertex -5.89333 1.25266 0
      vertex -5.95082 0.942505 0
    endloop
  endfacet
  facet normal 0 0 -1
    outer loop
      vertex -13.5807 2.15097 0
      vertex -5.95082 0.942505 0
      vertex -5.99199 0.629776 0
    endloop
  endfacet
  facet normal 0 0 -1
    outer loop
      vertex -13.6747 1.43726 0
      vertex -5.99199 0.629776 0
      vertex -6.01674 0.315323 0
    endloop
  endfacet
  facet normal 0 0 -1
    outer loop
      vertex -4.53639 3.96249 0
      vertex -6.24236 12.2513 0
      vertex -5.59262 12.5612 0
    endloop
  endfacet
  facet normal 0 0 -1
    outer loop
      vertex -13.7312 0.719604 0
      vertex -6.01674 0.315323 0
      vertex -6.02499 0 0
    endloop
  endfacet
  facet normal 0 0 -1
    outer loop
      vertex -11.9078 -6.87498 0
      vertex -5.21779 -3.0125 0
      vertex -11.5317 -7.48878 0
    endloop
  endfacet
  facet normal 0 0 -1
    outer loop
      vertex -4.53639 3.96249 0
      vertex -6.87498 11.9078 0
      vertex -6.24236 12.2513 0
    endloop
  endfacet
  facet normal -0 0 -1
    outer loop
      vertex -5.21779 -3.0125 0
      vertex -11.9078 -6.87498 0
      vertex -5.3683 -2.73529 0
    endloop
  endfacet
  facet normal 0 0 -1
    outer loop
      vertex -12.2513 -6.24236 0
      vertex -5.3683 -2.73529 0
      vertex -11.9078 -6.87498 0
    endloop
  endfacet
  facet normal 0 0 -1
    outer loop
      vertex -4.53639 3.96249 0
      vertex -7.48878 11.5317 0
      vertex -6.87498 11.9078 0
    endloop
  endfacet
  facet normal -0 0 -1
    outer loop
      vertex -5.3683 -2.73529 0
      vertex -12.2513 -6.24236 0
      vertex -5.5041 -2.45058 0
    endloop
  endfacet
  facet normal 0 0 -1
    outer loop
      vertex -4.53639 3.96249 0
      vertex -8.08205 11.124 0
      vertex -7.48878 11.5317 0
    endloop
  endfacet
  facet normal 0 0 -1
    outer loop
      vertex -12.5612 -5.59262 0
      vertex -5.5041 -2.45058 0
      vertex -12.2513 -6.24236 0
    endloop
  endfacet
  facet normal 0 0 -1
    outer loop
      vertex -4.53639 3.96249 0
      vertex -8.65315 10.6857 0
      vertex -8.08205 11.124 0
    endloop
  endfacet
  facet normal -0 0 -1
    outer loop
      vertex -5.5041 -2.45058 0
      vertex -12.5612 -5.59262 0
      vertex -5.62482 -2.15916 0
    endloop
  endfacet
  facet normal 0 0 -1
    outer loop
      vertex -4.53639 3.96249 0
      vertex -9.20053 10.2182 0
      vertex -8.65315 10.6857 0
    endloop
  endfacet
  facet normal 0 0 -1
    outer loop
      vertex -12.8367 -4.92755 0
      vertex -5.62482 -2.15916 0
      vertex -12.5612 -5.59262 0
    endloop
  endfacet
  facet normal 0 0 -1
    outer loop
      vertex -4.53639 3.96249 0
      vertex -9.72272 9.72272 0
      vertex -9.20053 10.2182 0
    endloop
  endfacet
  facet normal -0 0 -1
    outer loop
      vertex -5.62482 -2.15916 0
      vertex -12.8367 -4.92755 0
      vertex -5.7301 -1.86182 0
    endloop
  endfacet
  facet normal 0 0 -1
    outer loop
      vertex -4.53639 3.96249 0
      vertex -10.2182 9.20053 0
      vertex -9.72272 9.72272 0
    endloop
  endfacet
  facet normal 0 0 -1
    outer loop
      vertex -13.077 -4.24898 0
      vertex -5.7301 -1.86182 0
      vertex -12.8367 -4.92755 0
    endloop
  endfacet
  facet normal 0 0 -1
    outer loop
      vertex -4.53639 3.96249 0
      vertex -10.6857 8.65315 0
      vertex -10.2182 9.20053 0
    endloop
  endfacet
  facet normal -0 0 -1
    outer loop
      vertex -5.7301 -1.86182 0
      vertex -13.077 -4.24898 0
      vertex -5.8197 -1.55937 0
    endloop
  endfacet
  facet normal 0 0 -1
    outer loop
      vertex -4.87431 3.5414 0
      vertex -11.124 8.08205 0
      vertex -10.6857 8.65315 0
    endloop
  endfacet
  facet normal 0 0 -1
    outer loop
      vertex -13.2815 -3.55876 0
      vertex -5.8197 -1.55937 0
      vertex -13.077 -4.24898 0
    endloop
  endfacet
  facet normal 0 0 -1
    outer loop
      vertex -5.05298 3.28145 0
      vertex -11.5317 7.48878 0
      vertex -11.124 8.08205 0
    endloop
  endfacet
  facet normal -0 0 -1
    outer loop
      vertex -5.8197 -1.55937 0
      vertex -13.2815 -3.55876 0
      vertex -5.89333 -1.25266 0
    endloop
  endfacet
  facet normal 0 0 -1
    outer loop
      vertex -5.21779 3.0125 0
      vertex -11.9078 6.87498 0
      vertex -11.5317 7.48878 0
    endloop
  endfacet
  facet normal 0 0 -1
    outer loop
      vertex -13.4495 -2.85878 0
      vertex -5.89333 -1.25266 0
      vertex -13.2815 -3.55876 0
    endloop
  endfacet
  facet normal 0 0 -1
    outer loop
      vertex -5.3683 2.73529 0
      vertex -12.2513 6.24236 0
      vertex -11.9078 6.87498 0
    endloop
  endfacet
  facet normal -0 0 -1
    outer loop
      vertex -5.89333 -1.25266 0
      vertex -13.4495 -2.85878 0
      vertex -5.95082 -0.942505 0
    endloop
  endfacet
  facet normal 0 0 -1
    outer loop
      vertex -5.5041 2.45058 0
      vertex -12.5612 5.59262 0
      vertex -12.2513 6.24236 0
    endloop
  endfacet
  facet normal 0 0 -1
    outer loop
      vertex -13.5807 -2.15097 0
      vertex -5.95082 -0.942505 0
      vertex -13.4495 -2.85878 0
    endloop
  endfacet
  facet normal 0 0 -1
    outer loop
      vertex -5.62482 2.15916 0
      vertex -12.8367 4.92755 0
      vertex -12.5612 5.59262 0
    endloop
  endfacet
  facet normal -0 0 -1
    outer loop
      vertex -5.95082 -0.942505 0
      vertex -13.5807 -2.15097 0
      vertex -5.99199 -0.629776 0
    endloop
  endfacet
  facet normal 0 0 -1
    outer loop
      vertex -5.7301 1.86182 0
      vertex -13.077 4.24898 0
      vertex -12.8367 4.92755 0
    endloop
  endfacet
  facet normal 0 0 -1
    outer loop
      vertex -13.6747 -1.43726 0
      vertex -5.99199 -0.629776 0
      vertex -13.5807 -2.15097 0
    endloop
  endfacet
  facet normal 0 0 -1
    outer loop
      vertex -5.8197 1.55937 0
      vertex -13.2815 3.55876 0
      vertex -13.077 4.24898 0
    endloop
  endfacet
  facet normal -0 0 -1
    outer loop
      vertex -5.99199 -0.629776 0
      vertex -13.6747 -1.43726 0
      vertex -6.01674 -0.315323 0
    endloop
  endfacet
  facet normal 0 0 -1
    outer loop
      vertex -5.89333 1.25266 0
      vertex -13.4495 2.85878 0
      vertex -13.2815 3.55876 0
    endloop
  endfacet
  facet normal 0 0 -1
    outer loop
      vertex -13.7312 -0.719604 0
      vertex -6.01674 -0.315323 0
      vertex -13.6747 -1.43726 0
    endloop
  endfacet
  facet normal 0 0 -1
    outer loop
      vertex -5.95082 0.942505 0
      vertex -13.5807 2.15097 0
      vertex -13.4495 2.85878 0
    endloop
  endfacet
  facet normal -0 0 -1
    outer loop
      vertex -6.01674 -0.315323 0
      vertex -13.7312 -0.719604 0
      vertex -6.02499 0 0
    endloop
  endfacet
  facet normal 0 0 -1
    outer loop
      vertex -5.99199 0.629776 0
      vertex -13.6747 1.43726 0
      vertex -13.5807 2.15097 0
    endloop
  endfacet
  facet normal 0 0 -1
    outer loop
      vertex -13.75 0 0
      vertex -6.02499 0 0
      vertex -13.7312 -0.719604 0
    endloop
  endfacet
  facet normal 0 0 -1
    outer loop
      vertex -6.01674 0.315323 0
      vertex -13.7312 0.719604 0
      vertex -13.6747 1.43726 0
    endloop
  endfacet
  facet normal 0 0 -1
    outer loop
      vertex -6.02499 0 0
      vertex -13.75 0 0
      vertex -13.7312 0.719604 0
    endloop
  endfacet
  facet normal 0 0 -1
    outer loop
      vertex 144.15 0 0
      vertex 151.875 0 0
      vertex 151.856 -0.719604 0
    endloop
  endfacet
  facet normal 0 0 -1
    outer loop
      vertex 144.142 -0.315323 0
      vertex 151.856 -0.719604 0
      vertex 151.8 -1.43726 0
    endloop
  endfacet
  facet normal 0 0 -1
    outer loop
      vertex 151.875 0 0
      vertex 144.15 0 0
      vertex 151.856 0.719604 0
    endloop
  endfacet
  facet normal 0 0 -1
    outer loop
      vertex 144.117 -0.629776 0
      vertex 151.8 -1.43726 0
      vertex 151.706 -2.15097 0
    endloop
  endfacet
  facet normal 0 0 -1
    outer loop
      vertex 144.142 0.315323 0
      vertex 151.856 0.719604 0
      vertex 144.15 0 0
    endloop
  endfacet
  facet normal 0 0 -1
    outer loop
      vertex 144.076 -0.942505 0
      vertex 151.706 -2.15097 0
      vertex 151.575 -2.85878 0
    endloop
  endfacet
  facet normal -0 0 -1
    outer loop
      vertex 151.856 0.719604 0
      vertex 144.142 0.315323 0
      vertex 151.8 1.43726 0
    endloop
  endfacet
  facet normal 0 0 -1
    outer loop
      vertex 144.018 -1.25266 0
      vertex 151.575 -2.85878 0
      vertex 151.406 -3.55876 0
    endloop
  endfacet
  facet normal 0 0 -1
    outer loop
      vertex 144.117 0.629776 0
      vertex 151.8 1.43726 0
      vertex 144.142 0.315323 0
    endloop
  endfacet
  facet normal 0 0 -1
    outer loop
      vertex 143.945 -1.55937 0
      vertex 151.406 -3.55876 0
      vertex 151.202 -4.24898 0
    endloop
  endfacet
  facet normal -0 0 -1
    outer loop
      vertex 151.8 1.43726 0
      vertex 144.117 0.629776 0
      vertex 151.706 2.15097 0
    endloop
  endfacet
  facet normal 0 0 -1
    outer loop
      vertex 143.855 -1.86182 0
      vertex 151.202 -4.24898 0
      vertex 150.962 -4.92755 0
    endloop
  endfacet
  facet normal 0 0 -1
    outer loop
      vertex 144.076 0.942505 0
      vertex 151.706 2.15097 0
      vertex 144.117 0.629776 0
    endloop
  endfacet
  facet normal 0 0 -1
    outer loop
      vertex 143.75 -2.15916 0
      vertex 150.962 -4.92755 0
      vertex 150.686 -5.59262 0
    endloop
  endfacet
  facet normal -0 0 -1
    outer loop
      vertex 151.706 2.15097 0
      vertex 144.076 0.942505 0
      vertex 151.575 2.85878 0
    endloop
  endfacet
  facet normal 0 0 -1
    outer loop
      vertex 143.629 -2.45058 0
      vertex 150.686 -5.59262 0
      vertex 150.376 -6.24236 0
    endloop
  endfacet
  facet normal 0 0 -1
    outer loop
      vertex 144.018 1.25266 0
      vertex 151.575 2.85878 0
      vertex 144.076 0.942505 0
    endloop
  endfacet
  facet normal 0 0 -1
    outer loop
      vertex 143.493 -2.73529 0
      vertex 150.376 -6.24236 0
      vertex 150.033 -6.87498 0
    endloop
  endfacet
  facet normal -0 0 -1
    outer loop
      vertex 151.575 2.85878 0
      vertex 144.018 1.25266 0
      vertex 151.406 3.55876 0
    endloop
  endfacet
  facet normal 0 0 -1
    outer loop
      vertex 143.343 -3.0125 0
      vertex 150.033 -6.87498 0
      vertex 149.657 -7.48878 0
    endloop
  endfacet
  facet normal 0 0 -1
    outer loop
      vertex 143.945 1.55937 0
      vertex 151.406 3.55876 0
      vertex 144.018 1.25266 0
    endloop
  endfacet
  facet normal 0 0 -1
    outer loop
      vertex 143.178 -3.28145 0
      vertex 149.657 -7.48878 0
      vertex 149.249 -8.08205 0
    endloop
  endfacet
  facet normal -0 0 -1
    outer loop
      vertex 151.406 3.55876 0
      vertex 143.945 1.55937 0
      vertex 151.202 4.24898 0
    endloop
  endfacet
  facet normal 0 0 -1
    outer loop
      vertex 142.999 -3.5414 0
      vertex 149.249 -8.08205 0
      vertex 148.811 -8.65315 0
    endloop
  endfacet
  facet normal 0 0 -1
    outer loop
      vertex 143.855 1.86182 0
      vertex 151.202 4.24898 0
      vertex 143.945 1.55937 0
    endloop
  endfacet
  facet normal 0 0 -1
    outer loop
      vertex 142.661 -3.96249 0
      vertex 148.811 -8.65315 0
      vertex 148.343 -9.20053 0
    endloop
  endfacet
  facet normal -0 0 -1
    outer loop
      vertex 151.202 4.24898 0
      vertex 143.855 1.86182 0
      vertex 150.962 4.92755 0
    endloop
  endfacet
  facet normal 0 0 -1
    outer loop
      vertex 142.661 -3.96249 0
      vertex 148.343 -9.20053 0
      vertex 147.848 -9.72272 0
    endloop
  endfacet
  facet normal 0 0 -1
    outer loop
      vertex 143.75 2.15916 0
      vertex 150.962 4.92755 0
      vertex 143.855 1.86182 0
    endloop
  endfacet
  facet normal 0 0 -1
    outer loop
      vertex 142.661 -3.96249 0
      vertex 147.848 -9.72272 0
      vertex 147.326 -10.2182 0
    endloop
  endfacet
  facet normal -0 0 -1
    outer loop
      vertex 150.962 4.92755 0
      vertex 143.75 2.15916 0
      vertex 150.686 5.59262 0
    endloop
  endfacet
  facet normal 0 0 -1
    outer loop
      vertex 142.661 -3.96249 0
      vertex 147.326 -10.2182 0
      vertex 146.778 -10.6857 0
    endloop
  endfacet
  facet normal 0 0 -1
    outer loop
      vertex 143.629 2.45058 0
      vertex 150.686 5.59262 0
      vertex 143.75 2.15916 0
    endloop
  endfacet
  facet normal 0 0 -1
    outer loop
      vertex 142.661 -3.96249 0
      vertex 146.778 -10.6857 0
      vertex 146.207 -11.124 0
    endloop
  endfacet
  facet normal -0 0 -1
    outer loop
      vertex 150.686 5.59262 0
      vertex 143.629 2.45058 0
      vertex 150.376 6.24236 0
    endloop
  endfacet
  facet normal 0 0 -1
    outer loop
      vertex 142.661 -3.96249 0
      vertex 146.207 -11.124 0
      vertex 145.614 -11.5317 0
    endloop
  endfacet
  facet normal 0 0 -1
    outer loop
      vertex 143.493 2.73529 0
      vertex 150.376 6.24236 0
      vertex 143.629 2.45058 0
    endloop
  endfacet
  facet normal 0 0 -1
    outer loop
      vertex 142.661 -3.96249 0
      vertex 145.614 -11.5317 0
      vertex 145 -11.9078 0
    endloop
  endfacet
  facet normal -0 0 -1
    outer loop
      vertex 150.376 6.24236 0
      vertex 143.493 2.73529 0
      vertex 150.033 6.87498 0
    endloop
  endfacet
  facet normal 0 0 -1
    outer loop
      vertex 142.661 -3.96249 0
      vertex 145 -11.9078 0
      vertex 144.367 -12.2513 0
    endloop
  endfacet
  facet normal 0 0 -1
    outer loop
      vertex 143.343 3.0125 0
      vertex 150.033 6.87498 0
      vertex 143.493 2.73529 0
    endloop
  endfacet
  facet normal -0 0 -1
    outer loop
      vertex 150.033 6.87498 0
      vertex 143.343 3.0125 0
      vertex 149.657 7.48878 0
    endloop
  endfacet
  facet normal 0 0 -1
    outer loop
      vertex 151.856 -0.719604 0
      vertex 144.142 -0.315323 0
      vertex 144.15 0 0
    endloop
  endfacet
  facet normal 0 0 -1
    outer loop
      vertex 151.8 -1.43726 0
      vertex 144.117 -0.629776 0
      vertex 144.142 -0.315323 0
    endloop
  endfacet
  facet normal 0 0 -1
    outer loop
      vertex 151.706 -2.15097 0
      vertex 144.076 -0.942505 0
      vertex 144.117 -0.629776 0
    endloop
  endfacet
  facet normal 0 0 -1
    outer loop
      vertex 151.575 -2.85878 0
      vertex 144.018 -1.25266 0
      vertex 144.076 -0.942505 0
    endloop
  endfacet
  facet normal 0 0 -1
    outer loop
      vertex 151.406 -3.55876 0
      vertex 143.945 -1.55937 0
      vertex 144.018 -1.25266 0
    endloop
  endfacet
  facet normal 0 0 -1
    outer loop
      vertex 151.202 -4.24898 0
      vertex 143.855 -1.86182 0
      vertex 143.945 -1.55937 0
    endloop
  endfacet
  facet normal 0 0 -1
    outer loop
      vertex 150.962 -4.92755 0
      vertex 143.75 -2.15916 0
      vertex 143.855 -1.86182 0
    endloop
  endfacet
  facet normal 0 0 -1
    outer loop
      vertex 142.661 -3.96249 0
      vertex 144.367 -12.2513 0
      vertex 143.718 -12.5612 0
    endloop
  endfacet
  facet normal 0 0 -1
    outer loop
      vertex 150.686 -5.59262 0
      vertex 143.629 -2.45058 0
      vertex 143.75 -2.15916 0
    endloop
  endfacet
  facet normal 0 0 -1
    outer loop
      vertex 150.376 -6.24236 0
      vertex 143.493 -2.73529 0
      vertex 143.629 -2.45058 0
    endloop
  endfacet
  facet normal 0 0 -1
    outer loop
      vertex 150.033 -6.87498 0
      vertex 143.343 -3.0125 0
      vertex 143.493 -2.73529 0
    endloop
  endfacet
  facet normal 0 0 -1
    outer loop
      vertex 149.657 -7.48878 0
      vertex 143.178 -3.28145 0
      vertex 143.343 -3.0125 0
    endloop
  endfacet
  facet normal 0 0 -1
    outer loop
      vertex 142.661 -3.96249 0
      vertex 143.718 -12.5612 0
      vertex 143.053 -12.8367 0
    endloop
  endfacet
  facet normal 0 0 -1
    outer loop
      vertex 149.249 -8.08205 0
      vertex 142.999 -3.5414 0
      vertex 143.178 -3.28145 0
    endloop
  endfacet
  facet normal 0 0 -1
    outer loop
      vertex 148.811 -8.65315 0
      vertex 142.807 -3.79164 0
      vertex 142.999 -3.5414 0
    endloop
  endfacet
  facet normal 0 0 -1
    outer loop
      vertex 148.811 -8.65315 0
      vertex 142.661 -3.96249 0
      vertex 142.807 -3.79164 0
    endloop
  endfacet
  facet normal 0 0 -1
    outer loop
      vertex 142.374 -13.077 0
      vertex 142.661 -3.96249 0
      vertex 143.053 -12.8367 0
    endloop
  endfacet
  facet normal 0 0 -1
    outer loop
      vertex 141.684 -13.2815 0
      vertex 142.661 -3.96249 0
      vertex 142.374 -13.077 0
    endloop
  endfacet
  facet normal 0 0 -1
    outer loop
      vertex 140.984 -13.4495 0
      vertex 142.661 -3.96249 0
      vertex 141.684 -13.2815 0
    endloop
  endfacet
  facet normal 0 0 -1
    outer loop
      vertex 140.276 -13.5807 0
      vertex 142.661 -3.96249 0
      vertex 140.984 -13.4495 0
    endloop
  endfacet
  facet normal 0 0 -1
    outer loop
      vertex 139.562 -13.6747 0
      vertex 142.661 -3.96249 0
      vertex 140.276 -13.5807 0
    endloop
  endfacet
  facet normal 0 0 -1
    outer loop
      vertex 138.845 -13.7312 0
      vertex 142.661 -3.96249 0
      vertex 139.562 -13.6747 0
    endloop
  endfacet
  facet normal 0 0 -1
    outer loop
      vertex 138.125 -13.75 0
      vertex 142.661 -3.96249 0
      vertex 138.845 -13.7312 0
    endloop
  endfacet
  facet normal 0 0 -1
    outer loop
      vertex 133.589 -3.96249 0
      vertex 138.125 -13.75 0
      vertex 137.405 -13.7312 0
    endloop
  endfacet
  facet normal 0 0 -1
    outer loop
      vertex 133.589 -3.96249 0
      vertex 137.405 -13.7312 0
      vertex 136.688 -13.6747 0
    endloop
  endfacet
  facet normal 0 0 -1
    outer loop
      vertex 133.589 -3.96249 0
      vertex 136.688 -13.6747 0
      vertex 135.974 -13.5807 0
    endloop
  endfacet
  facet normal 0 0 -1
    outer loop
      vertex 133.589 -3.96249 0
      vertex 135.974 -13.5807 0
      vertex 135.266 -13.4495 0
    endloop
  endfacet
  facet normal 0 0 -1
    outer loop
      vertex 133.589 -3.96249 0
      vertex 135.266 -13.4495 0
      vertex 134.566 -13.2815 0
    endloop
  endfacet
  facet normal 0 0 -1
    outer loop
      vertex 133.589 -3.96249 0
      vertex 134.566 -13.2815 0
      vertex 133.876 -13.077 0
    endloop
  endfacet
  facet normal 0 0 -1
    outer loop
      vertex 138.125 -13.75 0
      vertex 133.589 -3.96249 0
      vertex 142.661 -3.96249 0
    endloop
  endfacet
  facet normal 0 0 -1
    outer loop
      vertex 133.197 -12.8367 0
      vertex 133.589 -3.96249 0
      vertex 133.876 -13.077 0
    endloop
  endfacet
  facet normal 0 0 -1
    outer loop
      vertex 132.532 -12.5612 0
      vertex 133.589 -3.96249 0
      vertex 133.197 -12.8367 0
    endloop
  endfacet
  facet normal 0 0 -1
    outer loop
      vertex 131.883 -12.2513 0
      vertex 133.589 -3.96249 0
      vertex 132.532 -12.5612 0
    endloop
  endfacet
  facet normal 0 0 -1
    outer loop
      vertex 131.25 -11.9078 0
      vertex 133.589 -3.96249 0
      vertex 131.883 -12.2513 0
    endloop
  endfacet
  facet normal 0 0 -1
    outer loop
      vertex 130.636 -11.5317 0
      vertex 133.589 -3.96249 0
      vertex 131.25 -11.9078 0
    endloop
  endfacet
  facet normal 0 0 -1
    outer loop
      vertex 130.043 -11.124 0
      vertex 133.589 -3.96249 0
      vertex 130.636 -11.5317 0
    endloop
  endfacet
  facet normal 0 0 -1
    outer loop
      vertex 129.472 -10.6857 0
      vertex 133.589 -3.96249 0
      vertex 130.043 -11.124 0
    endloop
  endfacet
  facet normal 0 0 -1
    outer loop
      vertex 128.924 -10.2182 0
      vertex 133.589 -3.96249 0
      vertex 129.472 -10.6857 0
    endloop
  endfacet
  facet normal 0 0 -1
    outer loop
      vertex 128.402 -9.72272 0
      vertex 133.589 -3.96249 0
      vertex 128.924 -10.2182 0
    endloop
  endfacet
  facet normal 0 0 -1
    outer loop
      vertex 127.907 -9.20053 0
      vertex 133.589 -3.96249 0
      vertex 128.402 -9.72272 0
    endloop
  endfacet
  facet normal 0 0 -1
    outer loop
      vertex 127.439 -8.65315 0
      vertex 133.589 -3.96249 0
      vertex 127.907 -9.20053 0
    endloop
  endfacet
  facet normal -0 0 -1
    outer loop
      vertex 133.589 -3.96249 0
      vertex 127.439 -8.65315 0
      vertex 133.443 -3.79164 0
    endloop
  endfacet
  facet normal -0 0 -1
    outer loop
      vertex 133.443 -3.79164 0
      vertex 127.439 -8.65315 0
      vertex 133.251 -3.5414 0
    endloop
  endfacet
  facet normal 0 0 -1
    outer loop
      vertex 127.001 -8.08205 0
      vertex 133.251 -3.5414 0
      vertex 127.439 -8.65315 0
    endloop
  endfacet
  facet normal 0 0 -1
    outer loop
      vertex 126.835 -7.84071 0
      vertex 133.251 -3.5414 0
      vertex 127.001 -8.08205 0
    endloop
  endfacet
  facet normal 0 0 -1
    outer loop
      vertex 126.719 -7.68994 0
      vertex 133.072 -3.28145 0
      vertex 126.835 -7.84071 0
    endloop
  endfacet
  facet normal -0 0 -1
    outer loop
      vertex 133.251 -3.5414 0
      vertex 126.835 -7.84071 0
      vertex 133.072 -3.28145 0
    endloop
  endfacet
  facet normal 0 0 -1
    outer loop
      vertex 143.178 3.28145 0
      vertex 149.657 7.48878 0
      vertex 143.343 3.0125 0
    endloop
  endfacet
  facet normal -0 0 -1
    outer loop
      vertex 149.657 7.48878 0
      vertex 143.178 3.28145 0
      vertex 149.249 8.08205 0
    endloop
  endfacet
  facet normal 0 0 -1
    outer loop
      vertex 142.999 3.5414 0
      vertex 149.249 8.08205 0
      vertex 143.178 3.28145 0
    endloop
  endfacet
  facet normal -0 0 -1
    outer loop
      vertex 149.249 8.08205 0
      vertex 142.999 3.5414 0
      vertex 148.811 8.65315 0
    endloop
  endfacet
  facet normal 0 0 -1
    outer loop
      vertex 142.807 3.79164 0
      vertex 148.811 8.65315 0
      vertex 142.999 3.5414 0
    endloop
  endfacet
  facet normal 0 0 -1
    outer loop
      vertex 142.661 3.96249 0
      vertex 148.811 8.65315 0
      vertex 142.807 3.79164 0
    endloop
  endfacet
  facet normal -0 0 -1
    outer loop
      vertex 148.811 8.65315 0
      vertex 142.661 3.96249 0
      vertex 148.343 9.20053 0
    endloop
  endfacet
  facet normal -0 0 -1
    outer loop
      vertex 148.343 9.20053 0
      vertex 142.661 3.96249 0
      vertex 147.848 9.72272 0
    endloop
  endfacet
  facet normal -0 0 -1
    outer loop
      vertex 147.848 9.72272 0
      vertex 142.661 3.96249 0
      vertex 147.326 10.2182 0
    endloop
  endfacet
  facet normal -0 0 -1
    outer loop
      vertex 147.326 10.2182 0
      vertex 142.661 3.96249 0
      vertex 146.778 10.6857 0
    endloop
  endfacet
  facet normal -0 0 -1
    outer loop
      vertex 146.778 10.6857 0
      vertex 142.661 3.96249 0
      vertex 146.207 11.124 0
    endloop
  endfacet
  facet normal -0 0 -1
    outer loop
      vertex 146.207 11.124 0
      vertex 142.661 3.96249 0
      vertex 145.614 11.5317 0
    endloop
  endfacet
  facet normal -0 0 -1
    outer loop
      vertex 145.614 11.5317 0
      vertex 142.661 3.96249 0
      vertex 145 11.9078 0
    endloop
  endfacet
  facet normal -0 0 -1
    outer loop
      vertex 145 11.9078 0
      vertex 142.661 3.96249 0
      vertex 144.367 12.2513 0
    endloop
  endfacet
  facet normal -0 0 -1
    outer loop
      vertex 144.367 12.2513 0
      vertex 142.661 3.96249 0
      vertex 143.718 12.5612 0
    endloop
  endfacet
  facet normal -0 0 -1
    outer loop
      vertex 143.718 12.5612 0
      vertex 142.661 3.96249 0
      vertex 143.053 12.8367 0
    endloop
  endfacet
  facet normal 0 0 -1
    outer loop
      vertex 142.661 3.96249 0
      vertex 142.374 13.077 0
      vertex 143.053 12.8367 0
    endloop
  endfacet
  facet normal 0 0 -1
    outer loop
      vertex 142.661 3.96249 0
      vertex 141.684 13.2815 0
      vertex 142.374 13.077 0
    endloop
  endfacet
  facet normal 0 0 -1
    outer loop
      vertex 142.661 3.96249 0
      vertex 140.984 13.4495 0
      vertex 141.684 13.2815 0
    endloop
  endfacet
  facet normal 0 0 -1
    outer loop
      vertex 142.661 3.96249 0
      vertex 140.276 13.5807 0
      vertex 140.984 13.4495 0
    endloop
  endfacet
  facet normal 0 0 -1
    outer loop
      vertex 142.661 3.96249 0
      vertex 139.562 13.6747 0
      vertex 140.276 13.5807 0
    endloop
  endfacet
  facet normal 0 0 -1
    outer loop
      vertex 142.661 3.96249 0
      vertex 138.845 13.7312 0
      vertex 139.562 13.6747 0
    endloop
  endfacet
  facet normal 0 0 -1
    outer loop
      vertex 142.661 3.96249 0
      vertex 138.125 13.75 0
      vertex 138.845 13.7312 0
    endloop
  endfacet
  facet normal 0 0 -1
    outer loop
      vertex 133.589 3.96249 0
      vertex 138.125 13.75 0
      vertex 142.661 3.96249 0
    endloop
  endfacet
  facet normal 0 0 -1
    outer loop
      vertex 138.125 13.75 0
      vertex 133.589 3.96249 0
      vertex 137.405 13.7312 0
    endloop
  endfacet
  facet normal 0 0 -1
    outer loop
      vertex 137.405 13.7312 0
      vertex 133.589 3.96249 0
      vertex 136.688 13.6747 0
    endloop
  endfacet
  facet normal 0 0 -1
    outer loop
      vertex 136.688 13.6747 0
      vertex 133.589 3.96249 0
      vertex 135.974 13.5807 0
    endloop
  endfacet
  facet normal 0 0 -1
    outer loop
      vertex 135.974 13.5807 0
      vertex 133.589 3.96249 0
      vertex 135.266 13.4495 0
    endloop
  endfacet
  facet normal 0 0 -1
    outer loop
      vertex 135.266 13.4495 0
      vertex 133.589 3.96249 0
      vertex 134.566 13.2815 0
    endloop
  endfacet
  facet normal 0 0 -1
    outer loop
      vertex 134.566 13.2815 0
      vertex 133.589 3.96249 0
      vertex 133.876 13.077 0
    endloop
  endfacet
  facet normal 0 0 -1
    outer loop
      vertex 127.439 8.65315 0
      vertex 133.589 3.96249 0
      vertex 133.443 3.79164 0
    endloop
  endfacet
  facet normal 0 0 -1
    outer loop
      vertex 127.439 8.65315 0
      vertex 133.443 3.79164 0
      vertex 133.251 3.5414 0
    endloop
  endfacet
  facet normal 0 0 -1
    outer loop
      vertex 133.589 3.96249 0
      vertex 133.197 12.8367 0
      vertex 133.876 13.077 0
    endloop
  endfacet
  facet normal 0 0 -1
    outer loop
      vertex 126.835 7.84071 0
      vertex 133.251 3.5414 0
      vertex 133.072 3.28145 0
    endloop
  endfacet
  facet normal 0 0 -1
    outer loop
      vertex 126.719 7.68994 0
      vertex 133.072 3.28145 0
      vertex 132.907 3.0125 0
    endloop
  endfacet
  facet normal 0 0 -1
    outer loop
      vertex 126.374 7.29657 0
      vertex 132.907 3.0125 0
      vertex 132.757 2.73529 0
    endloop
  endfacet
  facet normal 0 0 -1
    outer loop
      vertex 126.374 7.29657 0
      vertex 132.757 2.73529 0
      vertex 132.621 2.45058 0
    endloop
  endfacet
  facet normal 0 0 -1
    outer loop
      vertex 133.589 3.96249 0
      vertex 132.532 12.5612 0
      vertex 133.197 12.8367 0
    endloop
  endfacet
  facet normal 0 0 -1
    outer loop
      vertex 125.981 6.95158 0
      vertex 132.621 2.45058 0
      vertex 132.5 2.15916 0
    endloop
  endfacet
  facet normal 0 0 -1
    outer loop
      vertex 125.981 6.95158 0
      vertex 132.5 2.15916 0
      vertex 132.395 1.86182 0
    endloop
  endfacet
  facet normal 0 0 -1
    outer loop
      vertex 125.546 6.66089 0
      vertex 132.395 1.86182 0
      vertex 132.305 1.55937 0
    endloop
  endfacet
  facet normal 0 0 -1
    outer loop
      vertex 125.546 6.66089 0
      vertex 132.305 1.55937 0
      vertex 132.232 1.25266 0
    endloop
  endfacet
  facet normal 0 0 -1
    outer loop
      vertex 125.077 6.42947 0
      vertex 132.232 1.25266 0
      vertex 132.174 0.942505 0
    endloop
  endfacet
  facet normal 0 0 -1
    outer loop
      vertex 125.077 6.42947 0
      vertex 132.174 0.942505 0
      vertex 132.133 0.629776 0
    endloop
  endfacet
  facet normal 0 0 -1
    outer loop
      vertex 124.581 6.26129 0
      vertex 132.133 0.629776 0
      vertex 132.108 0.315323 0
    endloop
  endfacet
  facet normal 0 0 -1
    outer loop
      vertex 133.589 3.96249 0
      vertex 131.883 12.2513 0
      vertex 132.532 12.5612 0
    endloop
  endfacet
  facet normal 0 0 -1
    outer loop
      vertex 124.581 6.26129 0
      vertex 132.108 0.315323 0
      vertex 132.1 0 0
    endloop
  endfacet
  facet normal -0 0 -1
    outer loop
      vertex 133.072 -3.28145 0
      vertex 126.719 -7.68994 0
      vertex 132.907 -3.0125 0
    endloop
  endfacet
  facet normal 0 0 -1
    outer loop
      vertex 133.589 3.96249 0
      vertex 131.25 11.9078 0
      vertex 131.883 12.2513 0
    endloop
  endfacet
  facet normal 0 0 -1
    outer loop
      vertex 126.374 -7.29657 0
      vertex 132.907 -3.0125 0
      vertex 126.719 -7.68994 0
    endloop
  endfacet
  facet normal -0 0 -1
    outer loop
      vertex 132.907 -3.0125 0
      vertex 126.374 -7.29657 0
      vertex 132.757 -2.73529 0
    endloop
  endfacet
  facet normal 0 0 -1
    outer loop
      vertex 133.589 3.96249 0
      vertex 130.636 11.5317 0
      vertex 131.25 11.9078 0
    endloop
  endfacet
  facet normal -0 0 -1
    outer loop
      vertex 132.757 -2.73529 0
      vertex 126.374 -7.29657 0
      vertex 132.621 -2.45058 0
    endloop
  endfacet
  facet normal 0 0 -1
    outer loop
      vertex 133.589 3.96249 0
      vertex 130.043 11.124 0
      vertex 130.636 11.5317 0
    endloop
  endfacet
  facet normal 0 0 -1
    outer loop
      vertex 125.981 -6.95158 0
      vertex 132.621 -2.45058 0
      vertex 126.374 -7.29657 0
    endloop
  endfacet
  facet normal 0 0 -1
    outer loop
      vertex 133.589 3.96249 0
      vertex 129.472 10.6857 0
      vertex 130.043 11.124 0
    endloop
  endfacet
  facet normal -0 0 -1
    outer loop
      vertex 132.621 -2.45058 0
      vertex 125.981 -6.95158 0
      vertex 132.5 -2.15916 0
    endloop
  endfacet
  facet normal 0 0 -1
    outer loop
      vertex 133.589 3.96249 0
      vertex 128.924 10.2182 0
      vertex 129.472 10.6857 0
    endloop
  endfacet
  facet normal -0 0 -1
    outer loop
      vertex 132.5 -2.15916 0
      vertex 125.981 -6.95158 0
      vertex 132.395 -1.86182 0
    endloop
  endfacet
  facet normal 0 0 -1
    outer loop
      vertex 133.589 3.96249 0
      vertex 128.402 9.72272 0
      vertex 128.924 10.2182 0
    endloop
  endfacet
  facet normal 0 0 -1
    outer loop
      vertex 125.546 -6.66089 0
      vertex 132.395 -1.86182 0
      vertex 125.981 -6.95158 0
    endloop
  endfacet
  facet normal 0 0 -1
    outer loop
      vertex 133.589 3.96249 0
      vertex 127.907 9.20053 0
      vertex 128.402 9.72272 0
    endloop
  endfacet
  facet normal -0 0 -1
    outer loop
      vertex 132.395 -1.86182 0
      vertex 125.546 -6.66089 0
      vertex 132.305 -1.55937 0
    endloop
  endfacet
  facet normal 0 0 -1
    outer loop
      vertex 133.589 3.96249 0
      vertex 127.439 8.65315 0
      vertex 127.907 9.20053 0
    endloop
  endfacet
  facet normal -0 0 -1
    outer loop
      vertex 132.305 -1.55937 0
      vertex 125.546 -6.66089 0
      vertex 132.232 -1.25266 0
    endloop
  endfacet
  facet normal 0 0 -1
    outer loop
      vertex 125.077 -6.42947 0
      vertex 132.232 -1.25266 0
      vertex 125.546 -6.66089 0
    endloop
  endfacet
  facet normal 0 0 -1
    outer loop
      vertex 133.251 3.5414 0
      vertex 126.835 7.84071 0
      vertex 127.001 8.08205 0
    endloop
  endfacet
  facet normal 0 0 -1
    outer loop
      vertex 133.251 3.5414 0
      vertex 127.001 8.08205 0
      vertex 127.439 8.65315 0
    endloop
  endfacet
  facet normal 0 0 -1
    outer loop
      vertex 133.072 3.28145 0
      vertex 126.719 7.68994 0
      vertex 126.835 7.84071 0
    endloop
  endfacet
  facet normal 0 0 -1
    outer loop
      vertex 126.719 -7.68994 0
      vertex 126.835 -7.84071 0
      vertex 126.825 -7.84782 0
    endloop
  endfacet
  facet normal -0 0 -1
    outer loop
      vertex 132.232 -1.25266 0
      vertex 125.077 -6.42947 0
      vertex 132.174 -0.942505 0
    endloop
  endfacet
  facet normal -0 0 -1
    outer loop
      vertex 126.835 7.84071 0
      vertex 126.719 7.68994 0
      vertex 126.825 7.84782 0
    endloop
  endfacet
  facet normal -0 0 -1
    outer loop
      vertex 132.174 -0.942505 0
      vertex 125.077 -6.42947 0
      vertex 132.133 -0.629776 0
    endloop
  endfacet
  facet normal 0 0 -1
    outer loop
      vertex 132.907 3.0125 0
      vertex 126.374 7.29657 0
      vertex 126.719 7.68994 0
    endloop
  endfacet
  facet normal 0 0 -1
    outer loop
      vertex 124.581 -6.26129 0
      vertex 132.133 -0.629776 0
      vertex 125.077 -6.42947 0
    endloop
  endfacet
  facet normal 0 0 -1
    outer loop
      vertex 132.621 2.45058 0
      vertex 125.981 6.95158 0
      vertex 126.374 7.29657 0
    endloop
  endfacet
  facet normal -0 0 -1
    outer loop
      vertex 132.133 -0.629776 0
      vertex 124.581 -6.26129 0
      vertex 132.108 -0.315323 0
    endloop
  endfacet
  facet normal 0 0 -1
    outer loop
      vertex 132.395 1.86182 0
      vertex 125.546 6.66089 0
      vertex 125.981 6.95158 0
    endloop
  endfacet
  facet normal -0 0 -1
    outer loop
      vertex 132.108 -0.315323 0
      vertex 124.581 -6.26129 0
      vertex 132.1 0 0
    endloop
  endfacet
  facet normal 0 0 -1
    outer loop
      vertex 132.232 1.25266 0
      vertex 125.077 6.42947 0
      vertex 125.546 6.66089 0
    endloop
  endfacet
  facet normal 0 0 -1
    outer loop
      vertex 124.581 6.26129 0
      vertex 132.1 0 0
      vertex 124.581 -6.26129 0
    endloop
  endfacet
  facet normal 0 0 -1
    outer loop
      vertex 132.133 0.629776 0
      vertex 124.581 6.26129 0
      vertex 125.077 6.42947 0
    endloop
  endfacet
  facet normal 0 0 -1
    outer loop
      vertex 124.068 -6.15921 0
      vertex 124.581 6.26129 0
      vertex 124.581 -6.26129 0
    endloop
  endfacet
  facet normal 0 0 -1
    outer loop
      vertex 124.068 -6.15921 0
      vertex 124.068 6.15921 0
      vertex 124.581 6.26129 0
    endloop
  endfacet
  facet normal 0 0 -1
    outer loop
      vertex 123.546 -6.125 0
      vertex 124.068 6.15921 0
      vertex 124.068 -6.15921 0
    endloop
  endfacet
  facet normal 0 0 -1
    outer loop
      vertex 123.546 -6.125 0
      vertex 123.546 6.125 0
      vertex 124.068 6.15921 0
    endloop
  endfacet
  facet normal 0 0 -1
    outer loop
      vertex 14.579 -6.125 0
      vertex 123.546 6.125 0
      vertex 123.546 -6.125 0
    endloop
  endfacet
  facet normal 0 0 -1
    outer loop
      vertex 14.579 -6.125 0
      vertex 14.579 6.125 0
      vertex 123.546 6.125 0
    endloop
  endfacet
  facet normal 0 0 -1
    outer loop
      vertex 14.0569 -6.15921 0
      vertex 14.579 6.125 0
      vertex 14.579 -6.125 0
    endloop
  endfacet
  facet normal 0 0 -1
    outer loop
      vertex 14.0569 -6.15921 0
      vertex 14.0569 6.15921 0
      vertex 14.579 6.125 0
    endloop
  endfacet
  facet normal 0 0 -1
    outer loop
      vertex 13.5437 -6.26129 0
      vertex 14.0569 6.15921 0
      vertex 14.0569 -6.15921 0
    endloop
  endfacet
  facet normal 0 0 -1
    outer loop
      vertex 13.5437 -6.26129 0
      vertex 13.5437 6.26129 0
      vertex 14.0569 6.15921 0
    endloop
  endfacet
  facet normal 0 0 -1
    outer loop
      vertex 5.99199 -0.629776 0
      vertex 13.5437 -6.26129 0
      vertex 13.0482 -6.42947 0
    endloop
  endfacet
  facet normal 0 0 -1
    outer loop
      vertex 13.5437 -6.26129 0
      vertex 6.02499 0 0
      vertex 13.5437 6.26129 0
    endloop
  endfacet
  facet normal 0 0 -1
    outer loop
      vertex 5.89333 -1.25266 0
      vertex 13.0482 -6.42947 0
      vertex 12.579 -6.66089 0
    endloop
  endfacet
  facet normal 0 0 -1
    outer loop
      vertex 6.01674 0.315323 0
      vertex 13.5437 6.26129 0
      vertex 6.02499 0 0
    endloop
  endfacet
  facet normal 0 0 -1
    outer loop
      vertex 5.7301 -1.86182 0
      vertex 12.579 -6.66089 0
      vertex 12.1439 -6.95158 0
    endloop
  endfacet
  facet normal 0 0 -1
    outer loop
      vertex 5.99199 0.629776 0
      vertex 13.5437 6.26129 0
      vertex 6.01674 0.315323 0
    endloop
  endfacet
  facet normal 0 0 -1
    outer loop
      vertex 5.5041 -2.45058 0
      vertex 12.1439 -6.95158 0
      vertex 11.7505 -7.29657 0
    endloop
  endfacet
  facet normal -0 0 -1
    outer loop
      vertex 13.5437 6.26129 0
      vertex 5.99199 0.629776 0
      vertex 13.0482 6.42947 0
    endloop
  endfacet
  facet normal 0 0 -1
    outer loop
      vertex 5.21779 -3.0125 0
      vertex 11.7505 -7.29657 0
      vertex 11.4056 -7.68994 0
    endloop
  endfacet
  facet normal 0 0 -1
    outer loop
      vertex 5.95082 0.942505 0
      vertex 13.0482 6.42947 0
      vertex 5.99199 0.629776 0
    endloop
  endfacet
  facet normal 0 0 -1
    outer loop
      vertex 11.2898 -7.84071 0
      vertex 11.4056 -7.68994 0
      vertex 11.3001 -7.84782 0
    endloop
  endfacet
  facet normal 0 0 -1
    outer loop
      vertex 5.05298 -3.28145 0
      vertex 11.4056 -7.68994 0
      vertex 11.2898 -7.84071 0
    endloop
  endfacet
  facet normal 0 0 -1
    outer loop
      vertex 5.89333 1.25266 0
      vertex 13.0482 6.42947 0
      vertex 5.95082 0.942505 0
    endloop
  endfacet
  facet normal 0 0 -1
    outer loop
      vertex 11.4056 7.68994 0
      vertex 11.2898 7.84071 0
      vertex 11.3001 7.84782 0
    endloop
  endfacet
  facet normal 0 0 -1
    outer loop
      vertex 4.87431 -3.5414 0
      vertex 11.2898 -7.84071 0
      vertex 11.124 -8.08205 0
    endloop
  endfacet
  facet normal -0 0 -1
    outer loop
      vertex 13.0482 6.42947 0
      vertex 5.89333 1.25266 0
      vertex 12.579 6.66089 0
    endloop
  endfacet
  facet normal 0 0 -1
    outer loop
      vertex 4.87431 -3.5414 0
      vertex 11.124 -8.08205 0
      vertex 10.6857 -8.65315 0
    endloop
  endfacet
  facet normal 0 0 -1
    outer loop
      vertex 5.8197 1.55937 0
      vertex 12.579 6.66089 0
      vertex 5.89333 1.25266 0
    endloop
  endfacet
  facet normal 0 0 -1
    outer loop
      vertex 4.53639 -3.96249 0
      vertex 10.6857 -8.65315 0
      vertex 10.2182 -9.20053 0
    endloop
  endfacet
  facet normal 0 0 -1
    outer loop
      vertex 5.7301 1.86182 0
      vertex 12.579 6.66089 0
      vertex 5.8197 1.55937 0
    endloop
  endfacet
  facet normal 0 0 -1
    outer loop
      vertex 4.53639 -3.96249 0
      vertex 10.2182 -9.20053 0
      vertex 9.72272 -9.72272 0
    endloop
  endfacet
  facet normal -0 0 -1
    outer loop
      vertex 12.579 6.66089 0
      vertex 5.7301 1.86182 0
      vertex 12.1439 6.95158 0
    endloop
  endfacet
  facet normal 0 0 -1
    outer loop
      vertex 4.53639 -3.96249 0
      vertex 9.72272 -9.72272 0
      vertex 9.20053 -10.2182 0
    endloop
  endfacet
  facet normal 0 0 -1
    outer loop
      vertex 5.62482 2.15916 0
      vertex 12.1439 6.95158 0
      vertex 5.7301 1.86182 0
    endloop
  endfacet
  facet normal 0 0 -1
    outer loop
      vertex 4.53639 -3.96249 0
      vertex 9.20053 -10.2182 0
      vertex 8.65315 -10.6857 0
    endloop
  endfacet
  facet normal 0 0 -1
    outer loop
      vertex 5.5041 2.45058 0
      vertex 12.1439 6.95158 0
      vertex 5.62482 2.15916 0
    endloop
  endfacet
  facet normal 0 0 -1
    outer loop
      vertex 4.53639 -3.96249 0
      vertex 8.65315 -10.6857 0
      vertex 8.08205 -11.124 0
    endloop
  endfacet
  facet normal -0 0 -1
    outer loop
      vertex 12.1439 6.95158 0
      vertex 5.5041 2.45058 0
      vertex 11.7505 7.29657 0
    endloop
  endfacet
  facet normal 0 0 -1
    outer loop
      vertex 4.53639 -3.96249 0
      vertex 8.08205 -11.124 0
      vertex 7.48878 -11.5317 0
    endloop
  endfacet
  facet normal 0 0 -1
    outer loop
      vertex 5.3683 2.73529 0
      vertex 11.7505 7.29657 0
      vertex 5.5041 2.45058 0
    endloop
  endfacet
  facet normal 0 0 -1
    outer loop
      vertex 4.53639 -3.96249 0
      vertex 7.48878 -11.5317 0
      vertex 6.875 -11.9078 0
    endloop
  endfacet
  facet normal 0 0 -1
    outer loop
      vertex 5.21779 3.0125 0
      vertex 11.7505 7.29657 0
      vertex 5.3683 2.73529 0
    endloop
  endfacet
  facet normal 0 0 -1
    outer loop
      vertex 4.53639 -3.96249 0
      vertex 6.875 -11.9078 0
      vertex 6.24236 -12.2513 0
    endloop
  endfacet
  facet normal -0 0 -1
    outer loop
      vertex 11.7505 7.29657 0
      vertex 5.21779 3.0125 0
      vertex 11.4056 7.68994 0
    endloop
  endfacet
  facet normal 0 0 -1
    outer loop
      vertex 5.05298 3.28145 0
      vertex 11.4056 7.68994 0
      vertex 5.21779 3.0125 0
    endloop
  endfacet
  facet normal 0 0 -1
    outer loop
      vertex 13.5437 -6.26129 0
      vertex 6.01674 -0.315323 0
      vertex 6.02499 0 0
    endloop
  endfacet
  facet normal 0 0 -1
    outer loop
      vertex 13.5437 -6.26129 0
      vertex 5.99199 -0.629776 0
      vertex 6.01674 -0.315323 0
    endloop
  endfacet
  facet normal 0 0 -1
    outer loop
      vertex 13.0482 -6.42947 0
      vertex 5.95082 -0.942505 0
      vertex 5.99199 -0.629776 0
    endloop
  endfacet
  facet normal 0 0 -1
    outer loop
      vertex 13.0482 -6.42947 0
      vertex 5.89333 -1.25266 0
      vertex 5.95082 -0.942505 0
    endloop
  endfacet
  facet normal 0 0 -1
    outer loop
      vertex 12.579 -6.66089 0
      vertex 5.8197 -1.55937 0
      vertex 5.89333 -1.25266 0
    endloop
  endfacet
  facet normal 0 0 -1
    outer loop
      vertex 12.579 -6.66089 0
      vertex 5.7301 -1.86182 0
      vertex 5.8197 -1.55937 0
    endloop
  endfacet
  facet normal 0 0 -1
    outer loop
      vertex 12.1439 -6.95158 0
      vertex 5.62482 -2.15916 0
      vertex 5.7301 -1.86182 0
    endloop
  endfacet
  facet normal 0 0 -1
    outer loop
      vertex 4.53639 -3.96249 0
      vertex 6.24236 -12.2513 0
      vertex 5.59262 -12.5612 0
    endloop
  endfacet
  facet normal 0 0 -1
    outer loop
      vertex 12.1439 -6.95158 0
      vertex 5.5041 -2.45058 0
      vertex 5.62482 -2.15916 0
    endloop
  endfacet
  facet normal 0 0 -1
    outer loop
      vertex 11.7505 -7.29657 0
      vertex 5.3683 -2.73529 0
      vertex 5.5041 -2.45058 0
    endloop
  endfacet
  facet normal 0 0 -1
    outer loop
      vertex 11.7505 -7.29657 0
      vertex 5.21779 -3.0125 0
      vertex 5.3683 -2.73529 0
    endloop
  endfacet
  facet normal 0 0 -1
    outer loop
      vertex 11.4056 -7.68994 0
      vertex 5.05298 -3.28145 0
      vertex 5.21779 -3.0125 0
    endloop
  endfacet
  facet normal 0 0 -1
    outer loop
      vertex 4.53639 -3.96249 0
      vertex 5.59262 -12.5612 0
      vertex 4.92755 -12.8367 0
    endloop
  endfacet
  facet normal 0 0 -1
    outer loop
      vertex 11.2898 -7.84071 0
      vertex 4.87431 -3.5414 0
      vertex 5.05298 -3.28145 0
    endloop
  endfacet
  facet normal 0 0 -1
    outer loop
      vertex 10.6857 -8.65315 0
      vertex 4.6823 -3.79164 0
      vertex 4.87431 -3.5414 0
    endloop
  endfacet
  facet normal 0 0 -1
    outer loop
      vertex 10.6857 -8.65315 0
      vertex 4.53639 -3.96249 0
      vertex 4.6823 -3.79164 0
    endloop
  endfacet
  facet normal 0 0 -1
    outer loop
      vertex 4.24898 -13.077 0
      vertex 4.53639 -3.96249 0
      vertex 4.92755 -12.8367 0
    endloop
  endfacet
  facet normal 0 0 -1
    outer loop
      vertex 3.55876 -13.2815 0
      vertex 4.53639 -3.96249 0
      vertex 4.24898 -13.077 0
    endloop
  endfacet
  facet normal 0 0 -1
    outer loop
      vertex 2.85878 -13.4495 0
      vertex 4.53639 -3.96249 0
      vertex 3.55876 -13.2815 0
    endloop
  endfacet
  facet normal 0 0 -1
    outer loop
      vertex 2.15097 -13.5807 0
      vertex 4.53639 -3.96249 0
      vertex 2.85878 -13.4495 0
    endloop
  endfacet
  facet normal 0 0 -1
    outer loop
      vertex 1.43726 -13.6747 0
      vertex 4.53639 -3.96249 0
      vertex 2.15097 -13.5807 0
    endloop
  endfacet
  facet normal 0 0 -1
    outer loop
      vertex 0.719604 -13.7312 0
      vertex 4.53639 -3.96249 0
      vertex 1.43726 -13.6747 0
    endloop
  endfacet
  facet normal 0 0 -1
    outer loop
      vertex 0 -13.75 0
      vertex 4.53639 -3.96249 0
      vertex 0.719604 -13.7312 0
    endloop
  endfacet
  facet normal 0 0 -1
    outer loop
      vertex -4.53639 -3.96249 0
      vertex 0 -13.75 0
      vertex -0.719604 -13.7312 0
    endloop
  endfacet
  facet normal 0 0 -1
    outer loop
      vertex -4.53639 -3.96249 0
      vertex -0.719604 -13.7312 0
      vertex -1.43726 -13.6747 0
    endloop
  endfacet
  facet normal 0 0 -1
    outer loop
      vertex -4.53639 -3.96249 0
      vertex -1.43726 -13.6747 0
      vertex -2.15097 -13.5807 0
    endloop
  endfacet
  facet normal 0 0 -1
    outer loop
      vertex -4.53639 -3.96249 0
      vertex -2.15097 -13.5807 0
      vertex -2.85878 -13.4495 0
    endloop
  endfacet
  facet normal 0 0 -1
    outer loop
      vertex -4.53639 -3.96249 0
      vertex -2.85878 -13.4495 0
      vertex -3.55876 -13.2815 0
    endloop
  endfacet
  facet normal 0 0 -1
    outer loop
      vertex -4.53639 -3.96249 0
      vertex -3.55876 -13.2815 0
      vertex -4.24898 -13.077 0
    endloop
  endfacet
  facet normal 0 0 -1
    outer loop
      vertex 0 -13.75 0
      vertex -4.53639 -3.96249 0
      vertex 4.53639 -3.96249 0
    endloop
  endfacet
  facet normal 0 0 -1
    outer loop
      vertex -4.92755 -12.8367 0
      vertex -4.53639 -3.96249 0
      vertex -4.24898 -13.077 0
    endloop
  endfacet
  facet normal 0 0 -1
    outer loop
      vertex -5.59262 -12.5612 0
      vertex -4.53639 -3.96249 0
      vertex -4.92755 -12.8367 0
    endloop
  endfacet
  facet normal 0 0 -1
    outer loop
      vertex -6.24236 -12.2513 0
      vertex -4.53639 -3.96249 0
      vertex -5.59262 -12.5612 0
    endloop
  endfacet
  facet normal 0 0 -1
    outer loop
      vertex -6.875 -11.9078 0
      vertex -4.53639 -3.96249 0
      vertex -6.24236 -12.2513 0
    endloop
  endfacet
  facet normal 0 0 -1
    outer loop
      vertex -7.48878 -11.5317 0
      vertex -4.53639 -3.96249 0
      vertex -6.875 -11.9078 0
    endloop
  endfacet
  facet normal 0 0 -1
    outer loop
      vertex -8.08205 -11.124 0
      vertex -4.53639 -3.96249 0
      vertex -7.48878 -11.5317 0
    endloop
  endfacet
  facet normal 0 0 -1
    outer loop
      vertex -8.65315 -10.6857 0
      vertex -4.53639 -3.96249 0
      vertex -8.08205 -11.124 0
    endloop
  endfacet
  facet normal 0 0 -1
    outer loop
      vertex -9.20053 -10.2182 0
      vertex -4.53639 -3.96249 0
      vertex -8.65315 -10.6857 0
    endloop
  endfacet
  facet normal 0 0 -1
    outer loop
      vertex -9.72272 -9.72272 0
      vertex -4.53639 -3.96249 0
      vertex -9.20053 -10.2182 0
    endloop
  endfacet
  facet normal 0 0 -1
    outer loop
      vertex -10.2182 -9.20053 0
      vertex -4.53639 -3.96249 0
      vertex -9.72272 -9.72272 0
    endloop
  endfacet
  facet normal 0 0 -1
    outer loop
      vertex -10.6857 -8.65315 0
      vertex -4.53639 -3.96249 0
      vertex -10.2182 -9.20053 0
    endloop
  endfacet
  facet normal -0 0 -1
    outer loop
      vertex -4.53639 -3.96249 0
      vertex -10.6857 -8.65315 0
      vertex -4.6823 -3.79164 0
    endloop
  endfacet
  facet normal -0 0 -1
    outer loop
      vertex -4.6823 -3.79164 0
      vertex -10.6857 -8.65315 0
      vertex -4.87431 -3.5414 0
    endloop
  endfacet
  facet normal 0 0 -1
    outer loop
      vertex -11.124 -8.08205 0
      vertex -4.87431 -3.5414 0
      vertex -10.6857 -8.65315 0
    endloop
  endfacet
  facet normal -0 0 -1
    outer loop
      vertex -4.87431 -3.5414 0
      vertex -11.124 -8.08205 0
      vertex -5.05298 -3.28145 0
    endloop
  endfacet
  facet normal -0 0 -1
    outer loop
      vertex -5.05298 -3.28145 0
      vertex -11.5317 -7.48878 0
      vertex -5.21779 -3.0125 0
    endloop
  endfacet
  facet normal 0 0 -1
    outer loop
      vertex -11.5317 -7.48878 0
      vertex -5.05298 -3.28145 0
      vertex -11.124 -8.08205 0
    endloop
  endfacet
  facet normal 0 0 1
    outer loop
      vertex 11.124 -8.08205 3.6
      vertex 7.60476 -5.52518 3.6
      vertex 10.6857 -8.65315 3.6
    endloop
  endfacet
  facet normal 0 0 1
    outer loop
      vertex 10.6857 -8.65315 3.6
      vertex 7.60476 -5.52518 3.6
      vertex 10.2182 -9.20053 3.6
    endloop
  endfacet
  facet normal -0 0 1
    outer loop
      vertex 6.28983 -6.98556 3.6
      vertex 10.2182 -9.20053 3.6
      vertex 7.60476 -5.52518 3.6
    endloop
  endfacet
  facet normal 0 0 1
    outer loop
      vertex 10.2182 -9.20053 3.6
      vertex 6.28983 -6.98556 3.6
      vertex 9.72272 -9.72272 3.6
    endloop
  endfacet
  facet normal 0 0 1
    outer loop
      vertex 9.72272 -9.72272 3.6
      vertex 6.28983 -6.98556 3.6
      vertex 9.20053 -10.2182 3.6
    endloop
  endfacet
  facet normal 0 0 1
    outer loop
      vertex 9.20053 -10.2182 3.6
      vertex 6.28983 -6.98556 3.6
      vertex 8.65315 -10.6857 3.6
    endloop
  endfacet
  facet normal 0 0 1
    outer loop
      vertex 8.65315 -10.6857 3.6
      vertex 6.28983 -6.98556 3.6
      vertex 8.08205 -11.124 3.6
    endloop
  endfacet
  facet normal -0 0 1
    outer loop
      vertex 4.7 -8.14064 3.6
      vertex 8.08205 -11.124 3.6
      vertex 6.28983 -6.98556 3.6
    endloop
  endfacet
  facet normal 0 0 1
    outer loop
      vertex 8.08205 -11.124 3.6
      vertex 4.7 -8.14064 3.6
      vertex 7.48878 -11.5317 3.6
    endloop
  endfacet
  facet normal 0 0 1
    outer loop
      vertex 7.48878 -11.5317 3.6
      vertex 4.7 -8.14064 3.6
      vertex 6.875 -11.9078 3.6
    endloop
  endfacet
  facet normal 0 0 1
    outer loop
      vertex 6.875 -11.9078 3.6
      vertex 4.7 -8.14064 3.6
      vertex 6.24236 -12.2513 3.6
    endloop
  endfacet
  facet normal 0 0 1
    outer loop
      vertex 6.24236 -12.2513 3.6
      vertex 4.7 -8.14064 3.6
      vertex 5.59262 -12.5612 3.6
    endloop
  endfacet
  facet normal -0 0 1
    outer loop
      vertex 2.90476 -8.93993 3.6
      vertex 5.59262 -12.5612 3.6
      vertex 4.7 -8.14064 3.6
    endloop
  endfacet
  facet normal 0 0 1
    outer loop
      vertex 5.59262 -12.5612 3.6
      vertex 2.90476 -8.93993 3.6
      vertex 4.92755 -12.8367 3.6
    endloop
  endfacet
  facet normal 0 0 1
    outer loop
      vertex 4.92755 -12.8367 3.6
      vertex 2.90476 -8.93993 3.6
      vertex 4.24898 -13.077 3.6
    endloop
  endfacet
  facet normal 0 0 1
    outer loop
      vertex 4.24898 -13.077 3.6
      vertex 2.90476 -8.93993 3.6
      vertex 3.55876 -13.2815 3.6
    endloop
  endfacet
  facet normal 0 0 1
    outer loop
      vertex 2.90476 -8.93993 3.6
      vertex 2.85878 -13.4495 3.6
      vertex 3.55876 -13.2815 3.6
    endloop
  endfacet
  facet normal -0 0 1
    outer loop
      vertex 0.982567 -9.34851 3.6
      vertex 2.85878 -13.4495 3.6
      vertex 2.90476 -8.93993 3.6
    endloop
  endfacet
  facet normal 0 0 1
    outer loop
      vertex 2.85878 -13.4495 3.6
      vertex 0.982567 -9.34851 3.6
      vertex 2.15097 -13.5807 3.6
    endloop
  endfacet
  facet normal 0 0 1
    outer loop
      vertex 2.15097 -13.5807 3.6
      vertex 0.982567 -9.34851 3.6
      vertex 1.43726 -13.6747 3.6
    endloop
  endfacet
  facet normal 0 0 1
    outer loop
      vertex 0.982567 -9.34851 3.6
      vertex 0.719604 -13.7312 3.6
      vertex 1.43726 -13.6747 3.6
    endloop
  endfacet
  facet normal 0 0 1
    outer loop
      vertex 0.982567 -9.34851 3.6
      vertex 0 -13.75 3.6
      vertex 0.719604 -13.7312 3.6
    endloop
  endfacet
  facet normal -0 0 1
    outer loop
      vertex -0.982567 -9.34851 3.6
      vertex 0 -13.75 3.6
      vertex 0.982567 -9.34851 3.6
    endloop
  endfacet
  facet normal 0 0 1
    outer loop
      vertex 0 -13.75 3.6
      vertex -0.982567 -9.34851 3.6
      vertex -0.719604 -13.7312 3.6
    endloop
  endfacet
  facet normal 0 0 1
    outer loop
      vertex -0.982567 -9.34851 3.6
      vertex -1.43726 -13.6747 3.6
      vertex -0.719604 -13.7312 3.6
    endloop
  endfacet
  facet normal 0 0 1
    outer loop
      vertex -0.982567 -9.34851 3.6
      vertex -2.15097 -13.5807 3.6
      vertex -1.43726 -13.6747 3.6
    endloop
  endfacet
  facet normal 0 0 1
    outer loop
      vertex -0.982567 -9.34851 3.6
      vertex -2.85878 -13.4495 3.6
      vertex -2.15097 -13.5807 3.6
    endloop
  endfacet
  facet normal 0 0 1
    outer loop
      vertex -2.90476 -8.93993 3.6
      vertex -2.85878 -13.4495 3.6
      vertex -0.982567 -9.34851 3.6
    endloop
  endfacet
  facet normal 0 0 1
    outer loop
      vertex -2.90476 -8.93993 3.6
      vertex -3.55876 -13.2815 3.6
      vertex -2.85878 -13.4495 3.6
    endloop
  endfacet
  facet normal 0 0 1
    outer loop
      vertex -2.90476 -8.93993 3.6
      vertex -4.24898 -13.077 3.6
      vertex -3.55876 -13.2815 3.6
    endloop
  endfacet
  facet normal 0 0 1
    outer loop
      vertex -5.59262 -12.5612 3.6
      vertex -2.90476 -8.93993 3.6
      vertex -4.7 -8.14064 3.6
    endloop
  endfacet
  facet normal 0 0 1
    outer loop
      vertex -2.90476 -8.93993 3.6
      vertex -4.92755 -12.8367 3.6
      vertex -4.24898 -13.077 3.6
    endloop
  endfacet
  facet normal 0 0 1
    outer loop
      vertex -2.90476 -8.93993 3.6
      vertex -5.59262 -12.5612 3.6
      vertex -4.92755 -12.8367 3.6
    endloop
  endfacet
  facet normal 0 0 1
    outer loop
      vertex -4.7 -8.14064 3.6
      vertex -6.24236 -12.2513 3.6
      vertex -5.59262 -12.5612 3.6
    endloop
  endfacet
  facet normal 0 0 1
    outer loop
      vertex -8.08205 -11.124 3.6
      vertex -4.7 -8.14064 3.6
      vertex -6.28983 -6.98556 3.6
    endloop
  endfacet
  facet normal 0 0 1
    outer loop
      vertex -4.7 -8.14064 3.6
      vertex -6.875 -11.9078 3.6
      vertex -6.24236 -12.2513 3.6
    endloop
  endfacet
  facet normal 0 0 1
    outer loop
      vertex -4.7 -8.14064 3.6
      vertex -7.48878 -11.5317 3.6
      vertex -6.875 -11.9078 3.6
    endloop
  endfacet
  facet normal 0 0 1
    outer loop
      vertex -10.2182 -9.20053 3.6
      vertex -6.28983 -6.98556 3.6
      vertex -7.60476 -5.52518 3.6
    endloop
  endfacet
  facet normal 0 0 1
    outer loop
      vertex -4.7 -8.14064 3.6
      vertex -8.08205 -11.124 3.6
      vertex -7.48878 -11.5317 3.6
    endloop
  endfacet
  facet normal 0 0 1
    outer loop
      vertex -11.9078 -6.87498 3.6
      vertex -7.60476 -5.52518 3.6
      vertex -8.58733 -3.82332 3.6
    endloop
  endfacet
  facet normal 0 0 1
    outer loop
      vertex -6.28983 -6.98556 3.6
      vertex -8.65315 -10.6857 3.6
      vertex -8.08205 -11.124 3.6
    endloop
  endfacet
  facet normal 0 0 1
    outer loop
      vertex -13.077 -4.24898 3.6
      vertex -8.58733 -3.82332 3.6
      vertex -9.19459 -1.95437 3.6
    endloop
  endfacet
  facet normal 0 0 1
    outer loop
      vertex -6.28983 -6.98556 3.6
      vertex -9.20053 -10.2182 3.6
      vertex -8.65315 -10.6857 3.6
    endloop
  endfacet
  facet normal -0 0 1
    outer loop
      vertex -13.6747 -1.43726 3.6
      vertex -9.19459 -1.95437 3.6
      vertex -9.4 0 3.6
    endloop
  endfacet
  facet normal -0 0 1
    outer loop
      vertex -11.5317 7.48878 3.6
      vertex -7.60476 5.52518 3.6
      vertex -11.124 8.08205 3.6
    endloop
  endfacet
  facet normal 0 0 1
    outer loop
      vertex -6.28983 -6.98556 3.6
      vertex -9.72272 -9.72272 3.6
      vertex -9.20053 -10.2182 3.6
    endloop
  endfacet
  facet normal -0 0 1
    outer loop
      vertex -11.9078 6.87498 3.6
      vertex -7.60476 5.52518 3.6
      vertex -11.5317 7.48878 3.6
    endloop
  endfacet
  facet normal 0 0 1
    outer loop
      vertex -6.28983 -6.98556 3.6
      vertex -10.2182 -9.20053 3.6
      vertex -9.72272 -9.72272 3.6
    endloop
  endfacet
  facet normal 0 0 1
    outer loop
      vertex -7.60476 5.52518 3.6
      vertex -11.9078 6.87498 3.6
      vertex -8.58733 3.82332 3.6
    endloop
  endfacet
  facet normal 0 0 1
    outer loop
      vertex -7.60476 -5.52518 3.6
      vertex -10.6857 -8.65315 3.6
      vertex -10.2182 -9.20053 3.6
    endloop
  endfacet
  facet normal -0 0 1
    outer loop
      vertex -12.2513 6.24236 3.6
      vertex -8.58733 3.82332 3.6
      vertex -11.9078 6.87498 3.6
    endloop
  endfacet
  facet normal 0 0 1
    outer loop
      vertex -7.60476 -5.52518 3.6
      vertex -11.124 -8.08205 3.6
      vertex -10.6857 -8.65315 3.6
    endloop
  endfacet
  facet normal -0 0 1
    outer loop
      vertex -12.5612 5.59262 3.6
      vertex -8.58733 3.82332 3.6
      vertex -12.2513 6.24236 3.6
    endloop
  endfacet
  facet normal 0 0 1
    outer loop
      vertex -7.60476 -5.52518 3.6
      vertex -11.5317 -7.48878 3.6
      vertex -11.124 -8.08205 3.6
    endloop
  endfacet
  facet normal -0 0 1
    outer loop
      vertex -12.8367 4.92755 3.6
      vertex -8.58733 3.82332 3.6
      vertex -12.5612 5.59262 3.6
    endloop
  endfacet
  facet normal 0 0 1
    outer loop
      vertex -7.60476 -5.52518 3.6
      vertex -11.9078 -6.87498 3.6
      vertex -11.5317 -7.48878 3.6
    endloop
  endfacet
  facet normal -0 0 1
    outer loop
      vertex -13.077 4.24898 3.6
      vertex -8.58733 3.82332 3.6
      vertex -12.8367 4.92755 3.6
    endloop
  endfacet
  facet normal 0 0 1
    outer loop
      vertex -8.58733 -3.82332 3.6
      vertex -12.2513 -6.24236 3.6
      vertex -11.9078 -6.87498 3.6
    endloop
  endfacet
  facet normal 0 0 1
    outer loop
      vertex -8.58733 3.82332 3.6
      vertex -13.077 4.24898 3.6
      vertex -9.19459 1.95437 3.6
    endloop
  endfacet
  facet normal 0 0 1
    outer loop
      vertex -8.58733 -3.82332 3.6
      vertex -12.5612 -5.59262 3.6
      vertex -12.2513 -6.24236 3.6
    endloop
  endfacet
  facet normal -0 0 1
    outer loop
      vertex -13.2815 3.55876 3.6
      vertex -9.19459 1.95437 3.6
      vertex -13.077 4.24898 3.6
    endloop
  endfacet
  facet normal 0 0 1
    outer loop
      vertex -8.58733 -3.82332 3.6
      vertex -12.8367 -4.92755 3.6
      vertex -12.5612 -5.59262 3.6
    endloop
  endfacet
  facet normal -0 0 1
    outer loop
      vertex -13.4495 2.85878 3.6
      vertex -9.19459 1.95437 3.6
      vertex -13.2815 3.55876 3.6
    endloop
  endfacet
  facet normal 0 0 1
    outer loop
      vertex -8.58733 -3.82332 3.6
      vertex -13.077 -4.24898 3.6
      vertex -12.8367 -4.92755 3.6
    endloop
  endfacet
  facet normal -0 0 1
    outer loop
      vertex -13.5807 2.15097 3.6
      vertex -9.19459 1.95437 3.6
      vertex -13.4495 2.85878 3.6
    endloop
  endfacet
  facet normal 0 0 1
    outer loop
      vertex -9.19459 -1.95437 3.6
      vertex -13.2815 -3.55876 3.6
      vertex -13.077 -4.24898 3.6
    endloop
  endfacet
  facet normal 0 0 1
    outer loop
      vertex -13.6747 1.43726 3.6
      vertex -9.19459 1.95437 3.6
      vertex -13.5807 2.15097 3.6
    endloop
  endfacet
  facet normal 0 0 1
    outer loop
      vertex -9.19459 -1.95437 3.6
      vertex -13.4495 -2.85878 3.6
      vertex -13.2815 -3.55876 3.6
    endloop
  endfacet
  facet normal 0 0 1
    outer loop
      vertex -9.19459 1.95437 3.6
      vertex -13.6747 1.43726 3.6
      vertex -9.4 0 3.6
    endloop
  endfacet
  facet normal 0 0 1
    outer loop
      vertex -9.19459 -1.95437 3.6
      vertex -13.5807 -2.15097 3.6
      vertex -13.4495 -2.85878 3.6
    endloop
  endfacet
  facet normal -0 0 1
    outer loop
      vertex -13.7312 0.719604 3.6
      vertex -9.4 0 3.6
      vertex -13.6747 1.43726 3.6
    endloop
  endfacet
  facet normal 0 0 1
    outer loop
      vertex -9.19459 -1.95437 3.6
      vertex -13.6747 -1.43726 3.6
      vertex -13.5807 -2.15097 3.6
    endloop
  endfacet
  facet normal 0 0 1
    outer loop
      vertex -13.75 0 3.6
      vertex -9.4 0 3.6
      vertex -13.7312 0.719604 3.6
    endloop
  endfacet
  facet normal 0 0 1
    outer loop
      vertex -9.4 0 3.6
      vertex -13.7312 -0.719604 3.6
      vertex -13.6747 -1.43726 3.6
    endloop
  endfacet
  facet normal 0 0 1
    outer loop
      vertex -9.4 0 3.6
      vertex -13.75 0 3.6
      vertex -13.7312 -0.719604 3.6
    endloop
  endfacet
  facet normal 0 0 1
    outer loop
      vertex 147.525 0 3.6
      vertex 151.875 0 3.6
      vertex 151.856 0.719604 3.6
    endloop
  endfacet
  facet normal 0 0 1
    outer loop
      vertex 147.525 0 3.6
      vertex 151.856 0.719604 3.6
      vertex 151.8 1.43726 3.6
    endloop
  endfacet
  facet normal 0 0 1
    outer loop
      vertex 151.875 0 3.6
      vertex 147.525 0 3.6
      vertex 151.856 -0.719604 3.6
    endloop
  endfacet
  facet normal -0 0 1
    outer loop
      vertex 147.32 1.95437 3.6
      vertex 151.8 1.43726 3.6
      vertex 151.706 2.15097 3.6
    endloop
  endfacet
  facet normal 0 0 1
    outer loop
      vertex 151.856 -0.719604 3.6
      vertex 147.525 0 3.6
      vertex 151.8 -1.43726 3.6
    endloop
  endfacet
  facet normal 0 0 1
    outer loop
      vertex 147.32 1.95437 3.6
      vertex 151.706 2.15097 3.6
      vertex 151.575 2.85878 3.6
    endloop
  endfacet
  facet normal 0 0 1
    outer loop
      vertex 147.32 -1.95437 3.6
      vertex 151.8 -1.43726 3.6
      vertex 147.525 0 3.6
    endloop
  endfacet
  facet normal 0 0 1
    outer loop
      vertex 147.32 1.95437 3.6
      vertex 151.575 2.85878 3.6
      vertex 151.406 3.55876 3.6
    endloop
  endfacet
  facet normal 0 0 1
    outer loop
      vertex 151.8 -1.43726 3.6
      vertex 147.32 -1.95437 3.6
      vertex 151.706 -2.15097 3.6
    endloop
  endfacet
  facet normal 0 0 1
    outer loop
      vertex 147.32 1.95437 3.6
      vertex 151.406 3.55876 3.6
      vertex 151.202 4.24898 3.6
    endloop
  endfacet
  facet normal 0 0 1
    outer loop
      vertex 151.706 -2.15097 3.6
      vertex 147.32 -1.95437 3.6
      vertex 151.575 -2.85878 3.6
    endloop
  endfacet
  facet normal 0 0 1
    outer loop
      vertex 146.712 3.82332 3.6
      vertex 151.202 4.24898 3.6
      vertex 150.962 4.92755 3.6
    endloop
  endfacet
  facet normal 0 0 1
    outer loop
      vertex 151.575 -2.85878 3.6
      vertex 147.32 -1.95437 3.6
      vertex 151.406 -3.55876 3.6
    endloop
  endfacet
  facet normal 0 0 1
    outer loop
      vertex 146.712 3.82332 3.6
      vertex 150.962 4.92755 3.6
      vertex 150.686 5.59262 3.6
    endloop
  endfacet
  facet normal 0 0 1
    outer loop
      vertex 151.406 -3.55876 3.6
      vertex 147.32 -1.95437 3.6
      vertex 151.202 -4.24898 3.6
    endloop
  endfacet
  facet normal 0 0 1
    outer loop
      vertex 146.712 3.82332 3.6
      vertex 150.686 5.59262 3.6
      vertex 150.376 6.24236 3.6
    endloop
  endfacet
  facet normal -0 0 1
    outer loop
      vertex 146.712 -3.82332 3.6
      vertex 151.202 -4.24898 3.6
      vertex 147.32 -1.95437 3.6
    endloop
  endfacet
  facet normal 0 0 1
    outer loop
      vertex 146.712 3.82332 3.6
      vertex 150.376 6.24236 3.6
      vertex 150.033 6.87498 3.6
    endloop
  endfacet
  facet normal 0 0 1
    outer loop
      vertex 151.202 -4.24898 3.6
      vertex 146.712 -3.82332 3.6
      vertex 150.962 -4.92755 3.6
    endloop
  endfacet
  facet normal 0 0 1
    outer loop
      vertex 145.73 5.52518 3.6
      vertex 150.033 6.87498 3.6
      vertex 149.657 7.48878 3.6
    endloop
  endfacet
  facet normal 0 0 1
    outer loop
      vertex 150.962 -4.92755 3.6
      vertex 146.712 -3.82332 3.6
      vertex 150.686 -5.59262 3.6
    endloop
  endfacet
  facet normal 0 0 1
    outer loop
      vertex 145.73 5.52518 3.6
      vertex 149.657 7.48878 3.6
      vertex 149.249 8.08205 3.6
    endloop
  endfacet
  facet normal 0 0 1
    outer loop
      vertex 150.686 -5.59262 3.6
      vertex 146.712 -3.82332 3.6
      vertex 150.376 -6.24236 3.6
    endloop
  endfacet
  facet normal 0 0 1
    outer loop
      vertex 145.73 5.52518 3.6
      vertex 149.249 8.08205 3.6
      vertex 148.811 8.65315 3.6
    endloop
  endfacet
  facet normal 0 0 1
    outer loop
      vertex 150.376 -6.24236 3.6
      vertex 146.712 -3.82332 3.6
      vertex 150.033 -6.87498 3.6
    endloop
  endfacet
  facet normal 0 0 1
    outer loop
      vertex 145.73 5.52518 3.6
      vertex 148.811 8.65315 3.6
      vertex 148.343 9.20053 3.6
    endloop
  endfacet
  facet normal -0 0 1
    outer loop
      vertex 145.73 -5.52518 3.6
      vertex 150.033 -6.87498 3.6
      vertex 146.712 -3.82332 3.6
    endloop
  endfacet
  facet normal 0 0 1
    outer loop
      vertex 144.415 6.98556 3.6
      vertex 148.343 9.20053 3.6
      vertex 147.848 9.72272 3.6
    endloop
  endfacet
  facet normal 0 0 1
    outer loop
      vertex 150.033 -6.87498 3.6
      vertex 145.73 -5.52518 3.6
      vertex 149.657 -7.48878 3.6
    endloop
  endfacet
  facet normal 0 0 1
    outer loop
      vertex 149.657 -7.48878 3.6
      vertex 145.73 -5.52518 3.6
      vertex 149.249 -8.08205 3.6
    endloop
  endfacet
  facet normal 0 0 1
    outer loop
      vertex 144.415 6.98556 3.6
      vertex 147.848 9.72272 3.6
      vertex 147.326 10.2182 3.6
    endloop
  endfacet
  facet normal 0 0 1
    outer loop
      vertex 151.8 1.43726 3.6
      vertex 147.32 1.95437 3.6
      vertex 147.525 0 3.6
    endloop
  endfacet
  facet normal 0 0 1
    outer loop
      vertex 144.415 6.98556 3.6
      vertex 147.326 10.2182 3.6
      vertex 146.778 10.6857 3.6
    endloop
  endfacet
  facet normal 0 0 1
    outer loop
      vertex 151.202 4.24898 3.6
      vertex 146.712 3.82332 3.6
      vertex 147.32 1.95437 3.6
    endloop
  endfacet
  facet normal 0 0 1
    outer loop
      vertex 144.415 6.98556 3.6
      vertex 146.778 10.6857 3.6
      vertex 146.207 11.124 3.6
    endloop
  endfacet
  facet normal 0 0 1
    outer loop
      vertex 150.033 6.87498 3.6
      vertex 145.73 5.52518 3.6
      vertex 146.712 3.82332 3.6
    endloop
  endfacet
  facet normal 0 0 1
    outer loop
      vertex 142.825 8.14064 3.6
      vertex 146.207 11.124 3.6
      vertex 145.614 11.5317 3.6
    endloop
  endfacet
  facet normal 0 0 1
    outer loop
      vertex 142.825 8.14064 3.6
      vertex 145.614 11.5317 3.6
      vertex 145 11.9078 3.6
    endloop
  endfacet
  facet normal 0 0 1
    outer loop
      vertex 148.343 9.20053 3.6
      vertex 144.415 6.98556 3.6
      vertex 145.73 5.52518 3.6
    endloop
  endfacet
  facet normal 0 0 1
    outer loop
      vertex 142.825 8.14064 3.6
      vertex 145 11.9078 3.6
      vertex 144.367 12.2513 3.6
    endloop
  endfacet
  facet normal 0 0 1
    outer loop
      vertex 142.825 8.14064 3.6
      vertex 144.367 12.2513 3.6
      vertex 143.718 12.5612 3.6
    endloop
  endfacet
  facet normal 0 0 1
    outer loop
      vertex 141.03 8.93993 3.6
      vertex 143.718 12.5612 3.6
      vertex 143.053 12.8367 3.6
    endloop
  endfacet
  facet normal 0 0 1
    outer loop
      vertex 146.207 11.124 3.6
      vertex 142.825 8.14064 3.6
      vertex 144.415 6.98556 3.6
    endloop
  endfacet
  facet normal 0 0 1
    outer loop
      vertex 141.03 8.93993 3.6
      vertex 143.053 12.8367 3.6
      vertex 142.374 13.077 3.6
    endloop
  endfacet
  facet normal 0 0 1
    outer loop
      vertex 141.03 8.93993 3.6
      vertex 142.374 13.077 3.6
      vertex 141.684 13.2815 3.6
    endloop
  endfacet
  facet normal 0 0 1
    outer loop
      vertex 143.718 12.5612 3.6
      vertex 141.03 8.93993 3.6
      vertex 142.825 8.14064 3.6
    endloop
  endfacet
  facet normal 0 0 1
    outer loop
      vertex 140.984 13.4495 3.6
      vertex 141.03 8.93993 3.6
      vertex 141.684 13.2815 3.6
    endloop
  endfacet
  facet normal 0 0 1
    outer loop
      vertex 139.108 9.34851 3.6
      vertex 140.984 13.4495 3.6
      vertex 140.276 13.5807 3.6
    endloop
  endfacet
  facet normal 0 0 1
    outer loop
      vertex 139.108 9.34851 3.6
      vertex 140.276 13.5807 3.6
      vertex 139.562 13.6747 3.6
    endloop
  endfacet
  facet normal 0 0 1
    outer loop
      vertex 140.984 13.4495 3.6
      vertex 139.108 9.34851 3.6
      vertex 141.03 8.93993 3.6
    endloop
  endfacet
  facet normal 0 0 1
    outer loop
      vertex 138.845 13.7312 3.6
      vertex 139.108 9.34851 3.6
      vertex 139.562 13.6747 3.6
    endloop
  endfacet
  facet normal 0 0 1
    outer loop
      vertex 138.125 13.75 3.6
      vertex 139.108 9.34851 3.6
      vertex 138.845 13.7312 3.6
    endloop
  endfacet
  facet normal 0 0 1
    outer loop
      vertex 137.142 9.34851 3.6
      vertex 138.125 13.75 3.6
      vertex 137.405 13.7312 3.6
    endloop
  endfacet
  facet normal 0 0 1
    outer loop
      vertex 138.125 13.75 3.6
      vertex 137.142 9.34851 3.6
      vertex 139.108 9.34851 3.6
    endloop
  endfacet
  facet normal -0 0 1
    outer loop
      vertex 136.688 13.6747 3.6
      vertex 137.142 9.34851 3.6
      vertex 137.405 13.7312 3.6
    endloop
  endfacet
  facet normal -0 0 1
    outer loop
      vertex 135.974 13.5807 3.6
      vertex 137.142 9.34851 3.6
      vertex 136.688 13.6747 3.6
    endloop
  endfacet
  facet normal -0 0 1
    outer loop
      vertex 135.266 13.4495 3.6
      vertex 137.142 9.34851 3.6
      vertex 135.974 13.5807 3.6
    endloop
  endfacet
  facet normal 0 0 1
    outer loop
      vertex 135.266 13.4495 3.6
      vertex 135.22 8.93993 3.6
      vertex 137.142 9.34851 3.6
    endloop
  endfacet
  facet normal -0 0 1
    outer loop
      vertex 134.566 13.2815 3.6
      vertex 135.22 8.93993 3.6
      vertex 135.266 13.4495 3.6
    endloop
  endfacet
  facet normal -0 0 1
    outer loop
      vertex 133.876 13.077 3.6
      vertex 135.22 8.93993 3.6
      vertex 134.566 13.2815 3.6
    endloop
  endfacet
  facet normal -0 0 1
    outer loop
      vertex 133.197 12.8367 3.6
      vertex 135.22 8.93993 3.6
      vertex 133.876 13.077 3.6
    endloop
  endfacet
  facet normal -0 0 1
    outer loop
      vertex 132.532 12.5612 3.6
      vertex 135.22 8.93993 3.6
      vertex 133.197 12.8367 3.6
    endloop
  endfacet
  facet normal 0 0 1
    outer loop
      vertex 135.22 8.93993 3.6
      vertex 132.532 12.5612 3.6
      vertex 133.425 8.14064 3.6
    endloop
  endfacet
  facet normal -0 0 1
    outer loop
      vertex 131.883 12.2513 3.6
      vertex 133.425 8.14064 3.6
      vertex 132.532 12.5612 3.6
    endloop
  endfacet
  facet normal -0 0 1
    outer loop
      vertex 131.25 11.9078 3.6
      vertex 133.425 8.14064 3.6
      vertex 131.883 12.2513 3.6
    endloop
  endfacet
  facet normal -0 0 1
    outer loop
      vertex 130.636 11.5317 3.6
      vertex 133.425 8.14064 3.6
      vertex 131.25 11.9078 3.6
    endloop
  endfacet
  facet normal -0 0 1
    outer loop
      vertex 130.043 11.124 3.6
      vertex 133.425 8.14064 3.6
      vertex 130.636 11.5317 3.6
    endloop
  endfacet
  facet normal 0 0 1
    outer loop
      vertex 133.425 8.14064 3.6
      vertex 130.043 11.124 3.6
      vertex 131.835 6.98556 3.6
    endloop
  endfacet
  facet normal -0 0 1
    outer loop
      vertex 129.472 10.6857 3.6
      vertex 131.835 6.98556 3.6
      vertex 130.043 11.124 3.6
    endloop
  endfacet
  facet normal -0 0 1
    outer loop
      vertex 128.924 10.2182 3.6
      vertex 131.835 6.98556 3.6
      vertex 129.472 10.6857 3.6
    endloop
  endfacet
  facet normal -0 0 1
    outer loop
      vertex 128.402 9.72272 3.6
      vertex 131.835 6.98556 3.6
      vertex 128.924 10.2182 3.6
    endloop
  endfacet
  facet normal -0 0 1
    outer loop
      vertex 127.907 9.20053 3.6
      vertex 131.835 6.98556 3.6
      vertex 128.402 9.72272 3.6
    endloop
  endfacet
  facet normal 0 0 1
    outer loop
      vertex 131.835 6.98556 3.6
      vertex 127.907 9.20053 3.6
      vertex 130.52 5.52518 3.6
    endloop
  endfacet
  facet normal -0 0 1
    outer loop
      vertex 127.439 8.65315 3.6
      vertex 130.52 5.52518 3.6
      vertex 127.907 9.20053 3.6
    endloop
  endfacet
  facet normal -0 0 1
    outer loop
      vertex 127.001 8.08205 3.6
      vertex 130.52 5.52518 3.6
      vertex 127.439 8.65315 3.6
    endloop
  endfacet
  facet normal 0 0 1
    outer loop
      vertex 149.249 -8.08205 3.6
      vertex 145.73 -5.52518 3.6
      vertex 148.811 -8.65315 3.6
    endloop
  endfacet
  facet normal 0 0 1
    outer loop
      vertex 148.811 -8.65315 3.6
      vertex 145.73 -5.52518 3.6
      vertex 148.343 -9.20053 3.6
    endloop
  endfacet
  facet normal -0 0 1
    outer loop
      vertex 144.415 -6.98556 3.6
      vertex 148.343 -9.20053 3.6
      vertex 145.73 -5.52518 3.6
    endloop
  endfacet
  facet normal 0 0 1
    outer loop
      vertex 148.343 -9.20053 3.6
      vertex 144.415 -6.98556 3.6
      vertex 147.848 -9.72272 3.6
    endloop
  endfacet
  facet normal 0 0 1
    outer loop
      vertex 147.848 -9.72272 3.6
      vertex 144.415 -6.98556 3.6
      vertex 147.326 -10.2182 3.6
    endloop
  endfacet
  facet normal 0 0 1
    outer loop
      vertex 147.326 -10.2182 3.6
      vertex 144.415 -6.98556 3.6
      vertex 146.778 -10.6857 3.6
    endloop
  endfacet
  facet normal 0 0 1
    outer loop
      vertex 146.778 -10.6857 3.6
      vertex 144.415 -6.98556 3.6
      vertex 146.207 -11.124 3.6
    endloop
  endfacet
  facet normal -0 0 1
    outer loop
      vertex 142.825 -8.14064 3.6
      vertex 146.207 -11.124 3.6
      vertex 144.415 -6.98556 3.6
    endloop
  endfacet
  facet normal 0 0 1
    outer loop
      vertex 146.207 -11.124 3.6
      vertex 142.825 -8.14064 3.6
      vertex 145.614 -11.5317 3.6
    endloop
  endfacet
  facet normal 0 0 1
    outer loop
      vertex 145.614 -11.5317 3.6
      vertex 142.825 -8.14064 3.6
      vertex 145 -11.9078 3.6
    endloop
  endfacet
  facet normal 0 0 1
    outer loop
      vertex 145 -11.9078 3.6
      vertex 142.825 -8.14064 3.6
      vertex 144.367 -12.2513 3.6
    endloop
  endfacet
  facet normal 0 0 1
    outer loop
      vertex 144.367 -12.2513 3.6
      vertex 142.825 -8.14064 3.6
      vertex 143.718 -12.5612 3.6
    endloop
  endfacet
  facet normal -0 0 1
    outer loop
      vertex 141.03 -8.93993 3.6
      vertex 143.718 -12.5612 3.6
      vertex 142.825 -8.14064 3.6
    endloop
  endfacet
  facet normal 0 0 1
    outer loop
      vertex 143.718 -12.5612 3.6
      vertex 141.03 -8.93993 3.6
      vertex 143.053 -12.8367 3.6
    endloop
  endfacet
  facet normal 0 0 1
    outer loop
      vertex 143.053 -12.8367 3.6
      vertex 141.03 -8.93993 3.6
      vertex 142.374 -13.077 3.6
    endloop
  endfacet
  facet normal 0 0 1
    outer loop
      vertex 142.374 -13.077 3.6
      vertex 141.03 -8.93993 3.6
      vertex 141.684 -13.2815 3.6
    endloop
  endfacet
  facet normal 0 0 1
    outer loop
      vertex 141.03 -8.93993 3.6
      vertex 140.984 -13.4495 3.6
      vertex 141.684 -13.2815 3.6
    endloop
  endfacet
  facet normal -0 0 1
    outer loop
      vertex 139.108 -9.34851 3.6
      vertex 140.984 -13.4495 3.6
      vertex 141.03 -8.93993 3.6
    endloop
  endfacet
  facet normal 0 0 1
    outer loop
      vertex 140.984 -13.4495 3.6
      vertex 139.108 -9.34851 3.6
      vertex 140.276 -13.5807 3.6
    endloop
  endfacet
  facet normal 0 0 1
    outer loop
      vertex 140.276 -13.5807 3.6
      vertex 139.108 -9.34851 3.6
      vertex 139.562 -13.6747 3.6
    endloop
  endfacet
  facet normal 0 0 1
    outer loop
      vertex 139.108 -9.34851 3.6
      vertex 138.845 -13.7312 3.6
      vertex 139.562 -13.6747 3.6
    endloop
  endfacet
  facet normal 0 0 1
    outer loop
      vertex 139.108 -9.34851 3.6
      vertex 138.125 -13.75 3.6
      vertex 138.845 -13.7312 3.6
    endloop
  endfacet
  facet normal -0 0 1
    outer loop
      vertex 137.142 -9.34851 3.6
      vertex 138.125 -13.75 3.6
      vertex 139.108 -9.34851 3.6
    endloop
  endfacet
  facet normal 0 0 1
    outer loop
      vertex 138.125 -13.75 3.6
      vertex 137.142 -9.34851 3.6
      vertex 137.405 -13.7312 3.6
    endloop
  endfacet
  facet normal 0 0 1
    outer loop
      vertex 137.142 -9.34851 3.6
      vertex 136.688 -13.6747 3.6
      vertex 137.405 -13.7312 3.6
    endloop
  endfacet
  facet normal 0 0 1
    outer loop
      vertex 137.142 -9.34851 3.6
      vertex 135.974 -13.5807 3.6
      vertex 136.688 -13.6747 3.6
    endloop
  endfacet
  facet normal 0 0 1
    outer loop
      vertex 137.142 -9.34851 3.6
      vertex 135.266 -13.4495 3.6
      vertex 135.974 -13.5807 3.6
    endloop
  endfacet
  facet normal 0 0 1
    outer loop
      vertex 135.22 -8.93993 3.6
      vertex 135.266 -13.4495 3.6
      vertex 137.142 -9.34851 3.6
    endloop
  endfacet
  facet normal 0 0 1
    outer loop
      vertex 135.22 -8.93993 3.6
      vertex 134.566 -13.2815 3.6
      vertex 135.266 -13.4495 3.6
    endloop
  endfacet
  facet normal 0 0 1
    outer loop
      vertex 135.22 -8.93993 3.6
      vertex 133.876 -13.077 3.6
      vertex 134.566 -13.2815 3.6
    endloop
  endfacet
  facet normal 0 0 1
    outer loop
      vertex 132.532 -12.5612 3.6
      vertex 135.22 -8.93993 3.6
      vertex 133.425 -8.14064 3.6
    endloop
  endfacet
  facet normal 0 0 1
    outer loop
      vertex 135.22 -8.93993 3.6
      vertex 133.197 -12.8367 3.6
      vertex 133.876 -13.077 3.6
    endloop
  endfacet
  facet normal 0 0 1
    outer loop
      vertex 135.22 -8.93993 3.6
      vertex 132.532 -12.5612 3.6
      vertex 133.197 -12.8367 3.6
    endloop
  endfacet
  facet normal 0 0 1
    outer loop
      vertex 133.425 -8.14064 3.6
      vertex 131.883 -12.2513 3.6
      vertex 132.532 -12.5612 3.6
    endloop
  endfacet
  facet normal 0 0 1
    outer loop
      vertex 130.043 -11.124 3.6
      vertex 133.425 -8.14064 3.6
      vertex 131.835 -6.98556 3.6
    endloop
  endfacet
  facet normal 0 0 1
    outer loop
      vertex 133.425 -8.14064 3.6
      vertex 131.25 -11.9078 3.6
      vertex 131.883 -12.2513 3.6
    endloop
  endfacet
  facet normal 0 0 1
    outer loop
      vertex 133.425 -8.14064 3.6
      vertex 130.636 -11.5317 3.6
      vertex 131.25 -11.9078 3.6
    endloop
  endfacet
  facet normal 0 0 1
    outer loop
      vertex 127.907 -9.20053 3.6
      vertex 131.835 -6.98556 3.6
      vertex 130.52 -5.52518 3.6
    endloop
  endfacet
  facet normal 0 0 1
    outer loop
      vertex 133.425 -8.14064 3.6
      vertex 130.043 -11.124 3.6
      vertex 130.636 -11.5317 3.6
    endloop
  endfacet
  facet normal 0 0 1
    outer loop
      vertex 126.374 -7.29657 3.6
      vertex 130.52 -5.52518 3.6
      vertex 129.538 -3.82332 3.6
    endloop
  endfacet
  facet normal 0 0 1
    outer loop
      vertex 131.835 -6.98556 3.6
      vertex 129.472 -10.6857 3.6
      vertex 130.043 -11.124 3.6
    endloop
  endfacet
  facet normal 0 0 1
    outer loop
      vertex 125.077 -6.42947 3.6
      vertex 129.538 -3.82332 3.6
      vertex 128.93 -1.95437 3.6
    endloop
  endfacet
  facet normal 0 0 1
    outer loop
      vertex 131.835 -6.98556 3.6
      vertex 128.924 -10.2182 3.6
      vertex 129.472 -10.6857 3.6
    endloop
  endfacet
  facet normal 0 0 1
    outer loop
      vertex 124.068 -6.15921 3.6
      vertex 128.93 -1.95437 3.6
      vertex 128.725 0 3.6
    endloop
  endfacet
  facet normal -0 0 1
    outer loop
      vertex 126.835 7.84071 3.6
      vertex 130.52 5.52518 3.6
      vertex 127.001 8.08205 3.6
    endloop
  endfacet
  facet normal 0 0 1
    outer loop
      vertex 131.835 -6.98556 3.6
      vertex 128.402 -9.72272 3.6
      vertex 128.924 -10.2182 3.6
    endloop
  endfacet
  facet normal -0 0 1
    outer loop
      vertex 126.719 7.68994 3.6
      vertex 130.52 5.52518 3.6
      vertex 126.835 7.84071 3.6
    endloop
  endfacet
  facet normal 0 0 1
    outer loop
      vertex 131.835 -6.98556 3.6
      vertex 127.907 -9.20053 3.6
      vertex 128.402 -9.72272 3.6
    endloop
  endfacet
  facet normal -0 0 1
    outer loop
      vertex 126.374 7.29657 3.6
      vertex 130.52 5.52518 3.6
      vertex 126.719 7.68994 3.6
    endloop
  endfacet
  facet normal 0 0 1
    outer loop
      vertex 130.52 -5.52518 3.6
      vertex 127.439 -8.65315 3.6
      vertex 127.907 -9.20053 3.6
    endloop
  endfacet
  facet normal 0 0 1
    outer loop
      vertex 130.52 5.52518 3.6
      vertex 126.374 7.29657 3.6
      vertex 129.538 3.82332 3.6
    endloop
  endfacet
  facet normal -0 0 1
    outer loop
      vertex 125.981 6.95158 3.6
      vertex 129.538 3.82332 3.6
      vertex 126.374 7.29657 3.6
    endloop
  endfacet
  facet normal 0 0 1
    outer loop
      vertex 130.52 -5.52518 3.6
      vertex 126.835 -7.84071 3.6
      vertex 127.001 -8.08205 3.6
    endloop
  endfacet
  facet normal 0 0 1
    outer loop
      vertex 130.52 -5.52518 3.6
      vertex 127.001 -8.08205 3.6
      vertex 127.439 -8.65315 3.6
    endloop
  endfacet
  facet normal 0 0 1
    outer loop
      vertex 126.719 7.68994 3.6
      vertex 126.835 7.84071 3.6
      vertex 126.825 7.84782 3.6
    endloop
  endfacet
  facet normal -0 0 1
    outer loop
      vertex 125.546 6.66089 3.6
      vertex 129.538 3.82332 3.6
      vertex 125.981 6.95158 3.6
    endloop
  endfacet
  facet normal 0 0 1
    outer loop
      vertex 130.52 -5.52518 3.6
      vertex 126.719 -7.68994 3.6
      vertex 126.835 -7.84071 3.6
    endloop
  endfacet
  facet normal 0 0 1
    outer loop
      vertex 126.835 -7.84071 3.6
      vertex 126.719 -7.68994 3.6
      vertex 126.825 -7.84782 3.6
    endloop
  endfacet
  facet normal -0 0 1
    outer loop
      vertex 125.077 6.42947 3.6
      vertex 129.538 3.82332 3.6
      vertex 125.546 6.66089 3.6
    endloop
  endfacet
  facet normal 0 0 1
    outer loop
      vertex 130.52 -5.52518 3.6
      vertex 126.374 -7.29657 3.6
      vertex 126.719 -7.68994 3.6
    endloop
  endfacet
  facet normal 0 0 1
    outer loop
      vertex 129.538 3.82332 3.6
      vertex 125.077 6.42947 3.6
      vertex 128.93 1.95437 3.6
    endloop
  endfacet
  facet normal 0 0 1
    outer loop
      vertex 129.538 -3.82332 3.6
      vertex 125.981 -6.95158 3.6
      vertex 126.374 -7.29657 3.6
    endloop
  endfacet
  facet normal -0 0 1
    outer loop
      vertex 124.581 6.26129 3.6
      vertex 128.93 1.95437 3.6
      vertex 125.077 6.42947 3.6
    endloop
  endfacet
  facet normal 0 0 1
    outer loop
      vertex 129.538 -3.82332 3.6
      vertex 125.546 -6.66089 3.6
      vertex 125.981 -6.95158 3.6
    endloop
  endfacet
  facet normal -0 0 1
    outer loop
      vertex 124.068 6.15921 3.6
      vertex 128.93 1.95437 3.6
      vertex 124.581 6.26129 3.6
    endloop
  endfacet
  facet normal 0 0 1
    outer loop
      vertex 129.538 -3.82332 3.6
      vertex 125.077 -6.42947 3.6
      vertex 125.546 -6.66089 3.6
    endloop
  endfacet
  facet normal 0 0 1
    outer loop
      vertex 128.93 1.95437 3.6
      vertex 124.068 6.15921 3.6
      vertex 128.725 0 3.6
    endloop
  endfacet
  facet normal 0 0 1
    outer loop
      vertex 128.93 -1.95437 3.6
      vertex 124.581 -6.26129 3.6
      vertex 125.077 -6.42947 3.6
    endloop
  endfacet
  facet normal -0 0 1
    outer loop
      vertex 123.546 6.125 3.6
      vertex 128.725 0 3.6
      vertex 124.068 6.15921 3.6
    endloop
  endfacet
  facet normal 0 0 1
    outer loop
      vertex 128.93 -1.95437 3.6
      vertex 124.068 -6.15921 3.6
      vertex 124.581 -6.26129 3.6
    endloop
  endfacet
  facet normal 0 0 1
    outer loop
      vertex 123.546 -6.125 3.6
      vertex 128.725 0 3.6
      vertex 123.546 6.125 3.6
    endloop
  endfacet
  facet normal 0 0 1
    outer loop
      vertex 128.725 0 3.6
      vertex 123.546 -6.125 3.6
      vertex 124.068 -6.15921 3.6
    endloop
  endfacet
  facet normal -0 0 1
    outer loop
      vertex 14.579 6.125 3.6
      vertex 123.546 -6.125 3.6
      vertex 123.546 6.125 3.6
    endloop
  endfacet
  facet normal 0 0 1
    outer loop
      vertex 14.579 6.125 3.6
      vertex 14.579 -6.125 3.6
      vertex 123.546 -6.125 3.6
    endloop
  endfacet
  facet normal 0 0 1
    outer loop
      vertex 9.4 0 3.6
      vertex 14.579 6.125 3.6
      vertex 14.0569 6.15921 3.6
    endloop
  endfacet
  facet normal 0 0 1
    outer loop
      vertex 14.579 6.125 3.6
      vertex 9.4 0 3.6
      vertex 14.579 -6.125 3.6
    endloop
  endfacet
  facet normal 0 0 1
    outer loop
      vertex 9.19459 1.95437 3.6
      vertex 14.0569 6.15921 3.6
      vertex 13.5437 6.26129 3.6
    endloop
  endfacet
  facet normal 0 0 1
    outer loop
      vertex 14.579 -6.125 3.6
      vertex 9.4 0 3.6
      vertex 14.0569 -6.15921 3.6
    endloop
  endfacet
  facet normal 0 0 1
    outer loop
      vertex 9.19459 1.95437 3.6
      vertex 13.5437 6.26129 3.6
      vertex 13.0482 6.42947 3.6
    endloop
  endfacet
  facet normal -0 0 1
    outer loop
      vertex 9.19459 -1.95437 3.6
      vertex 14.0569 -6.15921 3.6
      vertex 9.4 0 3.6
    endloop
  endfacet
  facet normal 0 0 1
    outer loop
      vertex 8.58733 3.82332 3.6
      vertex 13.0482 6.42947 3.6
      vertex 12.579 6.66089 3.6
    endloop
  endfacet
  facet normal 0 0 1
    outer loop
      vertex 14.0569 -6.15921 3.6
      vertex 9.19459 -1.95437 3.6
      vertex 13.5437 -6.26129 3.6
    endloop
  endfacet
  facet normal 0 0 1
    outer loop
      vertex 8.58733 3.82332 3.6
      vertex 12.579 6.66089 3.6
      vertex 12.1439 6.95158 3.6
    endloop
  endfacet
  facet normal 0 0 1
    outer loop
      vertex 13.5437 -6.26129 3.6
      vertex 9.19459 -1.95437 3.6
      vertex 13.0482 -6.42947 3.6
    endloop
  endfacet
  facet normal 0 0 1
    outer loop
      vertex 8.58733 3.82332 3.6
      vertex 12.1439 6.95158 3.6
      vertex 11.7505 7.29657 3.6
    endloop
  endfacet
  facet normal -0 0 1
    outer loop
      vertex 8.58733 -3.82332 3.6
      vertex 13.0482 -6.42947 3.6
      vertex 9.19459 -1.95437 3.6
    endloop
  endfacet
  facet normal 0 0 1
    outer loop
      vertex 7.60476 5.52518 3.6
      vertex 11.7505 7.29657 3.6
      vertex 11.4056 7.68994 3.6
    endloop
  endfacet
  facet normal 0 0 1
    outer loop
      vertex 13.0482 -6.42947 3.6
      vertex 8.58733 -3.82332 3.6
      vertex 12.579 -6.66089 3.6
    endloop
  endfacet
  facet normal -0 0 1
    outer loop
      vertex 11.2898 7.84071 3.6
      vertex 11.4056 7.68994 3.6
      vertex 11.3001 7.84782 3.6
    endloop
  endfacet
  facet normal 0 0 1
    outer loop
      vertex 12.579 -6.66089 3.6
      vertex 8.58733 -3.82332 3.6
      vertex 12.1439 -6.95158 3.6
    endloop
  endfacet
  facet normal 0 0 1
    outer loop
      vertex 7.60476 5.52518 3.6
      vertex 11.4056 7.68994 3.6
      vertex 11.2898 7.84071 3.6
    endloop
  endfacet
  facet normal 0 0 1
    outer loop
      vertex 12.1439 -6.95158 3.6
      vertex 8.58733 -3.82332 3.6
      vertex 11.7505 -7.29657 3.6
    endloop
  endfacet
  facet normal 0 0 1
    outer loop
      vertex 7.60476 5.52518 3.6
      vertex 11.2898 7.84071 3.6
      vertex 11.124 8.08205 3.6
    endloop
  endfacet
  facet normal 0 0 1
    outer loop
      vertex 11.4056 -7.68994 3.6
      vertex 11.2898 -7.84071 3.6
      vertex 11.3001 -7.84782 3.6
    endloop
  endfacet
  facet normal 0 0 1
    outer loop
      vertex 7.60476 5.52518 3.6
      vertex 11.124 8.08205 3.6
      vertex 10.6857 8.65315 3.6
    endloop
  endfacet
  facet normal -0 0 1
    outer loop
      vertex 7.60476 -5.52518 3.6
      vertex 11.7505 -7.29657 3.6
      vertex 8.58733 -3.82332 3.6
    endloop
  endfacet
  facet normal 0 0 1
    outer loop
      vertex 7.60476 5.52518 3.6
      vertex 10.6857 8.65315 3.6
      vertex 10.2182 9.20053 3.6
    endloop
  endfacet
  facet normal 0 0 1
    outer loop
      vertex 11.7505 -7.29657 3.6
      vertex 7.60476 -5.52518 3.6
      vertex 11.4056 -7.68994 3.6
    endloop
  endfacet
  facet normal 0 0 1
    outer loop
      vertex 6.28983 6.98556 3.6
      vertex 10.2182 9.20053 3.6
      vertex 9.72272 9.72272 3.6
    endloop
  endfacet
  facet normal 0 0 1
    outer loop
      vertex 11.4056 -7.68994 3.6
      vertex 7.60476 -5.52518 3.6
      vertex 11.2898 -7.84071 3.6
    endloop
  endfacet
  facet normal 0 0 1
    outer loop
      vertex 11.2898 -7.84071 3.6
      vertex 7.60476 -5.52518 3.6
      vertex 11.124 -8.08205 3.6
    endloop
  endfacet
  facet normal 0 0 1
    outer loop
      vertex 6.28983 6.98556 3.6
      vertex 9.72272 9.72272 3.6
      vertex 9.20053 10.2182 3.6
    endloop
  endfacet
  facet normal 0 0 1
    outer loop
      vertex 14.0569 6.15921 3.6
      vertex 9.19459 1.95437 3.6
      vertex 9.4 0 3.6
    endloop
  endfacet
  facet normal 0 0 1
    outer loop
      vertex 6.28983 6.98556 3.6
      vertex 9.20053 10.2182 3.6
      vertex 8.65315 10.6857 3.6
    endloop
  endfacet
  facet normal 0 0 1
    outer loop
      vertex 13.0482 6.42947 3.6
      vertex 8.58733 3.82332 3.6
      vertex 9.19459 1.95437 3.6
    endloop
  endfacet
  facet normal 0 0 1
    outer loop
      vertex 6.28983 6.98556 3.6
      vertex 8.65315 10.6857 3.6
      vertex 8.08205 11.124 3.6
    endloop
  endfacet
  facet normal 0 0 1
    outer loop
      vertex 11.7505 7.29657 3.6
      vertex 7.60476 5.52518 3.6
      vertex 8.58733 3.82332 3.6
    endloop
  endfacet
  facet normal 0 0 1
    outer loop
      vertex 4.7 8.14064 3.6
      vertex 8.08205 11.124 3.6
      vertex 7.48878 11.5317 3.6
    endloop
  endfacet
  facet normal 0 0 1
    outer loop
      vertex 4.7 8.14064 3.6
      vertex 7.48878 11.5317 3.6
      vertex 6.875 11.9078 3.6
    endloop
  endfacet
  facet normal 0 0 1
    outer loop
      vertex 10.2182 9.20053 3.6
      vertex 6.28983 6.98556 3.6
      vertex 7.60476 5.52518 3.6
    endloop
  endfacet
  facet normal 0 0 1
    outer loop
      vertex 4.7 8.14064 3.6
      vertex 6.875 11.9078 3.6
      vertex 6.24236 12.2513 3.6
    endloop
  endfacet
  facet normal 0 0 1
    outer loop
      vertex 4.7 8.14064 3.6
      vertex 6.24236 12.2513 3.6
      vertex 5.59262 12.5612 3.6
    endloop
  endfacet
  facet normal 0 0 1
    outer loop
      vertex 2.90476 8.93993 3.6
      vertex 5.59262 12.5612 3.6
      vertex 4.92755 12.8367 3.6
    endloop
  endfacet
  facet normal 0 0 1
    outer loop
      vertex 8.08205 11.124 3.6
      vertex 4.7 8.14064 3.6
      vertex 6.28983 6.98556 3.6
    endloop
  endfacet
  facet normal 0 0 1
    outer loop
      vertex 2.90476 8.93993 3.6
      vertex 4.92755 12.8367 3.6
      vertex 4.24898 13.077 3.6
    endloop
  endfacet
  facet normal 0 0 1
    outer loop
      vertex 2.90476 8.93993 3.6
      vertex 4.24898 13.077 3.6
      vertex 3.55876 13.2815 3.6
    endloop
  endfacet
  facet normal 0 0 1
    outer loop
      vertex 5.59262 12.5612 3.6
      vertex 2.90476 8.93993 3.6
      vertex 4.7 8.14064 3.6
    endloop
  endfacet
  facet normal 0 0 1
    outer loop
      vertex 2.85878 13.4495 3.6
      vertex 2.90476 8.93993 3.6
      vertex 3.55876 13.2815 3.6
    endloop
  endfacet
  facet normal 0 0 1
    outer loop
      vertex 0.982567 9.34851 3.6
      vertex 2.85878 13.4495 3.6
      vertex 2.15097 13.5807 3.6
    endloop
  endfacet
  facet normal 0 0 1
    outer loop
      vertex 0.982567 9.34851 3.6
      vertex 2.15097 13.5807 3.6
      vertex 1.43726 13.6747 3.6
    endloop
  endfacet
  facet normal 0 0 1
    outer loop
      vertex 2.85878 13.4495 3.6
      vertex 0.982567 9.34851 3.6
      vertex 2.90476 8.93993 3.6
    endloop
  endfacet
  facet normal 0 0 1
    outer loop
      vertex 0.719604 13.7312 3.6
      vertex 0.982567 9.34851 3.6
      vertex 1.43726 13.6747 3.6
    endloop
  endfacet
  facet normal 0 0 1
    outer loop
      vertex 0 13.75 3.6
      vertex 0.982567 9.34851 3.6
      vertex 0.719604 13.7312 3.6
    endloop
  endfacet
  facet normal 0 0 1
    outer loop
      vertex -0.982567 9.34851 3.6
      vertex 0 13.75 3.6
      vertex -0.719604 13.7312 3.6
    endloop
  endfacet
  facet normal 0 0 1
    outer loop
      vertex 0 13.75 3.6
      vertex -0.982567 9.34851 3.6
      vertex 0.982567 9.34851 3.6
    endloop
  endfacet
  facet normal -0 0 1
    outer loop
      vertex -1.43726 13.6747 3.6
      vertex -0.982567 9.34851 3.6
      vertex -0.719604 13.7312 3.6
    endloop
  endfacet
  facet normal -0 0 1
    outer loop
      vertex -2.15097 13.5807 3.6
      vertex -0.982567 9.34851 3.6
      vertex -1.43726 13.6747 3.6
    endloop
  endfacet
  facet normal -0 0 1
    outer loop
      vertex -2.85878 13.4495 3.6
      vertex -0.982567 9.34851 3.6
      vertex -2.15097 13.5807 3.6
    endloop
  endfacet
  facet normal 0 0 1
    outer loop
      vertex -2.85878 13.4495 3.6
      vertex -2.90476 8.93993 3.6
      vertex -0.982567 9.34851 3.6
    endloop
  endfacet
  facet normal -0 0 1
    outer loop
      vertex -3.55876 13.2815 3.6
      vertex -2.90476 8.93993 3.6
      vertex -2.85878 13.4495 3.6
    endloop
  endfacet
  facet normal -0 0 1
    outer loop
      vertex -4.24898 13.077 3.6
      vertex -2.90476 8.93993 3.6
      vertex -3.55876 13.2815 3.6
    endloop
  endfacet
  facet normal -0 0 1
    outer loop
      vertex -4.92755 12.8367 3.6
      vertex -2.90476 8.93993 3.6
      vertex -4.24898 13.077 3.6
    endloop
  endfacet
  facet normal -0 0 1
    outer loop
      vertex -5.59262 12.5612 3.6
      vertex -2.90476 8.93993 3.6
      vertex -4.92755 12.8367 3.6
    endloop
  endfacet
  facet normal 0 0 1
    outer loop
      vertex -2.90476 8.93993 3.6
      vertex -5.59262 12.5612 3.6
      vertex -4.7 8.14064 3.6
    endloop
  endfacet
  facet normal -0 0 1
    outer loop
      vertex -6.24236 12.2513 3.6
      vertex -4.7 8.14064 3.6
      vertex -5.59262 12.5612 3.6
    endloop
  endfacet
  facet normal -0 0 1
    outer loop
      vertex -6.87498 11.9078 3.6
      vertex -4.7 8.14064 3.6
      vertex -6.24236 12.2513 3.6
    endloop
  endfacet
  facet normal -0 0 1
    outer loop
      vertex -7.48878 11.5317 3.6
      vertex -4.7 8.14064 3.6
      vertex -6.87498 11.9078 3.6
    endloop
  endfacet
  facet normal -0 0 1
    outer loop
      vertex -8.08205 11.124 3.6
      vertex -4.7 8.14064 3.6
      vertex -7.48878 11.5317 3.6
    endloop
  endfacet
  facet normal 0 0 1
    outer loop
      vertex -4.7 8.14064 3.6
      vertex -8.08205 11.124 3.6
      vertex -6.28983 6.98556 3.6
    endloop
  endfacet
  facet normal -0 0 1
    outer loop
      vertex -8.65315 10.6857 3.6
      vertex -6.28983 6.98556 3.6
      vertex -8.08205 11.124 3.6
    endloop
  endfacet
  facet normal -0 0 1
    outer loop
      vertex -9.20053 10.2182 3.6
      vertex -6.28983 6.98556 3.6
      vertex -8.65315 10.6857 3.6
    endloop
  endfacet
  facet normal -0 0 1
    outer loop
      vertex -9.72272 9.72272 3.6
      vertex -6.28983 6.98556 3.6
      vertex -9.20053 10.2182 3.6
    endloop
  endfacet
  facet normal -0 0 1
    outer loop
      vertex -10.2182 9.20053 3.6
      vertex -6.28983 6.98556 3.6
      vertex -9.72272 9.72272 3.6
    endloop
  endfacet
  facet normal 0 0 1
    outer loop
      vertex -6.28983 6.98556 3.6
      vertex -10.2182 9.20053 3.6
      vertex -7.60476 5.52518 3.6
    endloop
  endfacet
  facet normal -0 0 1
    outer loop
      vertex -10.6857 8.65315 3.6
      vertex -7.60476 5.52518 3.6
      vertex -10.2182 9.20053 3.6
    endloop
  endfacet
  facet normal -0 0 1
    outer loop
      vertex -11.124 8.08205 3.6
      vertex -7.60476 5.52518 3.6
      vertex -10.6857 8.65315 3.6
    endloop
  endfacet
  facet normal 0.195101 0.980783 -0
    outer loop
      vertex 14.0569 6.15921 0
      vertex 13.5437 6.26129 3.6
      vertex 14.0569 6.15921 3.6
    endloop
  endfacet
  facet normal 0.195101 0.980783 0
    outer loop
      vertex 13.5437 6.26129 3.6
      vertex 14.0569 6.15921 0
      vertex 13.5437 6.26129 0
    endloop
  endfacet
  facet normal 0.321437 0.946931 -0
    outer loop
      vertex 13.5437 6.26129 0
      vertex 13.0482 6.42947 3.6
      vertex 13.5437 6.26129 3.6
    endloop
  endfacet
  facet normal 0.321437 0.946931 0
    outer loop
      vertex 13.0482 6.42947 3.6
      vertex 13.5437 6.26129 0
      vertex 13.0482 6.42947 0
    endloop
  endfacet
  facet normal 0.442284 0.896875 -0
    outer loop
      vertex 13.0482 6.42947 0
      vertex 12.579 6.66089 3.6
      vertex 13.0482 6.42947 3.6
    endloop
  endfacet
  facet normal 0.442284 0.896875 0
    outer loop
      vertex 12.579 6.66089 3.6
      vertex 13.0482 6.42947 0
      vertex 12.579 6.66089 0
    endloop
  endfacet
  facet normal 0.555582 0.831462 -0
    outer loop
      vertex 12.579 6.66089 0
      vertex 12.1439 6.95158 3.6
      vertex 12.579 6.66089 3.6
    endloop
  endfacet
  facet normal 0.555582 0.831462 0
    outer loop
      vertex 12.1439 6.95158 3.6
      vertex 12.579 6.66089 0
      vertex 12.1439 6.95158 0
    endloop
  endfacet
  facet normal 0.65934 0.751845 -0
    outer loop
      vertex 12.1439 6.95158 0
      vertex 11.7505 7.29657 3.6
      vertex 12.1439 6.95158 3.6
    endloop
  endfacet
  facet normal 0.65934 0.751845 0
    outer loop
      vertex 11.7505 7.29657 3.6
      vertex 12.1439 6.95158 0
      vertex 11.7505 7.29657 0
    endloop
  endfacet
  facet normal 0.751832 0.659355 0
    outer loop
      vertex 11.7505 7.29657 3.6
      vertex 11.4056 7.68994 0
      vertex 11.4056 7.68994 3.6
    endloop
  endfacet
  facet normal 0.751832 0.659355 0
    outer loop
      vertex 11.4056 7.68994 0
      vertex 11.7505 7.29657 3.6
      vertex 11.7505 7.29657 0
    endloop
  endfacet
  facet normal 0.831494 0.555534 0
    outer loop
      vertex 11.4056 7.68994 3.6
      vertex 11.3001 7.84782 0
      vertex 11.3001 7.84782 3.6
    endloop
  endfacet
  facet normal 0.831494 0.555534 0
    outer loop
      vertex 11.3001 7.84782 0
      vertex 11.4056 7.68994 3.6
      vertex 11.4056 7.68994 0
    endloop
  endfacet
  facet normal -0.570419 0.821354 0
    outer loop
      vertex 11.3001 7.84782 0
      vertex 11.2898 7.84071 3.6
      vertex 11.3001 7.84782 3.6
    endloop
  endfacet
  facet normal -0.570419 0.821354 0
    outer loop
      vertex 11.2898 7.84071 3.6
      vertex 11.3001 7.84782 0
      vertex 11.2898 7.84071 0
    endloop
  endfacet
  facet normal 0.824127 0.566405 0
    outer loop
      vertex 11.2898 7.84071 3.6
      vertex 11.124 8.08205 0
      vertex 11.124 8.08205 3.6
    endloop
  endfacet
  facet normal 0.824127 0.566405 0
    outer loop
      vertex 11.124 8.08205 0
      vertex 11.2898 7.84071 3.6
      vertex 11.2898 7.84071 0
    endloop
  endfacet
  facet normal 0.793348 0.608768 0
    outer loop
      vertex 11.124 8.08205 3.6
      vertex 10.6857 8.65315 0
      vertex 10.6857 8.65315 3.6
    endloop
  endfacet
  facet normal 0.793348 0.608768 0
    outer loop
      vertex 10.6857 8.65315 0
      vertex 11.124 8.08205 3.6
      vertex 11.124 8.08205 0
    endloop
  endfacet
  facet normal 0.7604 0.649455 0
    outer loop
      vertex 10.6857 8.65315 3.6
      vertex 10.2182 9.20053 0
      vertex 10.2182 9.20053 3.6
    endloop
  endfacet
  facet normal 0.7604 0.649455 0
    outer loop
      vertex 10.2182 9.20053 0
      vertex 10.6857 8.65315 3.6
      vertex 10.6857 8.65315 0
    endloop
  endfacet
  facet normal 0.72539 0.688338 0
    outer loop
      vertex 10.2182 9.20053 3.6
      vertex 9.72272 9.72272 0
      vertex 9.72272 9.72272 3.6
    endloop
  endfacet
  facet normal 0.72539 0.688338 0
    outer loop
      vertex 9.72272 9.72272 0
      vertex 10.2182 9.20053 3.6
      vertex 10.2182 9.20053 0
    endloop
  endfacet
  facet normal 0.688338 0.72539 -0
    outer loop
      vertex 9.72272 9.72272 0
      vertex 9.20053 10.2182 3.6
      vertex 9.72272 9.72272 3.6
    endloop
  endfacet
  facet normal 0.688338 0.72539 0
    outer loop
      vertex 9.20053 10.2182 3.6
      vertex 9.72272 9.72272 0
      vertex 9.20053 10.2182 0
    endloop
  endfacet
  facet normal 0.649455 0.7604 -0
    outer loop
      vertex 9.20053 10.2182 0
      vertex 8.65315 10.6857 3.6
      vertex 9.20053 10.2182 3.6
    endloop
  endfacet
  facet normal 0.649455 0.7604 0
    outer loop
      vertex 8.65315 10.6857 3.6
      vertex 9.20053 10.2182 0
      vertex 8.65315 10.6857 0
    endloop
  endfacet
  facet normal 0.608768 0.793348 -0
    outer loop
      vertex 8.65315 10.6857 0
      vertex 8.08205 11.124 3.6
      vertex 8.65315 10.6857 3.6
    endloop
  endfacet
  facet normal 0.608768 0.793348 0
    outer loop
      vertex 8.08205 11.124 3.6
      vertex 8.65315 10.6857 0
      vertex 8.08205 11.124 0
    endloop
  endfacet
  facet normal 0.566399 0.824131 -0
    outer loop
      vertex 8.08205 11.124 0
      vertex 7.48878 11.5317 3.6
      vertex 8.08205 11.124 3.6
    endloop
  endfacet
  facet normal 0.566399 0.824131 0
    outer loop
      vertex 7.48878 11.5317 3.6
      vertex 8.08205 11.124 0
      vertex 7.48878 11.5317 0
    endloop
  endfacet
  facet normal 0.5225 0.852639 -0
    outer loop
      vertex 7.48878 11.5317 0
      vertex 6.875 11.9078 3.6
      vertex 7.48878 11.5317 3.6
    endloop
  endfacet
  facet normal 0.5225 0.852639 0
    outer loop
      vertex 6.875 11.9078 3.6
      vertex 7.48878 11.5317 0
      vertex 6.875 11.9078 0
    endloop
  endfacet
  facet normal 0.477151 0.878821 -0
    outer loop
      vertex 6.875 11.9078 0
      vertex 6.24236 12.2513 3.6
      vertex 6.875 11.9078 3.6
    endloop
  endfacet
  facet normal 0.477151 0.878821 0
    outer loop
      vertex 6.24236 12.2513 3.6
      vertex 6.875 11.9078 0
      vertex 6.24236 12.2513 0
    endloop
  endfacet
  facet normal 0.430527 0.902578 -0
    outer loop
      vertex 6.24236 12.2513 0
      vertex 5.59262 12.5612 3.6
      vertex 6.24236 12.2513 3.6
    endloop
  endfacet
  facet normal 0.430527 0.902578 0
    outer loop
      vertex 5.59262 12.5612 3.6
      vertex 6.24236 12.2513 0
      vertex 5.59262 12.5612 0
    endloop
  endfacet
  facet normal 0.382667 0.923886 -0
    outer loop
      vertex 5.59262 12.5612 0
      vertex 4.92755 12.8367 3.6
      vertex 5.59262 12.5612 3.6
    endloop
  endfacet
  facet normal 0.382667 0.923886 0
    outer loop
      vertex 4.92755 12.8367 3.6
      vertex 5.59262 12.5612 0
      vertex 4.92755 12.8367 0
    endloop
  endfacet
  facet normal 0.333826 0.942635 -0
    outer loop
      vertex 4.92755 12.8367 0
      vertex 4.24898 13.077 3.6
      vertex 4.92755 12.8367 3.6
    endloop
  endfacet
  facet normal 0.333826 0.942635 0
    outer loop
      vertex 4.24898 13.077 3.6
      vertex 4.92755 12.8367 0
      vertex 4.24898 13.077 0
    endloop
  endfacet
  facet normal 0.284017 0.958819 -0
    outer loop
      vertex 4.24898 13.077 0
      vertex 3.55876 13.2815 3.6
      vertex 4.24898 13.077 3.6
    endloop
  endfacet
  facet normal 0.284017 0.958819 0
    outer loop
      vertex 3.55876 13.2815 3.6
      vertex 4.24898 13.077 0
      vertex 3.55876 13.2815 0
    endloop
  endfacet
  facet normal 0.233438 0.972372 -0
    outer loop
      vertex 3.55876 13.2815 0
      vertex 2.85878 13.4495 3.6
      vertex 3.55876 13.2815 3.6
    endloop
  endfacet
  facet normal 0.233438 0.972372 0
    outer loop
      vertex 2.85878 13.4495 3.6
      vertex 3.55876 13.2815 0
      vertex 2.85878 13.4495 0
    endloop
  endfacet
  facet normal 0.182229 0.983256 -0
    outer loop
      vertex 2.85878 13.4495 0
      vertex 2.15097 13.5807 3.6
      vertex 2.85878 13.4495 3.6
    endloop
  endfacet
  facet normal 0.182229 0.983256 0
    outer loop
      vertex 2.15097 13.5807 3.6
      vertex 2.85878 13.4495 0
      vertex 2.15097 13.5807 0
    endloop
  endfacet
  facet normal 0.130528 0.991445 -0
    outer loop
      vertex 2.15097 13.5807 0
      vertex 1.43726 13.6747 3.6
      vertex 2.15097 13.5807 3.6
    endloop
  endfacet
  facet normal 0.130528 0.991445 0
    outer loop
      vertex 1.43726 13.6747 3.6
      vertex 2.15097 13.5807 0
      vertex 1.43726 13.6747 0
    endloop
  endfacet
  facet normal 0.0784697 0.996917 -0
    outer loop
      vertex 1.43726 13.6747 0
      vertex 0.719604 13.7312 3.6
      vertex 1.43726 13.6747 3.6
    endloop
  endfacet
  facet normal 0.0784697 0.996917 0
    outer loop
      vertex 0.719604 13.7312 3.6
      vertex 1.43726 13.6747 0
      vertex 0.719604 13.7312 0
    endloop
  endfacet
  facet normal 0.0261785 0.999657 -0
    outer loop
      vertex 0.719604 13.7312 0
      vertex 0 13.75 3.6
      vertex 0.719604 13.7312 3.6
    endloop
  endfacet
  facet normal 0.0261785 0.999657 0
    outer loop
      vertex 0 13.75 3.6
      vertex 0.719604 13.7312 0
      vertex 0 13.75 0
    endloop
  endfacet
  facet normal -0.0261785 0.999657 0
    outer loop
      vertex 0 13.75 0
      vertex -0.719604 13.7312 3.6
      vertex 0 13.75 3.6
    endloop
  endfacet
  facet normal -0.0261785 0.999657 0
    outer loop
      vertex -0.719604 13.7312 3.6
      vertex 0 13.75 0
      vertex -0.719604 13.7312 0
    endloop
  endfacet
  facet normal -0.0784697 0.996917 0
    outer loop
      vertex -0.719604 13.7312 0
      vertex -1.43726 13.6747 3.6
      vertex -0.719604 13.7312 3.6
    endloop
  endfacet
  facet normal -0.0784697 0.996917 0
    outer loop
      vertex -1.43726 13.6747 3.6
      vertex -0.719604 13.7312 0
      vertex -1.43726 13.6747 0
    endloop
  endfacet
  facet normal -0.130528 0.991445 0
    outer loop
      vertex -1.43726 13.6747 0
      vertex -2.15097 13.5807 3.6
      vertex -1.43726 13.6747 3.6
    endloop
  endfacet
  facet normal -0.130528 0.991445 0
    outer loop
      vertex -2.15097 13.5807 3.6
      vertex -1.43726 13.6747 0
      vertex -2.15097 13.5807 0
    endloop
  endfacet
  facet normal -0.182229 0.983256 0
    outer loop
      vertex -2.15097 13.5807 0
      vertex -2.85878 13.4495 3.6
      vertex -2.15097 13.5807 3.6
    endloop
  endfacet
  facet normal -0.182229 0.983256 0
    outer loop
      vertex -2.85878 13.4495 3.6
      vertex -2.15097 13.5807 0
      vertex -2.85878 13.4495 0
    endloop
  endfacet
  facet normal -0.233438 0.972372 0
    outer loop
      vertex -2.85878 13.4495 0
      vertex -3.55876 13.2815 3.6
      vertex -2.85878 13.4495 3.6
    endloop
  endfacet
  facet normal -0.233438 0.972372 0
    outer loop
      vertex -3.55876 13.2815 3.6
      vertex -2.85878 13.4495 0
      vertex -3.55876 13.2815 0
    endloop
  endfacet
  facet normal -0.284017 0.958819 0
    outer loop
      vertex -3.55876 13.2815 0
      vertex -4.24898 13.077 3.6
      vertex -3.55876 13.2815 3.6
    endloop
  endfacet
  facet normal -0.284017 0.958819 0
    outer loop
      vertex -4.24898 13.077 3.6
      vertex -3.55876 13.2815 0
      vertex -4.24898 13.077 0
    endloop
  endfacet
  facet normal -0.333826 0.942635 0
    outer loop
      vertex -4.24898 13.077 0
      vertex -4.92755 12.8367 3.6
      vertex -4.24898 13.077 3.6
    endloop
  endfacet
  facet normal -0.333826 0.942635 0
    outer loop
      vertex -4.92755 12.8367 3.6
      vertex -4.24898 13.077 0
      vertex -4.92755 12.8367 0
    endloop
  endfacet
  facet normal -0.382667 0.923886 0
    outer loop
      vertex -4.92755 12.8367 0
      vertex -5.59262 12.5612 3.6
      vertex -4.92755 12.8367 3.6
    endloop
  endfacet
  facet normal -0.382667 0.923886 0
    outer loop
      vertex -5.59262 12.5612 3.6
      vertex -4.92755 12.8367 0
      vertex -5.59262 12.5612 0
    endloop
  endfacet
  facet normal -0.430527 0.902578 0
    outer loop
      vertex -5.59262 12.5612 0
      vertex -6.24236 12.2513 3.6
      vertex -5.59262 12.5612 3.6
    endloop
  endfacet
  facet normal -0.430527 0.902578 0
    outer loop
      vertex -6.24236 12.2513 3.6
      vertex -5.59262 12.5612 0
      vertex -6.24236 12.2513 0
    endloop
  endfacet
  facet normal -0.47716 0.878817 0
    outer loop
      vertex -6.24236 12.2513 0
      vertex -6.87498 11.9078 3.6
      vertex -6.24236 12.2513 3.6
    endloop
  endfacet
  facet normal -0.47716 0.878817 0
    outer loop
      vertex -6.87498 11.9078 3.6
      vertex -6.24236 12.2513 0
      vertex -6.87498 11.9078 0
    endloop
  endfacet
  facet normal -0.52249 0.852645 0
    outer loop
      vertex -6.87498 11.9078 0
      vertex -7.48878 11.5317 3.6
      vertex -6.87498 11.9078 3.6
    endloop
  endfacet
  facet normal -0.52249 0.852645 0
    outer loop
      vertex -7.48878 11.5317 3.6
      vertex -6.87498 11.9078 0
      vertex -7.48878 11.5317 0
    endloop
  endfacet
  facet normal -0.566399 0.824131 0
    outer loop
      vertex -7.48878 11.5317 0
      vertex -8.08205 11.124 3.6
      vertex -7.48878 11.5317 3.6
    endloop
  endfacet
  facet normal -0.566399 0.824131 0
    outer loop
      vertex -8.08205 11.124 3.6
      vertex -7.48878 11.5317 0
      vertex -8.08205 11.124 0
    endloop
  endfacet
  facet normal -0.608768 0.793348 0
    outer loop
      vertex -8.08205 11.124 0
      vertex -8.65315 10.6857 3.6
      vertex -8.08205 11.124 3.6
    endloop
  endfacet
  facet normal -0.608768 0.793348 0
    outer loop
      vertex -8.65315 10.6857 3.6
      vertex -8.08205 11.124 0
      vertex -8.65315 10.6857 0
    endloop
  endfacet
  facet normal -0.649455 0.7604 0
    outer loop
      vertex -8.65315 10.6857 0
      vertex -9.20053 10.2182 3.6
      vertex -8.65315 10.6857 3.6
    endloop
  endfacet
  facet normal -0.649455 0.7604 0
    outer loop
      vertex -9.20053 10.2182 3.6
      vertex -8.65315 10.6857 0
      vertex -9.20053 10.2182 0
    endloop
  endfacet
  facet normal -0.688338 0.72539 0
    outer loop
      vertex -9.20053 10.2182 0
      vertex -9.72272 9.72272 3.6
      vertex -9.20053 10.2182 3.6
    endloop
  endfacet
  facet normal -0.688338 0.72539 0
    outer loop
      vertex -9.72272 9.72272 3.6
      vertex -9.20053 10.2182 0
      vertex -9.72272 9.72272 0
    endloop
  endfacet
  facet normal -0.72539 0.688338 0
    outer loop
      vertex -10.2182 9.20053 0
      vertex -9.72272 9.72272 3.6
      vertex -9.72272 9.72272 0
    endloop
  endfacet
  facet normal -0.72539 0.688338 0
    outer loop
      vertex -9.72272 9.72272 3.6
      vertex -10.2182 9.20053 0
      vertex -10.2182 9.20053 3.6
    endloop
  endfacet
  facet normal -0.7604 0.649455 0
    outer loop
      vertex -10.6857 8.65315 0
      vertex -10.2182 9.20053 3.6
      vertex -10.2182 9.20053 0
    endloop
  endfacet
  facet normal -0.7604 0.649455 0
    outer loop
      vertex -10.2182 9.20053 3.6
      vertex -10.6857 8.65315 0
      vertex -10.6857 8.65315 3.6
    endloop
  endfacet
  facet normal -0.793348 0.608768 0
    outer loop
      vertex -11.124 8.08205 0
      vertex -10.6857 8.65315 3.6
      vertex -10.6857 8.65315 0
    endloop
  endfacet
  facet normal -0.793348 0.608768 0
    outer loop
      vertex -10.6857 8.65315 3.6
      vertex -11.124 8.08205 0
      vertex -11.124 8.08205 3.6
    endloop
  endfacet
  facet normal -0.824131 0.566399 0
    outer loop
      vertex -11.5317 7.48878 0
      vertex -11.124 8.08205 3.6
      vertex -11.124 8.08205 0
    endloop
  endfacet
  facet normal -0.824131 0.566399 0
    outer loop
      vertex -11.124 8.08205 3.6
      vertex -11.5317 7.48878 0
      vertex -11.5317 7.48878 3.6
    endloop
  endfacet
  facet normal -0.852645 0.52249 0
    outer loop
      vertex -11.9078 6.87498 0
      vertex -11.5317 7.48878 3.6
      vertex -11.5317 7.48878 0
    endloop
  endfacet
  facet normal -0.852645 0.52249 0
    outer loop
      vertex -11.5317 7.48878 3.6
      vertex -11.9078 6.87498 0
      vertex -11.9078 6.87498 3.6
    endloop
  endfacet
  facet normal -0.878817 0.47716 0
    outer loop
      vertex -12.2513 6.24236 0
      vertex -11.9078 6.87498 3.6
      vertex -11.9078 6.87498 0
    endloop
  endfacet
  facet normal -0.878817 0.47716 0
    outer loop
      vertex -11.9078 6.87498 3.6
      vertex -12.2513 6.24236 0
      vertex -12.2513 6.24236 3.6
    endloop
  endfacet
  facet normal -0.902578 0.430527 0
    outer loop
      vertex -12.5612 5.59262 0
      vertex -12.2513 6.24236 3.6
      vertex -12.2513 6.24236 0
    endloop
  endfacet
  facet normal -0.902578 0.430527 0
    outer loop
      vertex -12.2513 6.24236 3.6
      vertex -12.5612 5.59262 0
      vertex -12.5612 5.59262 3.6
    endloop
  endfacet
  facet normal -0.923886 0.382667 0
    outer loop
      vertex -12.8367 4.92755 0
      vertex -12.5612 5.59262 3.6
      vertex -12.5612 5.59262 0
    endloop
  endfacet
  facet normal -0.923886 0.382667 0
    outer loop
      vertex -12.5612 5.59262 3.6
      vertex -12.8367 4.92755 0
      vertex -12.8367 4.92755 3.6
    endloop
  endfacet
  facet normal -0.942635 0.333826 0
    outer loop
      vertex -13.077 4.24898 0
      vertex -12.8367 4.92755 3.6
      vertex -12.8367 4.92755 0
    endloop
  endfacet
  facet normal -0.942635 0.333826 0
    outer loop
      vertex -12.8367 4.92755 3.6
      vertex -13.077 4.24898 0
      vertex -13.077 4.24898 3.6
    endloop
  endfacet
  facet normal -0.958819 0.284017 0
    outer loop
      vertex -13.2815 3.55876 0
      vertex -13.077 4.24898 3.6
      vertex -13.077 4.24898 0
    endloop
  endfacet
  facet normal -0.958819 0.284017 0
    outer loop
      vertex -13.077 4.24898 3.6
      vertex -13.2815 3.55876 0
      vertex -13.2815 3.55876 3.6
    endloop
  endfacet
  facet normal -0.972372 0.233438 0
    outer loop
      vertex -13.4495 2.85878 0
      vertex -13.2815 3.55876 3.6
      vertex -13.2815 3.55876 0
    endloop
  endfacet
  facet normal -0.972372 0.233438 0
    outer loop
      vertex -13.2815 3.55876 3.6
      vertex -13.4495 2.85878 0
      vertex -13.4495 2.85878 3.6
    endloop
  endfacet
  facet normal -0.983256 0.182229 0
    outer loop
      vertex -13.5807 2.15097 0
      vertex -13.4495 2.85878 3.6
      vertex -13.4495 2.85878 0
    endloop
  endfacet
  facet normal -0.983256 0.182229 0
    outer loop
      vertex -13.4495 2.85878 3.6
      vertex -13.5807 2.15097 0
      vertex -13.5807 2.15097 3.6
    endloop
  endfacet
  facet normal -0.991445 0.130528 0
    outer loop
      vertex -13.6747 1.43726 0
      vertex -13.5807 2.15097 3.6
      vertex -13.5807 2.15097 0
    endloop
  endfacet
  facet normal -0.991445 0.130528 0
    outer loop
      vertex -13.5807 2.15097 3.6
      vertex -13.6747 1.43726 0
      vertex -13.6747 1.43726 3.6
    endloop
  endfacet
  facet normal -0.996917 0.0784697 0
    outer loop
      vertex -13.7312 0.719604 0
      vertex -13.6747 1.43726 3.6
      vertex -13.6747 1.43726 0
    endloop
  endfacet
  facet normal -0.996917 0.0784697 0
    outer loop
      vertex -13.6747 1.43726 3.6
      vertex -13.7312 0.719604 0
      vertex -13.7312 0.719604 3.6
    endloop
  endfacet
  facet normal -0.999657 0.0261785 0
    outer loop
      vertex -13.75 0 0
      vertex -13.7312 0.719604 3.6
      vertex -13.7312 0.719604 0
    endloop
  endfacet
  facet normal -0.999657 0.0261785 0
    outer loop
      vertex -13.7312 0.719604 3.6
      vertex -13.75 0 0
      vertex -13.75 0 3.6
    endloop
  endfacet
  facet normal -0.999657 -0.0261785 0
    outer loop
      vertex -13.7312 -0.719604 0
      vertex -13.75 0 3.6
      vertex -13.75 0 0
    endloop
  endfacet
  facet normal -0.999657 -0.0261785 0
    outer loop
      vertex -13.75 0 3.6
      vertex -13.7312 -0.719604 0
      vertex -13.7312 -0.719604 3.6
    endloop
  endfacet
  facet normal -0.996917 -0.0784697 0
    outer loop
      vertex -13.6747 -1.43726 0
      vertex -13.7312 -0.719604 3.6
      vertex -13.7312 -0.719604 0
    endloop
  endfacet
  facet normal -0.996917 -0.0784697 0
    outer loop
      vertex -13.7312 -0.719604 3.6
      vertex -13.6747 -1.43726 0
      vertex -13.6747 -1.43726 3.6
    endloop
  endfacet
  facet normal -0.991445 -0.130528 0
    outer loop
      vertex -13.5807 -2.15097 0
      vertex -13.6747 -1.43726 3.6
      vertex -13.6747 -1.43726 0
    endloop
  endfacet
  facet normal -0.991445 -0.130528 0
    outer loop
      vertex -13.6747 -1.43726 3.6
      vertex -13.5807 -2.15097 0
      vertex -13.5807 -2.15097 3.6
    endloop
  endfacet
  facet normal -0.983256 -0.182229 0
    outer loop
      vertex -13.4495 -2.85878 0
      vertex -13.5807 -2.15097 3.6
      vertex -13.5807 -2.15097 0
    endloop
  endfacet
  facet normal -0.983256 -0.182229 0
    outer loop
      vertex -13.5807 -2.15097 3.6
      vertex -13.4495 -2.85878 0
      vertex -13.4495 -2.85878 3.6
    endloop
  endfacet
  facet normal -0.972372 -0.233438 0
    outer loop
      vertex -13.2815 -3.55876 0
      vertex -13.4495 -2.85878 3.6
      vertex -13.4495 -2.85878 0
    endloop
  endfacet
  facet normal -0.972372 -0.233438 0
    outer loop
      vertex -13.4495 -2.85878 3.6
      vertex -13.2815 -3.55876 0
      vertex -13.2815 -3.55876 3.6
    endloop
  endfacet
  facet normal -0.958819 -0.284017 0
    outer loop
      vertex -13.077 -4.24898 0
      vertex -13.2815 -3.55876 3.6
      vertex -13.2815 -3.55876 0
    endloop
  endfacet
  facet normal -0.958819 -0.284017 0
    outer loop
      vertex -13.2815 -3.55876 3.6
      vertex -13.077 -4.24898 0
      vertex -13.077 -4.24898 3.6
    endloop
  endfacet
  facet normal -0.942635 -0.333826 0
    outer loop
      vertex -12.8367 -4.92755 0
      vertex -13.077 -4.24898 3.6
      vertex -13.077 -4.24898 0
    endloop
  endfacet
  facet normal -0.942635 -0.333826 0
    outer loop
      vertex -13.077 -4.24898 3.6
      vertex -12.8367 -4.92755 0
      vertex -12.8367 -4.92755 3.6
    endloop
  endfacet
  facet normal -0.923886 -0.382667 0
    outer loop
      vertex -12.5612 -5.59262 0
      vertex -12.8367 -4.92755 3.6
      vertex -12.8367 -4.92755 0
    endloop
  endfacet
  facet normal -0.923886 -0.382667 0
    outer loop
      vertex -12.8367 -4.92755 3.6
      vertex -12.5612 -5.59262 0
      vertex -12.5612 -5.59262 3.6
    endloop
  endfacet
  facet normal -0.902578 -0.430527 0
    outer loop
      vertex -12.2513 -6.24236 0
      vertex -12.5612 -5.59262 3.6
      vertex -12.5612 -5.59262 0
    endloop
  endfacet
  facet normal -0.902578 -0.430527 0
    outer loop
      vertex -12.5612 -5.59262 3.6
      vertex -12.2513 -6.24236 0
      vertex -12.2513 -6.24236 3.6
    endloop
  endfacet
  facet normal -0.878817 -0.47716 0
    outer loop
      vertex -11.9078 -6.87498 0
      vertex -12.2513 -6.24236 3.6
      vertex -12.2513 -6.24236 0
    endloop
  endfacet
  facet normal -0.878817 -0.47716 0
    outer loop
      vertex -12.2513 -6.24236 3.6
      vertex -11.9078 -6.87498 0
      vertex -11.9078 -6.87498 3.6
    endloop
  endfacet
  facet normal -0.852645 -0.52249 0
    outer loop
      vertex -11.5317 -7.48878 0
      vertex -11.9078 -6.87498 3.6
      vertex -11.9078 -6.87498 0
    endloop
  endfacet
  facet normal -0.852645 -0.52249 0
    outer loop
      vertex -11.9078 -6.87498 3.6
      vertex -11.5317 -7.48878 0
      vertex -11.5317 -7.48878 3.6
    endloop
  endfacet
  facet normal -0.824131 -0.566399 0
    outer loop
      vertex -11.124 -8.08205 0
      vertex -11.5317 -7.48878 3.6
      vertex -11.5317 -7.48878 0
    endloop
  endfacet
  facet normal -0.824131 -0.566399 0
    outer loop
      vertex -11.5317 -7.48878 3.6
      vertex -11.124 -8.08205 0
      vertex -11.124 -8.08205 3.6
    endloop
  endfacet
  facet normal -0.793348 -0.608768 0
    outer loop
      vertex -10.6857 -8.65315 0
      vertex -11.124 -8.08205 3.6
      vertex -11.124 -8.08205 0
    endloop
  endfacet
  facet normal -0.793348 -0.608768 0
    outer loop
      vertex -11.124 -8.08205 3.6
      vertex -10.6857 -8.65315 0
      vertex -10.6857 -8.65315 3.6
    endloop
  endfacet
  facet normal -0.7604 -0.649455 0
    outer loop
      vertex -10.2182 -9.20053 0
      vertex -10.6857 -8.65315 3.6
      vertex -10.6857 -8.65315 0
    endloop
  endfacet
  facet normal -0.7604 -0.649455 0
    outer loop
      vertex -10.6857 -8.65315 3.6
      vertex -10.2182 -9.20053 0
      vertex -10.2182 -9.20053 3.6
    endloop
  endfacet
  facet normal -0.72539 -0.688338 0
    outer loop
      vertex -9.72272 -9.72272 0
      vertex -10.2182 -9.20053 3.6
      vertex -10.2182 -9.20053 0
    endloop
  endfacet
  facet normal -0.72539 -0.688338 0
    outer loop
      vertex -10.2182 -9.20053 3.6
      vertex -9.72272 -9.72272 0
      vertex -9.72272 -9.72272 3.6
    endloop
  endfacet
  facet normal -0.688338 -0.72539 0
    outer loop
      vertex -9.72272 -9.72272 0
      vertex -9.20053 -10.2182 3.6
      vertex -9.72272 -9.72272 3.6
    endloop
  endfacet
  facet normal -0.688338 -0.72539 -0
    outer loop
      vertex -9.20053 -10.2182 3.6
      vertex -9.72272 -9.72272 0
      vertex -9.20053 -10.2182 0
    endloop
  endfacet
  facet normal -0.649455 -0.7604 0
    outer loop
      vertex -9.20053 -10.2182 0
      vertex -8.65315 -10.6857 3.6
      vertex -9.20053 -10.2182 3.6
    endloop
  endfacet
  facet normal -0.649455 -0.7604 -0
    outer loop
      vertex -8.65315 -10.6857 3.6
      vertex -9.20053 -10.2182 0
      vertex -8.65315 -10.6857 0
    endloop
  endfacet
  facet normal -0.608768 -0.793348 0
    outer loop
      vertex -8.65315 -10.6857 0
      vertex -8.08205 -11.124 3.6
      vertex -8.65315 -10.6857 3.6
    endloop
  endfacet
  facet normal -0.608768 -0.793348 -0
    outer loop
      vertex -8.08205 -11.124 3.6
      vertex -8.65315 -10.6857 0
      vertex -8.08205 -11.124 0
    endloop
  endfacet
  facet normal -0.566399 -0.824131 0
    outer loop
      vertex -8.08205 -11.124 0
      vertex -7.48878 -11.5317 3.6
      vertex -8.08205 -11.124 3.6
    endloop
  endfacet
  facet normal -0.566399 -0.824131 -0
    outer loop
      vertex -7.48878 -11.5317 3.6
      vertex -8.08205 -11.124 0
      vertex -7.48878 -11.5317 0
    endloop
  endfacet
  facet normal -0.5225 -0.852639 0
    outer loop
      vertex -7.48878 -11.5317 0
      vertex -6.875 -11.9078 3.6
      vertex -7.48878 -11.5317 3.6
    endloop
  endfacet
  facet normal -0.5225 -0.852639 -0
    outer loop
      vertex -6.875 -11.9078 3.6
      vertex -7.48878 -11.5317 0
      vertex -6.875 -11.9078 0
    endloop
  endfacet
  facet normal -0.477151 -0.878821 0
    outer loop
      vertex -6.875 -11.9078 0
      vertex -6.24236 -12.2513 3.6
      vertex -6.875 -11.9078 3.6
    endloop
  endfacet
  facet normal -0.477151 -0.878821 -0
    outer loop
      vertex -6.24236 -12.2513 3.6
      vertex -6.875 -11.9078 0
      vertex -6.24236 -12.2513 0
    endloop
  endfacet
  facet normal -0.430527 -0.902578 0
    outer loop
      vertex -6.24236 -12.2513 0
      vertex -5.59262 -12.5612 3.6
      vertex -6.24236 -12.2513 3.6
    endloop
  endfacet
  facet normal -0.430527 -0.902578 -0
    outer loop
      vertex -5.59262 -12.5612 3.6
      vertex -6.24236 -12.2513 0
      vertex -5.59262 -12.5612 0
    endloop
  endfacet
  facet normal -0.382667 -0.923886 0
    outer loop
      vertex -5.59262 -12.5612 0
      vertex -4.92755 -12.8367 3.6
      vertex -5.59262 -12.5612 3.6
    endloop
  endfacet
  facet normal -0.382667 -0.923886 -0
    outer loop
      vertex -4.92755 -12.8367 3.6
      vertex -5.59262 -12.5612 0
      vertex -4.92755 -12.8367 0
    endloop
  endfacet
  facet normal -0.333826 -0.942635 0
    outer loop
      vertex -4.92755 -12.8367 0
      vertex -4.24898 -13.077 3.6
      vertex -4.92755 -12.8367 3.6
    endloop
  endfacet
  facet normal -0.333826 -0.942635 -0
    outer loop
      vertex -4.24898 -13.077 3.6
      vertex -4.92755 -12.8367 0
      vertex -4.24898 -13.077 0
    endloop
  endfacet
  facet normal -0.284017 -0.958819 0
    outer loop
      vertex -4.24898 -13.077 0
      vertex -3.55876 -13.2815 3.6
      vertex -4.24898 -13.077 3.6
    endloop
  endfacet
  facet normal -0.284017 -0.958819 -0
    outer loop
      vertex -3.55876 -13.2815 3.6
      vertex -4.24898 -13.077 0
      vertex -3.55876 -13.2815 0
    endloop
  endfacet
  facet normal -0.233438 -0.972372 0
    outer loop
      vertex -3.55876 -13.2815 0
      vertex -2.85878 -13.4495 3.6
      vertex -3.55876 -13.2815 3.6
    endloop
  endfacet
  facet normal -0.233438 -0.972372 -0
    outer loop
      vertex -2.85878 -13.4495 3.6
      vertex -3.55876 -13.2815 0
      vertex -2.85878 -13.4495 0
    endloop
  endfacet
  facet normal -0.182229 -0.983256 0
    outer loop
      vertex -2.85878 -13.4495 0
      vertex -2.15097 -13.5807 3.6
      vertex -2.85878 -13.4495 3.6
    endloop
  endfacet
  facet normal -0.182229 -0.983256 -0
    outer loop
      vertex -2.15097 -13.5807 3.6
      vertex -2.85878 -13.4495 0
      vertex -2.15097 -13.5807 0
    endloop
  endfacet
  facet normal -0.130528 -0.991445 0
    outer loop
      vertex -2.15097 -13.5807 0
      vertex -1.43726 -13.6747 3.6
      vertex -2.15097 -13.5807 3.6
    endloop
  endfacet
  facet normal -0.130528 -0.991445 -0
    outer loop
      vertex -1.43726 -13.6747 3.6
      vertex -2.15097 -13.5807 0
      vertex -1.43726 -13.6747 0
    endloop
  endfacet
  facet normal -0.0784697 -0.996917 0
    outer loop
      vertex -1.43726 -13.6747 0
      vertex -0.719604 -13.7312 3.6
      vertex -1.43726 -13.6747 3.6
    endloop
  endfacet
  facet normal -0.0784697 -0.996917 -0
    outer loop
      vertex -0.719604 -13.7312 3.6
      vertex -1.43726 -13.6747 0
      vertex -0.719604 -13.7312 0
    endloop
  endfacet
  facet normal -0.0261785 -0.999657 0
    outer loop
      vertex -0.719604 -13.7312 0
      vertex 0 -13.75 3.6
      vertex -0.719604 -13.7312 3.6
    endloop
  endfacet
  facet normal -0.0261785 -0.999657 -0
    outer loop
      vertex 0 -13.75 3.6
      vertex -0.719604 -13.7312 0
      vertex 0 -13.75 0
    endloop
  endfacet
  facet normal 0.0261785 -0.999657 0
    outer loop
      vertex 0 -13.75 0
      vertex 0.719604 -13.7312 3.6
      vertex 0 -13.75 3.6
    endloop
  endfacet
  facet normal 0.0261785 -0.999657 0
    outer loop
      vertex 0.719604 -13.7312 3.6
      vertex 0 -13.75 0
      vertex 0.719604 -13.7312 0
    endloop
  endfacet
  facet normal 0.0784697 -0.996917 0
    outer loop
      vertex 0.719604 -13.7312 0
      vertex 1.43726 -13.6747 3.6
      vertex 0.719604 -13.7312 3.6
    endloop
  endfacet
  facet normal 0.0784697 -0.996917 0
    outer loop
      vertex 1.43726 -13.6747 3.6
      vertex 0.719604 -13.7312 0
      vertex 1.43726 -13.6747 0
    endloop
  endfacet
  facet normal 0.130528 -0.991445 0
    outer loop
      vertex 1.43726 -13.6747 0
      vertex 2.15097 -13.5807 3.6
      vertex 1.43726 -13.6747 3.6
    endloop
  endfacet
  facet normal 0.130528 -0.991445 0
    outer loop
      vertex 2.15097 -13.5807 3.6
      vertex 1.43726 -13.6747 0
      vertex 2.15097 -13.5807 0
    endloop
  endfacet
  facet normal 0.182229 -0.983256 0
    outer loop
      vertex 2.15097 -13.5807 0
      vertex 2.85878 -13.4495 3.6
      vertex 2.15097 -13.5807 3.6
    endloop
  endfacet
  facet normal 0.182229 -0.983256 0
    outer loop
      vertex 2.85878 -13.4495 3.6
      vertex 2.15097 -13.5807 0
      vertex 2.85878 -13.4495 0
    endloop
  endfacet
  facet normal 0.233438 -0.972372 0
    outer loop
      vertex 2.85878 -13.4495 0
      vertex 3.55876 -13.2815 3.6
      vertex 2.85878 -13.4495 3.6
    endloop
  endfacet
  facet normal 0.233438 -0.972372 0
    outer loop
      vertex 3.55876 -13.2815 3.6
      vertex 2.85878 -13.4495 0
      vertex 3.55876 -13.2815 0
    endloop
  endfacet
  facet normal 0.284017 -0.958819 0
    outer loop
      vertex 3.55876 -13.2815 0
      vertex 4.24898 -13.077 3.6
      vertex 3.55876 -13.2815 3.6
    endloop
  endfacet
  facet normal 0.284017 -0.958819 0
    outer loop
      vertex 4.24898 -13.077 3.6
      vertex 3.55876 -13.2815 0
      vertex 4.24898 -13.077 0
    endloop
  endfacet
  facet normal 0.333826 -0.942635 0
    outer loop
      vertex 4.24898 -13.077 0
      vertex 4.92755 -12.8367 3.6
      vertex 4.24898 -13.077 3.6
    endloop
  endfacet
  facet normal 0.333826 -0.942635 0
    outer loop
      vertex 4.92755 -12.8367 3.6
      vertex 4.24898 -13.077 0
      vertex 4.92755 -12.8367 0
    endloop
  endfacet
  facet normal 0.382667 -0.923886 0
    outer loop
      vertex 4.92755 -12.8367 0
      vertex 5.59262 -12.5612 3.6
      vertex 4.92755 -12.8367 3.6
    endloop
  endfacet
  facet normal 0.382667 -0.923886 0
    outer loop
      vertex 5.59262 -12.5612 3.6
      vertex 4.92755 -12.8367 0
      vertex 5.59262 -12.5612 0
    endloop
  endfacet
  facet normal 0.430527 -0.902578 0
    outer loop
      vertex 5.59262 -12.5612 0
      vertex 6.24236 -12.2513 3.6
      vertex 5.59262 -12.5612 3.6
    endloop
  endfacet
  facet normal 0.430527 -0.902578 0
    outer loop
      vertex 6.24236 -12.2513 3.6
      vertex 5.59262 -12.5612 0
      vertex 6.24236 -12.2513 0
    endloop
  endfacet
  facet normal 0.477151 -0.878821 0
    outer loop
      vertex 6.24236 -12.2513 0
      vertex 6.875 -11.9078 3.6
      vertex 6.24236 -12.2513 3.6
    endloop
  endfacet
  facet normal 0.477151 -0.878821 0
    outer loop
      vertex 6.875 -11.9078 3.6
      vertex 6.24236 -12.2513 0
      vertex 6.875 -11.9078 0
    endloop
  endfacet
  facet normal 0.5225 -0.852639 0
    outer loop
      vertex 6.875 -11.9078 0
      vertex 7.48878 -11.5317 3.6
      vertex 6.875 -11.9078 3.6
    endloop
  endfacet
  facet normal 0.5225 -0.852639 0
    outer loop
      vertex 7.48878 -11.5317 3.6
      vertex 6.875 -11.9078 0
      vertex 7.48878 -11.5317 0
    endloop
  endfacet
  facet normal 0.566399 -0.824131 0
    outer loop
      vertex 7.48878 -11.5317 0
      vertex 8.08205 -11.124 3.6
      vertex 7.48878 -11.5317 3.6
    endloop
  endfacet
  facet normal 0.566399 -0.824131 0
    outer loop
      vertex 8.08205 -11.124 3.6
      vertex 7.48878 -11.5317 0
      vertex 8.08205 -11.124 0
    endloop
  endfacet
  facet normal 0.608768 -0.793348 0
    outer loop
      vertex 8.08205 -11.124 0
      vertex 8.65315 -10.6857 3.6
      vertex 8.08205 -11.124 3.6
    endloop
  endfacet
  facet normal 0.608768 -0.793348 0
    outer loop
      vertex 8.65315 -10.6857 3.6
      vertex 8.08205 -11.124 0
      vertex 8.65315 -10.6857 0
    endloop
  endfacet
  facet normal 0.649455 -0.7604 0
    outer loop
      vertex 8.65315 -10.6857 0
      vertex 9.20053 -10.2182 3.6
      vertex 8.65315 -10.6857 3.6
    endloop
  endfacet
  facet normal 0.649455 -0.7604 0
    outer loop
      vertex 9.20053 -10.2182 3.6
      vertex 8.65315 -10.6857 0
      vertex 9.20053 -10.2182 0
    endloop
  endfacet
  facet normal 0.688338 -0.72539 0
    outer loop
      vertex 9.20053 -10.2182 0
      vertex 9.72272 -9.72272 3.6
      vertex 9.20053 -10.2182 3.6
    endloop
  endfacet
  facet normal 0.688338 -0.72539 0
    outer loop
      vertex 9.72272 -9.72272 3.6
      vertex 9.20053 -10.2182 0
      vertex 9.72272 -9.72272 0
    endloop
  endfacet
  facet normal 0.72539 -0.688338 0
    outer loop
      vertex 9.72272 -9.72272 3.6
      vertex 10.2182 -9.20053 0
      vertex 10.2182 -9.20053 3.6
    endloop
  endfacet
  facet normal 0.72539 -0.688338 0
    outer loop
      vertex 10.2182 -9.20053 0
      vertex 9.72272 -9.72272 3.6
      vertex 9.72272 -9.72272 0
    endloop
  endfacet
  facet normal 0.7604 -0.649455 0
    outer loop
      vertex 10.2182 -9.20053 3.6
      vertex 10.6857 -8.65315 0
      vertex 10.6857 -8.65315 3.6
    endloop
  endfacet
  facet normal 0.7604 -0.649455 0
    outer loop
      vertex 10.6857 -8.65315 0
      vertex 10.2182 -9.20053 3.6
      vertex 10.2182 -9.20053 0
    endloop
  endfacet
  facet normal 0.793348 -0.608768 0
    outer loop
      vertex 10.6857 -8.65315 3.6
      vertex 11.124 -8.08205 0
      vertex 11.124 -8.08205 3.6
    endloop
  endfacet
  facet normal 0.793348 -0.608768 0
    outer loop
      vertex 11.124 -8.08205 0
      vertex 10.6857 -8.65315 3.6
      vertex 10.6857 -8.65315 0
    endloop
  endfacet
  facet normal 0.824127 -0.566405 0
    outer loop
      vertex 11.124 -8.08205 3.6
      vertex 11.2898 -7.84071 0
      vertex 11.2898 -7.84071 3.6
    endloop
  endfacet
  facet normal 0.824127 -0.566405 0
    outer loop
      vertex 11.2898 -7.84071 0
      vertex 11.124 -8.08205 3.6
      vertex 11.124 -8.08205 0
    endloop
  endfacet
  facet normal -0.570419 -0.821354 0
    outer loop
      vertex 11.2898 -7.84071 0
      vertex 11.3001 -7.84782 3.6
      vertex 11.2898 -7.84071 3.6
    endloop
  endfacet
  facet normal -0.570419 -0.821354 -0
    outer loop
      vertex 11.3001 -7.84782 3.6
      vertex 11.2898 -7.84071 0
      vertex 11.3001 -7.84782 0
    endloop
  endfacet
  facet normal 0.831494 -0.555534 0
    outer loop
      vertex 11.3001 -7.84782 3.6
      vertex 11.4056 -7.68994 0
      vertex 11.4056 -7.68994 3.6
    endloop
  endfacet
  facet normal 0.831494 -0.555534 0
    outer loop
      vertex 11.4056 -7.68994 0
      vertex 11.3001 -7.84782 3.6
      vertex 11.3001 -7.84782 0
    endloop
  endfacet
  facet normal 0.751832 -0.659355 0
    outer loop
      vertex 11.4056 -7.68994 3.6
      vertex 11.7505 -7.29657 0
      vertex 11.7505 -7.29657 3.6
    endloop
  endfacet
  facet normal 0.751832 -0.659355 0
    outer loop
      vertex 11.7505 -7.29657 0
      vertex 11.4056 -7.68994 3.6
      vertex 11.4056 -7.68994 0
    endloop
  endfacet
  facet normal 0.65934 -0.751845 0
    outer loop
      vertex 11.7505 -7.29657 0
      vertex 12.1439 -6.95158 3.6
      vertex 11.7505 -7.29657 3.6
    endloop
  endfacet
  facet normal 0.65934 -0.751845 0
    outer loop
      vertex 12.1439 -6.95158 3.6
      vertex 11.7505 -7.29657 0
      vertex 12.1439 -6.95158 0
    endloop
  endfacet
  facet normal 0.555582 -0.831462 0
    outer loop
      vertex 12.1439 -6.95158 0
      vertex 12.579 -6.66089 3.6
      vertex 12.1439 -6.95158 3.6
    endloop
  endfacet
  facet normal 0.555582 -0.831462 0
    outer loop
      vertex 12.579 -6.66089 3.6
      vertex 12.1439 -6.95158 0
      vertex 12.579 -6.66089 0
    endloop
  endfacet
  facet normal 0.442284 -0.896875 0
    outer loop
      vertex 12.579 -6.66089 0
      vertex 13.0482 -6.42947 3.6
      vertex 12.579 -6.66089 3.6
    endloop
  endfacet
  facet normal 0.442284 -0.896875 0
    outer loop
      vertex 13.0482 -6.42947 3.6
      vertex 12.579 -6.66089 0
      vertex 13.0482 -6.42947 0
    endloop
  endfacet
  facet normal 0.321437 -0.946931 0
    outer loop
      vertex 13.0482 -6.42947 0
      vertex 13.5437 -6.26129 3.6
      vertex 13.0482 -6.42947 3.6
    endloop
  endfacet
  facet normal 0.321437 -0.946931 0
    outer loop
      vertex 13.5437 -6.26129 3.6
      vertex 13.0482 -6.42947 0
      vertex 13.5437 -6.26129 0
    endloop
  endfacet
  facet normal 0.195101 -0.980783 0
    outer loop
      vertex 13.5437 -6.26129 0
      vertex 14.0569 -6.15921 3.6
      vertex 13.5437 -6.26129 3.6
    endloop
  endfacet
  facet normal 0.195101 -0.980783 0
    outer loop
      vertex 14.0569 -6.15921 3.6
      vertex 13.5437 -6.26129 0
      vertex 14.0569 -6.15921 0
    endloop
  endfacet
  facet normal 0.0653828 -0.99786 0
    outer loop
      vertex 14.0569 -6.15921 0
      vertex 14.579 -6.125 3.6
      vertex 14.0569 -6.15921 3.6
    endloop
  endfacet
  facet normal 0.0653828 -0.99786 0
    outer loop
      vertex 14.579 -6.125 3.6
      vertex 14.0569 -6.15921 0
      vertex 14.579 -6.125 0
    endloop
  endfacet
  facet normal 0 -1 0
    outer loop
      vertex 14.579 -6.125 0
      vertex 123.546 -6.125 3.6
      vertex 14.579 -6.125 3.6
    endloop
  endfacet
  facet normal 0 -1 -0
    outer loop
      vertex 123.546 -6.125 3.6
      vertex 14.579 -6.125 0
      vertex 123.546 -6.125 0
    endloop
  endfacet
  facet normal -0.0653847 -0.99786 0
    outer loop
      vertex 123.546 -6.125 0
      vertex 124.068 -6.15921 3.6
      vertex 123.546 -6.125 3.6
    endloop
  endfacet
  facet normal -0.0653847 -0.99786 -0
    outer loop
      vertex 124.068 -6.15921 3.6
      vertex 123.546 -6.125 0
      vertex 124.068 -6.15921 0
    endloop
  endfacet
  facet normal -0.195101 -0.980783 0
    outer loop
      vertex 124.068 -6.15921 0
      vertex 124.581 -6.26129 3.6
      vertex 124.068 -6.15921 3.6
    endloop
  endfacet
  facet normal -0.195101 -0.980783 -0
    outer loop
      vertex 124.581 -6.26129 3.6
      vertex 124.068 -6.15921 0
      vertex 124.581 -6.26129 0
    endloop
  endfacet
  facet normal -0.321437 -0.946931 0
    outer loop
      vertex 124.581 -6.26129 0
      vertex 125.077 -6.42947 3.6
      vertex 124.581 -6.26129 3.6
    endloop
  endfacet
  facet normal -0.321437 -0.946931 -0
    outer loop
      vertex 125.077 -6.42947 3.6
      vertex 124.581 -6.26129 0
      vertex 125.077 -6.42947 0
    endloop
  endfacet
  facet normal -0.442284 -0.896875 0
    outer loop
      vertex 125.077 -6.42947 0
      vertex 125.546 -6.66089 3.6
      vertex 125.077 -6.42947 3.6
    endloop
  endfacet
  facet normal -0.442284 -0.896875 -0
    outer loop
      vertex 125.546 -6.66089 3.6
      vertex 125.077 -6.42947 0
      vertex 125.546 -6.66089 0
    endloop
  endfacet
  facet normal -0.555582 -0.831462 0
    outer loop
      vertex 125.546 -6.66089 0
      vertex 125.981 -6.95158 3.6
      vertex 125.546 -6.66089 3.6
    endloop
  endfacet
  facet normal -0.555582 -0.831462 -0
    outer loop
      vertex 125.981 -6.95158 3.6
      vertex 125.546 -6.66089 0
      vertex 125.981 -6.95158 0
    endloop
  endfacet
  facet normal -0.65934 -0.751845 0
    outer loop
      vertex 125.981 -6.95158 0
      vertex 126.374 -7.29657 3.6
      vertex 125.981 -6.95158 3.6
    endloop
  endfacet
  facet normal -0.65934 -0.751845 -0
    outer loop
      vertex 126.374 -7.29657 3.6
      vertex 125.981 -6.95158 0
      vertex 126.374 -7.29657 0
    endloop
  endfacet
  facet normal -0.751832 -0.659355 0
    outer loop
      vertex 126.719 -7.68994 0
      vertex 126.374 -7.29657 3.6
      vertex 126.374 -7.29657 0
    endloop
  endfacet
  facet normal -0.751832 -0.659355 0
    outer loop
      vertex 126.374 -7.29657 3.6
      vertex 126.719 -7.68994 0
      vertex 126.719 -7.68994 3.6
    endloop
  endfacet
  facet normal -0.831494 -0.555534 0
    outer loop
      vertex 126.825 -7.84782 0
      vertex 126.719 -7.68994 3.6
      vertex 126.719 -7.68994 0
    endloop
  endfacet
  facet normal -0.831494 -0.555534 0
    outer loop
      vertex 126.719 -7.68994 3.6
      vertex 126.825 -7.84782 0
      vertex 126.825 -7.84782 3.6
    endloop
  endfacet
  facet normal 0.569846 -0.821752 0
    outer loop
      vertex 126.825 -7.84782 0
      vertex 126.835 -7.84071 3.6
      vertex 126.825 -7.84782 3.6
    endloop
  endfacet
  facet normal 0.569846 -0.821752 0
    outer loop
      vertex 126.835 -7.84071 3.6
      vertex 126.825 -7.84782 0
      vertex 126.835 -7.84071 0
    endloop
  endfacet
  facet normal -0.824127 -0.566405 0
    outer loop
      vertex 127.001 -8.08205 0
      vertex 126.835 -7.84071 3.6
      vertex 126.835 -7.84071 0
    endloop
  endfacet
  facet normal -0.824127 -0.566405 0
    outer loop
      vertex 126.835 -7.84071 3.6
      vertex 127.001 -8.08205 0
      vertex 127.001 -8.08205 3.6
    endloop
  endfacet
  facet normal -0.793348 -0.608768 0
    outer loop
      vertex 127.439 -8.65315 0
      vertex 127.001 -8.08205 3.6
      vertex 127.001 -8.08205 0
    endloop
  endfacet
  facet normal -0.793348 -0.608768 0
    outer loop
      vertex 127.001 -8.08205 3.6
      vertex 127.439 -8.65315 0
      vertex 127.439 -8.65315 3.6
    endloop
  endfacet
  facet normal -0.7604 -0.649455 0
    outer loop
      vertex 127.907 -9.20053 0
      vertex 127.439 -8.65315 3.6
      vertex 127.439 -8.65315 0
    endloop
  endfacet
  facet normal -0.7604 -0.649455 0
    outer loop
      vertex 127.439 -8.65315 3.6
      vertex 127.907 -9.20053 0
      vertex 127.907 -9.20053 3.6
    endloop
  endfacet
  facet normal -0.72539 -0.688338 0
    outer loop
      vertex 128.402 -9.72272 0
      vertex 127.907 -9.20053 3.6
      vertex 127.907 -9.20053 0
    endloop
  endfacet
  facet normal -0.72539 -0.688338 0
    outer loop
      vertex 127.907 -9.20053 3.6
      vertex 128.402 -9.72272 0
      vertex 128.402 -9.72272 3.6
    endloop
  endfacet
  facet normal -0.688338 -0.72539 0
    outer loop
      vertex 128.402 -9.72272 0
      vertex 128.924 -10.2182 3.6
      vertex 128.402 -9.72272 3.6
    endloop
  endfacet
  facet normal -0.688338 -0.72539 -0
    outer loop
      vertex 128.924 -10.2182 3.6
      vertex 128.402 -9.72272 0
      vertex 128.924 -10.2182 0
    endloop
  endfacet
  facet normal -0.649455 -0.7604 0
    outer loop
      vertex 128.924 -10.2182 0
      vertex 129.472 -10.6857 3.6
      vertex 128.924 -10.2182 3.6
    endloop
  endfacet
  facet normal -0.649455 -0.7604 -0
    outer loop
      vertex 129.472 -10.6857 3.6
      vertex 128.924 -10.2182 0
      vertex 129.472 -10.6857 0
    endloop
  endfacet
  facet normal -0.608768 -0.793348 0
    outer loop
      vertex 129.472 -10.6857 0
      vertex 130.043 -11.124 3.6
      vertex 129.472 -10.6857 3.6
    endloop
  endfacet
  facet normal -0.608768 -0.793348 -0
    outer loop
      vertex 130.043 -11.124 3.6
      vertex 129.472 -10.6857 0
      vertex 130.043 -11.124 0
    endloop
  endfacet
  facet normal -0.566399 -0.824131 0
    outer loop
      vertex 130.043 -11.124 0
      vertex 130.636 -11.5317 3.6
      vertex 130.043 -11.124 3.6
    endloop
  endfacet
  facet normal -0.566399 -0.824131 -0
    outer loop
      vertex 130.636 -11.5317 3.6
      vertex 130.043 -11.124 0
      vertex 130.636 -11.5317 0
    endloop
  endfacet
  facet normal -0.5225 -0.852639 0
    outer loop
      vertex 130.636 -11.5317 0
      vertex 131.25 -11.9078 3.6
      vertex 130.636 -11.5317 3.6
    endloop
  endfacet
  facet normal -0.5225 -0.852639 -0
    outer loop
      vertex 131.25 -11.9078 3.6
      vertex 130.636 -11.5317 0
      vertex 131.25 -11.9078 0
    endloop
  endfacet
  facet normal -0.477151 -0.878821 0
    outer loop
      vertex 131.25 -11.9078 0
      vertex 131.883 -12.2513 3.6
      vertex 131.25 -11.9078 3.6
    endloop
  endfacet
  facet normal -0.477151 -0.878821 -0
    outer loop
      vertex 131.883 -12.2513 3.6
      vertex 131.25 -11.9078 0
      vertex 131.883 -12.2513 0
    endloop
  endfacet
  facet normal -0.430527 -0.902578 0
    outer loop
      vertex 131.883 -12.2513 0
      vertex 132.532 -12.5612 3.6
      vertex 131.883 -12.2513 3.6
    endloop
  endfacet
  facet normal -0.430527 -0.902578 -0
    outer loop
      vertex 132.532 -12.5612 3.6
      vertex 131.883 -12.2513 0
      vertex 132.532 -12.5612 0
    endloop
  endfacet
  facet normal -0.382667 -0.923886 0
    outer loop
      vertex 132.532 -12.5612 0
      vertex 133.197 -12.8367 3.6
      vertex 132.532 -12.5612 3.6
    endloop
  endfacet
  facet normal -0.382667 -0.923886 -0
    outer loop
      vertex 133.197 -12.8367 3.6
      vertex 132.532 -12.5612 0
      vertex 133.197 -12.8367 0
    endloop
  endfacet
  facet normal -0.333826 -0.942635 0
    outer loop
      vertex 133.197 -12.8367 0
      vertex 133.876 -13.077 3.6
      vertex 133.197 -12.8367 3.6
    endloop
  endfacet
  facet normal -0.333826 -0.942635 -0
    outer loop
      vertex 133.876 -13.077 3.6
      vertex 133.197 -12.8367 0
      vertex 133.876 -13.077 0
    endloop
  endfacet
  facet normal -0.284017 -0.958819 0
    outer loop
      vertex 133.876 -13.077 0
      vertex 134.566 -13.2815 3.6
      vertex 133.876 -13.077 3.6
    endloop
  endfacet
  facet normal -0.284017 -0.958819 -0
    outer loop
      vertex 134.566 -13.2815 3.6
      vertex 133.876 -13.077 0
      vertex 134.566 -13.2815 0
    endloop
  endfacet
  facet normal -0.233438 -0.972372 0
    outer loop
      vertex 134.566 -13.2815 0
      vertex 135.266 -13.4495 3.6
      vertex 134.566 -13.2815 3.6
    endloop
  endfacet
  facet normal -0.233438 -0.972372 -0
    outer loop
      vertex 135.266 -13.4495 3.6
      vertex 134.566 -13.2815 0
      vertex 135.266 -13.4495 0
    endloop
  endfacet
  facet normal -0.182229 -0.983256 0
    outer loop
      vertex 135.266 -13.4495 0
      vertex 135.974 -13.5807 3.6
      vertex 135.266 -13.4495 3.6
    endloop
  endfacet
  facet normal -0.182229 -0.983256 -0
    outer loop
      vertex 135.974 -13.5807 3.6
      vertex 135.266 -13.4495 0
      vertex 135.974 -13.5807 0
    endloop
  endfacet
  facet normal -0.130528 -0.991445 0
    outer loop
      vertex 135.974 -13.5807 0
      vertex 136.688 -13.6747 3.6
      vertex 135.974 -13.5807 3.6
    endloop
  endfacet
  facet normal -0.130528 -0.991445 -0
    outer loop
      vertex 136.688 -13.6747 3.6
      vertex 135.974 -13.5807 0
      vertex 136.688 -13.6747 0
    endloop
  endfacet
  facet normal -0.0784697 -0.996917 0
    outer loop
      vertex 136.688 -13.6747 0
      vertex 137.405 -13.7312 3.6
      vertex 136.688 -13.6747 3.6
    endloop
  endfacet
  facet normal -0.0784697 -0.996917 -0
    outer loop
      vertex 137.405 -13.7312 3.6
      vertex 136.688 -13.6747 0
      vertex 137.405 -13.7312 0
    endloop
  endfacet
  facet normal -0.0261785 -0.999657 0
    outer loop
      vertex 137.405 -13.7312 0
      vertex 138.125 -13.75 3.6
      vertex 137.405 -13.7312 3.6
    endloop
  endfacet
  facet normal -0.0261785 -0.999657 -0
    outer loop
      vertex 138.125 -13.75 3.6
      vertex 137.405 -13.7312 0
      vertex 138.125 -13.75 0
    endloop
  endfacet
  facet normal 0.0261785 -0.999657 0
    outer loop
      vertex 138.125 -13.75 0
      vertex 138.845 -13.7312 3.6
      vertex 138.125 -13.75 3.6
    endloop
  endfacet
  facet normal 0.0261785 -0.999657 0
    outer loop
      vertex 138.845 -13.7312 3.6
      vertex 138.125 -13.75 0
      vertex 138.845 -13.7312 0
    endloop
  endfacet
  facet normal 0.0784697 -0.996917 0
    outer loop
      vertex 138.845 -13.7312 0
      vertex 139.562 -13.6747 3.6
      vertex 138.845 -13.7312 3.6
    endloop
  endfacet
  facet normal 0.0784697 -0.996917 0
    outer loop
      vertex 139.562 -13.6747 3.6
      vertex 138.845 -13.7312 0
      vertex 139.562 -13.6747 0
    endloop
  endfacet
  facet normal 0.130528 -0.991445 0
    outer loop
      vertex 139.562 -13.6747 0
      vertex 140.276 -13.5807 3.6
      vertex 139.562 -13.6747 3.6
    endloop
  endfacet
  facet normal 0.130528 -0.991445 0
    outer loop
      vertex 140.276 -13.5807 3.6
      vertex 139.562 -13.6747 0
      vertex 140.276 -13.5807 0
    endloop
  endfacet
  facet normal 0.182229 -0.983256 0
    outer loop
      vertex 140.276 -13.5807 0
      vertex 140.984 -13.4495 3.6
      vertex 140.276 -13.5807 3.6
    endloop
  endfacet
  facet normal 0.182229 -0.983256 0
    outer loop
      vertex 140.984 -13.4495 3.6
      vertex 140.276 -13.5807 0
      vertex 140.984 -13.4495 0
    endloop
  endfacet
  facet normal 0.233438 -0.972372 0
    outer loop
      vertex 140.984 -13.4495 0
      vertex 141.684 -13.2815 3.6
      vertex 140.984 -13.4495 3.6
    endloop
  endfacet
  facet normal 0.233438 -0.972372 0
    outer loop
      vertex 141.684 -13.2815 3.6
      vertex 140.984 -13.4495 0
      vertex 141.684 -13.2815 0
    endloop
  endfacet
  facet normal 0.284017 -0.958819 0
    outer loop
      vertex 141.684 -13.2815 0
      vertex 142.374 -13.077 3.6
      vertex 141.684 -13.2815 3.6
    endloop
  endfacet
  facet normal 0.284017 -0.958819 0
    outer loop
      vertex 142.374 -13.077 3.6
      vertex 141.684 -13.2815 0
      vertex 142.374 -13.077 0
    endloop
  endfacet
  facet normal 0.333826 -0.942635 0
    outer loop
      vertex 142.374 -13.077 0
      vertex 143.053 -12.8367 3.6
      vertex 142.374 -13.077 3.6
    endloop
  endfacet
  facet normal 0.333826 -0.942635 0
    outer loop
      vertex 143.053 -12.8367 3.6
      vertex 142.374 -13.077 0
      vertex 143.053 -12.8367 0
    endloop
  endfacet
  facet normal 0.382667 -0.923886 0
    outer loop
      vertex 143.053 -12.8367 0
      vertex 143.718 -12.5612 3.6
      vertex 143.053 -12.8367 3.6
    endloop
  endfacet
  facet normal 0.382667 -0.923886 0
    outer loop
      vertex 143.718 -12.5612 3.6
      vertex 143.053 -12.8367 0
      vertex 143.718 -12.5612 0
    endloop
  endfacet
  facet normal 0.430527 -0.902578 0
    outer loop
      vertex 143.718 -12.5612 0
      vertex 144.367 -12.2513 3.6
      vertex 143.718 -12.5612 3.6
    endloop
  endfacet
  facet normal 0.430527 -0.902578 0
    outer loop
      vertex 144.367 -12.2513 3.6
      vertex 143.718 -12.5612 0
      vertex 144.367 -12.2513 0
    endloop
  endfacet
  facet normal 0.477151 -0.878821 0
    outer loop
      vertex 144.367 -12.2513 0
      vertex 145 -11.9078 3.6
      vertex 144.367 -12.2513 3.6
    endloop
  endfacet
  facet normal 0.477151 -0.878821 0
    outer loop
      vertex 145 -11.9078 3.6
      vertex 144.367 -12.2513 0
      vertex 145 -11.9078 0
    endloop
  endfacet
  facet normal 0.5225 -0.852639 0
    outer loop
      vertex 145 -11.9078 0
      vertex 145.614 -11.5317 3.6
      vertex 145 -11.9078 3.6
    endloop
  endfacet
  facet normal 0.5225 -0.852639 0
    outer loop
      vertex 145.614 -11.5317 3.6
      vertex 145 -11.9078 0
      vertex 145.614 -11.5317 0
    endloop
  endfacet
  facet normal 0.566399 -0.824131 0
    outer loop
      vertex 145.614 -11.5317 0
      vertex 146.207 -11.124 3.6
      vertex 145.614 -11.5317 3.6
    endloop
  endfacet
  facet normal 0.566399 -0.824131 0
    outer loop
      vertex 146.207 -11.124 3.6
      vertex 145.614 -11.5317 0
      vertex 146.207 -11.124 0
    endloop
  endfacet
  facet normal 0.608768 -0.793348 0
    outer loop
      vertex 146.207 -11.124 0
      vertex 146.778 -10.6857 3.6
      vertex 146.207 -11.124 3.6
    endloop
  endfacet
  facet normal 0.608768 -0.793348 0
    outer loop
      vertex 146.778 -10.6857 3.6
      vertex 146.207 -11.124 0
      vertex 146.778 -10.6857 0
    endloop
  endfacet
  facet normal 0.649455 -0.7604 0
    outer loop
      vertex 146.778 -10.6857 0
      vertex 147.326 -10.2182 3.6
      vertex 146.778 -10.6857 3.6
    endloop
  endfacet
  facet normal 0.649455 -0.7604 0
    outer loop
      vertex 147.326 -10.2182 3.6
      vertex 146.778 -10.6857 0
      vertex 147.326 -10.2182 0
    endloop
  endfacet
  facet normal 0.688338 -0.72539 0
    outer loop
      vertex 147.326 -10.2182 0
      vertex 147.848 -9.72272 3.6
      vertex 147.326 -10.2182 3.6
    endloop
  endfacet
  facet normal 0.688338 -0.72539 0
    outer loop
      vertex 147.848 -9.72272 3.6
      vertex 147.326 -10.2182 0
      vertex 147.848 -9.72272 0
    endloop
  endfacet
  facet normal 0.72539 -0.688338 0
    outer loop
      vertex 147.848 -9.72272 3.6
      vertex 148.343 -9.20053 0
      vertex 148.343 -9.20053 3.6
    endloop
  endfacet
  facet normal 0.72539 -0.688338 0
    outer loop
      vertex 148.343 -9.20053 0
      vertex 147.848 -9.72272 3.6
      vertex 147.848 -9.72272 0
    endloop
  endfacet
  facet normal 0.7604 -0.649455 0
    outer loop
      vertex 148.343 -9.20053 3.6
      vertex 148.811 -8.65315 0
      vertex 148.811 -8.65315 3.6
    endloop
  endfacet
  facet normal 0.7604 -0.649455 0
    outer loop
      vertex 148.811 -8.65315 0
      vertex 148.343 -9.20053 3.6
      vertex 148.343 -9.20053 0
    endloop
  endfacet
  facet normal 0.793348 -0.608768 0
    outer loop
      vertex 148.811 -8.65315 3.6
      vertex 149.249 -8.08205 0
      vertex 149.249 -8.08205 3.6
    endloop
  endfacet
  facet normal 0.793348 -0.608768 0
    outer loop
      vertex 149.249 -8.08205 0
      vertex 148.811 -8.65315 3.6
      vertex 148.811 -8.65315 0
    endloop
  endfacet
  facet normal 0.824131 -0.566399 0
    outer loop
      vertex 149.249 -8.08205 3.6
      vertex 149.657 -7.48878 0
      vertex 149.657 -7.48878 3.6
    endloop
  endfacet
  facet normal 0.824131 -0.566399 0
    outer loop
      vertex 149.657 -7.48878 0
      vertex 149.249 -8.08205 3.6
      vertex 149.249 -8.08205 0
    endloop
  endfacet
  facet normal 0.852645 -0.52249 0
    outer loop
      vertex 149.657 -7.48878 3.6
      vertex 150.033 -6.87498 0
      vertex 150.033 -6.87498 3.6
    endloop
  endfacet
  facet normal 0.852645 -0.52249 0
    outer loop
      vertex 150.033 -6.87498 0
      vertex 149.657 -7.48878 3.6
      vertex 149.657 -7.48878 0
    endloop
  endfacet
  facet normal 0.878817 -0.47716 0
    outer loop
      vertex 150.033 -6.87498 3.6
      vertex 150.376 -6.24236 0
      vertex 150.376 -6.24236 3.6
    endloop
  endfacet
  facet normal 0.878817 -0.47716 0
    outer loop
      vertex 150.376 -6.24236 0
      vertex 150.033 -6.87498 3.6
      vertex 150.033 -6.87498 0
    endloop
  endfacet
  facet normal 0.902578 -0.430527 0
    outer loop
      vertex 150.376 -6.24236 3.6
      vertex 150.686 -5.59262 0
      vertex 150.686 -5.59262 3.6
    endloop
  endfacet
  facet normal 0.902578 -0.430527 0
    outer loop
      vertex 150.686 -5.59262 0
      vertex 150.376 -6.24236 3.6
      vertex 150.376 -6.24236 0
    endloop
  endfacet
  facet normal 0.923886 -0.382667 0
    outer loop
      vertex 150.686 -5.59262 3.6
      vertex 150.962 -4.92755 0
      vertex 150.962 -4.92755 3.6
    endloop
  endfacet
  facet normal 0.923886 -0.382667 0
    outer loop
      vertex 150.962 -4.92755 0
      vertex 150.686 -5.59262 3.6
      vertex 150.686 -5.59262 0
    endloop
  endfacet
  facet normal 0.942635 -0.333826 0
    outer loop
      vertex 150.962 -4.92755 3.6
      vertex 151.202 -4.24898 0
      vertex 151.202 -4.24898 3.6
    endloop
  endfacet
  facet normal 0.942635 -0.333826 0
    outer loop
      vertex 151.202 -4.24898 0
      vertex 150.962 -4.92755 3.6
      vertex 150.962 -4.92755 0
    endloop
  endfacet
  facet normal 0.958819 -0.284017 0
    outer loop
      vertex 151.202 -4.24898 3.6
      vertex 151.406 -3.55876 0
      vertex 151.406 -3.55876 3.6
    endloop
  endfacet
  facet normal 0.958819 -0.284017 0
    outer loop
      vertex 151.406 -3.55876 0
      vertex 151.202 -4.24898 3.6
      vertex 151.202 -4.24898 0
    endloop
  endfacet
  facet normal 0.972372 -0.233438 0
    outer loop
      vertex 151.406 -3.55876 3.6
      vertex 151.575 -2.85878 0
      vertex 151.575 -2.85878 3.6
    endloop
  endfacet
  facet normal 0.972372 -0.233438 0
    outer loop
      vertex 151.575 -2.85878 0
      vertex 151.406 -3.55876 3.6
      vertex 151.406 -3.55876 0
    endloop
  endfacet
  facet normal 0.983256 -0.182229 0
    outer loop
      vertex 151.575 -2.85878 3.6
      vertex 151.706 -2.15097 0
      vertex 151.706 -2.15097 3.6
    endloop
  endfacet
  facet normal 0.983256 -0.182229 0
    outer loop
      vertex 151.706 -2.15097 0
      vertex 151.575 -2.85878 3.6
      vertex 151.575 -2.85878 0
    endloop
  endfacet
  facet normal 0.991445 -0.130528 0
    outer loop
      vertex 151.706 -2.15097 3.6
      vertex 151.8 -1.43726 0
      vertex 151.8 -1.43726 3.6
    endloop
  endfacet
  facet normal 0.991445 -0.130528 0
    outer loop
      vertex 151.8 -1.43726 0
      vertex 151.706 -2.15097 3.6
      vertex 151.706 -2.15097 0
    endloop
  endfacet
  facet normal 0.996917 -0.0784697 0
    outer loop
      vertex 151.8 -1.43726 3.6
      vertex 151.856 -0.719604 0
      vertex 151.856 -0.719604 3.6
    endloop
  endfacet
  facet normal 0.996917 -0.0784697 0
    outer loop
      vertex 151.856 -0.719604 0
      vertex 151.8 -1.43726 3.6
      vertex 151.8 -1.43726 0
    endloop
  endfacet
  facet normal 0.999657 -0.0261785 0
    outer loop
      vertex 151.856 -0.719604 3.6
      vertex 151.875 0 0
      vertex 151.875 0 3.6
    endloop
  endfacet
  facet normal 0.999657 -0.0261785 0
    outer loop
      vertex 151.875 0 0
      vertex 151.856 -0.719604 3.6
      vertex 151.856 -0.719604 0
    endloop
  endfacet
  facet normal 0.999657 0.0261785 0
    outer loop
      vertex 151.875 0 3.6
      vertex 151.856 0.719604 0
      vertex 151.856 0.719604 3.6
    endloop
  endfacet
  facet normal 0.999657 0.0261785 0
    outer loop
      vertex 151.856 0.719604 0
      vertex 151.875 0 3.6
      vertex 151.875 0 0
    endloop
  endfacet
  facet normal 0.996917 0.0784697 0
    outer loop
      vertex 151.856 0.719604 3.6
      vertex 151.8 1.43726 0
      vertex 151.8 1.43726 3.6
    endloop
  endfacet
  facet normal 0.996917 0.0784697 0
    outer loop
      vertex 151.8 1.43726 0
      vertex 151.856 0.719604 3.6
      vertex 151.856 0.719604 0
    endloop
  endfacet
  facet normal 0.991445 0.130528 0
    outer loop
      vertex 151.8 1.43726 3.6
      vertex 151.706 2.15097 0
      vertex 151.706 2.15097 3.6
    endloop
  endfacet
  facet normal 0.991445 0.130528 0
    outer loop
      vertex 151.706 2.15097 0
      vertex 151.8 1.43726 3.6
      vertex 151.8 1.43726 0
    endloop
  endfacet
  facet normal 0.983256 0.182229 0
    outer loop
      vertex 151.706 2.15097 3.6
      vertex 151.575 2.85878 0
      vertex 151.575 2.85878 3.6
    endloop
  endfacet
  facet normal 0.983256 0.182229 0
    outer loop
      vertex 151.575 2.85878 0
      vertex 151.706 2.15097 3.6
      vertex 151.706 2.15097 0
    endloop
  endfacet
  facet normal 0.972372 0.233438 0
    outer loop
      vertex 151.575 2.85878 3.6
      vertex 151.406 3.55876 0
      vertex 151.406 3.55876 3.6
    endloop
  endfacet
  facet normal 0.972372 0.233438 0
    outer loop
      vertex 151.406 3.55876 0
      vertex 151.575 2.85878 3.6
      vertex 151.575 2.85878 0
    endloop
  endfacet
  facet normal 0.958819 0.284017 0
    outer loop
      vertex 151.406 3.55876 3.6
      vertex 151.202 4.24898 0
      vertex 151.202 4.24898 3.6
    endloop
  endfacet
  facet normal 0.958819 0.284017 0
    outer loop
      vertex 151.202 4.24898 0
      vertex 151.406 3.55876 3.6
      vertex 151.406 3.55876 0
    endloop
  endfacet
  facet normal 0.942635 0.333826 0
    outer loop
      vertex 151.202 4.24898 3.6
      vertex 150.962 4.92755 0
      vertex 150.962 4.92755 3.6
    endloop
  endfacet
  facet normal 0.942635 0.333826 0
    outer loop
      vertex 150.962 4.92755 0
      vertex 151.202 4.24898 3.6
      vertex 151.202 4.24898 0
    endloop
  endfacet
  facet normal 0.923886 0.382667 0
    outer loop
      vertex 150.962 4.92755 3.6
      vertex 150.686 5.59262 0
      vertex 150.686 5.59262 3.6
    endloop
  endfacet
  facet normal 0.923886 0.382667 0
    outer loop
      vertex 150.686 5.59262 0
      vertex 150.962 4.92755 3.6
      vertex 150.962 4.92755 0
    endloop
  endfacet
  facet normal 0.902578 0.430527 0
    outer loop
      vertex 150.686 5.59262 3.6
      vertex 150.376 6.24236 0
      vertex 150.376 6.24236 3.6
    endloop
  endfacet
  facet normal 0.902578 0.430527 0
    outer loop
      vertex 150.376 6.24236 0
      vertex 150.686 5.59262 3.6
      vertex 150.686 5.59262 0
    endloop
  endfacet
  facet normal 0.878817 0.47716 0
    outer loop
      vertex 150.376 6.24236 3.6
      vertex 150.033 6.87498 0
      vertex 150.033 6.87498 3.6
    endloop
  endfacet
  facet normal 0.878817 0.47716 0
    outer loop
      vertex 150.033 6.87498 0
      vertex 150.376 6.24236 3.6
      vertex 150.376 6.24236 0
    endloop
  endfacet
  facet normal 0.852645 0.52249 0
    outer loop
      vertex 150.033 6.87498 3.6
      vertex 149.657 7.48878 0
      vertex 149.657 7.48878 3.6
    endloop
  endfacet
  facet normal 0.852645 0.52249 0
    outer loop
      vertex 149.657 7.48878 0
      vertex 150.033 6.87498 3.6
      vertex 150.033 6.87498 0
    endloop
  endfacet
  facet normal 0.824131 0.566399 0
    outer loop
      vertex 149.657 7.48878 3.6
      vertex 149.249 8.08205 0
      vertex 149.249 8.08205 3.6
    endloop
  endfacet
  facet normal 0.824131 0.566399 0
    outer loop
      vertex 149.249 8.08205 0
      vertex 149.657 7.48878 3.6
      vertex 149.657 7.48878 0
    endloop
  endfacet
  facet normal 0.793348 0.608768 0
    outer loop
      vertex 149.249 8.08205 3.6
      vertex 148.811 8.65315 0
      vertex 148.811 8.65315 3.6
    endloop
  endfacet
  facet normal 0.793348 0.608768 0
    outer loop
      vertex 148.811 8.65315 0
      vertex 149.249 8.08205 3.6
      vertex 149.249 8.08205 0
    endloop
  endfacet
  facet normal 0.7604 0.649455 0
    outer loop
      vertex 148.811 8.65315 3.6
      vertex 148.343 9.20053 0
      vertex 148.343 9.20053 3.6
    endloop
  endfacet
  facet normal 0.7604 0.649455 0
    outer loop
      vertex 148.343 9.20053 0
      vertex 148.811 8.65315 3.6
      vertex 148.811 8.65315 0
    endloop
  endfacet
  facet normal 0.72539 0.688338 0
    outer loop
      vertex 148.343 9.20053 3.6
      vertex 147.848 9.72272 0
      vertex 147.848 9.72272 3.6
    endloop
  endfacet
  facet normal 0.72539 0.688338 0
    outer loop
      vertex 147.848 9.72272 0
      vertex 148.343 9.20053 3.6
      vertex 148.343 9.20053 0
    endloop
  endfacet
  facet normal 0.688338 0.72539 -0
    outer loop
      vertex 147.848 9.72272 0
      vertex 147.326 10.2182 3.6
      vertex 147.848 9.72272 3.6
    endloop
  endfacet
  facet normal 0.688338 0.72539 0
    outer loop
      vertex 147.326 10.2182 3.6
      vertex 147.848 9.72272 0
      vertex 147.326 10.2182 0
    endloop
  endfacet
  facet normal 0.649455 0.7604 -0
    outer loop
      vertex 147.326 10.2182 0
      vertex 146.778 10.6857 3.6
      vertex 147.326 10.2182 3.6
    endloop
  endfacet
  facet normal 0.649455 0.7604 0
    outer loop
      vertex 146.778 10.6857 3.6
      vertex 147.326 10.2182 0
      vertex 146.778 10.6857 0
    endloop
  endfacet
  facet normal 0.608768 0.793348 -0
    outer loop
      vertex 146.778 10.6857 0
      vertex 146.207 11.124 3.6
      vertex 146.778 10.6857 3.6
    endloop
  endfacet
  facet normal 0.608768 0.793348 0
    outer loop
      vertex 146.207 11.124 3.6
      vertex 146.778 10.6857 0
      vertex 146.207 11.124 0
    endloop
  endfacet
  facet normal 0.566399 0.824131 -0
    outer loop
      vertex 146.207 11.124 0
      vertex 145.614 11.5317 3.6
      vertex 146.207 11.124 3.6
    endloop
  endfacet
  facet normal 0.566399 0.824131 0
    outer loop
      vertex 145.614 11.5317 3.6
      vertex 146.207 11.124 0
      vertex 145.614 11.5317 0
    endloop
  endfacet
  facet normal 0.5225 0.852639 -0
    outer loop
      vertex 145.614 11.5317 0
      vertex 145 11.9078 3.6
      vertex 145.614 11.5317 3.6
    endloop
  endfacet
  facet normal 0.5225 0.852639 0
    outer loop
      vertex 145 11.9078 3.6
      vertex 145.614 11.5317 0
      vertex 145 11.9078 0
    endloop
  endfacet
  facet normal 0.477151 0.878821 -0
    outer loop
      vertex 145 11.9078 0
      vertex 144.367 12.2513 3.6
      vertex 145 11.9078 3.6
    endloop
  endfacet
  facet normal 0.477151 0.878821 0
    outer loop
      vertex 144.367 12.2513 3.6
      vertex 145 11.9078 0
      vertex 144.367 12.2513 0
    endloop
  endfacet
  facet normal 0.430527 0.902578 -0
    outer loop
      vertex 144.367 12.2513 0
      vertex 143.718 12.5612 3.6
      vertex 144.367 12.2513 3.6
    endloop
  endfacet
  facet normal 0.430527 0.902578 0
    outer loop
      vertex 143.718 12.5612 3.6
      vertex 144.367 12.2513 0
      vertex 143.718 12.5612 0
    endloop
  endfacet
  facet normal 0.382667 0.923886 -0
    outer loop
      vertex 143.718 12.5612 0
      vertex 143.053 12.8367 3.6
      vertex 143.718 12.5612 3.6
    endloop
  endfacet
  facet normal 0.382667 0.923886 0
    outer loop
      vertex 143.053 12.8367 3.6
      vertex 143.718 12.5612 0
      vertex 143.053 12.8367 0
    endloop
  endfacet
  facet normal 0.333826 0.942635 -0
    outer loop
      vertex 143.053 12.8367 0
      vertex 142.374 13.077 3.6
      vertex 143.053 12.8367 3.6
    endloop
  endfacet
  facet normal 0.333826 0.942635 0
    outer loop
      vertex 142.374 13.077 3.6
      vertex 143.053 12.8367 0
      vertex 142.374 13.077 0
    endloop
  endfacet
  facet normal 0.284017 0.958819 -0
    outer loop
      vertex 142.374 13.077 0
      vertex 141.684 13.2815 3.6
      vertex 142.374 13.077 3.6
    endloop
  endfacet
  facet normal 0.284017 0.958819 0
    outer loop
      vertex 141.684 13.2815 3.6
      vertex 142.374 13.077 0
      vertex 141.684 13.2815 0
    endloop
  endfacet
  facet normal 0.233438 0.972372 -0
    outer loop
      vertex 141.684 13.2815 0
      vertex 140.984 13.4495 3.6
      vertex 141.684 13.2815 3.6
    endloop
  endfacet
  facet normal 0.233438 0.972372 0
    outer loop
      vertex 140.984 13.4495 3.6
      vertex 141.684 13.2815 0
      vertex 140.984 13.4495 0
    endloop
  endfacet
  facet normal 0.182229 0.983256 -0
    outer loop
      vertex 140.984 13.4495 0
      vertex 140.276 13.5807 3.6
      vertex 140.984 13.4495 3.6
    endloop
  endfacet
  facet normal 0.182229 0.983256 0
    outer loop
      vertex 140.276 13.5807 3.6
      vertex 140.984 13.4495 0
      vertex 140.276 13.5807 0
    endloop
  endfacet
  facet normal 0.130528 0.991445 -0
    outer loop
      vertex 140.276 13.5807 0
      vertex 139.562 13.6747 3.6
      vertex 140.276 13.5807 3.6
    endloop
  endfacet
  facet normal 0.130528 0.991445 0
    outer loop
      vertex 139.562 13.6747 3.6
      vertex 140.276 13.5807 0
      vertex 139.562 13.6747 0
    endloop
  endfacet
  facet normal 0.0784697 0.996917 -0
    outer loop
      vertex 139.562 13.6747 0
      vertex 138.845 13.7312 3.6
      vertex 139.562 13.6747 3.6
    endloop
  endfacet
  facet normal 0.0784697 0.996917 0
    outer loop
      vertex 138.845 13.7312 3.6
      vertex 139.562 13.6747 0
      vertex 138.845 13.7312 0
    endloop
  endfacet
  facet normal 0.0261785 0.999657 -0
    outer loop
      vertex 138.845 13.7312 0
      vertex 138.125 13.75 3.6
      vertex 138.845 13.7312 3.6
    endloop
  endfacet
  facet normal 0.0261785 0.999657 0
    outer loop
      vertex 138.125 13.75 3.6
      vertex 138.845 13.7312 0
      vertex 138.125 13.75 0
    endloop
  endfacet
  facet normal -0.0261785 0.999657 0
    outer loop
      vertex 138.125 13.75 0
      vertex 137.405 13.7312 3.6
      vertex 138.125 13.75 3.6
    endloop
  endfacet
  facet normal -0.0261785 0.999657 0
    outer loop
      vertex 137.405 13.7312 3.6
      vertex 138.125 13.75 0
      vertex 137.405 13.7312 0
    endloop
  endfacet
  facet normal -0.0784697 0.996917 0
    outer loop
      vertex 137.405 13.7312 0
      vertex 136.688 13.6747 3.6
      vertex 137.405 13.7312 3.6
    endloop
  endfacet
  facet normal -0.0784697 0.996917 0
    outer loop
      vertex 136.688 13.6747 3.6
      vertex 137.405 13.7312 0
      vertex 136.688 13.6747 0
    endloop
  endfacet
  facet normal -0.130528 0.991445 0
    outer loop
      vertex 136.688 13.6747 0
      vertex 135.974 13.5807 3.6
      vertex 136.688 13.6747 3.6
    endloop
  endfacet
  facet normal -0.130528 0.991445 0
    outer loop
      vertex 135.974 13.5807 3.6
      vertex 136.688 13.6747 0
      vertex 135.974 13.5807 0
    endloop
  endfacet
  facet normal -0.182229 0.983256 0
    outer loop
      vertex 135.974 13.5807 0
      vertex 135.266 13.4495 3.6
      vertex 135.974 13.5807 3.6
    endloop
  endfacet
  facet normal -0.182229 0.983256 0
    outer loop
      vertex 135.266 13.4495 3.6
      vertex 135.974 13.5807 0
      vertex 135.266 13.4495 0
    endloop
  endfacet
  facet normal -0.233438 0.972372 0
    outer loop
      vertex 135.266 13.4495 0
      vertex 134.566 13.2815 3.6
      vertex 135.266 13.4495 3.6
    endloop
  endfacet
  facet normal -0.233438 0.972372 0
    outer loop
      vertex 134.566 13.2815 3.6
      vertex 135.266 13.4495 0
      vertex 134.566 13.2815 0
    endloop
  endfacet
  facet normal -0.284017 0.958819 0
    outer loop
      vertex 134.566 13.2815 0
      vertex 133.876 13.077 3.6
      vertex 134.566 13.2815 3.6
    endloop
  endfacet
  facet normal -0.284017 0.958819 0
    outer loop
      vertex 133.876 13.077 3.6
      vertex 134.566 13.2815 0
      vertex 133.876 13.077 0
    endloop
  endfacet
  facet normal -0.333826 0.942635 0
    outer loop
      vertex 133.876 13.077 0
      vertex 133.197 12.8367 3.6
      vertex 133.876 13.077 3.6
    endloop
  endfacet
  facet normal -0.333826 0.942635 0
    outer loop
      vertex 133.197 12.8367 3.6
      vertex 133.876 13.077 0
      vertex 133.197 12.8367 0
    endloop
  endfacet
  facet normal -0.382667 0.923886 0
    outer loop
      vertex 133.197 12.8367 0
      vertex 132.532 12.5612 3.6
      vertex 133.197 12.8367 3.6
    endloop
  endfacet
  facet normal -0.382667 0.923886 0
    outer loop
      vertex 132.532 12.5612 3.6
      vertex 133.197 12.8367 0
      vertex 132.532 12.5612 0
    endloop
  endfacet
  facet normal -0.430527 0.902578 0
    outer loop
      vertex 132.532 12.5612 0
      vertex 131.883 12.2513 3.6
      vertex 132.532 12.5612 3.6
    endloop
  endfacet
  facet normal -0.430527 0.902578 0
    outer loop
      vertex 131.883 12.2513 3.6
      vertex 132.532 12.5612 0
      vertex 131.883 12.2513 0
    endloop
  endfacet
  facet normal -0.47716 0.878817 0
    outer loop
      vertex 131.883 12.2513 0
      vertex 131.25 11.9078 3.6
      vertex 131.883 12.2513 3.6
    endloop
  endfacet
  facet normal -0.47716 0.878817 0
    outer loop
      vertex 131.25 11.9078 3.6
      vertex 131.883 12.2513 0
      vertex 131.25 11.9078 0
    endloop
  endfacet
  facet normal -0.52249 0.852645 0
    outer loop
      vertex 131.25 11.9078 0
      vertex 130.636 11.5317 3.6
      vertex 131.25 11.9078 3.6
    endloop
  endfacet
  facet normal -0.52249 0.852645 0
    outer loop
      vertex 130.636 11.5317 3.6
      vertex 131.25 11.9078 0
      vertex 130.636 11.5317 0
    endloop
  endfacet
  facet normal -0.566399 0.824131 0
    outer loop
      vertex 130.636 11.5317 0
      vertex 130.043 11.124 3.6
      vertex 130.636 11.5317 3.6
    endloop
  endfacet
  facet normal -0.566399 0.824131 0
    outer loop
      vertex 130.043 11.124 3.6
      vertex 130.636 11.5317 0
      vertex 130.043 11.124 0
    endloop
  endfacet
  facet normal -0.608768 0.793348 0
    outer loop
      vertex 130.043 11.124 0
      vertex 129.472 10.6857 3.6
      vertex 130.043 11.124 3.6
    endloop
  endfacet
  facet normal -0.608768 0.793348 0
    outer loop
      vertex 129.472 10.6857 3.6
      vertex 130.043 11.124 0
      vertex 129.472 10.6857 0
    endloop
  endfacet
  facet normal -0.649455 0.7604 0
    outer loop
      vertex 129.472 10.6857 0
      vertex 128.924 10.2182 3.6
      vertex 129.472 10.6857 3.6
    endloop
  endfacet
  facet normal -0.649455 0.7604 0
    outer loop
      vertex 128.924 10.2182 3.6
      vertex 129.472 10.6857 0
      vertex 128.924 10.2182 0
    endloop
  endfacet
  facet normal -0.688338 0.72539 0
    outer loop
      vertex 128.924 10.2182 0
      vertex 128.402 9.72272 3.6
      vertex 128.924 10.2182 3.6
    endloop
  endfacet
  facet normal -0.688338 0.72539 0
    outer loop
      vertex 128.402 9.72272 3.6
      vertex 128.924 10.2182 0
      vertex 128.402 9.72272 0
    endloop
  endfacet
  facet normal -0.72539 0.688338 0
    outer loop
      vertex 127.907 9.20053 0
      vertex 128.402 9.72272 3.6
      vertex 128.402 9.72272 0
    endloop
  endfacet
  facet normal -0.72539 0.688338 0
    outer loop
      vertex 128.402 9.72272 3.6
      vertex 127.907 9.20053 0
      vertex 127.907 9.20053 3.6
    endloop
  endfacet
  facet normal -0.7604 0.649455 0
    outer loop
      vertex 127.439 8.65315 0
      vertex 127.907 9.20053 3.6
      vertex 127.907 9.20053 0
    endloop
  endfacet
  facet normal -0.7604 0.649455 0
    outer loop
      vertex 127.907 9.20053 3.6
      vertex 127.439 8.65315 0
      vertex 127.439 8.65315 3.6
    endloop
  endfacet
  facet normal -0.793348 0.608768 0
    outer loop
      vertex 127.001 8.08205 0
      vertex 127.439 8.65315 3.6
      vertex 127.439 8.65315 0
    endloop
  endfacet
  facet normal -0.793348 0.608768 0
    outer loop
      vertex 127.439 8.65315 3.6
      vertex 127.001 8.08205 0
      vertex 127.001 8.08205 3.6
    endloop
  endfacet
  facet normal -0.824127 0.566405 0
    outer loop
      vertex 126.835 7.84071 0
      vertex 127.001 8.08205 3.6
      vertex 127.001 8.08205 0
    endloop
  endfacet
  facet normal -0.824127 0.566405 0
    outer loop
      vertex 127.001 8.08205 3.6
      vertex 126.835 7.84071 0
      vertex 126.835 7.84071 3.6
    endloop
  endfacet
  facet normal 0.570419 0.821354 -0
    outer loop
      vertex 126.835 7.84071 0
      vertex 126.825 7.84782 3.6
      vertex 126.835 7.84071 3.6
    endloop
  endfacet
  facet normal 0.570419 0.821354 0
    outer loop
      vertex 126.825 7.84782 3.6
      vertex 126.835 7.84071 0
      vertex 126.825 7.84782 0
    endloop
  endfacet
  facet normal -0.831456 0.55559 0
    outer loop
      vertex 126.719 7.68994 0
      vertex 126.825 7.84782 3.6
      vertex 126.825 7.84782 0
    endloop
  endfacet
  facet normal -0.831456 0.55559 0
    outer loop
      vertex 126.825 7.84782 3.6
      vertex 126.719 7.68994 0
      vertex 126.719 7.68994 3.6
    endloop
  endfacet
  facet normal -0.751832 0.659355 0
    outer loop
      vertex 126.374 7.29657 0
      vertex 126.719 7.68994 3.6
      vertex 126.719 7.68994 0
    endloop
  endfacet
  facet normal -0.751832 0.659355 0
    outer loop
      vertex 126.719 7.68994 3.6
      vertex 126.374 7.29657 0
      vertex 126.374 7.29657 3.6
    endloop
  endfacet
  facet normal -0.65934 0.751845 0
    outer loop
      vertex 126.374 7.29657 0
      vertex 125.981 6.95158 3.6
      vertex 126.374 7.29657 3.6
    endloop
  endfacet
  facet normal -0.65934 0.751845 0
    outer loop
      vertex 125.981 6.95158 3.6
      vertex 126.374 7.29657 0
      vertex 125.981 6.95158 0
    endloop
  endfacet
  facet normal -0.555582 0.831462 0
    outer loop
      vertex 125.981 6.95158 0
      vertex 125.546 6.66089 3.6
      vertex 125.981 6.95158 3.6
    endloop
  endfacet
  facet normal -0.555582 0.831462 0
    outer loop
      vertex 125.546 6.66089 3.6
      vertex 125.981 6.95158 0
      vertex 125.546 6.66089 0
    endloop
  endfacet
  facet normal -0.442284 0.896875 0
    outer loop
      vertex 125.546 6.66089 0
      vertex 125.077 6.42947 3.6
      vertex 125.546 6.66089 3.6
    endloop
  endfacet
  facet normal -0.442284 0.896875 0
    outer loop
      vertex 125.077 6.42947 3.6
      vertex 125.546 6.66089 0
      vertex 125.077 6.42947 0
    endloop
  endfacet
  facet normal -0.321437 0.946931 0
    outer loop
      vertex 125.077 6.42947 0
      vertex 124.581 6.26129 3.6
      vertex 125.077 6.42947 3.6
    endloop
  endfacet
  facet normal -0.321437 0.946931 0
    outer loop
      vertex 124.581 6.26129 3.6
      vertex 125.077 6.42947 0
      vertex 124.581 6.26129 0
    endloop
  endfacet
  facet normal -0.195101 0.980783 0
    outer loop
      vertex 124.581 6.26129 0
      vertex 124.068 6.15921 3.6
      vertex 124.581 6.26129 3.6
    endloop
  endfacet
  facet normal -0.195101 0.980783 0
    outer loop
      vertex 124.068 6.15921 3.6
      vertex 124.581 6.26129 0
      vertex 124.068 6.15921 0
    endloop
  endfacet
  facet normal -0.0653847 0.99786 0
    outer loop
      vertex 124.068 6.15921 0
      vertex 123.546 6.125 3.6
      vertex 124.068 6.15921 3.6
    endloop
  endfacet
  facet normal -0.0653847 0.99786 0
    outer loop
      vertex 123.546 6.125 3.6
      vertex 124.068 6.15921 0
      vertex 123.546 6.125 0
    endloop
  endfacet
  facet normal 0 1 -0
    outer loop
      vertex 123.546 6.125 0
      vertex 14.579 6.125 3.6
      vertex 123.546 6.125 3.6
    endloop
  endfacet
  facet normal 0 1 0
    outer loop
      vertex 14.579 6.125 3.6
      vertex 123.546 6.125 0
      vertex 14.579 6.125 0
    endloop
  endfacet
  facet normal 0.0653828 0.99786 -0
    outer loop
      vertex 14.579 6.125 0
      vertex 14.0569 6.15921 3.6
      vertex 14.579 6.125 3.6
    endloop
  endfacet
  facet normal 0.0653828 0.99786 0
    outer loop
      vertex 14.0569 6.15921 3.6
      vertex 14.579 6.125 0
      vertex 14.0569 6.15921 0
    endloop
  endfacet
  facet normal 0.994522 0.104529 0
    outer loop
      vertex 9.4 0 5.6
      vertex 9.19459 1.95437 3.6
      vertex 9.19459 1.95437 5.6
    endloop
  endfacet
  facet normal 0.994522 0.104529 0
    outer loop
      vertex 9.19459 1.95437 3.6
      vertex 9.4 0 5.6
      vertex 9.4 0 3.6
    endloop
  endfacet
  facet normal -0.994522 0.104529 0
    outer loop
      vertex -9.4 0 3.6
      vertex -9.19459 1.95437 5.6
      vertex -9.19459 1.95437 3.6
    endloop
  endfacet
  facet normal -0.994522 0.104529 0
    outer loop
      vertex -9.19459 1.95437 5.6
      vertex -9.4 0 3.6
      vertex -9.4 0 5.6
    endloop
  endfacet
  facet normal 0 1 -0
    outer loop
      vertex 0.982567 9.34851 3.6
      vertex -0.982567 9.34851 5.6
      vertex 0.982567 9.34851 5.6
    endloop
  endfacet
  facet normal 0 1 0
    outer loop
      vertex -0.982567 9.34851 5.6
      vertex 0.982567 9.34851 3.6
      vertex -0.982567 9.34851 3.6
    endloop
  endfacet
  facet normal 0 -1 0
    outer loop
      vertex -0.982567 -9.34851 3.6
      vertex 0.982567 -9.34851 5.6
      vertex -0.982567 -9.34851 5.6
    endloop
  endfacet
  facet normal 0 -1 -0
    outer loop
      vertex 0.982567 -9.34851 5.6
      vertex -0.982567 -9.34851 3.6
      vertex 0.982567 -9.34851 3.6
    endloop
  endfacet
  facet normal 0.587785 0.809017 -0
    outer loop
      vertex 6.28983 6.98556 3.6
      vertex 4.7 8.14064 5.6
      vertex 6.28983 6.98556 5.6
    endloop
  endfacet
  facet normal 0.587785 0.809017 0
    outer loop
      vertex 4.7 8.14064 5.6
      vertex 6.28983 6.98556 3.6
      vertex 4.7 8.14064 3.6
    endloop
  endfacet
  facet normal 0.406737 0.913545 -0
    outer loop
      vertex 4.7 8.14064 3.6
      vertex 2.90476 8.93993 5.6
      vertex 4.7 8.14064 5.6
    endloop
  endfacet
  facet normal 0.406737 0.913545 0
    outer loop
      vertex 2.90476 8.93993 5.6
      vertex 4.7 8.14064 3.6
      vertex 2.90476 8.93993 3.6
    endloop
  endfacet
  facet normal -0.743145 0.669131 0
    outer loop
      vertex -7.60476 5.52518 3.6
      vertex -6.28983 6.98556 5.6
      vertex -6.28983 6.98556 3.6
    endloop
  endfacet
  facet normal -0.743145 0.669131 0
    outer loop
      vertex -6.28983 6.98556 5.6
      vertex -7.60476 5.52518 3.6
      vertex -7.60476 5.52518 5.6
    endloop
  endfacet
  facet normal -0.866025 0.5 0
    outer loop
      vertex -8.58733 3.82332 3.6
      vertex -7.60476 5.52518 5.6
      vertex -7.60476 5.52518 3.6
    endloop
  endfacet
  facet normal -0.866025 0.5 0
    outer loop
      vertex -7.60476 5.52518 5.6
      vertex -8.58733 3.82332 3.6
      vertex -8.58733 3.82332 5.6
    endloop
  endfacet
  facet normal -0.406737 0.913545 0
    outer loop
      vertex -2.90476 8.93993 3.6
      vertex -4.7 8.14064 5.6
      vertex -2.90476 8.93993 5.6
    endloop
  endfacet
  facet normal -0.406737 0.913545 0
    outer loop
      vertex -4.7 8.14064 5.6
      vertex -2.90476 8.93993 3.6
      vertex -4.7 8.14064 3.6
    endloop
  endfacet
  facet normal 0.866025 -0.5 0
    outer loop
      vertex 7.60476 -5.52518 5.6
      vertex 8.58733 -3.82332 3.6
      vertex 8.58733 -3.82332 5.6
    endloop
  endfacet
  facet normal 0.866025 -0.5 0
    outer loop
      vertex 8.58733 -3.82332 3.6
      vertex 7.60476 -5.52518 5.6
      vertex 7.60476 -5.52518 3.6
    endloop
  endfacet
  facet normal 0.866025 0.5 0
    outer loop
      vertex 8.58733 3.82332 5.6
      vertex 7.60476 5.52518 3.6
      vertex 7.60476 5.52518 5.6
    endloop
  endfacet
  facet normal 0.866025 0.5 0
    outer loop
      vertex 7.60476 5.52518 3.6
      vertex 8.58733 3.82332 5.6
      vertex 8.58733 3.82332 3.6
    endloop
  endfacet
  facet normal 0.951057 0.309017 0
    outer loop
      vertex 9.19459 1.95437 5.6
      vertex 8.58733 3.82332 3.6
      vertex 8.58733 3.82332 5.6
    endloop
  endfacet
  facet normal 0.951057 0.309017 0
    outer loop
      vertex 8.58733 3.82332 3.6
      vertex 9.19459 1.95437 5.6
      vertex 9.19459 1.95437 3.6
    endloop
  endfacet
  facet normal 0.743145 0.669131 0
    outer loop
      vertex 7.60476 5.52518 5.6
      vertex 6.28983 6.98556 3.6
      vertex 6.28983 6.98556 5.6
    endloop
  endfacet
  facet normal 0.743145 0.669131 0
    outer loop
      vertex 6.28983 6.98556 3.6
      vertex 7.60476 5.52518 5.6
      vertex 7.60476 5.52518 3.6
    endloop
  endfacet
  facet normal 0.207911 0.978148 -0
    outer loop
      vertex 2.90476 8.93993 3.6
      vertex 0.982567 9.34851 5.6
      vertex 2.90476 8.93993 5.6
    endloop
  endfacet
  facet normal 0.207911 0.978148 0
    outer loop
      vertex 0.982567 9.34851 5.6
      vertex 2.90476 8.93993 3.6
      vertex 0.982567 9.34851 3.6
    endloop
  endfacet
  facet normal -0.951057 0.309017 0
    outer loop
      vertex -9.19459 1.95437 3.6
      vertex -8.58733 3.82332 5.6
      vertex -8.58733 3.82332 3.6
    endloop
  endfacet
  facet normal -0.951057 0.309017 0
    outer loop
      vertex -8.58733 3.82332 5.6
      vertex -9.19459 1.95437 3.6
      vertex -9.19459 1.95437 5.6
    endloop
  endfacet
  facet normal -0 0 1
    outer loop
      vertex 5.99199 0.629776 5.6
      vertex 9.4 0 5.6
      vertex 9.19459 1.95437 5.6
    endloop
  endfacet
  facet normal 0 0 1
    outer loop
      vertex 5.7301 1.86182 5.6
      vertex 9.19459 1.95437 5.6
      vertex 8.58733 3.82332 5.6
    endloop
  endfacet
  facet normal 0 0 1
    outer loop
      vertex 9.4 0 5.6
      vertex 5.99199 0.629776 5.6
      vertex 6.01674 0.315323 5.6
    endloop
  endfacet
  facet normal 0 0 1
    outer loop
      vertex 5.21779 3.0125 5.6
      vertex 8.58733 3.82332 5.6
      vertex 7.60476 5.52518 5.6
    endloop
  endfacet
  facet normal 0 0 1
    outer loop
      vertex 9.4 0 5.6
      vertex 6.01674 0.315323 5.6
      vertex 6.02499 0 5.6
    endloop
  endfacet
  facet normal 0 0 1
    outer loop
      vertex 4.53639 3.96249 5.6
      vertex 7.60476 5.52518 5.6
      vertex 6.28983 6.98556 5.6
    endloop
  endfacet
  facet normal 0 0 1
    outer loop
      vertex 6.01674 -0.315323 5.6
      vertex 9.4 0 5.6
      vertex 6.02499 0 5.6
    endloop
  endfacet
  facet normal -0 0 1
    outer loop
      vertex 5.95082 -0.942505 5.6
      vertex 9.19459 -1.95437 5.6
      vertex 5.99199 -0.629776 5.6
    endloop
  endfacet
  facet normal 0 0 1
    outer loop
      vertex 9.4 0 5.6
      vertex 5.99199 -0.629776 5.6
      vertex 9.19459 -1.95437 5.6
    endloop
  endfacet
  facet normal 0 0 1
    outer loop
      vertex 5.99199 -0.629776 5.6
      vertex 9.4 0 5.6
      vertex 6.01674 -0.315323 5.6
    endloop
  endfacet
  facet normal 0 0 1
    outer loop
      vertex 9.19459 1.95437 5.6
      vertex 5.95082 0.942505 5.6
      vertex 5.99199 0.629776 5.6
    endloop
  endfacet
  facet normal 0 0 1
    outer loop
      vertex 9.19459 1.95437 5.6
      vertex 5.89333 1.25266 5.6
      vertex 5.95082 0.942505 5.6
    endloop
  endfacet
  facet normal 0 0 1
    outer loop
      vertex 9.19459 1.95437 5.6
      vertex 5.8197 1.55937 5.6
      vertex 5.89333 1.25266 5.6
    endloop
  endfacet
  facet normal 0 0 1
    outer loop
      vertex 9.19459 1.95437 5.6
      vertex 5.7301 1.86182 5.6
      vertex 5.8197 1.55937 5.6
    endloop
  endfacet
  facet normal 0 0 1
    outer loop
      vertex 8.58733 3.82332 5.6
      vertex 5.62482 2.15916 5.6
      vertex 5.7301 1.86182 5.6
    endloop
  endfacet
  facet normal 0 0 1
    outer loop
      vertex 8.58733 3.82332 5.6
      vertex 5.5041 2.45058 5.6
      vertex 5.62482 2.15916 5.6
    endloop
  endfacet
  facet normal 0 0 1
    outer loop
      vertex 8.58733 3.82332 5.6
      vertex 5.3683 2.73529 5.6
      vertex 5.5041 2.45058 5.6
    endloop
  endfacet
  facet normal 0 0 1
    outer loop
      vertex 8.58733 3.82332 5.6
      vertex 5.21779 3.0125 5.6
      vertex 5.3683 2.73529 5.6
    endloop
  endfacet
  facet normal 0 0 1
    outer loop
      vertex 7.60476 5.52518 5.6
      vertex 5.05298 3.28145 5.6
      vertex 5.21779 3.0125 5.6
    endloop
  endfacet
  facet normal 0 0 1
    outer loop
      vertex 7.60476 5.52518 5.6
      vertex 4.87431 3.5414 5.6
      vertex 5.05298 3.28145 5.6
    endloop
  endfacet
  facet normal 0 0 1
    outer loop
      vertex 4.53639 3.96249 5.6
      vertex 6.28983 6.98556 5.6
      vertex 4.7 8.14064 5.6
    endloop
  endfacet
  facet normal 0 0 1
    outer loop
      vertex 7.60476 5.52518 5.6
      vertex 4.6823 3.79164 5.6
      vertex 4.87431 3.5414 5.6
    endloop
  endfacet
  facet normal 0 0 1
    outer loop
      vertex 7.60476 5.52518 5.6
      vertex 4.53639 3.96249 5.6
      vertex 4.6823 3.79164 5.6
    endloop
  endfacet
  facet normal 0 0 1
    outer loop
      vertex 2.90476 8.93993 5.6
      vertex 4.53639 3.96249 5.6
      vertex 4.7 8.14064 5.6
    endloop
  endfacet
  facet normal 0 0 1
    outer loop
      vertex 0.982567 9.34851 5.6
      vertex 4.53639 3.96249 5.6
      vertex 2.90476 8.93993 5.6
    endloop
  endfacet
  facet normal -0 0 1
    outer loop
      vertex -0.982567 9.34851 5.6
      vertex 4.53639 3.96249 5.6
      vertex 0.982567 9.34851 5.6
    endloop
  endfacet
  facet normal 0 0 1
    outer loop
      vertex -4.53639 3.96249 5.6
      vertex -0.982567 9.34851 5.6
      vertex -2.90476 8.93993 5.6
    endloop
  endfacet
  facet normal 0 0 1
    outer loop
      vertex -0.982567 9.34851 5.6
      vertex -4.53639 3.96249 5.6
      vertex 4.53639 3.96249 5.6
    endloop
  endfacet
  facet normal -0 0 1
    outer loop
      vertex -4.7 8.14064 5.6
      vertex -4.53639 3.96249 5.6
      vertex -2.90476 8.93993 5.6
    endloop
  endfacet
  facet normal -0 0 1
    outer loop
      vertex -6.28983 6.98556 5.6
      vertex -4.53639 3.96249 5.6
      vertex -4.7 8.14064 5.6
    endloop
  endfacet
  facet normal -0 0 1
    outer loop
      vertex -7.60476 5.52518 5.6
      vertex -4.53639 3.96249 5.6
      vertex -6.28983 6.98556 5.6
    endloop
  endfacet
  facet normal 0 0 1
    outer loop
      vertex -4.53639 3.96249 5.6
      vertex -7.60476 5.52518 5.6
      vertex -4.6823 3.79164 5.6
    endloop
  endfacet
  facet normal 0 0 1
    outer loop
      vertex -4.6823 3.79164 5.6
      vertex -7.60476 5.52518 5.6
      vertex -4.87431 3.5414 5.6
    endloop
  endfacet
  facet normal 0 0 1
    outer loop
      vertex -4.87431 3.5414 5.6
      vertex -7.60476 5.52518 5.6
      vertex -5.05298 3.28145 5.6
    endloop
  endfacet
  facet normal 0 0 1
    outer loop
      vertex -5.05298 3.28145 5.6
      vertex -7.60476 5.52518 5.6
      vertex -5.21779 3.0125 5.6
    endloop
  endfacet
  facet normal -0 0 1
    outer loop
      vertex -8.58733 3.82332 5.6
      vertex -5.21779 3.0125 5.6
      vertex -7.60476 5.52518 5.6
    endloop
  endfacet
  facet normal 0 0 1
    outer loop
      vertex -5.21779 3.0125 5.6
      vertex -8.58733 3.82332 5.6
      vertex -5.3683 2.73529 5.6
    endloop
  endfacet
  facet normal 0 0 1
    outer loop
      vertex -5.3683 2.73529 5.6
      vertex -8.58733 3.82332 5.6
      vertex -5.5041 2.45058 5.6
    endloop
  endfacet
  facet normal 0 0 1
    outer loop
      vertex -5.5041 2.45058 5.6
      vertex -8.58733 3.82332 5.6
      vertex -5.62482 2.15916 5.6
    endloop
  endfacet
  facet normal 0 0 1
    outer loop
      vertex -5.62482 2.15916 5.6
      vertex -8.58733 3.82332 5.6
      vertex -5.7301 1.86182 5.6
    endloop
  endfacet
  facet normal 0 0 1
    outer loop
      vertex -5.89333 1.25266 5.6
      vertex -9.19459 1.95437 5.6
      vertex -5.95082 0.942505 5.6
    endloop
  endfacet
  facet normal 0 0 1
    outer loop
      vertex -5.8197 1.55937 5.6
      vertex -9.19459 1.95437 5.6
      vertex -5.89333 1.25266 5.6
    endloop
  endfacet
  facet normal 0 0 1
    outer loop
      vertex -5.7301 1.86182 5.6
      vertex -9.19459 1.95437 5.6
      vertex -5.8197 1.55937 5.6
    endloop
  endfacet
  facet normal -0 0 1
    outer loop
      vertex -9.19459 1.95437 5.6
      vertex -5.7301 1.86182 5.6
      vertex -8.58733 3.82332 5.6
    endloop
  endfacet
  facet normal -0 0 1
    outer loop
      vertex 5.89333 -1.25266 5.6
      vertex 9.19459 -1.95437 5.6
      vertex 5.95082 -0.942505 5.6
    endloop
  endfacet
  facet normal -0 0 1
    outer loop
      vertex 5.8197 -1.55937 5.6
      vertex 9.19459 -1.95437 5.6
      vertex 5.89333 -1.25266 5.6
    endloop
  endfacet
  facet normal -0 0 1
    outer loop
      vertex 5.7301 -1.86182 5.6
      vertex 9.19459 -1.95437 5.6
      vertex 5.8197 -1.55937 5.6
    endloop
  endfacet
  facet normal 0 0 1
    outer loop
      vertex 9.19459 -1.95437 5.6
      vertex 5.7301 -1.86182 5.6
      vertex 8.58733 -3.82332 5.6
    endloop
  endfacet
  facet normal -0 0 1
    outer loop
      vertex 5.62482 -2.15916 5.6
      vertex 8.58733 -3.82332 5.6
      vertex 5.7301 -1.86182 5.6
    endloop
  endfacet
  facet normal -0 0 1
    outer loop
      vertex 5.5041 -2.45058 5.6
      vertex 8.58733 -3.82332 5.6
      vertex 5.62482 -2.15916 5.6
    endloop
  endfacet
  facet normal -0 0 1
    outer loop
      vertex 5.3683 -2.73529 5.6
      vertex 8.58733 -3.82332 5.6
      vertex 5.5041 -2.45058 5.6
    endloop
  endfacet
  facet normal -0 0 1
    outer loop
      vertex 5.21779 -3.0125 5.6
      vertex 8.58733 -3.82332 5.6
      vertex 5.3683 -2.73529 5.6
    endloop
  endfacet
  facet normal 0 0 1
    outer loop
      vertex 8.58733 -3.82332 5.6
      vertex 5.21779 -3.0125 5.6
      vertex 7.60476 -5.52518 5.6
    endloop
  endfacet
  facet normal -0 0 1
    outer loop
      vertex 5.05298 -3.28145 5.6
      vertex 7.60476 -5.52518 5.6
      vertex 5.21779 -3.0125 5.6
    endloop
  endfacet
  facet normal -0 0 1
    outer loop
      vertex 4.87431 -3.5414 5.6
      vertex 7.60476 -5.52518 5.6
      vertex 5.05298 -3.28145 5.6
    endloop
  endfacet
  facet normal -0 0 1
    outer loop
      vertex 4.6823 -3.79164 5.6
      vertex 7.60476 -5.52518 5.6
      vertex 4.87431 -3.5414 5.6
    endloop
  endfacet
  facet normal -0 0 1
    outer loop
      vertex 4.53639 -3.96249 5.6
      vertex 7.60476 -5.52518 5.6
      vertex 4.6823 -3.79164 5.6
    endloop
  endfacet
  facet normal 0 0 1
    outer loop
      vertex 7.60476 -5.52518 5.6
      vertex 4.53639 -3.96249 5.6
      vertex 6.28983 -6.98556 5.6
    endloop
  endfacet
  facet normal 0 0 1
    outer loop
      vertex 6.28983 -6.98556 5.6
      vertex 4.53639 -3.96249 5.6
      vertex 4.7 -8.14064 5.6
    endloop
  endfacet
  facet normal 0 0 1
    outer loop
      vertex 4.53639 -3.96249 5.6
      vertex 2.90476 -8.93993 5.6
      vertex 4.7 -8.14064 5.6
    endloop
  endfacet
  facet normal 0 0 1
    outer loop
      vertex 4.53639 -3.96249 5.6
      vertex 0.982567 -9.34851 5.6
      vertex 2.90476 -8.93993 5.6
    endloop
  endfacet
  facet normal 0 0 1
    outer loop
      vertex 4.53639 -3.96249 5.6
      vertex -0.982567 -9.34851 5.6
      vertex 0.982567 -9.34851 5.6
    endloop
  endfacet
  facet normal -0 0 1
    outer loop
      vertex -4.53639 -3.96249 5.6
      vertex -0.982567 -9.34851 5.6
      vertex 4.53639 -3.96249 5.6
    endloop
  endfacet
  facet normal 0 0 1
    outer loop
      vertex -0.982567 -9.34851 5.6
      vertex -4.53639 -3.96249 5.6
      vertex -2.90476 -8.93993 5.6
    endloop
  endfacet
  facet normal 0 0 1
    outer loop
      vertex -7.60476 -5.52518 5.6
      vertex -4.53639 -3.96249 5.6
      vertex -4.6823 -3.79164 5.6
    endloop
  endfacet
  facet normal 0 0 1
    outer loop
      vertex -4.53639 -3.96249 5.6
      vertex -4.7 -8.14064 5.6
      vertex -2.90476 -8.93993 5.6
    endloop
  endfacet
  facet normal 0 0 1
    outer loop
      vertex -7.60476 -5.52518 5.6
      vertex -4.6823 -3.79164 5.6
      vertex -4.87431 -3.5414 5.6
    endloop
  endfacet
  facet normal 0 0 1
    outer loop
      vertex -7.60476 -5.52518 5.6
      vertex -4.87431 -3.5414 5.6
      vertex -5.05298 -3.28145 5.6
    endloop
  endfacet
  facet normal 0 0 1
    outer loop
      vertex -7.60476 -5.52518 5.6
      vertex -5.05298 -3.28145 5.6
      vertex -5.21779 -3.0125 5.6
    endloop
  endfacet
  facet normal 0 0 1
    outer loop
      vertex -8.58733 -3.82332 5.6
      vertex -5.21779 -3.0125 5.6
      vertex -5.3683 -2.73529 5.6
    endloop
  endfacet
  facet normal 0 0 1
    outer loop
      vertex -8.58733 -3.82332 5.6
      vertex -5.3683 -2.73529 5.6
      vertex -5.5041 -2.45058 5.6
    endloop
  endfacet
  facet normal 0 0 1
    outer loop
      vertex -8.58733 -3.82332 5.6
      vertex -5.5041 -2.45058 5.6
      vertex -5.62482 -2.15916 5.6
    endloop
  endfacet
  facet normal 0 0 1
    outer loop
      vertex -8.58733 -3.82332 5.6
      vertex -5.62482 -2.15916 5.6
      vertex -5.7301 -1.86182 5.6
    endloop
  endfacet
  facet normal 0 0 1
    outer loop
      vertex -9.19459 -1.95437 5.6
      vertex -5.7301 -1.86182 5.6
      vertex -5.8197 -1.55937 5.6
    endloop
  endfacet
  facet normal 0 0 1
    outer loop
      vertex -9.19459 -1.95437 5.6
      vertex -5.8197 -1.55937 5.6
      vertex -5.89333 -1.25266 5.6
    endloop
  endfacet
  facet normal 0 0 1
    outer loop
      vertex -9.19459 -1.95437 5.6
      vertex -5.89333 -1.25266 5.6
      vertex -5.95082 -0.942505 5.6
    endloop
  endfacet
  facet normal 0 0 1
    outer loop
      vertex -5.95082 0.942505 5.6
      vertex -9.19459 1.95437 5.6
      vertex -5.99199 0.629776 5.6
    endloop
  endfacet
  facet normal 0 0 1
    outer loop
      vertex -4.53639 -3.96249 5.6
      vertex -6.28983 -6.98556 5.6
      vertex -4.7 -8.14064 5.6
    endloop
  endfacet
  facet normal 0 0 1
    outer loop
      vertex -9.19459 -1.95437 5.6
      vertex -5.95082 -0.942505 5.6
      vertex -5.99199 -0.629776 5.6
    endloop
  endfacet
  facet normal 0 0 1
    outer loop
      vertex -9.4 0 5.6
      vertex -5.99199 -0.629776 5.6
      vertex -6.01674 -0.315323 5.6
    endloop
  endfacet
  facet normal 0 0 1
    outer loop
      vertex -9.4 0 5.6
      vertex -5.99199 0.629776 5.6
      vertex -9.19459 1.95437 5.6
    endloop
  endfacet
  facet normal 0 0 1
    outer loop
      vertex -5.99199 0.629776 5.6
      vertex -9.4 0 5.6
      vertex -6.01674 0.315323 5.6
    endloop
  endfacet
  facet normal 0 0 1
    outer loop
      vertex -4.53639 -3.96249 5.6
      vertex -7.60476 -5.52518 5.6
      vertex -6.28983 -6.98556 5.6
    endloop
  endfacet
  facet normal 0 0 1
    outer loop
      vertex -6.01674 0.315323 5.6
      vertex -9.4 0 5.6
      vertex -6.02499 0 5.6
    endloop
  endfacet
  facet normal 0 0 1
    outer loop
      vertex -5.21779 -3.0125 5.6
      vertex -8.58733 -3.82332 5.6
      vertex -7.60476 -5.52518 5.6
    endloop
  endfacet
  facet normal 0 0 1
    outer loop
      vertex -6.02499 0 5.6
      vertex -9.4 0 5.6
      vertex -6.01674 -0.315323 5.6
    endloop
  endfacet
  facet normal 0 0 1
    outer loop
      vertex -5.7301 -1.86182 5.6
      vertex -9.19459 -1.95437 5.6
      vertex -8.58733 -3.82332 5.6
    endloop
  endfacet
  facet normal 0 0 1
    outer loop
      vertex -5.99199 -0.629776 5.6
      vertex -9.4 0 5.6
      vertex -9.19459 -1.95437 5.6
    endloop
  endfacet
  facet normal -0.587785 0.809017 0
    outer loop
      vertex -4.7 8.14064 3.6
      vertex -6.28983 6.98556 5.6
      vertex -4.7 8.14064 5.6
    endloop
  endfacet
  facet normal -0.587785 0.809017 0
    outer loop
      vertex -6.28983 6.98556 5.6
      vertex -4.7 8.14064 3.6
      vertex -6.28983 6.98556 3.6
    endloop
  endfacet
  facet normal -0.207911 0.978148 0
    outer loop
      vertex -0.982567 9.34851 3.6
      vertex -2.90476 8.93993 5.6
      vertex -0.982567 9.34851 5.6
    endloop
  endfacet
  facet normal -0.207911 0.978148 0
    outer loop
      vertex -2.90476 8.93993 5.6
      vertex -0.982567 9.34851 3.6
      vertex -2.90476 8.93993 3.6
    endloop
  endfacet
  facet normal 0.207911 -0.978148 0
    outer loop
      vertex 0.982567 -9.34851 3.6
      vertex 2.90476 -8.93993 5.6
      vertex 0.982567 -9.34851 5.6
    endloop
  endfacet
  facet normal 0.207911 -0.978148 0
    outer loop
      vertex 2.90476 -8.93993 5.6
      vertex 0.982567 -9.34851 3.6
      vertex 2.90476 -8.93993 3.6
    endloop
  endfacet
  facet normal 0.951057 -0.309017 0
    outer loop
      vertex 8.58733 -3.82332 5.6
      vertex 9.19459 -1.95437 3.6
      vertex 9.19459 -1.95437 5.6
    endloop
  endfacet
  facet normal 0.951057 -0.309017 0
    outer loop
      vertex 9.19459 -1.95437 3.6
      vertex 8.58733 -3.82332 5.6
      vertex 8.58733 -3.82332 3.6
    endloop
  endfacet
  facet normal 0.994522 -0.104529 0
    outer loop
      vertex 9.19459 -1.95437 5.6
      vertex 9.4 0 3.6
      vertex 9.4 0 5.6
    endloop
  endfacet
  facet normal 0.994522 -0.104529 0
    outer loop
      vertex 9.4 0 3.6
      vertex 9.19459 -1.95437 5.6
      vertex 9.19459 -1.95437 3.6
    endloop
  endfacet
  facet normal -0.866025 -0.5 0
    outer loop
      vertex -7.60476 -5.52518 3.6
      vertex -8.58733 -3.82332 5.6
      vertex -8.58733 -3.82332 3.6
    endloop
  endfacet
  facet normal -0.866025 -0.5 0
    outer loop
      vertex -8.58733 -3.82332 5.6
      vertex -7.60476 -5.52518 3.6
      vertex -7.60476 -5.52518 5.6
    endloop
  endfacet
  facet normal -0.994522 -0.104529 0
    outer loop
      vertex -9.19459 -1.95437 3.6
      vertex -9.4 0 5.6
      vertex -9.4 0 3.6
    endloop
  endfacet
  facet normal -0.994522 -0.104529 0
    outer loop
      vertex -9.4 0 5.6
      vertex -9.19459 -1.95437 3.6
      vertex -9.19459 -1.95437 5.6
    endloop
  endfacet
  facet normal 0.587785 -0.809017 0
    outer loop
      vertex 4.7 -8.14064 3.6
      vertex 6.28983 -6.98556 5.6
      vertex 4.7 -8.14064 5.6
    endloop
  endfacet
  facet normal 0.587785 -0.809017 0
    outer loop
      vertex 6.28983 -6.98556 5.6
      vertex 4.7 -8.14064 3.6
      vertex 6.28983 -6.98556 3.6
    endloop
  endfacet
  facet normal 0.406737 -0.913545 0
    outer loop
      vertex 2.90476 -8.93993 3.6
      vertex 4.7 -8.14064 5.6
      vertex 2.90476 -8.93993 5.6
    endloop
  endfacet
  facet normal 0.406737 -0.913545 0
    outer loop
      vertex 4.7 -8.14064 5.6
      vertex 2.90476 -8.93993 3.6
      vertex 4.7 -8.14064 3.6
    endloop
  endfacet
  facet normal -0.207911 -0.978148 0
    outer loop
      vertex -2.90476 -8.93993 3.6
      vertex -0.982567 -9.34851 5.6
      vertex -2.90476 -8.93993 5.6
    endloop
  endfacet
  facet normal -0.207911 -0.978148 -0
    outer loop
      vertex -0.982567 -9.34851 5.6
      vertex -2.90476 -8.93993 3.6
      vertex -0.982567 -9.34851 3.6
    endloop
  endfacet
  facet normal -0.743145 -0.669131 0
    outer loop
      vertex -6.28983 -6.98556 3.6
      vertex -7.60476 -5.52518 5.6
      vertex -7.60476 -5.52518 3.6
    endloop
  endfacet
  facet normal -0.743145 -0.669131 0
    outer loop
      vertex -7.60476 -5.52518 5.6
      vertex -6.28983 -6.98556 3.6
      vertex -6.28983 -6.98556 5.6
    endloop
  endfacet
  facet normal -0.951057 -0.309017 0
    outer loop
      vertex -8.58733 -3.82332 3.6
      vertex -9.19459 -1.95437 5.6
      vertex -9.19459 -1.95437 3.6
    endloop
  endfacet
  facet normal -0.951057 -0.309017 0
    outer loop
      vertex -9.19459 -1.95437 5.6
      vertex -8.58733 -3.82332 3.6
      vertex -8.58733 -3.82332 5.6
    endloop
  endfacet
  facet normal 0.743145 -0.669131 0
    outer loop
      vertex 6.28983 -6.98556 5.6
      vertex 7.60476 -5.52518 3.6
      vertex 7.60476 -5.52518 5.6
    endloop
  endfacet
  facet normal 0.743145 -0.669131 0
    outer loop
      vertex 7.60476 -5.52518 3.6
      vertex 6.28983 -6.98556 5.6
      vertex 6.28983 -6.98556 3.6
    endloop
  endfacet
  facet normal -0.587785 -0.809017 0
    outer loop
      vertex -6.28983 -6.98556 3.6
      vertex -4.7 -8.14064 5.6
      vertex -6.28983 -6.98556 5.6
    endloop
  endfacet
  facet normal -0.587785 -0.809017 -0
    outer loop
      vertex -4.7 -8.14064 5.6
      vertex -6.28983 -6.98556 3.6
      vertex -4.7 -8.14064 3.6
    endloop
  endfacet
  facet normal -0.406737 -0.913545 0
    outer loop
      vertex -4.7 -8.14064 3.6
      vertex -2.90476 -8.93993 5.6
      vertex -4.7 -8.14064 5.6
    endloop
  endfacet
  facet normal -0.406737 -0.913545 -0
    outer loop
      vertex -2.90476 -8.93993 5.6
      vertex -4.7 -8.14064 3.6
      vertex -2.90476 -8.93993 3.6
    endloop
  endfacet
  facet normal 0.866027 0.499997 0
    outer loop
      vertex 146.712 3.82332 5.6
      vertex 145.73 5.52518 3.6
      vertex 145.73 5.52518 5.6
    endloop
  endfacet
  facet normal 0.866027 0.499997 0
    outer loop
      vertex 145.73 5.52518 3.6
      vertex 146.712 3.82332 5.6
      vertex 146.712 3.82332 3.6
    endloop
  endfacet
  facet normal 0.743142 0.669133 0
    outer loop
      vertex 145.73 5.52518 5.6
      vertex 144.415 6.98556 3.6
      vertex 144.415 6.98556 5.6
    endloop
  endfacet
  facet normal 0.743142 0.669133 0
    outer loop
      vertex 144.415 6.98556 3.6
      vertex 145.73 5.52518 5.6
      vertex 145.73 5.52518 3.6
    endloop
  endfacet
  facet normal 0.207913 0.978147 -0
    outer loop
      vertex 141.03 8.93993 3.6
      vertex 139.108 9.34851 5.6
      vertex 141.03 8.93993 5.6
    endloop
  endfacet
  facet normal 0.207913 0.978147 0
    outer loop
      vertex 139.108 9.34851 5.6
      vertex 141.03 8.93993 3.6
      vertex 139.108 9.34851 3.6
    endloop
  endfacet
  facet normal 0.406736 0.913546 -0
    outer loop
      vertex 142.825 8.14064 3.6
      vertex 141.03 8.93993 5.6
      vertex 142.825 8.14064 5.6
    endloop
  endfacet
  facet normal 0.406736 0.913546 0
    outer loop
      vertex 141.03 8.93993 5.6
      vertex 142.825 8.14064 3.6
      vertex 141.03 8.93993 3.6
    endloop
  endfacet
  facet normal -0.406736 0.913546 0
    outer loop
      vertex 135.22 8.93993 3.6
      vertex 133.425 8.14064 5.6
      vertex 135.22 8.93993 5.6
    endloop
  endfacet
  facet normal -0.406736 0.913546 0
    outer loop
      vertex 133.425 8.14064 5.6
      vertex 135.22 8.93993 3.6
      vertex 133.425 8.14064 3.6
    endloop
  endfacet
  facet normal 0.994522 -0.104529 0
    outer loop
      vertex 147.32 -1.95437 5.6
      vertex 147.525 0 3.6
      vertex 147.525 0 5.6
    endloop
  endfacet
  facet normal 0.994522 -0.104529 0
    outer loop
      vertex 147.525 0 3.6
      vertex 147.32 -1.95437 5.6
      vertex 147.32 -1.95437 3.6
    endloop
  endfacet
  facet normal 0.587785 0.809017 -0
    outer loop
      vertex 144.415 6.98556 3.6
      vertex 142.825 8.14064 5.6
      vertex 144.415 6.98556 5.6
    endloop
  endfacet
  facet normal 0.587785 0.809017 0
    outer loop
      vertex 142.825 8.14064 5.6
      vertex 144.415 6.98556 3.6
      vertex 142.825 8.14064 3.6
    endloop
  endfacet
  facet normal 0 1 -0
    outer loop
      vertex 139.108 9.34851 3.6
      vertex 137.142 9.34851 5.6
      vertex 139.108 9.34851 5.6
    endloop
  endfacet
  facet normal 0 1 0
    outer loop
      vertex 137.142 9.34851 5.6
      vertex 139.108 9.34851 3.6
      vertex 137.142 9.34851 3.6
    endloop
  endfacet
  facet normal -0.994522 0.104529 0
    outer loop
      vertex 128.725 0 3.6
      vertex 128.93 1.95437 5.6
      vertex 128.93 1.95437 3.6
    endloop
  endfacet
  facet normal -0.994522 0.104529 0
    outer loop
      vertex 128.93 1.95437 5.6
      vertex 128.725 0 3.6
      vertex 128.725 0 5.6
    endloop
  endfacet
  facet normal -0.866027 0.499997 0
    outer loop
      vertex 129.538 3.82332 3.6
      vertex 130.52 5.52518 5.6
      vertex 130.52 5.52518 3.6
    endloop
  endfacet
  facet normal -0.866027 0.499997 0
    outer loop
      vertex 130.52 5.52518 5.6
      vertex 129.538 3.82332 3.6
      vertex 129.538 3.82332 5.6
    endloop
  endfacet
  facet normal -0.587785 0.809017 0
    outer loop
      vertex 133.425 8.14064 3.6
      vertex 131.835 6.98556 5.6
      vertex 133.425 8.14064 5.6
    endloop
  endfacet
  facet normal -0.587785 0.809017 0
    outer loop
      vertex 131.835 6.98556 5.6
      vertex 133.425 8.14064 3.6
      vertex 131.835 6.98556 3.6
    endloop
  endfacet
  facet normal -0.207913 0.978147 0
    outer loop
      vertex 137.142 9.34851 3.6
      vertex 135.22 8.93993 5.6
      vertex 137.142 9.34851 5.6
    endloop
  endfacet
  facet normal -0.207913 0.978147 0
    outer loop
      vertex 135.22 8.93993 5.6
      vertex 137.142 9.34851 3.6
      vertex 135.22 8.93993 3.6
    endloop
  endfacet
  facet normal -0.743142 0.669133 0
    outer loop
      vertex 130.52 5.52518 3.6
      vertex 131.835 6.98556 5.6
      vertex 131.835 6.98556 3.6
    endloop
  endfacet
  facet normal -0.743142 0.669133 0
    outer loop
      vertex 131.835 6.98556 5.6
      vertex 130.52 5.52518 3.6
      vertex 130.52 5.52518 5.6
    endloop
  endfacet
  facet normal 0.994522 0.104529 0
    outer loop
      vertex 147.525 0 5.6
      vertex 147.32 1.95437 3.6
      vertex 147.32 1.95437 5.6
    endloop
  endfacet
  facet normal 0.994522 0.104529 0
    outer loop
      vertex 147.32 1.95437 3.6
      vertex 147.525 0 5.6
      vertex 147.525 0 3.6
    endloop
  endfacet
  facet normal 0.587785 -0.809017 0
    outer loop
      vertex 142.825 -8.14064 3.6
      vertex 144.415 -6.98556 5.6
      vertex 142.825 -8.14064 5.6
    endloop
  endfacet
  facet normal 0.587785 -0.809017 0
    outer loop
      vertex 144.415 -6.98556 5.6
      vertex 142.825 -8.14064 3.6
      vertex 144.415 -6.98556 3.6
    endloop
  endfacet
  facet normal 0.951057 -0.309014 0
    outer loop
      vertex 146.712 -3.82332 5.6
      vertex 147.32 -1.95437 3.6
      vertex 147.32 -1.95437 5.6
    endloop
  endfacet
  facet normal 0.951057 -0.309014 0
    outer loop
      vertex 147.32 -1.95437 3.6
      vertex 146.712 -3.82332 5.6
      vertex 146.712 -3.82332 3.6
    endloop
  endfacet
  facet normal -0.207913 -0.978147 0
    outer loop
      vertex 135.22 -8.93993 3.6
      vertex 137.142 -9.34851 5.6
      vertex 135.22 -8.93993 5.6
    endloop
  endfacet
  facet normal -0.207913 -0.978147 -0
    outer loop
      vertex 137.142 -9.34851 5.6
      vertex 135.22 -8.93993 3.6
      vertex 137.142 -9.34851 3.6
    endloop
  endfacet
  facet normal 0.951057 0.309014 0
    outer loop
      vertex 147.32 1.95437 5.6
      vertex 146.712 3.82332 3.6
      vertex 146.712 3.82332 5.6
    endloop
  endfacet
  facet normal 0.951057 0.309014 0
    outer loop
      vertex 146.712 3.82332 3.6
      vertex 147.32 1.95437 5.6
      vertex 147.32 1.95437 3.6
    endloop
  endfacet
  facet normal -0 0 1
    outer loop
      vertex 144.117 0.629776 5.6
      vertex 147.525 0 5.6
      vertex 147.32 1.95437 5.6
    endloop
  endfacet
  facet normal 0 0 1
    outer loop
      vertex 143.855 1.86182 5.6
      vertex 147.32 1.95437 5.6
      vertex 146.712 3.82332 5.6
    endloop
  endfacet
  facet normal 0 0 1
    outer loop
      vertex 147.525 0 5.6
      vertex 144.117 0.629776 5.6
      vertex 144.142 0.315323 5.6
    endloop
  endfacet
  facet normal 0 0 1
    outer loop
      vertex 143.343 3.0125 5.6
      vertex 146.712 3.82332 5.6
      vertex 145.73 5.52518 5.6
    endloop
  endfacet
  facet normal 0 0 1
    outer loop
      vertex 147.525 0 5.6
      vertex 144.142 0.315323 5.6
      vertex 144.15 0 5.6
    endloop
  endfacet
  facet normal 0 0 1
    outer loop
      vertex 142.661 3.96249 5.6
      vertex 145.73 5.52518 5.6
      vertex 144.415 6.98556 5.6
    endloop
  endfacet
  facet normal 0 0 1
    outer loop
      vertex 144.142 -0.315323 5.6
      vertex 147.525 0 5.6
      vertex 144.15 0 5.6
    endloop
  endfacet
  facet normal -0 0 1
    outer loop
      vertex 144.076 -0.942505 5.6
      vertex 147.32 -1.95437 5.6
      vertex 144.117 -0.629776 5.6
    endloop
  endfacet
  facet normal 0 0 1
    outer loop
      vertex 147.525 0 5.6
      vertex 144.117 -0.629776 5.6
      vertex 147.32 -1.95437 5.6
    endloop
  endfacet
  facet normal 0 0 1
    outer loop
      vertex 144.117 -0.629776 5.6
      vertex 147.525 0 5.6
      vertex 144.142 -0.315323 5.6
    endloop
  endfacet
  facet normal 0 0 1
    outer loop
      vertex 147.32 1.95437 5.6
      vertex 144.076 0.942505 5.6
      vertex 144.117 0.629776 5.6
    endloop
  endfacet
  facet normal 0 0 1
    outer loop
      vertex 147.32 1.95437 5.6
      vertex 144.018 1.25266 5.6
      vertex 144.076 0.942505 5.6
    endloop
  endfacet
  facet normal 0 0 1
    outer loop
      vertex 147.32 1.95437 5.6
      vertex 143.945 1.55937 5.6
      vertex 144.018 1.25266 5.6
    endloop
  endfacet
  facet normal 0 0 1
    outer loop
      vertex 147.32 1.95437 5.6
      vertex 143.855 1.86182 5.6
      vertex 143.945 1.55937 5.6
    endloop
  endfacet
  facet normal 0 0 1
    outer loop
      vertex 146.712 3.82332 5.6
      vertex 143.75 2.15916 5.6
      vertex 143.855 1.86182 5.6
    endloop
  endfacet
  facet normal 0 0 1
    outer loop
      vertex 146.712 3.82332 5.6
      vertex 143.629 2.45058 5.6
      vertex 143.75 2.15916 5.6
    endloop
  endfacet
  facet normal 0 0 1
    outer loop
      vertex 146.712 3.82332 5.6
      vertex 143.493 2.73529 5.6
      vertex 143.629 2.45058 5.6
    endloop
  endfacet
  facet normal 0 0 1
    outer loop
      vertex 146.712 3.82332 5.6
      vertex 143.343 3.0125 5.6
      vertex 143.493 2.73529 5.6
    endloop
  endfacet
  facet normal 0 0 1
    outer loop
      vertex 145.73 5.52518 5.6
      vertex 143.178 3.28145 5.6
      vertex 143.343 3.0125 5.6
    endloop
  endfacet
  facet normal 0 0 1
    outer loop
      vertex 145.73 5.52518 5.6
      vertex 142.999 3.5414 5.6
      vertex 143.178 3.28145 5.6
    endloop
  endfacet
  facet normal 0 0 1
    outer loop
      vertex 142.661 3.96249 5.6
      vertex 144.415 6.98556 5.6
      vertex 142.825 8.14064 5.6
    endloop
  endfacet
  facet normal 0 0 1
    outer loop
      vertex 145.73 5.52518 5.6
      vertex 142.807 3.79164 5.6
      vertex 142.999 3.5414 5.6
    endloop
  endfacet
  facet normal 0 0 1
    outer loop
      vertex 145.73 5.52518 5.6
      vertex 142.661 3.96249 5.6
      vertex 142.807 3.79164 5.6
    endloop
  endfacet
  facet normal 0 0 1
    outer loop
      vertex 141.03 8.93993 5.6
      vertex 142.661 3.96249 5.6
      vertex 142.825 8.14064 5.6
    endloop
  endfacet
  facet normal 0 0 1
    outer loop
      vertex 139.108 9.34851 5.6
      vertex 142.661 3.96249 5.6
      vertex 141.03 8.93993 5.6
    endloop
  endfacet
  facet normal -0 0 1
    outer loop
      vertex 137.142 9.34851 5.6
      vertex 142.661 3.96249 5.6
      vertex 139.108 9.34851 5.6
    endloop
  endfacet
  facet normal 0 0 1
    outer loop
      vertex 133.589 3.96249 5.6
      vertex 137.142 9.34851 5.6
      vertex 135.22 8.93993 5.6
    endloop
  endfacet
  facet normal 0 0 1
    outer loop
      vertex 137.142 9.34851 5.6
      vertex 133.589 3.96249 5.6
      vertex 142.661 3.96249 5.6
    endloop
  endfacet
  facet normal -0 0 1
    outer loop
      vertex 133.425 8.14064 5.6
      vertex 133.589 3.96249 5.6
      vertex 135.22 8.93993 5.6
    endloop
  endfacet
  facet normal -0 0 1
    outer loop
      vertex 131.835 6.98556 5.6
      vertex 133.589 3.96249 5.6
      vertex 133.425 8.14064 5.6
    endloop
  endfacet
  facet normal -0 0 1
    outer loop
      vertex 130.52 5.52518 5.6
      vertex 133.589 3.96249 5.6
      vertex 131.835 6.98556 5.6
    endloop
  endfacet
  facet normal 0 0 1
    outer loop
      vertex 133.589 3.96249 5.6
      vertex 130.52 5.52518 5.6
      vertex 133.443 3.79164 5.6
    endloop
  endfacet
  facet normal 0 0 1
    outer loop
      vertex 133.443 3.79164 5.6
      vertex 130.52 5.52518 5.6
      vertex 133.251 3.5414 5.6
    endloop
  endfacet
  facet normal 0 0 1
    outer loop
      vertex 133.251 3.5414 5.6
      vertex 130.52 5.52518 5.6
      vertex 133.072 3.28145 5.6
    endloop
  endfacet
  facet normal 0 0 1
    outer loop
      vertex 133.072 3.28145 5.6
      vertex 130.52 5.52518 5.6
      vertex 132.907 3.0125 5.6
    endloop
  endfacet
  facet normal -0 0 1
    outer loop
      vertex 129.538 3.82332 5.6
      vertex 132.907 3.0125 5.6
      vertex 130.52 5.52518 5.6
    endloop
  endfacet
  facet normal 0 0 1
    outer loop
      vertex 132.907 3.0125 5.6
      vertex 129.538 3.82332 5.6
      vertex 132.757 2.73529 5.6
    endloop
  endfacet
  facet normal 0 0 1
    outer loop
      vertex 132.757 2.73529 5.6
      vertex 129.538 3.82332 5.6
      vertex 132.621 2.45058 5.6
    endloop
  endfacet
  facet normal 0 0 1
    outer loop
      vertex 132.621 2.45058 5.6
      vertex 129.538 3.82332 5.6
      vertex 132.5 2.15916 5.6
    endloop
  endfacet
  facet normal 0 0 1
    outer loop
      vertex 132.5 2.15916 5.6
      vertex 129.538 3.82332 5.6
      vertex 132.395 1.86182 5.6
    endloop
  endfacet
  facet normal 0 0 1
    outer loop
      vertex 132.232 1.25266 5.6
      vertex 128.93 1.95437 5.6
      vertex 132.174 0.942505 5.6
    endloop
  endfacet
  facet normal 0 0 1
    outer loop
      vertex 132.305 1.55937 5.6
      vertex 128.93 1.95437 5.6
      vertex 132.232 1.25266 5.6
    endloop
  endfacet
  facet normal 0 0 1
    outer loop
      vertex 132.395 1.86182 5.6
      vertex 128.93 1.95437 5.6
      vertex 132.305 1.55937 5.6
    endloop
  endfacet
  facet normal -0 0 1
    outer loop
      vertex 128.93 1.95437 5.6
      vertex 132.395 1.86182 5.6
      vertex 129.538 3.82332 5.6
    endloop
  endfacet
  facet normal -0 0 1
    outer loop
      vertex 144.018 -1.25266 5.6
      vertex 147.32 -1.95437 5.6
      vertex 144.076 -0.942505 5.6
    endloop
  endfacet
  facet normal -0 0 1
    outer loop
      vertex 143.945 -1.55937 5.6
      vertex 147.32 -1.95437 5.6
      vertex 144.018 -1.25266 5.6
    endloop
  endfacet
  facet normal -0 0 1
    outer loop
      vertex 143.855 -1.86182 5.6
      vertex 147.32 -1.95437 5.6
      vertex 143.945 -1.55937 5.6
    endloop
  endfacet
  facet normal 0 0 1
    outer loop
      vertex 147.32 -1.95437 5.6
      vertex 143.855 -1.86182 5.6
      vertex 146.712 -3.82332 5.6
    endloop
  endfacet
  facet normal -0 0 1
    outer loop
      vertex 143.75 -2.15916 5.6
      vertex 146.712 -3.82332 5.6
      vertex 143.855 -1.86182 5.6
    endloop
  endfacet
  facet normal -0 0 1
    outer loop
      vertex 143.629 -2.45058 5.6
      vertex 146.712 -3.82332 5.6
      vertex 143.75 -2.15916 5.6
    endloop
  endfacet
  facet normal -0 0 1
    outer loop
      vertex 143.493 -2.73529 5.6
      vertex 146.712 -3.82332 5.6
      vertex 143.629 -2.45058 5.6
    endloop
  endfacet
  facet normal -0 0 1
    outer loop
      vertex 143.343 -3.0125 5.6
      vertex 146.712 -3.82332 5.6
      vertex 143.493 -2.73529 5.6
    endloop
  endfacet
  facet normal 0 0 1
    outer loop
      vertex 146.712 -3.82332 5.6
      vertex 143.343 -3.0125 5.6
      vertex 145.73 -5.52518 5.6
    endloop
  endfacet
  facet normal -0 0 1
    outer loop
      vertex 143.178 -3.28145 5.6
      vertex 145.73 -5.52518 5.6
      vertex 143.343 -3.0125 5.6
    endloop
  endfacet
  facet normal -0 0 1
    outer loop
      vertex 142.999 -3.5414 5.6
      vertex 145.73 -5.52518 5.6
      vertex 143.178 -3.28145 5.6
    endloop
  endfacet
  facet normal -0 0 1
    outer loop
      vertex 142.807 -3.79164 5.6
      vertex 145.73 -5.52518 5.6
      vertex 142.999 -3.5414 5.6
    endloop
  endfacet
  facet normal -0 0 1
    outer loop
      vertex 142.661 -3.96249 5.6
      vertex 145.73 -5.52518 5.6
      vertex 142.807 -3.79164 5.6
    endloop
  endfacet
  facet normal 0 0 1
    outer loop
      vertex 145.73 -5.52518 5.6
      vertex 142.661 -3.96249 5.6
      vertex 144.415 -6.98556 5.6
    endloop
  endfacet
  facet normal 0 0 1
    outer loop
      vertex 144.415 -6.98556 5.6
      vertex 142.661 -3.96249 5.6
      vertex 142.825 -8.14064 5.6
    endloop
  endfacet
  facet normal 0 0 1
    outer loop
      vertex 142.661 -3.96249 5.6
      vertex 141.03 -8.93993 5.6
      vertex 142.825 -8.14064 5.6
    endloop
  endfacet
  facet normal 0 0 1
    outer loop
      vertex 142.661 -3.96249 5.6
      vertex 139.108 -9.34851 5.6
      vertex 141.03 -8.93993 5.6
    endloop
  endfacet
  facet normal 0 0 1
    outer loop
      vertex 142.661 -3.96249 5.6
      vertex 137.142 -9.34851 5.6
      vertex 139.108 -9.34851 5.6
    endloop
  endfacet
  facet normal -0 0 1
    outer loop
      vertex 133.589 -3.96249 5.6
      vertex 137.142 -9.34851 5.6
      vertex 142.661 -3.96249 5.6
    endloop
  endfacet
  facet normal 0 0 1
    outer loop
      vertex 137.142 -9.34851 5.6
      vertex 133.589 -3.96249 5.6
      vertex 135.22 -8.93993 5.6
    endloop
  endfacet
  facet normal 0 0 1
    outer loop
      vertex 130.52 -5.52518 5.6
      vertex 133.589 -3.96249 5.6
      vertex 133.443 -3.79164 5.6
    endloop
  endfacet
  facet normal 0 0 1
    outer loop
      vertex 133.589 -3.96249 5.6
      vertex 133.425 -8.14064 5.6
      vertex 135.22 -8.93993 5.6
    endloop
  endfacet
  facet normal 0 0 1
    outer loop
      vertex 130.52 -5.52518 5.6
      vertex 133.443 -3.79164 5.6
      vertex 133.251 -3.5414 5.6
    endloop
  endfacet
  facet normal 0 0 1
    outer loop
      vertex 130.52 -5.52518 5.6
      vertex 133.251 -3.5414 5.6
      vertex 133.072 -3.28145 5.6
    endloop
  endfacet
  facet normal 0 0 1
    outer loop
      vertex 130.52 -5.52518 5.6
      vertex 133.072 -3.28145 5.6
      vertex 132.907 -3.0125 5.6
    endloop
  endfacet
  facet normal 0 0 1
    outer loop
      vertex 129.538 -3.82332 5.6
      vertex 132.907 -3.0125 5.6
      vertex 132.757 -2.73529 5.6
    endloop
  endfacet
  facet normal 0 0 1
    outer loop
      vertex 129.538 -3.82332 5.6
      vertex 132.757 -2.73529 5.6
      vertex 132.621 -2.45058 5.6
    endloop
  endfacet
  facet normal 0 0 1
    outer loop
      vertex 129.538 -3.82332 5.6
      vertex 132.621 -2.45058 5.6
      vertex 132.5 -2.15916 5.6
    endloop
  endfacet
  facet normal 0 0 1
    outer loop
      vertex 129.538 -3.82332 5.6
      vertex 132.5 -2.15916 5.6
      vertex 132.395 -1.86182 5.6
    endloop
  endfacet
  facet normal 0 0 1
    outer loop
      vertex 128.93 -1.95437 5.6
      vertex 132.395 -1.86182 5.6
      vertex 132.305 -1.55937 5.6
    endloop
  endfacet
  facet normal 0 0 1
    outer loop
      vertex 128.93 -1.95437 5.6
      vertex 132.305 -1.55937 5.6
      vertex 132.232 -1.25266 5.6
    endloop
  endfacet
  facet normal 0 0 1
    outer loop
      vertex 128.93 -1.95437 5.6
      vertex 132.232 -1.25266 5.6
      vertex 132.174 -0.942505 5.6
    endloop
  endfacet
  facet normal 0 0 1
    outer loop
      vertex 132.174 0.942505 5.6
      vertex 128.93 1.95437 5.6
      vertex 132.133 0.629776 5.6
    endloop
  endfacet
  facet normal 0 0 1
    outer loop
      vertex 133.589 -3.96249 5.6
      vertex 131.835 -6.98556 5.6
      vertex 133.425 -8.14064 5.6
    endloop
  endfacet
  facet normal 0 0 1
    outer loop
      vertex 128.93 -1.95437 5.6
      vertex 132.174 -0.942505 5.6
      vertex 132.133 -0.629776 5.6
    endloop
  endfacet
  facet normal 0 0 1
    outer loop
      vertex 128.725 0 5.6
      vertex 132.133 -0.629776 5.6
      vertex 132.108 -0.315323 5.6
    endloop
  endfacet
  facet normal 0 0 1
    outer loop
      vertex 128.725 0 5.6
      vertex 132.133 0.629776 5.6
      vertex 128.93 1.95437 5.6
    endloop
  endfacet
  facet normal 0 0 1
    outer loop
      vertex 132.133 0.629776 5.6
      vertex 128.725 0 5.6
      vertex 132.108 0.315323 5.6
    endloop
  endfacet
  facet normal 0 0 1
    outer loop
      vertex 133.589 -3.96249 5.6
      vertex 130.52 -5.52518 5.6
      vertex 131.835 -6.98556 5.6
    endloop
  endfacet
  facet normal 0 0 1
    outer loop
      vertex 132.108 0.315323 5.6
      vertex 128.725 0 5.6
      vertex 132.1 0 5.6
    endloop
  endfacet
  facet normal 0 0 1
    outer loop
      vertex 132.907 -3.0125 5.6
      vertex 129.538 -3.82332 5.6
      vertex 130.52 -5.52518 5.6
    endloop
  endfacet
  facet normal 0 0 1
    outer loop
      vertex 132.1 0 5.6
      vertex 128.725 0 5.6
      vertex 132.108 -0.315323 5.6
    endloop
  endfacet
  facet normal 0 0 1
    outer loop
      vertex 132.395 -1.86182 5.6
      vertex 128.93 -1.95437 5.6
      vertex 129.538 -3.82332 5.6
    endloop
  endfacet
  facet normal 0 0 1
    outer loop
      vertex 132.133 -0.629776 5.6
      vertex 128.725 0 5.6
      vertex 128.93 -1.95437 5.6
    endloop
  endfacet
  facet normal -0.951057 0.309014 0
    outer loop
      vertex 128.93 1.95437 3.6
      vertex 129.538 3.82332 5.6
      vertex 129.538 3.82332 3.6
    endloop
  endfacet
  facet normal -0.951057 0.309014 0
    outer loop
      vertex 129.538 3.82332 5.6
      vertex 128.93 1.95437 3.6
      vertex 128.93 1.95437 5.6
    endloop
  endfacet
  facet normal 0.866027 -0.499997 0
    outer loop
      vertex 145.73 -5.52518 5.6
      vertex 146.712 -3.82332 3.6
      vertex 146.712 -3.82332 5.6
    endloop
  endfacet
  facet normal 0.866027 -0.499997 0
    outer loop
      vertex 146.712 -3.82332 3.6
      vertex 145.73 -5.52518 5.6
      vertex 145.73 -5.52518 3.6
    endloop
  endfacet
  facet normal -0.994522 -0.104529 0
    outer loop
      vertex 128.93 -1.95437 3.6
      vertex 128.725 0 5.6
      vertex 128.725 0 3.6
    endloop
  endfacet
  facet normal -0.994522 -0.104529 0
    outer loop
      vertex 128.725 0 5.6
      vertex 128.93 -1.95437 3.6
      vertex 128.93 -1.95437 5.6
    endloop
  endfacet
  facet normal -0.866027 -0.499997 0
    outer loop
      vertex 130.52 -5.52518 3.6
      vertex 129.538 -3.82332 5.6
      vertex 129.538 -3.82332 3.6
    endloop
  endfacet
  facet normal -0.866027 -0.499997 0
    outer loop
      vertex 129.538 -3.82332 5.6
      vertex 130.52 -5.52518 3.6
      vertex 130.52 -5.52518 5.6
    endloop
  endfacet
  facet normal 0.207913 -0.978147 0
    outer loop
      vertex 139.108 -9.34851 3.6
      vertex 141.03 -8.93993 5.6
      vertex 139.108 -9.34851 5.6
    endloop
  endfacet
  facet normal 0.207913 -0.978147 0
    outer loop
      vertex 141.03 -8.93993 5.6
      vertex 139.108 -9.34851 3.6
      vertex 141.03 -8.93993 3.6
    endloop
  endfacet
  facet normal 0.406736 -0.913546 0
    outer loop
      vertex 141.03 -8.93993 3.6
      vertex 142.825 -8.14064 5.6
      vertex 141.03 -8.93993 5.6
    endloop
  endfacet
  facet normal 0.406736 -0.913546 0
    outer loop
      vertex 142.825 -8.14064 5.6
      vertex 141.03 -8.93993 3.6
      vertex 142.825 -8.14064 3.6
    endloop
  endfacet
  facet normal -0.406736 -0.913546 0
    outer loop
      vertex 133.425 -8.14064 3.6
      vertex 135.22 -8.93993 5.6
      vertex 133.425 -8.14064 5.6
    endloop
  endfacet
  facet normal -0.406736 -0.913546 -0
    outer loop
      vertex 135.22 -8.93993 5.6
      vertex 133.425 -8.14064 3.6
      vertex 135.22 -8.93993 3.6
    endloop
  endfacet
  facet normal 0 -1 0
    outer loop
      vertex 137.142 -9.34851 3.6
      vertex 139.108 -9.34851 5.6
      vertex 137.142 -9.34851 5.6
    endloop
  endfacet
  facet normal 0 -1 -0
    outer loop
      vertex 139.108 -9.34851 5.6
      vertex 137.142 -9.34851 3.6
      vertex 139.108 -9.34851 3.6
    endloop
  endfacet
  facet normal -0.951057 -0.309014 0
    outer loop
      vertex 129.538 -3.82332 3.6
      vertex 128.93 -1.95437 5.6
      vertex 128.93 -1.95437 3.6
    endloop
  endfacet
  facet normal -0.951057 -0.309014 0
    outer loop
      vertex 128.93 -1.95437 5.6
      vertex 129.538 -3.82332 3.6
      vertex 129.538 -3.82332 5.6
    endloop
  endfacet
  facet normal -0.743142 -0.669133 0
    outer loop
      vertex 131.835 -6.98556 3.6
      vertex 130.52 -5.52518 5.6
      vertex 130.52 -5.52518 3.6
    endloop
  endfacet
  facet normal -0.743142 -0.669133 0
    outer loop
      vertex 130.52 -5.52518 5.6
      vertex 131.835 -6.98556 3.6
      vertex 131.835 -6.98556 5.6
    endloop
  endfacet
  facet normal 0.743142 -0.669133 0
    outer loop
      vertex 144.415 -6.98556 5.6
      vertex 145.73 -5.52518 3.6
      vertex 145.73 -5.52518 5.6
    endloop
  endfacet
  facet normal 0.743142 -0.669133 0
    outer loop
      vertex 145.73 -5.52518 3.6
      vertex 144.415 -6.98556 5.6
      vertex 144.415 -6.98556 3.6
    endloop
  endfacet
  facet normal -0.587785 -0.809017 0
    outer loop
      vertex 131.835 -6.98556 3.6
      vertex 133.425 -8.14064 5.6
      vertex 131.835 -6.98556 5.6
    endloop
  endfacet
  facet normal -0.587785 -0.809017 -0
    outer loop
      vertex 133.425 -8.14064 5.6
      vertex 131.835 -6.98556 3.6
      vertex 133.425 -8.14064 3.6
    endloop
  endfacet
  facet normal -0.793357 0.608756 0
    outer loop
      vertex 4.6823 -3.79164 0
      vertex 4.87431 -3.5414 5.6
      vertex 4.87431 -3.5414 0
    endloop
  endfacet
  facet normal -0.793357 0.608756 0
    outer loop
      vertex 4.87431 -3.5414 5.6
      vertex 4.6823 -3.79164 0
      vertex 4.6823 -3.79164 5.6
    endloop
  endfacet
  facet normal -0.824115 0.566422 0
    outer loop
      vertex 4.87431 -3.5414 0
      vertex 5.05298 -3.28145 5.6
      vertex 5.05298 -3.28145 0
    endloop
  endfacet
  facet normal -0.824115 0.566422 0
    outer loop
      vertex 5.05298 -3.28145 5.6
      vertex 4.87431 -3.5414 0
      vertex 4.87431 -3.5414 5.6
    endloop
  endfacet
  facet normal -0.852645 0.522491 0
    outer loop
      vertex 5.05298 -3.28145 0
      vertex 5.21779 -3.0125 5.6
      vertex 5.21779 -3.0125 0
    endloop
  endfacet
  facet normal -0.852645 0.522491 0
    outer loop
      vertex 5.21779 -3.0125 5.6
      vertex 5.05298 -3.28145 0
      vertex 5.05298 -3.28145 5.6
    endloop
  endfacet
  facet normal -0.878815 0.477163 0
    outer loop
      vertex 5.21779 -3.0125 0
      vertex 5.3683 -2.73529 5.6
      vertex 5.3683 -2.73529 0
    endloop
  endfacet
  facet normal -0.878815 0.477163 0
    outer loop
      vertex 5.3683 -2.73529 5.6
      vertex 5.21779 -3.0125 0
      vertex 5.21779 -3.0125 5.6
    endloop
  endfacet
  facet normal -0.902583 0.430516 0
    outer loop
      vertex 5.3683 -2.73529 0
      vertex 5.5041 -2.45058 5.6
      vertex 5.5041 -2.45058 0
    endloop
  endfacet
  facet normal -0.902583 0.430516 0
    outer loop
      vertex 5.5041 -2.45058 5.6
      vertex 5.3683 -2.73529 0
      vertex 5.3683 -2.73529 5.6
    endloop
  endfacet
  facet normal -0.923874 0.382698 0
    outer loop
      vertex 5.5041 -2.45058 0
      vertex 5.62482 -2.15916 5.6
      vertex 5.62482 -2.15916 0
    endloop
  endfacet
  facet normal -0.923874 0.382698 0
    outer loop
      vertex 5.62482 -2.15916 5.6
      vertex 5.5041 -2.45058 0
      vertex 5.5041 -2.45058 5.6
    endloop
  endfacet
  facet normal -0.942652 0.333776 0
    outer loop
      vertex 5.62482 -2.15916 0
      vertex 5.7301 -1.86182 5.6
      vertex 5.7301 -1.86182 0
    endloop
  endfacet
  facet normal -0.942652 0.333776 0
    outer loop
      vertex 5.7301 -1.86182 5.6
      vertex 5.62482 -2.15916 0
      vertex 5.62482 -2.15916 5.6
    endloop
  endfacet
  facet normal -0.95881 0.284049 0
    outer loop
      vertex 5.7301 -1.86182 0
      vertex 5.8197 -1.55937 5.6
      vertex 5.8197 -1.55937 0
    endloop
  endfacet
  facet normal -0.95881 0.284049 0
    outer loop
      vertex 5.8197 -1.55937 5.6
      vertex 5.7301 -1.86182 0
      vertex 5.7301 -1.86182 5.6
    endloop
  endfacet
  facet normal -0.972379 0.233408 0
    outer loop
      vertex 5.8197 -1.55937 0
      vertex 5.89333 -1.25266 5.6
      vertex 5.89333 -1.25266 0
    endloop
  endfacet
  facet normal -0.972379 0.233408 0
    outer loop
      vertex 5.89333 -1.25266 5.6
      vertex 5.8197 -1.55937 0
      vertex 5.8197 -1.55937 5.6
    endloop
  endfacet
  facet normal -0.983248 0.182273 0
    outer loop
      vertex 5.89333 -1.25266 0
      vertex 5.95082 -0.942505 5.6
      vertex 5.95082 -0.942505 0
    endloop
  endfacet
  facet normal -0.983248 0.182273 0
    outer loop
      vertex 5.95082 -0.942505 5.6
      vertex 5.89333 -1.25266 0
      vertex 5.89333 -1.25266 5.6
    endloop
  endfacet
  facet normal -0.991446 0.130516 0
    outer loop
      vertex 5.95082 -0.942505 0
      vertex 5.99199 -0.629776 5.6
      vertex 5.99199 -0.629776 0
    endloop
  endfacet
  facet normal -0.991446 0.130516 0
    outer loop
      vertex 5.99199 -0.629776 5.6
      vertex 5.95082 -0.942505 0
      vertex 5.95082 -0.942505 5.6
    endloop
  endfacet
  facet normal -0.996917 0.0784646 0
    outer loop
      vertex 5.99199 -0.629776 0
      vertex 6.01674 -0.315323 5.6
      vertex 6.01674 -0.315323 0
    endloop
  endfacet
  facet normal -0.996917 0.0784646 0
    outer loop
      vertex 6.01674 -0.315323 5.6
      vertex 5.99199 -0.629776 0
      vertex 5.99199 -0.629776 5.6
    endloop
  endfacet
  facet normal -0.999657 0.0261706 0
    outer loop
      vertex 6.01674 -0.315323 0
      vertex 6.02499 0 5.6
      vertex 6.02499 0 0
    endloop
  endfacet
  facet normal -0.999657 0.0261706 0
    outer loop
      vertex 6.02499 0 5.6
      vertex 6.01674 -0.315323 0
      vertex 6.01674 -0.315323 5.6
    endloop
  endfacet
  facet normal -0.999657 -0.0261706 0
    outer loop
      vertex 6.02499 0 0
      vertex 6.01674 0.315323 5.6
      vertex 6.01674 0.315323 0
    endloop
  endfacet
  facet normal -0.999657 -0.0261706 0
    outer loop
      vertex 6.01674 0.315323 5.6
      vertex 6.02499 0 0
      vertex 6.02499 0 5.6
    endloop
  endfacet
  facet normal -0.996917 -0.0784646 0
    outer loop
      vertex 6.01674 0.315323 0
      vertex 5.99199 0.629776 5.6
      vertex 5.99199 0.629776 0
    endloop
  endfacet
  facet normal -0.996917 -0.0784646 0
    outer loop
      vertex 5.99199 0.629776 5.6
      vertex 6.01674 0.315323 0
      vertex 6.01674 0.315323 5.6
    endloop
  endfacet
  facet normal -0.991446 -0.130516 0
    outer loop
      vertex 5.99199 0.629776 0
      vertex 5.95082 0.942505 5.6
      vertex 5.95082 0.942505 0
    endloop
  endfacet
  facet normal -0.991446 -0.130516 0
    outer loop
      vertex 5.95082 0.942505 5.6
      vertex 5.99199 0.629776 0
      vertex 5.99199 0.629776 5.6
    endloop
  endfacet
  facet normal -0.983248 -0.182273 0
    outer loop
      vertex 5.95082 0.942505 0
      vertex 5.89333 1.25266 5.6
      vertex 5.89333 1.25266 0
    endloop
  endfacet
  facet normal -0.983248 -0.182273 0
    outer loop
      vertex 5.89333 1.25266 5.6
      vertex 5.95082 0.942505 0
      vertex 5.95082 0.942505 5.6
    endloop
  endfacet
  facet normal -0.972379 -0.233408 0
    outer loop
      vertex 5.89333 1.25266 0
      vertex 5.8197 1.55937 5.6
      vertex 5.8197 1.55937 0
    endloop
  endfacet
  facet normal -0.972379 -0.233408 0
    outer loop
      vertex 5.8197 1.55937 5.6
      vertex 5.89333 1.25266 0
      vertex 5.89333 1.25266 5.6
    endloop
  endfacet
  facet normal -0.95881 -0.284049 0
    outer loop
      vertex 5.8197 1.55937 0
      vertex 5.7301 1.86182 5.6
      vertex 5.7301 1.86182 0
    endloop
  endfacet
  facet normal -0.95881 -0.284049 0
    outer loop
      vertex 5.7301 1.86182 5.6
      vertex 5.8197 1.55937 0
      vertex 5.8197 1.55937 5.6
    endloop
  endfacet
  facet normal -0.942652 -0.333776 0
    outer loop
      vertex 5.7301 1.86182 0
      vertex 5.62482 2.15916 5.6
      vertex 5.62482 2.15916 0
    endloop
  endfacet
  facet normal -0.942652 -0.333776 0
    outer loop
      vertex 5.62482 2.15916 5.6
      vertex 5.7301 1.86182 0
      vertex 5.7301 1.86182 5.6
    endloop
  endfacet
  facet normal -0.923874 -0.382698 0
    outer loop
      vertex 5.62482 2.15916 0
      vertex 5.5041 2.45058 5.6
      vertex 5.5041 2.45058 0
    endloop
  endfacet
  facet normal -0.923874 -0.382698 0
    outer loop
      vertex 5.5041 2.45058 5.6
      vertex 5.62482 2.15916 0
      vertex 5.62482 2.15916 5.6
    endloop
  endfacet
  facet normal -0.902583 -0.430516 0
    outer loop
      vertex 5.5041 2.45058 0
      vertex 5.3683 2.73529 5.6
      vertex 5.3683 2.73529 0
    endloop
  endfacet
  facet normal -0.902583 -0.430516 0
    outer loop
      vertex 5.3683 2.73529 5.6
      vertex 5.5041 2.45058 0
      vertex 5.5041 2.45058 5.6
    endloop
  endfacet
  facet normal -0.878815 -0.477163 0
    outer loop
      vertex 5.3683 2.73529 0
      vertex 5.21779 3.0125 5.6
      vertex 5.21779 3.0125 0
    endloop
  endfacet
  facet normal -0.878815 -0.477163 0
    outer loop
      vertex 5.21779 3.0125 5.6
      vertex 5.3683 2.73529 0
      vertex 5.3683 2.73529 5.6
    endloop
  endfacet
  facet normal -0.852645 -0.522491 0
    outer loop
      vertex 5.21779 3.0125 0
      vertex 5.05298 3.28145 5.6
      vertex 5.05298 3.28145 0
    endloop
  endfacet
  facet normal -0.852645 -0.522491 0
    outer loop
      vertex 5.05298 3.28145 5.6
      vertex 5.21779 3.0125 0
      vertex 5.21779 3.0125 5.6
    endloop
  endfacet
  facet normal -0.824115 -0.566422 0
    outer loop
      vertex 5.05298 3.28145 0
      vertex 4.87431 3.5414 5.6
      vertex 4.87431 3.5414 0
    endloop
  endfacet
  facet normal -0.824115 -0.566422 0
    outer loop
      vertex 4.87431 3.5414 5.6
      vertex 5.05298 3.28145 0
      vertex 5.05298 3.28145 5.6
    endloop
  endfacet
  facet normal -0.793357 -0.608756 0
    outer loop
      vertex 4.87431 3.5414 0
      vertex 4.6823 3.79164 5.6
      vertex 4.6823 3.79164 0
    endloop
  endfacet
  facet normal -0.793357 -0.608756 0
    outer loop
      vertex 4.6823 3.79164 5.6
      vertex 4.87431 3.5414 0
      vertex 4.87431 3.5414 5.6
    endloop
  endfacet
  facet normal -0.760444 -0.649403 0
    outer loop
      vertex 4.6823 3.79164 0
      vertex 4.53639 3.96249 5.6
      vertex 4.53639 3.96249 0
    endloop
  endfacet
  facet normal -0.760444 -0.649403 0
    outer loop
      vertex 4.53639 3.96249 5.6
      vertex 4.6823 3.79164 0
      vertex 4.6823 3.79164 5.6
    endloop
  endfacet
  facet normal 0 -1 0
    outer loop
      vertex -4.53639 3.96249 0
      vertex 4.53639 3.96249 5.6
      vertex -4.53639 3.96249 5.6
    endloop
  endfacet
  facet normal 0 -1 -0
    outer loop
      vertex 4.53639 3.96249 5.6
      vertex -4.53639 3.96249 0
      vertex 4.53639 3.96249 0
    endloop
  endfacet
  facet normal 0.760444 -0.649403 0
    outer loop
      vertex -4.6823 3.79164 5.6
      vertex -4.53639 3.96249 0
      vertex -4.53639 3.96249 5.6
    endloop
  endfacet
  facet normal 0.760444 -0.649403 0
    outer loop
      vertex -4.53639 3.96249 0
      vertex -4.6823 3.79164 5.6
      vertex -4.6823 3.79164 0
    endloop
  endfacet
  facet normal 0.793357 -0.608756 0
    outer loop
      vertex -4.87431 3.5414 5.6
      vertex -4.6823 3.79164 0
      vertex -4.6823 3.79164 5.6
    endloop
  endfacet
  facet normal 0.793357 -0.608756 0
    outer loop
      vertex -4.6823 3.79164 0
      vertex -4.87431 3.5414 5.6
      vertex -4.87431 3.5414 0
    endloop
  endfacet
  facet normal 0.824115 -0.566422 0
    outer loop
      vertex -5.05298 3.28145 5.6
      vertex -4.87431 3.5414 0
      vertex -4.87431 3.5414 5.6
    endloop
  endfacet
  facet normal 0.824115 -0.566422 0
    outer loop
      vertex -4.87431 3.5414 0
      vertex -5.05298 3.28145 5.6
      vertex -5.05298 3.28145 0
    endloop
  endfacet
  facet normal 0.852645 -0.522491 0
    outer loop
      vertex -5.21779 3.0125 5.6
      vertex -5.05298 3.28145 0
      vertex -5.05298 3.28145 5.6
    endloop
  endfacet
  facet normal 0.852645 -0.522491 0
    outer loop
      vertex -5.05298 3.28145 0
      vertex -5.21779 3.0125 5.6
      vertex -5.21779 3.0125 0
    endloop
  endfacet
  facet normal 0.878815 -0.477163 0
    outer loop
      vertex -5.3683 2.73529 5.6
      vertex -5.21779 3.0125 0
      vertex -5.21779 3.0125 5.6
    endloop
  endfacet
  facet normal 0.878815 -0.477163 0
    outer loop
      vertex -5.21779 3.0125 0
      vertex -5.3683 2.73529 5.6
      vertex -5.3683 2.73529 0
    endloop
  endfacet
  facet normal 0.902583 -0.430516 0
    outer loop
      vertex -5.5041 2.45058 5.6
      vertex -5.3683 2.73529 0
      vertex -5.3683 2.73529 5.6
    endloop
  endfacet
  facet normal 0.902583 -0.430516 0
    outer loop
      vertex -5.3683 2.73529 0
      vertex -5.5041 2.45058 5.6
      vertex -5.5041 2.45058 0
    endloop
  endfacet
  facet normal 0.923874 -0.382698 0
    outer loop
      vertex -5.62482 2.15916 5.6
      vertex -5.5041 2.45058 0
      vertex -5.5041 2.45058 5.6
    endloop
  endfacet
  facet normal 0.923874 -0.382698 0
    outer loop
      vertex -5.5041 2.45058 0
      vertex -5.62482 2.15916 5.6
      vertex -5.62482 2.15916 0
    endloop
  endfacet
  facet normal 0.942652 -0.333776 0
    outer loop
      vertex -5.7301 1.86182 5.6
      vertex -5.62482 2.15916 0
      vertex -5.62482 2.15916 5.6
    endloop
  endfacet
  facet normal 0.942652 -0.333776 0
    outer loop
      vertex -5.62482 2.15916 0
      vertex -5.7301 1.86182 5.6
      vertex -5.7301 1.86182 0
    endloop
  endfacet
  facet normal 0.95881 -0.284049 0
    outer loop
      vertex -5.8197 1.55937 5.6
      vertex -5.7301 1.86182 0
      vertex -5.7301 1.86182 5.6
    endloop
  endfacet
  facet normal 0.95881 -0.284049 0
    outer loop
      vertex -5.7301 1.86182 0
      vertex -5.8197 1.55937 5.6
      vertex -5.8197 1.55937 0
    endloop
  endfacet
  facet normal 0.972379 -0.233408 0
    outer loop
      vertex -5.89333 1.25266 5.6
      vertex -5.8197 1.55937 0
      vertex -5.8197 1.55937 5.6
    endloop
  endfacet
  facet normal 0.972379 -0.233408 0
    outer loop
      vertex -5.8197 1.55937 0
      vertex -5.89333 1.25266 5.6
      vertex -5.89333 1.25266 0
    endloop
  endfacet
  facet normal 0.983248 -0.182273 0
    outer loop
      vertex -5.95082 0.942505 5.6
      vertex -5.89333 1.25266 0
      vertex -5.89333 1.25266 5.6
    endloop
  endfacet
  facet normal 0.983248 -0.182273 0
    outer loop
      vertex -5.89333 1.25266 0
      vertex -5.95082 0.942505 5.6
      vertex -5.95082 0.942505 0
    endloop
  endfacet
  facet normal 0.991446 -0.130516 0
    outer loop
      vertex -5.99199 0.629776 5.6
      vertex -5.95082 0.942505 0
      vertex -5.95082 0.942505 5.6
    endloop
  endfacet
  facet normal 0.991446 -0.130516 0
    outer loop
      vertex -5.95082 0.942505 0
      vertex -5.99199 0.629776 5.6
      vertex -5.99199 0.629776 0
    endloop
  endfacet
  facet normal 0.996917 -0.0784646 0
    outer loop
      vertex -6.01674 0.315323 5.6
      vertex -5.99199 0.629776 0
      vertex -5.99199 0.629776 5.6
    endloop
  endfacet
  facet normal 0.996917 -0.0784646 0
    outer loop
      vertex -5.99199 0.629776 0
      vertex -6.01674 0.315323 5.6
      vertex -6.01674 0.315323 0
    endloop
  endfacet
  facet normal 0.999657 -0.0261706 0
    outer loop
      vertex -6.02499 0 5.6
      vertex -6.01674 0.315323 0
      vertex -6.01674 0.315323 5.6
    endloop
  endfacet
  facet normal 0.999657 -0.0261706 0
    outer loop
      vertex -6.01674 0.315323 0
      vertex -6.02499 0 5.6
      vertex -6.02499 0 0
    endloop
  endfacet
  facet normal 0.999657 0.0261706 0
    outer loop
      vertex -6.01674 -0.315323 5.6
      vertex -6.02499 0 0
      vertex -6.02499 0 5.6
    endloop
  endfacet
  facet normal 0.999657 0.0261706 0
    outer loop
      vertex -6.02499 0 0
      vertex -6.01674 -0.315323 5.6
      vertex -6.01674 -0.315323 0
    endloop
  endfacet
  facet normal 0.996917 0.0784646 0
    outer loop
      vertex -5.99199 -0.629776 5.6
      vertex -6.01674 -0.315323 0
      vertex -6.01674 -0.315323 5.6
    endloop
  endfacet
  facet normal 0.996917 0.0784646 0
    outer loop
      vertex -6.01674 -0.315323 0
      vertex -5.99199 -0.629776 5.6
      vertex -5.99199 -0.629776 0
    endloop
  endfacet
  facet normal 0.991446 0.130516 0
    outer loop
      vertex -5.95082 -0.942505 5.6
      vertex -5.99199 -0.629776 0
      vertex -5.99199 -0.629776 5.6
    endloop
  endfacet
  facet normal 0.991446 0.130516 0
    outer loop
      vertex -5.99199 -0.629776 0
      vertex -5.95082 -0.942505 5.6
      vertex -5.95082 -0.942505 0
    endloop
  endfacet
  facet normal 0.983248 0.182273 0
    outer loop
      vertex -5.89333 -1.25266 5.6
      vertex -5.95082 -0.942505 0
      vertex -5.95082 -0.942505 5.6
    endloop
  endfacet
  facet normal 0.983248 0.182273 0
    outer loop
      vertex -5.95082 -0.942505 0
      vertex -5.89333 -1.25266 5.6
      vertex -5.89333 -1.25266 0
    endloop
  endfacet
  facet normal 0.972379 0.233408 0
    outer loop
      vertex -5.8197 -1.55937 5.6
      vertex -5.89333 -1.25266 0
      vertex -5.89333 -1.25266 5.6
    endloop
  endfacet
  facet normal 0.972379 0.233408 0
    outer loop
      vertex -5.89333 -1.25266 0
      vertex -5.8197 -1.55937 5.6
      vertex -5.8197 -1.55937 0
    endloop
  endfacet
  facet normal 0.95881 0.284049 0
    outer loop
      vertex -5.7301 -1.86182 5.6
      vertex -5.8197 -1.55937 0
      vertex -5.8197 -1.55937 5.6
    endloop
  endfacet
  facet normal 0.95881 0.284049 0
    outer loop
      vertex -5.8197 -1.55937 0
      vertex -5.7301 -1.86182 5.6
      vertex -5.7301 -1.86182 0
    endloop
  endfacet
  facet normal 0.942652 0.333776 0
    outer loop
      vertex -5.62482 -2.15916 5.6
      vertex -5.7301 -1.86182 0
      vertex -5.7301 -1.86182 5.6
    endloop
  endfacet
  facet normal 0.942652 0.333776 0
    outer loop
      vertex -5.7301 -1.86182 0
      vertex -5.62482 -2.15916 5.6
      vertex -5.62482 -2.15916 0
    endloop
  endfacet
  facet normal 0.923874 0.382698 0
    outer loop
      vertex -5.5041 -2.45058 5.6
      vertex -5.62482 -2.15916 0
      vertex -5.62482 -2.15916 5.6
    endloop
  endfacet
  facet normal 0.923874 0.382698 0
    outer loop
      vertex -5.62482 -2.15916 0
      vertex -5.5041 -2.45058 5.6
      vertex -5.5041 -2.45058 0
    endloop
  endfacet
  facet normal 0.902583 0.430516 0
    outer loop
      vertex -5.3683 -2.73529 5.6
      vertex -5.5041 -2.45058 0
      vertex -5.5041 -2.45058 5.6
    endloop
  endfacet
  facet normal 0.902583 0.430516 0
    outer loop
      vertex -5.5041 -2.45058 0
      vertex -5.3683 -2.73529 5.6
      vertex -5.3683 -2.73529 0
    endloop
  endfacet
  facet normal 0.878815 0.477163 0
    outer loop
      vertex -5.21779 -3.0125 5.6
      vertex -5.3683 -2.73529 0
      vertex -5.3683 -2.73529 5.6
    endloop
  endfacet
  facet normal 0.878815 0.477163 0
    outer loop
      vertex -5.3683 -2.73529 0
      vertex -5.21779 -3.0125 5.6
      vertex -5.21779 -3.0125 0
    endloop
  endfacet
  facet normal 0.852645 0.522491 0
    outer loop
      vertex -5.05298 -3.28145 5.6
      vertex -5.21779 -3.0125 0
      vertex -5.21779 -3.0125 5.6
    endloop
  endfacet
  facet normal 0.852645 0.522491 0
    outer loop
      vertex -5.21779 -3.0125 0
      vertex -5.05298 -3.28145 5.6
      vertex -5.05298 -3.28145 0
    endloop
  endfacet
  facet normal 0.824115 0.566422 0
    outer loop
      vertex -4.87431 -3.5414 5.6
      vertex -5.05298 -3.28145 0
      vertex -5.05298 -3.28145 5.6
    endloop
  endfacet
  facet normal 0.824115 0.566422 0
    outer loop
      vertex -5.05298 -3.28145 0
      vertex -4.87431 -3.5414 5.6
      vertex -4.87431 -3.5414 0
    endloop
  endfacet
  facet normal 0.793357 0.608756 0
    outer loop
      vertex -4.6823 -3.79164 5.6
      vertex -4.87431 -3.5414 0
      vertex -4.87431 -3.5414 5.6
    endloop
  endfacet
  facet normal 0.793357 0.608756 0
    outer loop
      vertex -4.87431 -3.5414 0
      vertex -4.6823 -3.79164 5.6
      vertex -4.6823 -3.79164 0
    endloop
  endfacet
  facet normal 0.760444 0.649403 0
    outer loop
      vertex -4.53639 -3.96249 5.6
      vertex -4.6823 -3.79164 0
      vertex -4.6823 -3.79164 5.6
    endloop
  endfacet
  facet normal 0.760444 0.649403 0
    outer loop
      vertex -4.6823 -3.79164 0
      vertex -4.53639 -3.96249 5.6
      vertex -4.53639 -3.96249 0
    endloop
  endfacet
  facet normal 0 1 -0
    outer loop
      vertex 4.53639 -3.96249 0
      vertex -4.53639 -3.96249 5.6
      vertex 4.53639 -3.96249 5.6
    endloop
  endfacet
  facet normal 0 1 0
    outer loop
      vertex -4.53639 -3.96249 5.6
      vertex 4.53639 -3.96249 0
      vertex -4.53639 -3.96249 0
    endloop
  endfacet
  facet normal -0.760444 0.649403 0
    outer loop
      vertex 4.53639 -3.96249 0
      vertex 4.6823 -3.79164 5.6
      vertex 4.6823 -3.79164 0
    endloop
  endfacet
  facet normal -0.760444 0.649403 0
    outer loop
      vertex 4.6823 -3.79164 5.6
      vertex 4.53639 -3.96249 0
      vertex 4.53639 -3.96249 5.6
    endloop
  endfacet
  facet normal -0.793357 0.608756 0
    outer loop
      vertex 142.807 -3.79164 0
      vertex 142.999 -3.5414 5.6
      vertex 142.999 -3.5414 0
    endloop
  endfacet
  facet normal -0.793357 0.608756 0
    outer loop
      vertex 142.999 -3.5414 5.6
      vertex 142.807 -3.79164 0
      vertex 142.807 -3.79164 5.6
    endloop
  endfacet
  facet normal -0.824115 0.566422 0
    outer loop
      vertex 142.999 -3.5414 0
      vertex 143.178 -3.28145 5.6
      vertex 143.178 -3.28145 0
    endloop
  endfacet
  facet normal -0.824115 0.566422 0
    outer loop
      vertex 143.178 -3.28145 5.6
      vertex 142.999 -3.5414 0
      vertex 142.999 -3.5414 5.6
    endloop
  endfacet
  facet normal -0.852645 0.522491 0
    outer loop
      vertex 143.178 -3.28145 0
      vertex 143.343 -3.0125 5.6
      vertex 143.343 -3.0125 0
    endloop
  endfacet
  facet normal -0.852645 0.522491 0
    outer loop
      vertex 143.343 -3.0125 5.6
      vertex 143.178 -3.28145 0
      vertex 143.178 -3.28145 5.6
    endloop
  endfacet
  facet normal -0.878815 0.477163 0
    outer loop
      vertex 143.343 -3.0125 0
      vertex 143.493 -2.73529 5.6
      vertex 143.493 -2.73529 0
    endloop
  endfacet
  facet normal -0.878815 0.477163 0
    outer loop
      vertex 143.493 -2.73529 5.6
      vertex 143.343 -3.0125 0
      vertex 143.343 -3.0125 5.6
    endloop
  endfacet
  facet normal -0.902583 0.430516 0
    outer loop
      vertex 143.493 -2.73529 0
      vertex 143.629 -2.45058 5.6
      vertex 143.629 -2.45058 0
    endloop
  endfacet
  facet normal -0.902583 0.430516 0
    outer loop
      vertex 143.629 -2.45058 5.6
      vertex 143.493 -2.73529 0
      vertex 143.493 -2.73529 5.6
    endloop
  endfacet
  facet normal -0.923874 0.382698 0
    outer loop
      vertex 143.629 -2.45058 0
      vertex 143.75 -2.15916 5.6
      vertex 143.75 -2.15916 0
    endloop
  endfacet
  facet normal -0.923874 0.382698 0
    outer loop
      vertex 143.75 -2.15916 5.6
      vertex 143.629 -2.45058 0
      vertex 143.629 -2.45058 5.6
    endloop
  endfacet
  facet normal -0.942652 0.333776 0
    outer loop
      vertex 143.75 -2.15916 0
      vertex 143.855 -1.86182 5.6
      vertex 143.855 -1.86182 0
    endloop
  endfacet
  facet normal -0.942652 0.333776 0
    outer loop
      vertex 143.855 -1.86182 5.6
      vertex 143.75 -2.15916 0
      vertex 143.75 -2.15916 5.6
    endloop
  endfacet
  facet normal -0.95881 0.284049 0
    outer loop
      vertex 143.855 -1.86182 0
      vertex 143.945 -1.55937 5.6
      vertex 143.945 -1.55937 0
    endloop
  endfacet
  facet normal -0.95881 0.284049 0
    outer loop
      vertex 143.945 -1.55937 5.6
      vertex 143.855 -1.86182 0
      vertex 143.855 -1.86182 5.6
    endloop
  endfacet
  facet normal -0.972379 0.233408 0
    outer loop
      vertex 143.945 -1.55937 0
      vertex 144.018 -1.25266 5.6
      vertex 144.018 -1.25266 0
    endloop
  endfacet
  facet normal -0.972379 0.233408 0
    outer loop
      vertex 144.018 -1.25266 5.6
      vertex 143.945 -1.55937 0
      vertex 143.945 -1.55937 5.6
    endloop
  endfacet
  facet normal -0.983248 0.182273 0
    outer loop
      vertex 144.018 -1.25266 0
      vertex 144.076 -0.942505 5.6
      vertex 144.076 -0.942505 0
    endloop
  endfacet
  facet normal -0.983248 0.182273 0
    outer loop
      vertex 144.076 -0.942505 5.6
      vertex 144.018 -1.25266 0
      vertex 144.018 -1.25266 5.6
    endloop
  endfacet
  facet normal -0.991446 0.130516 0
    outer loop
      vertex 144.076 -0.942505 0
      vertex 144.117 -0.629776 5.6
      vertex 144.117 -0.629776 0
    endloop
  endfacet
  facet normal -0.991446 0.130516 0
    outer loop
      vertex 144.117 -0.629776 5.6
      vertex 144.076 -0.942505 0
      vertex 144.076 -0.942505 5.6
    endloop
  endfacet
  facet normal -0.996917 0.0784646 0
    outer loop
      vertex 144.117 -0.629776 0
      vertex 144.142 -0.315323 5.6
      vertex 144.142 -0.315323 0
    endloop
  endfacet
  facet normal -0.996917 0.0784646 0
    outer loop
      vertex 144.142 -0.315323 5.6
      vertex 144.117 -0.629776 0
      vertex 144.117 -0.629776 5.6
    endloop
  endfacet
  facet normal -0.999657 0.0261706 0
    outer loop
      vertex 144.142 -0.315323 0
      vertex 144.15 0 5.6
      vertex 144.15 0 0
    endloop
  endfacet
  facet normal -0.999657 0.0261706 0
    outer loop
      vertex 144.15 0 5.6
      vertex 144.142 -0.315323 0
      vertex 144.142 -0.315323 5.6
    endloop
  endfacet
  facet normal -0.999657 -0.0261706 0
    outer loop
      vertex 144.15 0 0
      vertex 144.142 0.315323 5.6
      vertex 144.142 0.315323 0
    endloop
  endfacet
  facet normal -0.999657 -0.0261706 0
    outer loop
      vertex 144.142 0.315323 5.6
      vertex 144.15 0 0
      vertex 144.15 0 5.6
    endloop
  endfacet
  facet normal -0.996917 -0.0784646 0
    outer loop
      vertex 144.142 0.315323 0
      vertex 144.117 0.629776 5.6
      vertex 144.117 0.629776 0
    endloop
  endfacet
  facet normal -0.996917 -0.0784646 0
    outer loop
      vertex 144.117 0.629776 5.6
      vertex 144.142 0.315323 0
      vertex 144.142 0.315323 5.6
    endloop
  endfacet
  facet normal -0.991446 -0.130516 0
    outer loop
      vertex 144.117 0.629776 0
      vertex 144.076 0.942505 5.6
      vertex 144.076 0.942505 0
    endloop
  endfacet
  facet normal -0.991446 -0.130516 0
    outer loop
      vertex 144.076 0.942505 5.6
      vertex 144.117 0.629776 0
      vertex 144.117 0.629776 5.6
    endloop
  endfacet
  facet normal -0.983248 -0.182273 0
    outer loop
      vertex 144.076 0.942505 0
      vertex 144.018 1.25266 5.6
      vertex 144.018 1.25266 0
    endloop
  endfacet
  facet normal -0.983248 -0.182273 0
    outer loop
      vertex 144.018 1.25266 5.6
      vertex 144.076 0.942505 0
      vertex 144.076 0.942505 5.6
    endloop
  endfacet
  facet normal -0.972379 -0.233408 0
    outer loop
      vertex 144.018 1.25266 0
      vertex 143.945 1.55937 5.6
      vertex 143.945 1.55937 0
    endloop
  endfacet
  facet normal -0.972379 -0.233408 0
    outer loop
      vertex 143.945 1.55937 5.6
      vertex 144.018 1.25266 0
      vertex 144.018 1.25266 5.6
    endloop
  endfacet
  facet normal -0.95881 -0.284049 0
    outer loop
      vertex 143.945 1.55937 0
      vertex 143.855 1.86182 5.6
      vertex 143.855 1.86182 0
    endloop
  endfacet
  facet normal -0.95881 -0.284049 0
    outer loop
      vertex 143.855 1.86182 5.6
      vertex 143.945 1.55937 0
      vertex 143.945 1.55937 5.6
    endloop
  endfacet
  facet normal -0.942652 -0.333776 0
    outer loop
      vertex 143.855 1.86182 0
      vertex 143.75 2.15916 5.6
      vertex 143.75 2.15916 0
    endloop
  endfacet
  facet normal -0.942652 -0.333776 0
    outer loop
      vertex 143.75 2.15916 5.6
      vertex 143.855 1.86182 0
      vertex 143.855 1.86182 5.6
    endloop
  endfacet
  facet normal -0.923874 -0.382698 0
    outer loop
      vertex 143.75 2.15916 0
      vertex 143.629 2.45058 5.6
      vertex 143.629 2.45058 0
    endloop
  endfacet
  facet normal -0.923874 -0.382698 0
    outer loop
      vertex 143.629 2.45058 5.6
      vertex 143.75 2.15916 0
      vertex 143.75 2.15916 5.6
    endloop
  endfacet
  facet normal -0.902583 -0.430516 0
    outer loop
      vertex 143.629 2.45058 0
      vertex 143.493 2.73529 5.6
      vertex 143.493 2.73529 0
    endloop
  endfacet
  facet normal -0.902583 -0.430516 0
    outer loop
      vertex 143.493 2.73529 5.6
      vertex 143.629 2.45058 0
      vertex 143.629 2.45058 5.6
    endloop
  endfacet
  facet normal -0.878815 -0.477163 0
    outer loop
      vertex 143.493 2.73529 0
      vertex 143.343 3.0125 5.6
      vertex 143.343 3.0125 0
    endloop
  endfacet
  facet normal -0.878815 -0.477163 0
    outer loop
      vertex 143.343 3.0125 5.6
      vertex 143.493 2.73529 0
      vertex 143.493 2.73529 5.6
    endloop
  endfacet
  facet normal -0.852645 -0.522491 0
    outer loop
      vertex 143.343 3.0125 0
      vertex 143.178 3.28145 5.6
      vertex 143.178 3.28145 0
    endloop
  endfacet
  facet normal -0.852645 -0.522491 0
    outer loop
      vertex 143.178 3.28145 5.6
      vertex 143.343 3.0125 0
      vertex 143.343 3.0125 5.6
    endloop
  endfacet
  facet normal -0.824115 -0.566422 0
    outer loop
      vertex 143.178 3.28145 0
      vertex 142.999 3.5414 5.6
      vertex 142.999 3.5414 0
    endloop
  endfacet
  facet normal -0.824115 -0.566422 0
    outer loop
      vertex 142.999 3.5414 5.6
      vertex 143.178 3.28145 0
      vertex 143.178 3.28145 5.6
    endloop
  endfacet
  facet normal -0.793357 -0.608756 0
    outer loop
      vertex 142.999 3.5414 0
      vertex 142.807 3.79164 5.6
      vertex 142.807 3.79164 0
    endloop
  endfacet
  facet normal -0.793357 -0.608756 0
    outer loop
      vertex 142.807 3.79164 5.6
      vertex 142.999 3.5414 0
      vertex 142.999 3.5414 5.6
    endloop
  endfacet
  facet normal -0.760444 -0.649403 0
    outer loop
      vertex 142.807 3.79164 0
      vertex 142.661 3.96249 5.6
      vertex 142.661 3.96249 0
    endloop
  endfacet
  facet normal -0.760444 -0.649403 0
    outer loop
      vertex 142.661 3.96249 5.6
      vertex 142.807 3.79164 0
      vertex 142.807 3.79164 5.6
    endloop
  endfacet
  facet normal 0 -1 0
    outer loop
      vertex 133.589 3.96249 0
      vertex 142.661 3.96249 5.6
      vertex 133.589 3.96249 5.6
    endloop
  endfacet
  facet normal 0 -1 -0
    outer loop
      vertex 142.661 3.96249 5.6
      vertex 133.589 3.96249 0
      vertex 142.661 3.96249 0
    endloop
  endfacet
  facet normal 0.760444 -0.649403 0
    outer loop
      vertex 133.443 3.79164 5.6
      vertex 133.589 3.96249 0
      vertex 133.589 3.96249 5.6
    endloop
  endfacet
  facet normal 0.760444 -0.649403 0
    outer loop
      vertex 133.589 3.96249 0
      vertex 133.443 3.79164 5.6
      vertex 133.443 3.79164 0
    endloop
  endfacet
  facet normal 0.793357 -0.608756 0
    outer loop
      vertex 133.251 3.5414 5.6
      vertex 133.443 3.79164 0
      vertex 133.443 3.79164 5.6
    endloop
  endfacet
  facet normal 0.793357 -0.608756 0
    outer loop
      vertex 133.443 3.79164 0
      vertex 133.251 3.5414 5.6
      vertex 133.251 3.5414 0
    endloop
  endfacet
  facet normal 0.824115 -0.566422 0
    outer loop
      vertex 133.072 3.28145 5.6
      vertex 133.251 3.5414 0
      vertex 133.251 3.5414 5.6
    endloop
  endfacet
  facet normal 0.824115 -0.566422 0
    outer loop
      vertex 133.251 3.5414 0
      vertex 133.072 3.28145 5.6
      vertex 133.072 3.28145 0
    endloop
  endfacet
  facet normal 0.852645 -0.522491 0
    outer loop
      vertex 132.907 3.0125 5.6
      vertex 133.072 3.28145 0
      vertex 133.072 3.28145 5.6
    endloop
  endfacet
  facet normal 0.852645 -0.522491 0
    outer loop
      vertex 133.072 3.28145 0
      vertex 132.907 3.0125 5.6
      vertex 132.907 3.0125 0
    endloop
  endfacet
  facet normal 0.878815 -0.477163 0
    outer loop
      vertex 132.757 2.73529 5.6
      vertex 132.907 3.0125 0
      vertex 132.907 3.0125 5.6
    endloop
  endfacet
  facet normal 0.878815 -0.477163 0
    outer loop
      vertex 132.907 3.0125 0
      vertex 132.757 2.73529 5.6
      vertex 132.757 2.73529 0
    endloop
  endfacet
  facet normal 0.902583 -0.430516 0
    outer loop
      vertex 132.621 2.45058 5.6
      vertex 132.757 2.73529 0
      vertex 132.757 2.73529 5.6
    endloop
  endfacet
  facet normal 0.902583 -0.430516 0
    outer loop
      vertex 132.757 2.73529 0
      vertex 132.621 2.45058 5.6
      vertex 132.621 2.45058 0
    endloop
  endfacet
  facet normal 0.923874 -0.382698 0
    outer loop
      vertex 132.5 2.15916 5.6
      vertex 132.621 2.45058 0
      vertex 132.621 2.45058 5.6
    endloop
  endfacet
  facet normal 0.923874 -0.382698 0
    outer loop
      vertex 132.621 2.45058 0
      vertex 132.5 2.15916 5.6
      vertex 132.5 2.15916 0
    endloop
  endfacet
  facet normal 0.942652 -0.333776 0
    outer loop
      vertex 132.395 1.86182 5.6
      vertex 132.5 2.15916 0
      vertex 132.5 2.15916 5.6
    endloop
  endfacet
  facet normal 0.942652 -0.333776 0
    outer loop
      vertex 132.5 2.15916 0
      vertex 132.395 1.86182 5.6
      vertex 132.395 1.86182 0
    endloop
  endfacet
  facet normal 0.95881 -0.284049 0
    outer loop
      vertex 132.305 1.55937 5.6
      vertex 132.395 1.86182 0
      vertex 132.395 1.86182 5.6
    endloop
  endfacet
  facet normal 0.95881 -0.284049 0
    outer loop
      vertex 132.395 1.86182 0
      vertex 132.305 1.55937 5.6
      vertex 132.305 1.55937 0
    endloop
  endfacet
  facet normal 0.972379 -0.233408 0
    outer loop
      vertex 132.232 1.25266 5.6
      vertex 132.305 1.55937 0
      vertex 132.305 1.55937 5.6
    endloop
  endfacet
  facet normal 0.972379 -0.233408 0
    outer loop
      vertex 132.305 1.55937 0
      vertex 132.232 1.25266 5.6
      vertex 132.232 1.25266 0
    endloop
  endfacet
  facet normal 0.983248 -0.182273 0
    outer loop
      vertex 132.174 0.942505 5.6
      vertex 132.232 1.25266 0
      vertex 132.232 1.25266 5.6
    endloop
  endfacet
  facet normal 0.983248 -0.182273 0
    outer loop
      vertex 132.232 1.25266 0
      vertex 132.174 0.942505 5.6
      vertex 132.174 0.942505 0
    endloop
  endfacet
  facet normal 0.991446 -0.130516 0
    outer loop
      vertex 132.133 0.629776 5.6
      vertex 132.174 0.942505 0
      vertex 132.174 0.942505 5.6
    endloop
  endfacet
  facet normal 0.991446 -0.130516 0
    outer loop
      vertex 132.174 0.942505 0
      vertex 132.133 0.629776 5.6
      vertex 132.133 0.629776 0
    endloop
  endfacet
  facet normal 0.996917 -0.0784646 0
    outer loop
      vertex 132.108 0.315323 5.6
      vertex 132.133 0.629776 0
      vertex 132.133 0.629776 5.6
    endloop
  endfacet
  facet normal 0.996917 -0.0784646 0
    outer loop
      vertex 132.133 0.629776 0
      vertex 132.108 0.315323 5.6
      vertex 132.108 0.315323 0
    endloop
  endfacet
  facet normal 0.999657 -0.0261706 0
    outer loop
      vertex 132.1 0 5.6
      vertex 132.108 0.315323 0
      vertex 132.108 0.315323 5.6
    endloop
  endfacet
  facet normal 0.999657 -0.0261706 0
    outer loop
      vertex 132.108 0.315323 0
      vertex 132.1 0 5.6
      vertex 132.1 0 0
    endloop
  endfacet
  facet normal 0.999657 0.0261706 0
    outer loop
      vertex 132.108 -0.315323 5.6
      vertex 132.1 0 0
      vertex 132.1 0 5.6
    endloop
  endfacet
  facet normal 0.999657 0.0261706 0
    outer loop
      vertex 132.1 0 0
      vertex 132.108 -0.315323 5.6
      vertex 132.108 -0.315323 0
    endloop
  endfacet
  facet normal 0.996917 0.0784646 0
    outer loop
      vertex 132.133 -0.629776 5.6
      vertex 132.108 -0.315323 0
      vertex 132.108 -0.315323 5.6
    endloop
  endfacet
  facet normal 0.996917 0.0784646 0
    outer loop
      vertex 132.108 -0.315323 0
      vertex 132.133 -0.629776 5.6
      vertex 132.133 -0.629776 0
    endloop
  endfacet
  facet normal 0.991446 0.130516 0
    outer loop
      vertex 132.174 -0.942505 5.6
      vertex 132.133 -0.629776 0
      vertex 132.133 -0.629776 5.6
    endloop
  endfacet
  facet normal 0.991446 0.130516 0
    outer loop
      vertex 132.133 -0.629776 0
      vertex 132.174 -0.942505 5.6
      vertex 132.174 -0.942505 0
    endloop
  endfacet
  facet normal 0.983248 0.182273 0
    outer loop
      vertex 132.232 -1.25266 5.6
      vertex 132.174 -0.942505 0
      vertex 132.174 -0.942505 5.6
    endloop
  endfacet
  facet normal 0.983248 0.182273 0
    outer loop
      vertex 132.174 -0.942505 0
      vertex 132.232 -1.25266 5.6
      vertex 132.232 -1.25266 0
    endloop
  endfacet
  facet normal 0.972379 0.233408 0
    outer loop
      vertex 132.305 -1.55937 5.6
      vertex 132.232 -1.25266 0
      vertex 132.232 -1.25266 5.6
    endloop
  endfacet
  facet normal 0.972379 0.233408 0
    outer loop
      vertex 132.232 -1.25266 0
      vertex 132.305 -1.55937 5.6
      vertex 132.305 -1.55937 0
    endloop
  endfacet
  facet normal 0.95881 0.284049 0
    outer loop
      vertex 132.395 -1.86182 5.6
      vertex 132.305 -1.55937 0
      vertex 132.305 -1.55937 5.6
    endloop
  endfacet
  facet normal 0.95881 0.284049 0
    outer loop
      vertex 132.305 -1.55937 0
      vertex 132.395 -1.86182 5.6
      vertex 132.395 -1.86182 0
    endloop
  endfacet
  facet normal 0.942652 0.333776 0
    outer loop
      vertex 132.5 -2.15916 5.6
      vertex 132.395 -1.86182 0
      vertex 132.395 -1.86182 5.6
    endloop
  endfacet
  facet normal 0.942652 0.333776 0
    outer loop
      vertex 132.395 -1.86182 0
      vertex 132.5 -2.15916 5.6
      vertex 132.5 -2.15916 0
    endloop
  endfacet
  facet normal 0.923874 0.382698 0
    outer loop
      vertex 132.621 -2.45058 5.6
      vertex 132.5 -2.15916 0
      vertex 132.5 -2.15916 5.6
    endloop
  endfacet
  facet normal 0.923874 0.382698 0
    outer loop
      vertex 132.5 -2.15916 0
      vertex 132.621 -2.45058 5.6
      vertex 132.621 -2.45058 0
    endloop
  endfacet
  facet normal 0.902583 0.430516 0
    outer loop
      vertex 132.757 -2.73529 5.6
      vertex 132.621 -2.45058 0
      vertex 132.621 -2.45058 5.6
    endloop
  endfacet
  facet normal 0.902583 0.430516 0
    outer loop
      vertex 132.621 -2.45058 0
      vertex 132.757 -2.73529 5.6
      vertex 132.757 -2.73529 0
    endloop
  endfacet
  facet normal 0.878815 0.477163 0
    outer loop
      vertex 132.907 -3.0125 5.6
      vertex 132.757 -2.73529 0
      vertex 132.757 -2.73529 5.6
    endloop
  endfacet
  facet normal 0.878815 0.477163 0
    outer loop
      vertex 132.757 -2.73529 0
      vertex 132.907 -3.0125 5.6
      vertex 132.907 -3.0125 0
    endloop
  endfacet
  facet normal 0.852645 0.522491 0
    outer loop
      vertex 133.072 -3.28145 5.6
      vertex 132.907 -3.0125 0
      vertex 132.907 -3.0125 5.6
    endloop
  endfacet
  facet normal 0.852645 0.522491 0
    outer loop
      vertex 132.907 -3.0125 0
      vertex 133.072 -3.28145 5.6
      vertex 133.072 -3.28145 0
    endloop
  endfacet
  facet normal 0.824115 0.566422 0
    outer loop
      vertex 133.251 -3.5414 5.6
      vertex 133.072 -3.28145 0
      vertex 133.072 -3.28145 5.6
    endloop
  endfacet
  facet normal 0.824115 0.566422 0
    outer loop
      vertex 133.072 -3.28145 0
      vertex 133.251 -3.5414 5.6
      vertex 133.251 -3.5414 0
    endloop
  endfacet
  facet normal 0.793357 0.608756 0
    outer loop
      vertex 133.443 -3.79164 5.6
      vertex 133.251 -3.5414 0
      vertex 133.251 -3.5414 5.6
    endloop
  endfacet
  facet normal 0.793357 0.608756 0
    outer loop
      vertex 133.251 -3.5414 0
      vertex 133.443 -3.79164 5.6
      vertex 133.443 -3.79164 0
    endloop
  endfacet
  facet normal 0.760444 0.649403 0
    outer loop
      vertex 133.589 -3.96249 5.6
      vertex 133.443 -3.79164 0
      vertex 133.443 -3.79164 5.6
    endloop
  endfacet
  facet normal 0.760444 0.649403 0
    outer loop
      vertex 133.443 -3.79164 0
      vertex 133.589 -3.96249 5.6
      vertex 133.589 -3.96249 0
    endloop
  endfacet
  facet normal 0 1 -0
    outer loop
      vertex 142.661 -3.96249 0
      vertex 133.589 -3.96249 5.6
      vertex 142.661 -3.96249 5.6
    endloop
  endfacet
  facet normal 0 1 0
    outer loop
      vertex 133.589 -3.96249 5.6
      vertex 142.661 -3.96249 0
      vertex 133.589 -3.96249 0
    endloop
  endfacet
  facet normal -0.760444 0.649403 0
    outer loop
      vertex 142.661 -3.96249 0
      vertex 142.807 -3.79164 5.6
      vertex 142.807 -3.79164 0
    endloop
  endfacet
  facet normal -0.760444 0.649403 0
    outer loop
      vertex 142.807 -3.79164 5.6
      vertex 142.661 -3.96249 0
      vertex 142.661 -3.96249 5.6
    endloop
  endfacet
endsolid OpenSCAD_Model
