solid OpenSCAD_Model
  facet normal 0 -0 -1
    outer loop
      vertex -2.75134 -24.7183 0
      vertex -2.6367 -24.8183 0
      vertex -2.75299 -24.7332 0
    endloop
  endfacet
  facet normal 0 0 -1
    outer loop
      vertex -4.27589 -26.9927 0
      vertex -4.35823 -27.1929 0
      vertex -4.96509 -27.146 0
    endloop
  endfacet
  facet normal 0 0 -1
    outer loop
      vertex -4.06087 -26.3781 0
      vertex -4.13594 -26.6114 0
      vertex -5.20197 -26.6647 0
    endloop
  endfacet
  facet normal 0 0 -1
    outer loop
      vertex -5.09033 -26.9002 0
      vertex -4.17873 -26.7343 0
      vertex -4.22528 -26.8613 0
    endloop
  endfacet
  facet normal 0 0 -1
    outer loop
      vertex -3.99832 -26.161 0
      vertex -4.06087 -26.3781 0
      vertex -5.384 -26.2311 0
    endloop
  endfacet
  facet normal 0 0 -1
    outer loop
      vertex -3.94672 -25.9593 0
      vertex -5.5128 -25.8592 0
      vertex -3.90454 -25.7722 0
    endloop
  endfacet
  facet normal 0 0 -1
    outer loop
      vertex -5.59322 -25.5633 0
      vertex -3.84308 -25.4381 0
      vertex -3.87035 -25.5988 0
    endloop
  endfacet
  facet normal 0 0 -1
    outer loop
      vertex -5.59322 -25.5633 0
      vertex -5.62921 -25.3967 0
      vertex -3.84308 -25.4381 0
    endloop
  endfacet
  facet normal 0 0 -1
    outer loop
      vertex -3.84308 -25.4381 0
      vertex -5.62921 -25.3967 0
      vertex -5.6308 -25.0617 0
    endloop
  endfacet
  facet normal -0 0 -1
    outer loop
      vertex -3.84418 -24.9705 0
      vertex -5.6308 -25.0617 0
      vertex -5.72894 -24.9423 0
    endloop
  endfacet
  facet normal 0 0 -1
    outer loop
      vertex -3.75101 -24.8488 0
      vertex -3.84418 -24.9705 0
      vertex -5.72894 -24.9423 0
    endloop
  endfacet
  facet normal 0 0 -1
    outer loop
      vertex -5.6308 -25.0617 0
      vertex -3.84418 -24.9705 0
      vertex -3.81631 -25.2548 0
    endloop
  endfacet
  facet normal 0 0 -1
    outer loop
      vertex -6.96266 -25.5792 0
      vertex -8.65399 -25.3347 0
      vertex -8.65666 -25.1693 0
    endloop
  endfacet
  facet normal 0 0 -1
    outer loop
      vertex 14.733 17.7839 0
      vertex 15.1433 18.1019 0
      vertex 16.3003 17.0881 0
    endloop
  endfacet
  facet normal -0 0 -1
    outer loop
      vertex -3.75258 -24.8593 0
      vertex -3.84418 -24.9705 0
      vertex -3.75101 -24.8488 0
    endloop
  endfacet
  facet normal 0 -0 -1
    outer loop
      vertex 22.4562 12.026 0
      vertex 23.3475 10.7234 0
      vertex 22.2772 11.9441 0
    endloop
  endfacet
  facet normal -0 0 -1
    outer loop
      vertex -3.44397 -24.8253 0
      vertex -3.75101 -24.8488 0
      vertex -2.75134 -24.7183 0
    endloop
  endfacet
  facet normal 0 0 -1
    outer loop
      vertex -0.748642 -24.3309 0
      vertex -0.748962 -24.3414 0
      vertex -0.824829 -24.4639 0
    endloop
  endfacet
  facet normal 0 0 -1
    outer loop
      vertex -0.794678 -25.2647 0
      vertex -0.813248 -25.4606 0
      vertex -2.38696 -25.5812 0
    endloop
  endfacet
  facet normal 0 0 -1
    outer loop
      vertex -2.4613 -25.425 0
      vertex -0.776382 -24.9917 0
      vertex -0.794678 -25.2647 0
    endloop
  endfacet
  facet normal -0 0 -1
    outer loop
      vertex 2.20673 -23.4602 0
      vertex 2.14423 -23.59 0
      vertex 2.20598 -23.4522 0
    endloop
  endfacet
  facet normal 0 0 -1
    outer loop
      vertex -0.83783 -25.6691 0
      vertex -2.19966 -25.9349 0
      vertex -2.29974 -25.7518 0
    endloop
  endfacet
  facet normal 0 0 -1
    outer loop
      vertex -1.96126 -26.3325 0
      vertex -2.08672 -26.129 0
      vertex -0.8694 -25.8911 0
    endloop
  endfacet
  facet normal -0 0 -1
    outer loop
      vertex -0.90921 -26.1277 0
      vertex -1.96126 -26.3325 0
      vertex -0.8694 -25.8911 0
    endloop
  endfacet
  facet normal -0 0 -1
    outer loop
      vertex -0.958572 -26.38 0
      vertex -1.82378 -26.5439 0
      vertex -0.90921 -26.1277 0
    endloop
  endfacet
  facet normal 0 0 -1
    outer loop
      vertex -0.958572 -26.38 0
      vertex -1.43425 -26.8332 0
      vertex -1.82378 -26.5439 0
    endloop
  endfacet
  facet normal 0 0 -1
    outer loop
      vertex -0.958572 -26.38 0
      vertex -1.0188 -26.6487 0
      vertex -1.43425 -26.8332 0
    endloop
  endfacet
  facet normal 0 0 -1
    outer loop
      vertex -1.43425 -26.8332 0
      vertex -1.0188 -26.6487 0
      vertex -1.0426 -26.7453 0
    endloop
  endfacet
  facet normal 0 0 -1
    outer loop
      vertex -1.43425 -26.8332 0
      vertex -1.67476 -26.7619 0
      vertex -1.82378 -26.5439 0
    endloop
  endfacet
  facet normal -0 0 -1
    outer loop
      vertex -1.43425 -26.8332 0
      vertex -1.60474 -26.8595 0
      vertex -1.67476 -26.7619 0
    endloop
  endfacet
  facet normal 0 0 -1
    outer loop
      vertex -0.90921 -26.1277 0
      vertex -1.82378 -26.5439 0
      vertex -1.96126 -26.3325 0
    endloop
  endfacet
  facet normal -0 0 -1
    outer loop
      vertex -0.8694 -25.8911 0
      vertex -2.08672 -26.129 0
      vertex -0.83783 -25.6691 0
    endloop
  endfacet
  facet normal 0 0 -1
    outer loop
      vertex -0.83783 -25.6691 0
      vertex -2.08672 -26.129 0
      vertex -2.19966 -25.9349 0
    endloop
  endfacet
  facet normal 0 0 -1
    outer loop
      vertex 0.203308 -24.0844 0
      vertex 0.329132 -24.1651 0
      vertex 0.2034 -24.0948 0
    endloop
  endfacet
  facet normal 0 0 -1
    outer loop
      vertex -0.813248 -25.4606 0
      vertex -0.83783 -25.6691 0
      vertex -2.29974 -25.7518 0
    endloop
  endfacet
  facet normal 0 0 -1
    outer loop
      vertex -2.38696 -25.5812 0
      vertex -0.813248 -25.4606 0
      vertex -2.29974 -25.7518 0
    endloop
  endfacet
  facet normal 0 0 -1
    outer loop
      vertex -2.4613 -25.425 0
      vertex -0.794678 -25.2647 0
      vertex -2.38696 -25.5812 0
    endloop
  endfacet
  facet normal 0 0 -1
    outer loop
      vertex -2.52298 -25.2847 0
      vertex -0.776382 -24.9917 0
      vertex -2.4613 -25.425 0
    endloop
  endfacet
  facet normal 0 0 -1
    outer loop
      vertex -2.52298 -25.2847 0
      vertex -2.58963 -25.1206 0
      vertex -0.776382 -24.9917 0
    endloop
  endfacet
  facet normal -0 0 -1
    outer loop
      vertex -0.776382 -24.9917 0
      vertex -2.58963 -25.1206 0
      vertex -2.6367 -24.8183 0
    endloop
  endfacet
  facet normal 0 0 -1
    outer loop
      vertex -0.765854 -24.7137 0
      vertex -0.776382 -24.9917 0
      vertex -2.6367 -24.8183 0
    endloop
  endfacet
  facet normal 0 -0 -1
    outer loop
      vertex -0.824829 -24.4639 0
      vertex -0.765854 -24.7137 0
      vertex -2.6367 -24.8183 0
    endloop
  endfacet
  facet normal 0 0 -1
    outer loop
      vertex -2.75134 -24.7183 0
      vertex -0.824829 -24.4639 0
      vertex -2.6367 -24.8183 0
    endloop
  endfacet
  facet normal 0 0 -1
    outer loop
      vertex -0.748642 -24.3309 0
      vertex -0.824829 -24.4639 0
      vertex -2.75134 -24.7183 0
    endloop
  endfacet
  facet normal 0 0 -1
    outer loop
      vertex -19.703 15.8144 0
      vertex -19.6396 15.6692 0
      vertex -19.6525 15.6795 0
    endloop
  endfacet
  facet normal 0 0 -1
    outer loop
      vertex 0.203308 -24.0844 0
      vertex -0.317307 -24.234 0
      vertex -0.748642 -24.3309 0
    endloop
  endfacet
  facet normal 0 -0 -1
    outer loop
      vertex -20.6956 12.813 0
      vertex -1.30049 1.17097 0
      vertex -20.9684 11.8712 0
    endloop
  endfacet
  facet normal 0 0 -1
    outer loop
      vertex 0.632492 -24.8049 0
      vertex 2.24277 -24.483 0
      vertex 0.73761 -24.9621 0
    endloop
  endfacet
  facet normal 0 0 -1
    outer loop
      vertex 0.632492 -24.8049 0
      vertex 0.53952 -24.6585 0
      vertex 2.23752 -24.1905 0
    endloop
  endfacet
  facet normal -0 0 -1
    outer loop
      vertex 5.09894 -22.3006 0
      vertex 5.04695 -22.435 0
      vertex 5.09784 -22.2958 0
    endloop
  endfacet
  facet normal 0 0 -1
    outer loop
      vertex 2.24039 -24.7964 0
      vertex 0.983093 -25.3035 0
      vertex 0.854721 -25.1288 0
    endloop
  endfacet
  facet normal -0 0 -1
    outer loop
      vertex 2.2216 -25.2537 0
      vertex 1.12213 -25.485 0
      vertex 2.23351 -25.0189 0
    endloop
  endfacet
  facet normal -0 0 -1
    outer loop
      vertex 2.20395 -25.5017 0
      vertex 1.27145 -25.672 0
      vertex 2.2216 -25.2537 0
    endloop
  endfacet
  facet normal 0 0 -1
    outer loop
      vertex 2.20395 -25.5017 0
      vertex 1.43008 -25.8636 0
      vertex 1.27145 -25.672 0
    endloop
  endfacet
  facet normal 0 0 -1
    outer loop
      vertex 2.20395 -25.5017 0
      vertex 1.88133 -25.9867 0
      vertex 1.43008 -25.8636 0
    endloop
  endfacet
  facet normal 0 0 -1
    outer loop
      vertex 1.88133 -25.9867 0
      vertex 2.1794 -25.7642 0
      vertex 2.16475 -25.8895 0
    endloop
  endfacet
  facet normal 0 0 -1
    outer loop
      vertex 1.88133 -25.9867 0
      vertex 2.20395 -25.5017 0
      vertex 2.1794 -25.7642 0
    endloop
  endfacet
  facet normal -0 0 -1
    outer loop
      vertex 1.88133 -25.9867 0
      vertex 1.60419 -26.0664 0
      vertex 1.43008 -25.8636 0
    endloop
  endfacet
  facet normal 0 0 -1
    outer loop
      vertex 2.2216 -25.2537 0
      vertex 1.27145 -25.672 0
      vertex 1.12213 -25.485 0
    endloop
  endfacet
  facet normal 0 0 -1
    outer loop
      vertex 2.23351 -25.0189 0
      vertex 1.12213 -25.485 0
      vertex 0.983093 -25.3035 0
    endloop
  endfacet
  facet normal 0 0 -1
    outer loop
      vertex 2.24039 -24.7964 0
      vertex 2.23351 -25.0189 0
      vertex 0.983093 -25.3035 0
    endloop
  endfacet
  facet normal 0 0 -1
    outer loop
      vertex 3.10585 -23.1211 0
      vertex 3.23859 -23.1862 0
      vertex 3.10678 -23.128 0
    endloop
  endfacet
  facet normal 0 0 -1
    outer loop
      vertex 2.24277 -24.483 0
      vertex 2.24039 -24.7964 0
      vertex 0.854721 -25.1288 0
    endloop
  endfacet
  facet normal 0 0 -1
    outer loop
      vertex 0.73761 -24.9621 0
      vertex 2.24277 -24.483 0
      vertex 0.854721 -25.1288 0
    endloop
  endfacet
  facet normal 0 0 -1
    outer loop
      vertex 0.632492 -24.8049 0
      vertex 2.23752 -24.1905 0
      vertex 2.24277 -24.483 0
    endloop
  endfacet
  facet normal 0 0 -1
    outer loop
      vertex 0.53952 -24.6585 0
      vertex 0.404343 -24.4308 0
      vertex 2.23752 -24.1905 0
    endloop
  endfacet
  facet normal -0 0 -1
    outer loop
      vertex 2.23752 -24.1905 0
      vertex 0.404343 -24.4308 0
      vertex 2.22041 -23.8071 0
    endloop
  endfacet
  facet normal 0 0 -1
    outer loop
      vertex 2.22041 -23.8071 0
      vertex 0.404343 -24.4308 0
      vertex 0.329132 -24.1651 0
    endloop
  endfacet
  facet normal 0 -0 -1
    outer loop
      vertex 2.14423 -23.59 0
      vertex 2.22041 -23.8071 0
      vertex 0.329132 -24.1651 0
    endloop
  endfacet
  facet normal 0 0 -1
    outer loop
      vertex 0.203308 -24.0844 0
      vertex 2.14423 -23.59 0
      vertex 0.329132 -24.1651 0
    endloop
  endfacet
  facet normal 0 0 -1
    outer loop
      vertex 2.20598 -23.4522 0
      vertex 2.14423 -23.59 0
      vertex 0.203308 -24.0844 0
    endloop
  endfacet
  facet normal 0 -0 -1
    outer loop
      vertex 1.59869 -0.711777 0
      vertex 18.47 -14.2499 0
      vertex 1.51553 -0.874985 0
    endloop
  endfacet
  facet normal 0 0 -1
    outer loop
      vertex 3.10585 -23.1211 0
      vertex 2.65334 -23.2986 0
      vertex 2.20598 -23.4522 0
    endloop
  endfacet
  facet normal 0 0 -1
    outer loop
      vertex 14.3112 17.3659 0
      vertex 14.1687 17.3336 0
      vertex 14.1703 17.3356 0
    endloop
  endfacet
  facet normal 0 0 -1
    outer loop
      vertex 3.67221 -23.8558 0
      vertex 3.4966 -23.6384 0
      vertex 5.19244 -23.2195 0
    endloop
  endfacet
  facet normal 0 0 -1
    outer loop
      vertex 3.23859 -23.1862 0
      vertex 3.4966 -23.6384 0
      vertex 3.32822 -23.4173 0
    endloop
  endfacet
  facet normal 0 0 -1
    outer loop
      vertex 7.88371 -21.0768 0
      vertex 6.08655 -21.9606 0
      vertex 5.94966 -21.9069 0
    endloop
  endfacet
  facet normal 0 -0 -1
    outer loop
      vertex 5.22311 -23.6371 0
      vertex 5.23969 -23.9718 0
      vertex 4.08987 -24.3337 0
    endloop
  endfacet
  facet normal 0 0 -1
    outer loop
      vertex 5.24933 -24.329 0
      vertex 4.58011 -24.8467 0
      vertex 4.32721 -24.5872 0
    endloop
  endfacet
  facet normal 0 -0 -1
    outer loop
      vertex 5.24933 -24.329 0
      vertex 5.25087 -24.5815 0
      vertex 4.95294 -24.8586 0
    endloop
  endfacet
  facet normal 0 0 -1
    outer loop
      vertex 4.95294 -24.8586 0
      vertex 5.25087 -24.5815 0
      vertex 5.24924 -24.7297 0
    endloop
  endfacet
  facet normal 0 0 -1
    outer loop
      vertex 4.95294 -24.8586 0
      vertex 4.58011 -24.8467 0
      vertex 5.24933 -24.329 0
    endloop
  endfacet
  facet normal -0 0 -1
    outer loop
      vertex 4.95294 -24.8586 0
      vertex 4.69414 -24.9602 0
      vertex 4.58011 -24.8467 0
    endloop
  endfacet
  facet normal 0 -0 -1
    outer loop
      vertex 5.23969 -23.9718 0
      vertex 5.24933 -24.329 0
      vertex 4.32721 -24.5872 0
    endloop
  endfacet
  facet normal 0 0 -1
    outer loop
      vertex 4.08987 -24.3337 0
      vertex 5.23969 -23.9718 0
      vertex 4.32721 -24.5872 0
    endloop
  endfacet
  facet normal 0 0 -1
    outer loop
      vertex 3.87073 -24.0888 0
      vertex 5.22311 -23.6371 0
      vertex 4.08987 -24.3337 0
    endloop
  endfacet
  facet normal 0 0 -1
    outer loop
      vertex 5.94966 -21.9069 0
      vertex 6.08655 -21.9606 0
      vertex 5.95099 -21.9118 0
    endloop
  endfacet
  facet normal 0 0 -1
    outer loop
      vertex 3.87073 -24.0888 0
      vertex 5.19244 -23.2195 0
      vertex 5.22311 -23.6371 0
    endloop
  endfacet
  facet normal 0 0 -1
    outer loop
      vertex 3.87073 -24.0888 0
      vertex 3.67221 -23.8558 0
      vertex 5.19244 -23.2195 0
    endloop
  endfacet
  facet normal -0 0 -1
    outer loop
      vertex 5.19244 -23.2195 0
      vertex 3.4966 -23.6384 0
      vertex 5.15411 -22.8277 0
    endloop
  endfacet
  facet normal 0 0 -1
    outer loop
      vertex 5.15411 -22.8277 0
      vertex 3.4966 -23.6384 0
      vertex 3.23859 -23.1862 0
    endloop
  endfacet
  facet normal -0 -0 -1
    outer loop
      vertex 5.13116 -22.6253 0
      vertex 5.15411 -22.8277 0
      vertex 5.04695 -22.435 0
    endloop
  endfacet
  facet normal 0 -0 -1
    outer loop
      vertex 5.04695 -22.435 0
      vertex 5.15411 -22.8277 0
      vertex 3.23859 -23.1862 0
    endloop
  endfacet
  facet normal 0 0 -1
    outer loop
      vertex 3.10585 -23.1211 0
      vertex 5.04695 -22.435 0
      vertex 3.23859 -23.1862 0
    endloop
  endfacet
  facet normal 0 0 -1
    outer loop
      vertex 5.09784 -22.2958 0
      vertex 5.04695 -22.435 0
      vertex 3.10585 -23.1211 0
    endloop
  endfacet
  facet normal 0 0 -1
    outer loop
      vertex 26.025 -3.83493 0
      vertex 1.75 0 0
      vertex 26.4227 -1.98622 0
    endloop
  endfacet
  facet normal -0 0 -1
    outer loop
      vertex 5.94966 -21.9069 0
      vertex 5.45531 -22.1403 0
      vertex 0.182922 -1.7404 0
    endloop
  endfacet
  facet normal 0 -0 -1
    outer loop
      vertex 23.9516 9.39082 0
      vertex 24.5195 7.65443 0
      vertex 23.7795 9.32237 0
    endloop
  endfacet
  facet normal 0 0 -1
    outer loop
      vertex 6.64861 -22.6605 0
      vertex 6.37666 -22.3763 0
      vertex 8.03482 -21.6511 0
    endloop
  endfacet
  facet normal 0 0 -1
    outer loop
      vertex 6.08655 -21.9606 0
      vertex 6.37666 -22.3763 0
      vertex 6.18126 -22.162 0
    endloop
  endfacet
  facet normal 0 0 -1
    outer loop
      vertex 10.6572 -19.5766 0
      vertex 8.88029 -20.5555 0
      vertex 8.74094 -20.51 0
    endloop
  endfacet
  facet normal 0 0 -1
    outer loop
      vertex 6.95103 -22.9611 0
      vertex 8.15514 -22.6026 0
      vertex 7.2785 -23.2725 0
    endloop
  endfacet
  facet normal 0 0 -1
    outer loop
      vertex 7.2785 -23.2725 0
      vertex 8.19833 -23.0693 0
      vertex 7.80679 -23.5652 0
    endloop
  endfacet
  facet normal 0 0 -1
    outer loop
      vertex 7.80679 -23.5652 0
      vertex 8.19833 -23.0693 0
      vertex 8.21877 -23.3576 0
    endloop
  endfacet
  facet normal -0 0 -1
    outer loop
      vertex 7.80679 -23.5652 0
      vertex 7.67 -23.6298 0
      vertex 7.2785 -23.2725 0
    endloop
  endfacet
  facet normal 0 0 -1
    outer loop
      vertex 7.2785 -23.2725 0
      vertex 8.15514 -22.6026 0
      vertex 8.19833 -23.0693 0
    endloop
  endfacet
  facet normal 0 0 -1
    outer loop
      vertex 6.95103 -22.9611 0
      vertex 8.10501 -22.1654 0
      vertex 8.15514 -22.6026 0
    endloop
  endfacet
  facet normal 0 0 -1
    outer loop
      vertex 6.95103 -22.9611 0
      vertex 6.64861 -22.6605 0
      vertex 8.10501 -22.1654 0
    endloop
  endfacet
  facet normal 0 0 -1
    outer loop
      vertex 8.74094 -20.51 0
      vertex 8.88029 -20.5555 0
      vertex 8.74245 -20.5136 0
    endloop
  endfacet
  facet normal -0 0 -1
    outer loop
      vertex 8.10501 -22.1654 0
      vertex 6.64861 -22.6605 0
      vertex 8.03482 -21.6511 0
    endloop
  endfacet
  facet normal 0 0 -1
    outer loop
      vertex 8.03482 -21.6511 0
      vertex 6.37666 -22.3763 0
      vertex 6.08655 -21.9606 0
    endloop
  endfacet
  facet normal -0 -0 -1
    outer loop
      vertex 7.97234 -21.2497 0
      vertex 8.03482 -21.6511 0
      vertex 7.88371 -21.0768 0
    endloop
  endfacet
  facet normal 0 -0 -1
    outer loop
      vertex 7.88371 -21.0768 0
      vertex 8.03482 -21.6511 0
      vertex 6.08655 -21.9606 0
    endloop
  endfacet
  facet normal -0 0 -1
    outer loop
      vertex 7.92792 -20.9396 0
      vertex 7.88371 -21.0768 0
      vertex 7.92715 -20.9376 0
    endloop
  endfacet
  facet normal 0 0 -1
    outer loop
      vertex 7.92715 -20.9376 0
      vertex 7.88371 -21.0768 0
      vertex 5.94966 -21.9069 0
    endloop
  endfacet
  facet normal 0 0 -1
    outer loop
      vertex 23.3977 9.17693 0
      vertex 23.5472 9.1561 0
      vertex 24.4764 7.51318 0
    endloop
  endfacet
  facet normal 0 -0 -1
    outer loop
      vertex 1.02861 -1.41577 0
      vertex 11.4842 -18.9788 0
      vertex 0.875 -1.51553 0
    endloop
  endfacet
  facet normal 0 -0 -1
    outer loop
      vertex 14.1687 17.3336 0
      vertex 15.9973 16.1062 0
      vertex 1.30049 1.17097 0
    endloop
  endfacet
  facet normal -0 0 -1
    outer loop
      vertex 10.8681 -20.3444 0
      vertex 9.26332 -21.0103 0
      vertex 10.7522 -19.7438 0
    endloop
  endfacet
  facet normal 0 0 -1
    outer loop
      vertex 8.88029 -20.5555 0
      vertex 9.26332 -21.0103 0
      vertex 8.97572 -20.7344 0
    endloop
  endfacet
  facet normal 0 0 -1
    outer loop
      vertex 13.3615 -17.9683 0
      vertex 11.6252 -19.0177 0
      vertex 11.4842 -18.9788 0
    endloop
  endfacet
  facet normal 0 0 -1
    outer loop
      vertex 10.0586 -21.7241 0
      vertex 10.9579 -20.8702 0
      vertex 11.0416 -21.4281 0
    endloop
  endfacet
  facet normal 0 0 -1
    outer loop
      vertex 10.5538 -22.141 0
      vertex 10.0586 -21.7241 0
      vertex 11.0416 -21.4281 0
    endloop
  endfacet
  facet normal -0 0 -1
    outer loop
      vertex 11.0951 -21.8395 0
      vertex 10.5538 -22.141 0
      vertex 11.0416 -21.4281 0
    endloop
  endfacet
  facet normal 0 0 -1
    outer loop
      vertex 10.0586 -21.7241 0
      vertex 9.64461 -21.3603 0
      vertex 10.9579 -20.8702 0
    endloop
  endfacet
  facet normal -0 0 -1
    outer loop
      vertex 10.9579 -20.8702 0
      vertex 9.64461 -21.3603 0
      vertex 10.8681 -20.3444 0
    endloop
  endfacet
  facet normal 0 0 -1
    outer loop
      vertex 11.4842 -18.9788 0
      vertex 11.6252 -19.0177 0
      vertex 11.4858 -18.9814 0
    endloop
  endfacet
  facet normal 0 0 -1
    outer loop
      vertex 10.8681 -20.3444 0
      vertex 9.64461 -21.3603 0
      vertex 9.26332 -21.0103 0
    endloop
  endfacet
  facet normal -0 0 -1
    outer loop
      vertex 10.7522 -19.7438 0
      vertex 9.26332 -21.0103 0
      vertex 10.6572 -19.5766 0
    endloop
  endfacet
  facet normal 0 0 -1
    outer loop
      vertex 10.6572 -19.5766 0
      vertex 9.26332 -21.0103 0
      vertex 8.88029 -20.5555 0
    endloop
  endfacet
  facet normal 0 0 -1
    outer loop
      vertex 10.6953 -19.4374 0
      vertex 10.6572 -19.5766 0
      vertex 8.74094 -20.51 0
    endloop
  endfacet
  facet normal 0 0 -1
    outer loop
      vertex 26.5282 0.938065 0
      vertex 26.4227 1.98622 0
      vertex 26.4899 1.59952 0
    endloop
  endfacet
  facet normal 0 0 -1
    outer loop
      vertex 1.51553 0.874985 0
      vertex 18.47 14.2499 0
      vertex 1.59869 0.711777 0
    endloop
  endfacet
  facet normal -0 0 -1
    outer loop
      vertex 13.5865 -18.6252 0
      vertex 11.7226 -19.1836 0
      vertex 13.4686 -18.1404 0
    endloop
  endfacet
  facet normal -0 0 -1
    outer loop
      vertex 13.6983 -19.1381 0
      vertex 12.1847 -19.5842 0
      vertex 13.5865 -18.6252 0
    endloop
  endfacet
  facet normal -0 0 -1
    outer loop
      vertex 15.9752 -16.2514 0
      vertex 14.3112 -17.3659 0
      vertex 15.9973 -16.1062 0
    endloop
  endfacet
  facet normal 0 0 -1
    outer loop
      vertex 13.0365 -20.2764 0
      vertex 12.5952 -19.9249 0
      vertex 13.8053 -19.6849 0
    endloop
  endfacet
  facet normal -0 0 -1
    outer loop
      vertex 13.8969 -20.2077 0
      vertex 13.0365 -20.2764 0
      vertex 13.8053 -19.6849 0
    endloop
  endfacet
  facet normal 0 0 -1
    outer loop
      vertex 13.8969 -20.2077 0
      vertex 13.367 -20.5291 0
      vertex 13.0365 -20.2764 0
    endloop
  endfacet
  facet normal -0 0 -1
    outer loop
      vertex 13.8053 -19.6849 0
      vertex 12.5952 -19.9249 0
      vertex 13.6983 -19.1381 0
    endloop
  endfacet
  facet normal 0 0 -1
    outer loop
      vertex 13.6983 -19.1381 0
      vertex 12.5952 -19.9249 0
      vertex 12.1847 -19.5842 0
    endloop
  endfacet
  facet normal 0 0 -1
    outer loop
      vertex 14.1687 -17.3336 0
      vertex 14.3112 -17.3659 0
      vertex 14.1703 -17.3356 0
    endloop
  endfacet
  facet normal 0 0 -1
    outer loop
      vertex 13.5865 -18.6252 0
      vertex 12.1847 -19.5842 0
      vertex 11.7226 -19.1836 0
    endloop
  endfacet
  facet normal -0 0 -1
    outer loop
      vertex 13.4686 -18.1404 0
      vertex 11.7226 -19.1836 0
      vertex 13.3615 -17.9683 0
    endloop
  endfacet
  facet normal 0 0 -1
    outer loop
      vertex 13.3615 -17.9683 0
      vertex 11.7226 -19.1836 0
      vertex 11.6252 -19.0177 0
    endloop
  endfacet
  facet normal -0 0 -1
    outer loop
      vertex 13.394 -17.828 0
      vertex 13.3615 -17.9683 0
      vertex 13.3926 -17.8261 0
    endloop
  endfacet
  facet normal 0 0 -1
    outer loop
      vertex 13.3926 -17.8261 0
      vertex 13.3615 -17.9683 0
      vertex 11.4842 -18.9788 0
    endloop
  endfacet
  facet normal 0 0 -1
    outer loop
      vertex 23.3977 9.17693 0
      vertex 1.7404 0.182922 0
      vertex 1.71175 0.363831 0
    endloop
  endfacet
  facet normal 0 0 -1
    outer loop
      vertex 1.66434 0.540771 0
      vertex 20.7561 12.2183 0
      vertex 21.4525 11.5209 0
    endloop
  endfacet
  facet normal 0 0 -1
    outer loop
      vertex 14.8126 -17.8468 0
      vertex 14.4166 -17.5291 0
      vertex 16.2176 -16.8013 0
    endloop
  endfacet
  facet normal -0 0 -1
    outer loop
      vertex 16.3277 -17.1883 0
      vertex 14.8126 -17.8468 0
      vertex 16.2176 -16.8013 0
    endloop
  endfacet
  facet normal -0 0 -1
    outer loop
      vertex 18.4606 -14.3978 0
      vertex 16.9058 -15.5883 0
      vertex 18.47 -14.2499 0
    endloop
  endfacet
  facet normal 0 0 -1
    outer loop
      vertex 15.5895 -18.4306 0
      vertex 16.4362 -17.6079 0
      vertex 16.5412 -18.053 0
    endloop
  endfacet
  facet normal 0 0 -1
    outer loop
      vertex 15.8794 -18.6346 0
      vertex 15.5895 -18.4306 0
      vertex 16.5412 -18.053 0
    endloop
  endfacet
  facet normal -0 0 -1
    outer loop
      vertex 16.6282 -18.4558 0
      vertex 15.8794 -18.6346 0
      vertex 16.5412 -18.053 0
    endloop
  endfacet
  facet normal 0 0 -1
    outer loop
      vertex 16.6282 -18.4558 0
      vertex 16.1184 -18.7961 0
      vertex 15.8794 -18.6346 0
    endloop
  endfacet
  facet normal 0 0 -1
    outer loop
      vertex 15.5895 -18.4306 0
      vertex 15.2294 -18.1667 0
      vertex 16.4362 -17.6079 0
    endloop
  endfacet
  facet normal -0 0 -1
    outer loop
      vertex 16.4362 -17.6079 0
      vertex 15.2294 -18.1667 0
      vertex 16.3277 -17.1883 0
    endloop
  endfacet
  facet normal 0 0 -1
    outer loop
      vertex 17.6819 -16.2233 0
      vertex 18.7898 -15.018 0
      vertex 18.892 -15.2975 0
    endloop
  endfacet
  facet normal 0 0 -1
    outer loop
      vertex 16.3277 -17.1883 0
      vertex 15.2294 -18.1667 0
      vertex 14.8126 -17.8468 0
    endloop
  endfacet
  facet normal 0 0 -1
    outer loop
      vertex 16.2176 -16.8013 0
      vertex 15.9752 -16.2514 0
      vertex 16.1023 -16.4342 0
    endloop
  endfacet
  facet normal -0 0 -1
    outer loop
      vertex 16.2176 -16.8013 0
      vertex 14.4166 -17.5291 0
      vertex 15.9752 -16.2514 0
    endloop
  endfacet
  facet normal 0 0 -1
    outer loop
      vertex 15.9752 -16.2514 0
      vertex 14.4166 -17.5291 0
      vertex 14.3112 -17.3659 0
    endloop
  endfacet
  facet normal -0 0 -1
    outer loop
      vertex 16.0007 -16.1096 0
      vertex 15.9752 -16.2514 0
      vertex 15.9973 -16.1062 0
    endloop
  endfacet
  facet normal 0 0 -1
    outer loop
      vertex 15.9973 -16.1062 0
      vertex 14.3112 -17.3659 0
      vertex 14.1687 -17.3336 0
    endloop
  endfacet
  facet normal 0 0 -1
    outer loop
      vertex 21.4525 -11.5209 0
      vertex 22.7859 -9.97795 0
      vertex 21.5988 -11.5176 0
    endloop
  endfacet
  facet normal 0 0 -1
    outer loop
      vertex 16.9058 -15.5883 0
      vertex 16.7622 -15.565 0
      vertex 18.47 -14.2499 0
    endloop
  endfacet
  facet normal 0 0 -1
    outer loop
      vertex 18.6905 -14.7672 0
      vertex 17.3496 -15.9913 0
      vertex 17.0285 -15.7564 0
    endloop
  endfacet
  facet normal 0 0 -1
    outer loop
      vertex 19.5073 -13.8265 0
      vertex 19.3574 -13.652 0
      vertex 20.7631 -12.3676 0
    endloop
  endfacet
  facet normal 0 0 -1
    outer loop
      vertex 17.9503 -16.4019 0
      vertex 19.0961 -15.9283 0
      vertex 18.2391 -16.5853 0
    endloop
  endfacet
  facet normal 0 0 -1
    outer loop
      vertex 18.2391 -16.5853 0
      vertex 19.0961 -15.9283 0
      vertex 18.4448 -16.7105 0
    endloop
  endfacet
  facet normal 0 0 -1
    outer loop
      vertex 18.4448 -16.7105 0
      vertex 19.0961 -15.9283 0
      vertex 19.1955 -16.2719 0
    endloop
  endfacet
  facet normal 0 0 -1
    outer loop
      vertex 18.6628 -16.8382 0
      vertex 18.4448 -16.7105 0
      vertex 19.1955 -16.2719 0
    endloop
  endfacet
  facet normal -0 0 -1
    outer loop
      vertex 19.269 -16.5461 0
      vertex 18.6628 -16.8382 0
      vertex 19.1955 -16.2719 0
    endloop
  endfacet
  facet normal 0 0 -1
    outer loop
      vertex 19.269 -16.5461 0
      vertex 18.7894 -16.9094 0
      vertex 18.6628 -16.8382 0
    endloop
  endfacet
  facet normal 0 0 -1
    outer loop
      vertex 17.9503 -16.4019 0
      vertex 18.9946 -15.6023 0
      vertex 19.0961 -15.9283 0
    endloop
  endfacet
  facet normal 0 0 -1
    outer loop
      vertex 17.9503 -16.4019 0
      vertex 18.892 -15.2975 0
      vertex 18.9946 -15.6023 0
    endloop
  endfacet
  facet normal 0 0 -1
    outer loop
      vertex 20.0815 -14.1838 0
      vertex 21.2069 -13.0331 0
      vertex 21.2917 -13.2104 0
    endloop
  endfacet
  facet normal 0 0 -1
    outer loop
      vertex 17.9503 -16.4019 0
      vertex 17.6819 -16.2233 0
      vertex 18.892 -15.2975 0
    endloop
  endfacet
  facet normal 0 0 -1
    outer loop
      vertex 17.6819 -16.2233 0
      vertex 17.3496 -15.9913 0
      vertex 18.7898 -15.018 0
    endloop
  endfacet
  facet normal -0 0 -1
    outer loop
      vertex 18.7898 -15.018 0
      vertex 17.3496 -15.9913 0
      vertex 18.6905 -14.7672 0
    endloop
  endfacet
  facet normal 0 0 -1
    outer loop
      vertex 18.6905 -14.7672 0
      vertex 17.0285 -15.7564 0
      vertex 16.9058 -15.5883 0
    endloop
  endfacet
  facet normal -0 -0 -1
    outer loop
      vertex 18.6159 -14.591 0
      vertex 18.6905 -14.7672 0
      vertex 18.4606 -14.3978 0
    endloop
  endfacet
  facet normal 0 -0 -1
    outer loop
      vertex 18.4606 -14.3978 0
      vertex 18.6905 -14.7672 0
      vertex 16.9058 -15.5883 0
    endloop
  endfacet
  facet normal -0 0 -1
    outer loop
      vertex 18.4761 -14.2545 0
      vertex 18.4606 -14.3978 0
      vertex 18.47 -14.2499 0
    endloop
  endfacet
  facet normal 0 0 -1
    outer loop
      vertex 20.7561 -12.2183 0
      vertex 19.3574 -13.652 0
      vertex 19.2137 -13.6412 0
    endloop
  endfacet
  facet normal -0 0 -1
    outer loop
      vertex 26.1717 -3.76678 0
      vertex 26.025 -3.83493 0
      vertex 26.4227 -1.98622 0
    endloop
  endfacet
  facet normal -0 0 -1
    outer loop
      vertex 23.5472 -9.1561 0
      vertex 23.3977 -9.17693 0
      vertex 24.4764 -7.51318 0
    endloop
  endfacet
  facet normal -0 0 -1
    outer loop
      vertex 21.2069 -13.0331 0
      vertex 19.8308 -14.033 0
      vertex 21.1248 -12.8713 0
    endloop
  endfacet
  facet normal 0 0 -1
    outer loop
      vertex 21.7856 -11.6936 0
      vertex 21.5988 -11.5176 0
      vertex 22.8116 -10.1257 0
    endloop
  endfacet
  facet normal 0 0 -1
    outer loop
      vertex 21.5533 -13.8244 0
      vertex 20.7595 -14.5508 0
      vertex 20.5503 -14.4438 0
    endloop
  endfacet
  facet normal 0 -0 -1
    outer loop
      vertex 21.5533 -13.8244 0
      vertex 21.6403 -14.0525 0
      vertex 20.7595 -14.5508 0
    endloop
  endfacet
  facet normal 0 0 -1
    outer loop
      vertex 20.7595 -14.5508 0
      vertex 21.6403 -14.0525 0
      vertex 20.9831 -14.6595 0
    endloop
  endfacet
  facet normal 0 0 -1
    outer loop
      vertex 20.9831 -14.6595 0
      vertex 21.6403 -14.0525 0
      vertex 21.7263 -14.2903 0
    endloop
  endfacet
  facet normal 0 0 -1
    outer loop
      vertex 21.2227 -14.7695 0
      vertex 20.9831 -14.6595 0
      vertex 21.7263 -14.2903 0
    endloop
  endfacet
  facet normal 0 0 -1
    outer loop
      vertex 21.3341 -14.8175 0
      vertex 21.2227 -14.7695 0
      vertex 21.7719 -14.4236 0
    endloop
  endfacet
  facet normal -0 0 -1
    outer loop
      vertex 21.7719 -14.4236 0
      vertex 21.2227 -14.7695 0
      vertex 21.7263 -14.2903 0
    endloop
  endfacet
  facet normal 0 -0 -1
    outer loop
      vertex 21.4657 -13.6072 0
      vertex 21.5533 -13.8244 0
      vertex 20.5503 -14.4438 0
    endloop
  endfacet
  facet normal 0 -0 -1
    outer loop
      vertex 21.3783 -13.4022 0
      vertex 21.4657 -13.6072 0
      vertex 20.5503 -14.4438 0
    endloop
  endfacet
  facet normal 0 0 -1
    outer loop
      vertex 21.4525 -11.5209 0
      vertex 21.5988 -11.5176 0
      vertex 21.4548 -11.5221 0
    endloop
  endfacet
  facet normal 0 0 -1
    outer loop
      vertex 20.3541 -14.3384 0
      vertex 21.3783 -13.4022 0
      vertex 20.5503 -14.4438 0
    endloop
  endfacet
  facet normal 0 0 -1
    outer loop
      vertex 20.3541 -14.3384 0
      vertex 21.2917 -13.2104 0
      vertex 21.3783 -13.4022 0
    endloop
  endfacet
  facet normal 0 0 -1
    outer loop
      vertex 20.3541 -14.3384 0
      vertex 20.0815 -14.1838 0
      vertex 21.2917 -13.2104 0
    endloop
  endfacet
  facet normal 0 0 -1
    outer loop
      vertex 20.0815 -14.1838 0
      vertex 19.8308 -14.033 0
      vertex 21.2069 -13.0331 0
    endloop
  endfacet
  facet normal 0 0 -1
    outer loop
      vertex 19.8308 -14.033 0
      vertex 21.0094 -12.6597 0
      vertex 21.1248 -12.8713 0
    endloop
  endfacet
  facet normal 0 0 -1
    outer loop
      vertex 19.8308 -14.033 0
      vertex 19.5073 -13.8265 0
      vertex 21.0094 -12.6597 0
    endloop
  endfacet
  facet normal -0 0 -1
    outer loop
      vertex 21.0094 -12.6597 0
      vertex 19.5073 -13.8265 0
      vertex 20.7631 -12.3676 0
    endloop
  endfacet
  facet normal -0 -0 -1
    outer loop
      vertex 20.9556 -12.5656 0
      vertex 21.0094 -12.6597 0
      vertex 20.7631 -12.3676 0
    endloop
  endfacet
  facet normal 0 0 -1
    outer loop
      vertex 20.7631 -12.3676 0
      vertex 20.7561 -12.2183 0
      vertex 20.765 -12.2235 0
    endloop
  endfacet
  facet normal -0 0 -1
    outer loop
      vertex 20.7631 -12.3676 0
      vertex 19.3574 -13.652 0
      vertex 20.7561 -12.2183 0
    endloop
  endfacet
  facet normal -0 0 -1
    outer loop
      vertex 26.6589 -0.843323 0
      vertex 26.5282 -0.938065 0
      vertex 26.5282 0.938065 0
    endloop
  endfacet
  facet normal 0 0 -1
    outer loop
      vertex 22.7859 -9.97795 0
      vertex 22.7961 -9.98242 0
      vertex 22.8116 -10.1257 0
    endloop
  endfacet
  facet normal 0 0 -1
    outer loop
      vertex 24.4764 -7.51318 0
      vertex 24.4827 -7.51512 0
      vertex 24.5195 -7.65443 0
    endloop
  endfacet
  facet normal 0 -0 -1
    outer loop
      vertex 23.3475 -10.7234 0
      vertex 23.4516 -10.8842 0
      vertex 22.4562 -12.026 0
    endloop
  endfacet
  facet normal 0 0 -1
    outer loop
      vertex 22.2772 -11.9441 0
      vertex 22.0316 -11.8235 0
      vertex 23.2493 -10.5809 0
    endloop
  endfacet
  facet normal 0 0 -1
    outer loop
      vertex 23.7795 -9.32237 0
      vertex 24.8088 -7.82329 0
      vertex 24.0263 -9.41913 0
    endloop
  endfacet
  facet normal 0 0 -1
    outer loop
      vertex 23.6717 -11.2573 0
      vertex 22.8571 -12.1926 0
      vertex 22.649 -12.1089 0
    endloop
  endfacet
  facet normal 0 0 -1
    outer loop
      vertex 23.7852 -11.4677 0
      vertex 23.0819 -12.2765 0
      vertex 22.8571 -12.1926 0
    endloop
  endfacet
  facet normal 0 -0 -1
    outer loop
      vertex 23.7852 -11.4677 0
      vertex 23.8996 -11.6925 0
      vertex 23.0819 -12.2765 0
    endloop
  endfacet
  facet normal 0 0 -1
    outer loop
      vertex 23.0819 -12.2765 0
      vertex 23.8996 -11.6925 0
      vertex 23.325 -12.3598 0
    endloop
  endfacet
  facet normal 0 0 -1
    outer loop
      vertex 23.325 -12.3598 0
      vertex 23.8996 -11.6925 0
      vertex 24.0139 -11.9305 0
    endloop
  endfacet
  facet normal 0 0 -1
    outer loop
      vertex 23.5878 -12.442 0
      vertex 23.325 -12.3598 0
      vertex 24.0139 -11.9305 0
    endloop
  endfacet
  facet normal -0 0 -1
    outer loop
      vertex 24.0611 -12.035 0
      vertex 23.5878 -12.442 0
      vertex 24.0139 -11.9305 0
    endloop
  endfacet
  facet normal 0 0 -1
    outer loop
      vertex 24.0611 -12.035 0
      vertex 23.6789 -12.4684 0
      vertex 23.5878 -12.442 0
    endloop
  endfacet
  facet normal 0 -0 -1
    outer loop
      vertex 23.6717 -11.2573 0
      vertex 23.7852 -11.4677 0
      vertex 22.8571 -12.1926 0
    endloop
  endfacet
  facet normal 0 -0 -1
    outer loop
      vertex 23.5601 -11.0625 0
      vertex 23.6717 -11.2573 0
      vertex 22.649 -12.1089 0
    endloop
  endfacet
  facet normal 0 0 -1
    outer loop
      vertex 23.3977 -9.17693 0
      vertex 23.5472 -9.1561 0
      vertex 23.4051 -9.17981 0
    endloop
  endfacet
  facet normal 0 -0 -1
    outer loop
      vertex 23.4516 -10.8842 0
      vertex 23.5601 -11.0625 0
      vertex 22.649 -12.1089 0
    endloop
  endfacet
  facet normal 0 0 -1
    outer loop
      vertex 22.4562 -12.026 0
      vertex 23.4516 -10.8842 0
      vertex 22.649 -12.1089 0
    endloop
  endfacet
  facet normal 0 0 -1
    outer loop
      vertex 22.2772 -11.9441 0
      vertex 23.3475 -10.7234 0
      vertex 22.4562 -12.026 0
    endloop
  endfacet
  facet normal 0 0 -1
    outer loop
      vertex 22.2772 -11.9441 0
      vertex 23.2493 -10.5809 0
      vertex 23.3475 -10.7234 0
    endloop
  endfacet
  facet normal 0 0 -1
    outer loop
      vertex 22.0316 -11.8235 0
      vertex 23.1587 -10.4574 0
      vertex 23.2493 -10.5809 0
    endloop
  endfacet
  facet normal 0 0 -1
    outer loop
      vertex 22.0316 -11.8235 0
      vertex 23.0499 -10.3176 0
      vertex 23.1587 -10.4574 0
    endloop
  endfacet
  facet normal 0 0 -1
    outer loop
      vertex 22.0316 -11.8235 0
      vertex 22.8116 -10.1257 0
      vertex 23.0499 -10.3176 0
    endloop
  endfacet
  facet normal 0 0 -1
    outer loop
      vertex 22.0316 -11.8235 0
      vertex 21.7856 -11.6936 0
      vertex 22.8116 -10.1257 0
    endloop
  endfacet
  facet normal -0 0 -1
    outer loop
      vertex 22.8116 -10.1257 0
      vertex 21.5988 -11.5176 0
      vertex 22.7859 -9.97795 0
    endloop
  endfacet
  facet normal 0 0 -1
    outer loop
      vertex 24.9542 -6.6046 0
      vertex 25.7225 -4.83281 0
      vertex 25.7891 -4.96457 0
    endloop
  endfacet
  facet normal 0 0 -1
    outer loop
      vertex 1.51553 0.874985 0
      vertex 1.41577 1.02861 0
      vertex 16.7622 15.565 0
    endloop
  endfacet
  facet normal -0 -0 -1
    outer loop
      vertex 25.7283 -4.83391 0
      vertex 25.7891 -4.96457 0
      vertex 25.7225 -4.83281 0
    endloop
  endfacet
  facet normal 0 0 -1
    outer loop
      vertex 25.7225 -4.83281 0
      vertex 26.025 -3.83493 0
      vertex 25.7666 -4.72466 0
    endloop
  endfacet
  facet normal 0 -0 -1
    outer loop
      vertex 25.1511 -8.15536 0
      vertex 25.2757 -8.29424 0
      vertex 24.3611 -9.53325 0
    endloop
  endfacet
  facet normal 0 0 -1
    outer loop
      vertex 24.1861 -9.47609 0
      vertex 25.1511 -8.15536 0
      vertex 24.3611 -9.53325 0
    endloop
  endfacet
  facet normal 0 -0 -1
    outer loop
      vertex 26.1256 -5.08774 0
      vertex 26.2675 -5.17278 0
      vertex 25.5618 -6.74379 0
    endloop
  endfacet
  facet normal 0 0 -1
    outer loop
      vertex 25.4088 -8.45285 0
      vertex 24.7625 -9.64532 0
      vertex 24.5528 -9.58994 0
    endloop
  endfacet
  facet normal -0 0 -1
    outer loop
      vertex 25.6933 -8.8273 0
      vertex 24.9917 -9.69847 0
      vertex 25.5485 -8.63074 0
    endloop
  endfacet
  facet normal 0 0 -1
    outer loop
      vertex 25.6933 -8.8273 0
      vertex 25.1141 -9.72386 0
      vertex 24.9917 -9.69847 0
    endloop
  endfacet
  facet normal 0 0 -1
    outer loop
      vertex 25.6933 -8.8273 0
      vertex 25.2419 -9.74823 0
      vertex 25.1141 -9.72386 0
    endloop
  endfacet
  facet normal 0 -0 -1
    outer loop
      vertex 25.6933 -8.8273 0
      vertex 25.8415 -9.04175 0
      vertex 25.2419 -9.74823 0
    endloop
  endfacet
  facet normal 0 0 -1
    outer loop
      vertex 25.2419 -9.74823 0
      vertex 25.8415 -9.04175 0
      vertex 25.3752 -9.77145 0
    endloop
  endfacet
  facet normal 0 0 -1
    outer loop
      vertex 25.3752 -9.77145 0
      vertex 25.8415 -9.04175 0
      vertex 25.5143 -9.79329 0
    endloop
  endfacet
  facet normal 0 0 -1
    outer loop
      vertex 25.5143 -9.79329 0
      vertex 25.8415 -9.04175 0
      vertex 25.9917 -9.2731 0
    endloop
  endfacet
  facet normal 0 0 -1
    outer loop
      vertex 25.7286 -9.82205 0
      vertex 25.5143 -9.79329 0
      vertex 25.9917 -9.2731 0
    endloop
  endfacet
  facet normal -0 0 -1
    outer loop
      vertex 26.0359 -9.34546 0
      vertex 25.7286 -9.82205 0
      vertex 25.9917 -9.2731 0
    endloop
  endfacet
  facet normal 0 0 -1
    outer loop
      vertex 25.5485 -8.63074 0
      vertex 24.9917 -9.69847 0
      vertex 24.7625 -9.64532 0
    endloop
  endfacet
  facet normal 0 -0 -1
    outer loop
      vertex 25.4088 -8.45285 0
      vertex 25.5485 -8.63074 0
      vertex 24.7625 -9.64532 0
    endloop
  endfacet
  facet normal 0 0 -1
    outer loop
      vertex 24.9542 -6.6046 0
      vertex 25.1057 -6.56209 0
      vertex 24.9693 -6.60858 0
    endloop
  endfacet
  facet normal 0 -0 -1
    outer loop
      vertex 25.2757 -8.29424 0
      vertex 25.4088 -8.45285 0
      vertex 24.5528 -9.58994 0
    endloop
  endfacet
  facet normal 0 0 -1
    outer loop
      vertex 24.3611 -9.53325 0
      vertex 25.2757 -8.29424 0
      vertex 24.5528 -9.58994 0
    endloop
  endfacet
  facet normal 0 -0 -1
    outer loop
      vertex 25.0369 -8.03653 0
      vertex 25.1511 -8.15536 0
      vertex 24.1861 -9.47609 0
    endloop
  endfacet
  facet normal 0 0 -1
    outer loop
      vertex 24.0263 -9.41913 0
      vertex 25.0369 -8.03653 0
      vertex 24.1861 -9.47609 0
    endloop
  endfacet
  facet normal 0 0 -1
    outer loop
      vertex 24.0263 -9.41913 0
      vertex 24.9351 -7.93776 0
      vertex 25.0369 -8.03653 0
    endloop
  endfacet
  facet normal 0 0 -1
    outer loop
      vertex 24.0263 -9.41913 0
      vertex 24.8088 -7.82329 0
      vertex 24.9351 -7.93776 0
    endloop
  endfacet
  facet normal 0 0 -1
    outer loop
      vertex 23.7795 -9.32237 0
      vertex 24.5195 -7.65443 0
      vertex 24.8088 -7.82329 0
    endloop
  endfacet
  facet normal 0 0 -1
    outer loop
      vertex 23.7795 -9.32237 0
      vertex 23.5472 -9.1561 0
      vertex 24.5195 -7.65443 0
    endloop
  endfacet
  facet normal -0 0 -1
    outer loop
      vertex 24.5195 -7.65443 0
      vertex 23.5472 -9.1561 0
      vertex 24.4764 -7.51318 0
    endloop
  endfacet
  facet normal -0 -0 -1
    outer loop
      vertex 26.4398 -1.9875 0
      vertex 26.5253 -2.10352 0
      vertex 26.4227 -1.98622 0
    endloop
  endfacet
  facet normal 0 0 -1
    outer loop
      vertex 26.4227 -1.98622 0
      vertex 26.5282 -0.938065 0
      vertex 26.4899 -1.59952 0
    endloop
  endfacet
  facet normal 0 0 -1
    outer loop
      vertex 26.025 3.83493 0
      vertex 26.1717 3.76678 0
      vertex 26.4227 1.98622 0
    endloop
  endfacet
  facet normal 0 0 -1
    outer loop
      vertex 26.5282 0.938065 0
      vertex 26.551 0.938873 0
      vertex 26.6589 0.843323 0
    endloop
  endfacet
  facet normal 0 0 -1
    outer loop
      vertex 26.2653 -6.8553 0
      vertex 26.06 -6.83238 0
      vertex 26.6524 -5.44803 0
    endloop
  endfacet
  facet normal 0 -0 -1
    outer loop
      vertex 26.3791 -5.24542 0
      vertex 26.5079 -5.33687 0
      vertex 25.8752 -6.80531 0
    endloop
  endfacet
  facet normal -0 0 -1
    outer loop
      vertex 27.2343 -2.28755 0
      vertex 26.8138 -3.87534 0
      vertex 27.103 -2.23361 0
    endloop
  endfacet
  facet normal 0 0 -1
    outer loop
      vertex 26.376 -6.86475 0
      vertex 26.8938 -5.653 0
      vertex 26.4922 -6.87256 0
    endloop
  endfacet
  facet normal 0 -0 -1
    outer loop
      vertex 26.9799 -5.73169 0
      vertex 27.0683 -5.81555 0
      vertex 26.6141 -6.87854 0
    endloop
  endfacet
  facet normal 0 0 -1
    outer loop
      vertex 26.6141 -6.87854 0
      vertex 27.0683 -5.81555 0
      vertex 27.159 -5.9046 0
    endloop
  endfacet
  facet normal 0 0 -1
    outer loop
      vertex 26.7418 -6.88246 0
      vertex 26.6141 -6.87854 0
      vertex 27.159 -5.9046 0
    endloop
  endfacet
  facet normal -0 0 -1
    outer loop
      vertex 27.2515 -5.99881 0
      vertex 26.7418 -6.88246 0
      vertex 27.159 -5.9046 0
    endloop
  endfacet
  facet normal 0 0 -1
    outer loop
      vertex 27.2515 -5.99881 0
      vertex 26.8753 -6.88408 0
      vertex 26.7418 -6.88246 0
    endloop
  endfacet
  facet normal 0 -0 -1
    outer loop
      vertex 27.2515 -5.99881 0
      vertex 27.3456 -6.09811 0
      vertex 26.8753 -6.88408 0
    endloop
  endfacet
  facet normal 0 0 -1
    outer loop
      vertex 26.8753 -6.88408 0
      vertex 27.3456 -6.09811 0
      vertex 27.0148 -6.88313 0
    endloop
  endfacet
  facet normal 0 0 -1
    outer loop
      vertex 27.0148 -6.88313 0
      vertex 27.3456 -6.09811 0
      vertex 27.4412 -6.20247 0
    endloop
  endfacet
  facet normal -0 0 -1
    outer loop
      vertex 27.1603 -6.87938 0
      vertex 27.0148 -6.88313 0
      vertex 27.4412 -6.20247 0
    endloop
  endfacet
  facet normal -0 0 -1
    outer loop
      vertex 27.5747 -6.3546 0
      vertex 27.1603 -6.87938 0
      vertex 27.4412 -6.20247 0
    endloop
  endfacet
  facet normal 0 0 -1
    outer loop
      vertex 27.5747 -6.3546 0
      vertex 27.3649 -6.86911 0
      vertex 27.1603 -6.87938 0
    endloop
  endfacet
  facet normal 0 0 -1
    outer loop
      vertex 26.4922 -6.87256 0
      vertex 26.9799 -5.73169 0
      vertex 26.6141 -6.87854 0
    endloop
  endfacet
  facet normal 0 0 -1
    outer loop
      vertex 26.4922 -6.87256 0
      vertex 26.8938 -5.653 0
      vertex 26.9799 -5.73169 0
    endloop
  endfacet
  facet normal 0 0 -1
    outer loop
      vertex 26.025 -3.83493 0
      vertex 26.1717 -3.76678 0
      vertex 26.0465 -3.8381 0
    endloop
  endfacet
  facet normal 0 0 -1
    outer loop
      vertex 26.376 -6.86475 0
      vertex 26.8103 -5.57951 0
      vertex 26.8938 -5.653 0
    endloop
  endfacet
  facet normal 0 0 -1
    outer loop
      vertex 26.376 -6.86475 0
      vertex 26.2653 -6.8553 0
      vertex 26.8103 -5.57951 0
    endloop
  endfacet
  facet normal -0 0 -1
    outer loop
      vertex 26.8103 -5.57951 0
      vertex 26.2653 -6.8553 0
      vertex 26.6524 -5.44803 0
    endloop
  endfacet
  facet normal -0 0 -1
    outer loop
      vertex 26.6524 -5.44803 0
      vertex 26.06 -6.83238 0
      vertex 26.5079 -5.33687 0
    endloop
  endfacet
  facet normal 0 0 -1
    outer loop
      vertex 26.5079 -5.33687 0
      vertex 26.06 -6.83238 0
      vertex 25.8752 -6.80531 0
    endloop
  endfacet
  facet normal 0 0 -1
    outer loop
      vertex 26.3791 -5.24542 0
      vertex 25.8752 -6.80531 0
      vertex 25.7096 -6.77538 0
    endloop
  endfacet
  facet normal 0 -0 -1
    outer loop
      vertex 26.2675 -5.17278 0
      vertex 26.3791 -5.24542 0
      vertex 25.7096 -6.77538 0
    endloop
  endfacet
  facet normal 0 0 -1
    outer loop
      vertex 25.5618 -6.74379 0
      vertex 26.2675 -5.17278 0
      vertex 25.7096 -6.77538 0
    endloop
  endfacet
  facet normal 0 0 -1
    outer loop
      vertex 25.3888 -6.70166 0
      vertex 26.1256 -5.08774 0
      vertex 25.5618 -6.74379 0
    endloop
  endfacet
  facet normal 0 0 -1
    outer loop
      vertex 25.3888 -6.70166 0
      vertex 25.7891 -4.96457 0
      vertex 26.1256 -5.08774 0
    endloop
  endfacet
  facet normal 0 0 -1
    outer loop
      vertex 25.3888 -6.70166 0
      vertex 25.1057 -6.56209 0
      vertex 25.7891 -4.96457 0
    endloop
  endfacet
  facet normal 0 0 -1
    outer loop
      vertex 25.7891 -4.96457 0
      vertex 25.1057 -6.56209 0
      vertex 24.9542 -6.6046 0
    endloop
  endfacet
  facet normal 0 0 -1
    outer loop
      vertex 1.66434 0.540771 0
      vertex 1.59869 0.711777 0
      vertex 19.2129 13.6406 0
    endloop
  endfacet
  facet normal 0 -0 -1
    outer loop
      vertex 15.9973 16.1062 0
      vertex 16.7622 15.565 0
      vertex 1.41577 1.02861 0
    endloop
  endfacet
  facet normal 0 0 -1
    outer loop
      vertex 25.7225 4.83281 0
      vertex 25.7666 4.72466 0
      vertex 26.025 3.83493 0
    endloop
  endfacet
  facet normal 0 -0 -1
    outer loop
      vertex 26.4227 -1.98622 0
      vertex 26.5253 -2.10352 0
      vertex 26.1717 -3.76678 0
    endloop
  endfacet
  facet normal 0 -0 -1
    outer loop
      vertex 26.0465 3.8381 0
      vertex 26.1717 3.76678 0
      vertex 26.025 3.83493 0
    endloop
  endfacet
  facet normal 0 0 -1
    outer loop
      vertex 27.2562 -3.86192 0
      vertex 27.5571 -2.44498 0
      vertex 27.3613 -3.85284 0
    endloop
  endfacet
  facet normal -0 0 -1
    outer loop
      vertex 27.2562 -3.86192 0
      vertex 27.1568 -3.86855 0
      vertex 27.5571 -2.44498 0
    endloop
  endfacet
  facet normal 0 0 -1
    outer loop
      vertex 27.4694 0.793533 0
      vertex 27.644 0.750626 0
      vertex 27.644 -0.750626 0
    endloop
  endfacet
  facet normal 0 -0 -1
    outer loop
      vertex 27.7459 -2.55162 0
      vertex 27.8464 -2.61249 0
      vertex 27.4721 -3.84105 0
    endloop
  endfacet
  facet normal 0 0 -1
    outer loop
      vertex 27.8464 -2.61249 0
      vertex 27.7108 -3.80829 0
      vertex 27.5886 -3.82629 0
    endloop
  endfacet
  facet normal 0 -0 -1
    outer loop
      vertex 27.8464 -2.61249 0
      vertex 27.9507 -2.67854 0
      vertex 27.7108 -3.80829 0
    endloop
  endfacet
  facet normal 0 0 -1
    outer loop
      vertex 27.7108 -3.80829 0
      vertex 27.9507 -2.67854 0
      vertex 28.0585 -2.74992 0
    endloop
  endfacet
  facet normal -0 0 -1
    outer loop
      vertex 27.8387 -3.78679 0
      vertex 27.7108 -3.80829 0
      vertex 28.0585 -2.74992 0
    endloop
  endfacet
  facet normal -0 0 -1
    outer loop
      vertex 28.1696 -2.82669 0
      vertex 27.8387 -3.78679 0
      vertex 28.0585 -2.74992 0
    endloop
  endfacet
  facet normal 0 0 -1
    outer loop
      vertex 28.1696 -2.82669 0
      vertex 27.9723 -3.76152 0
      vertex 27.8387 -3.78679 0
    endloop
  endfacet
  facet normal 0 -0 -1
    outer loop
      vertex 28.1696 -2.82669 0
      vertex 28.2836 -2.90892 0
      vertex 27.9723 -3.76152 0
    endloop
  endfacet
  facet normal 0 0 -1
    outer loop
      vertex 27.9723 -3.76152 0
      vertex 28.2836 -2.90892 0
      vertex 28.1115 -3.73221 0
    endloop
  endfacet
  facet normal 0 0 -1
    outer loop
      vertex 28.1115 -3.73221 0
      vertex 28.2836 -2.90892 0
      vertex 28.4005 -2.99666 0
    endloop
  endfacet
  facet normal -0 0 -1
    outer loop
      vertex 28.2562 -3.69858 0
      vertex 28.1115 -3.73221 0
      vertex 28.4005 -2.99666 0
    endloop
  endfacet
  facet normal -0 0 -1
    outer loop
      vertex 28.5498 -3.11432 0
      vertex 28.2562 -3.69858 0
      vertex 28.4005 -2.99666 0
    endloop
  endfacet
  facet normal 0 0 -1
    outer loop
      vertex 28.5498 -3.11432 0
      vertex 28.4574 -3.64629 0
      vertex 28.2562 -3.69858 0
    endloop
  endfacet
  facet normal 0 0 -1
    outer loop
      vertex 27.4721 -3.84105 0
      vertex 27.8464 -2.61249 0
      vertex 27.5886 -3.82629 0
    endloop
  endfacet
  facet normal 0 -0 -1
    outer loop
      vertex 27.6494 -2.49583 0
      vertex 27.7459 -2.55162 0
      vertex 27.4721 -3.84105 0
    endloop
  endfacet
  facet normal 0 0 -1
    outer loop
      vertex 26.5282 -0.938065 0
      vertex 26.6589 -0.843323 0
      vertex 26.551 -0.938873 0
    endloop
  endfacet
  facet normal 0 0 -1
    outer loop
      vertex 27.3613 -3.85284 0
      vertex 27.6494 -2.49583 0
      vertex 27.4721 -3.84105 0
    endloop
  endfacet
  facet normal 0 0 -1
    outer loop
      vertex 27.3613 -3.85284 0
      vertex 27.5571 -2.44498 0
      vertex 27.6494 -2.49583 0
    endloop
  endfacet
  facet normal 0 0 -1
    outer loop
      vertex 27.1568 -3.86855 0
      vertex 27.386 -2.35744 0
      vertex 27.5571 -2.44498 0
    endloop
  endfacet
  facet normal -0 0 -1
    outer loop
      vertex 27.1568 -3.86855 0
      vertex 26.9745 -3.87541 0
      vertex 27.386 -2.35744 0
    endloop
  endfacet
  facet normal -0 0 -1
    outer loop
      vertex 27.386 -2.35744 0
      vertex 26.9745 -3.87541 0
      vertex 27.2343 -2.28755 0
    endloop
  endfacet
  facet normal 0 0 -1
    outer loop
      vertex 27.2343 -2.28755 0
      vertex 26.9745 -3.87541 0
      vertex 26.8138 -3.87534 0
    endloop
  endfacet
  facet normal 0 0 -1
    outer loop
      vertex 27.103 -2.23361 0
      vertex 26.8138 -3.87534 0
      vertex 26.6737 -3.87004 0
    endloop
  endfacet
  facet normal 0 -0 -1
    outer loop
      vertex 26.9931 -2.19377 0
      vertex 27.103 -2.23361 0
      vertex 26.6737 -3.87004 0
    endloop
  endfacet
  facet normal 0 -0 -1
    outer loop
      vertex 26.8904 -2.15903 0
      vertex 26.9931 -2.19377 0
      vertex 26.6737 -3.87004 0
    endloop
  endfacet
  facet normal 0 0 -1
    outer loop
      vertex 26.503 -3.85788 0
      vertex 26.8904 -2.15903 0
      vertex 26.6737 -3.87004 0
    endloop
  endfacet
  facet normal 0 0 -1
    outer loop
      vertex 26.503 -3.85788 0
      vertex 26.5253 -2.10352 0
      vertex 26.8904 -2.15903 0
    endloop
  endfacet
  facet normal 0 0 -1
    outer loop
      vertex 26.503 -3.85788 0
      vertex 26.1717 -3.76678 0
      vertex 26.5253 -2.10352 0
    endloop
  endfacet
  facet normal -0 0 -1
    outer loop
      vertex 25.7891 4.96457 0
      vertex 25.7225 4.83281 0
      vertex 24.9542 6.6046 0
    endloop
  endfacet
  facet normal 0 0 -1
    outer loop
      vertex 26.5282 0.938065 0
      vertex 26.6589 0.843323 0
      vertex 26.6589 -0.843323 0
    endloop
  endfacet
  facet normal -0 0 -1
    outer loop
      vertex 19.2129 13.6406 0
      vertex 1.59869 0.711777 0
      vertex 18.47 14.2499 0
    endloop
  endfacet
  facet normal -0 0 -1
    outer loop
      vertex 20.7561 12.2183 0
      vertex 1.66434 0.540771 0
      vertex 19.2129 13.6406 0
    endloop
  endfacet
  facet normal 0 0 -1
    outer loop
      vertex 26.6589 0.843323 0
      vertex 27.0219 -0.865372 0
      vertex 26.6589 -0.843323 0
    endloop
  endfacet
  facet normal 0 0 -1
    outer loop
      vertex 25.1057 6.56209 0
      vertex 24.9542 6.6046 0
      vertex 24.9693 6.60858 0
    endloop
  endfacet
  facet normal 0 0 -1
    outer loop
      vertex 27.644 0.750626 0
      vertex 27.7394 0.723999 0
      vertex 27.7394 -0.723999 0
    endloop
  endfacet
  facet normal 0 0 -1
    outer loop
      vertex 27.7394 -0.723999 0
      vertex 27.7394 0.723999 0
      vertex 27.8403 -0.693604 0
    endloop
  endfacet
  facet normal 0 0 -1
    outer loop
      vertex 27.0629 3.87297 0
      vertex 27.2562 3.86192 0
      vertex 27.4693 2.39891 0
    endloop
  endfacet
  facet normal 0 0 -1
    outer loop
      vertex 27.9464 0.659164 0
      vertex 28.0576 -0.620468 0
      vertex 27.9464 -0.659164 0
    endloop
  endfacet
  facet normal 0 0 -1
    outer loop
      vertex 28.0576 0.620468 0
      vertex 28.1739 -0.577255 0
      vertex 28.0576 -0.620468 0
    endloop
  endfacet
  facet normal 0 0 -1
    outer loop
      vertex 28.1739 0.577255 0
      vertex 28.2951 -0.529327 0
      vertex 28.1739 -0.577255 0
    endloop
  endfacet
  facet normal 0 0 -1
    outer loop
      vertex 28.1739 0.577255 0
      vertex 28.2951 0.529327 0
      vertex 28.2951 -0.529327 0
    endloop
  endfacet
  facet normal 0 0 -1
    outer loop
      vertex 28.2951 -0.529327 0
      vertex 28.2951 0.529327 0
      vertex 28.4209 -0.476456 0
    endloop
  endfacet
  facet normal 0 0 -1
    outer loop
      vertex 28.4209 -0.476456 0
      vertex 28.2951 0.529327 0
      vertex 28.4209 0.476456 0
    endloop
  endfacet
  facet normal -0 0 -1
    outer loop
      vertex 28.5513 -0.418472 0
      vertex 28.4209 -0.476456 0
      vertex 28.4209 0.476456 0
    endloop
  endfacet
  facet normal -0 -0 -1
    outer loop
      vertex 28.5513 0.418472 0
      vertex 28.5513 -0.418472 0
      vertex 28.4209 0.476456 0
    endloop
  endfacet
  facet normal 0 0 -1
    outer loop
      vertex 28.5513 0.418472 0
      vertex 28.686 -0.355164 0
      vertex 28.5513 -0.418472 0
    endloop
  endfacet
  facet normal 0 0 -1
    outer loop
      vertex 28.5513 0.418472 0
      vertex 28.686 0.355164 0
      vertex 28.686 -0.355164 0
    endloop
  endfacet
  facet normal 0 0 -1
    outer loop
      vertex 28.8751 0 0
      vertex 28.686 0.355164 0
      vertex 28.8596 0.268188 0
    endloop
  endfacet
  facet normal -0 0 -1
    outer loop
      vertex 28.8751 0 0
      vertex 28.686 -0.355164 0
      vertex 28.686 0.355164 0
    endloop
  endfacet
  facet normal 0 0 -1
    outer loop
      vertex 28.8751 0 0
      vertex 28.8596 -0.268188 0
      vertex 28.686 -0.355164 0
    endloop
  endfacet
  facet normal 0 0 -1
    outer loop
      vertex 28.0576 0.620468 0
      vertex 28.1739 0.577255 0
      vertex 28.1739 -0.577255 0
    endloop
  endfacet
  facet normal 0 0 -1
    outer loop
      vertex 27.9464 0.659164 0
      vertex 28.0576 0.620468 0
      vertex 28.0576 -0.620468 0
    endloop
  endfacet
  facet normal 0 0 -1
    outer loop
      vertex 27.8403 0.693604 0
      vertex 27.9464 0.659164 0
      vertex 27.9464 -0.659164 0
    endloop
  endfacet
  facet normal 0 0 -1
    outer loop
      vertex 26.4227 1.98622 0
      vertex 26.5253 2.10352 0
      vertex 26.4398 1.9875 0
    endloop
  endfacet
  facet normal 0 0 -1
    outer loop
      vertex 27.8403 -0.693604 0
      vertex 27.8403 0.693604 0
      vertex 27.9464 -0.659164 0
    endloop
  endfacet
  facet normal 0 0 -1
    outer loop
      vertex 27.8403 -0.693604 0
      vertex 27.7394 0.723999 0
      vertex 27.8403 0.693604 0
    endloop
  endfacet
  facet normal 0 0 -1
    outer loop
      vertex 27.644 -0.750626 0
      vertex 27.644 0.750626 0
      vertex 27.7394 -0.723999 0
    endloop
  endfacet
  facet normal 0 0 -1
    outer loop
      vertex 27.4694 -0.793533 0
      vertex 27.4694 0.793533 0
      vertex 27.644 -0.750626 0
    endloop
  endfacet
  facet normal 0 0 -1
    outer loop
      vertex 27.4694 -0.793533 0
      vertex 27.317 0.824387 0
      vertex 27.4694 0.793533 0
    endloop
  endfacet
  facet normal -0 0 -1
    outer loop
      vertex 27.4694 -0.793533 0
      vertex 27.317 -0.824387 0
      vertex 27.317 0.824387 0
    endloop
  endfacet
  facet normal -0 -0 -1
    outer loop
      vertex 27.317 0.824387 0
      vertex 27.317 -0.824387 0
      vertex 27.1866 0.845291 0
    endloop
  endfacet
  facet normal 0 0 -1
    outer loop
      vertex 27.1866 0.845291 0
      vertex 27.317 -0.824387 0
      vertex 27.1866 -0.845291 0
    endloop
  endfacet
  facet normal 0 0 -1
    outer loop
      vertex 27.0219 0.865372 0
      vertex 27.1866 0.845291 0
      vertex 27.1866 -0.845291 0
    endloop
  endfacet
  facet normal 0 0 -1
    outer loop
      vertex 27.0219 -0.865372 0
      vertex 27.0219 0.865372 0
      vertex 27.1866 -0.845291 0
    endloop
  endfacet
  facet normal 0 0 -1
    outer loop
      vertex 27.0219 -0.865372 0
      vertex 26.6589 0.843323 0
      vertex 27.0219 0.865372 0
    endloop
  endfacet
  facet normal -0 0 -1
    outer loop
      vertex 26.5253 2.10352 0
      vertex 26.4227 1.98622 0
      vertex 26.1717 3.76678 0
    endloop
  endfacet
  facet normal 0 -0 -1
    outer loop
      vertex 26.503 3.85788 0
      vertex 26.5253 2.10352 0
      vertex 26.1717 3.76678 0
    endloop
  endfacet
  facet normal -0 0 -1
    outer loop
      vertex 22.7859 9.97795 0
      vertex 1.71175 0.363831 0
      vertex 21.4525 11.5209 0
    endloop
  endfacet
  facet normal 0 0 -1
    outer loop
      vertex 26.5253 2.10352 0
      vertex 26.503 3.85788 0
      vertex 26.8904 2.15903 0
    endloop
  endfacet
  facet normal 0 0 -1
    outer loop
      vertex 1.30049 1.17097 0
      vertex 1.17097 1.30049 0
      vertex 14.1687 17.3336 0
    endloop
  endfacet
  facet normal 0 -0 -1
    outer loop
      vertex 26.6111 3.86595 0
      vertex 26.8904 2.15903 0
      vertex 26.503 3.85788 0
    endloop
  endfacet
  facet normal -0 0 -1
    outer loop
      vertex 24.4764 7.51318 0
      vertex 1.7404 0.182922 0
      vertex 23.3977 9.17693 0
    endloop
  endfacet
  facet normal 0 0 -1
    outer loop
      vertex 27.3613 3.85284 0
      vertex 27.4721 3.84105 0
      vertex 27.6494 2.49583 0
    endloop
  endfacet
  facet normal 0 0 -1
    outer loop
      vertex 27.5571 2.44498 0
      vertex 27.2562 3.86192 0
      vertex 27.3613 3.85284 0
    endloop
  endfacet
  facet normal 0 0 -1
    outer loop
      vertex 26.5079 5.33687 0
      vertex 25.7901 6.79063 0
      vertex 25.9651 6.81927 0
    endloop
  endfacet
  facet normal 0 0 -1
    outer loop
      vertex 27.4721 3.84105 0
      vertex 27.8464 2.61249 0
      vertex 27.7459 2.55162 0
    endloop
  endfacet
  facet normal 0 0 -1
    outer loop
      vertex 27.5886 3.82629 0
      vertex 27.7108 3.80829 0
      vertex 27.8464 2.61249 0
    endloop
  endfacet
  facet normal 0 0 -1
    outer loop
      vertex 27.8464 2.61249 0
      vertex 27.7108 3.80829 0
      vertex 27.9507 2.67854 0
    endloop
  endfacet
  facet normal 0 0 -1
    outer loop
      vertex 27.9507 2.67854 0
      vertex 27.7108 3.80829 0
      vertex 28.0585 2.74992 0
    endloop
  endfacet
  facet normal 0 0 -1
    outer loop
      vertex 28.0585 2.74992 0
      vertex 27.7108 3.80829 0
      vertex 27.8387 3.78679 0
    endloop
  endfacet
  facet normal -0 0 -1
    outer loop
      vertex 28.1696 2.82669 0
      vertex 28.0585 2.74992 0
      vertex 27.8387 3.78679 0
    endloop
  endfacet
  facet normal -0 -0 -1
    outer loop
      vertex 27.9723 3.76152 0
      vertex 28.1696 2.82669 0
      vertex 27.8387 3.78679 0
    endloop
  endfacet
  facet normal 0 0 -1
    outer loop
      vertex 27.9723 3.76152 0
      vertex 28.2836 2.90892 0
      vertex 28.1696 2.82669 0
    endloop
  endfacet
  facet normal 0 0 -1
    outer loop
      vertex 27.9723 3.76152 0
      vertex 28.1115 3.73221 0
      vertex 28.2836 2.90892 0
    endloop
  endfacet
  facet normal 0 0 -1
    outer loop
      vertex 28.2836 2.90892 0
      vertex 28.1115 3.73221 0
      vertex 28.4005 2.99666 0
    endloop
  endfacet
  facet normal 0 0 -1
    outer loop
      vertex 28.4005 2.99666 0
      vertex 28.1115 3.73221 0
      vertex 28.2562 3.69858 0
    endloop
  endfacet
  facet normal -0 0 -1
    outer loop
      vertex 28.5498 3.11432 0
      vertex 28.4005 2.99666 0
      vertex 28.2562 3.69858 0
    endloop
  endfacet
  facet normal -0 -0 -1
    outer loop
      vertex 28.4574 3.64629 0
      vertex 28.5498 3.11432 0
      vertex 28.2562 3.69858 0
    endloop
  endfacet
  facet normal 0 0 -1
    outer loop
      vertex 27.4721 3.84105 0
      vertex 27.5886 3.82629 0
      vertex 27.8464 2.61249 0
    endloop
  endfacet
  facet normal 0 0 -1
    outer loop
      vertex 27.6494 2.49583 0
      vertex 27.4721 3.84105 0
      vertex 27.7459 2.55162 0
    endloop
  endfacet
  facet normal 0 0 -1
    outer loop
      vertex 25.7225 4.83281 0
      vertex 25.7891 4.96457 0
      vertex 25.7283 4.83391 0
    endloop
  endfacet
  facet normal 0 0 -1
    outer loop
      vertex 27.5571 2.44498 0
      vertex 27.3613 3.85284 0
      vertex 27.6494 2.49583 0
    endloop
  endfacet
  facet normal 0 0 -1
    outer loop
      vertex 27.4693 2.39891 0
      vertex 27.2562 3.86192 0
      vertex 27.5571 2.44498 0
    endloop
  endfacet
  facet normal 0 0 -1
    outer loop
      vertex 27.3077 2.32039 0
      vertex 27.0629 3.87297 0
      vertex 27.4693 2.39891 0
    endloop
  endfacet
  facet normal 0 0 -1
    outer loop
      vertex 27.3077 2.32039 0
      vertex 26.8915 3.87613 0
      vertex 27.0629 3.87297 0
    endloop
  endfacet
  facet normal -0 0 -1
    outer loop
      vertex 27.3077 2.32039 0
      vertex 27.166 2.2587 0
      vertex 26.8915 3.87613 0
    endloop
  endfacet
  facet normal 0 -0 -1
    outer loop
      vertex 26.8915 3.87613 0
      vertex 27.166 2.2587 0
      vertex 26.7412 3.87323 0
    endloop
  endfacet
  facet normal 0 0 -1
    outer loop
      vertex 26.7412 3.87323 0
      vertex 27.166 2.2587 0
      vertex 27.0453 2.21205 0
    endloop
  endfacet
  facet normal 0 0 -1
    outer loop
      vertex 26.6111 3.86595 0
      vertex 26.7412 3.87323 0
      vertex 27.0453 2.21205 0
    endloop
  endfacet
  facet normal 0 0 -1
    outer loop
      vertex 26.8904 2.15903 0
      vertex 26.6111 3.86595 0
      vertex 27.0453 2.21205 0
    endloop
  endfacet
  facet normal -0 -0 -1
    outer loop
      vertex 25.1057 6.56209 0
      vertex 25.7891 4.96457 0
      vertex 24.9542 6.6046 0
    endloop
  endfacet
  facet normal 0 0 -1
    outer loop
      vertex 23.5472 9.1561 0
      vertex 23.3977 9.17693 0
      vertex 23.4051 9.17981 0
    endloop
  endfacet
  facet normal 0 0 -1
    outer loop
      vertex 1.17097 1.30049 0
      vertex 1.02861 1.41577 0
      vertex 13.3926 17.8261 0
    endloop
  endfacet
  facet normal 0 -0 -1
    outer loop
      vertex 25.3888 6.70166 0
      vertex 25.7891 4.96457 0
      vertex 25.1057 6.56209 0
    endloop
  endfacet
  facet normal 0 0 -1
    outer loop
      vertex 25.7891 4.96457 0
      vertex 25.3888 6.70166 0
      vertex 26.1256 5.08774 0
    endloop
  endfacet
  facet normal 0 0 -1
    outer loop
      vertex 11.4842 18.9788 0
      vertex 1.02861 1.41577 0
      vertex 0.875 1.51553 0
    endloop
  endfacet
  facet normal 0 0 -1
    outer loop
      vertex 23.5472 9.1561 0
      vertex 24.5195 7.65443 0
      vertex 24.4764 7.51318 0
    endloop
  endfacet
  facet normal -0 -0 -1
    outer loop
      vertex 21.5988 11.5176 0
      vertex 22.7859 9.97795 0
      vertex 21.4525 11.5209 0
    endloop
  endfacet
  facet normal 0 0 -1
    outer loop
      vertex 26.376 6.86475 0
      vertex 26.4922 6.87256 0
      vertex 26.8938 5.653 0
    endloop
  endfacet
  facet normal -0 0 -1
    outer loop
      vertex 26.8103 5.57951 0
      vertex 26.6524 5.44803 0
      vertex 26.16 6.84445 0
    endloop
  endfacet
  facet normal 0 -0 -1
    outer loop
      vertex 24.2717 9.50467 0
      vertex 25.0369 8.03653 0
      vertex 24.1044 9.44757 0
    endloop
  endfacet
  facet normal 0 0 -1
    outer loop
      vertex 26.8938 5.653 0
      vertex 26.4922 6.87256 0
      vertex 26.9799 5.73169 0
    endloop
  endfacet
  facet normal 0 0 -1
    outer loop
      vertex 26.9799 5.73169 0
      vertex 26.6141 6.87854 0
      vertex 27.0683 5.81555 0
    endloop
  endfacet
  facet normal 0 0 -1
    outer loop
      vertex 27.0683 5.81555 0
      vertex 26.6141 6.87854 0
      vertex 27.159 5.9046 0
    endloop
  endfacet
  facet normal 0 0 -1
    outer loop
      vertex 27.159 5.9046 0
      vertex 26.6141 6.87854 0
      vertex 26.7418 6.88246 0
    endloop
  endfacet
  facet normal -0 0 -1
    outer loop
      vertex 27.2515 5.99881 0
      vertex 27.159 5.9046 0
      vertex 26.7418 6.88246 0
    endloop
  endfacet
  facet normal 0 -0 -1
    outer loop
      vertex 26.8753 6.88408 0
      vertex 27.2515 5.99881 0
      vertex 26.7418 6.88246 0
    endloop
  endfacet
  facet normal 0 0 -1
    outer loop
      vertex 26.8753 6.88408 0
      vertex 27.3456 6.09811 0
      vertex 27.2515 5.99881 0
    endloop
  endfacet
  facet normal 0 0 -1
    outer loop
      vertex 26.8753 6.88408 0
      vertex 27.0148 6.88313 0
      vertex 27.3456 6.09811 0
    endloop
  endfacet
  facet normal 0 0 -1
    outer loop
      vertex 27.3456 6.09811 0
      vertex 27.0148 6.88313 0
      vertex 27.4412 6.20247 0
    endloop
  endfacet
  facet normal 0 0 -1
    outer loop
      vertex 27.4412 6.20247 0
      vertex 27.0148 6.88313 0
      vertex 27.1603 6.87938 0
    endloop
  endfacet
  facet normal -0 0 -1
    outer loop
      vertex 27.5747 6.3546 0
      vertex 27.4412 6.20247 0
      vertex 27.1603 6.87938 0
    endloop
  endfacet
  facet normal -0 -0 -1
    outer loop
      vertex 27.3649 6.86911 0
      vertex 27.5747 6.3546 0
      vertex 27.1603 6.87938 0
    endloop
  endfacet
  facet normal 0 0 -1
    outer loop
      vertex 26.9799 5.73169 0
      vertex 26.4922 6.87256 0
      vertex 26.6141 6.87854 0
    endloop
  endfacet
  facet normal 0 0 -1
    outer loop
      vertex 26.8103 5.57951 0
      vertex 26.376 6.86475 0
      vertex 26.8938 5.653 0
    endloop
  endfacet
  facet normal 0 0 -1
    outer loop
      vertex 24.4764 7.51318 0
      vertex 24.5195 7.65443 0
      vertex 24.4827 7.51512 0
    endloop
  endfacet
  facet normal 0 0 -1
    outer loop
      vertex 26.8103 5.57951 0
      vertex 26.16 6.84445 0
      vertex 26.376 6.86475 0
    endloop
  endfacet
  facet normal 0 0 -1
    outer loop
      vertex 26.6524 5.44803 0
      vertex 25.9651 6.81927 0
      vertex 26.16 6.84445 0
    endloop
  endfacet
  facet normal -0 0 -1
    outer loop
      vertex 26.6524 5.44803 0
      vertex 26.5079 5.33687 0
      vertex 25.9651 6.81927 0
    endloop
  endfacet
  facet normal -0 0 -1
    outer loop
      vertex 26.5079 5.33687 0
      vertex 26.3791 5.24542 0
      vertex 25.7901 6.79063 0
    endloop
  endfacet
  facet normal 0 -0 -1
    outer loop
      vertex 25.7901 6.79063 0
      vertex 26.3791 5.24542 0
      vertex 25.6335 6.75974 0
    endloop
  endfacet
  facet normal 0 0 -1
    outer loop
      vertex 25.6335 6.75974 0
      vertex 26.3791 5.24542 0
      vertex 26.2675 5.17278 0
    endloop
  endfacet
  facet normal 0 0 -1
    outer loop
      vertex 26.1256 5.08774 0
      vertex 25.6335 6.75974 0
      vertex 26.2675 5.17278 0
    endloop
  endfacet
  facet normal 0 0 -1
    outer loop
      vertex 26.1256 5.08774 0
      vertex 25.3888 6.70166 0
      vertex 25.6335 6.75974 0
    endloop
  endfacet
  facet normal 0 0 -1
    outer loop
      vertex 24.5195 7.65443 0
      vertex 23.5472 9.1561 0
      vertex 23.7795 9.32237 0
    endloop
  endfacet
  facet normal 0 -0 -1
    outer loop
      vertex 21.4548 11.5221 0
      vertex 21.5988 11.5176 0
      vertex 21.4525 11.5209 0
    endloop
  endfacet
  facet normal 0 0 -1
    outer loop
      vertex 24.5195 7.65443 0
      vertex 23.9516 9.39082 0
      vertex 24.8088 7.82329 0
    endloop
  endfacet
  facet normal 0 0 -1
    outer loop
      vertex 10.6955 19.4377 0
      vertex 0.875 1.51553 0
      vertex 0.711777 1.59869 0
    endloop
  endfacet
  facet normal -0 0 -1
    outer loop
      vertex 22.8116 10.1257 0
      vertex 22.7859 9.97795 0
      vertex 21.5988 11.5176 0
    endloop
  endfacet
  facet normal -0 0 -1
    outer loop
      vertex 26.4227 1.98622 0
      vertex 1.75 0 0
      vertex 26.025 3.83493 0
    endloop
  endfacet
  facet normal -0 0 -1
    outer loop
      vertex 25.5485 8.63074 0
      vertex 25.4088 8.45285 0
      vertex 24.8746 9.67224 0
    endloop
  endfacet
  facet normal 0 0 -1
    outer loop
      vertex 24.2717 9.50467 0
      vertex 24.4548 9.56169 0
      vertex 25.1511 8.15536 0
    endloop
  endfacet
  facet normal 0 -0 -1
    outer loop
      vertex 23.5878 12.442 0
      vertex 24.0139 11.9305 0
      vertex 23.325 12.3598 0
    endloop
  endfacet
  facet normal 0 -0 -1
    outer loop
      vertex 24.8746 9.67224 0
      vertex 25.4088 8.45285 0
      vertex 24.6553 9.61784 0
    endloop
  endfacet
  facet normal 0 0 -1
    outer loop
      vertex 25.6933 8.8273 0
      vertex 24.8746 9.67224 0
      vertex 25.1141 9.72386 0
    endloop
  endfacet
  facet normal 0 -0 -1
    outer loop
      vertex 25.2419 9.74823 0
      vertex 25.6933 8.8273 0
      vertex 25.1141 9.72386 0
    endloop
  endfacet
  facet normal 0 0 -1
    outer loop
      vertex 25.2419 9.74823 0
      vertex 25.8415 9.04175 0
      vertex 25.6933 8.8273 0
    endloop
  endfacet
  facet normal 0 0 -1
    outer loop
      vertex 25.2419 9.74823 0
      vertex 25.3752 9.77145 0
      vertex 25.8415 9.04175 0
    endloop
  endfacet
  facet normal 0 0 -1
    outer loop
      vertex 25.8415 9.04175 0
      vertex 25.3752 9.77145 0
      vertex 25.5143 9.79329 0
    endloop
  endfacet
  facet normal -0 0 -1
    outer loop
      vertex 25.9917 9.2731 0
      vertex 25.8415 9.04175 0
      vertex 25.5143 9.79329 0
    endloop
  endfacet
  facet normal 0 -0 -1
    outer loop
      vertex 25.7286 9.82205 0
      vertex 25.9917 9.2731 0
      vertex 25.5143 9.79329 0
    endloop
  endfacet
  facet normal 0 0 -1
    outer loop
      vertex 25.7286 9.82205 0
      vertex 26.0359 9.34546 0
      vertex 25.9917 9.2731 0
    endloop
  endfacet
  facet normal -0 0 -1
    outer loop
      vertex 25.6933 8.8273 0
      vertex 25.5485 8.63074 0
      vertex 24.8746 9.67224 0
    endloop
  endfacet
  facet normal -0 0 -1
    outer loop
      vertex 25.4088 8.45285 0
      vertex 25.2757 8.29424 0
      vertex 24.6553 9.61784 0
    endloop
  endfacet
  facet normal 0 0 -1
    outer loop
      vertex 22.7859 9.97795 0
      vertex 22.8116 10.1257 0
      vertex 22.7961 9.98242 0
    endloop
  endfacet
  facet normal 0 -0 -1
    outer loop
      vertex 24.6553 9.61784 0
      vertex 25.2757 8.29424 0
      vertex 24.4548 9.56169 0
    endloop
  endfacet
  facet normal 0 0 -1
    outer loop
      vertex 24.4548 9.56169 0
      vertex 25.2757 8.29424 0
      vertex 25.1511 8.15536 0
    endloop
  endfacet
  facet normal 0 0 -1
    outer loop
      vertex 24.2717 9.50467 0
      vertex 25.1511 8.15536 0
      vertex 25.0369 8.03653 0
    endloop
  endfacet
  facet normal 0 0 -1
    outer loop
      vertex 24.1044 9.44757 0
      vertex 25.0369 8.03653 0
      vertex 24.9351 7.93776 0
    endloop
  endfacet
  facet normal 0 0 -1
    outer loop
      vertex 23.9516 9.39082 0
      vertex 24.1044 9.44757 0
      vertex 24.9351 7.93776 0
    endloop
  endfacet
  facet normal 0 0 -1
    outer loop
      vertex 24.8088 7.82329 0
      vertex 23.9516 9.39082 0
      vertex 24.9351 7.93776 0
    endloop
  endfacet
  facet normal 0 0 -1
    outer loop
      vertex 0.711777 1.59869 0
      vertex 8.74094 20.51 0
      vertex 10.6955 19.4377 0
    endloop
  endfacet
  facet normal 0 0 -1
    outer loop
      vertex 22.8116 10.1257 0
      vertex 21.5988 11.5176 0
      vertex 21.7856 11.6936 0
    endloop
  endfacet
  facet normal 0 -0 -1
    outer loop
      vertex 26.4227 1.98622 0
      vertex 26.5282 0.938065 0
      vertex 1.75 0 0
    endloop
  endfacet
  facet normal 0 0 -1
    outer loop
      vertex 20.7561 12.2183 0
      vertex 19.2129 13.6406 0
      vertex 19.3574 13.652 0
    endloop
  endfacet
  facet normal 0 0 -1
    outer loop
      vertex 22.8116 10.1257 0
      vertex 21.7856 11.6936 0
      vertex 22.0316 11.8235 0
    endloop
  endfacet
  facet normal -0 0 -1
    outer loop
      vertex 20.7631 12.3676 0
      vertex 20.7561 12.2183 0
      vertex 19.3574 13.652 0
    endloop
  endfacet
  facet normal 0 0 -1
    outer loop
      vertex 0.540771 1.66434 0
      vertex 7.92715 20.9376 0
      vertex 8.11398 20.8434 0
    endloop
  endfacet
  facet normal 0 0 -1
    outer loop
      vertex 0.540771 1.66434 0
      vertex 0.363831 1.71175 0
      vertex 7.92715 20.9376 0
    endloop
  endfacet
  facet normal 0 0 -1
    outer loop
      vertex 23.5878 12.442 0
      vertex 24.0611 12.035 0
      vertex 24.0139 11.9305 0
    endloop
  endfacet
  facet normal 0 0 -1
    outer loop
      vertex 23.2493 10.5809 0
      vertex 22.0316 11.8235 0
      vertex 22.2772 11.9441 0
    endloop
  endfacet
  facet normal 0 -0 -1
    outer loop
      vertex 21.2227 14.7695 0
      vertex 21.6835 14.1703 0
      vertex 20.9831 14.6595 0
    endloop
  endfacet
  facet normal 0 0 -1
    outer loop
      vertex 22.649 12.1089 0
      vertex 23.5601 11.0625 0
      vertex 23.4516 10.8842 0
    endloop
  endfacet
  facet normal -0 0 -1
    outer loop
      vertex 23.7852 11.4677 0
      vertex 23.6717 11.2573 0
      vertex 22.8571 12.1926 0
    endloop
  endfacet
  facet normal 0 -0 -1
    outer loop
      vertex 23.0819 12.2765 0
      vertex 23.7852 11.4677 0
      vertex 22.8571 12.1926 0
    endloop
  endfacet
  facet normal 0 0 -1
    outer loop
      vertex 23.0819 12.2765 0
      vertex 23.8996 11.6925 0
      vertex 23.7852 11.4677 0
    endloop
  endfacet
  facet normal 0 0 -1
    outer loop
      vertex 23.0819 12.2765 0
      vertex 23.325 12.3598 0
      vertex 23.8996 11.6925 0
    endloop
  endfacet
  facet normal 0 0 -1
    outer loop
      vertex 23.8996 11.6925 0
      vertex 23.325 12.3598 0
      vertex 24.0139 11.9305 0
    endloop
  endfacet
  facet normal 0 0 -1
    outer loop
      vertex 23.5878 12.442 0
      vertex 23.6789 12.4684 0
      vertex 24.0611 12.035 0
    endloop
  endfacet
  facet normal 0 0 -1
    outer loop
      vertex 22.649 12.1089 0
      vertex 22.8571 12.1926 0
      vertex 23.6717 11.2573 0
    endloop
  endfacet
  facet normal 0 0 -1
    outer loop
      vertex 23.5601 11.0625 0
      vertex 22.649 12.1089 0
      vertex 23.6717 11.2573 0
    endloop
  endfacet
  facet normal 0 0 -1
    outer loop
      vertex 23.4516 10.8842 0
      vertex 22.4562 12.026 0
      vertex 22.649 12.1089 0
    endloop
  endfacet
  facet normal -0 0 -1
    outer loop
      vertex 23.4516 10.8842 0
      vertex 23.3475 10.7234 0
      vertex 22.4562 12.026 0
    endloop
  endfacet
  facet normal 0 0 -1
    outer loop
      vertex 20.7561 12.2183 0
      vertex 20.7631 12.3676 0
      vertex 20.765 12.2235 0
    endloop
  endfacet
  facet normal -0 0 -1
    outer loop
      vertex 23.3475 10.7234 0
      vertex 23.2493 10.5809 0
      vertex 22.2772 11.9441 0
    endloop
  endfacet
  facet normal -0 0 -1
    outer loop
      vertex 23.2493 10.5809 0
      vertex 23.1587 10.4574 0
      vertex 22.0316 11.8235 0
    endloop
  endfacet
  facet normal 0 0 -1
    outer loop
      vertex 22.0316 11.8235 0
      vertex 23.1587 10.4574 0
      vertex 23.0499 10.3176 0
    endloop
  endfacet
  facet normal 0 0 -1
    outer loop
      vertex 22.8116 10.1257 0
      vertex 22.0316 11.8235 0
      vertex 23.0499 10.3176 0
    endloop
  endfacet
  facet normal 0 0 -1
    outer loop
      vertex 25.7225 -4.83281 0
      vertex 1.7404 -0.182922 0
      vertex 26.025 -3.83493 0
    endloop
  endfacet
  facet normal 0 0 -1
    outer loop
      vertex 20.7631 12.3676 0
      vertex 19.3574 13.652 0
      vertex 19.5073 13.8265 0
    endloop
  endfacet
  facet normal 0 0 -1
    outer loop
      vertex 18.47 14.2499 0
      vertex 16.7622 15.565 0
      vertex 16.9058 15.5883 0
    endloop
  endfacet
  facet normal -0 -0 -1
    outer loop
      vertex 18.4606 14.3978 0
      vertex 18.47 14.2499 0
      vertex 16.9058 15.5883 0
    endloop
  endfacet
  facet normal 0 0 -1
    outer loop
      vertex 0.363831 1.71175 0
      vertex 0.182922 1.7404 0
      vertex 5.94966 21.9069 0
    endloop
  endfacet
  facet normal -0 0 -1
    outer loop
      vertex 20.9556 12.5656 0
      vertex 20.7631 12.3676 0
      vertex 19.5073 13.8265 0
    endloop
  endfacet
  facet normal 0 0 -1
    outer loop
      vertex 16.9058 15.5883 0
      vertex 17.1923 15.8774 0
      vertex 18.4606 14.3978 0
    endloop
  endfacet
  facet normal -0 0 -1
    outer loop
      vertex 21.249 13.1199 0
      vertex 21.1654 12.9502 0
      vertex 20.0815 14.1838 0
    endloop
  endfacet
  facet normal -0 0 -1
    outer loop
      vertex 21.5969 13.9371 0
      vertex 21.5096 13.7143 0
      vertex 20.7595 14.5508 0
    endloop
  endfacet
  facet normal -0 0 -1
    outer loop
      vertex 21.1654 12.9502 0
      vertex 21.0851 12.7965 0
      vertex 19.8308 14.033 0
    endloop
  endfacet
  facet normal 0 0 -1
    outer loop
      vertex 18.6628 16.8382 0
      vertex 18.7894 16.9094 0
      vertex 19.2692 16.546 0
    endloop
  endfacet
  facet normal 0 0 -1
    outer loop
      vertex 20.3541 14.3384 0
      vertex 21.4219 13.5031 0
      vertex 21.3348 13.3046 0
    endloop
  endfacet
  facet normal 0 -0 -1
    outer loop
      vertex 20.7595 14.5508 0
      vertex 21.5096 13.7143 0
      vertex 20.5503 14.4438 0
    endloop
  endfacet
  facet normal 0 -0 -1
    outer loop
      vertex 20.9831 14.6595 0
      vertex 21.5969 13.9371 0
      vertex 20.7595 14.5508 0
    endloop
  endfacet
  facet normal 0 0 -1
    outer loop
      vertex 20.9831 14.6595 0
      vertex 21.6835 14.1703 0
      vertex 21.5969 13.9371 0
    endloop
  endfacet
  facet normal 0 0 -1
    outer loop
      vertex 21.2227 14.7695 0
      vertex 21.7723 14.4232 0
      vertex 21.6835 14.1703 0
    endloop
  endfacet
  facet normal 0 0 -1
    outer loop
      vertex 21.2227 14.7695 0
      vertex 21.3341 14.8175 0
      vertex 21.7723 14.4232 0
    endloop
  endfacet
  facet normal 0 0 -1
    outer loop
      vertex 21.4219 13.5031 0
      vertex 20.5503 14.4438 0
      vertex 21.5096 13.7143 0
    endloop
  endfacet
  facet normal 0 0 -1
    outer loop
      vertex 21.4219 13.5031 0
      vertex 20.3541 14.3384 0
      vertex 20.5503 14.4438 0
    endloop
  endfacet
  facet normal 0 0 -1
    outer loop
      vertex 21.3348 13.3046 0
      vertex 20.0815 14.1838 0
      vertex 20.3541 14.3384 0
    endloop
  endfacet
  facet normal -0 0 -1
    outer loop
      vertex 21.3348 13.3046 0
      vertex 21.249 13.1199 0
      vertex 20.0815 14.1838 0
    endloop
  endfacet
  facet normal 0 0 -1
    outer loop
      vertex 18.47 14.2499 0
      vertex 18.4606 14.3978 0
      vertex 18.4761 14.2545 0
    endloop
  endfacet
  facet normal 0 -0 -1
    outer loop
      vertex 20.0815 14.1838 0
      vertex 21.1654 12.9502 0
      vertex 19.8308 14.033 0
    endloop
  endfacet
  facet normal 0 0 -1
    outer loop
      vertex 19.8308 14.033 0
      vertex 21.0851 12.7965 0
      vertex 20.9556 12.5656 0
    endloop
  endfacet
  facet normal 0 0 -1
    outer loop
      vertex 19.5073 13.8265 0
      vertex 19.8308 14.033 0
      vertex 20.9556 12.5656 0
    endloop
  endfacet
  facet normal 0 0 -1
    outer loop
      vertex 23.3977 -9.17693 0
      vertex 1.7404 -0.182922 0
      vertex 24.4764 -7.51318 0
    endloop
  endfacet
  facet normal 0 0 -1
    outer loop
      vertex 15.9973 16.1062 0
      vertex 14.1687 17.3336 0
      vertex 14.3112 17.3659 0
    endloop
  endfacet
  facet normal 0 0 -1
    outer loop
      vertex 16.9058 15.5883 0
      vertex 17.0285 15.7564 0
      vertex 17.1923 15.8774 0
    endloop
  endfacet
  facet normal 0 0 -1
    outer loop
      vertex 14.3112 17.3659 0
      vertex 15.9752 16.2514 0
      vertex 15.9973 16.1062 0
    endloop
  endfacet
  facet normal -0 0 -1
    outer loop
      vertex 22.7859 -9.97795 0
      vertex 21.4525 -11.5209 0
      vertex 1.71175 -0.363831 0
    endloop
  endfacet
  facet normal 0 0 -1
    outer loop
      vertex 17.5125 16.1066 0
      vertex 18.8237 15.1082 0
      vertex 18.7231 14.8473 0
    endloop
  endfacet
  facet normal 0 -0 -1
    outer loop
      vertex 18.4448 16.7105 0
      vertex 19.1295 16.0411 0
      vertex 18.1404 16.5236 0
    endloop
  endfacet
  facet normal 0 0 -1
    outer loop
      vertex 18.4606 14.3978 0
      vertex 18.7231 14.8473 0
      vertex 18.6159 14.591 0
    endloop
  endfacet
  facet normal 0 0 -1
    outer loop
      vertex 15.1433 18.1019 0
      vertex 16.4094 17.5003 0
      vertex 16.3003 17.0881 0
    endloop
  endfacet
  facet normal 0 0 -1
    outer loop
      vertex 17.8588 16.3419 0
      vertex 18.1404 16.5236 0
      vertex 19.0286 15.7088 0
    endloop
  endfacet
  facet normal 0 0 -1
    outer loop
      vertex 18.4448 16.7105 0
      vertex 19.2278 16.3898 0
      vertex 19.1295 16.0411 0
    endloop
  endfacet
  facet normal 0 0 -1
    outer loop
      vertex 18.4448 16.7105 0
      vertex 18.6628 16.8382 0
      vertex 19.2278 16.3898 0
    endloop
  endfacet
  facet normal 0 0 -1
    outer loop
      vertex 19.2278 16.3898 0
      vertex 18.6628 16.8382 0
      vertex 19.2692 16.546 0
    endloop
  endfacet
  facet normal -0 0 -1
    outer loop
      vertex 19.1295 16.0411 0
      vertex 19.0286 15.7088 0
      vertex 18.1404 16.5236 0
    endloop
  endfacet
  facet normal -0 0 -1
    outer loop
      vertex 19.0286 15.7088 0
      vertex 18.9262 15.3966 0
      vertex 17.8588 16.3419 0
    endloop
  endfacet
  facet normal 0 -0 -1
    outer loop
      vertex 17.8588 16.3419 0
      vertex 18.9262 15.3966 0
      vertex 17.5125 16.1066 0
    endloop
  endfacet
  facet normal 0 0 -1
    outer loop
      vertex 17.5125 16.1066 0
      vertex 18.9262 15.3966 0
      vertex 18.8237 15.1082 0
    endloop
  endfacet
  facet normal 0 0 -1
    outer loop
      vertex 15.9973 16.1062 0
      vertex 15.9752 16.2514 0
      vertex 16.0007 16.1096 0
    endloop
  endfacet
  facet normal 0 0 -1
    outer loop
      vertex 17.1923 15.8774 0
      vertex 17.5125 16.1066 0
      vertex 18.7231 14.8473 0
    endloop
  endfacet
  facet normal 0 0 -1
    outer loop
      vertex 18.4606 14.3978 0
      vertex 17.1923 15.8774 0
      vertex 18.7231 14.8473 0
    endloop
  endfacet
  facet normal 0 0 -1
    outer loop
      vertex 5.09784 22.2958 0
      vertex 0.182922 1.7404 0
      vertex 0 1.75 0
    endloop
  endfacet
  facet normal 0 0 -1
    outer loop
      vertex 19.2137 -13.6412 0
      vertex 1.66434 -0.540771 0
      vertex 20.7561 -12.2183 0
    endloop
  endfacet
  facet normal 0 0 -1
    outer loop
      vertex 0 1.75 0
      vertex 3.10585 23.1211 0
      vertex 5.09784 22.2958 0
    endloop
  endfacet
  facet normal 0 0 -1
    outer loop
      vertex 15.9752 16.2514 0
      vertex 14.3112 17.3659 0
      vertex 14.733 17.7839 0
    endloop
  endfacet
  facet normal 0 -0 -1
    outer loop
      vertex 11.4858 18.9814 0
      vertex 11.6252 19.0177 0
      vertex 11.4842 18.9788 0
    endloop
  endfacet
  facet normal 0 0 -1
    outer loop
      vertex 11.4842 18.9788 0
      vertex 13.3615 17.9683 0
      vertex 13.3926 17.8261 0
    endloop
  endfacet
  facet normal 0 0 -1
    outer loop
      vertex 14.733 17.7839 0
      vertex 16.3003 17.0881 0
      vertex 16.2176 16.8013 0
    endloop
  endfacet
  facet normal 0 0 -1
    outer loop
      vertex 15.4969 18.3639 0
      vertex 16.5154 17.9397 0
      vertex 16.4094 17.5003 0
    endloop
  endfacet
  facet normal 0 0 -1
    outer loop
      vertex 14.733 17.7839 0
      vertex 16.2176 16.8013 0
      vertex 16.1023 16.4342 0
    endloop
  endfacet
  facet normal 0 0 -1
    outer loop
      vertex 13.0365 20.2764 0
      vertex 13.8973 20.2074 0
      vertex 13.7843 19.5731 0
    endloop
  endfacet
  facet normal 0 0 -1
    outer loop
      vertex 15.4969 18.3639 0
      vertex 15.8794 18.6346 0
      vertex 16.5154 17.9397 0
    endloop
  endfacet
  facet normal 0 0 -1
    outer loop
      vertex 16.5154 17.9397 0
      vertex 15.8794 18.6346 0
      vertex 16.6286 18.4556 0
    endloop
  endfacet
  facet normal 0 0 -1
    outer loop
      vertex 16.6286 18.4556 0
      vertex 15.8794 18.6346 0
      vertex 16.1184 18.7961 0
    endloop
  endfacet
  facet normal 0 0 -1
    outer loop
      vertex 15.1433 18.1019 0
      vertex 15.4969 18.3639 0
      vertex 16.4094 17.5003 0
    endloop
  endfacet
  facet normal 0 0 -1
    outer loop
      vertex 14.733 17.7839 0
      vertex 16.1023 16.4342 0
      vertex 15.9752 16.2514 0
    endloop
  endfacet
  facet normal 0 -0 -1
    outer loop
      vertex 14.4166 17.5291 0
      vertex 14.733 17.7839 0
      vertex 14.3112 17.3659 0
    endloop
  endfacet
  facet normal 0 0 -1
    outer loop
      vertex 13.3926 17.8261 0
      vertex 13.3615 17.9683 0
      vertex 13.394 17.828 0
    endloop
  endfacet
  facet normal 0 0 -1
    outer loop
      vertex 11.4842 18.9788 0
      vertex 11.6252 19.0177 0
      vertex 13.3615 17.9683 0
    endloop
  endfacet
  facet normal 0 0 -1
    outer loop
      vertex -22.1813 0.456284 0
      vertex -22.2825 0.558884 0
      vertex -22.1784 0.456223 0
    endloop
  endfacet
  facet normal 0 -0 -1
    outer loop
      vertex -21.6992 8.78841 0
      vertex -21.5828 8.87346 0
      vertex -21.8567 6.73274 0
    endloop
  endfacet
  facet normal 0 -0 -1
    outer loop
      vertex 8.88029 20.5555 0
      vertex 10.6572 19.5766 0
      vertex 8.74094 20.51 0
    endloop
  endfacet
  facet normal 0 0 -1
    outer loop
      vertex 8.74094 20.51 0
      vertex 10.6572 19.5766 0
      vertex 10.6955 19.4377 0
    endloop
  endfacet
  facet normal 0 -0 -1
    outer loop
      vertex 12.1847 19.5842 0
      vertex 13.5638 18.5274 0
      vertex 11.7226 19.1836 0
    endloop
  endfacet
  facet normal 0 -0 -1
    outer loop
      vertex 12.5952 19.9249 0
      vertex 13.6763 19.0326 0
      vertex 12.1847 19.5842 0
    endloop
  endfacet
  facet normal 0 0 -1
    outer loop
      vertex 12.5952 19.9249 0
      vertex 13.0365 20.2764 0
      vertex 13.7843 19.5731 0
    endloop
  endfacet
  facet normal 0 0 -1
    outer loop
      vertex 13.3615 17.9683 0
      vertex 13.5638 18.5274 0
      vertex 13.4686 18.1404 0
    endloop
  endfacet
  facet normal 0 0 -1
    outer loop
      vertex 10.9404 20.7626 0
      vertex 10.1449 21.7982 0
      vertex 11.0254 21.3137 0
    endloop
  endfacet
  facet normal 0 0 -1
    outer loop
      vertex 13.0365 20.2764 0
      vertex 13.367 20.5291 0
      vertex 13.8973 20.2074 0
    endloop
  endfacet
  facet normal 0 0 -1
    outer loop
      vertex 12.5952 19.9249 0
      vertex 13.7843 19.5731 0
      vertex 13.6763 19.0326 0
    endloop
  endfacet
  facet normal 0 0 -1
    outer loop
      vertex 12.1847 19.5842 0
      vertex 13.6763 19.0326 0
      vertex 13.5638 18.5274 0
    endloop
  endfacet
  facet normal 0 -0 -1
    outer loop
      vertex 11.7226 19.1836 0
      vertex 13.5638 18.5274 0
      vertex 11.6252 19.0177 0
    endloop
  endfacet
  facet normal 0 0 -1
    outer loop
      vertex 11.6252 19.0177 0
      vertex 13.5638 18.5274 0
      vertex 13.3615 17.9683 0
    endloop
  endfacet
  facet normal 0 -0 -1
    outer loop
      vertex 9.33665 21.0789 0
      vertex 10.8495 20.2429 0
      vertex 8.97572 20.7344 0
    endloop
  endfacet
  facet normal 0 0 -1
    outer loop
      vertex -21.8624 6.7345 0
      vertex -21.9528 6.84671 0
      vertex -21.8567 6.73274 0
    endloop
  endfacet
  facet normal 0 0 -1
    outer loop
      vertex 8.88029 20.5555 0
      vertex 8.74094 20.51 0
      vertex 8.74245 20.5136 0
    endloop
  endfacet
  facet normal 0 0 -1
    outer loop
      vertex -22.0941 3.60335 0
      vertex -22.0982 3.60402 0
      vertex -22.1949 3.71089 0
    endloop
  endfacet
  facet normal 0 -0 -1
    outer loop
      vertex -16.3368 20.6248 0
      vertex -0.874985 1.51553 0
      vertex -17.0369 19.8487 0
    endloop
  endfacet
  facet normal -0 0 -1
    outer loop
      vertex 10.8495 20.2429 0
      vertex 10.7522 19.7438 0
      vertex 8.97572 20.7344 0
    endloop
  endfacet
  facet normal 0 0 -1
    outer loop
      vertex 9.33665 21.0789 0
      vertex 10.9404 20.7626 0
      vertex 10.8495 20.2429 0
    endloop
  endfacet
  facet normal 0 0 -1
    outer loop
      vertex 9.33665 21.0789 0
      vertex 9.72496 21.4321 0
      vertex 10.9404 20.7626 0
    endloop
  endfacet
  facet normal 0 0 -1
    outer loop
      vertex 7.03078 23.0381 0
      vertex 8.16666 22.7162 0
      vertex 8.1181 22.2723 0
    endloop
  endfacet
  facet normal 0 0 -1
    outer loop
      vertex 11.0254 21.3137 0
      vertex 10.1449 21.7982 0
      vertex 11.0955 21.8393 0
    endloop
  endfacet
  facet normal -0 0 -1
    outer loop
      vertex 11.0955 21.8393 0
      vertex 10.1449 21.7982 0
      vertex 10.5542 22.1408 0
    endloop
  endfacet
  facet normal 0 0 -1
    outer loop
      vertex 10.9404 20.7626 0
      vertex 9.72496 21.4321 0
      vertex 10.1449 21.7982 0
    endloop
  endfacet
  facet normal 0 -0 -1
    outer loop
      vertex 8.97572 20.7344 0
      vertex 10.7522 19.7438 0
      vertex 8.88029 20.5555 0
    endloop
  endfacet
  facet normal 0 0 -1
    outer loop
      vertex 8.88029 20.5555 0
      vertex 10.7522 19.7438 0
      vertex 10.6572 19.5766 0
    endloop
  endfacet
  facet normal 0 0 -1
    outer loop
      vertex 7.92715 20.9376 0
      vertex 7.88371 21.0768 0
      vertex 7.92792 20.9396 0
    endloop
  endfacet
  facet normal 0 -0 -1
    outer loop
      vertex -18.1944 18.3062 0
      vertex -1.02861 1.41577 0
      vertex -18.7397 17.4358 0
    endloop
  endfacet
  facet normal -0 -0 -1
    outer loop
      vertex 7.88371 21.0768 0
      vertex 7.92715 20.9376 0
      vertex 5.94966 21.9069 0
    endloop
  endfacet
  facet normal 0 -0 -1
    outer loop
      vertex 5.95099 21.9118 0
      vertex 6.08655 21.9606 0
      vertex 5.94966 21.9069 0
    endloop
  endfacet
  facet normal 0 -0 -1
    outer loop
      vertex -19.9827 14.902 0
      vertex -19.6396 15.6692 0
      vertex -20.0386 14.7474 0
    endloop
  endfacet
  facet normal 0 0 -1
    outer loop
      vertex -18.1944 18.3062 0
      vertex -18.2078 18.3197 0
      vertex -18.2358 18.4611 0
    endloop
  endfacet
  facet normal 0 0 -1
    outer loop
      vertex -0.711777 1.59869 0
      vertex -6.7601 24.9235 0
      vertex -5.72894 24.9423 0
    endloop
  endfacet
  facet normal -0 0 -1
    outer loop
      vertex 8.04945 21.7515 0
      vertex 7.97234 21.2497 0
      vertex 6.44151 22.4455 0
    endloop
  endfacet
  facet normal 0 0 -1
    outer loop
      vertex 6.72162 22.7344 0
      vertex 8.1181 22.2723 0
      vertex 8.04945 21.7515 0
    endloop
  endfacet
  facet normal 0 0 -1
    outer loop
      vertex 7.36375 23.3516 0
      vertex 8.19833 23.0693 0
      vertex 8.16666 22.7162 0
    endloop
  endfacet
  facet normal 0 -0 -1
    outer loop
      vertex 6.72162 22.7344 0
      vertex 8.04945 21.7515 0
      vertex 6.44151 22.4455 0
    endloop
  endfacet
  facet normal 0 -0 -1
    outer loop
      vertex 4.01471 24.2509 0
      vertex 5.22935 23.7464 0
      vertex 3.80208 24.0097 0
    endloop
  endfacet
  facet normal 0 0 -1
    outer loop
      vertex 7.36375 23.3516 0
      vertex 7.67041 23.6296 0
      vertex 7.80679 23.5652 0
    endloop
  endfacet
  facet normal 0 0 -1
    outer loop
      vertex 8.19833 23.0693 0
      vertex 7.36375 23.3516 0
      vertex 7.80679 23.5652 0
    endloop
  endfacet
  facet normal -0 0 -1
    outer loop
      vertex 8.21877 23.3576 0
      vertex 8.19833 23.0693 0
      vertex 7.80679 23.5652 0
    endloop
  endfacet
  facet normal 0 0 -1
    outer loop
      vertex 7.03078 23.0381 0
      vertex 7.36375 23.3516 0
      vertex 8.16666 22.7162 0
    endloop
  endfacet
  facet normal 0 0 -1
    outer loop
      vertex 6.72162 22.7344 0
      vertex 7.03078 23.0381 0
      vertex 8.1181 22.2723 0
    endloop
  endfacet
  facet normal 0 0 -1
    outer loop
      vertex 6.44151 22.4455 0
      vertex 6.08655 21.9606 0
      vertex 6.18126 22.162 0
    endloop
  endfacet
  facet normal 0 -0 -1
    outer loop
      vertex 6.44151 22.4455 0
      vertex 7.97234 21.2497 0
      vertex 6.08655 21.9606 0
    endloop
  endfacet
  facet normal 0 0 -1
    outer loop
      vertex 5.09784 22.2958 0
      vertex 5.04695 22.435 0
      vertex 5.09894 22.3006 0
    endloop
  endfacet
  facet normal 0 0 -1
    outer loop
      vertex 6.08655 21.9606 0
      vertex 7.97234 21.2497 0
      vertex 7.88371 21.0768 0
    endloop
  endfacet
  facet normal 0 0 -1
    outer loop
      vertex 5.94966 21.9069 0
      vertex 6.08655 21.9606 0
      vertex 7.88371 21.0768 0
    endloop
  endfacet
  facet normal 0 0 -1
    outer loop
      vertex -22.0941 3.60335 0
      vertex -1.66434 0.540771 0
      vertex -1.71175 0.363831 0
    endloop
  endfacet
  facet normal 0 0 -1
    outer loop
      vertex -21.8567 6.73274 0
      vertex -1.51553 0.874985 0
      vertex -1.59869 0.711777 0
    endloop
  endfacet
  facet normal 0 0 -1
    outer loop
      vertex 5.09784 22.2958 0
      vertex 3.10585 23.1211 0
      vertex 5.04695 22.435 0
    endloop
  endfacet
  facet normal 0 0 -1
    outer loop
      vertex -16.3471 20.6378 0
      vertex -16.348 20.782 0
      vertex -16.3368 20.6248 0
    endloop
  endfacet
  facet normal 0 -0 -1
    outer loop
      vertex -21.4129 9.81552 0
      vertex -1.41577 1.02861 0
      vertex -21.5828 8.87346 0
    endloop
  endfacet
  facet normal -0 0 -1
    outer loop
      vertex 5.20885 23.4246 0
      vertex 5.1741 23.0208 0
      vertex 3.61104 23.7814 0
    endloop
  endfacet
  facet normal 0 -0 -1
    outer loop
      vertex 3.80208 24.0097 0
      vertex 5.20885 23.4246 0
      vertex 3.61104 23.7814 0
    endloop
  endfacet
  facet normal 0 -0 -1
    outer loop
      vertex 4.49414 24.7597 0
      vertex 5.24933 24.329 0
      vertex 4.24623 24.5019 0
    endloop
  endfacet
  facet normal 0 0 -1
    outer loop
      vertex 3.44354 23.57 0
      vertex 5.1741 23.0208 0
      vertex 5.13116 22.6253 0
    endloop
  endfacet
  facet normal -0 -0 -1
    outer loop
      vertex 2.20395 25.5017 0
      vertex 2.2216 25.2537 0
      vertex 1.34966 25.7673 0
    endloop
  endfacet
  facet normal 0 0 -1
    outer loop
      vertex 4.24623 24.5019 0
      vertex 5.24933 24.329 0
      vertex 5.24374 24.0882 0
    endloop
  endfacet
  facet normal 0 0 -1
    outer loop
      vertex 4.49414 24.7597 0
      vertex 4.95294 24.8586 0
      vertex 5.24933 24.329 0
    endloop
  endfacet
  facet normal 0 0 -1
    outer loop
      vertex 4.49414 24.7597 0
      vertex 4.69438 24.9601 0
      vertex 4.95294 24.8586 0
    endloop
  endfacet
  facet normal -0 0 -1
    outer loop
      vertex 5.25087 24.5815 0
      vertex 5.24933 24.329 0
      vertex 4.95294 24.8586 0
    endloop
  endfacet
  facet normal -0 -0 -1
    outer loop
      vertex 5.24924 24.7297 0
      vertex 5.25087 24.5815 0
      vertex 4.95294 24.8586 0
    endloop
  endfacet
  facet normal 0 0 -1
    outer loop
      vertex 4.24623 24.5019 0
      vertex 5.24374 24.0882 0
      vertex 5.22935 23.7464 0
    endloop
  endfacet
  facet normal 0 0 -1
    outer loop
      vertex 4.01471 24.2509 0
      vertex 4.24623 24.5019 0
      vertex 5.22935 23.7464 0
    endloop
  endfacet
  facet normal 0 0 -1
    outer loop
      vertex 3.80208 24.0097 0
      vertex 5.22935 23.7464 0
      vertex 5.20885 23.4246 0
    endloop
  endfacet
  facet normal 0 -0 -1
    outer loop
      vertex 3.61104 23.7814 0
      vertex 5.1741 23.0208 0
      vertex 3.44354 23.57 0
    endloop
  endfacet
  facet normal 0 -0 -1
    outer loop
      vertex 0.683548 24.8822 0
      vertex 2.23752 24.1905 0
      vertex 0.584473 24.7302 0
    endloop
  endfacet
  facet normal 0 0 -1
    outer loop
      vertex 3.44354 23.57 0
      vertex 5.13116 22.6253 0
      vertex 5.04695 22.435 0
    endloop
  endfacet
  facet normal 0 -0 -1
    outer loop
      vertex 3.32822 23.4173 0
      vertex 3.44354 23.57 0
      vertex 3.23859 23.1862 0
    endloop
  endfacet
  facet normal 0 0 -1
    outer loop
      vertex 3.23859 23.1862 0
      vertex 3.44354 23.57 0
      vertex 5.04695 22.435 0
    endloop
  endfacet
  facet normal 0 0 -1
    outer loop
      vertex 3.10585 23.1211 0
      vertex 3.23859 23.1862 0
      vertex 5.04695 22.435 0
    endloop
  endfacet
  facet normal 0 0 -1
    outer loop
      vertex 3.10585 23.1211 0
      vertex 3.10678 23.128 0
      vertex 3.23859 23.1862 0
    endloop
  endfacet
  facet normal 0 0 -1
    outer loop
      vertex -14.0598 22.6656 0
      vertex -14.0848 22.5183 0
      vertex -14.0886 22.5244 0
    endloop
  endfacet
  facet normal 0 -0 -1
    outer loop
      vertex -9.8237 24.5487 0
      vertex -9.69659 24.4691 0
      vertex -11.4953 23.8842 0
    endloop
  endfacet
  facet normal 0 0 -1
    outer loop
      vertex 0.203308 24.0844 0
      vertex 2.14423 23.59 0
      vertex 2.20598 23.4522 0
    endloop
  endfacet
  facet normal -0 -0 -1
    outer loop
      vertex 2.65334 23.2986 0
      vertex 3.10585 23.1211 0
      vertex 2.20598 23.4522 0
    endloop
  endfacet
  facet normal 0 0 -1
    outer loop
      vertex 2.24277 24.483 0
      vertex 0.683548 24.8822 0
      vertex 0.794724 25.0444 0
    endloop
  endfacet
  facet normal -0 -0 -1
    outer loop
      vertex 2.24039 24.7964 0
      vertex 2.24277 24.483 0
      vertex 0.794724 25.0444 0
    endloop
  endfacet
  facet normal 0 0 -1
    outer loop
      vertex 2.14423 23.59 0
      vertex 2.20673 23.4602 0
      vertex 2.20598 23.4522 0
    endloop
  endfacet
  facet normal 0 0 -1
    outer loop
      vertex 2.23351 25.0189 0
      vertex 0.917526 25.2152 0
      vertex 1.05132 25.3935 0
    endloop
  endfacet
  facet normal 0 0 -1
    outer loop
      vertex -0.90921 26.1277 0
      vertex -1.96126 26.3325 0
      vertex -1.82378 26.5439 0
    endloop
  endfacet
  facet normal 0 0 -1
    outer loop
      vertex 1.19557 25.5779 0
      vertex 2.2216 25.2537 0
      vertex 2.23351 25.0189 0
    endloop
  endfacet
  facet normal 0 -0 -1
    outer loop
      vertex 1.88133 25.9867 0
      vertex 2.20395 25.5017 0
      vertex 1.34966 25.7673 0
    endloop
  endfacet
  facet normal 0 -0 -1
    outer loop
      vertex 1.51263 25.9607 0
      vertex 1.88133 25.9867 0
      vertex 1.34966 25.7673 0
    endloop
  endfacet
  facet normal 0 0 -1
    outer loop
      vertex 1.51263 25.9607 0
      vertex 1.60474 26.0662 0
      vertex 1.88133 25.9867 0
    endloop
  endfacet
  facet normal 0 0 -1
    outer loop
      vertex 2.1794 25.7642 0
      vertex 1.88133 25.9867 0
      vertex 2.16475 25.8895 0
    endloop
  endfacet
  facet normal -0 -0 -1
    outer loop
      vertex 2.1794 25.7642 0
      vertex 2.20395 25.5017 0
      vertex 1.88133 25.9867 0
    endloop
  endfacet
  facet normal 0 -0 -1
    outer loop
      vertex 1.34966 25.7673 0
      vertex 2.2216 25.2537 0
      vertex 1.19557 25.5779 0
    endloop
  endfacet
  facet normal 0 -0 -1
    outer loop
      vertex 1.19557 25.5779 0
      vertex 2.23351 25.0189 0
      vertex 1.05132 25.3935 0
    endloop
  endfacet
  facet normal -0 -0 -1
    outer loop
      vertex 2.23351 25.0189 0
      vertex 2.24039 24.7964 0
      vertex 0.917526 25.2152 0
    endloop
  endfacet
  facet normal 0 -0 -1
    outer loop
      vertex 0.917526 25.2152 0
      vertex 2.24039 24.7964 0
      vertex 0.794724 25.0444 0
    endloop
  endfacet
  facet normal -0 -0 -1
    outer loop
      vertex -0.794678 25.2647 0
      vertex -0.776382 24.9917 0
      vertex -2.4613 25.425 0
    endloop
  endfacet
  facet normal -0 0 -1
    outer loop
      vertex 2.24277 24.483 0
      vertex 2.23752 24.1905 0
      vertex 0.683548 24.8822 0
    endloop
  endfacet
  facet normal 0 0 -1
    outer loop
      vertex 2.23752 24.1905 0
      vertex 0.458969 24.5245 0
      vertex 0.584473 24.7302 0
    endloop
  endfacet
  facet normal -0 0 -1
    outer loop
      vertex 2.23752 24.1905 0
      vertex 2.22041 23.8071 0
      vertex 0.458969 24.5245 0
    endloop
  endfacet
  facet normal 0 -0 -1
    outer loop
      vertex 0.458969 24.5245 0
      vertex 2.22041 23.8071 0
      vertex 0.329132 24.1651 0
    endloop
  endfacet
  facet normal 0 -0 -1
    outer loop
      vertex 0.404343 24.4308 0
      vertex 0.458969 24.5245 0
      vertex 0.329132 24.1651 0
    endloop
  endfacet
  facet normal 0 0 -1
    outer loop
      vertex 0.329132 24.1651 0
      vertex 2.22041 23.8071 0
      vertex 2.14423 23.59 0
    endloop
  endfacet
  facet normal 0 0 -1
    outer loop
      vertex 0.203308 24.0844 0
      vertex 0.329132 24.1651 0
      vertex 2.14423 23.59 0
    endloop
  endfacet
  facet normal 0 0 -1
    outer loop
      vertex 0.203308 24.0844 0
      vertex 0.2034 24.0948 0
      vertex 0.329132 24.1651 0
    endloop
  endfacet
  facet normal 0 -0 -1
    outer loop
      vertex -6.86989 25.0232 0
      vertex -6.7601 24.9235 0
      vertex -8.67227 24.6824 0
    endloop
  endfacet
  facet normal 0 0 -1
    outer loop
      vertex 0.203308 24.0844 0
      vertex -0.748642 24.3309 0
      vertex -0.317307 24.234 0
    endloop
  endfacet
  facet normal -0 0 -1
    outer loop
      vertex -1.17097 1.30049 0
      vertex -1.30049 1.17097 0
      vertex -20.6956 12.813 0
    endloop
  endfacet
  facet normal 0 0 -1
    outer loop
      vertex -0.794678 25.2647 0
      vertex -2.4613 25.425 0
      vertex -2.38696 25.5812 0
    endloop
  endfacet
  facet normal 0 0 -1
    outer loop
      vertex -0.813248 25.4606 0
      vertex -2.38696 25.5812 0
      vertex -2.29974 25.7518 0
    endloop
  endfacet
  facet normal 0 0 -1
    outer loop
      vertex -0.824829 24.4639 0
      vertex -0.748962 24.3414 0
      vertex -0.748642 24.3309 0
    endloop
  endfacet
  facet normal 0 0 -1
    outer loop
      vertex -0.83783 25.6691 0
      vertex -2.29974 25.7518 0
      vertex -2.19966 25.9349 0
    endloop
  endfacet
  facet normal 0 -0 -1
    outer loop
      vertex -4.02814 26.2676 0
      vertex -3.97125 26.0583 0
      vertex -5.384 26.2311 0
    endloop
  endfacet
  facet normal 0 0 -1
    outer loop
      vertex -2.08672 26.129 0
      vertex -0.8694 25.8911 0
      vertex -0.83783 25.6691 0
    endloop
  endfacet
  facet normal -0 -0 -1
    outer loop
      vertex -0.958572 26.38 0
      vertex -0.90921 26.1277 0
      vertex -1.82378 26.5439 0
    endloop
  endfacet
  facet normal 0 -0 -1
    outer loop
      vertex -1.43425 26.8332 0
      vertex -0.958572 26.38 0
      vertex -1.82378 26.5439 0
    endloop
  endfacet
  facet normal 0 -0 -1
    outer loop
      vertex -1.67476 26.7619 0
      vertex -1.43425 26.8332 0
      vertex -1.82378 26.5439 0
    endloop
  endfacet
  facet normal 0 0 -1
    outer loop
      vertex -1.67476 26.7619 0
      vertex -1.60474 26.8595 0
      vertex -1.43425 26.8332 0
    endloop
  endfacet
  facet normal -0 -0 -1
    outer loop
      vertex -1.0188 26.6487 0
      vertex -0.958572 26.38 0
      vertex -1.43425 26.8332 0
    endloop
  endfacet
  facet normal -0 -0 -1
    outer loop
      vertex -1.0426 26.7453 0
      vertex -1.0188 26.6487 0
      vertex -1.43425 26.8332 0
    endloop
  endfacet
  facet normal -0 -0 -1
    outer loop
      vertex -0.90921 26.1277 0
      vertex -0.8694 25.8911 0
      vertex -1.96126 26.3325 0
    endloop
  endfacet
  facet normal 0 -0 -1
    outer loop
      vertex -1.96126 26.3325 0
      vertex -0.8694 25.8911 0
      vertex -2.08672 26.129 0
    endloop
  endfacet
  facet normal 0 -0 -1
    outer loop
      vertex -2.08672 26.129 0
      vertex -0.83783 25.6691 0
      vertex -2.19966 25.9349 0
    endloop
  endfacet
  facet normal -0 -0 -1
    outer loop
      vertex -0.83783 25.6691 0
      vertex -0.813248 25.4606 0
      vertex -2.29974 25.7518 0
    endloop
  endfacet
  facet normal 0 0 -1
    outer loop
      vertex -3.88652 25.6839 0
      vertex -5.5128 25.8592 0
      vertex -3.92453 25.864 0
    endloop
  endfacet
  facet normal -0 -0 -1
    outer loop
      vertex -0.813248 25.4606 0
      vertex -0.794678 25.2647 0
      vertex -2.38696 25.5812 0
    endloop
  endfacet
  facet normal 0 0 -1
    outer loop
      vertex -0.776382 24.9917 0
      vertex -2.52298 25.2847 0
      vertex -2.4613 25.425 0
    endloop
  endfacet
  facet normal 0 0 -1
    outer loop
      vertex -0.776382 24.9917 0
      vertex -2.58963 25.1206 0
      vertex -2.52298 25.2847 0
    endloop
  endfacet
  facet normal -0 0 -1
    outer loop
      vertex -0.776382 24.9917 0
      vertex -2.6367 24.8183 0
      vertex -2.58963 25.1206 0
    endloop
  endfacet
  facet normal 0 -0 -1
    outer loop
      vertex -0.776382 24.9917 0
      vertex -0.765854 24.7137 0
      vertex -2.6367 24.8183 0
    endloop
  endfacet
  facet normal 0 0 -1
    outer loop
      vertex -2.6367 24.8183 0
      vertex -0.765854 24.7137 0
      vertex -0.824829 24.4639 0
    endloop
  endfacet
  facet normal 0 0 -1
    outer loop
      vertex -2.75134 24.7183 0
      vertex -2.6367 24.8183 0
      vertex -0.824829 24.4639 0
    endloop
  endfacet
  facet normal 0 0 -1
    outer loop
      vertex -2.75134 24.7183 0
      vertex -2.75299 24.7332 0
      vertex -2.6367 24.8183 0
    endloop
  endfacet
  facet normal 0 -0 -1
    outer loop
      vertex -3.84418 24.9705 0
      vertex -3.75101 24.8488 0
      vertex -5.72894 24.9423 0
    endloop
  endfacet
  facet normal 0 0 -1
    outer loop
      vertex -2.75134 24.7183 0
      vertex -3.75101 24.8488 0
      vertex -3.44397 24.8253 0
    endloop
  endfacet
  facet normal 0 0 -1
    outer loop
      vertex -0.748642 24.3309 0
      vertex -2.75134 24.7183 0
      vertex -0.824829 24.4639 0
    endloop
  endfacet
  facet normal 0 0 -1
    outer loop
      vertex -5.55862 25.7009 0
      vertex -5.5128 25.8592 0
      vertex -3.88652 25.6839 0
    endloop
  endfacet
  facet normal 0 0 -1
    outer loop
      vertex -3.85591 25.5169 0
      vertex -5.55862 25.7009 0
      vertex -3.88652 25.6839 0
    endloop
  endfacet
  facet normal 0 0 -1
    outer loop
      vertex -3.84418 24.9705 0
      vertex -3.75258 24.8593 0
      vertex -3.75101 24.8488 0
    endloop
  endfacet
  facet normal -0 0 -1
    outer loop
      vertex -4.02814 26.2676 0
      vertex -5.384 26.2311 0
      vertex -5.29982 26.441 0
    endloop
  endfacet
  facet normal -0 0 -1
    outer loop
      vertex -4.09673 26.4927 0
      vertex -5.29982 26.441 0
      vertex -5.20197 26.6647 0
    endloop
  endfacet
  facet normal -0 -0 -1
    outer loop
      vertex -4.13594 26.6114 0
      vertex -4.09673 26.4927 0
      vertex -5.20197 26.6647 0
    endloop
  endfacet
  facet normal 0 -0 -1
    outer loop
      vertex -4.17873 26.7343 0
      vertex -4.13594 26.6114 0
      vertex -5.20197 26.6647 0
    endloop
  endfacet
  facet normal 0 -0 -1
    outer loop
      vertex -5.09033 26.9002 0
      vertex -4.17873 26.7343 0
      vertex -5.20197 26.6647 0
    endloop
  endfacet
  facet normal 0 0 -1
    outer loop
      vertex -5.09033 26.9002 0
      vertex -4.22528 26.8613 0
      vertex -4.17873 26.7343 0
    endloop
  endfacet
  facet normal 0 0 -1
    outer loop
      vertex -5.09033 26.9002 0
      vertex -4.27589 26.9927 0
      vertex -4.22528 26.8613 0
    endloop
  endfacet
  facet normal 0 0 -1
    outer loop
      vertex -5.09033 26.9002 0
      vertex -4.96509 27.146 0
      vertex -4.27589 26.9927 0
    endloop
  endfacet
  facet normal 0 0 -1
    outer loop
      vertex -4.27589 26.9927 0
      vertex -4.96509 27.146 0
      vertex -4.35823 27.1929 0
    endloop
  endfacet
  facet normal -0 0 -1
    outer loop
      vertex -4.35823 27.1929 0
      vertex -4.96509 27.146 0
      vertex -4.91623 27.2357 0
    endloop
  endfacet
  facet normal 0 -0 -1
    outer loop
      vertex -4.09673 26.4927 0
      vertex -4.02814 26.2676 0
      vertex -5.29982 26.441 0
    endloop
  endfacet
  facet normal -0 0 -1
    outer loop
      vertex -3.97125 26.0583 0
      vertex -5.45483 26.0365 0
      vertex -5.384 26.2311 0
    endloop
  endfacet
  facet normal 0 -0 -1
    outer loop
      vertex -3.97125 26.0583 0
      vertex -3.92453 25.864 0
      vertex -5.45483 26.0365 0
    endloop
  endfacet
  facet normal 0 -0 -1
    outer loop
      vertex -5.45483 26.0365 0
      vertex -3.92453 25.864 0
      vertex -5.5128 25.8592 0
    endloop
  endfacet
  facet normal 0 0 -1
    outer loop
      vertex -3.85591 25.5169 0
      vertex -5.59322 25.5633 0
      vertex -5.55862 25.7009 0
    endloop
  endfacet
  facet normal -0 0 -1
    outer loop
      vertex -3.85591 25.5169 0
      vertex -5.62921 25.3967 0
      vertex -5.59322 25.5633 0
    endloop
  endfacet
  facet normal 0 -0 -1
    outer loop
      vertex -3.85591 25.5169 0
      vertex -3.81631 25.2548 0
      vertex -5.62921 25.3967 0
    endloop
  endfacet
  facet normal 0 -0 -1
    outer loop
      vertex -5.62921 25.3967 0
      vertex -3.81631 25.2548 0
      vertex -5.6308 25.0617 0
    endloop
  endfacet
  facet normal 0 0 -1
    outer loop
      vertex -5.6308 25.0617 0
      vertex -3.81631 25.2548 0
      vertex -3.84418 24.9705 0
    endloop
  endfacet
  facet normal 0 0 -1
    outer loop
      vertex -5.72894 24.9423 0
      vertex -5.6308 25.0617 0
      vertex -3.84418 24.9705 0
    endloop
  endfacet
  facet normal 0 0 -1
    outer loop
      vertex -5.72894 24.9423 0
      vertex -5.73306 24.9602 0
      vertex -5.6308 25.0617 0
    endloop
  endfacet
  facet normal 0 0 -1
    outer loop
      vertex -8.67227 24.6824 0
      vertex -8.67786 24.6983 0
      vertex -8.59509 24.8163 0
    endloop
  endfacet
  facet normal 0 0 -1
    outer loop
      vertex -12.4541 23.4476 0
      vertex -14.0848 22.5183 0
      vertex -14.0598 22.6656 0
    endloop
  endfacet
  facet normal 0 0 -1
    outer loop
      vertex -11.4409 24.0233 0
      vertex -11.4953 23.8842 0
      vertex -11.4987 23.8913 0
    endloop
  endfacet
  facet normal 0 -0 -1
    outer loop
      vertex -19.6396 15.6692 0
      vertex -1.17097 1.30049 0
      vertex -20.0386 14.7474 0
    endloop
  endfacet
  facet normal 0 0 -1
    outer loop
      vertex -5.72894 24.9423 0
      vertex -6.7601 24.9235 0
      vertex -6.65886 24.9339 0
    endloop
  endfacet
  facet normal 0 -0 -1
    outer loop
      vertex -8.60805 25.8056 0
      vertex -7.11298 25.9848 0
      vertex -8.6321 25.625 0
    endloop
  endfacet
  facet normal 0 0 -1
    outer loop
      vertex -8.60805 25.8056 0
      vertex -7.19577 26.1741 0
      vertex -7.11298 25.9848 0
    endloop
  endfacet
  facet normal 0 0 -1
    outer loop
      vertex -6.86989 25.0232 0
      vertex -6.76143 24.9283 0
      vertex -6.7601 24.9235 0
    endloop
  endfacet
  facet normal 0 -0 -1
    outer loop
      vertex -8.52614 26.2311 0
      vertex -7.29428 26.3792 0
      vertex -8.55124 26.1172 0
    endloop
  endfacet
  facet normal 0 -0 -1
    outer loop
      vertex -8.6321 25.625 0
      vertex -7.04404 25.8113 0
      vertex -8.64685 25.4677 0
    endloop
  endfacet
  facet normal 0 0 -1
    outer loop
      vertex -8.55124 26.1172 0
      vertex -7.29428 26.3792 0
      vertex -7.24294 26.2747 0
    endloop
  endfacet
  facet normal 0 -0 -1
    outer loop
      vertex -8.49774 26.3497 0
      vertex -7.35005 26.4878 0
      vertex -8.52614 26.2311 0
    endloop
  endfacet
  facet normal 0 0 -1
    outer loop
      vertex -8.49774 26.3497 0
      vertex -8.46593 26.4726 0
      vertex -7.35005 26.4878 0
    endloop
  endfacet
  facet normal -0 0 -1
    outer loop
      vertex -7.35005 26.4878 0
      vertex -8.46593 26.4726 0
      vertex -7.41049 26.6003 0
    endloop
  endfacet
  facet normal 0 0 -1
    outer loop
      vertex -7.41049 26.6003 0
      vertex -8.46593 26.4726 0
      vertex -8.4306 26.5999 0
    endloop
  endfacet
  facet normal 0 -0 -1
    outer loop
      vertex -7.47586 26.7167 0
      vertex -7.41049 26.6003 0
      vertex -8.4306 26.5999 0
    endloop
  endfacet
  facet normal 0 -0 -1
    outer loop
      vertex -8.39168 26.7311 0
      vertex -7.47586 26.7167 0
      vertex -8.4306 26.5999 0
    endloop
  endfacet
  facet normal 0 0 -1
    outer loop
      vertex -8.39168 26.7311 0
      vertex -7.54642 26.8371 0
      vertex -7.47586 26.7167 0
    endloop
  endfacet
  facet normal 0 0 -1
    outer loop
      vertex -8.39168 26.7311 0
      vertex -8.34911 26.866 0
      vertex -7.54642 26.8371 0
    endloop
  endfacet
  facet normal 0 0 -1
    outer loop
      vertex -7.54642 26.8371 0
      vertex -8.34911 26.866 0
      vertex -7.62241 26.9612 0
    endloop
  endfacet
  facet normal -0 0 -1
    outer loop
      vertex -7.62241 26.9612 0
      vertex -8.34911 26.866 0
      vertex -7.72824 27.1252 0
    endloop
  endfacet
  facet normal 0 0 -1
    outer loop
      vertex -7.72824 27.1252 0
      vertex -8.34911 26.866 0
      vertex -8.28044 27.068 0
    endloop
  endfacet
  facet normal 0 0 -1
    outer loop
      vertex -8.52614 26.2311 0
      vertex -7.35005 26.4878 0
      vertex -7.29428 26.3792 0
    endloop
  endfacet
  facet normal 0 -0 -1
    outer loop
      vertex -8.55124 26.1172 0
      vertex -7.24294 26.2747 0
      vertex -8.57315 26.0082 0
    endloop
  endfacet
  facet normal 0 0 -1
    outer loop
      vertex -8.57315 26.0082 0
      vertex -7.24294 26.2747 0
      vertex -7.19577 26.1741 0
    endloop
  endfacet
  facet normal 0 0 -1
    outer loop
      vertex -8.60805 25.8056 0
      vertex -8.57315 26.0082 0
      vertex -7.19577 26.1741 0
    endloop
  endfacet
  facet normal 0 0 -1
    outer loop
      vertex -8.6321 25.625 0
      vertex -7.11298 25.9848 0
      vertex -7.04404 25.8113 0
    endloop
  endfacet
  facet normal 0 0 -1
    outer loop
      vertex -8.64685 25.4677 0
      vertex -7.04404 25.8113 0
      vertex -6.98714 25.6529 0
    endloop
  endfacet
  facet normal 0 0 -1
    outer loop
      vertex -8.65399 25.3347 0
      vertex -8.64685 25.4677 0
      vertex -6.98714 25.6529 0
    endloop
  endfacet
  facet normal -0 0 -1
    outer loop
      vertex -6.94057 25.509 0
      vertex -8.65399 25.3347 0
      vertex -6.98714 25.6529 0
    endloop
  endfacet
  facet normal 0 0 -1
    outer loop
      vertex -6.94057 25.509 0
      vertex -8.65666 25.1693 0
      vertex -8.65399 25.3347 0
    endloop
  endfacet
  facet normal 0 -0 -1
    outer loop
      vertex -6.94057 25.509 0
      vertex -6.89058 25.3382 0
      vertex -8.65666 25.1693 0
    endloop
  endfacet
  facet normal 0 0 -1
    outer loop
      vertex -8.65666 25.1693 0
      vertex -6.89058 25.3382 0
      vertex -8.59509 24.8163 0
    endloop
  endfacet
  facet normal 0 0 -1
    outer loop
      vertex -8.59509 24.8163 0
      vertex -6.89058 25.3382 0
      vertex -6.86989 25.0232 0
    endloop
  endfacet
  facet normal 0 0 -1
    outer loop
      vertex -16.348 20.782 0
      vertex -14.9283 21.8851 0
      vertex -16.3368 20.6248 0
    endloop
  endfacet
  facet normal 0 -0 -1
    outer loop
      vertex -14.1951 22.4517 0
      vertex -14.0848 22.5183 0
      vertex -14.9283 21.8851 0
    endloop
  endfacet
  facet normal 0 0 -1
    outer loop
      vertex -16.3368 20.6248 0
      vertex -17.0369 19.8487 0
      vertex -16.6176 20.3526 0
    endloop
  endfacet
  facet normal 0 0 -1
    outer loop
      vertex -8.67227 24.6824 0
      vertex -8.59509 24.8163 0
      vertex -6.86989 25.0232 0
    endloop
  endfacet
  facet normal 0 -0 -1
    outer loop
      vertex -10.2281 25.4527 0
      vertex -10.131 25.2983 0
      vertex -11.6514 24.8957 0
    endloop
  endfacet
  facet normal 0 0 -1
    outer loop
      vertex -12.4541 23.4476 0
      vertex -14.9283 21.8851 0
      vertex -14.0848 22.5183 0
    endloop
  endfacet
  facet normal 0 -0 -1
    outer loop
      vertex -10.344 25.622 0
      vertex -10.2836 25.5356 0
      vertex -11.6611 25.0876 0
    endloop
  endfacet
  facet normal 0 0 -1
    outer loop
      vertex -9.8237 24.5487 0
      vertex -9.69933 24.476 0
      vertex -9.69659 24.4691 0
    endloop
  endfacet
  facet normal 0 0 -1
    outer loop
      vertex -10.4096 25.7121 0
      vertex -11.6632 25.193 0
      vertex -11.6632 25.3045 0
    endloop
  endfacet
  facet normal -0 0 -1
    outer loop
      vertex -10.2281 25.4527 0
      vertex -11.6611 25.0876 0
      vertex -10.2836 25.5356 0
    endloop
  endfacet
  facet normal 0 -0 -1
    outer loop
      vertex -10.4806 25.8056 0
      vertex -10.4096 25.7121 0
      vertex -11.6632 25.3045 0
    endloop
  endfacet
  facet normal 0 -0 -1
    outer loop
      vertex -10.5573 25.9024 0
      vertex -10.4806 25.8056 0
      vertex -11.6607 25.4219 0
    endloop
  endfacet
  facet normal 0 -0 -1
    outer loop
      vertex -11.6556 25.5453 0
      vertex -10.5573 25.9024 0
      vertex -11.6607 25.4219 0
    endloop
  endfacet
  facet normal 0 0 -1
    outer loop
      vertex -11.6556 25.5453 0
      vertex -11.6477 25.6743 0
      vertex -10.5573 25.9024 0
    endloop
  endfacet
  facet normal -0 0 -1
    outer loop
      vertex -10.5573 25.9024 0
      vertex -11.6477 25.6743 0
      vertex -10.6399 26.0024 0
    endloop
  endfacet
  facet normal 0 0 -1
    outer loop
      vertex -10.6399 26.0024 0
      vertex -11.6477 25.6743 0
      vertex -11.6368 25.8089 0
    endloop
  endfacet
  facet normal 0 -0 -1
    outer loop
      vertex -10.7286 26.1055 0
      vertex -10.6399 26.0024 0
      vertex -11.6368 25.8089 0
    endloop
  endfacet
  facet normal 0 -0 -1
    outer loop
      vertex -11.6226 25.9488 0
      vertex -10.7286 26.1055 0
      vertex -11.6368 25.8089 0
    endloop
  endfacet
  facet normal 0 0 -1
    outer loop
      vertex -11.6226 25.9488 0
      vertex -10.8235 26.2114 0
      vertex -10.7286 26.1055 0
    endloop
  endfacet
  facet normal 0 0 -1
    outer loop
      vertex -11.6226 25.9488 0
      vertex -11.6051 26.0939 0
      vertex -10.8235 26.2114 0
    endloop
  endfacet
  facet normal -0 0 -1
    outer loop
      vertex -10.8235 26.2114 0
      vertex -11.6051 26.0939 0
      vertex -10.925 26.3199 0
    endloop
  endfacet
  facet normal 0 0 -1
    outer loop
      vertex -10.925 26.3199 0
      vertex -11.6051 26.0939 0
      vertex -11.578 26.2811 0
    endloop
  endfacet
  facet normal 0 -0 -1
    outer loop
      vertex -11.054 26.4514 0
      vertex -10.925 26.3199 0
      vertex -11.578 26.2811 0
    endloop
  endfacet
  facet normal 0 -0 -1
    outer loop
      vertex -11.6607 25.4219 0
      vertex -10.4806 25.8056 0
      vertex -11.6632 25.3045 0
    endloop
  endfacet
  facet normal 0 -0 -1
    outer loop
      vertex -10.4096 25.7121 0
      vertex -10.344 25.622 0
      vertex -11.6632 25.193 0
    endloop
  endfacet
  facet normal 0 0 -1
    outer loop
      vertex -11.6632 25.193 0
      vertex -10.344 25.622 0
      vertex -11.6611 25.0876 0
    endloop
  endfacet
  facet normal 0 0 -1
    outer loop
      vertex -11.6611 25.0876 0
      vertex -10.2281 25.4527 0
      vertex -11.6514 24.8957 0
    endloop
  endfacet
  facet normal 0 0 -1
    outer loop
      vertex -11.6514 24.8957 0
      vertex -10.131 25.2983 0
      vertex -11.636 24.7293 0
    endloop
  endfacet
  facet normal 0 0 -1
    outer loop
      vertex -11.636 24.7293 0
      vertex -10.131 25.2983 0
      vertex -10.0508 25.1591 0
    endloop
  endfacet
  facet normal 0 0 -1
    outer loop
      vertex -11.6171 24.5887 0
      vertex -11.636 24.7293 0
      vertex -10.0508 25.1591 0
    endloop
  endfacet
  facet normal -0 0 -1
    outer loop
      vertex -9.98529 25.0352 0
      vertex -11.6171 24.5887 0
      vertex -10.0508 25.1591 0
    endloop
  endfacet
  facet normal 0 0 -1
    outer loop
      vertex -9.98529 25.0352 0
      vertex -11.5967 24.4736 0
      vertex -11.6171 24.5887 0
    endloop
  endfacet
  facet normal 0 0 -1
    outer loop
      vertex -9.98529 25.0352 0
      vertex -11.5754 24.3673 0
      vertex -11.5967 24.4736 0
    endloop
  endfacet
  facet normal 0 -0 -1
    outer loop
      vertex -9.98529 25.0352 0
      vertex -9.91046 24.8812 0
      vertex -11.5754 24.3673 0
    endloop
  endfacet
  facet normal 0 -0 -1
    outer loop
      vertex -15.0844 21.9198 0
      vertex -14.9283 21.8851 0
      vertex -16.348 20.782 0
    endloop
  endfacet
  facet normal 0 -0 -1
    outer loop
      vertex -18.5508 17.7789 0
      vertex -18.1944 18.3062 0
      vertex -18.7397 17.4358 0
    endloop
  endfacet
  facet normal 0 0 -1
    outer loop
      vertex -11.5754 24.3673 0
      vertex -9.91046 24.8812 0
      vertex -11.4409 24.0233 0
    endloop
  endfacet
  facet normal 0 0 -1
    outer loop
      vertex -11.4409 24.0233 0
      vertex -9.91046 24.8812 0
      vertex -9.8237 24.5487 0
    endloop
  endfacet
  facet normal 0 0 -1
    outer loop
      vertex -11.4953 23.8842 0
      vertex -11.4409 24.0233 0
      vertex -9.8237 24.5487 0
    endloop
  endfacet
  facet normal 0 0 -1
    outer loop
      vertex -14.4967 23.661 0
      vertex -13.1719 24.3157 0
      vertex -14.472 23.5651 0
    endloop
  endfacet
  facet normal 0 0 -1
    outer loop
      vertex -1.59869 0.711777 0
      vertex -21.9517 5.80217 0
      vertex -21.8567 6.73274 0
    endloop
  endfacet
  facet normal -0 0 -1
    outer loop
      vertex -13.3194 24.4572 0
      vertex -14.5208 23.7636 0
      vertex -13.4023 24.5318 0
    endloop
  endfacet
  facet normal 0 0 -1
    outer loop
      vertex -12.5991 23.5089 0
      vertex -12.4624 23.4633 0
      vertex -12.4541 23.4476 0
    endloop
  endfacet
  facet normal 0 0 -1
    outer loop
      vertex -13.4023 24.5318 0
      vertex -14.5208 23.7636 0
      vertex -14.544 23.8727 0
    endloop
  endfacet
  facet normal 0 0 -1
    outer loop
      vertex -14.4967 23.661 0
      vertex -14.5208 23.7636 0
      vertex -13.2427 24.385 0
    endloop
  endfacet
  facet normal 0 0 -1
    outer loop
      vertex -14.5661 23.9884 0
      vertex -13.4023 24.5318 0
      vertex -14.544 23.8727 0
    endloop
  endfacet
  facet normal 0 -0 -1
    outer loop
      vertex -13.587 24.688 0
      vertex -13.4915 24.6089 0
      vertex -14.5661 23.9884 0
    endloop
  endfacet
  facet normal 0 0 -1
    outer loop
      vertex -14.5869 24.1107 0
      vertex -13.587 24.688 0
      vertex -14.5661 23.9884 0
    endloop
  endfacet
  facet normal 0 0 -1
    outer loop
      vertex -14.5869 24.1107 0
      vertex -14.606 24.2396 0
      vertex -13.587 24.688 0
    endloop
  endfacet
  facet normal -0 0 -1
    outer loop
      vertex -13.587 24.688 0
      vertex -14.606 24.2396 0
      vertex -13.6891 24.7689 0
    endloop
  endfacet
  facet normal 0 0 -1
    outer loop
      vertex -13.6891 24.7689 0
      vertex -14.606 24.2396 0
      vertex -14.6231 24.375 0
    endloop
  endfacet
  facet normal 0 -0 -1
    outer loop
      vertex -13.7978 24.8515 0
      vertex -13.6891 24.7689 0
      vertex -14.6231 24.375 0
    endloop
  endfacet
  facet normal 0 -0 -1
    outer loop
      vertex -13.9132 24.9354 0
      vertex -13.7978 24.8515 0
      vertex -14.6231 24.375 0
    endloop
  endfacet
  facet normal 0 0 -1
    outer loop
      vertex -14.6381 24.5169 0
      vertex -13.9132 24.9354 0
      vertex -14.6231 24.375 0
    endloop
  endfacet
  facet normal 0 0 -1
    outer loop
      vertex -14.6381 24.5169 0
      vertex -14.6506 24.6652 0
      vertex -13.9132 24.9354 0
    endloop
  endfacet
  facet normal -0 0 -1
    outer loop
      vertex -13.9132 24.9354 0
      vertex -14.6506 24.6652 0
      vertex -14.0354 25.0204 0
    endloop
  endfacet
  facet normal 0 0 -1
    outer loop
      vertex -14.0354 25.0204 0
      vertex -14.6506 24.6652 0
      vertex -14.6614 24.8435 0
    endloop
  endfacet
  facet normal 0 -0 -1
    outer loop
      vertex -14.1944 25.1252 0
      vertex -14.0354 25.0204 0
      vertex -14.6614 24.8435 0
    endloop
  endfacet
  facet normal 0 0 -1
    outer loop
      vertex -14.5661 23.9884 0
      vertex -13.4915 24.6089 0
      vertex -13.4023 24.5318 0
    endloop
  endfacet
  facet normal 0 -0 -1
    outer loop
      vertex -13.3194 24.4572 0
      vertex -13.2427 24.385 0
      vertex -14.5208 23.7636 0
    endloop
  endfacet
  facet normal 0 -0 -1
    outer loop
      vertex -13.2427 24.385 0
      vertex -13.1719 24.3157 0
      vertex -14.4967 23.661 0
    endloop
  endfacet
  facet normal 0 0 -1
    outer loop
      vertex -13.1719 24.3157 0
      vertex -14.4219 23.3925 0
      vertex -14.472 23.5651 0
    endloop
  endfacet
  facet normal 0 -0 -1
    outer loop
      vertex -13.1719 24.3157 0
      vertex -13.0475 24.186 0
      vertex -14.4219 23.3925 0
    endloop
  endfacet
  facet normal 0 0 -1
    outer loop
      vertex -14.4219 23.3925 0
      vertex -13.0475 24.186 0
      vertex -14.3724 23.245 0
    endloop
  endfacet
  facet normal 0 0 -1
    outer loop
      vertex -14.3724 23.245 0
      vertex -13.0475 24.186 0
      vertex -12.9445 24.0694 0
    endloop
  endfacet
  facet normal 0 -0 -1
    outer loop
      vertex -17.194 19.8517 0
      vertex -17.0369 19.8487 0
      vertex -18.2358 18.4611 0
    endloop
  endfacet
  facet normal 0 0 -1
    outer loop
      vertex -20.6956 12.813 0
      vertex -20.1749 14.6926 0
      vertex -20.0386 14.7474 0
    endloop
  endfacet
  facet normal -0 0 -1
    outer loop
      vertex -1.02861 1.41577 0
      vertex -1.17097 1.30049 0
      vertex -19.6396 15.6692 0
    endloop
  endfacet
  facet normal -0 0 -1
    outer loop
      vertex -12.8613 23.9669 0
      vertex -14.3724 23.245 0
      vertex -12.9445 24.0694 0
    endloop
  endfacet
  facet normal 0 0 -1
    outer loop
      vertex -12.8613 23.9669 0
      vertex -14.3253 23.1216 0
      vertex -14.3724 23.245 0
    endloop
  endfacet
  facet normal 0 0 -1
    outer loop
      vertex -12.8613 23.9669 0
      vertex -14.2604 22.969 0
      vertex -14.3253 23.1216 0
    endloop
  endfacet
  facet normal 0 -0 -1
    outer loop
      vertex -12.8613 23.9669 0
      vertex -12.7615 23.8344 0
      vertex -14.2604 22.969 0
    endloop
  endfacet
  facet normal 0 0 -1
    outer loop
      vertex -14.2604 22.969 0
      vertex -12.7615 23.8344 0
      vertex -12.5991 23.5089 0
    endloop
  endfacet
  facet normal 0 0 -1
    outer loop
      vertex -14.0598 22.6656 0
      vertex -14.2604 22.969 0
      vertex -12.5991 23.5089 0
    endloop
  endfacet
  facet normal 0 0 -1
    outer loop
      vertex -16.9727 21.6736 0
      vertex -15.8121 22.5896 0
      vertex -16.8855 21.5007 0
    endloop
  endfacet
  facet normal -0 0 -1
    outer loop
      vertex -12.4541 23.4476 0
      vertex -14.0598 22.6656 0
      vertex -12.5991 23.5089 0
    endloop
  endfacet
  facet normal 0 0 -1
    outer loop
      vertex -17.0369 19.8487 0
      vertex -18.1944 18.3062 0
      vertex -18.2358 18.4611 0
    endloop
  endfacet
  facet normal 0 0 -1
    outer loop
      vertex -22.0941 3.60335 0
      vertex -21.9517 5.80217 0
      vertex -1.66434 0.540771 0
    endloop
  endfacet
  facet normal -0 0 -1
    outer loop
      vertex -15.9861 22.6971 0
      vertex -17.0625 21.871 0
      vertex -16.0827 22.7528 0
    endloop
  endfacet
  facet normal 0 0 -1
    outer loop
      vertex -15.0844 21.9198 0
      vertex -14.9411 21.9038 0
      vertex -14.9283 21.8851 0
    endloop
  endfacet
  facet normal 0 0 -1
    outer loop
      vertex -16.661 23.0399 0
      vertex -17.2437 22.344 0
      vertex -17.2879 22.4792 0
    endloop
  endfacet
  facet normal 0 0 -1
    outer loop
      vertex -16.9727 21.6736 0
      vertex -17.0173 21.7692 0
      vertex -15.896 22.6427 0
    endloop
  endfacet
  facet normal 0 0 -1
    outer loop
      vertex -17.108 21.9793 0
      vertex -16.0827 22.7528 0
      vertex -17.0625 21.871 0
    endloop
  endfacet
  facet normal 0 -0 -1
    outer loop
      vertex -16.295 22.8667 0
      vertex -16.1857 22.8094 0
      vertex -17.108 21.9793 0
    endloop
  endfacet
  facet normal 0 0 -1
    outer loop
      vertex -17.1535 22.0941 0
      vertex -16.295 22.8667 0
      vertex -17.108 21.9793 0
    endloop
  endfacet
  facet normal 0 0 -1
    outer loop
      vertex -17.1535 22.0941 0
      vertex -16.4108 22.9244 0
      vertex -16.295 22.8667 0
    endloop
  endfacet
  facet normal 0 0 -1
    outer loop
      vertex -17.1535 22.0941 0
      vertex -17.1988 22.2156 0
      vertex -16.4108 22.9244 0
    endloop
  endfacet
  facet normal -0 0 -1
    outer loop
      vertex -16.4108 22.9244 0
      vertex -17.1988 22.2156 0
      vertex -16.5328 22.9822 0
    endloop
  endfacet
  facet normal 0 0 -1
    outer loop
      vertex -16.5328 22.9822 0
      vertex -17.1988 22.2156 0
      vertex -17.2437 22.344 0
    endloop
  endfacet
  facet normal 0 -0 -1
    outer loop
      vertex -16.661 23.0399 0
      vertex -16.5328 22.9822 0
      vertex -17.2437 22.344 0
    endloop
  endfacet
  facet normal 0 -0 -1
    outer loop
      vertex -16.7954 23.0972 0
      vertex -16.661 23.0399 0
      vertex -17.2879 22.4792 0
    endloop
  endfacet
  facet normal 0 0 -1
    outer loop
      vertex -17.3312 22.6213 0
      vertex -16.7954 23.0972 0
      vertex -17.2879 22.4792 0
    endloop
  endfacet
  facet normal 0 0 -1
    outer loop
      vertex -17.3312 22.6213 0
      vertex -17.381 22.8007 0
      vertex -16.7954 23.0972 0
    endloop
  endfacet
  facet normal -0 0 -1
    outer loop
      vertex -16.7954 23.0972 0
      vertex -17.381 22.8007 0
      vertex -16.9939 23.1761 0
    endloop
  endfacet
  facet normal 0 -0 -1
    outer loop
      vertex -16.1857 22.8094 0
      vertex -16.0827 22.7528 0
      vertex -17.108 21.9793 0
    endloop
  endfacet
  facet normal 0 0 -1
    outer loop
      vertex -1.75 0 0
      vertex -22.1784 0.456223 0
      vertex -1.7404 0.182922 0
    endloop
  endfacet
  facet normal -0 0 -1
    outer loop
      vertex -1.7404 -0.182922 0
      vertex -22.1784 -0.456223 0
      vertex -1.75 0 0
    endloop
  endfacet
  facet normal 0 0 -1
    outer loop
      vertex -21.4129 9.81552 0
      vertex -21.0922 11.7975 0
      vertex -20.9684 11.8712 0
    endloop
  endfacet
  facet normal 0 0 -1
    outer loop
      vertex -15.9861 22.6971 0
      vertex -17.0173 21.7692 0
      vertex -17.0625 21.871 0
    endloop
  endfacet
  facet normal 0 -0 -1
    outer loop
      vertex -15.9861 22.6971 0
      vertex -15.896 22.6427 0
      vertex -17.0173 21.7692 0
    endloop
  endfacet
  facet normal 0 -0 -1
    outer loop
      vertex -15.896 22.6427 0
      vertex -15.8121 22.5896 0
      vertex -16.9727 21.6736 0
    endloop
  endfacet
  facet normal 0 -0 -1
    outer loop
      vertex -15.8121 22.5896 0
      vertex -15.6633 22.4889 0
      vertex -16.8855 21.5007 0
    endloop
  endfacet
  facet normal 0 0 -1
    outer loop
      vertex -16.8855 21.5007 0
      vertex -15.6633 22.4889 0
      vertex -16.8026 21.3506 0
    endloop
  endfacet
  facet normal 0 0 -1
    outer loop
      vertex -16.8026 21.3506 0
      vertex -15.6633 22.4889 0
      vertex -15.5391 22.3971 0
    endloop
  endfacet
  facet normal 0 0 -1
    outer loop
      vertex -16.7249 21.222 0
      vertex -16.8026 21.3506 0
      vertex -15.5391 22.3971 0
    endloop
  endfacet
  facet normal -0 0 -1
    outer loop
      vertex -15.4384 22.3159 0
      vertex -16.7249 21.222 0
      vertex -15.5391 22.3971 0
    endloop
  endfacet
  facet normal 0 0 -1
    outer loop
      vertex -15.4384 22.3159 0
      vertex -16.6536 21.1129 0
      vertex -16.7249 21.222 0
    endloop
  endfacet
  facet normal 0 0 -1
    outer loop
      vertex -18.8882 19.0768 0
      vertex -18.0443 20.3576 0
      vertex -17.8758 20.2881 0
    endloop
  endfacet
  facet normal 0 -0 -1
    outer loop
      vertex -15.4384 22.3159 0
      vertex -15.315 22.2083 0
      vertex -16.6536 21.1129 0
    endloop
  endfacet
  facet normal 0 0 -1
    outer loop
      vertex -16.6536 21.1129 0
      vertex -15.315 22.2083 0
      vertex -16.5925 21.0233 0
    endloop
  endfacet
  facet normal 0 0 -1
    outer loop
      vertex -16.5925 21.0233 0
      vertex -15.315 22.2083 0
      vertex -15.0844 21.9198 0
    endloop
  endfacet
  facet normal 0 0 -1
    outer loop
      vertex -16.348 20.782 0
      vertex -16.5925 21.0233 0
      vertex -15.0844 21.9198 0
    endloop
  endfacet
  facet normal 0 0 -1
    outer loop
      vertex -19.703 15.8144 0
      vertex -18.7397 17.4358 0
      vertex -19.6396 15.6692 0
    endloop
  endfacet
  facet normal -0 0 -1
    outer loop
      vertex -18.4537 20.4994 0
      vertex -19.1979 19.5067 0
      vertex -18.5706 20.5341 0
    endloop
  endfacet
  facet normal 0 0 -1
    outer loop
      vertex -17.194 19.8517 0
      vertex -17.0504 19.8644 0
      vertex -17.0369 19.8487 0
    endloop
  endfacet
  facet normal 0 0 -1
    outer loop
      vertex -18.693 20.568 0
      vertex -19.2641 19.6092 0
      vertex -19.3313 19.7178 0
    endloop
  endfacet
  facet normal -0 0 -1
    outer loop
      vertex -18.0443 20.3576 0
      vertex -19.0075 19.233 0
      vertex -18.2372 20.4287 0
    endloop
  endfacet
  facet normal 0 0 -1
    outer loop
      vertex -19.1979 19.5067 0
      vertex -18.4537 20.4994 0
      vertex -18.3425 20.4642 0
    endloop
  endfacet
  facet normal 0 0 -1
    outer loop
      vertex -19.2641 19.6092 0
      vertex -18.5706 20.5341 0
      vertex -19.1979 19.5067 0
    endloop
  endfacet
  facet normal 0 -0 -1
    outer loop
      vertex -18.8208 20.6011 0
      vertex -18.693 20.568 0
      vertex -19.3313 19.7178 0
    endloop
  endfacet
  facet normal 0 0 -1
    outer loop
      vertex -19.3994 19.8327 0
      vertex -18.8208 20.6011 0
      vertex -19.3313 19.7178 0
    endloop
  endfacet
  facet normal 0 0 -1
    outer loop
      vertex -19.3994 19.8327 0
      vertex -18.9539 20.6329 0
      vertex -18.8208 20.6011 0
    endloop
  endfacet
  facet normal 0 0 -1
    outer loop
      vertex -19.3994 19.8327 0
      vertex -19.4684 19.9539 0
      vertex -18.9539 20.6329 0
    endloop
  endfacet
  facet normal -0 0 -1
    outer loop
      vertex -18.9539 20.6329 0
      vertex -19.4684 19.9539 0
      vertex -19.0921 20.6636 0
    endloop
  endfacet
  facet normal 0 0 -1
    outer loop
      vertex -19.0921 20.6636 0
      vertex -19.4684 19.9539 0
      vertex -19.5379 20.0818 0
    endloop
  endfacet
  facet normal 0 0 -1
    outer loop
      vertex -19.6328 20.2672 0
      vertex -19.4825 20.4894 0
      vertex -19.5379 20.0818 0
    endloop
  endfacet
  facet normal 0 0 -1
    outer loop
      vertex -19.5379 20.0818 0
      vertex -19.4825 20.4894 0
      vertex -19.0921 20.6636 0
    endloop
  endfacet
  facet normal -0 0 -1
    outer loop
      vertex -19.0921 20.6636 0
      vertex -19.4825 20.4894 0
      vertex -19.3027 20.7053 0
    endloop
  endfacet
  facet normal 0 -0 -1
    outer loop
      vertex -18.693 20.568 0
      vertex -18.5706 20.5341 0
      vertex -19.2641 19.6092 0
    endloop
  endfacet
  facet normal 0 0 -1
    outer loop
      vertex -0.874985 1.51553 0
      vertex -11.4953 23.8842 0
      vertex -9.69659 24.4691 0
    endloop
  endfacet
  facet normal 0 0 -1
    outer loop
      vertex -22.1345 -2.68535 0
      vertex -22.1784 -0.456223 0
      vertex -1.7404 -0.182922 0
    endloop
  endfacet
  facet normal -0 0 -1
    outer loop
      vertex -18.8887 17.4073 0
      vertex -20.1085 16.0472 0
      vertex -19.1796 17.5734 0
    endloop
  endfacet
  facet normal 0 0 -1
    outer loop
      vertex -18.3425 20.4642 0
      vertex -19.133 19.4099 0
      vertex -19.1979 19.5067 0
    endloop
  endfacet
  facet normal -0 0 -1
    outer loop
      vertex -20.0248 17.7782 0
      vertex -20.8137 16.7059 0
      vertex -20.2487 17.8103 0
    endloop
  endfacet
  facet normal 0 -0 -1
    outer loop
      vertex -18.3425 20.4642 0
      vertex -18.2372 20.4287 0
      vertex -19.133 19.4099 0
    endloop
  endfacet
  facet normal 0 0 -1
    outer loop
      vertex -19.133 19.4099 0
      vertex -18.2372 20.4287 0
      vertex -19.0075 19.233 0
    endloop
  endfacet
  facet normal 0 0 -1
    outer loop
      vertex -19.0075 19.233 0
      vertex -18.0443 20.3576 0
      vertex -18.8882 19.0768 0
    endloop
  endfacet
  facet normal 0 0 -1
    outer loop
      vertex -18.8882 19.0768 0
      vertex -17.8758 20.2881 0
      vertex -18.7759 18.9396 0
    endloop
  endfacet
  facet normal 0 0 -1
    outer loop
      vertex -18.7759 18.9396 0
      vertex -17.8758 20.2881 0
      vertex -17.7322 20.2222 0
    endloop
  endfacet
  facet normal 0 0 -1
    outer loop
      vertex -18.6709 18.8194 0
      vertex -18.7759 18.9396 0
      vertex -17.7322 20.2222 0
    endloop
  endfacet
  facet normal -0 0 -1
    outer loop
      vertex -17.6135 20.1619 0
      vertex -18.6709 18.8194 0
      vertex -17.7322 20.2222 0
    endloop
  endfacet
  facet normal 0 -0 -1
    outer loop
      vertex -17.6135 20.1619 0
      vertex -17.4689 20.0815 0
      vertex -18.6709 18.8194 0
    endloop
  endfacet
  facet normal -0 0 -1
    outer loop
      vertex -19.4783 17.6644 0
      vertex -20.3671 16.2675 0
      vertex -19.6383 17.7038 0
    endloop
  endfacet
  facet normal 0 0 -1
    outer loop
      vertex -18.6709 18.8194 0
      vertex -17.4689 20.0815 0
      vertex -18.4982 18.6365 0
    endloop
  endfacet
  facet normal 0 0 -1
    outer loop
      vertex -18.4982 18.6365 0
      vertex -17.4689 20.0815 0
      vertex -17.194 19.8517 0
    endloop
  endfacet
  facet normal 0 0 -1
    outer loop
      vertex -18.8887 17.4073 0
      vertex -19.703 15.8144 0
      vertex -19.9632 15.9324 0
    endloop
  endfacet
  facet normal 0 0 -1
    outer loop
      vertex -18.4982 18.6365 0
      vertex -17.194 19.8517 0
      vertex -18.2358 18.4611 0
    endloop
  endfacet
  facet normal 0 0 -1
    outer loop
      vertex -18.7397 17.4358 0
      vertex -19.703 15.8144 0
      vertex -18.8887 17.4073 0
    endloop
  endfacet
  facet normal 0 0 -1
    outer loop
      vertex -22.1345 2.68535 0
      vertex -1.71175 0.363831 0
      vertex -1.7404 0.182922 0
    endloop
  endfacet
  facet normal -0 0 -1
    outer loop
      vertex -18.7397 17.4358 0
      vertex -18.8887 17.4073 0
      vertex -18.7496 17.4451 0
    endloop
  endfacet
  facet normal 0 0 -1
    outer loop
      vertex -20.6569 16.5432 0
      vertex -20.8137 16.7059 0
      vertex -20.0248 17.7782 0
    endloop
  endfacet
  facet normal 0 0 -1
    outer loop
      vertex -20.5081 16.3976 0
      vertex -19.6383 17.7038 0
      vertex -20.3671 16.2675 0
    endloop
  endfacet
  facet normal 0 0 -1
    outer loop
      vertex -20.9782 16.8875 0
      vertex -20.4913 17.8374 0
      vertex -20.8137 16.7059 0
    endloop
  endfacet
  facet normal 0 0 -1
    outer loop
      vertex -20.9782 16.8875 0
      vertex -21.0632 16.986 0
      vertex -20.4913 17.8374 0
    endloop
  endfacet
  facet normal -0 0 -1
    outer loop
      vertex -20.4913 17.8374 0
      vertex -21.0632 16.986 0
      vertex -20.7511 17.8585 0
    endloop
  endfacet
  facet normal 0 0 -1
    outer loop
      vertex -20.7511 17.8585 0
      vertex -21.0632 16.986 0
      vertex -21.1499 17.0899 0
    endloop
  endfacet
  facet normal 0 0 -1
    outer loop
      vertex -21.2384 17.1994 0
      vertex -20.7511 17.8585 0
      vertex -21.1499 17.0899 0
    endloop
  endfacet
  facet normal 0 0 -1
    outer loop
      vertex -21.2384 17.1994 0
      vertex -21.0266 17.8729 0
      vertex -20.7511 17.8585 0
    endloop
  endfacet
  facet normal 0 0 -1
    outer loop
      vertex -21.2384 17.1994 0
      vertex -21.3816 17.3854 0
      vertex -21.0266 17.8729 0
    endloop
  endfacet
  facet normal -0 0 -1
    outer loop
      vertex -21.0266 17.8729 0
      vertex -21.3816 17.3854 0
      vertex -21.1122 17.875 0
    endloop
  endfacet
  facet normal 0 0 -1
    outer loop
      vertex -20.8137 16.7059 0
      vertex -20.4913 17.8374 0
      vertex -20.2487 17.8103 0
    endloop
  endfacet
  facet normal -0 0 -1
    outer loop
      vertex -19.8209 17.7423 0
      vertex -20.6569 16.5432 0
      vertex -20.0248 17.7782 0
    endloop
  endfacet
  facet normal 0 0 -1
    outer loop
      vertex -19.8209 17.7423 0
      vertex -20.5081 16.3976 0
      vertex -20.6569 16.5432 0
    endloop
  endfacet
  facet normal 0 -0 -1
    outer loop
      vertex -19.8209 17.7423 0
      vertex -19.6383 17.7038 0
      vertex -20.5081 16.3976 0
    endloop
  endfacet
  facet normal 0 0 -1
    outer loop
      vertex -19.4783 17.6644 0
      vertex -20.234 16.1512 0
      vertex -20.3671 16.2675 0
    endloop
  endfacet
  facet normal 0 -0 -1
    outer loop
      vertex -19.4783 17.6644 0
      vertex -19.3418 17.6255 0
      vertex -20.234 16.1512 0
    endloop
  endfacet
  facet normal 0 0 -1
    outer loop
      vertex -20.234 16.1512 0
      vertex -19.3418 17.6255 0
      vertex -20.1085 16.0472 0
    endloop
  endfacet
  facet normal 0 0 -1
    outer loop
      vertex -20.1085 16.0472 0
      vertex -19.3418 17.6255 0
      vertex -19.1796 17.5734 0
    endloop
  endfacet
  facet normal 0 0 -1
    outer loop
      vertex -22.0941 3.60335 0
      vertex -22.0618 5.70921 0
      vertex -21.9517 5.80217 0
    endloop
  endfacet
  facet normal 0 0 -1
    outer loop
      vertex -19.9632 15.9324 0
      vertex -20.1085 16.0472 0
      vertex -18.8887 17.4073 0
    endloop
  endfacet
  facet normal 0 0 -1
    outer loop
      vertex -20.774 12.9463 0
      vertex -20.6956 12.813 0
      vertex -20.7058 12.8193 0
    endloop
  endfacet
  facet normal 0 0 -1
    outer loop
      vertex -1.75 0 0
      vertex -22.1825 0 0
      vertex -22.1784 0.456223 0
    endloop
  endfacet
  facet normal 0 0 -1
    outer loop
      vertex -22.0618 5.70921 0
      vertex -22.0941 3.60335 0
      vertex -22.1949 3.71089 0
    endloop
  endfacet
  facet normal 0 0 -1
    outer loop
      vertex -20.774 12.9463 0
      vertex -20.1749 14.6926 0
      vertex -20.6956 12.813 0
    endloop
  endfacet
  facet normal 0 0 -1
    outer loop
      vertex -21.4825 13.3205 0
      vertex -20.9605 14.8578 0
      vertex -20.788 14.844 0
    endloop
  endfacet
  facet normal 0 0 -1
    outer loop
      vertex -22.3391 14.8313 0
      vertex -22.569 14.2066 0
      vertex -22.4484 14.8205 0
    endloop
  endfacet
  facet normal 0 -0 -1
    outer loop
      vertex -20.0431 14.7507 0
      vertex -20.0386 14.7474 0
      vertex -20.1749 14.6926 0
    endloop
  endfacet
  facet normal 0 0 -1
    outer loop
      vertex -20.788 14.844 0
      vertex -21.2552 13.1682 0
      vertex -21.4825 13.3205 0
    endloop
  endfacet
  facet normal -0 0 -1
    outer loop
      vertex -21.1518 14.8675 0
      vertex -21.8112 13.5601 0
      vertex -21.3604 14.8724 0
    endloop
  endfacet
  facet normal 0 0 -1
    outer loop
      vertex -21.9877 13.6985 0
      vertex -21.8239 14.8647 0
      vertex -21.585 14.8716 0
    endloop
  endfacet
  facet normal 0 0 -1
    outer loop
      vertex -21.9877 13.6985 0
      vertex -22.1727 13.8513 0
      vertex -21.8239 14.8647 0
    endloop
  endfacet
  facet normal 0 0 -1
    outer loop
      vertex -21.8239 14.8647 0
      vertex -22.1727 13.8513 0
      vertex -22.0758 14.8514 0
    endloop
  endfacet
  facet normal 0 0 -1
    outer loop
      vertex -22.0758 14.8514 0
      vertex -22.1727 13.8513 0
      vertex -22.3664 14.0201 0
    endloop
  endfacet
  facet normal 0 -0 -1
    outer loop
      vertex -22.3391 14.8313 0
      vertex -22.0758 14.8514 0
      vertex -22.3664 14.0201 0
    endloop
  endfacet
  facet normal 0 0 -1
    outer loop
      vertex -22.569 14.2066 0
      vertex -22.3391 14.8313 0
      vertex -22.3664 14.0201 0
    endloop
  endfacet
  facet normal 0 0 -1
    outer loop
      vertex -22.6442 14.2789 0
      vertex -22.4484 14.8205 0
      vertex -22.569 14.2066 0
    endloop
  endfacet
  facet normal 0 0 -1
    outer loop
      vertex -21.9877 13.6985 0
      vertex -21.585 14.8716 0
      vertex -21.8112 13.5601 0
    endloop
  endfacet
  facet normal 0 0 -1
    outer loop
      vertex -22.0618 5.70921 0
      vertex -22.1949 3.71089 0
      vertex -22.5668 5.6658 0
    endloop
  endfacet
  facet normal 0 0 -1
    outer loop
      vertex -21.7979 11.8547 0
      vertex -22.0684 10.1575 0
      vertex -22.3243 10.2992 0
    endloop
  endfacet
  facet normal 0 0 -1
    outer loop
      vertex -21.8112 13.5601 0
      vertex -21.585 14.8716 0
      vertex -21.3604 14.8724 0
    endloop
  endfacet
  facet normal 0 0 -1
    outer loop
      vertex -21.6246 11.862 0
      vertex -22.0684 10.1575 0
      vertex -21.7979 11.8547 0
    endloop
  endfacet
  facet normal 0 0 -1
    outer loop
      vertex -21.6429 13.4346 0
      vertex -21.8112 13.5601 0
      vertex -21.1518 14.8675 0
    endloop
  endfacet
  facet normal -0 0 -1
    outer loop
      vertex -20.9605 14.8578 0
      vertex -21.6429 13.4346 0
      vertex -21.1518 14.8675 0
    endloop
  endfacet
  facet normal 0 0 -1
    outer loop
      vertex -20.9605 14.8578 0
      vertex -21.4825 13.3205 0
      vertex -21.6429 13.4346 0
    endloop
  endfacet
  facet normal -0 0 -1
    outer loop
      vertex -20.6357 14.8273 0
      vertex -21.2552 13.1682 0
      vertex -20.788 14.844 0
    endloop
  endfacet
  facet normal 0 -0 -1
    outer loop
      vertex -20.6357 14.8273 0
      vertex -20.4602 14.803 0
      vertex -21.2552 13.1682 0
    endloop
  endfacet
  facet normal 0 0 -1
    outer loop
      vertex -21.2552 13.1682 0
      vertex -20.4602 14.803 0
      vertex -20.1749 14.6926 0
    endloop
  endfacet
  facet normal 0 -0 -1
    outer loop
      vertex -23.1135 11.6933 0
      vertex -22.8684 11.7349 0
      vertex -23.1871 10.8422 0
    endloop
  endfacet
  facet normal 0 0 -1
    outer loop
      vertex -21.0197 13.0201 0
      vertex -21.2552 13.1682 0
      vertex -20.1749 14.6926 0
    endloop
  endfacet
  facet normal 0 0 -1
    outer loop
      vertex -21.0197 13.0201 0
      vertex -20.1749 14.6926 0
      vertex -20.774 12.9463 0
    endloop
  endfacet
  facet normal 0 0 -1
    outer loop
      vertex -16.3368 20.6248 0
      vertex -14.9283 21.8851 0
      vertex -0.874985 1.51553 0
    endloop
  endfacet
  facet normal 0 0 -1
    outer loop
      vertex -21.4129 9.81552 0
      vertex -21.4205 9.819 0
      vertex -21.5017 9.93805 0
    endloop
  endfacet
  facet normal 0 0 -1
    outer loop
      vertex -22.1345 2.68535 0
      vertex -22.1784 0.456223 0
      vertex -22.2417 2.58719 0
    endloop
  endfacet
  facet normal 0 0 -1
    outer loop
      vertex -21.4129 9.81552 0
      vertex -21.5017 9.93805 0
      vertex -21.0922 11.7975 0
    endloop
  endfacet
  facet normal 0 -0 -1
    outer loop
      vertex -22.405 11.8004 0
      vertex -22.1895 11.8242 0
      vertex -22.5945 10.458 0
    endloop
  endfacet
  facet normal 0 0 -1
    outer loop
      vertex -22.7838 10.5752 0
      vertex -22.9811 10.7029 0
      vertex -22.6317 11.7707 0
    endloop
  endfacet
  facet normal 0 0 -1
    outer loop
      vertex -22.6317 11.7707 0
      vertex -22.9811 10.7029 0
      vertex -22.8684 11.7349 0
    endloop
  endfacet
  facet normal 0 0 -1
    outer loop
      vertex -22.8684 11.7349 0
      vertex -22.9811 10.7029 0
      vertex -23.1871 10.8422 0
    endloop
  endfacet
  facet normal 0 0 -1
    outer loop
      vertex -23.1135 11.6933 0
      vertex -23.1871 10.8422 0
      vertex -23.4021 10.9947 0
    endloop
  endfacet
  facet normal 0 -0 -1
    outer loop
      vertex -23.3714 11.6449 0
      vertex -23.1135 11.6933 0
      vertex -23.4021 10.9947 0
    endloop
  endfacet
  facet normal 0 0 -1
    outer loop
      vertex -23.5036 11.0702 0
      vertex -23.3714 11.6449 0
      vertex -23.4021 10.9947 0
    endloop
  endfacet
  facet normal 0 0 -1
    outer loop
      vertex -22.7838 10.5752 0
      vertex -22.6317 11.7707 0
      vertex -22.405 11.8004 0
    endloop
  endfacet
  facet normal 0 0 -1
    outer loop
      vertex -22.1365 -2.68559 0
      vertex -22.2417 -2.58719 0
      vertex -22.1345 -2.68535 0
    endloop
  endfacet
  facet normal 0 0 -1
    outer loop
      vertex -22.4959 8.74768 0
      vertex -22.2197 8.79103 0
      vertex -22.4346 6.98935 0
    endloop
  endfacet
  facet normal 0 0 -1
    outer loop
      vertex -22.5945 10.458 0
      vertex -22.7838 10.5752 0
      vertex -22.405 11.8004 0
    endloop
  endfacet
  facet normal 0 0 -1
    outer loop
      vertex -22.2197 8.79103 0
      vertex -21.9441 8.82634 0
      vertex -21.6992 8.78841 0
    endloop
  endfacet
  facet normal 0 0 -1
    outer loop
      vertex -22.3243 10.2992 0
      vertex -22.5945 10.458 0
      vertex -22.1895 11.8242 0
    endloop
  endfacet
  facet normal 0 0 -1
    outer loop
      vertex -21.9866 11.8423 0
      vertex -22.3243 10.2992 0
      vertex -22.1895 11.8242 0
    endloop
  endfacet
  facet normal 0 -0 -1
    outer loop
      vertex -21.9866 11.8423 0
      vertex -21.7979 11.8547 0
      vertex -22.3243 10.2992 0
    endloop
  endfacet
  facet normal 0 -0 -1
    outer loop
      vertex -21.6246 11.862 0
      vertex -21.3599 11.8652 0
      vertex -22.0684 10.1575 0
    endloop
  endfacet
  facet normal 0 0 -1
    outer loop
      vertex -22.0684 10.1575 0
      vertex -21.3599 11.8652 0
      vertex -21.7278 9.98061 0
    endloop
  endfacet
  facet normal 0 -0 -1
    outer loop
      vertex -21.3599 11.8652 0
      vertex -21.0922 11.7975 0
      vertex -21.7278 9.98061 0
    endloop
  endfacet
  facet normal 0 0 -1
    outer loop
      vertex -21.5017 9.93805 0
      vertex -21.7278 9.98061 0
      vertex -21.0922 11.7975 0
    endloop
  endfacet
  facet normal 0 0 -1
    outer loop
      vertex -22.1283 -2.90761 0
      vertex -22.1345 -2.68535 0
      vertex -1.71175 -0.363831 0
    endloop
  endfacet
  facet normal 0 0 -1
    outer loop
      vertex -9.69659 24.4691 0
      vertex -8.67227 24.6824 0
      vertex -0.874985 1.51553 0
    endloop
  endfacet
  facet normal 0 0 -1
    outer loop
      vertex -21.9528 6.84671 0
      vertex -21.6992 8.78841 0
      vertex -21.8567 6.73274 0
    endloop
  endfacet
  facet normal 0 0 -1
    outer loop
      vertex -23.4567 8.54611 0
      vertex -23.6942 7.61842 0
      vertex -23.8079 8.45686 0
    endloop
  endfacet
  facet normal 0 0 -1
    outer loop
      vertex -23.38 7.4482 0
      vertex -23.1185 8.62489 0
      vertex -23.0819 7.2952 0
    endloop
  endfacet
  facet normal 0 0 -1
    outer loop
      vertex -23.6942 7.61842 0
      vertex -23.4567 8.54611 0
      vertex -23.38 7.4482 0
    endloop
  endfacet
  facet normal 0 -0 -1
    outer loop
      vertex -23.8079 8.45686 0
      vertex -23.6942 7.61842 0
      vertex -23.9137 7.74336 0
    endloop
  endfacet
  facet normal 0 0 -1
    outer loop
      vertex -23.96 8.4157 0
      vertex -23.8079 8.45686 0
      vertex -23.9137 7.74336 0
    endloop
  endfacet
  facet normal 0 0 -1
    outer loop
      vertex -24.0421 7.81944 0
      vertex -23.96 8.4157 0
      vertex -23.9137 7.74336 0
    endloop
  endfacet
  facet normal 0 0 -1
    outer loop
      vertex -23.1185 8.62489 0
      vertex -23.38 7.4482 0
      vertex -23.4567 8.54611 0
    endloop
  endfacet
  facet normal 0 -0 -1
    outer loop
      vertex -1.30049 -1.17097 0
      vertex -1.17097 -1.30049 0
      vertex -20.6956 -12.813 0
    endloop
  endfacet
  facet normal 0 0 -1
    outer loop
      vertex -22.862 3.90469 0
      vertex -22.5668 5.6658 0
      vertex -22.3889 3.72058 0
    endloop
  endfacet
  facet normal 0 0 -1
    outer loop
      vertex -22.7969 8.69225 0
      vertex -23.0819 7.2952 0
      vertex -23.1185 8.62489 0
    endloop
  endfacet
  facet normal 0 0 -1
    outer loop
      vertex -22.5668 5.6658 0
      vertex -22.2835 5.72789 0
      vertex -22.0618 5.70921 0
    endloop
  endfacet
  facet normal 0 0 -1
    outer loop
      vertex -22.7969 8.69225 0
      vertex -22.7972 7.15646 0
      vertex -23.0819 7.2952 0
    endloop
  endfacet
  facet normal 0 -0 -1
    outer loop
      vertex -22.7969 8.69225 0
      vertex -22.4959 8.74768 0
      vertex -22.7972 7.15646 0
    endloop
  endfacet
  facet normal 0 0 -1
    outer loop
      vertex -22.7972 7.15646 0
      vertex -22.4959 8.74768 0
      vertex -22.4346 6.98935 0
    endloop
  endfacet
  facet normal 0 0 -1
    outer loop
      vertex -22.4346 6.98935 0
      vertex -22.2197 8.79103 0
      vertex -21.6992 8.78841 0
    endloop
  endfacet
  facet normal 0 0 -1
    outer loop
      vertex -22.1597 6.86893 0
      vertex -22.4346 6.98935 0
      vertex -21.9528 6.84671 0
    endloop
  endfacet
  facet normal 0 0 -1
    outer loop
      vertex -24.0777 4.43465 0
      vertex -24.3408 4.56267 0
      vertex -24.1299 5.22749 0
    endloop
  endfacet
  facet normal 0 0 -1
    outer loop
      vertex -21.9528 6.84671 0
      vertex -22.4346 6.98935 0
      vertex -21.6992 8.78841 0
    endloop
  endfacet
  facet normal -0 0 -1
    outer loop
      vertex -1.66434 -0.540771 0
      vertex -22.0941 -3.60335 0
      vertex -1.71175 -0.363831 0
    endloop
  endfacet
  facet normal -0 0 -1
    outer loop
      vertex -0.363831 1.71175 0
      vertex -0.540771 1.66434 0
      vertex -0.748642 24.3309 0
    endloop
  endfacet
  facet normal 0 0 -1
    outer loop
      vertex -0.711777 1.59869 0
      vertex -5.72894 24.9423 0
      vertex -3.75101 24.8488 0
    endloop
  endfacet
  facet normal 0 0 -1
    outer loop
      vertex -23.3475 4.10568 0
      vertex -23.6838 5.36629 0
      vertex -23.2552 5.49026 0
    endloop
  endfacet
  facet normal 0 0 -1
    outer loop
      vertex -23.7562 4.28557 0
      vertex -24.0777 4.43465 0
      vertex -23.6838 5.36629 0
    endloop
  endfacet
  facet normal 0 0 -1
    outer loop
      vertex -24.0777 4.43465 0
      vertex -24.1299 5.22749 0
      vertex -23.6838 5.36629 0
    endloop
  endfacet
  facet normal 0 0 -1
    outer loop
      vertex -24.3408 4.56267 0
      vertex -24.2958 5.17336 0
      vertex -24.1299 5.22749 0
    endloop
  endfacet
  facet normal 0 -0 -1
    outer loop
      vertex -23.6838 5.36629 0
      vertex -23.3475 4.10568 0
      vertex -23.7562 4.28557 0
    endloop
  endfacet
  facet normal 0 0 -1
    outer loop
      vertex 8.74094 -20.51 0
      vertex 0.711777 -1.59869 0
      vertex 10.6953 -19.4374 0
    endloop
  endfacet
  facet normal 0 0 -1
    outer loop
      vertex 8.74094 -20.51 0
      vertex 0.540771 -1.66434 0
      vertex 0.711777 -1.59869 0
    endloop
  endfacet
  facet normal 0 0 -1
    outer loop
      vertex 0.363831 -1.71175 0
      vertex 0.540771 -1.66434 0
      vertex 7.92715 -20.9376 0
    endloop
  endfacet
  facet normal 0 -0 -1
    outer loop
      vertex -23.2552 5.49026 0
      vertex -22.8503 5.59753 0
      vertex -23.3475 4.10568 0
    endloop
  endfacet
  facet normal 0 0 -1
    outer loop
      vertex -23.5531 0.945282 0
      vertex -23.843 2.15106 0
      vertex -23.3209 2.32767 0
    endloop
  endfacet
  facet normal 0 0 -1
    outer loop
      vertex -23.3475 4.10568 0
      vertex -22.8503 5.59753 0
      vertex -22.862 3.90469 0
    endloop
  endfacet
  facet normal 0 0 -1
    outer loop
      vertex -22.862 3.90469 0
      vertex -22.8503 5.59753 0
      vertex -22.5668 5.6658 0
    endloop
  endfacet
  facet normal 0 0 -1
    outer loop
      vertex -22.3889 3.72058 0
      vertex -22.5668 5.6658 0
      vertex -22.1949 3.71089 0
    endloop
  endfacet
  facet normal 0 0 -1
    outer loop
      vertex -0.182922 1.7404 0
      vertex 2.20598 23.4522 0
      vertex 3.10585 23.1211 0
    endloop
  endfacet
  facet normal 0 0 -1
    outer loop
      vertex -2.75134 24.7183 0
      vertex -0.748642 24.3309 0
      vertex -0.540771 1.66434 0
    endloop
  endfacet
  facet normal -0 0 -1
    outer loop
      vertex -0.540771 1.66434 0
      vertex -0.711777 1.59869 0
      vertex -3.75101 24.8488 0
    endloop
  endfacet
  facet normal -0 0 -1
    outer loop
      vertex 14.1687 -17.3336 0
      vertex 13.3926 -17.8261 0
      vertex 1.17097 -1.30049 0
    endloop
  endfacet
  facet normal 0 0 -1
    outer loop
      vertex 5.09784 -22.2958 0
      vertex 0 -1.75 0
      vertex 0.182922 -1.7404 0
    endloop
  endfacet
  facet normal 0 0 -1
    outer loop
      vertex -21.9474 -5.85013 0
      vertex -1.59869 -0.711777 0
      vertex -21.8567 -6.73274 0
    endloop
  endfacet
  facet normal 0 0 -1
    outer loop
      vertex -21.9509 -5.80197 0
      vertex -1.59869 -0.711777 0
      vertex -21.9474 -5.85013 0
    endloop
  endfacet
  facet normal 0 -0 -1
    outer loop
      vertex -22.8271 2.48286 0
      vertex -22.4748 0.560226 0
      vertex -23.0528 0.760132 0
    endloop
  endfacet
  facet normal -0 0 -1
    outer loop
      vertex -22.1345 2.68535 0
      vertex -22.2417 2.58719 0
      vertex -22.1365 2.68559 0
    endloop
  endfacet
  facet normal 0 0 -1
    outer loop
      vertex -24.0781 1.15172 0
      vertex -24.4614 1.49364 0
      vertex -23.843 2.15106 0
    endloop
  endfacet
  facet normal -0 0 -1
    outer loop
      vertex -22.2417 2.58719 0
      vertex -22.8271 2.48286 0
      vertex -22.4444 2.59398 0
    endloop
  endfacet
  facet normal 0 0 -1
    outer loop
      vertex -24.0781 1.15172 0
      vertex -24.4631 1.31194 0
      vertex -24.4614 1.49364 0
    endloop
  endfacet
  facet normal 0 0 -1
    outer loop
      vertex -23.843 2.15106 0
      vertex -24.4614 1.49364 0
      vertex -24.4491 1.93158 0
    endloop
  endfacet
  facet normal 0 0 -1
    outer loop
      vertex -24.0781 1.15172 0
      vertex -23.843 2.15106 0
      vertex -23.5531 0.945282 0
    endloop
  endfacet
  facet normal 0 0 -1
    outer loop
      vertex -22.0941 -3.60335 0
      vertex -21.9509 -5.80197 0
      vertex -22.0618 -5.70921 0
    endloop
  endfacet
  facet normal 0 0 -1
    outer loop
      vertex -19.6396 -15.6692 0
      vertex -1.17097 -1.30049 0
      vertex -1.02861 -1.41577 0
    endloop
  endfacet
  facet normal 0 0 -1
    outer loop
      vertex -23.5531 0.945282 0
      vertex -23.3209 2.32767 0
      vertex -23.0528 0.760132 0
    endloop
  endfacet
  facet normal 0 0 -1
    outer loop
      vertex -23.0528 -0.760132 0
      vertex -23.4233 -2.29399 0
      vertex -23.5531 -0.945282 0
    endloop
  endfacet
  facet normal 0 0 -1
    outer loop
      vertex -23.0528 0.760132 0
      vertex -23.3209 2.32767 0
      vertex -22.8271 2.48286 0
    endloop
  endfacet
  facet normal 0 0 -1
    outer loop
      vertex -22.4748 0.560226 0
      vertex -22.8271 2.48286 0
      vertex -22.2825 0.558884 0
    endloop
  endfacet
  facet normal 0 0 -1
    outer loop
      vertex -22.2825 0.558884 0
      vertex -22.8271 2.48286 0
      vertex -22.2417 2.58719 0
    endloop
  endfacet
  facet normal 0 0 -1
    outer loop
      vertex -22.4444 -2.59398 0
      vertex -22.9232 -2.45364 0
      vertex -22.4748 -0.560226 0
    endloop
  endfacet
  facet normal 0 0 -1
    outer loop
      vertex -22.1784 0.456223 0
      vertex -22.2825 0.558884 0
      vertex -22.2417 2.58719 0
    endloop
  endfacet
  facet normal 0 0 -1
    outer loop
      vertex -21.5822 -8.87318 0
      vertex -1.51553 -0.874985 0
      vertex -1.41577 -1.02861 0
    endloop
  endfacet
  facet normal 0 0 -1
    outer loop
      vertex -22.1784 -0.456223 0
      vertex -22.2825 -0.558884 0
      vertex -22.1813 -0.456284 0
    endloop
  endfacet
  facet normal 0 0 -1
    outer loop
      vertex -23.9502 -2.11331 0
      vertex -24.4614 -1.49364 0
      vertex -24.0781 -1.15172 0
    endloop
  endfacet
  facet normal 0 0 -1
    outer loop
      vertex -23.4233 -2.29399 0
      vertex -23.0528 -0.760132 0
      vertex -22.9232 -2.45364 0
    endloop
  endfacet
  facet normal 0 0 -1
    outer loop
      vertex -24.4491 -1.93112 0
      vertex -24.4614 -1.49364 0
      vertex -23.9502 -2.11331 0
    endloop
  endfacet
  facet normal 0 0 -1
    outer loop
      vertex -24.0781 -1.15172 0
      vertex -24.4614 -1.49364 0
      vertex -24.4631 -1.31194 0
    endloop
  endfacet
  facet normal 0 0 -1
    outer loop
      vertex -23.9502 -2.11331 0
      vertex -24.0781 -1.15172 0
      vertex -23.5531 -0.945282 0
    endloop
  endfacet
  facet normal 0 0 -1
    outer loop
      vertex -23.4233 -2.29399 0
      vertex -23.9502 -2.11331 0
      vertex -23.5531 -0.945282 0
    endloop
  endfacet
  facet normal 0 0 -1
    outer loop
      vertex 0 -1.75 0
      vertex 5.09784 -22.2958 0
      vertex 3.10585 -23.1211 0
    endloop
  endfacet
  facet normal 0 0 -1
    outer loop
      vertex -21.5822 -8.87318 0
      vertex -21.6992 -8.78841 0
      vertex -21.8567 -6.73274 0
    endloop
  endfacet
  facet normal 0 0 -1
    outer loop
      vertex -22.4748 -0.560226 0
      vertex -22.9232 -2.45364 0
      vertex -23.0528 -0.760132 0
    endloop
  endfacet
  facet normal -0 0 -1
    outer loop
      vertex -22.2417 -2.58719 0
      vertex -22.4444 -2.59398 0
      vertex -22.4748 -0.560226 0
    endloop
  endfacet
  facet normal 0 -0 -1
    outer loop
      vertex -22.2825 -0.558884 0
      vertex -22.2417 -2.58719 0
      vertex -22.4748 -0.560226 0
    endloop
  endfacet
  facet normal 0 0 -1
    outer loop
      vertex 0.182922 -1.7404 0
      vertex 5.45531 -22.1403 0
      vertex 5.09784 -22.2958 0
    endloop
  endfacet
  facet normal 0 0 -1
    outer loop
      vertex -20.6956 -12.813 0
      vertex -1.17097 -1.30049 0
      vertex -20.0386 -14.7474 0
    endloop
  endfacet
  facet normal 0 0 -1
    outer loop
      vertex -22.2417 -2.58719 0
      vertex -22.2825 -0.558884 0
      vertex -22.1784 -0.456223 0
    endloop
  endfacet
  facet normal 0 0 -1
    outer loop
      vertex -20.0386 -14.7474 0
      vertex -1.17097 -1.30049 0
      vertex -19.6396 -15.6692 0
    endloop
  endfacet
  facet normal 0 0 -1
    outer loop
      vertex -1.30049 -1.17097 0
      vertex -20.6956 -12.813 0
      vertex -20.9679 -11.8709 0
    endloop
  endfacet
  facet normal 0 0 -1
    outer loop
      vertex -22.1345 -2.68535 0
      vertex -22.2417 -2.58719 0
      vertex -22.1784 -0.456223 0
    endloop
  endfacet
  facet normal 0 0 -1
    outer loop
      vertex -22.862 -3.90469 0
      vertex -22.3889 -3.72058 0
      vertex -22.6591 -5.64421 0
    endloop
  endfacet
  facet normal 0 -0 -1
    outer loop
      vertex -22.0982 -3.60402 0
      vertex -22.0941 -3.60335 0
      vertex -22.1949 -3.71089 0
    endloop
  endfacet
  facet normal 0 -0 -1
    outer loop
      vertex -23.652 -4.23874 0
      vertex -23.467 -5.43021 0
      vertex -23.905 -5.29858 0
    endloop
  endfacet
  facet normal 0 0 -1
    outer loop
      vertex -22.6591 -5.64421 0
      vertex -23.0493 -5.54608 0
      vertex -22.862 -3.90469 0
    endloop
  endfacet
  facet normal 0 0 -1
    outer loop
      vertex -23.9689 -4.38347 0
      vertex -23.652 -4.23874 0
      vertex -23.905 -5.29858 0
    endloop
  endfacet
  facet normal 0 0 -1
    outer loop
      vertex -23.905 -5.29858 0
      vertex -24.2958 -5.17303 0
      vertex -23.9689 -4.38347 0
    endloop
  endfacet
  facet normal 0 0 -1
    outer loop
      vertex -23.9689 -4.38347 0
      vertex -24.2958 -5.17303 0
      vertex -24.3408 -4.56209 0
    endloop
  endfacet
  facet normal 0 0 -1
    outer loop
      vertex -23.467 -5.43021 0
      vertex -23.652 -4.23874 0
      vertex -23.2483 -4.06355 0
    endloop
  endfacet
  facet normal 0 0 -1
    outer loop
      vertex -0.182922 -1.7404 0
      vertex 0 -1.75 0
      vertex 3.10585 -23.1211 0
    endloop
  endfacet
  facet normal 0 -0 -1
    outer loop
      vertex -1.02861 -1.41577 0
      vertex -0.875 -1.51553 0
      vertex -17.0369 -19.8487 0
    endloop
  endfacet
  facet normal 0 -0 -1
    outer loop
      vertex -23.2483 -4.06355 0
      vertex -23.0493 -5.54608 0
      vertex -23.467 -5.43021 0
    endloop
  endfacet
  facet normal 0 0 -1
    outer loop
      vertex -23.2483 -4.06355 0
      vertex -22.862 -3.90469 0
      vertex -23.0493 -5.54608 0
    endloop
  endfacet
  facet normal -0 0 -1
    outer loop
      vertex -22.0618 -5.70921 0
      vertex -22.2835 -5.72789 0
      vertex -22.6591 -5.64421 0
    endloop
  endfacet
  facet normal 0 -0 -1
    outer loop
      vertex -22.3889 -3.72058 0
      vertex -22.0618 -5.70921 0
      vertex -22.6591 -5.64421 0
    endloop
  endfacet
  facet normal 0 0 -1
    outer loop
      vertex -1.02861 -1.41577 0
      vertex -17.0369 -19.8487 0
      vertex -18.1944 -18.3062 0
    endloop
  endfacet
  facet normal 0 0 -1
    outer loop
      vertex -22.3889 -3.72058 0
      vertex -22.1949 -3.71089 0
      vertex -22.0618 -5.70921 0
    endloop
  endfacet
  facet normal 0 0 -1
    outer loop
      vertex -18.7397 -17.4358 0
      vertex -19.6396 -15.6692 0
      vertex -1.02861 -1.41577 0
    endloop
  endfacet
  facet normal 0 0 -1
    outer loop
      vertex -22.0618 -5.70921 0
      vertex -22.1949 -3.71089 0
      vertex -22.0941 -3.60335 0
    endloop
  endfacet
  facet normal 0 0 -1
    outer loop
      vertex -18.7397 -17.4358 0
      vertex -1.02861 -1.41577 0
      vertex -18.1944 -18.3062 0
    endloop
  endfacet
  facet normal 0 0 -1
    outer loop
      vertex -22.8908 -7.20131 0
      vertex -22.5237 -7.0295 0
      vertex -22.4008 -8.76344 0
    endloop
  endfacet
  facet normal 0 0 -1
    outer loop
      vertex -21.0922 -11.7975 0
      vertex -21.4129 -9.81552 0
      vertex -20.9679 -11.8709 0
    endloop
  endfacet
  facet normal 0 0 -1
    outer loop
      vertex -21.9528 -6.84671 0
      vertex -21.8624 -6.7345 0
      vertex -21.8567 -6.73274 0
    endloop
  endfacet
  facet normal 0 0 -1
    outer loop
      vertex -23.9137 -7.74336 0
      vertex -23.9601 -8.41542 0
      vertex -24.0421 -7.81944 0
    endloop
  endfacet
  facet normal 0 0 -1
    outer loop
      vertex -22.5237 -7.0295 0
      vertex -22.1597 -6.86893 0
      vertex -22.134 -8.8028 0
    endloop
  endfacet
  facet normal 0 0 -1
    outer loop
      vertex -23.3424 -8.57358 0
      vertex -23.4828 -7.50287 0
      vertex -23.1797 -7.34442 0
    endloop
  endfacet
  facet normal 0 0 -1
    outer loop
      vertex -23.3424 -8.57358 0
      vertex -23.6942 -7.61842 0
      vertex -23.4828 -7.50287 0
    endloop
  endfacet
  facet normal 0 0 -1
    outer loop
      vertex -23.3424 -8.57358 0
      vertex -23.6896 -8.48779 0
      vertex -23.6942 -7.61842 0
    endloop
  endfacet
  facet normal 0 -0 -1
    outer loop
      vertex -23.6942 -7.61842 0
      vertex -23.6896 -8.48779 0
      vertex -23.9137 -7.74336 0
    endloop
  endfacet
  facet normal 0 -0 -1
    outer loop
      vertex -23.9137 -7.74336 0
      vertex -23.6896 -8.48779 0
      vertex -23.9601 -8.41542 0
    endloop
  endfacet
  facet normal 0 0 -1
    outer loop
      vertex -23.3424 -8.57358 0
      vertex -23.1797 -7.34442 0
      vertex -23.0093 -8.64861 0
    endloop
  endfacet
  facet normal 0 0 -1
    outer loop
      vertex -23.0093 -8.64861 0
      vertex -23.1797 -7.34442 0
      vertex -22.6941 -8.71214 0
    endloop
  endfacet
  facet normal 0 0 -1
    outer loop
      vertex -22.3243 -10.2992 0
      vertex -21.8904 -11.8491 0
      vertex -22.0864 -11.8339 0
    endloop
  endfacet
  facet normal 0 0 -1
    outer loop
      vertex 2.20598 -23.4522 0
      vertex -0.363831 -1.71175 0
      vertex -0.182922 -1.7404 0
    endloop
  endfacet
  facet normal 0 0 -1
    outer loop
      vertex -23.1797 -7.34442 0
      vertex -22.8908 -7.20131 0
      vertex -22.6941 -8.71214 0
    endloop
  endfacet
  facet normal 0 0 -1
    outer loop
      vertex -22.6941 -8.71214 0
      vertex -22.8908 -7.20131 0
      vertex -22.4008 -8.76344 0
    endloop
  endfacet
  facet normal 0 0 -1
    outer loop
      vertex -22.4008 -8.76344 0
      vertex -22.5237 -7.0295 0
      vertex -22.134 -8.8028 0
    endloop
  endfacet
  facet normal 0 0 -1
    outer loop
      vertex -22.134 -8.8028 0
      vertex -22.1597 -6.86893 0
      vertex -21.9528 -6.84671 0
    endloop
  endfacet
  facet normal 0 0 -1
    outer loop
      vertex -22.0864 -11.8339 0
      vertex -22.5945 -10.458 0
      vertex -22.3243 -10.2992 0
    endloop
  endfacet
  facet normal 0 0 -1
    outer loop
      vertex -21.9441 -8.82634 0
      vertex -22.134 -8.8028 0
      vertex -21.6992 -8.78841 0
    endloop
  endfacet
  facet normal -0 0 -1
    outer loop
      vertex -21.6992 -8.78841 0
      vertex -22.134 -8.8028 0
      vertex -21.9528 -6.84671 0
    endloop
  endfacet
  facet normal 0 -0 -1
    outer loop
      vertex -21.8567 -6.73274 0
      vertex -21.6992 -8.78841 0
      vertex -21.9528 -6.84671 0
    endloop
  endfacet
  facet normal 0 0 -1
    outer loop
      vertex 2.20598 -23.4522 0
      vertex -0.182922 -1.7404 0
      vertex 3.10585 -23.1211 0
    endloop
  endfacet
  facet normal 0 -0 -1
    outer loop
      vertex -21.4205 -9.819 0
      vertex -21.4129 -9.81552 0
      vertex -21.5017 -9.93805 0
    endloop
  endfacet
  facet normal 0 0 -1
    outer loop
      vertex -20.1749 -14.6926 0
      vertex -20.6956 -12.813 0
      vertex -20.0386 -14.7474 0
    endloop
  endfacet
  facet normal 0 0 -1
    outer loop
      vertex -21.7092 -11.8589 0
      vertex -21.8904 -11.8491 0
      vertex -22.0684 -10.1575 0
    endloop
  endfacet
  facet normal 0 -0 -1
    outer loop
      vertex -22.7838 -10.5752 0
      vertex -22.7489 -11.7535 0
      vertex -22.9811 -10.7029 0
    endloop
  endfacet
  facet normal 0 0 -1
    outer loop
      vertex -22.99 -11.7148 0
      vertex -22.9811 -10.7029 0
      vertex -22.7489 -11.7535 0
    endloop
  endfacet
  facet normal 0 0 -1
    outer loop
      vertex -22.99 -11.7148 0
      vertex -23.1871 -10.8422 0
      vertex -22.9811 -10.7029 0
    endloop
  endfacet
  facet normal 0 0 -1
    outer loop
      vertex -22.99 -11.7148 0
      vertex -23.2389 -11.6703 0
      vertex -23.1871 -10.8422 0
    endloop
  endfacet
  facet normal 0 0 -1
    outer loop
      vertex -23.1871 -10.8422 0
      vertex -23.2389 -11.6703 0
      vertex -23.4021 -10.9947 0
    endloop
  endfacet
  facet normal 0 -0 -1
    outer loop
      vertex -23.4021 -10.9947 0
      vertex -23.3715 -11.6443 0
      vertex -23.5036 -11.0702 0
    endloop
  endfacet
  facet normal 0 0 -1
    outer loop
      vertex -23.4021 -10.9947 0
      vertex -23.2389 -11.6703 0
      vertex -23.3715 -11.6443 0
    endloop
  endfacet
  facet normal 0 0 -1
    outer loop
      vertex -22.7489 -11.7535 0
      vertex -22.7838 -10.5752 0
      vertex -22.5171 -11.7863 0
    endloop
  endfacet
  facet normal 0 -0 -1
    outer loop
      vertex -21.4825 -13.3205 0
      vertex -20.9605 -14.8578 0
      vertex -21.6429 -13.4346 0
    endloop
  endfacet
  facet normal 0 0 -1
    outer loop
      vertex -22.2958 -11.813 0
      vertex -22.5171 -11.7863 0
      vertex -22.7838 -10.5752 0
    endloop
  endfacet
  facet normal 0 0 -1
    outer loop
      vertex -20.6956 -12.813 0
      vertex -20.774 -12.9463 0
      vertex -20.7058 -12.8193 0
    endloop
  endfacet
  facet normal 0 -0 -1
    outer loop
      vertex -22.5945 -10.458 0
      vertex -22.2958 -11.813 0
      vertex -22.7838 -10.5752 0
    endloop
  endfacet
  facet normal 0 0 -1
    outer loop
      vertex -22.5945 -10.458 0
      vertex -22.0864 -11.8339 0
      vertex -22.2958 -11.813 0
    endloop
  endfacet
  facet normal 0 0 -1
    outer loop
      vertex -21.8904 -11.8491 0
      vertex -22.3243 -10.2992 0
      vertex -22.0684 -10.1575 0
    endloop
  endfacet
  facet normal 0 0 -1
    outer loop
      vertex -21.7092 -11.8589 0
      vertex -22.0684 -10.1575 0
      vertex -21.4683 -11.8648 0
    endloop
  endfacet
  facet normal 0 0 -1
    outer loop
      vertex -21.4683 -11.8648 0
      vertex -22.0684 -10.1575 0
      vertex -21.7278 -9.98061 0
    endloop
  endfacet
  facet normal -0 0 -1
    outer loop
      vertex -21.0922 -11.7975 0
      vertex -21.4683 -11.8648 0
      vertex -21.7278 -9.98061 0
    endloop
  endfacet
  facet normal 0 0 -1
    outer loop
      vertex -21.0922 -11.7975 0
      vertex -21.3599 -11.8652 0
      vertex -21.4683 -11.8648 0
    endloop
  endfacet
  facet normal 0 -0 -1
    outer loop
      vertex -21.5017 -9.93805 0
      vertex -21.0922 -11.7975 0
      vertex -21.7278 -9.98061 0
    endloop
  endfacet
  facet normal 0 0 -1
    outer loop
      vertex -21.5017 -9.93805 0
      vertex -21.4129 -9.81552 0
      vertex -21.0922 -11.7975 0
    endloop
  endfacet
  facet normal 0 0 -1
    outer loop
      vertex -0.363831 -1.71175 0
      vertex 2.20598 -23.4522 0
      vertex 0.203308 -24.0844 0
    endloop
  endfacet
  facet normal 0 0 -1
    outer loop
      vertex -17.0369 -19.8487 0
      vertex -0.875 -1.51553 0
      vertex -16.3368 -20.6248 0
    endloop
  endfacet
  facet normal 0 0 -1
    outer loop
      vertex -21.4825 -13.3205 0
      vertex -21.2552 -13.1682 0
      vertex -20.788 -14.844 0
    endloop
  endfacet
  facet normal 0 0 -1
    outer loop
      vertex -21.585 -14.8716 0
      vertex -21.9877 -13.6985 0
      vertex -21.8112 -13.5601 0
    endloop
  endfacet
  facet normal 0 0 -1
    outer loop
      vertex -22.1727 -13.8513 0
      vertex -21.9877 -13.6985 0
      vertex -21.8239 -14.8647 0
    endloop
  endfacet
  facet normal 0 0 -1
    outer loop
      vertex -22.0758 -14.8514 0
      vertex -22.1727 -13.8513 0
      vertex -21.8239 -14.8647 0
    endloop
  endfacet
  facet normal 0 0 -1
    outer loop
      vertex -22.0758 -14.8514 0
      vertex -22.3664 -14.0201 0
      vertex -22.1727 -13.8513 0
    endloop
  endfacet
  facet normal 0 0 -1
    outer loop
      vertex -22.0758 -14.8514 0
      vertex -22.3391 -14.8313 0
      vertex -22.3664 -14.0201 0
    endloop
  endfacet
  facet normal 0 -0 -1
    outer loop
      vertex -22.3664 -14.0201 0
      vertex -22.3391 -14.8313 0
      vertex -22.569 -14.2066 0
    endloop
  endfacet
  facet normal 0 0 -1
    outer loop
      vertex -22.569 -14.2066 0
      vertex -22.3391 -14.8313 0
      vertex -22.4484 -14.8205 0
    endloop
  endfacet
  facet normal 0 0 -1
    outer loop
      vertex -22.6442 -14.2789 0
      vertex -22.569 -14.2066 0
      vertex -22.4484 -14.8205 0
    endloop
  endfacet
  facet normal 0 0 -1
    outer loop
      vertex -21.8239 -14.8647 0
      vertex -21.9877 -13.6985 0
      vertex -21.585 -14.8716 0
    endloop
  endfacet
  facet normal 0 -0 -1
    outer loop
      vertex -0.363831 -1.71175 0
      vertex 0.203308 -24.0844 0
      vertex -0.748642 -24.3309 0
    endloop
  endfacet
  facet normal 0 0 -1
    outer loop
      vertex -21.585 -14.8716 0
      vertex -21.8112 -13.5601 0
      vertex -21.3604 -14.8724 0
    endloop
  endfacet
  facet normal 0 0 -1
    outer loop
      vertex -21.3604 -14.8724 0
      vertex -21.8112 -13.5601 0
      vertex -21.1518 -14.8675 0
    endloop
  endfacet
  facet normal 0 0 -1
    outer loop
      vertex -21.1518 -14.8675 0
      vertex -21.8112 -13.5601 0
      vertex -21.6429 -13.4346 0
    endloop
  endfacet
  facet normal 0 0 -1
    outer loop
      vertex -19.9827 -14.902 0
      vertex -20.0386 -14.7474 0
      vertex -19.6396 -15.6692 0
    endloop
  endfacet
  facet normal -0 0 -1
    outer loop
      vertex -20.9605 -14.8578 0
      vertex -21.1518 -14.8675 0
      vertex -21.6429 -13.4346 0
    endloop
  endfacet
  facet normal -0 0 -1
    outer loop
      vertex -20.788 -14.844 0
      vertex -20.9605 -14.8578 0
      vertex -21.4825 -13.3205 0
    endloop
  endfacet
  facet normal -0 0 -1
    outer loop
      vertex -20.6357 -14.8273 0
      vertex -20.788 -14.844 0
      vertex -21.2552 -13.1682 0
    endloop
  endfacet
  facet normal -0 0 -1
    outer loop
      vertex -20.4602 -14.803 0
      vertex -20.6357 -14.8273 0
      vertex -21.2552 -13.1682 0
    endloop
  endfacet
  facet normal -0 0 -1
    outer loop
      vertex -20.1749 -14.6926 0
      vertex -20.4602 -14.803 0
      vertex -21.2552 -13.1682 0
    endloop
  endfacet
  facet normal 0 -0 -1
    outer loop
      vertex -21.0197 -13.0201 0
      vertex -20.1749 -14.6926 0
      vertex -21.2552 -13.1682 0
    endloop
  endfacet
  facet normal 0 0 -1
    outer loop
      vertex -21.0197 -13.0201 0
      vertex -20.774 -12.9463 0
      vertex -20.1749 -14.6926 0
    endloop
  endfacet
  facet normal 0 0 -1
    outer loop
      vertex -20.1749 -14.6926 0
      vertex -20.774 -12.9463 0
      vertex -20.6956 -12.813 0
    endloop
  endfacet
  facet normal 0 0 -1
    outer loop
      vertex -12.4541 -23.4476 0
      vertex -14.9283 -21.8851 0
      vertex -0.875 -1.51553 0
    endloop
  endfacet
  facet normal 0 0 -1
    outer loop
      vertex -20.0431 -14.7507 0
      vertex -20.1749 -14.6926 0
      vertex -20.0386 -14.7474 0
    endloop
  endfacet
  facet normal 0 0 -1
    outer loop
      vertex -14.9283 -21.8851 0
      vertex -16.3368 -20.6248 0
      vertex -0.875 -1.51553 0
    endloop
  endfacet
  facet normal 0 0 -1
    outer loop
      vertex -12.4541 -23.4476 0
      vertex -0.875 -1.51553 0
      vertex -11.4953 -23.8842 0
    endloop
  endfacet
  facet normal 0 0 -1
    outer loop
      vertex -20.2996 -16.2077 0
      vertex -19.4783 -17.6644 0
      vertex -19.6383 -17.7038 0
    endloop
  endfacet
  facet normal 0 0 -1
    outer loop
      vertex -19.703 -15.8144 0
      vertex -19.6525 -15.6795 0
      vertex -19.6396 -15.6692 0
    endloop
  endfacet
  facet normal 0 0 -1
    outer loop
      vertex -20.7343 -16.6223 0
      vertex -20.0248 -17.7782 0
      vertex -20.2487 -17.8103 0
    endloop
  endfacet
  facet normal 0 0 -1
    outer loop
      vertex -19.6383 -17.7038 0
      vertex -20.4366 -16.3307 0
      vertex -20.2996 -16.2077 0
    endloop
  endfacet
  facet normal 0 0 -1
    outer loop
      vertex -20.7343 -16.6223 0
      vertex -20.5815 -16.4683 0
      vertex -20.0248 -17.7782 0
    endloop
  endfacet
  facet normal 0 0 -1
    outer loop
      vertex -20.895 -16.7942 0
      vertex -20.2487 -17.8103 0
      vertex -20.4913 -17.8374 0
    endloop
  endfacet
  facet normal 0 0 -1
    outer loop
      vertex -20.9782 -16.8875 0
      vertex -20.895 -16.7942 0
      vertex -20.4913 -17.8374 0
    endloop
  endfacet
  facet normal 0 0 -1
    outer loop
      vertex -21.0632 -16.986 0
      vertex -20.9782 -16.8875 0
      vertex -20.4913 -17.8374 0
    endloop
  endfacet
  facet normal 0 0 -1
    outer loop
      vertex -20.7511 -17.8585 0
      vertex -21.0632 -16.986 0
      vertex -20.4913 -17.8374 0
    endloop
  endfacet
  facet normal 0 0 -1
    outer loop
      vertex -20.7511 -17.8585 0
      vertex -21.1499 -17.0899 0
      vertex -21.0632 -16.986 0
    endloop
  endfacet
  facet normal 0 0 -1
    outer loop
      vertex -20.7511 -17.8585 0
      vertex -21.2384 -17.1994 0
      vertex -21.1499 -17.0899 0
    endloop
  endfacet
  facet normal -0 0 -1
    outer loop
      vertex -20.7511 -17.8585 0
      vertex -21.0266 -17.8729 0
      vertex -21.2384 -17.1994 0
    endloop
  endfacet
  facet normal 0 -0 -1
    outer loop
      vertex -21.2384 -17.1994 0
      vertex -21.0266 -17.8729 0
      vertex -21.3815 -17.3857 0
    endloop
  endfacet
  facet normal 0 0 -1
    outer loop
      vertex -21.3815 -17.3857 0
      vertex -21.0266 -17.8729 0
      vertex -21.1122 -17.875 0
    endloop
  endfacet
  facet normal 0 0 -1
    outer loop
      vertex -20.895 -16.7942 0
      vertex -20.7343 -16.6223 0
      vertex -20.2487 -17.8103 0
    endloop
  endfacet
  facet normal 0 0 -1
    outer loop
      vertex -2.75134 -24.7183 0
      vertex -0.540771 -1.66434 0
      vertex -0.748642 -24.3309 0
    endloop
  endfacet
  facet normal 0 0 -1
    outer loop
      vertex -20.5815 -16.4683 0
      vertex -19.8209 -17.7423 0
      vertex -20.0248 -17.7782 0
    endloop
  endfacet
  facet normal 0 0 -1
    outer loop
      vertex -20.5815 -16.4683 0
      vertex -20.4366 -16.3307 0
      vertex -19.8209 -17.7423 0
    endloop
  endfacet
  facet normal 0 0 -1
    outer loop
      vertex -19.8209 -17.7423 0
      vertex -20.4366 -16.3307 0
      vertex -19.6383 -17.7038 0
    endloop
  endfacet
  facet normal 0 0 -1
    outer loop
      vertex -18.7397 -17.4358 0
      vertex -18.1944 -18.3062 0
      vertex -18.5508 -17.7789 0
    endloop
  endfacet
  facet normal 0 -0 -1
    outer loop
      vertex -20.1703 -16.0978 0
      vertex -19.4783 -17.6644 0
      vertex -20.2996 -16.2077 0
    endloop
  endfacet
  facet normal 0 0 -1
    outer loop
      vertex -20.1703 -16.0978 0
      vertex -19.3418 -17.6255 0
      vertex -19.4783 -17.6644 0
    endloop
  endfacet
  facet normal 0 0 -1
    outer loop
      vertex -20.1703 -16.0978 0
      vertex -19.1796 -17.5734 0
      vertex -19.3418 -17.6255 0
    endloop
  endfacet
  facet normal 0 0 -1
    outer loop
      vertex -20.1703 -16.0978 0
      vertex -19.9632 -15.9324 0
      vertex -19.1796 -17.5734 0
    endloop
  endfacet
  facet normal 0 0 -1
    outer loop
      vertex -19.1796 -17.5734 0
      vertex -19.9632 -15.9324 0
      vertex -18.8887 -17.4073 0
    endloop
  endfacet
  facet normal 0 0 -1
    outer loop
      vertex -18.8887 -17.4073 0
      vertex -19.9632 -15.9324 0
      vertex -19.703 -15.8144 0
    endloop
  endfacet
  facet normal 0 0 -1
    outer loop
      vertex -18.7397 -17.4358 0
      vertex -18.8887 -17.4073 0
      vertex -19.703 -15.8144 0
    endloop
  endfacet
  facet normal 0 0 -1
    outer loop
      vertex -18.7225 -18.8775 0
      vertex -17.6135 -20.1619 0
      vertex -17.7322 -20.2222 0
    endloop
  endfacet
  facet normal -0 0 -1
    outer loop
      vertex -18.7397 -17.4358 0
      vertex -18.7496 -17.4451 0
      vertex -18.8887 -17.4073 0
    endloop
  endfacet
  facet normal 0 -0 -1
    outer loop
      vertex -19.6396 -15.6692 0
      vertex -18.7397 -17.4358 0
      vertex -19.703 -15.8144 0
    endloop
  endfacet
  facet normal 0 0 -1
    outer loop
      vertex -17.8758 -20.2881 0
      vertex -18.947 -19.1525 0
      vertex -18.8312 -19.0059 0
    endloop
  endfacet
  facet normal 0 -0 -1
    outer loop
      vertex -18.2078 -18.3197 0
      vertex -18.1944 -18.3062 0
      vertex -18.2358 -18.4611 0
    endloop
  endfacet
  facet normal 0 0 -1
    outer loop
      vertex -16.3368 -20.6248 0
      vertex -16.6176 -20.3526 0
      vertex -17.0369 -19.8487 0
    endloop
  endfacet
  facet normal 0 0 -1
    outer loop
      vertex -18.8312 -19.0059 0
      vertex -17.7322 -20.2222 0
      vertex -17.8758 -20.2881 0
    endloop
  endfacet
  facet normal 0 0 -1
    outer loop
      vertex -19.1979 -19.5067 0
      vertex -19.133 -19.4099 0
      vertex -18.3425 -20.4642 0
    endloop
  endfacet
  facet normal 0 0 -1
    outer loop
      vertex -19.2641 -19.6092 0
      vertex -19.1979 -19.5067 0
      vertex -18.5706 -20.5341 0
    endloop
  endfacet
  facet normal 0 0 -1
    outer loop
      vertex -19.3313 -19.7178 0
      vertex -19.2641 -19.6092 0
      vertex -18.693 -20.568 0
    endloop
  endfacet
  facet normal -0 0 -1
    outer loop
      vertex -18.693 -20.568 0
      vertex -18.8208 -20.6011 0
      vertex -19.3313 -19.7178 0
    endloop
  endfacet
  facet normal 0 -0 -1
    outer loop
      vertex -19.3313 -19.7178 0
      vertex -18.8208 -20.6011 0
      vertex -19.3994 -19.8327 0
    endloop
  endfacet
  facet normal 0 0 -1
    outer loop
      vertex -19.3994 -19.8327 0
      vertex -18.8208 -20.6011 0
      vertex -18.9539 -20.6329 0
    endloop
  endfacet
  facet normal 0 0 -1
    outer loop
      vertex -19.4684 -19.9539 0
      vertex -19.3994 -19.8327 0
      vertex -18.9539 -20.6329 0
    endloop
  endfacet
  facet normal 0 0 -1
    outer loop
      vertex -19.0921 -20.6636 0
      vertex -19.4684 -19.9539 0
      vertex -18.9539 -20.6329 0
    endloop
  endfacet
  facet normal 0 0 -1
    outer loop
      vertex -19.0921 -20.6636 0
      vertex -19.5379 -20.0818 0
      vertex -19.4684 -19.9539 0
    endloop
  endfacet
  facet normal -0 0 -1
    outer loop
      vertex -19.0921 -20.6636 0
      vertex -19.3027 -20.7053 0
      vertex -19.4825 -20.4894 0
    endloop
  endfacet
  facet normal 0 0 -1
    outer loop
      vertex -19.5379 -20.0818 0
      vertex -19.0921 -20.6636 0
      vertex -19.4825 -20.4894 0
    endloop
  endfacet
  facet normal 0 0 -1
    outer loop
      vertex -19.6328 -20.2672 0
      vertex -19.5379 -20.0818 0
      vertex -19.4825 -20.4894 0
    endloop
  endfacet
  facet normal -0 0 -1
    outer loop
      vertex -18.5706 -20.5341 0
      vertex -18.693 -20.568 0
      vertex -19.2641 -19.6092 0
    endloop
  endfacet
  facet normal -0 0 -1
    outer loop
      vertex -18.4537 -20.4994 0
      vertex -18.5706 -20.5341 0
      vertex -19.1979 -19.5067 0
    endloop
  endfacet
  facet normal 0 0 -1
    outer loop
      vertex -8.67227 -24.6824 0
      vertex -0.875 -1.51553 0
      vertex -0.711777 -1.59869 0
    endloop
  endfacet
  facet normal -0 0 -1
    outer loop
      vertex -18.3425 -20.4642 0
      vertex -18.4537 -20.4994 0
      vertex -19.1979 -19.5067 0
    endloop
  endfacet
  facet normal 0 0 -1
    outer loop
      vertex -19.133 -19.4099 0
      vertex -18.2372 -20.4287 0
      vertex -18.3425 -20.4642 0
    endloop
  endfacet
  facet normal 0 0 -1
    outer loop
      vertex -16.8435 -21.4229 0
      vertex -16.763 -21.2838 0
      vertex -15.5982 -22.4418 0
    endloop
  endfacet
  facet normal 0 0 -1
    outer loop
      vertex -19.133 -19.4099 0
      vertex -19.0695 -19.3188 0
      vertex -18.2372 -20.4287 0
    endloop
  endfacet
  facet normal 0 0 -1
    outer loop
      vertex -18.2372 -20.4287 0
      vertex -19.0695 -19.3188 0
      vertex -18.0443 -20.3576 0
    endloop
  endfacet
  facet normal 0 0 -1
    outer loop
      vertex -18.0443 -20.3576 0
      vertex -19.0695 -19.3188 0
      vertex -18.947 -19.1525 0
    endloop
  endfacet
  facet normal -0 0 -1
    outer loop
      vertex -17.8758 -20.2881 0
      vertex -18.0443 -20.3576 0
      vertex -18.947 -19.1525 0
    endloop
  endfacet
  facet normal 0 0 -1
    outer loop
      vertex -17.7322 -20.2222 0
      vertex -18.8312 -19.0059 0
      vertex -18.7225 -18.8775 0
    endloop
  endfacet
  facet normal 0 0 -1
    outer loop
      vertex -18.7225 -18.8775 0
      vertex -18.6212 -18.7652 0
      vertex -17.6135 -20.1619 0
    endloop
  endfacet
  facet normal 0 0 -1
    outer loop
      vertex -17.6135 -20.1619 0
      vertex -18.6212 -18.7652 0
      vertex -17.4689 -20.0815 0
    endloop
  endfacet
  facet normal 0 0 -1
    outer loop
      vertex -17.4689 -20.0815 0
      vertex -18.6212 -18.7652 0
      vertex -18.4982 -18.6365 0
    endloop
  endfacet
  facet normal -0 0 -1
    outer loop
      vertex -17.194 -19.8517 0
      vertex -17.4689 -20.0815 0
      vertex -18.4982 -18.6365 0
    endloop
  endfacet
  facet normal 0 -0 -1
    outer loop
      vertex -18.2358 -18.4611 0
      vertex -17.194 -19.8517 0
      vertex -18.4982 -18.6365 0
    endloop
  endfacet
  facet normal 0 0 -1
    outer loop
      vertex -18.2358 -18.4611 0
      vertex -17.0369 -19.8487 0
      vertex -17.194 -19.8517 0
    endloop
  endfacet
  facet normal 0 0 -1
    outer loop
      vertex -17.194 -19.8517 0
      vertex -17.0369 -19.8487 0
      vertex -17.0504 -19.8644 0
    endloop
  endfacet
  facet normal 0 0 -1
    outer loop
      vertex -18.2358 -18.4611 0
      vertex -18.1944 -18.3062 0
      vertex -17.0369 -19.8487 0
    endloop
  endfacet
  facet normal 0 0 -1
    outer loop
      vertex -6.7601 -24.9235 0
      vertex -0.711777 -1.59869 0
      vertex -5.72894 -24.9423 0
    endloop
  endfacet
  facet normal 0 0 -1
    outer loop
      vertex -16.348 -20.782 0
      vertex -16.3471 -20.6378 0
      vertex -16.3368 -20.6248 0
    endloop
  endfacet
  facet normal 0 0 -1
    outer loop
      vertex -17.0625 -21.871 0
      vertex -17.0173 -21.7692 0
      vertex -15.9861 -22.6971 0
    endloop
  endfacet
  facet normal 0 -0 -1
    outer loop
      vertex -16.9286 -21.5842 0
      vertex -15.896 -22.6427 0
      vertex -16.9727 -21.6736 0
    endloop
  endfacet
  facet normal 0 0 -1
    outer loop
      vertex -17.108 -21.9793 0
      vertex -17.0625 -21.871 0
      vertex -16.0827 -22.7528 0
    endloop
  endfacet
  facet normal 0 0 -1
    outer loop
      vertex -16.295 -22.8667 0
      vertex -17.108 -21.9793 0
      vertex -16.1857 -22.8094 0
    endloop
  endfacet
  facet normal 0 0 -1
    outer loop
      vertex -16.295 -22.8667 0
      vertex -17.1535 -22.0941 0
      vertex -17.108 -21.9793 0
    endloop
  endfacet
  facet normal -0 0 -1
    outer loop
      vertex -16.295 -22.8667 0
      vertex -16.4108 -22.9244 0
      vertex -17.1535 -22.0941 0
    endloop
  endfacet
  facet normal 0 -0 -1
    outer loop
      vertex -17.1535 -22.0941 0
      vertex -16.4108 -22.9244 0
      vertex -17.1988 -22.2156 0
    endloop
  endfacet
  facet normal 0 0 -1
    outer loop
      vertex -17.1988 -22.2156 0
      vertex -16.4108 -22.9244 0
      vertex -16.5328 -22.9822 0
    endloop
  endfacet
  facet normal 0 0 -1
    outer loop
      vertex -17.2437 -22.344 0
      vertex -17.1988 -22.2156 0
      vertex -16.5328 -22.9822 0
    endloop
  endfacet
  facet normal 0 0 -1
    outer loop
      vertex -16.661 -23.0399 0
      vertex -17.2437 -22.344 0
      vertex -16.5328 -22.9822 0
    endloop
  endfacet
  facet normal 0 0 -1
    outer loop
      vertex -16.661 -23.0399 0
      vertex -17.2879 -22.4792 0
      vertex -17.2437 -22.344 0
    endloop
  endfacet
  facet normal -0 0 -1
    outer loop
      vertex -16.661 -23.0399 0
      vertex -16.7954 -23.0972 0
      vertex -17.2879 -22.4792 0
    endloop
  endfacet
  facet normal 0 -0 -1
    outer loop
      vertex -17.2879 -22.4792 0
      vertex -16.7954 -23.0972 0
      vertex -17.3312 -22.6213 0
    endloop
  endfacet
  facet normal 0 -0 -1
    outer loop
      vertex -17.3312 -22.6213 0
      vertex -16.7954 -23.0972 0
      vertex -17.381 -22.8007 0
    endloop
  endfacet
  facet normal 0 0 -1
    outer loop
      vertex -17.381 -22.8007 0
      vertex -16.7954 -23.0972 0
      vertex -16.9939 -23.1761 0
    endloop
  endfacet
  facet normal 0 0 -1
    outer loop
      vertex -16.1857 -22.8094 0
      vertex -17.108 -21.9793 0
      vertex -16.0827 -22.7528 0
    endloop
  endfacet
  facet normal 0 0 -1
    outer loop
      vertex -12.4541 -23.4476 0
      vertex -14.0598 -22.6656 0
      vertex -14.0848 -22.5183 0
    endloop
  endfacet
  facet normal 0 0 -1
    outer loop
      vertex -16.0827 -22.7528 0
      vertex -17.0625 -21.871 0
      vertex -15.9861 -22.6971 0
    endloop
  endfacet
  facet normal 0 0 -1
    outer loop
      vertex -15.9861 -22.6971 0
      vertex -17.0173 -21.7692 0
      vertex -15.896 -22.6427 0
    endloop
  endfacet
  facet normal 0 0 -1
    outer loop
      vertex -15.896 -22.6427 0
      vertex -17.0173 -21.7692 0
      vertex -16.9727 -21.6736 0
    endloop
  endfacet
  facet normal -0 0 -1
    outer loop
      vertex -15.7346 -22.5383 0
      vertex -15.896 -22.6427 0
      vertex -16.9286 -21.5842 0
    endloop
  endfacet
  facet normal 0 -0 -1
    outer loop
      vertex -16.8435 -21.4229 0
      vertex -15.7346 -22.5383 0
      vertex -16.9286 -21.5842 0
    endloop
  endfacet
  facet normal 0 0 -1
    outer loop
      vertex -16.8435 -21.4229 0
      vertex -15.5982 -22.4418 0
      vertex -15.7346 -22.5383 0
    endloop
  endfacet
  facet normal 0 0 -1
    outer loop
      vertex -16.763 -21.2838 0
      vertex -15.4859 -22.3551 0
      vertex -15.5982 -22.4418 0
    endloop
  endfacet
  facet normal 0 0 -1
    outer loop
      vertex -14.9283 -21.8851 0
      vertex -14.0848 -22.5183 0
      vertex -14.1951 -22.4517 0
    endloop
  endfacet
  facet normal 0 0 -1
    outer loop
      vertex -15.4859 -22.3551 0
      vertex -16.763 -21.2838 0
      vertex -16.6884 -21.1651 0
    endloop
  endfacet
  facet normal -0 0 -1
    outer loop
      vertex -15.3964 -22.2799 0
      vertex -15.4859 -22.3551 0
      vertex -16.6884 -21.1651 0
    endloop
  endfacet
  facet normal -0 0 -1
    outer loop
      vertex -15.315 -22.2083 0
      vertex -15.3964 -22.2799 0
      vertex -16.6884 -21.1651 0
    endloop
  endfacet
  facet normal 0 -0 -1
    outer loop
      vertex -16.5925 -21.0233 0
      vertex -15.315 -22.2083 0
      vertex -16.6884 -21.1651 0
    endloop
  endfacet
  facet normal 0 0 -1
    outer loop
      vertex -16.5925 -21.0233 0
      vertex -15.0844 -21.9198 0
      vertex -15.315 -22.2083 0
    endloop
  endfacet
  facet normal 0 0 -1
    outer loop
      vertex -16.5925 -21.0233 0
      vertex -16.348 -20.782 0
      vertex -15.0844 -21.9198 0
    endloop
  endfacet
  facet normal 0 0 -1
    outer loop
      vertex -15.0844 -21.9198 0
      vertex -16.348 -20.782 0
      vertex -14.9283 -21.8851 0
    endloop
  endfacet
  facet normal -0 0 -1
    outer loop
      vertex -14.9411 -21.9038 0
      vertex -15.0844 -21.9198 0
      vertex -14.9283 -21.8851 0
    endloop
  endfacet
  facet normal -0 0 -1
    outer loop
      vertex -3.75101 -24.8488 0
      vertex -5.72894 -24.9423 0
      vertex -0.711777 -1.59869 0
    endloop
  endfacet
  facet normal 0 0 -1
    outer loop
      vertex -14.9283 -21.8851 0
      vertex -16.348 -20.782 0
      vertex -16.3368 -20.6248 0
    endloop
  endfacet
  facet normal 0 0 -1
    outer loop
      vertex -9.8237 -24.5487 0
      vertex -11.4953 -23.8842 0
      vertex -9.69659 -24.4691 0
    endloop
  endfacet
  facet normal -0 0 -1
    outer loop
      vertex -12.9005 -24.0163 0
      vertex -12.9934 -24.126 0
      vertex -14.3724 -23.245 0
    endloop
  endfacet
  facet normal 0 0 -1
    outer loop
      vertex -14.0598 -22.6656 0
      vertex -14.0886 -22.5244 0
      vertex -14.0848 -22.5183 0
    endloop
  endfacet
  facet normal 0 0 -1
    outer loop
      vertex -13.4023 -24.5318 0
      vertex -14.5208 -23.7636 0
      vertex -13.3194 -24.4572 0
    endloop
  endfacet
  facet normal 0 0 -1
    outer loop
      vertex -13.2427 -24.385 0
      vertex -14.5208 -23.7636 0
      vertex -14.4967 -23.661 0
    endloop
  endfacet
  facet normal 0 0 -1
    outer loop
      vertex -14.5661 -23.9884 0
      vertex -14.544 -23.8727 0
      vertex -13.4023 -24.5318 0
    endloop
  endfacet
  facet normal 0 0 -1
    outer loop
      vertex -13.587 -24.688 0
      vertex -14.5661 -23.9884 0
      vertex -13.4915 -24.6089 0
    endloop
  endfacet
  facet normal 0 0 -1
    outer loop
      vertex -13.587 -24.688 0
      vertex -14.5869 -24.1107 0
      vertex -14.5661 -23.9884 0
    endloop
  endfacet
  facet normal 0 0 -1
    outer loop
      vertex -13.587 -24.688 0
      vertex -14.606 -24.2396 0
      vertex -14.5869 -24.1107 0
    endloop
  endfacet
  facet normal -0 0 -1
    outer loop
      vertex -13.587 -24.688 0
      vertex -13.6891 -24.7689 0
      vertex -14.606 -24.2396 0
    endloop
  endfacet
  facet normal 0 -0 -1
    outer loop
      vertex -14.606 -24.2396 0
      vertex -13.6891 -24.7689 0
      vertex -14.6231 -24.375 0
    endloop
  endfacet
  facet normal 0 0 -1
    outer loop
      vertex -14.6231 -24.375 0
      vertex -13.6891 -24.7689 0
      vertex -13.7978 -24.8515 0
    endloop
  endfacet
  facet normal 0 0 -1
    outer loop
      vertex -13.9132 -24.9354 0
      vertex -14.6231 -24.375 0
      vertex -13.7978 -24.8515 0
    endloop
  endfacet
  facet normal 0 0 -1
    outer loop
      vertex -13.9132 -24.9354 0
      vertex -14.6381 -24.5169 0
      vertex -14.6231 -24.375 0
    endloop
  endfacet
  facet normal 0 0 -1
    outer loop
      vertex -13.9132 -24.9354 0
      vertex -14.6506 -24.6652 0
      vertex -14.6381 -24.5169 0
    endloop
  endfacet
  facet normal -0 0 -1
    outer loop
      vertex -13.9132 -24.9354 0
      vertex -14.0354 -25.0204 0
      vertex -14.6506 -24.6652 0
    endloop
  endfacet
  facet normal 0 -0 -1
    outer loop
      vertex -14.6506 -24.6652 0
      vertex -14.0354 -25.0204 0
      vertex -14.6614 -24.8435 0
    endloop
  endfacet
  facet normal 0 0 -1
    outer loop
      vertex -14.6614 -24.8435 0
      vertex -14.0354 -25.0204 0
      vertex -14.1944 -25.1252 0
    endloop
  endfacet
  facet normal 0 0 -1
    outer loop
      vertex -13.4915 -24.6089 0
      vertex -14.5661 -23.9884 0
      vertex -13.4023 -24.5318 0
    endloop
  endfacet
  facet normal 0 0 -1
    outer loop
      vertex -13.4023 -24.5318 0
      vertex -14.544 -23.8727 0
      vertex -14.5208 -23.7636 0
    endloop
  endfacet
  facet normal 0 0 -1
    outer loop
      vertex -13.3194 -24.4572 0
      vertex -14.5208 -23.7636 0
      vertex -13.2427 -24.385 0
    endloop
  endfacet
  facet normal 0 0 -1
    outer loop
      vertex -13.2427 -24.385 0
      vertex -14.4967 -23.661 0
      vertex -14.472 -23.5651 0
    endloop
  endfacet
  facet normal -0 0 -1
    outer loop
      vertex -13.1069 -24.2493 0
      vertex -13.2427 -24.385 0
      vertex -14.472 -23.5651 0
    endloop
  endfacet
  facet normal 0 -0 -1
    outer loop
      vertex -14.4219 -23.3925 0
      vertex -13.1069 -24.2493 0
      vertex -14.472 -23.5651 0
    endloop
  endfacet
  facet normal 0 0 -1
    outer loop
      vertex -14.4219 -23.3925 0
      vertex -12.9934 -24.126 0
      vertex -13.1069 -24.2493 0
    endloop
  endfacet
  facet normal 0 0 -1
    outer loop
      vertex -14.4219 -23.3925 0
      vertex -14.3724 -23.245 0
      vertex -12.9934 -24.126 0
    endloop
  endfacet
  facet normal 0 0 -1
    outer loop
      vertex -14.3724 -23.245 0
      vertex -14.3253 -23.1216 0
      vertex -12.9005 -24.0163 0
    endloop
  endfacet
  facet normal 0 -0 -1
    outer loop
      vertex -0.711777 -1.59869 0
      vertex -0.540771 -1.66434 0
      vertex -3.75101 -24.8488 0
    endloop
  endfacet
  facet normal 0 0 -1
    outer loop
      vertex -14.3253 -23.1216 0
      vertex -12.8264 -23.9212 0
      vertex -12.9005 -24.0163 0
    endloop
  endfacet
  facet normal 0 0 -1
    outer loop
      vertex -14.3253 -23.1216 0
      vertex -14.2604 -22.969 0
      vertex -12.8264 -23.9212 0
    endloop
  endfacet
  facet normal 0 0 -1
    outer loop
      vertex -12.8264 -23.9212 0
      vertex -14.2604 -22.969 0
      vertex -12.7615 -23.8344 0
    endloop
  endfacet
  facet normal 0 0 -1
    outer loop
      vertex -12.7615 -23.8344 0
      vertex -14.2604 -22.969 0
      vertex -12.5991 -23.5089 0
    endloop
  endfacet
  facet normal 0 0 -1
    outer loop
      vertex -12.5991 -23.5089 0
      vertex -14.2604 -22.969 0
      vertex -14.0598 -22.6656 0
    endloop
  endfacet
  facet normal -0 0 -1
    outer loop
      vertex -12.4541 -23.4476 0
      vertex -12.5991 -23.5089 0
      vertex -14.0598 -22.6656 0
    endloop
  endfacet
  facet normal 0 0 -1
    outer loop
      vertex -12.4541 -23.4476 0
      vertex -12.4624 -23.4633 0
      vertex -12.5991 -23.5089 0
    endloop
  endfacet
  facet normal 0 0 -1
    outer loop
      vertex -14.9283 -21.8851 0
      vertex -12.4541 -23.4476 0
      vertex -14.0848 -22.5183 0
    endloop
  endfacet
  facet normal 0 0 -1
    outer loop
      vertex -11.6269 -24.6558 0
      vertex -11.607 -24.528 0
      vertex -10.0163 -25.0952 0
    endloop
  endfacet
  facet normal 0 0 -1
    outer loop
      vertex -9.69659 -24.4691 0
      vertex -0.875 -1.51553 0
      vertex -8.67227 -24.6824 0
    endloop
  endfacet
  facet normal 0 0 -1
    outer loop
      vertex -11.4987 -23.8913 0
      vertex -11.4953 -23.8842 0
      vertex -11.4409 -24.0233 0
    endloop
  endfacet
  facet normal 0 0 -1
    outer loop
      vertex -6.86989 -25.0232 0
      vertex -8.67227 -24.6824 0
      vertex -6.7601 -24.9235 0
    endloop
  endfacet
  facet normal 0 0 -1
    outer loop
      vertex -10.344 -25.622 0
      vertex -11.6611 -25.0876 0
      vertex -10.2836 -25.5356 0
    endloop
  endfacet
  facet normal 0 0 -1
    outer loop
      vertex -10.4806 -25.8056 0
      vertex -11.6632 -25.3045 0
      vertex -10.4096 -25.7121 0
    endloop
  endfacet
  facet normal 0 0 -1
    outer loop
      vertex -10.5573 -25.9024 0
      vertex -11.6607 -25.4219 0
      vertex -10.4806 -25.8056 0
    endloop
  endfacet
  facet normal 0 0 -1
    outer loop
      vertex -10.5573 -25.9024 0
      vertex -11.6556 -25.5453 0
      vertex -11.6607 -25.4219 0
    endloop
  endfacet
  facet normal 0 0 -1
    outer loop
      vertex -10.5573 -25.9024 0
      vertex -11.6477 -25.6743 0
      vertex -11.6556 -25.5453 0
    endloop
  endfacet
  facet normal -0 0 -1
    outer loop
      vertex -10.5573 -25.9024 0
      vertex -10.6399 -26.0024 0
      vertex -11.6477 -25.6743 0
    endloop
  endfacet
  facet normal 0 0 -1
    outer loop
      vertex -11.6477 -25.6743 0
      vertex -10.6399 -26.0024 0
      vertex -11.6368 -25.8089 0
    endloop
  endfacet
  facet normal 0 0 -1
    outer loop
      vertex -10.4806 -25.8056 0
      vertex -11.6607 -25.4219 0
      vertex -11.6632 -25.3045 0
    endloop
  endfacet
  facet normal 0 0 -1
    outer loop
      vertex -10.7286 -26.1055 0
      vertex -11.6368 -25.8089 0
      vertex -10.6399 -26.0024 0
    endloop
  endfacet
  facet normal 0 0 -1
    outer loop
      vertex -10.7286 -26.1055 0
      vertex -11.6226 -25.9488 0
      vertex -11.6368 -25.8089 0
    endloop
  endfacet
  facet normal -0 0 -1
    outer loop
      vertex -10.7286 -26.1055 0
      vertex -10.8235 -26.2114 0
      vertex -11.6226 -25.9488 0
    endloop
  endfacet
  facet normal 0 0 -1
    outer loop
      vertex -11.6226 -25.9488 0
      vertex -10.8235 -26.2114 0
      vertex -11.6051 -26.0939 0
    endloop
  endfacet
  facet normal 0 0 -1
    outer loop
      vertex -11.6051 -26.0939 0
      vertex -10.8235 -26.2114 0
      vertex -10.925 -26.3199 0
    endloop
  endfacet
  facet normal 0 0 -1
    outer loop
      vertex -11.578 -26.2811 0
      vertex -11.6051 -26.0939 0
      vertex -10.925 -26.3199 0
    endloop
  endfacet
  facet normal 0 0 -1
    outer loop
      vertex -11.054 -26.4514 0
      vertex -11.578 -26.2811 0
      vertex -10.925 -26.3199 0
    endloop
  endfacet
  facet normal 0 0 -1
    outer loop
      vertex -10.4096 -25.7121 0
      vertex -11.6632 -25.3045 0
      vertex -11.6632 -25.193 0
    endloop
  endfacet
  facet normal 0 0 -1
    outer loop
      vertex -11.6632 -25.193 0
      vertex -10.344 -25.622 0
      vertex -10.4096 -25.7121 0
    endloop
  endfacet
  facet normal 0 0 -1
    outer loop
      vertex -8.55124 -26.1172 0
      vertex -7.29428 -26.3792 0
      vertex -8.52614 -26.2311 0
    endloop
  endfacet
  facet normal 0 0 -1
    outer loop
      vertex -11.6632 -25.193 0
      vertex -11.6611 -25.0876 0
      vertex -10.344 -25.622 0
    endloop
  endfacet
  facet normal 0 0 -1
    outer loop
      vertex -11.6611 -25.0876 0
      vertex -11.6571 -24.9885 0
      vertex -10.2836 -25.5356 0
    endloop
  endfacet
  facet normal 0 0 -1
    outer loop
      vertex -10.2836 -25.5356 0
      vertex -11.6571 -24.9885 0
      vertex -10.1774 -25.3736 0
    endloop
  endfacet
  facet normal 0 0 -1
    outer loop
      vertex -8.57315 -26.0082 0
      vertex -8.60805 -25.8056 0
      vertex -7.15253 -26.0775 0
    endloop
  endfacet
  facet normal 0 0 -1
    outer loop
      vertex -10.1774 -25.3736 0
      vertex -11.6571 -24.9885 0
      vertex -11.6443 -24.8093 0
    endloop
  endfacet
  facet normal -0 0 -1
    outer loop
      vertex -10.0889 -25.2268 0
      vertex -10.1774 -25.3736 0
      vertex -11.6443 -24.8093 0
    endloop
  endfacet
  facet normal 0 -0 -1
    outer loop
      vertex -8.67227 -24.6824 0
      vertex -8.59509 -24.8163 0
      vertex -8.67786 -24.6983 0
    endloop
  endfacet
  facet normal 0 -0 -1
    outer loop
      vertex -11.6269 -24.6558 0
      vertex -10.0889 -25.2268 0
      vertex -11.6443 -24.8093 0
    endloop
  endfacet
  facet normal 0 0 -1
    outer loop
      vertex -11.6269 -24.6558 0
      vertex -10.0163 -25.0952 0
      vertex -10.0889 -25.2268 0
    endloop
  endfacet
  facet normal 0 0 -1
    outer loop
      vertex -11.607 -24.528 0
      vertex -9.95753 -24.9789 0
      vertex -10.0163 -25.0952 0
    endloop
  endfacet
  facet normal 0 0 -1
    outer loop
      vertex -11.607 -24.528 0
      vertex -11.5754 -24.3673 0
      vertex -9.95753 -24.9789 0
    endloop
  endfacet
  facet normal 0 0 -1
    outer loop
      vertex -9.95753 -24.9789 0
      vertex -11.5754 -24.3673 0
      vertex -9.91046 -24.8812 0
    endloop
  endfacet
  facet normal 0 0 -1
    outer loop
      vertex -9.91046 -24.8812 0
      vertex -11.5754 -24.3673 0
      vertex -11.4409 -24.0233 0
    endloop
  endfacet
  facet normal -0 0 -1
    outer loop
      vertex -9.8237 -24.5487 0
      vertex -9.91046 -24.8812 0
      vertex -11.4409 -24.0233 0
    endloop
  endfacet
  facet normal 0 0 -1
    outer loop
      vertex -11.4953 -23.8842 0
      vertex -9.8237 -24.5487 0
      vertex -11.4409 -24.0233 0
    endloop
  endfacet
  facet normal 0 0 -1
    outer loop
      vertex -9.69659 -24.4691 0
      vertex -9.69933 -24.476 0
      vertex -9.8237 -24.5487 0
    endloop
  endfacet
  facet normal 0 0 -1
    outer loop
      vertex -8.67227 -24.6824 0
      vertex -0.711777 -1.59869 0
      vertex -6.7601 -24.9235 0
    endloop
  endfacet
  facet normal 0 0 -1
    outer loop
      vertex -5.72894 -24.9423 0
      vertex -6.65886 -24.9339 0
      vertex -6.7601 -24.9235 0
    endloop
  endfacet
  facet normal 0 0 -1
    outer loop
      vertex -11.4953 -23.8842 0
      vertex -0.875 -1.51553 0
      vertex -9.69659 -24.4691 0
    endloop
  endfacet
  facet normal -0 0 -1
    outer loop
      vertex -3.81631 -25.2548 0
      vertex -3.84308 -25.4381 0
      vertex -5.6308 -25.0617 0
    endloop
  endfacet
  facet normal 0 0 -1
    outer loop
      vertex -7.35005 -26.4878 0
      vertex -8.49774 -26.3497 0
      vertex -8.52614 -26.2311 0
    endloop
  endfacet
  facet normal -0 0 -1
    outer loop
      vertex -7.29428 -26.3792 0
      vertex -7.35005 -26.4878 0
      vertex -8.52614 -26.2311 0
    endloop
  endfacet
  facet normal 0 0 -1
    outer loop
      vertex -8.49774 -26.3497 0
      vertex -7.35005 -26.4878 0
      vertex -8.46593 -26.4726 0
    endloop
  endfacet
  facet normal 0 0 -1
    outer loop
      vertex -8.46593 -26.4726 0
      vertex -7.35005 -26.4878 0
      vertex -7.41049 -26.6003 0
    endloop
  endfacet
  facet normal 0 0 -1
    outer loop
      vertex -8.4306 -26.5999 0
      vertex -8.46593 -26.4726 0
      vertex -7.41049 -26.6003 0
    endloop
  endfacet
  facet normal 0 0 -1
    outer loop
      vertex -7.47586 -26.7167 0
      vertex -8.4306 -26.5999 0
      vertex -7.41049 -26.6003 0
    endloop
  endfacet
  facet normal -0 0 -1
    outer loop
      vertex -7.47586 -26.7167 0
      vertex -8.39168 -26.7311 0
      vertex -8.4306 -26.5999 0
    endloop
  endfacet
  facet normal 0 0 -1
    outer loop
      vertex -7.47586 -26.7167 0
      vertex -7.54642 -26.8371 0
      vertex -8.39168 -26.7311 0
    endloop
  endfacet
  facet normal 0 0 -1
    outer loop
      vertex -8.39168 -26.7311 0
      vertex -7.54642 -26.8371 0
      vertex -8.34911 -26.866 0
    endloop
  endfacet
  facet normal 0 0 -1
    outer loop
      vertex -8.34911 -26.866 0
      vertex -7.54642 -26.8371 0
      vertex -7.62241 -26.9612 0
    endloop
  endfacet
  facet normal 0 0 -1
    outer loop
      vertex -7.72824 -27.1252 0
      vertex -8.34911 -26.866 0
      vertex -7.62241 -26.9612 0
    endloop
  endfacet
  facet normal 0 0 -1
    outer loop
      vertex -7.72824 -27.1252 0
      vertex -8.28044 -27.068 0
      vertex -8.34911 -26.866 0
    endloop
  endfacet
  facet normal 0 0 -1
    outer loop
      vertex -5.59322 -25.5633 0
      vertex -3.87035 -25.5988 0
      vertex -5.55862 -25.7009 0
    endloop
  endfacet
  facet normal -0 0 -1
    outer loop
      vertex -7.24294 -26.2747 0
      vertex -7.29428 -26.3792 0
      vertex -8.55124 -26.1172 0
    endloop
  endfacet
  facet normal 0 0 -1
    outer loop
      vertex -8.55124 -26.1172 0
      vertex -8.57315 -26.0082 0
      vertex -7.24294 -26.2747 0
    endloop
  endfacet
  facet normal -0 0 -1
    outer loop
      vertex -4.35823 -27.1929 0
      vertex -4.91623 -27.2357 0
      vertex -4.96509 -27.146 0
    endloop
  endfacet
  facet normal 0 0 -1
    outer loop
      vertex -7.24294 -26.2747 0
      vertex -8.57315 -26.0082 0
      vertex -7.15253 -26.0775 0
    endloop
  endfacet
  facet normal -0 0 -1
    outer loop
      vertex -4.27589 -26.9927 0
      vertex -4.96509 -27.146 0
      vertex -5.09033 -26.9002 0
    endloop
  endfacet
  facet normal 0 0 -1
    outer loop
      vertex -7.15253 -26.0775 0
      vertex -8.60805 -25.8056 0
      vertex -7.07689 -25.8961 0
    endloop
  endfacet
  facet normal 0 0 -1
    outer loop
      vertex -4.27589 -26.9927 0
      vertex -5.09033 -26.9002 0
      vertex -4.22528 -26.8613 0
    endloop
  endfacet
  facet normal 0 0 -1
    outer loop
      vertex -7.07689 -25.8961 0
      vertex -8.60805 -25.8056 0
      vertex -8.6321 -25.625 0
    endloop
  endfacet
  facet normal 0 0 -1
    outer loop
      vertex -5.09033 -26.9002 0
      vertex -5.20197 -26.6647 0
      vertex -4.17873 -26.7343 0
    endloop
  endfacet
  facet normal -0 0 -1
    outer loop
      vertex -7.01418 -25.7302 0
      vertex -7.07689 -25.8961 0
      vertex -8.6321 -25.625 0
    endloop
  endfacet
  facet normal 0 0 -1
    outer loop
      vertex -5.20197 -26.6647 0
      vertex -4.13594 -26.6114 0
      vertex -4.17873 -26.7343 0
    endloop
  endfacet
  facet normal 0 0 -1
    outer loop
      vertex -8.64685 -25.4677 0
      vertex -7.01418 -25.7302 0
      vertex -8.6321 -25.625 0
    endloop
  endfacet
  facet normal 0 0 -1
    outer loop
      vertex -5.29982 -26.441 0
      vertex -4.06087 -26.3781 0
      vertex -5.20197 -26.6647 0
    endloop
  endfacet
  facet normal 0 0 -1
    outer loop
      vertex -8.64685 -25.4677 0
      vertex -6.96266 -25.5792 0
      vertex -7.01418 -25.7302 0
    endloop
  endfacet
  facet normal 0 0 -1
    outer loop
      vertex -5.45483 -26.0365 0
      vertex -3.99832 -26.161 0
      vertex -5.384 -26.2311 0
    endloop
  endfacet
  facet normal 0 0 -1
    outer loop
      vertex -8.64685 -25.4677 0
      vertex -8.65399 -25.3347 0
      vertex -6.96266 -25.5792 0
    endloop
  endfacet
  facet normal 0 0 -1
    outer loop
      vertex -3.94672 -25.9593 0
      vertex -3.99832 -26.161 0
      vertex -5.45483 -26.0365 0
    endloop
  endfacet
  facet normal 0 0 -1
    outer loop
      vertex -6.96266 -25.5792 0
      vertex -8.65666 -25.1693 0
      vertex -6.89058 -25.3382 0
    endloop
  endfacet
  facet normal -0 0 -1
    outer loop
      vertex -3.94672 -25.9593 0
      vertex -5.45483 -26.0365 0
      vertex -5.5128 -25.8592 0
    endloop
  endfacet
  facet normal 0 0 -1
    outer loop
      vertex -6.89058 -25.3382 0
      vertex -8.65666 -25.1693 0
      vertex -8.59509 -24.8163 0
    endloop
  endfacet
  facet normal -0 0 -1
    outer loop
      vertex -3.90454 -25.7722 0
      vertex -5.5128 -25.8592 0
      vertex -5.55862 -25.7009 0
    endloop
  endfacet
  facet normal -0 0 -1
    outer loop
      vertex -6.86989 -25.0232 0
      vertex -6.89058 -25.3382 0
      vertex -8.59509 -24.8163 0
    endloop
  endfacet
  facet normal 0 0 -1
    outer loop
      vertex -8.67227 -24.6824 0
      vertex -6.86989 -25.0232 0
      vertex -8.59509 -24.8163 0
    endloop
  endfacet
  facet normal 0 0 -1
    outer loop
      vertex -6.7601 -24.9235 0
      vertex -6.76143 -24.9283 0
      vertex -6.86989 -25.0232 0
    endloop
  endfacet
  facet normal -0 0 -1
    outer loop
      vertex -2.75134 -24.7183 0
      vertex -3.75101 -24.8488 0
      vertex -0.540771 -1.66434 0
    endloop
  endfacet
  facet normal 0 -0 -1
    outer loop
      vertex -5.72894 -24.9423 0
      vertex -5.6308 -25.0617 0
      vertex -5.73306 -24.9602 0
    endloop
  endfacet
  facet normal -0 0 -1
    outer loop
      vertex -0.363831 -1.71175 0
      vertex -0.748642 -24.3309 0
      vertex -0.540771 -1.66434 0
    endloop
  endfacet
  facet normal 0 0 -1
    outer loop
      vertex -3.90454 -25.7722 0
      vertex -5.55862 -25.7009 0
      vertex -3.87035 -25.5988 0
    endloop
  endfacet
  facet normal 0 0 -1
    outer loop
      vertex -5.384 -26.2311 0
      vertex -4.06087 -26.3781 0
      vertex -5.29982 -26.441 0
    endloop
  endfacet
  facet normal 0 0 -1
    outer loop
      vertex -21.4129 -9.81552 0
      vertex -21.5822 -8.87318 0
      vertex -1.41577 -1.02861 0
    endloop
  endfacet
  facet normal 0 0 -1
    outer loop
      vertex 1.41577 -1.02861 0
      vertex 16.7622 -15.565 0
      vertex 15.9973 -16.1062 0
    endloop
  endfacet
  facet normal -0 0 -1
    outer loop
      vertex -1.30049 -1.17097 0
      vertex -21.4129 -9.81552 0
      vertex -1.41577 -1.02861 0
    endloop
  endfacet
  facet normal 0 0 -1
    outer loop
      vertex -20.9679 -11.8709 0
      vertex -21.4129 -9.81552 0
      vertex -1.30049 -1.17097 0
    endloop
  endfacet
  facet normal 0 0 -1
    outer loop
      vertex -21.8567 -6.73274 0
      vertex -1.59869 -0.711777 0
      vertex -1.51553 -0.874985 0
    endloop
  endfacet
  facet normal 0 0 -1
    outer loop
      vertex -21.8567 -6.73274 0
      vertex -1.51553 -0.874985 0
      vertex -21.5822 -8.87318 0
    endloop
  endfacet
  facet normal 0 0 -1
    outer loop
      vertex -22.0941 -3.60335 0
      vertex -1.66434 -0.540771 0
      vertex -21.9509 -5.80197 0
    endloop
  endfacet
  facet normal 0 -0 -1
    outer loop
      vertex -1.66434 -0.540771 0
      vertex -1.59869 -0.711777 0
      vertex -21.9509 -5.80197 0
    endloop
  endfacet
  facet normal 0 0 -1
    outer loop
      vertex -1.71175 -0.363831 0
      vertex -22.0941 -3.60335 0
      vertex -22.1283 -2.90761 0
    endloop
  endfacet
  facet normal 0 0 -1
    outer loop
      vertex -22.1345 -2.68535 0
      vertex -1.7404 -0.182922 0
      vertex -1.71175 -0.363831 0
    endloop
  endfacet
  facet normal -0 0 -1
    outer loop
      vertex -1.75 0 0
      vertex -22.1784 -0.456223 0
      vertex -22.1825 0 0
    endloop
  endfacet
  facet normal 0 0 -1
    outer loop
      vertex -1.7404 0.182922 0
      vertex -22.1784 0.456223 0
      vertex -22.1345 2.68535 0
    endloop
  endfacet
  facet normal 0 -0 -1
    outer loop
      vertex -22.0941 3.60335 0
      vertex -1.71175 0.363831 0
      vertex -22.1283 2.90761 0
    endloop
  endfacet
  facet normal 0 0 -1
    outer loop
      vertex -1.71175 0.363831 0
      vertex -22.1345 2.68535 0
      vertex -22.1283 2.90761 0
    endloop
  endfacet
  facet normal 0 0 -1
    outer loop
      vertex -1.66434 0.540771 0
      vertex -21.9517 5.80217 0
      vertex -1.59869 0.711777 0
    endloop
  endfacet
  facet normal 0 0 -1
    outer loop
      vertex -21.8567 6.73274 0
      vertex -21.5828 8.87346 0
      vertex -1.51553 0.874985 0
    endloop
  endfacet
  facet normal -0 0 -1
    outer loop
      vertex -1.41577 1.02861 0
      vertex -1.51553 0.874985 0
      vertex -21.5828 8.87346 0
    endloop
  endfacet
  facet normal 0 0 -1
    outer loop
      vertex -1.30049 1.17097 0
      vertex -21.4129 9.81552 0
      vertex -20.9684 11.8712 0
    endloop
  endfacet
  facet normal 0 0 -1
    outer loop
      vertex -1.41577 1.02861 0
      vertex -21.4129 9.81552 0
      vertex -1.30049 1.17097 0
    endloop
  endfacet
  facet normal 0 0 -1
    outer loop
      vertex -1.17097 1.30049 0
      vertex -20.6956 12.813 0
      vertex -20.0386 14.7474 0
    endloop
  endfacet
  facet normal 0 0 -1
    outer loop
      vertex -1.02861 1.41577 0
      vertex -19.6396 15.6692 0
      vertex -18.7397 17.4358 0
    endloop
  endfacet
  facet normal -0 0 -1
    outer loop
      vertex -0.874985 1.51553 0
      vertex -1.02861 1.41577 0
      vertex -17.0369 19.8487 0
    endloop
  endfacet
  facet normal 0 0 -1
    outer loop
      vertex -1.02861 1.41577 0
      vertex -18.1944 18.3062 0
      vertex -17.0369 19.8487 0
    endloop
  endfacet
  facet normal 0 0 -1
    outer loop
      vertex -0.874985 1.51553 0
      vertex -14.9283 21.8851 0
      vertex -12.4541 23.4476 0
    endloop
  endfacet
  facet normal 0 0 -1
    outer loop
      vertex -12.4541 23.4476 0
      vertex -11.4953 23.8842 0
      vertex -0.874985 1.51553 0
    endloop
  endfacet
  facet normal 0 0 -1
    outer loop
      vertex -8.67227 24.6824 0
      vertex -6.7601 24.9235 0
      vertex -0.711777 1.59869 0
    endloop
  endfacet
  facet normal 0 0 -1
    outer loop
      vertex -8.67227 24.6824 0
      vertex -0.711777 1.59869 0
      vertex -0.874985 1.51553 0
    endloop
  endfacet
  facet normal -0 -0 -1
    outer loop
      vertex -2.75134 24.7183 0
      vertex -0.540771 1.66434 0
      vertex -3.75101 24.8488 0
    endloop
  endfacet
  facet normal -0 0 -1
    outer loop
      vertex 0.203308 24.0844 0
      vertex -0.363831 1.71175 0
      vertex -0.748642 24.3309 0
    endloop
  endfacet
  facet normal 0 0 -1
    outer loop
      vertex -0.363831 1.71175 0
      vertex 2.20598 23.4522 0
      vertex -0.182922 1.7404 0
    endloop
  endfacet
  facet normal 0 -0 -1
    outer loop
      vertex 0.203308 24.0844 0
      vertex 2.20598 23.4522 0
      vertex -0.363831 1.71175 0
    endloop
  endfacet
  facet normal 0 0 -1
    outer loop
      vertex -0.182922 1.7404 0
      vertex 3.10585 23.1211 0
      vertex 0 1.75 0
    endloop
  endfacet
  facet normal 0 -0 -1
    outer loop
      vertex 5.45531 22.1403 0
      vertex 5.94966 21.9069 0
      vertex 0.182922 1.7404 0
    endloop
  endfacet
  facet normal -0 0 -1
    outer loop
      vertex 5.45531 22.1403 0
      vertex 0.182922 1.7404 0
      vertex 5.09784 22.2958 0
    endloop
  endfacet
  facet normal -0 0 -1
    outer loop
      vertex 7.92715 20.9376 0
      vertex 0.363831 1.71175 0
      vertex 5.94966 21.9069 0
    endloop
  endfacet
  facet normal -0 0 -1
    outer loop
      vertex 8.74094 20.51 0
      vertex 0.540771 1.66434 0
      vertex 8.11398 20.8434 0
    endloop
  endfacet
  facet normal 0 0 -1
    outer loop
      vertex 0.540771 1.66434 0
      vertex 8.74094 20.51 0
      vertex 0.711777 1.59869 0
    endloop
  endfacet
  facet normal 0 -0 -1
    outer loop
      vertex 10.6955 19.4377 0
      vertex 11.4842 18.9788 0
      vertex 0.875 1.51553 0
    endloop
  endfacet
  facet normal 0 -0 -1
    outer loop
      vertex 11.4842 18.9788 0
      vertex 13.3926 17.8261 0
      vertex 1.02861 1.41577 0
    endloop
  endfacet
  facet normal 0 -0 -1
    outer loop
      vertex 13.3926 17.8261 0
      vertex 14.1687 17.3336 0
      vertex 1.17097 1.30049 0
    endloop
  endfacet
  facet normal 0 0 -1
    outer loop
      vertex 15.9973 16.1062 0
      vertex 1.41577 1.02861 0
      vertex 1.30049 1.17097 0
    endloop
  endfacet
  facet normal -0 0 -1
    outer loop
      vertex 18.47 14.2499 0
      vertex 1.51553 0.874985 0
      vertex 16.7622 15.565 0
    endloop
  endfacet
  facet normal 0 0 -1
    outer loop
      vertex 21.4525 11.5209 0
      vertex 1.71175 0.363831 0
      vertex 1.66434 0.540771 0
    endloop
  endfacet
  facet normal 0 -0 -1
    outer loop
      vertex 22.7859 9.97795 0
      vertex 23.3977 9.17693 0
      vertex 1.71175 0.363831 0
    endloop
  endfacet
  facet normal 0 0 -1
    outer loop
      vertex 1.7404 0.182922 0
      vertex 24.9542 6.6046 0
      vertex 25.7225 4.83281 0
    endloop
  endfacet
  facet normal 0 -0 -1
    outer loop
      vertex 24.4764 7.51318 0
      vertex 24.9542 6.6046 0
      vertex 1.7404 0.182922 0
    endloop
  endfacet
  facet normal 0 0 -1
    outer loop
      vertex 1.75 0 0
      vertex 1.7404 0.182922 0
      vertex 26.025 3.83493 0
    endloop
  endfacet
  facet normal 0 0 -1
    outer loop
      vertex 1.7404 0.182922 0
      vertex 25.7225 4.83281 0
      vertex 26.025 3.83493 0
    endloop
  endfacet
  facet normal 0 0 -1
    outer loop
      vertex 1.75 0 0
      vertex 26.5282 0.938065 0
      vertex 26.5282 -0.938065 0
    endloop
  endfacet
  facet normal -0 0 -1
    outer loop
      vertex 26.5282 -0.938065 0
      vertex 26.4227 -1.98622 0
      vertex 1.75 0 0
    endloop
  endfacet
  facet normal 0 -0 -1
    outer loop
      vertex 1.75 0 0
      vertex 26.025 -3.83493 0
      vertex 1.7404 -0.182922 0
    endloop
  endfacet
  facet normal 0 0 -1
    outer loop
      vertex 1.7404 -0.182922 0
      vertex 25.7225 -4.83281 0
      vertex 24.9542 -6.6046 0
    endloop
  endfacet
  facet normal 0 0 -1
    outer loop
      vertex 24.4764 -7.51318 0
      vertex 1.7404 -0.182922 0
      vertex 24.9542 -6.6046 0
    endloop
  endfacet
  facet normal 0 0 -1
    outer loop
      vertex 23.3977 -9.17693 0
      vertex 1.71175 -0.363831 0
      vertex 1.7404 -0.182922 0
    endloop
  endfacet
  facet normal -0 0 -1
    outer loop
      vertex 23.3977 -9.17693 0
      vertex 22.7859 -9.97795 0
      vertex 1.71175 -0.363831 0
    endloop
  endfacet
  facet normal 0 -0 -1
    outer loop
      vertex 1.71175 -0.363831 0
      vertex 21.4525 -11.5209 0
      vertex 1.66434 -0.540771 0
    endloop
  endfacet
  facet normal 0 0 -1
    outer loop
      vertex 1.66434 -0.540771 0
      vertex 21.4525 -11.5209 0
      vertex 20.7561 -12.2183 0
    endloop
  endfacet
  facet normal 0 0 -1
    outer loop
      vertex 1.59869 -0.711777 0
      vertex 1.66434 -0.540771 0
      vertex 19.2137 -13.6412 0
    endloop
  endfacet
  facet normal 0 0 -1
    outer loop
      vertex 18.47 -14.2499 0
      vertex 1.59869 -0.711777 0
      vertex 19.2137 -13.6412 0
    endloop
  endfacet
  facet normal 0 0 -1
    outer loop
      vertex 16.7622 -15.565 0
      vertex 1.51553 -0.874985 0
      vertex 18.47 -14.2499 0
    endloop
  endfacet
  facet normal 0 0 -1
    outer loop
      vertex 16.7622 -15.565 0
      vertex 1.41577 -1.02861 0
      vertex 1.51553 -0.874985 0
    endloop
  endfacet
  facet normal 0 0 -1
    outer loop
      vertex 15.9973 -16.1062 0
      vertex 1.30049 -1.17097 0
      vertex 1.41577 -1.02861 0
    endloop
  endfacet
  facet normal -0 0 -1
    outer loop
      vertex 15.9973 -16.1062 0
      vertex 14.1687 -17.3336 0
      vertex 1.30049 -1.17097 0
    endloop
  endfacet
  facet normal 0 -0 -1
    outer loop
      vertex 1.30049 -1.17097 0
      vertex 14.1687 -17.3336 0
      vertex 1.17097 -1.30049 0
    endloop
  endfacet
  facet normal 0 -0 -1
    outer loop
      vertex 1.17097 -1.30049 0
      vertex 13.3926 -17.8261 0
      vertex 1.02861 -1.41577 0
    endloop
  endfacet
  facet normal 0 0 -1
    outer loop
      vertex 1.02861 -1.41577 0
      vertex 13.3926 -17.8261 0
      vertex 11.4842 -18.9788 0
    endloop
  endfacet
  facet normal 0 0 -1
    outer loop
      vertex 0.875 -1.51553 0
      vertex 11.4842 -18.9788 0
      vertex 10.6953 -19.4374 0
    endloop
  endfacet
  facet normal 0 0 -1
    outer loop
      vertex 0.711777 -1.59869 0
      vertex 0.875 -1.51553 0
      vertex 10.6953 -19.4374 0
    endloop
  endfacet
  facet normal 0 0 -1
    outer loop
      vertex 0.540771 -1.66434 0
      vertex 8.74094 -20.51 0
      vertex 8.11398 -20.8434 0
    endloop
  endfacet
  facet normal 0 0 -1
    outer loop
      vertex 7.92715 -20.9376 0
      vertex 0.540771 -1.66434 0
      vertex 8.11398 -20.8434 0
    endloop
  endfacet
  facet normal 0 0 -1
    outer loop
      vertex 5.94966 -21.9069 0
      vertex 0.363831 -1.71175 0
      vertex 7.92715 -20.9376 0
    endloop
  endfacet
  facet normal 0 0 -1
    outer loop
      vertex 5.94966 -21.9069 0
      vertex 0.182922 -1.7404 0
      vertex 0.363831 -1.71175 0
    endloop
  endfacet
  facet normal -0 0 1
    outer loop
      vertex -2.75299 -24.7332 4
      vertex -2.6367 -24.8183 4
      vertex -2.75134 -24.7183 4
    endloop
  endfacet
  facet normal -0 0 1
    outer loop
      vertex -4.96509 -27.146 4
      vertex -4.35823 -27.1929 4
      vertex -4.27589 -26.9927 4
    endloop
  endfacet
  facet normal 0 0 1
    outer loop
      vertex -5.20197 -26.6647 4
      vertex -4.13594 -26.6114 4
      vertex -4.06087 -26.3781 4
    endloop
  endfacet
  facet normal 0 -0 1
    outer loop
      vertex -4.22528 -26.8613 4
      vertex -4.17873 -26.7343 4
      vertex -5.09033 -26.9002 4
    endloop
  endfacet
  facet normal -0 0 1
    outer loop
      vertex -5.384 -26.2311 4
      vertex -4.06087 -26.3781 4
      vertex -3.99832 -26.161 4
    endloop
  endfacet
  facet normal 0 0 1
    outer loop
      vertex -3.90454 -25.7722 4
      vertex -5.5128 -25.8592 4
      vertex -3.94672 -25.9593 4
    endloop
  endfacet
  facet normal 0 -0 1
    outer loop
      vertex -3.87035 -25.5988 4
      vertex -3.84308 -25.4381 4
      vertex -5.59322 -25.5633 4
    endloop
  endfacet
  facet normal 0 0 1
    outer loop
      vertex -3.84308 -25.4381 4
      vertex -5.62921 -25.3967 4
      vertex -5.59322 -25.5633 4
    endloop
  endfacet
  facet normal 0 0 1
    outer loop
      vertex -5.6308 -25.0617 4
      vertex -5.62921 -25.3967 4
      vertex -3.84308 -25.4381 4
    endloop
  endfacet
  facet normal 0 0 1
    outer loop
      vertex -5.72894 -24.9423 4
      vertex -5.6308 -25.0617 4
      vertex -3.84418 -24.9705 4
    endloop
  endfacet
  facet normal -0 0 1
    outer loop
      vertex -5.72894 -24.9423 4
      vertex -3.84418 -24.9705 4
      vertex -3.75101 -24.8488 4
    endloop
  endfacet
  facet normal 0 0 1
    outer loop
      vertex -3.81631 -25.2548 4
      vertex -3.84418 -24.9705 4
      vertex -5.6308 -25.0617 4
    endloop
  endfacet
  facet normal 0 0 1
    outer loop
      vertex -8.65666 -25.1693 4
      vertex -8.65399 -25.3347 4
      vertex -6.96266 -25.5792 4
    endloop
  endfacet
  facet normal 0 0 1
    outer loop
      vertex 16.3003 17.0881 4
      vertex 15.1433 18.1019 4
      vertex 14.733 17.7839 4
    endloop
  endfacet
  facet normal 0 0 1
    outer loop
      vertex -3.75101 -24.8488 4
      vertex -3.84418 -24.9705 4
      vertex -3.75258 -24.8593 4
    endloop
  endfacet
  facet normal -0 0 1
    outer loop
      vertex 22.2772 11.9441 4
      vertex 23.3475 10.7234 4
      vertex 22.4562 12.026 4
    endloop
  endfacet
  facet normal 0 0 1
    outer loop
      vertex -2.75134 -24.7183 4
      vertex -3.75101 -24.8488 4
      vertex -3.44397 -24.8253 4
    endloop
  endfacet
  facet normal 0 0 1
    outer loop
      vertex -0.824829 -24.4639 4
      vertex -0.748962 -24.3414 4
      vertex -0.748642 -24.3309 4
    endloop
  endfacet
  facet normal 0 0 1
    outer loop
      vertex -2.38696 -25.5812 4
      vertex -0.813248 -25.4606 4
      vertex -0.794678 -25.2647 4
    endloop
  endfacet
  facet normal 0 -0 1
    outer loop
      vertex -0.794678 -25.2647 4
      vertex -0.776382 -24.9917 4
      vertex -2.4613 -25.425 4
    endloop
  endfacet
  facet normal 0 0 1
    outer loop
      vertex 2.20598 -23.4522 4
      vertex 2.14423 -23.59 4
      vertex 2.20673 -23.4602 4
    endloop
  endfacet
  facet normal -0 0 1
    outer loop
      vertex -2.29974 -25.7518 4
      vertex -2.19966 -25.9349 4
      vertex -0.83783 -25.6691 4
    endloop
  endfacet
  facet normal 0 0 1
    outer loop
      vertex -0.8694 -25.8911 4
      vertex -2.08672 -26.129 4
      vertex -1.96126 -26.3325 4
    endloop
  endfacet
  facet normal 0 0 1
    outer loop
      vertex -0.8694 -25.8911 4
      vertex -1.96126 -26.3325 4
      vertex -0.90921 -26.1277 4
    endloop
  endfacet
  facet normal 0 0 1
    outer loop
      vertex -0.90921 -26.1277 4
      vertex -1.82378 -26.5439 4
      vertex -0.958572 -26.38 4
    endloop
  endfacet
  facet normal -0 0 1
    outer loop
      vertex -1.82378 -26.5439 4
      vertex -1.43425 -26.8332 4
      vertex -0.958572 -26.38 4
    endloop
  endfacet
  facet normal 0 0 1
    outer loop
      vertex -1.43425 -26.8332 4
      vertex -1.0188 -26.6487 4
      vertex -0.958572 -26.38 4
    endloop
  endfacet
  facet normal 0 -0 1
    outer loop
      vertex -1.0426 -26.7453 4
      vertex -1.0188 -26.6487 4
      vertex -1.43425 -26.8332 4
    endloop
  endfacet
  facet normal 0 0 1
    outer loop
      vertex -1.82378 -26.5439 4
      vertex -1.67476 -26.7619 4
      vertex -1.43425 -26.8332 4
    endloop
  endfacet
  facet normal 0 0 1
    outer loop
      vertex -1.67476 -26.7619 4
      vertex -1.60474 -26.8595 4
      vertex -1.43425 -26.8332 4
    endloop
  endfacet
  facet normal -0 0 1
    outer loop
      vertex -1.96126 -26.3325 4
      vertex -1.82378 -26.5439 4
      vertex -0.90921 -26.1277 4
    endloop
  endfacet
  facet normal 0 0 1
    outer loop
      vertex -0.83783 -25.6691 4
      vertex -2.08672 -26.129 4
      vertex -0.8694 -25.8911 4
    endloop
  endfacet
  facet normal -0 0 1
    outer loop
      vertex -2.19966 -25.9349 4
      vertex -2.08672 -26.129 4
      vertex -0.83783 -25.6691 4
    endloop
  endfacet
  facet normal -0 -0 1
    outer loop
      vertex 0.2034 -24.0948 4
      vertex 0.329132 -24.1651 4
      vertex 0.203308 -24.0844 4
    endloop
  endfacet
  facet normal 0 0 1
    outer loop
      vertex -2.29974 -25.7518 4
      vertex -0.83783 -25.6691 4
      vertex -0.813248 -25.4606 4
    endloop
  endfacet
  facet normal 0 -0 1
    outer loop
      vertex -2.29974 -25.7518 4
      vertex -0.813248 -25.4606 4
      vertex -2.38696 -25.5812 4
    endloop
  endfacet
  facet normal 0 -0 1
    outer loop
      vertex -2.38696 -25.5812 4
      vertex -0.794678 -25.2647 4
      vertex -2.4613 -25.425 4
    endloop
  endfacet
  facet normal 0 -0 1
    outer loop
      vertex -2.4613 -25.425 4
      vertex -0.776382 -24.9917 4
      vertex -2.52298 -25.2847 4
    endloop
  endfacet
  facet normal 0 0 1
    outer loop
      vertex -0.776382 -24.9917 4
      vertex -2.58963 -25.1206 4
      vertex -2.52298 -25.2847 4
    endloop
  endfacet
  facet normal 0 0 1
    outer loop
      vertex -2.6367 -24.8183 4
      vertex -2.58963 -25.1206 4
      vertex -0.776382 -24.9917 4
    endloop
  endfacet
  facet normal -0 0 1
    outer loop
      vertex -2.6367 -24.8183 4
      vertex -0.776382 -24.9917 4
      vertex -0.765854 -24.7137 4
    endloop
  endfacet
  facet normal 0 0 1
    outer loop
      vertex -2.6367 -24.8183 4
      vertex -0.765854 -24.7137 4
      vertex -0.824829 -24.4639 4
    endloop
  endfacet
  facet normal 0 -0 1
    outer loop
      vertex -2.6367 -24.8183 4
      vertex -0.824829 -24.4639 4
      vertex -2.75134 -24.7183 4
    endloop
  endfacet
  facet normal 0 0 1
    outer loop
      vertex -2.75134 -24.7183 4
      vertex -0.824829 -24.4639 4
      vertex -0.748642 -24.3309 4
    endloop
  endfacet
  facet normal -0 -0 1
    outer loop
      vertex -19.6525 15.6795 4
      vertex -19.6396 15.6692 4
      vertex -19.703 15.8144 4
    endloop
  endfacet
  facet normal 0 0 1
    outer loop
      vertex -0.748642 -24.3309 4
      vertex -0.317307 -24.234 4
      vertex 0.203308 -24.0844 4
    endloop
  endfacet
  facet normal -0 0 1
    outer loop
      vertex -20.9684 11.8712 4
      vertex -1.30049 1.17097 4
      vertex -20.6956 12.813 4
    endloop
  endfacet
  facet normal 0 -0 1
    outer loop
      vertex 0.73761 -24.9621 4
      vertex 2.24277 -24.483 4
      vertex 0.632492 -24.8049 4
    endloop
  endfacet
  facet normal 0 0 1
    outer loop
      vertex 2.23752 -24.1905 4
      vertex 0.53952 -24.6585 4
      vertex 0.632492 -24.8049 4
    endloop
  endfacet
  facet normal 0 0 1
    outer loop
      vertex 5.09784 -22.2958 4
      vertex 5.04695 -22.435 4
      vertex 5.09894 -22.3006 4
    endloop
  endfacet
  facet normal -0 0 1
    outer loop
      vertex 0.854721 -25.1288 4
      vertex 0.983093 -25.3035 4
      vertex 2.24039 -24.7964 4
    endloop
  endfacet
  facet normal 0 0 1
    outer loop
      vertex 2.23351 -25.0189 4
      vertex 1.12213 -25.485 4
      vertex 2.2216 -25.2537 4
    endloop
  endfacet
  facet normal 0 0 1
    outer loop
      vertex 2.2216 -25.2537 4
      vertex 1.27145 -25.672 4
      vertex 2.20395 -25.5017 4
    endloop
  endfacet
  facet normal -0 0 1
    outer loop
      vertex 1.27145 -25.672 4
      vertex 1.43008 -25.8636 4
      vertex 2.20395 -25.5017 4
    endloop
  endfacet
  facet normal -0 0 1
    outer loop
      vertex 1.43008 -25.8636 4
      vertex 1.88133 -25.9867 4
      vertex 2.20395 -25.5017 4
    endloop
  endfacet
  facet normal 0 -0 1
    outer loop
      vertex 2.16475 -25.8895 4
      vertex 2.1794 -25.7642 4
      vertex 1.88133 -25.9867 4
    endloop
  endfacet
  facet normal 0 -0 1
    outer loop
      vertex 2.1794 -25.7642 4
      vertex 2.20395 -25.5017 4
      vertex 1.88133 -25.9867 4
    endloop
  endfacet
  facet normal 0 0 1
    outer loop
      vertex 1.43008 -25.8636 4
      vertex 1.60419 -26.0664 4
      vertex 1.88133 -25.9867 4
    endloop
  endfacet
  facet normal -0 0 1
    outer loop
      vertex 1.12213 -25.485 4
      vertex 1.27145 -25.672 4
      vertex 2.2216 -25.2537 4
    endloop
  endfacet
  facet normal -0 0 1
    outer loop
      vertex 0.983093 -25.3035 4
      vertex 1.12213 -25.485 4
      vertex 2.23351 -25.0189 4
    endloop
  endfacet
  facet normal 0 0 1
    outer loop
      vertex 0.983093 -25.3035 4
      vertex 2.23351 -25.0189 4
      vertex 2.24039 -24.7964 4
    endloop
  endfacet
  facet normal -0 -0 1
    outer loop
      vertex 3.10678 -23.128 4
      vertex 3.23859 -23.1862 4
      vertex 3.10585 -23.1211 4
    endloop
  endfacet
  facet normal 0 0 1
    outer loop
      vertex 0.854721 -25.1288 4
      vertex 2.24039 -24.7964 4
      vertex 2.24277 -24.483 4
    endloop
  endfacet
  facet normal 0 -0 1
    outer loop
      vertex 0.854721 -25.1288 4
      vertex 2.24277 -24.483 4
      vertex 0.73761 -24.9621 4
    endloop
  endfacet
  facet normal 0 0 1
    outer loop
      vertex 2.24277 -24.483 4
      vertex 2.23752 -24.1905 4
      vertex 0.632492 -24.8049 4
    endloop
  endfacet
  facet normal 0 0 1
    outer loop
      vertex 2.23752 -24.1905 4
      vertex 0.404343 -24.4308 4
      vertex 0.53952 -24.6585 4
    endloop
  endfacet
  facet normal 0 0 1
    outer loop
      vertex 2.22041 -23.8071 4
      vertex 0.404343 -24.4308 4
      vertex 2.23752 -24.1905 4
    endloop
  endfacet
  facet normal -0 0 1
    outer loop
      vertex 0.329132 -24.1651 4
      vertex 0.404343 -24.4308 4
      vertex 2.22041 -23.8071 4
    endloop
  endfacet
  facet normal 0 0 1
    outer loop
      vertex 0.329132 -24.1651 4
      vertex 2.22041 -23.8071 4
      vertex 2.14423 -23.59 4
    endloop
  endfacet
  facet normal 0 -0 1
    outer loop
      vertex 0.329132 -24.1651 4
      vertex 2.14423 -23.59 4
      vertex 0.203308 -24.0844 4
    endloop
  endfacet
  facet normal 0 0 1
    outer loop
      vertex 0.203308 -24.0844 4
      vertex 2.14423 -23.59 4
      vertex 2.20598 -23.4522 4
    endloop
  endfacet
  facet normal -0 0 1
    outer loop
      vertex 1.51553 -0.874985 4
      vertex 18.47 -14.2499 4
      vertex 1.59869 -0.711777 4
    endloop
  endfacet
  facet normal 0 0 1
    outer loop
      vertex 2.20598 -23.4522 4
      vertex 2.65334 -23.2986 4
      vertex 3.10585 -23.1211 4
    endloop
  endfacet
  facet normal -0 0 1
    outer loop
      vertex 14.1703 17.3356 4
      vertex 14.1687 17.3336 4
      vertex 14.3112 17.3659 4
    endloop
  endfacet
  facet normal 0 0 1
    outer loop
      vertex 5.19244 -23.2195 4
      vertex 3.4966 -23.6384 4
      vertex 3.67221 -23.8558 4
    endloop
  endfacet
  facet normal -0 -0 1
    outer loop
      vertex 3.32822 -23.4173 4
      vertex 3.4966 -23.6384 4
      vertex 3.23859 -23.1862 4
    endloop
  endfacet
  facet normal -0 0 1
    outer loop
      vertex 5.94966 -21.9069 4
      vertex 6.08655 -21.9606 4
      vertex 7.88371 -21.0768 4
    endloop
  endfacet
  facet normal 0 0 1
    outer loop
      vertex 4.08987 -24.3337 4
      vertex 5.23969 -23.9718 4
      vertex 5.22311 -23.6371 4
    endloop
  endfacet
  facet normal -0 0 1
    outer loop
      vertex 4.32721 -24.5872 4
      vertex 4.58011 -24.8467 4
      vertex 5.24933 -24.329 4
    endloop
  endfacet
  facet normal 0 0 1
    outer loop
      vertex 4.95294 -24.8586 4
      vertex 5.25087 -24.5815 4
      vertex 5.24933 -24.329 4
    endloop
  endfacet
  facet normal 0 -0 1
    outer loop
      vertex 5.24924 -24.7297 4
      vertex 5.25087 -24.5815 4
      vertex 4.95294 -24.8586 4
    endloop
  endfacet
  facet normal 0 0 1
    outer loop
      vertex 5.24933 -24.329 4
      vertex 4.58011 -24.8467 4
      vertex 4.95294 -24.8586 4
    endloop
  endfacet
  facet normal 0 0 1
    outer loop
      vertex 4.58011 -24.8467 4
      vertex 4.69414 -24.9602 4
      vertex 4.95294 -24.8586 4
    endloop
  endfacet
  facet normal 0 0 1
    outer loop
      vertex 4.32721 -24.5872 4
      vertex 5.24933 -24.329 4
      vertex 5.23969 -23.9718 4
    endloop
  endfacet
  facet normal 0 -0 1
    outer loop
      vertex 4.32721 -24.5872 4
      vertex 5.23969 -23.9718 4
      vertex 4.08987 -24.3337 4
    endloop
  endfacet
  facet normal 0 -0 1
    outer loop
      vertex 4.08987 -24.3337 4
      vertex 5.22311 -23.6371 4
      vertex 3.87073 -24.0888 4
    endloop
  endfacet
  facet normal -0 -0 1
    outer loop
      vertex 5.95099 -21.9118 4
      vertex 6.08655 -21.9606 4
      vertex 5.94966 -21.9069 4
    endloop
  endfacet
  facet normal 0 0 1
    outer loop
      vertex 5.22311 -23.6371 4
      vertex 5.19244 -23.2195 4
      vertex 3.87073 -24.0888 4
    endloop
  endfacet
  facet normal 0 0 1
    outer loop
      vertex 5.19244 -23.2195 4
      vertex 3.67221 -23.8558 4
      vertex 3.87073 -24.0888 4
    endloop
  endfacet
  facet normal 0 0 1
    outer loop
      vertex 5.15411 -22.8277 4
      vertex 3.4966 -23.6384 4
      vertex 5.19244 -23.2195 4
    endloop
  endfacet
  facet normal -0 0 1
    outer loop
      vertex 3.23859 -23.1862 4
      vertex 3.4966 -23.6384 4
      vertex 5.15411 -22.8277 4
    endloop
  endfacet
  facet normal 0 0 1
    outer loop
      vertex 5.04695 -22.435 4
      vertex 5.15411 -22.8277 4
      vertex 5.13116 -22.6253 4
    endloop
  endfacet
  facet normal 0 0 1
    outer loop
      vertex 3.23859 -23.1862 4
      vertex 5.15411 -22.8277 4
      vertex 5.04695 -22.435 4
    endloop
  endfacet
  facet normal 0 -0 1
    outer loop
      vertex 3.23859 -23.1862 4
      vertex 5.04695 -22.435 4
      vertex 3.10585 -23.1211 4
    endloop
  endfacet
  facet normal 0 0 1
    outer loop
      vertex 3.10585 -23.1211 4
      vertex 5.04695 -22.435 4
      vertex 5.09784 -22.2958 4
    endloop
  endfacet
  facet normal 0 0 1
    outer loop
      vertex 26.4227 -1.98622 4
      vertex 1.75 0 4
      vertex 26.025 -3.83493 4
    endloop
  endfacet
  facet normal 0 0 1
    outer loop
      vertex 0.182922 -1.7404 4
      vertex 5.45531 -22.1403 4
      vertex 5.94966 -21.9069 4
    endloop
  endfacet
  facet normal -0 0 1
    outer loop
      vertex 23.7795 9.32237 4
      vertex 24.5195 7.65443 4
      vertex 23.9516 9.39082 4
    endloop
  endfacet
  facet normal 0 0 1
    outer loop
      vertex 8.03482 -21.6511 4
      vertex 6.37666 -22.3763 4
      vertex 6.64861 -22.6605 4
    endloop
  endfacet
  facet normal -0 -0 1
    outer loop
      vertex 6.18126 -22.162 4
      vertex 6.37666 -22.3763 4
      vertex 6.08655 -21.9606 4
    endloop
  endfacet
  facet normal -0 0 1
    outer loop
      vertex 8.74094 -20.51 4
      vertex 8.88029 -20.5555 4
      vertex 10.6572 -19.5766 4
    endloop
  endfacet
  facet normal 0 -0 1
    outer loop
      vertex 7.2785 -23.2725 4
      vertex 8.15514 -22.6026 4
      vertex 6.95103 -22.9611 4
    endloop
  endfacet
  facet normal 0 -0 1
    outer loop
      vertex 7.80679 -23.5652 4
      vertex 8.19833 -23.0693 4
      vertex 7.2785 -23.2725 4
    endloop
  endfacet
  facet normal 0 0 1
    outer loop
      vertex 8.21877 -23.3576 4
      vertex 8.19833 -23.0693 4
      vertex 7.80679 -23.5652 4
    endloop
  endfacet
  facet normal 0 0 1
    outer loop
      vertex 7.2785 -23.2725 4
      vertex 7.67 -23.6298 4
      vertex 7.80679 -23.5652 4
    endloop
  endfacet
  facet normal 0 0 1
    outer loop
      vertex 8.19833 -23.0693 4
      vertex 8.15514 -22.6026 4
      vertex 7.2785 -23.2725 4
    endloop
  endfacet
  facet normal 0 0 1
    outer loop
      vertex 8.15514 -22.6026 4
      vertex 8.10501 -22.1654 4
      vertex 6.95103 -22.9611 4
    endloop
  endfacet
  facet normal 0 0 1
    outer loop
      vertex 8.10501 -22.1654 4
      vertex 6.64861 -22.6605 4
      vertex 6.95103 -22.9611 4
    endloop
  endfacet
  facet normal -0 -0 1
    outer loop
      vertex 8.74245 -20.5136 4
      vertex 8.88029 -20.5555 4
      vertex 8.74094 -20.51 4
    endloop
  endfacet
  facet normal 0 0 1
    outer loop
      vertex 8.03482 -21.6511 4
      vertex 6.64861 -22.6605 4
      vertex 8.10501 -22.1654 4
    endloop
  endfacet
  facet normal -0 0 1
    outer loop
      vertex 6.08655 -21.9606 4
      vertex 6.37666 -22.3763 4
      vertex 8.03482 -21.6511 4
    endloop
  endfacet
  facet normal 0 0 1
    outer loop
      vertex 7.88371 -21.0768 4
      vertex 8.03482 -21.6511 4
      vertex 7.97234 -21.2497 4
    endloop
  endfacet
  facet normal 0 0 1
    outer loop
      vertex 6.08655 -21.9606 4
      vertex 8.03482 -21.6511 4
      vertex 7.88371 -21.0768 4
    endloop
  endfacet
  facet normal 0 0 1
    outer loop
      vertex 7.92715 -20.9376 4
      vertex 7.88371 -21.0768 4
      vertex 7.92792 -20.9396 4
    endloop
  endfacet
  facet normal 0 0 1
    outer loop
      vertex 5.94966 -21.9069 4
      vertex 7.88371 -21.0768 4
      vertex 7.92715 -20.9376 4
    endloop
  endfacet
  facet normal 0 0 1
    outer loop
      vertex 24.4764 7.51318 4
      vertex 23.5472 9.1561 4
      vertex 23.3977 9.17693 4
    endloop
  endfacet
  facet normal -0 0 1
    outer loop
      vertex 0.875 -1.51553 4
      vertex 11.4842 -18.9788 4
      vertex 1.02861 -1.41577 4
    endloop
  endfacet
  facet normal 0 0 1
    outer loop
      vertex 1.30049 1.17097 4
      vertex 15.9973 16.1062 4
      vertex 14.1687 17.3336 4
    endloop
  endfacet
  facet normal 0 0 1
    outer loop
      vertex 10.7522 -19.7438 4
      vertex 9.26332 -21.0103 4
      vertex 10.8681 -20.3444 4
    endloop
  endfacet
  facet normal -0 -0 1
    outer loop
      vertex 8.97572 -20.7344 4
      vertex 9.26332 -21.0103 4
      vertex 8.88029 -20.5555 4
    endloop
  endfacet
  facet normal -0 0 1
    outer loop
      vertex 11.4842 -18.9788 4
      vertex 11.6252 -19.0177 4
      vertex 13.3615 -17.9683 4
    endloop
  endfacet
  facet normal 0 0 1
    outer loop
      vertex 11.0416 -21.4281 4
      vertex 10.9579 -20.8702 4
      vertex 10.0586 -21.7241 4
    endloop
  endfacet
  facet normal 0 0 1
    outer loop
      vertex 11.0416 -21.4281 4
      vertex 10.0586 -21.7241 4
      vertex 10.5538 -22.141 4
    endloop
  endfacet
  facet normal 0 0 1
    outer loop
      vertex 11.0416 -21.4281 4
      vertex 10.5538 -22.141 4
      vertex 11.0951 -21.8395 4
    endloop
  endfacet
  facet normal 0 0 1
    outer loop
      vertex 10.9579 -20.8702 4
      vertex 9.64461 -21.3603 4
      vertex 10.0586 -21.7241 4
    endloop
  endfacet
  facet normal 0 0 1
    outer loop
      vertex 10.8681 -20.3444 4
      vertex 9.64461 -21.3603 4
      vertex 10.9579 -20.8702 4
    endloop
  endfacet
  facet normal -0 -0 1
    outer loop
      vertex 11.4858 -18.9814 4
      vertex 11.6252 -19.0177 4
      vertex 11.4842 -18.9788 4
    endloop
  endfacet
  facet normal -0 0 1
    outer loop
      vertex 9.26332 -21.0103 4
      vertex 9.64461 -21.3603 4
      vertex 10.8681 -20.3444 4
    endloop
  endfacet
  facet normal 0 0 1
    outer loop
      vertex 10.6572 -19.5766 4
      vertex 9.26332 -21.0103 4
      vertex 10.7522 -19.7438 4
    endloop
  endfacet
  facet normal -0 0 1
    outer loop
      vertex 8.88029 -20.5555 4
      vertex 9.26332 -21.0103 4
      vertex 10.6572 -19.5766 4
    endloop
  endfacet
  facet normal 0 0 1
    outer loop
      vertex 8.74094 -20.51 4
      vertex 10.6572 -19.5766 4
      vertex 10.6953 -19.4374 4
    endloop
  endfacet
  facet normal 0 0 1
    outer loop
      vertex 26.4899 1.59952 4
      vertex 26.4227 1.98622 4
      vertex 26.5282 0.938065 4
    endloop
  endfacet
  facet normal 0 -0 1
    outer loop
      vertex 1.59869 0.711777 4
      vertex 18.47 14.2499 4
      vertex 1.51553 0.874985 4
    endloop
  endfacet
  facet normal 0 0 1
    outer loop
      vertex 13.4686 -18.1404 4
      vertex 11.7226 -19.1836 4
      vertex 13.5865 -18.6252 4
    endloop
  endfacet
  facet normal 0 0 1
    outer loop
      vertex 13.5865 -18.6252 4
      vertex 12.1847 -19.5842 4
      vertex 13.6983 -19.1381 4
    endloop
  endfacet
  facet normal 0 0 1
    outer loop
      vertex 15.9973 -16.1062 4
      vertex 14.3112 -17.3659 4
      vertex 15.9752 -16.2514 4
    endloop
  endfacet
  facet normal 0 0 1
    outer loop
      vertex 13.8053 -19.6849 4
      vertex 12.5952 -19.9249 4
      vertex 13.0365 -20.2764 4
    endloop
  endfacet
  facet normal 0 0 1
    outer loop
      vertex 13.8053 -19.6849 4
      vertex 13.0365 -20.2764 4
      vertex 13.8969 -20.2077 4
    endloop
  endfacet
  facet normal -0 0 1
    outer loop
      vertex 13.0365 -20.2764 4
      vertex 13.367 -20.5291 4
      vertex 13.8969 -20.2077 4
    endloop
  endfacet
  facet normal 0 0 1
    outer loop
      vertex 13.6983 -19.1381 4
      vertex 12.5952 -19.9249 4
      vertex 13.8053 -19.6849 4
    endloop
  endfacet
  facet normal -0 0 1
    outer loop
      vertex 12.1847 -19.5842 4
      vertex 12.5952 -19.9249 4
      vertex 13.6983 -19.1381 4
    endloop
  endfacet
  facet normal -0 -0 1
    outer loop
      vertex 14.1703 -17.3356 4
      vertex 14.3112 -17.3659 4
      vertex 14.1687 -17.3336 4
    endloop
  endfacet
  facet normal -0 0 1
    outer loop
      vertex 11.7226 -19.1836 4
      vertex 12.1847 -19.5842 4
      vertex 13.5865 -18.6252 4
    endloop
  endfacet
  facet normal 0 0 1
    outer loop
      vertex 13.3615 -17.9683 4
      vertex 11.7226 -19.1836 4
      vertex 13.4686 -18.1404 4
    endloop
  endfacet
  facet normal -0 0 1
    outer loop
      vertex 11.6252 -19.0177 4
      vertex 11.7226 -19.1836 4
      vertex 13.3615 -17.9683 4
    endloop
  endfacet
  facet normal 0 0 1
    outer loop
      vertex 13.3926 -17.8261 4
      vertex 13.3615 -17.9683 4
      vertex 13.394 -17.828 4
    endloop
  endfacet
  facet normal 0 0 1
    outer loop
      vertex 11.4842 -18.9788 4
      vertex 13.3615 -17.9683 4
      vertex 13.3926 -17.8261 4
    endloop
  endfacet
  facet normal -0 0 1
    outer loop
      vertex 1.71175 0.363831 4
      vertex 1.7404 0.182922 4
      vertex 23.3977 9.17693 4
    endloop
  endfacet
  facet normal 0 0 1
    outer loop
      vertex 21.4525 11.5209 4
      vertex 20.7561 12.2183 4
      vertex 1.66434 0.540771 4
    endloop
  endfacet
  facet normal 0 0 1
    outer loop
      vertex 16.2176 -16.8013 4
      vertex 14.4166 -17.5291 4
      vertex 14.8126 -17.8468 4
    endloop
  endfacet
  facet normal 0 0 1
    outer loop
      vertex 16.2176 -16.8013 4
      vertex 14.8126 -17.8468 4
      vertex 16.3277 -17.1883 4
    endloop
  endfacet
  facet normal 0 0 1
    outer loop
      vertex 18.47 -14.2499 4
      vertex 16.9058 -15.5883 4
      vertex 18.4606 -14.3978 4
    endloop
  endfacet
  facet normal 0 0 1
    outer loop
      vertex 16.5412 -18.053 4
      vertex 16.4362 -17.6079 4
      vertex 15.5895 -18.4306 4
    endloop
  endfacet
  facet normal 0 0 1
    outer loop
      vertex 16.5412 -18.053 4
      vertex 15.5895 -18.4306 4
      vertex 15.8794 -18.6346 4
    endloop
  endfacet
  facet normal 0 0 1
    outer loop
      vertex 16.5412 -18.053 4
      vertex 15.8794 -18.6346 4
      vertex 16.6282 -18.4558 4
    endloop
  endfacet
  facet normal -0 0 1
    outer loop
      vertex 15.8794 -18.6346 4
      vertex 16.1184 -18.7961 4
      vertex 16.6282 -18.4558 4
    endloop
  endfacet
  facet normal 0 0 1
    outer loop
      vertex 16.4362 -17.6079 4
      vertex 15.2294 -18.1667 4
      vertex 15.5895 -18.4306 4
    endloop
  endfacet
  facet normal 0 0 1
    outer loop
      vertex 16.3277 -17.1883 4
      vertex 15.2294 -18.1667 4
      vertex 16.4362 -17.6079 4
    endloop
  endfacet
  facet normal 0 0 1
    outer loop
      vertex 18.892 -15.2975 4
      vertex 18.7898 -15.018 4
      vertex 17.6819 -16.2233 4
    endloop
  endfacet
  facet normal -0 0 1
    outer loop
      vertex 14.8126 -17.8468 4
      vertex 15.2294 -18.1667 4
      vertex 16.3277 -17.1883 4
    endloop
  endfacet
  facet normal 0 0 1
    outer loop
      vertex 16.1023 -16.4342 4
      vertex 15.9752 -16.2514 4
      vertex 16.2176 -16.8013 4
    endloop
  endfacet
  facet normal 0 0 1
    outer loop
      vertex 15.9752 -16.2514 4
      vertex 14.4166 -17.5291 4
      vertex 16.2176 -16.8013 4
    endloop
  endfacet
  facet normal -0 0 1
    outer loop
      vertex 14.3112 -17.3659 4
      vertex 14.4166 -17.5291 4
      vertex 15.9752 -16.2514 4
    endloop
  endfacet
  facet normal 0 0 1
    outer loop
      vertex 15.9973 -16.1062 4
      vertex 15.9752 -16.2514 4
      vertex 16.0007 -16.1096 4
    endloop
  endfacet
  facet normal -0 0 1
    outer loop
      vertex 14.1687 -17.3336 4
      vertex 14.3112 -17.3659 4
      vertex 15.9973 -16.1062 4
    endloop
  endfacet
  facet normal 0 -0 1
    outer loop
      vertex 21.5988 -11.5176 4
      vertex 22.7859 -9.97795 4
      vertex 21.4525 -11.5209 4
    endloop
  endfacet
  facet normal 0 0 1
    outer loop
      vertex 18.47 -14.2499 4
      vertex 16.7622 -15.565 4
      vertex 16.9058 -15.5883 4
    endloop
  endfacet
  facet normal -0 0 1
    outer loop
      vertex 17.0285 -15.7564 4
      vertex 17.3496 -15.9913 4
      vertex 18.6905 -14.7672 4
    endloop
  endfacet
  facet normal 0 0 1
    outer loop
      vertex 20.7631 -12.3676 4
      vertex 19.3574 -13.652 4
      vertex 19.5073 -13.8265 4
    endloop
  endfacet
  facet normal 0 -0 1
    outer loop
      vertex 18.2391 -16.5853 4
      vertex 19.0961 -15.9283 4
      vertex 17.9503 -16.4019 4
    endloop
  endfacet
  facet normal 0 -0 1
    outer loop
      vertex 18.4448 -16.7105 4
      vertex 19.0961 -15.9283 4
      vertex 18.2391 -16.5853 4
    endloop
  endfacet
  facet normal 0 0 1
    outer loop
      vertex 19.1955 -16.2719 4
      vertex 19.0961 -15.9283 4
      vertex 18.4448 -16.7105 4
    endloop
  endfacet
  facet normal 0 0 1
    outer loop
      vertex 19.1955 -16.2719 4
      vertex 18.4448 -16.7105 4
      vertex 18.6628 -16.8382 4
    endloop
  endfacet
  facet normal 0 0 1
    outer loop
      vertex 19.1955 -16.2719 4
      vertex 18.6628 -16.8382 4
      vertex 19.269 -16.5461 4
    endloop
  endfacet
  facet normal -0 0 1
    outer loop
      vertex 18.6628 -16.8382 4
      vertex 18.7894 -16.9094 4
      vertex 19.269 -16.5461 4
    endloop
  endfacet
  facet normal 0 0 1
    outer loop
      vertex 19.0961 -15.9283 4
      vertex 18.9946 -15.6023 4
      vertex 17.9503 -16.4019 4
    endloop
  endfacet
  facet normal 0 0 1
    outer loop
      vertex 18.9946 -15.6023 4
      vertex 18.892 -15.2975 4
      vertex 17.9503 -16.4019 4
    endloop
  endfacet
  facet normal 0 0 1
    outer loop
      vertex 21.2917 -13.2104 4
      vertex 21.2069 -13.0331 4
      vertex 20.0815 -14.1838 4
    endloop
  endfacet
  facet normal 0 0 1
    outer loop
      vertex 18.892 -15.2975 4
      vertex 17.6819 -16.2233 4
      vertex 17.9503 -16.4019 4
    endloop
  endfacet
  facet normal 0 0 1
    outer loop
      vertex 18.7898 -15.018 4
      vertex 17.3496 -15.9913 4
      vertex 17.6819 -16.2233 4
    endloop
  endfacet
  facet normal 0 0 1
    outer loop
      vertex 18.6905 -14.7672 4
      vertex 17.3496 -15.9913 4
      vertex 18.7898 -15.018 4
    endloop
  endfacet
  facet normal -0 0 1
    outer loop
      vertex 16.9058 -15.5883 4
      vertex 17.0285 -15.7564 4
      vertex 18.6905 -14.7672 4
    endloop
  endfacet
  facet normal 0 0 1
    outer loop
      vertex 18.4606 -14.3978 4
      vertex 18.6905 -14.7672 4
      vertex 18.6159 -14.591 4
    endloop
  endfacet
  facet normal 0 0 1
    outer loop
      vertex 16.9058 -15.5883 4
      vertex 18.6905 -14.7672 4
      vertex 18.4606 -14.3978 4
    endloop
  endfacet
  facet normal 0 0 1
    outer loop
      vertex 18.47 -14.2499 4
      vertex 18.4606 -14.3978 4
      vertex 18.4761 -14.2545 4
    endloop
  endfacet
  facet normal -0 0 1
    outer loop
      vertex 19.2137 -13.6412 4
      vertex 19.3574 -13.652 4
      vertex 20.7561 -12.2183 4
    endloop
  endfacet
  facet normal 0 0 1
    outer loop
      vertex 26.4227 -1.98622 4
      vertex 26.025 -3.83493 4
      vertex 26.1717 -3.76678 4
    endloop
  endfacet
  facet normal 0 0 1
    outer loop
      vertex 24.4764 -7.51318 4
      vertex 23.3977 -9.17693 4
      vertex 23.5472 -9.1561 4
    endloop
  endfacet
  facet normal 0 0 1
    outer loop
      vertex 21.1248 -12.8713 4
      vertex 19.8308 -14.033 4
      vertex 21.2069 -13.0331 4
    endloop
  endfacet
  facet normal 0 0 1
    outer loop
      vertex 22.8116 -10.1257 4
      vertex 21.5988 -11.5176 4
      vertex 21.7856 -11.6936 4
    endloop
  endfacet
  facet normal -0 0 1
    outer loop
      vertex 20.5503 -14.4438 4
      vertex 20.7595 -14.5508 4
      vertex 21.5533 -13.8244 4
    endloop
  endfacet
  facet normal 0 0 1
    outer loop
      vertex 20.7595 -14.5508 4
      vertex 21.6403 -14.0525 4
      vertex 21.5533 -13.8244 4
    endloop
  endfacet
  facet normal 0 -0 1
    outer loop
      vertex 20.9831 -14.6595 4
      vertex 21.6403 -14.0525 4
      vertex 20.7595 -14.5508 4
    endloop
  endfacet
  facet normal 0 0 1
    outer loop
      vertex 21.7263 -14.2903 4
      vertex 21.6403 -14.0525 4
      vertex 20.9831 -14.6595 4
    endloop
  endfacet
  facet normal 0 0 1
    outer loop
      vertex 21.7263 -14.2903 4
      vertex 20.9831 -14.6595 4
      vertex 21.2227 -14.7695 4
    endloop
  endfacet
  facet normal 0 0 1
    outer loop
      vertex 21.7719 -14.4236 4
      vertex 21.2227 -14.7695 4
      vertex 21.3341 -14.8175 4
    endloop
  endfacet
  facet normal 0 0 1
    outer loop
      vertex 21.7263 -14.2903 4
      vertex 21.2227 -14.7695 4
      vertex 21.7719 -14.4236 4
    endloop
  endfacet
  facet normal 0 0 1
    outer loop
      vertex 20.5503 -14.4438 4
      vertex 21.5533 -13.8244 4
      vertex 21.4657 -13.6072 4
    endloop
  endfacet
  facet normal 0 0 1
    outer loop
      vertex 20.5503 -14.4438 4
      vertex 21.4657 -13.6072 4
      vertex 21.3783 -13.4022 4
    endloop
  endfacet
  facet normal 0 -0 1
    outer loop
      vertex 21.4548 -11.5221 4
      vertex 21.5988 -11.5176 4
      vertex 21.4525 -11.5209 4
    endloop
  endfacet
  facet normal 0 -0 1
    outer loop
      vertex 20.5503 -14.4438 4
      vertex 21.3783 -13.4022 4
      vertex 20.3541 -14.3384 4
    endloop
  endfacet
  facet normal 0 0 1
    outer loop
      vertex 21.3783 -13.4022 4
      vertex 21.2917 -13.2104 4
      vertex 20.3541 -14.3384 4
    endloop
  endfacet
  facet normal 0 0 1
    outer loop
      vertex 21.2917 -13.2104 4
      vertex 20.0815 -14.1838 4
      vertex 20.3541 -14.3384 4
    endloop
  endfacet
  facet normal 0 0 1
    outer loop
      vertex 21.2069 -13.0331 4
      vertex 19.8308 -14.033 4
      vertex 20.0815 -14.1838 4
    endloop
  endfacet
  facet normal 0 0 1
    outer loop
      vertex 21.1248 -12.8713 4
      vertex 21.0094 -12.6597 4
      vertex 19.8308 -14.033 4
    endloop
  endfacet
  facet normal 0 0 1
    outer loop
      vertex 21.0094 -12.6597 4
      vertex 19.5073 -13.8265 4
      vertex 19.8308 -14.033 4
    endloop
  endfacet
  facet normal 0 0 1
    outer loop
      vertex 20.7631 -12.3676 4
      vertex 19.5073 -13.8265 4
      vertex 21.0094 -12.6597 4
    endloop
  endfacet
  facet normal 0 0 1
    outer loop
      vertex 20.7631 -12.3676 4
      vertex 21.0094 -12.6597 4
      vertex 20.9556 -12.5656 4
    endloop
  endfacet
  facet normal 0 0 1
    outer loop
      vertex 20.765 -12.2235 4
      vertex 20.7561 -12.2183 4
      vertex 20.7631 -12.3676 4
    endloop
  endfacet
  facet normal 0 0 1
    outer loop
      vertex 20.7561 -12.2183 4
      vertex 19.3574 -13.652 4
      vertex 20.7631 -12.3676 4
    endloop
  endfacet
  facet normal 0 0 1
    outer loop
      vertex 26.5282 0.938065 4
      vertex 26.5282 -0.938065 4
      vertex 26.6589 -0.843323 4
    endloop
  endfacet
  facet normal 0 0 1
    outer loop
      vertex 22.8116 -10.1257 4
      vertex 22.7961 -9.98242 4
      vertex 22.7859 -9.97795 4
    endloop
  endfacet
  facet normal 0 0 1
    outer loop
      vertex 24.5195 -7.65443 4
      vertex 24.4827 -7.51512 4
      vertex 24.4764 -7.51318 4
    endloop
  endfacet
  facet normal 0 0 1
    outer loop
      vertex 22.4562 -12.026 4
      vertex 23.4516 -10.8842 4
      vertex 23.3475 -10.7234 4
    endloop
  endfacet
  facet normal 0 0 1
    outer loop
      vertex 23.2493 -10.5809 4
      vertex 22.0316 -11.8235 4
      vertex 22.2772 -11.9441 4
    endloop
  endfacet
  facet normal 0 -0 1
    outer loop
      vertex 24.0263 -9.41913 4
      vertex 24.8088 -7.82329 4
      vertex 23.7795 -9.32237 4
    endloop
  endfacet
  facet normal -0 0 1
    outer loop
      vertex 22.649 -12.1089 4
      vertex 22.8571 -12.1926 4
      vertex 23.6717 -11.2573 4
    endloop
  endfacet
  facet normal -0 0 1
    outer loop
      vertex 22.8571 -12.1926 4
      vertex 23.0819 -12.2765 4
      vertex 23.7852 -11.4677 4
    endloop
  endfacet
  facet normal 0 0 1
    outer loop
      vertex 23.0819 -12.2765 4
      vertex 23.8996 -11.6925 4
      vertex 23.7852 -11.4677 4
    endloop
  endfacet
  facet normal 0 -0 1
    outer loop
      vertex 23.325 -12.3598 4
      vertex 23.8996 -11.6925 4
      vertex 23.0819 -12.2765 4
    endloop
  endfacet
  facet normal 0 0 1
    outer loop
      vertex 24.0139 -11.9305 4
      vertex 23.8996 -11.6925 4
      vertex 23.325 -12.3598 4
    endloop
  endfacet
  facet normal 0 0 1
    outer loop
      vertex 24.0139 -11.9305 4
      vertex 23.325 -12.3598 4
      vertex 23.5878 -12.442 4
    endloop
  endfacet
  facet normal 0 0 1
    outer loop
      vertex 24.0139 -11.9305 4
      vertex 23.5878 -12.442 4
      vertex 24.0611 -12.035 4
    endloop
  endfacet
  facet normal -0 0 1
    outer loop
      vertex 23.5878 -12.442 4
      vertex 23.6789 -12.4684 4
      vertex 24.0611 -12.035 4
    endloop
  endfacet
  facet normal 0 0 1
    outer loop
      vertex 22.8571 -12.1926 4
      vertex 23.7852 -11.4677 4
      vertex 23.6717 -11.2573 4
    endloop
  endfacet
  facet normal 0 0 1
    outer loop
      vertex 22.649 -12.1089 4
      vertex 23.6717 -11.2573 4
      vertex 23.5601 -11.0625 4
    endloop
  endfacet
  facet normal 0 -0 1
    outer loop
      vertex 23.4051 -9.17981 4
      vertex 23.5472 -9.1561 4
      vertex 23.3977 -9.17693 4
    endloop
  endfacet
  facet normal 0 0 1
    outer loop
      vertex 22.649 -12.1089 4
      vertex 23.5601 -11.0625 4
      vertex 23.4516 -10.8842 4
    endloop
  endfacet
  facet normal 0 -0 1
    outer loop
      vertex 22.649 -12.1089 4
      vertex 23.4516 -10.8842 4
      vertex 22.4562 -12.026 4
    endloop
  endfacet
  facet normal 0 -0 1
    outer loop
      vertex 22.4562 -12.026 4
      vertex 23.3475 -10.7234 4
      vertex 22.2772 -11.9441 4
    endloop
  endfacet
  facet normal 0 0 1
    outer loop
      vertex 23.3475 -10.7234 4
      vertex 23.2493 -10.5809 4
      vertex 22.2772 -11.9441 4
    endloop
  endfacet
  facet normal 0 0 1
    outer loop
      vertex 23.2493 -10.5809 4
      vertex 23.1587 -10.4574 4
      vertex 22.0316 -11.8235 4
    endloop
  endfacet
  facet normal 0 0 1
    outer loop
      vertex 23.1587 -10.4574 4
      vertex 23.0499 -10.3176 4
      vertex 22.0316 -11.8235 4
    endloop
  endfacet
  facet normal 0 0 1
    outer loop
      vertex 23.0499 -10.3176 4
      vertex 22.8116 -10.1257 4
      vertex 22.0316 -11.8235 4
    endloop
  endfacet
  facet normal 0 0 1
    outer loop
      vertex 22.8116 -10.1257 4
      vertex 21.7856 -11.6936 4
      vertex 22.0316 -11.8235 4
    endloop
  endfacet
  facet normal 0 0 1
    outer loop
      vertex 22.7859 -9.97795 4
      vertex 21.5988 -11.5176 4
      vertex 22.8116 -10.1257 4
    endloop
  endfacet
  facet normal 0 0 1
    outer loop
      vertex 25.7891 -4.96457 4
      vertex 25.7225 -4.83281 4
      vertex 24.9542 -6.6046 4
    endloop
  endfacet
  facet normal 0 0 1
    outer loop
      vertex 16.7622 15.565 4
      vertex 1.41577 1.02861 4
      vertex 1.51553 0.874985 4
    endloop
  endfacet
  facet normal 0 0 1
    outer loop
      vertex 25.7225 -4.83281 4
      vertex 25.7891 -4.96457 4
      vertex 25.7283 -4.83391 4
    endloop
  endfacet
  facet normal 0 -0 1
    outer loop
      vertex 25.7666 -4.72466 4
      vertex 26.025 -3.83493 4
      vertex 25.7225 -4.83281 4
    endloop
  endfacet
  facet normal 0 0 1
    outer loop
      vertex 24.3611 -9.53325 4
      vertex 25.2757 -8.29424 4
      vertex 25.1511 -8.15536 4
    endloop
  endfacet
  facet normal 0 -0 1
    outer loop
      vertex 24.3611 -9.53325 4
      vertex 25.1511 -8.15536 4
      vertex 24.1861 -9.47609 4
    endloop
  endfacet
  facet normal 0 0 1
    outer loop
      vertex 25.5618 -6.74379 4
      vertex 26.2675 -5.17278 4
      vertex 26.1256 -5.08774 4
    endloop
  endfacet
  facet normal -0 0 1
    outer loop
      vertex 24.5528 -9.58994 4
      vertex 24.7625 -9.64532 4
      vertex 25.4088 -8.45285 4
    endloop
  endfacet
  facet normal 0 0 1
    outer loop
      vertex 25.5485 -8.63074 4
      vertex 24.9917 -9.69847 4
      vertex 25.6933 -8.8273 4
    endloop
  endfacet
  facet normal -0 0 1
    outer loop
      vertex 24.9917 -9.69847 4
      vertex 25.1141 -9.72386 4
      vertex 25.6933 -8.8273 4
    endloop
  endfacet
  facet normal -0 0 1
    outer loop
      vertex 25.1141 -9.72386 4
      vertex 25.2419 -9.74823 4
      vertex 25.6933 -8.8273 4
    endloop
  endfacet
  facet normal 0 0 1
    outer loop
      vertex 25.2419 -9.74823 4
      vertex 25.8415 -9.04175 4
      vertex 25.6933 -8.8273 4
    endloop
  endfacet
  facet normal 0 -0 1
    outer loop
      vertex 25.3752 -9.77145 4
      vertex 25.8415 -9.04175 4
      vertex 25.2419 -9.74823 4
    endloop
  endfacet
  facet normal 0 -0 1
    outer loop
      vertex 25.5143 -9.79329 4
      vertex 25.8415 -9.04175 4
      vertex 25.3752 -9.77145 4
    endloop
  endfacet
  facet normal 0 0 1
    outer loop
      vertex 25.9917 -9.2731 4
      vertex 25.8415 -9.04175 4
      vertex 25.5143 -9.79329 4
    endloop
  endfacet
  facet normal 0 0 1
    outer loop
      vertex 25.9917 -9.2731 4
      vertex 25.5143 -9.79329 4
      vertex 25.7286 -9.82205 4
    endloop
  endfacet
  facet normal 0 0 1
    outer loop
      vertex 25.9917 -9.2731 4
      vertex 25.7286 -9.82205 4
      vertex 26.0359 -9.34546 4
    endloop
  endfacet
  facet normal -0 0 1
    outer loop
      vertex 24.7625 -9.64532 4
      vertex 24.9917 -9.69847 4
      vertex 25.5485 -8.63074 4
    endloop
  endfacet
  facet normal 0 0 1
    outer loop
      vertex 24.7625 -9.64532 4
      vertex 25.5485 -8.63074 4
      vertex 25.4088 -8.45285 4
    endloop
  endfacet
  facet normal 0 -0 1
    outer loop
      vertex 24.9693 -6.60858 4
      vertex 25.1057 -6.56209 4
      vertex 24.9542 -6.6046 4
    endloop
  endfacet
  facet normal 0 0 1
    outer loop
      vertex 24.5528 -9.58994 4
      vertex 25.4088 -8.45285 4
      vertex 25.2757 -8.29424 4
    endloop
  endfacet
  facet normal 0 -0 1
    outer loop
      vertex 24.5528 -9.58994 4
      vertex 25.2757 -8.29424 4
      vertex 24.3611 -9.53325 4
    endloop
  endfacet
  facet normal 0 0 1
    outer loop
      vertex 24.1861 -9.47609 4
      vertex 25.1511 -8.15536 4
      vertex 25.0369 -8.03653 4
    endloop
  endfacet
  facet normal 0 -0 1
    outer loop
      vertex 24.1861 -9.47609 4
      vertex 25.0369 -8.03653 4
      vertex 24.0263 -9.41913 4
    endloop
  endfacet
  facet normal 0 0 1
    outer loop
      vertex 25.0369 -8.03653 4
      vertex 24.9351 -7.93776 4
      vertex 24.0263 -9.41913 4
    endloop
  endfacet
  facet normal 0 0 1
    outer loop
      vertex 24.9351 -7.93776 4
      vertex 24.8088 -7.82329 4
      vertex 24.0263 -9.41913 4
    endloop
  endfacet
  facet normal 0 0 1
    outer loop
      vertex 24.8088 -7.82329 4
      vertex 24.5195 -7.65443 4
      vertex 23.7795 -9.32237 4
    endloop
  endfacet
  facet normal 0 0 1
    outer loop
      vertex 24.5195 -7.65443 4
      vertex 23.5472 -9.1561 4
      vertex 23.7795 -9.32237 4
    endloop
  endfacet
  facet normal 0 0 1
    outer loop
      vertex 24.4764 -7.51318 4
      vertex 23.5472 -9.1561 4
      vertex 24.5195 -7.65443 4
    endloop
  endfacet
  facet normal 0 0 1
    outer loop
      vertex 26.4227 -1.98622 4
      vertex 26.5253 -2.10352 4
      vertex 26.4398 -1.9875 4
    endloop
  endfacet
  facet normal 0 -0 1
    outer loop
      vertex 26.4899 -1.59952 4
      vertex 26.5282 -0.938065 4
      vertex 26.4227 -1.98622 4
    endloop
  endfacet
  facet normal 0 0 1
    outer loop
      vertex 26.4227 1.98622 4
      vertex 26.1717 3.76678 4
      vertex 26.025 3.83493 4
    endloop
  endfacet
  facet normal 0 0 1
    outer loop
      vertex 26.6589 0.843323 4
      vertex 26.551 0.938873 4
      vertex 26.5282 0.938065 4
    endloop
  endfacet
  facet normal 0 0 1
    outer loop
      vertex 26.6524 -5.44803 4
      vertex 26.06 -6.83238 4
      vertex 26.2653 -6.8553 4
    endloop
  endfacet
  facet normal 0 0 1
    outer loop
      vertex 25.8752 -6.80531 4
      vertex 26.5079 -5.33687 4
      vertex 26.3791 -5.24542 4
    endloop
  endfacet
  facet normal 0 0 1
    outer loop
      vertex 27.103 -2.23361 4
      vertex 26.8138 -3.87534 4
      vertex 27.2343 -2.28755 4
    endloop
  endfacet
  facet normal 0 -0 1
    outer loop
      vertex 26.4922 -6.87256 4
      vertex 26.8938 -5.653 4
      vertex 26.376 -6.86475 4
    endloop
  endfacet
  facet normal 0 0 1
    outer loop
      vertex 26.6141 -6.87854 4
      vertex 27.0683 -5.81555 4
      vertex 26.9799 -5.73169 4
    endloop
  endfacet
  facet normal 0 0 1
    outer loop
      vertex 27.159 -5.9046 4
      vertex 27.0683 -5.81555 4
      vertex 26.6141 -6.87854 4
    endloop
  endfacet
  facet normal 0 0 1
    outer loop
      vertex 27.159 -5.9046 4
      vertex 26.6141 -6.87854 4
      vertex 26.7418 -6.88246 4
    endloop
  endfacet
  facet normal 0 0 1
    outer loop
      vertex 27.159 -5.9046 4
      vertex 26.7418 -6.88246 4
      vertex 27.2515 -5.99881 4
    endloop
  endfacet
  facet normal -0 0 1
    outer loop
      vertex 26.7418 -6.88246 4
      vertex 26.8753 -6.88408 4
      vertex 27.2515 -5.99881 4
    endloop
  endfacet
  facet normal 0 0 1
    outer loop
      vertex 26.8753 -6.88408 4
      vertex 27.3456 -6.09811 4
      vertex 27.2515 -5.99881 4
    endloop
  endfacet
  facet normal 0 -0 1
    outer loop
      vertex 27.0148 -6.88313 4
      vertex 27.3456 -6.09811 4
      vertex 26.8753 -6.88408 4
    endloop
  endfacet
  facet normal 0 0 1
    outer loop
      vertex 27.4412 -6.20247 4
      vertex 27.3456 -6.09811 4
      vertex 27.0148 -6.88313 4
    endloop
  endfacet
  facet normal 0 0 1
    outer loop
      vertex 27.4412 -6.20247 4
      vertex 27.0148 -6.88313 4
      vertex 27.1603 -6.87938 4
    endloop
  endfacet
  facet normal 0 0 1
    outer loop
      vertex 27.4412 -6.20247 4
      vertex 27.1603 -6.87938 4
      vertex 27.5747 -6.3546 4
    endloop
  endfacet
  facet normal 0 0 1
    outer loop
      vertex 27.1603 -6.87938 4
      vertex 27.3649 -6.86911 4
      vertex 27.5747 -6.3546 4
    endloop
  endfacet
  facet normal 0 -0 1
    outer loop
      vertex 26.6141 -6.87854 4
      vertex 26.9799 -5.73169 4
      vertex 26.4922 -6.87256 4
    endloop
  endfacet
  facet normal 0 0 1
    outer loop
      vertex 26.9799 -5.73169 4
      vertex 26.8938 -5.653 4
      vertex 26.4922 -6.87256 4
    endloop
  endfacet
  facet normal 0 -0 1
    outer loop
      vertex 26.0465 -3.8381 4
      vertex 26.1717 -3.76678 4
      vertex 26.025 -3.83493 4
    endloop
  endfacet
  facet normal 0 0 1
    outer loop
      vertex 26.8938 -5.653 4
      vertex 26.8103 -5.57951 4
      vertex 26.376 -6.86475 4
    endloop
  endfacet
  facet normal 0 0 1
    outer loop
      vertex 26.8103 -5.57951 4
      vertex 26.2653 -6.8553 4
      vertex 26.376 -6.86475 4
    endloop
  endfacet
  facet normal 0 0 1
    outer loop
      vertex 26.6524 -5.44803 4
      vertex 26.2653 -6.8553 4
      vertex 26.8103 -5.57951 4
    endloop
  endfacet
  facet normal 0 0 1
    outer loop
      vertex 26.5079 -5.33687 4
      vertex 26.06 -6.83238 4
      vertex 26.6524 -5.44803 4
    endloop
  endfacet
  facet normal -0 0 1
    outer loop
      vertex 25.8752 -6.80531 4
      vertex 26.06 -6.83238 4
      vertex 26.5079 -5.33687 4
    endloop
  endfacet
  facet normal -0 0 1
    outer loop
      vertex 25.7096 -6.77538 4
      vertex 25.8752 -6.80531 4
      vertex 26.3791 -5.24542 4
    endloop
  endfacet
  facet normal 0 0 1
    outer loop
      vertex 25.7096 -6.77538 4
      vertex 26.3791 -5.24542 4
      vertex 26.2675 -5.17278 4
    endloop
  endfacet
  facet normal 0 -0 1
    outer loop
      vertex 25.7096 -6.77538 4
      vertex 26.2675 -5.17278 4
      vertex 25.5618 -6.74379 4
    endloop
  endfacet
  facet normal 0 -0 1
    outer loop
      vertex 25.5618 -6.74379 4
      vertex 26.1256 -5.08774 4
      vertex 25.3888 -6.70166 4
    endloop
  endfacet
  facet normal 0 0 1
    outer loop
      vertex 26.1256 -5.08774 4
      vertex 25.7891 -4.96457 4
      vertex 25.3888 -6.70166 4
    endloop
  endfacet
  facet normal 0 0 1
    outer loop
      vertex 25.7891 -4.96457 4
      vertex 25.1057 -6.56209 4
      vertex 25.3888 -6.70166 4
    endloop
  endfacet
  facet normal 0 0 1
    outer loop
      vertex 24.9542 -6.6046 4
      vertex 25.1057 -6.56209 4
      vertex 25.7891 -4.96457 4
    endloop
  endfacet
  facet normal 0 0 1
    outer loop
      vertex 19.2129 13.6406 4
      vertex 1.59869 0.711777 4
      vertex 1.66434 0.540771 4
    endloop
  endfacet
  facet normal 0 0 1
    outer loop
      vertex 1.41577 1.02861 4
      vertex 16.7622 15.565 4
      vertex 15.9973 16.1062 4
    endloop
  endfacet
  facet normal 0 0 1
    outer loop
      vertex 26.025 3.83493 4
      vertex 25.7666 4.72466 4
      vertex 25.7225 4.83281 4
    endloop
  endfacet
  facet normal 0 0 1
    outer loop
      vertex 26.1717 -3.76678 4
      vertex 26.5253 -2.10352 4
      vertex 26.4227 -1.98622 4
    endloop
  endfacet
  facet normal -0 0 1
    outer loop
      vertex 26.025 3.83493 4
      vertex 26.1717 3.76678 4
      vertex 26.0465 3.8381 4
    endloop
  endfacet
  facet normal 0 -0 1
    outer loop
      vertex 27.3613 -3.85284 4
      vertex 27.5571 -2.44498 4
      vertex 27.2562 -3.86192 4
    endloop
  endfacet
  facet normal 0 0 1
    outer loop
      vertex 27.5571 -2.44498 4
      vertex 27.1568 -3.86855 4
      vertex 27.2562 -3.86192 4
    endloop
  endfacet
  facet normal 0 -0 1
    outer loop
      vertex 27.644 -0.750626 4
      vertex 27.644 0.750626 4
      vertex 27.4694 0.793533 4
    endloop
  endfacet
  facet normal 0 0 1
    outer loop
      vertex 27.4721 -3.84105 4
      vertex 27.8464 -2.61249 4
      vertex 27.7459 -2.55162 4
    endloop
  endfacet
  facet normal 0 0 1
    outer loop
      vertex 27.5886 -3.82629 4
      vertex 27.7108 -3.80829 4
      vertex 27.8464 -2.61249 4
    endloop
  endfacet
  facet normal 0 0 1
    outer loop
      vertex 27.7108 -3.80829 4
      vertex 27.9507 -2.67854 4
      vertex 27.8464 -2.61249 4
    endloop
  endfacet
  facet normal 0 0 1
    outer loop
      vertex 28.0585 -2.74992 4
      vertex 27.9507 -2.67854 4
      vertex 27.7108 -3.80829 4
    endloop
  endfacet
  facet normal 0 0 1
    outer loop
      vertex 28.0585 -2.74992 4
      vertex 27.7108 -3.80829 4
      vertex 27.8387 -3.78679 4
    endloop
  endfacet
  facet normal 0 0 1
    outer loop
      vertex 28.0585 -2.74992 4
      vertex 27.8387 -3.78679 4
      vertex 28.1696 -2.82669 4
    endloop
  endfacet
  facet normal 0 0 1
    outer loop
      vertex 27.8387 -3.78679 4
      vertex 27.9723 -3.76152 4
      vertex 28.1696 -2.82669 4
    endloop
  endfacet
  facet normal 0 0 1
    outer loop
      vertex 27.9723 -3.76152 4
      vertex 28.2836 -2.90892 4
      vertex 28.1696 -2.82669 4
    endloop
  endfacet
  facet normal 0 -0 1
    outer loop
      vertex 28.1115 -3.73221 4
      vertex 28.2836 -2.90892 4
      vertex 27.9723 -3.76152 4
    endloop
  endfacet
  facet normal 0 0 1
    outer loop
      vertex 28.4005 -2.99666 4
      vertex 28.2836 -2.90892 4
      vertex 28.1115 -3.73221 4
    endloop
  endfacet
  facet normal 0 0 1
    outer loop
      vertex 28.4005 -2.99666 4
      vertex 28.1115 -3.73221 4
      vertex 28.2562 -3.69858 4
    endloop
  endfacet
  facet normal 0 0 1
    outer loop
      vertex 28.4005 -2.99666 4
      vertex 28.2562 -3.69858 4
      vertex 28.5498 -3.11432 4
    endloop
  endfacet
  facet normal 0 0 1
    outer loop
      vertex 28.2562 -3.69858 4
      vertex 28.4574 -3.64629 4
      vertex 28.5498 -3.11432 4
    endloop
  endfacet
  facet normal 0 -0 1
    outer loop
      vertex 27.5886 -3.82629 4
      vertex 27.8464 -2.61249 4
      vertex 27.4721 -3.84105 4
    endloop
  endfacet
  facet normal 0 0 1
    outer loop
      vertex 27.4721 -3.84105 4
      vertex 27.7459 -2.55162 4
      vertex 27.6494 -2.49583 4
    endloop
  endfacet
  facet normal 0 -0 1
    outer loop
      vertex 26.551 -0.938873 4
      vertex 26.6589 -0.843323 4
      vertex 26.5282 -0.938065 4
    endloop
  endfacet
  facet normal 0 -0 1
    outer loop
      vertex 27.4721 -3.84105 4
      vertex 27.6494 -2.49583 4
      vertex 27.3613 -3.85284 4
    endloop
  endfacet
  facet normal 0 0 1
    outer loop
      vertex 27.6494 -2.49583 4
      vertex 27.5571 -2.44498 4
      vertex 27.3613 -3.85284 4
    endloop
  endfacet
  facet normal 0 0 1
    outer loop
      vertex 27.5571 -2.44498 4
      vertex 27.386 -2.35744 4
      vertex 27.1568 -3.86855 4
    endloop
  endfacet
  facet normal 0 0 1
    outer loop
      vertex 27.386 -2.35744 4
      vertex 26.9745 -3.87541 4
      vertex 27.1568 -3.86855 4
    endloop
  endfacet
  facet normal 0 0 1
    outer loop
      vertex 27.2343 -2.28755 4
      vertex 26.9745 -3.87541 4
      vertex 27.386 -2.35744 4
    endloop
  endfacet
  facet normal -0 0 1
    outer loop
      vertex 26.8138 -3.87534 4
      vertex 26.9745 -3.87541 4
      vertex 27.2343 -2.28755 4
    endloop
  endfacet
  facet normal -0 0 1
    outer loop
      vertex 26.6737 -3.87004 4
      vertex 26.8138 -3.87534 4
      vertex 27.103 -2.23361 4
    endloop
  endfacet
  facet normal 0 0 1
    outer loop
      vertex 26.6737 -3.87004 4
      vertex 27.103 -2.23361 4
      vertex 26.9931 -2.19377 4
    endloop
  endfacet
  facet normal 0 0 1
    outer loop
      vertex 26.6737 -3.87004 4
      vertex 26.9931 -2.19377 4
      vertex 26.8904 -2.15903 4
    endloop
  endfacet
  facet normal 0 -0 1
    outer loop
      vertex 26.6737 -3.87004 4
      vertex 26.8904 -2.15903 4
      vertex 26.503 -3.85788 4
    endloop
  endfacet
  facet normal 0 0 1
    outer loop
      vertex 26.8904 -2.15903 4
      vertex 26.5253 -2.10352 4
      vertex 26.503 -3.85788 4
    endloop
  endfacet
  facet normal 0 0 1
    outer loop
      vertex 26.5253 -2.10352 4
      vertex 26.1717 -3.76678 4
      vertex 26.503 -3.85788 4
    endloop
  endfacet
  facet normal 0 0 1
    outer loop
      vertex 24.9542 6.6046 4
      vertex 25.7225 4.83281 4
      vertex 25.7891 4.96457 4
    endloop
  endfacet
  facet normal 0 -0 1
    outer loop
      vertex 26.6589 -0.843323 4
      vertex 26.6589 0.843323 4
      vertex 26.5282 0.938065 4
    endloop
  endfacet
  facet normal 0 0 1
    outer loop
      vertex 18.47 14.2499 4
      vertex 1.59869 0.711777 4
      vertex 19.2129 13.6406 4
    endloop
  endfacet
  facet normal 0 0 1
    outer loop
      vertex 19.2129 13.6406 4
      vertex 1.66434 0.540771 4
      vertex 20.7561 12.2183 4
    endloop
  endfacet
  facet normal -0 0 1
    outer loop
      vertex 26.6589 -0.843323 4
      vertex 27.0219 -0.865372 4
      vertex 26.6589 0.843323 4
    endloop
  endfacet
  facet normal 0 0 1
    outer loop
      vertex 24.9693 6.60858 4
      vertex 24.9542 6.6046 4
      vertex 25.1057 6.56209 4
    endloop
  endfacet
  facet normal 0 -0 1
    outer loop
      vertex 27.7394 -0.723999 4
      vertex 27.7394 0.723999 4
      vertex 27.644 0.750626 4
    endloop
  endfacet
  facet normal 0 0 1
    outer loop
      vertex 27.8403 -0.693604 4
      vertex 27.7394 0.723999 4
      vertex 27.7394 -0.723999 4
    endloop
  endfacet
  facet normal 0 0 1
    outer loop
      vertex 27.4693 2.39891 4
      vertex 27.2562 3.86192 4
      vertex 27.0629 3.87297 4
    endloop
  endfacet
  facet normal 0 0 1
    outer loop
      vertex 27.9464 -0.659164 4
      vertex 28.0576 -0.620468 4
      vertex 27.9464 0.659164 4
    endloop
  endfacet
  facet normal 0 0 1
    outer loop
      vertex 28.0576 -0.620468 4
      vertex 28.1739 -0.577255 4
      vertex 28.0576 0.620468 4
    endloop
  endfacet
  facet normal 0 0 1
    outer loop
      vertex 28.1739 -0.577255 4
      vertex 28.2951 -0.529327 4
      vertex 28.1739 0.577255 4
    endloop
  endfacet
  facet normal 0 -0 1
    outer loop
      vertex 28.2951 -0.529327 4
      vertex 28.2951 0.529327 4
      vertex 28.1739 0.577255 4
    endloop
  endfacet
  facet normal 0 0 1
    outer loop
      vertex 28.4209 -0.476456 4
      vertex 28.2951 0.529327 4
      vertex 28.2951 -0.529327 4
    endloop
  endfacet
  facet normal 0 0 1
    outer loop
      vertex 28.4209 0.476456 4
      vertex 28.2951 0.529327 4
      vertex 28.4209 -0.476456 4
    endloop
  endfacet
  facet normal 0 0 1
    outer loop
      vertex 28.4209 0.476456 4
      vertex 28.4209 -0.476456 4
      vertex 28.5513 -0.418472 4
    endloop
  endfacet
  facet normal 0 0 1
    outer loop
      vertex 28.4209 0.476456 4
      vertex 28.5513 -0.418472 4
      vertex 28.5513 0.418472 4
    endloop
  endfacet
  facet normal 0 0 1
    outer loop
      vertex 28.5513 -0.418472 4
      vertex 28.686 -0.355164 4
      vertex 28.5513 0.418472 4
    endloop
  endfacet
  facet normal 0 -0 1
    outer loop
      vertex 28.686 -0.355164 4
      vertex 28.686 0.355164 4
      vertex 28.5513 0.418472 4
    endloop
  endfacet
  facet normal 0 0 1
    outer loop
      vertex 28.8596 0.268188 4
      vertex 28.686 0.355164 4
      vertex 28.8751 0 4
    endloop
  endfacet
  facet normal 0 0 1
    outer loop
      vertex 28.686 0.355164 4
      vertex 28.686 -0.355164 4
      vertex 28.8751 0 4
    endloop
  endfacet
  facet normal 0 0 1
    outer loop
      vertex 28.686 -0.355164 4
      vertex 28.8596 -0.268188 4
      vertex 28.8751 0 4
    endloop
  endfacet
  facet normal 0 -0 1
    outer loop
      vertex 28.1739 -0.577255 4
      vertex 28.1739 0.577255 4
      vertex 28.0576 0.620468 4
    endloop
  endfacet
  facet normal 0 -0 1
    outer loop
      vertex 28.0576 -0.620468 4
      vertex 28.0576 0.620468 4
      vertex 27.9464 0.659164 4
    endloop
  endfacet
  facet normal 0 -0 1
    outer loop
      vertex 27.9464 -0.659164 4
      vertex 27.9464 0.659164 4
      vertex 27.8403 0.693604 4
    endloop
  endfacet
  facet normal 0 -0 1
    outer loop
      vertex 26.4398 1.9875 4
      vertex 26.5253 2.10352 4
      vertex 26.4227 1.98622 4
    endloop
  endfacet
  facet normal 0 0 1
    outer loop
      vertex 27.9464 -0.659164 4
      vertex 27.8403 0.693604 4
      vertex 27.8403 -0.693604 4
    endloop
  endfacet
  facet normal 0 0 1
    outer loop
      vertex 27.8403 0.693604 4
      vertex 27.7394 0.723999 4
      vertex 27.8403 -0.693604 4
    endloop
  endfacet
  facet normal 0 0 1
    outer loop
      vertex 27.7394 -0.723999 4
      vertex 27.644 0.750626 4
      vertex 27.644 -0.750626 4
    endloop
  endfacet
  facet normal 0 0 1
    outer loop
      vertex 27.644 -0.750626 4
      vertex 27.4694 0.793533 4
      vertex 27.4694 -0.793533 4
    endloop
  endfacet
  facet normal 0 0 1
    outer loop
      vertex 27.4694 0.793533 4
      vertex 27.317 0.824387 4
      vertex 27.4694 -0.793533 4
    endloop
  endfacet
  facet normal 0 0 1
    outer loop
      vertex 27.317 0.824387 4
      vertex 27.317 -0.824387 4
      vertex 27.4694 -0.793533 4
    endloop
  endfacet
  facet normal 0 0 1
    outer loop
      vertex 27.1866 0.845291 4
      vertex 27.317 -0.824387 4
      vertex 27.317 0.824387 4
    endloop
  endfacet
  facet normal 0 0 1
    outer loop
      vertex 27.1866 -0.845291 4
      vertex 27.317 -0.824387 4
      vertex 27.1866 0.845291 4
    endloop
  endfacet
  facet normal 0 -0 1
    outer loop
      vertex 27.1866 -0.845291 4
      vertex 27.1866 0.845291 4
      vertex 27.0219 0.865372 4
    endloop
  endfacet
  facet normal 0 0 1
    outer loop
      vertex 27.1866 -0.845291 4
      vertex 27.0219 0.865372 4
      vertex 27.0219 -0.865372 4
    endloop
  endfacet
  facet normal 0 0 1
    outer loop
      vertex 27.0219 0.865372 4
      vertex 26.6589 0.843323 4
      vertex 27.0219 -0.865372 4
    endloop
  endfacet
  facet normal 0 0 1
    outer loop
      vertex 26.1717 3.76678 4
      vertex 26.4227 1.98622 4
      vertex 26.5253 2.10352 4
    endloop
  endfacet
  facet normal -0 0 1
    outer loop
      vertex 26.1717 3.76678 4
      vertex 26.5253 2.10352 4
      vertex 26.503 3.85788 4
    endloop
  endfacet
  facet normal 0 0 1
    outer loop
      vertex 21.4525 11.5209 4
      vertex 1.71175 0.363831 4
      vertex 22.7859 9.97795 4
    endloop
  endfacet
  facet normal 0 0 1
    outer loop
      vertex 26.8904 2.15903 4
      vertex 26.503 3.85788 4
      vertex 26.5253 2.10352 4
    endloop
  endfacet
  facet normal 0 0 1
    outer loop
      vertex 14.1687 17.3336 4
      vertex 1.17097 1.30049 4
      vertex 1.30049 1.17097 4
    endloop
  endfacet
  facet normal -0 0 1
    outer loop
      vertex 26.503 3.85788 4
      vertex 26.8904 2.15903 4
      vertex 26.6111 3.86595 4
    endloop
  endfacet
  facet normal 0 0 1
    outer loop
      vertex 23.3977 9.17693 4
      vertex 1.7404 0.182922 4
      vertex 24.4764 7.51318 4
    endloop
  endfacet
  facet normal 0 0 1
    outer loop
      vertex 27.6494 2.49583 4
      vertex 27.4721 3.84105 4
      vertex 27.3613 3.85284 4
    endloop
  endfacet
  facet normal 0 0 1
    outer loop
      vertex 27.3613 3.85284 4
      vertex 27.2562 3.86192 4
      vertex 27.5571 2.44498 4
    endloop
  endfacet
  facet normal 0 0 1
    outer loop
      vertex 25.9651 6.81927 4
      vertex 25.7901 6.79063 4
      vertex 26.5079 5.33687 4
    endloop
  endfacet
  facet normal 0 -0 1
    outer loop
      vertex 27.7459 2.55162 4
      vertex 27.8464 2.61249 4
      vertex 27.4721 3.84105 4
    endloop
  endfacet
  facet normal 0 0 1
    outer loop
      vertex 27.8464 2.61249 4
      vertex 27.7108 3.80829 4
      vertex 27.5886 3.82629 4
    endloop
  endfacet
  facet normal 0 0 1
    outer loop
      vertex 27.9507 2.67854 4
      vertex 27.7108 3.80829 4
      vertex 27.8464 2.61249 4
    endloop
  endfacet
  facet normal 0 0 1
    outer loop
      vertex 28.0585 2.74992 4
      vertex 27.7108 3.80829 4
      vertex 27.9507 2.67854 4
    endloop
  endfacet
  facet normal 0 0 1
    outer loop
      vertex 27.8387 3.78679 4
      vertex 27.7108 3.80829 4
      vertex 28.0585 2.74992 4
    endloop
  endfacet
  facet normal 0 0 1
    outer loop
      vertex 27.8387 3.78679 4
      vertex 28.0585 2.74992 4
      vertex 28.1696 2.82669 4
    endloop
  endfacet
  facet normal 0 0 1
    outer loop
      vertex 27.8387 3.78679 4
      vertex 28.1696 2.82669 4
      vertex 27.9723 3.76152 4
    endloop
  endfacet
  facet normal 0 -0 1
    outer loop
      vertex 28.1696 2.82669 4
      vertex 28.2836 2.90892 4
      vertex 27.9723 3.76152 4
    endloop
  endfacet
  facet normal 0 0 1
    outer loop
      vertex 28.2836 2.90892 4
      vertex 28.1115 3.73221 4
      vertex 27.9723 3.76152 4
    endloop
  endfacet
  facet normal 0 0 1
    outer loop
      vertex 28.4005 2.99666 4
      vertex 28.1115 3.73221 4
      vertex 28.2836 2.90892 4
    endloop
  endfacet
  facet normal 0 0 1
    outer loop
      vertex 28.2562 3.69858 4
      vertex 28.1115 3.73221 4
      vertex 28.4005 2.99666 4
    endloop
  endfacet
  facet normal 0 0 1
    outer loop
      vertex 28.2562 3.69858 4
      vertex 28.4005 2.99666 4
      vertex 28.5498 3.11432 4
    endloop
  endfacet
  facet normal 0 0 1
    outer loop
      vertex 28.2562 3.69858 4
      vertex 28.5498 3.11432 4
      vertex 28.4574 3.64629 4
    endloop
  endfacet
  facet normal 0 0 1
    outer loop
      vertex 27.8464 2.61249 4
      vertex 27.5886 3.82629 4
      vertex 27.4721 3.84105 4
    endloop
  endfacet
  facet normal 0 0 1
    outer loop
      vertex 27.7459 2.55162 4
      vertex 27.4721 3.84105 4
      vertex 27.6494 2.49583 4
    endloop
  endfacet
  facet normal 0 -0 1
    outer loop
      vertex 25.7283 4.83391 4
      vertex 25.7891 4.96457 4
      vertex 25.7225 4.83281 4
    endloop
  endfacet
  facet normal 0 0 1
    outer loop
      vertex 27.6494 2.49583 4
      vertex 27.3613 3.85284 4
      vertex 27.5571 2.44498 4
    endloop
  endfacet
  facet normal 0 0 1
    outer loop
      vertex 27.5571 2.44498 4
      vertex 27.2562 3.86192 4
      vertex 27.4693 2.39891 4
    endloop
  endfacet
  facet normal 0 0 1
    outer loop
      vertex 27.4693 2.39891 4
      vertex 27.0629 3.87297 4
      vertex 27.3077 2.32039 4
    endloop
  endfacet
  facet normal 0 0 1
    outer loop
      vertex 27.0629 3.87297 4
      vertex 26.8915 3.87613 4
      vertex 27.3077 2.32039 4
    endloop
  endfacet
  facet normal 0 0 1
    outer loop
      vertex 26.8915 3.87613 4
      vertex 27.166 2.2587 4
      vertex 27.3077 2.32039 4
    endloop
  endfacet
  facet normal -0 0 1
    outer loop
      vertex 26.7412 3.87323 4
      vertex 27.166 2.2587 4
      vertex 26.8915 3.87613 4
    endloop
  endfacet
  facet normal 0 -0 1
    outer loop
      vertex 27.0453 2.21205 4
      vertex 27.166 2.2587 4
      vertex 26.7412 3.87323 4
    endloop
  endfacet
  facet normal 0 0 1
    outer loop
      vertex 27.0453 2.21205 4
      vertex 26.7412 3.87323 4
      vertex 26.6111 3.86595 4
    endloop
  endfacet
  facet normal 0 0 1
    outer loop
      vertex 27.0453 2.21205 4
      vertex 26.6111 3.86595 4
      vertex 26.8904 2.15903 4
    endloop
  endfacet
  facet normal 0 0 1
    outer loop
      vertex 24.9542 6.6046 4
      vertex 25.7891 4.96457 4
      vertex 25.1057 6.56209 4
    endloop
  endfacet
  facet normal 0 0 1
    outer loop
      vertex 23.4051 9.17981 4
      vertex 23.3977 9.17693 4
      vertex 23.5472 9.1561 4
    endloop
  endfacet
  facet normal 0 0 1
    outer loop
      vertex 13.3926 17.8261 4
      vertex 1.02861 1.41577 4
      vertex 1.17097 1.30049 4
    endloop
  endfacet
  facet normal -0 0 1
    outer loop
      vertex 25.1057 6.56209 4
      vertex 25.7891 4.96457 4
      vertex 25.3888 6.70166 4
    endloop
  endfacet
  facet normal 0 0 1
    outer loop
      vertex 26.1256 5.08774 4
      vertex 25.3888 6.70166 4
      vertex 25.7891 4.96457 4
    endloop
  endfacet
  facet normal -0 0 1
    outer loop
      vertex 0.875 1.51553 4
      vertex 1.02861 1.41577 4
      vertex 11.4842 18.9788 4
    endloop
  endfacet
  facet normal 0 -0 1
    outer loop
      vertex 24.4764 7.51318 4
      vertex 24.5195 7.65443 4
      vertex 23.5472 9.1561 4
    endloop
  endfacet
  facet normal 0 0 1
    outer loop
      vertex 21.4525 11.5209 4
      vertex 22.7859 9.97795 4
      vertex 21.5988 11.5176 4
    endloop
  endfacet
  facet normal 0 0 1
    outer loop
      vertex 26.8938 5.653 4
      vertex 26.4922 6.87256 4
      vertex 26.376 6.86475 4
    endloop
  endfacet
  facet normal 0 0 1
    outer loop
      vertex 26.16 6.84445 4
      vertex 26.6524 5.44803 4
      vertex 26.8103 5.57951 4
    endloop
  endfacet
  facet normal -0 0 1
    outer loop
      vertex 24.1044 9.44757 4
      vertex 25.0369 8.03653 4
      vertex 24.2717 9.50467 4
    endloop
  endfacet
  facet normal 0 0 1
    outer loop
      vertex 26.9799 5.73169 4
      vertex 26.4922 6.87256 4
      vertex 26.8938 5.653 4
    endloop
  endfacet
  facet normal 0 0 1
    outer loop
      vertex 27.0683 5.81555 4
      vertex 26.6141 6.87854 4
      vertex 26.9799 5.73169 4
    endloop
  endfacet
  facet normal 0 0 1
    outer loop
      vertex 27.159 5.9046 4
      vertex 26.6141 6.87854 4
      vertex 27.0683 5.81555 4
    endloop
  endfacet
  facet normal 0 0 1
    outer loop
      vertex 26.7418 6.88246 4
      vertex 26.6141 6.87854 4
      vertex 27.159 5.9046 4
    endloop
  endfacet
  facet normal 0 0 1
    outer loop
      vertex 26.7418 6.88246 4
      vertex 27.159 5.9046 4
      vertex 27.2515 5.99881 4
    endloop
  endfacet
  facet normal -0 0 1
    outer loop
      vertex 26.7418 6.88246 4
      vertex 27.2515 5.99881 4
      vertex 26.8753 6.88408 4
    endloop
  endfacet
  facet normal 0 -0 1
    outer loop
      vertex 27.2515 5.99881 4
      vertex 27.3456 6.09811 4
      vertex 26.8753 6.88408 4
    endloop
  endfacet
  facet normal 0 0 1
    outer loop
      vertex 27.3456 6.09811 4
      vertex 27.0148 6.88313 4
      vertex 26.8753 6.88408 4
    endloop
  endfacet
  facet normal 0 0 1
    outer loop
      vertex 27.4412 6.20247 4
      vertex 27.0148 6.88313 4
      vertex 27.3456 6.09811 4
    endloop
  endfacet
  facet normal 0 0 1
    outer loop
      vertex 27.1603 6.87938 4
      vertex 27.0148 6.88313 4
      vertex 27.4412 6.20247 4
    endloop
  endfacet
  facet normal 0 0 1
    outer loop
      vertex 27.1603 6.87938 4
      vertex 27.4412 6.20247 4
      vertex 27.5747 6.3546 4
    endloop
  endfacet
  facet normal 0 0 1
    outer loop
      vertex 27.1603 6.87938 4
      vertex 27.5747 6.3546 4
      vertex 27.3649 6.86911 4
    endloop
  endfacet
  facet normal 0 0 1
    outer loop
      vertex 26.6141 6.87854 4
      vertex 26.4922 6.87256 4
      vertex 26.9799 5.73169 4
    endloop
  endfacet
  facet normal 0 0 1
    outer loop
      vertex 26.8938 5.653 4
      vertex 26.376 6.86475 4
      vertex 26.8103 5.57951 4
    endloop
  endfacet
  facet normal 0 -0 1
    outer loop
      vertex 24.4827 7.51512 4
      vertex 24.5195 7.65443 4
      vertex 24.4764 7.51318 4
    endloop
  endfacet
  facet normal 0 0 1
    outer loop
      vertex 26.376 6.86475 4
      vertex 26.16 6.84445 4
      vertex 26.8103 5.57951 4
    endloop
  endfacet
  facet normal 0 0 1
    outer loop
      vertex 26.16 6.84445 4
      vertex 25.9651 6.81927 4
      vertex 26.6524 5.44803 4
    endloop
  endfacet
  facet normal 0 0 1
    outer loop
      vertex 25.9651 6.81927 4
      vertex 26.5079 5.33687 4
      vertex 26.6524 5.44803 4
    endloop
  endfacet
  facet normal 0 0 1
    outer loop
      vertex 25.7901 6.79063 4
      vertex 26.3791 5.24542 4
      vertex 26.5079 5.33687 4
    endloop
  endfacet
  facet normal -0 0 1
    outer loop
      vertex 25.6335 6.75974 4
      vertex 26.3791 5.24542 4
      vertex 25.7901 6.79063 4
    endloop
  endfacet
  facet normal 0 -0 1
    outer loop
      vertex 26.2675 5.17278 4
      vertex 26.3791 5.24542 4
      vertex 25.6335 6.75974 4
    endloop
  endfacet
  facet normal 0 0 1
    outer loop
      vertex 26.2675 5.17278 4
      vertex 25.6335 6.75974 4
      vertex 26.1256 5.08774 4
    endloop
  endfacet
  facet normal 0 0 1
    outer loop
      vertex 25.6335 6.75974 4
      vertex 25.3888 6.70166 4
      vertex 26.1256 5.08774 4
    endloop
  endfacet
  facet normal 0 0 1
    outer loop
      vertex 23.7795 9.32237 4
      vertex 23.5472 9.1561 4
      vertex 24.5195 7.65443 4
    endloop
  endfacet
  facet normal -0 0 1
    outer loop
      vertex 21.4525 11.5209 4
      vertex 21.5988 11.5176 4
      vertex 21.4548 11.5221 4
    endloop
  endfacet
  facet normal 0 0 1
    outer loop
      vertex 24.8088 7.82329 4
      vertex 23.9516 9.39082 4
      vertex 24.5195 7.65443 4
    endloop
  endfacet
  facet normal -0 0 1
    outer loop
      vertex 0.711777 1.59869 4
      vertex 0.875 1.51553 4
      vertex 10.6955 19.4377 4
    endloop
  endfacet
  facet normal 0 0 1
    outer loop
      vertex 21.5988 11.5176 4
      vertex 22.7859 9.97795 4
      vertex 22.8116 10.1257 4
    endloop
  endfacet
  facet normal 0 0 1
    outer loop
      vertex 26.025 3.83493 4
      vertex 1.75 0 4
      vertex 26.4227 1.98622 4
    endloop
  endfacet
  facet normal 0 0 1
    outer loop
      vertex 24.8746 9.67224 4
      vertex 25.4088 8.45285 4
      vertex 25.5485 8.63074 4
    endloop
  endfacet
  facet normal 0 0 1
    outer loop
      vertex 25.1511 8.15536 4
      vertex 24.4548 9.56169 4
      vertex 24.2717 9.50467 4
    endloop
  endfacet
  facet normal -0 0 1
    outer loop
      vertex 23.325 12.3598 4
      vertex 24.0139 11.9305 4
      vertex 23.5878 12.442 4
    endloop
  endfacet
  facet normal -0 0 1
    outer loop
      vertex 24.6553 9.61784 4
      vertex 25.4088 8.45285 4
      vertex 24.8746 9.67224 4
    endloop
  endfacet
  facet normal 0 0 1
    outer loop
      vertex 25.1141 9.72386 4
      vertex 24.8746 9.67224 4
      vertex 25.6933 8.8273 4
    endloop
  endfacet
  facet normal -0 0 1
    outer loop
      vertex 25.1141 9.72386 4
      vertex 25.6933 8.8273 4
      vertex 25.2419 9.74823 4
    endloop
  endfacet
  facet normal 0 -0 1
    outer loop
      vertex 25.6933 8.8273 4
      vertex 25.8415 9.04175 4
      vertex 25.2419 9.74823 4
    endloop
  endfacet
  facet normal 0 0 1
    outer loop
      vertex 25.8415 9.04175 4
      vertex 25.3752 9.77145 4
      vertex 25.2419 9.74823 4
    endloop
  endfacet
  facet normal 0 0 1
    outer loop
      vertex 25.5143 9.79329 4
      vertex 25.3752 9.77145 4
      vertex 25.8415 9.04175 4
    endloop
  endfacet
  facet normal 0 0 1
    outer loop
      vertex 25.5143 9.79329 4
      vertex 25.8415 9.04175 4
      vertex 25.9917 9.2731 4
    endloop
  endfacet
  facet normal -0 0 1
    outer loop
      vertex 25.5143 9.79329 4
      vertex 25.9917 9.2731 4
      vertex 25.7286 9.82205 4
    endloop
  endfacet
  facet normal 0 -0 1
    outer loop
      vertex 25.9917 9.2731 4
      vertex 26.0359 9.34546 4
      vertex 25.7286 9.82205 4
    endloop
  endfacet
  facet normal 0 0 1
    outer loop
      vertex 24.8746 9.67224 4
      vertex 25.5485 8.63074 4
      vertex 25.6933 8.8273 4
    endloop
  endfacet
  facet normal 0 0 1
    outer loop
      vertex 24.6553 9.61784 4
      vertex 25.2757 8.29424 4
      vertex 25.4088 8.45285 4
    endloop
  endfacet
  facet normal 0 -0 1
    outer loop
      vertex 22.7961 9.98242 4
      vertex 22.8116 10.1257 4
      vertex 22.7859 9.97795 4
    endloop
  endfacet
  facet normal -0 0 1
    outer loop
      vertex 24.4548 9.56169 4
      vertex 25.2757 8.29424 4
      vertex 24.6553 9.61784 4
    endloop
  endfacet
  facet normal 0 -0 1
    outer loop
      vertex 25.1511 8.15536 4
      vertex 25.2757 8.29424 4
      vertex 24.4548 9.56169 4
    endloop
  endfacet
  facet normal 0 -0 1
    outer loop
      vertex 25.0369 8.03653 4
      vertex 25.1511 8.15536 4
      vertex 24.2717 9.50467 4
    endloop
  endfacet
  facet normal 0 -0 1
    outer loop
      vertex 24.9351 7.93776 4
      vertex 25.0369 8.03653 4
      vertex 24.1044 9.44757 4
    endloop
  endfacet
  facet normal 0 0 1
    outer loop
      vertex 24.9351 7.93776 4
      vertex 24.1044 9.44757 4
      vertex 23.9516 9.39082 4
    endloop
  endfacet
  facet normal 0 0 1
    outer loop
      vertex 24.9351 7.93776 4
      vertex 23.9516 9.39082 4
      vertex 24.8088 7.82329 4
    endloop
  endfacet
  facet normal 0 0 1
    outer loop
      vertex 10.6955 19.4377 4
      vertex 8.74094 20.51 4
      vertex 0.711777 1.59869 4
    endloop
  endfacet
  facet normal 0 0 1
    outer loop
      vertex 21.7856 11.6936 4
      vertex 21.5988 11.5176 4
      vertex 22.8116 10.1257 4
    endloop
  endfacet
  facet normal 0 0 1
    outer loop
      vertex 1.75 0 4
      vertex 26.5282 0.938065 4
      vertex 26.4227 1.98622 4
    endloop
  endfacet
  facet normal 0 0 1
    outer loop
      vertex 19.3574 13.652 4
      vertex 19.2129 13.6406 4
      vertex 20.7561 12.2183 4
    endloop
  endfacet
  facet normal 0 0 1
    outer loop
      vertex 22.0316 11.8235 4
      vertex 21.7856 11.6936 4
      vertex 22.8116 10.1257 4
    endloop
  endfacet
  facet normal 0 0 1
    outer loop
      vertex 19.3574 13.652 4
      vertex 20.7561 12.2183 4
      vertex 20.7631 12.3676 4
    endloop
  endfacet
  facet normal 0 0 1
    outer loop
      vertex 8.11398 20.8434 4
      vertex 7.92715 20.9376 4
      vertex 0.540771 1.66434 4
    endloop
  endfacet
  facet normal 0 0 1
    outer loop
      vertex 7.92715 20.9376 4
      vertex 0.363831 1.71175 4
      vertex 0.540771 1.66434 4
    endloop
  endfacet
  facet normal 0 -0 1
    outer loop
      vertex 24.0139 11.9305 4
      vertex 24.0611 12.035 4
      vertex 23.5878 12.442 4
    endloop
  endfacet
  facet normal 0 0 1
    outer loop
      vertex 22.2772 11.9441 4
      vertex 22.0316 11.8235 4
      vertex 23.2493 10.5809 4
    endloop
  endfacet
  facet normal -0 0 1
    outer loop
      vertex 20.9831 14.6595 4
      vertex 21.6835 14.1703 4
      vertex 21.2227 14.7695 4
    endloop
  endfacet
  facet normal 0 -0 1
    outer loop
      vertex 23.4516 10.8842 4
      vertex 23.5601 11.0625 4
      vertex 22.649 12.1089 4
    endloop
  endfacet
  facet normal 0 0 1
    outer loop
      vertex 22.8571 12.1926 4
      vertex 23.6717 11.2573 4
      vertex 23.7852 11.4677 4
    endloop
  endfacet
  facet normal -0 0 1
    outer loop
      vertex 22.8571 12.1926 4
      vertex 23.7852 11.4677 4
      vertex 23.0819 12.2765 4
    endloop
  endfacet
  facet normal 0 -0 1
    outer loop
      vertex 23.7852 11.4677 4
      vertex 23.8996 11.6925 4
      vertex 23.0819 12.2765 4
    endloop
  endfacet
  facet normal 0 0 1
    outer loop
      vertex 23.8996 11.6925 4
      vertex 23.325 12.3598 4
      vertex 23.0819 12.2765 4
    endloop
  endfacet
  facet normal 0 0 1
    outer loop
      vertex 24.0139 11.9305 4
      vertex 23.325 12.3598 4
      vertex 23.8996 11.6925 4
    endloop
  endfacet
  facet normal 0 0 1
    outer loop
      vertex 24.0611 12.035 4
      vertex 23.6789 12.4684 4
      vertex 23.5878 12.442 4
    endloop
  endfacet
  facet normal 0 0 1
    outer loop
      vertex 23.6717 11.2573 4
      vertex 22.8571 12.1926 4
      vertex 22.649 12.1089 4
    endloop
  endfacet
  facet normal 0 0 1
    outer loop
      vertex 23.6717 11.2573 4
      vertex 22.649 12.1089 4
      vertex 23.5601 11.0625 4
    endloop
  endfacet
  facet normal 0 0 1
    outer loop
      vertex 22.649 12.1089 4
      vertex 22.4562 12.026 4
      vertex 23.4516 10.8842 4
    endloop
  endfacet
  facet normal 0 0 1
    outer loop
      vertex 22.4562 12.026 4
      vertex 23.3475 10.7234 4
      vertex 23.4516 10.8842 4
    endloop
  endfacet
  facet normal 0 0 1
    outer loop
      vertex 20.765 12.2235 4
      vertex 20.7631 12.3676 4
      vertex 20.7561 12.2183 4
    endloop
  endfacet
  facet normal 0 0 1
    outer loop
      vertex 22.2772 11.9441 4
      vertex 23.2493 10.5809 4
      vertex 23.3475 10.7234 4
    endloop
  endfacet
  facet normal 0 0 1
    outer loop
      vertex 22.0316 11.8235 4
      vertex 23.1587 10.4574 4
      vertex 23.2493 10.5809 4
    endloop
  endfacet
  facet normal 0 -0 1
    outer loop
      vertex 23.0499 10.3176 4
      vertex 23.1587 10.4574 4
      vertex 22.0316 11.8235 4
    endloop
  endfacet
  facet normal 0 0 1
    outer loop
      vertex 23.0499 10.3176 4
      vertex 22.0316 11.8235 4
      vertex 22.8116 10.1257 4
    endloop
  endfacet
  facet normal 0 0 1
    outer loop
      vertex 26.025 -3.83493 4
      vertex 1.7404 -0.182922 4
      vertex 25.7225 -4.83281 4
    endloop
  endfacet
  facet normal 0 0 1
    outer loop
      vertex 19.5073 13.8265 4
      vertex 19.3574 13.652 4
      vertex 20.7631 12.3676 4
    endloop
  endfacet
  facet normal 0 0 1
    outer loop
      vertex 16.9058 15.5883 4
      vertex 16.7622 15.565 4
      vertex 18.47 14.2499 4
    endloop
  endfacet
  facet normal 0 0 1
    outer loop
      vertex 16.9058 15.5883 4
      vertex 18.47 14.2499 4
      vertex 18.4606 14.3978 4
    endloop
  endfacet
  facet normal 0 0 1
    outer loop
      vertex 5.94966 21.9069 4
      vertex 0.182922 1.7404 4
      vertex 0.363831 1.71175 4
    endloop
  endfacet
  facet normal 0 0 1
    outer loop
      vertex 19.5073 13.8265 4
      vertex 20.7631 12.3676 4
      vertex 20.9556 12.5656 4
    endloop
  endfacet
  facet normal 0 0 1
    outer loop
      vertex 18.4606 14.3978 4
      vertex 17.1923 15.8774 4
      vertex 16.9058 15.5883 4
    endloop
  endfacet
  facet normal 0 0 1
    outer loop
      vertex 20.0815 14.1838 4
      vertex 21.1654 12.9502 4
      vertex 21.249 13.1199 4
    endloop
  endfacet
  facet normal 0 0 1
    outer loop
      vertex 20.7595 14.5508 4
      vertex 21.5096 13.7143 4
      vertex 21.5969 13.9371 4
    endloop
  endfacet
  facet normal 0 0 1
    outer loop
      vertex 19.8308 14.033 4
      vertex 21.0851 12.7965 4
      vertex 21.1654 12.9502 4
    endloop
  endfacet
  facet normal 0 0 1
    outer loop
      vertex 19.2692 16.546 4
      vertex 18.7894 16.9094 4
      vertex 18.6628 16.8382 4
    endloop
  endfacet
  facet normal 0 -0 1
    outer loop
      vertex 21.3348 13.3046 4
      vertex 21.4219 13.5031 4
      vertex 20.3541 14.3384 4
    endloop
  endfacet
  facet normal -0 0 1
    outer loop
      vertex 20.5503 14.4438 4
      vertex 21.5096 13.7143 4
      vertex 20.7595 14.5508 4
    endloop
  endfacet
  facet normal -0 0 1
    outer loop
      vertex 20.7595 14.5508 4
      vertex 21.5969 13.9371 4
      vertex 20.9831 14.6595 4
    endloop
  endfacet
  facet normal 0 -0 1
    outer loop
      vertex 21.5969 13.9371 4
      vertex 21.6835 14.1703 4
      vertex 20.9831 14.6595 4
    endloop
  endfacet
  facet normal 0 -0 1
    outer loop
      vertex 21.6835 14.1703 4
      vertex 21.7723 14.4232 4
      vertex 21.2227 14.7695 4
    endloop
  endfacet
  facet normal 0 0 1
    outer loop
      vertex 21.7723 14.4232 4
      vertex 21.3341 14.8175 4
      vertex 21.2227 14.7695 4
    endloop
  endfacet
  facet normal 0 0 1
    outer loop
      vertex 21.5096 13.7143 4
      vertex 20.5503 14.4438 4
      vertex 21.4219 13.5031 4
    endloop
  endfacet
  facet normal 0 0 1
    outer loop
      vertex 20.5503 14.4438 4
      vertex 20.3541 14.3384 4
      vertex 21.4219 13.5031 4
    endloop
  endfacet
  facet normal 0 0 1
    outer loop
      vertex 20.3541 14.3384 4
      vertex 20.0815 14.1838 4
      vertex 21.3348 13.3046 4
    endloop
  endfacet
  facet normal 0 0 1
    outer loop
      vertex 20.0815 14.1838 4
      vertex 21.249 13.1199 4
      vertex 21.3348 13.3046 4
    endloop
  endfacet
  facet normal 0 0 1
    outer loop
      vertex 18.4761 14.2545 4
      vertex 18.4606 14.3978 4
      vertex 18.47 14.2499 4
    endloop
  endfacet
  facet normal -0 0 1
    outer loop
      vertex 19.8308 14.033 4
      vertex 21.1654 12.9502 4
      vertex 20.0815 14.1838 4
    endloop
  endfacet
  facet normal 0 -0 1
    outer loop
      vertex 20.9556 12.5656 4
      vertex 21.0851 12.7965 4
      vertex 19.8308 14.033 4
    endloop
  endfacet
  facet normal 0 0 1
    outer loop
      vertex 20.9556 12.5656 4
      vertex 19.8308 14.033 4
      vertex 19.5073 13.8265 4
    endloop
  endfacet
  facet normal 0 0 1
    outer loop
      vertex 24.4764 -7.51318 4
      vertex 1.7404 -0.182922 4
      vertex 23.3977 -9.17693 4
    endloop
  endfacet
  facet normal 0 0 1
    outer loop
      vertex 14.3112 17.3659 4
      vertex 14.1687 17.3336 4
      vertex 15.9973 16.1062 4
    endloop
  endfacet
  facet normal 0 0 1
    outer loop
      vertex 17.1923 15.8774 4
      vertex 17.0285 15.7564 4
      vertex 16.9058 15.5883 4
    endloop
  endfacet
  facet normal 0 0 1
    outer loop
      vertex 15.9973 16.1062 4
      vertex 15.9752 16.2514 4
      vertex 14.3112 17.3659 4
    endloop
  endfacet
  facet normal 0 0 1
    outer loop
      vertex 1.71175 -0.363831 4
      vertex 21.4525 -11.5209 4
      vertex 22.7859 -9.97795 4
    endloop
  endfacet
  facet normal 0 -0 1
    outer loop
      vertex 18.7231 14.8473 4
      vertex 18.8237 15.1082 4
      vertex 17.5125 16.1066 4
    endloop
  endfacet
  facet normal -0 0 1
    outer loop
      vertex 18.1404 16.5236 4
      vertex 19.1295 16.0411 4
      vertex 18.4448 16.7105 4
    endloop
  endfacet
  facet normal 0 -0 1
    outer loop
      vertex 18.6159 14.591 4
      vertex 18.7231 14.8473 4
      vertex 18.4606 14.3978 4
    endloop
  endfacet
  facet normal 0 -0 1
    outer loop
      vertex 16.3003 17.0881 4
      vertex 16.4094 17.5003 4
      vertex 15.1433 18.1019 4
    endloop
  endfacet
  facet normal 0 0 1
    outer loop
      vertex 19.0286 15.7088 4
      vertex 18.1404 16.5236 4
      vertex 17.8588 16.3419 4
    endloop
  endfacet
  facet normal 0 -0 1
    outer loop
      vertex 19.1295 16.0411 4
      vertex 19.2278 16.3898 4
      vertex 18.4448 16.7105 4
    endloop
  endfacet
  facet normal 0 0 1
    outer loop
      vertex 19.2278 16.3898 4
      vertex 18.6628 16.8382 4
      vertex 18.4448 16.7105 4
    endloop
  endfacet
  facet normal 0 0 1
    outer loop
      vertex 19.2692 16.546 4
      vertex 18.6628 16.8382 4
      vertex 19.2278 16.3898 4
    endloop
  endfacet
  facet normal 0 0 1
    outer loop
      vertex 18.1404 16.5236 4
      vertex 19.0286 15.7088 4
      vertex 19.1295 16.0411 4
    endloop
  endfacet
  facet normal 0 0 1
    outer loop
      vertex 17.8588 16.3419 4
      vertex 18.9262 15.3966 4
      vertex 19.0286 15.7088 4
    endloop
  endfacet
  facet normal -0 0 1
    outer loop
      vertex 17.5125 16.1066 4
      vertex 18.9262 15.3966 4
      vertex 17.8588 16.3419 4
    endloop
  endfacet
  facet normal 0 -0 1
    outer loop
      vertex 18.8237 15.1082 4
      vertex 18.9262 15.3966 4
      vertex 17.5125 16.1066 4
    endloop
  endfacet
  facet normal 0 0 1
    outer loop
      vertex 16.0007 16.1096 4
      vertex 15.9752 16.2514 4
      vertex 15.9973 16.1062 4
    endloop
  endfacet
  facet normal 0 0 1
    outer loop
      vertex 18.7231 14.8473 4
      vertex 17.5125 16.1066 4
      vertex 17.1923 15.8774 4
    endloop
  endfacet
  facet normal 0 0 1
    outer loop
      vertex 18.7231 14.8473 4
      vertex 17.1923 15.8774 4
      vertex 18.4606 14.3978 4
    endloop
  endfacet
  facet normal -0 0 1
    outer loop
      vertex 0 1.75 4
      vertex 0.182922 1.7404 4
      vertex 5.09784 22.2958 4
    endloop
  endfacet
  facet normal 0 0 1
    outer loop
      vertex 20.7561 -12.2183 4
      vertex 1.66434 -0.540771 4
      vertex 19.2137 -13.6412 4
    endloop
  endfacet
  facet normal 0 0 1
    outer loop
      vertex 5.09784 22.2958 4
      vertex 3.10585 23.1211 4
      vertex 0 1.75 4
    endloop
  endfacet
  facet normal 0 0 1
    outer loop
      vertex 14.733 17.7839 4
      vertex 14.3112 17.3659 4
      vertex 15.9752 16.2514 4
    endloop
  endfacet
  facet normal 0 0 1
    outer loop
      vertex 11.4842 18.9788 4
      vertex 11.6252 19.0177 4
      vertex 11.4858 18.9814 4
    endloop
  endfacet
  facet normal 0 0 1
    outer loop
      vertex 13.3926 17.8261 4
      vertex 13.3615 17.9683 4
      vertex 11.4842 18.9788 4
    endloop
  endfacet
  facet normal 0 -0 1
    outer loop
      vertex 16.2176 16.8013 4
      vertex 16.3003 17.0881 4
      vertex 14.733 17.7839 4
    endloop
  endfacet
  facet normal 0 -0 1
    outer loop
      vertex 16.4094 17.5003 4
      vertex 16.5154 17.9397 4
      vertex 15.4969 18.3639 4
    endloop
  endfacet
  facet normal 0 -0 1
    outer loop
      vertex 16.1023 16.4342 4
      vertex 16.2176 16.8013 4
      vertex 14.733 17.7839 4
    endloop
  endfacet
  facet normal 0 -0 1
    outer loop
      vertex 13.7843 19.5731 4
      vertex 13.8973 20.2074 4
      vertex 13.0365 20.2764 4
    endloop
  endfacet
  facet normal 0 0 1
    outer loop
      vertex 16.5154 17.9397 4
      vertex 15.8794 18.6346 4
      vertex 15.4969 18.3639 4
    endloop
  endfacet
  facet normal 0 0 1
    outer loop
      vertex 16.6286 18.4556 4
      vertex 15.8794 18.6346 4
      vertex 16.5154 17.9397 4
    endloop
  endfacet
  facet normal 0 0 1
    outer loop
      vertex 16.1184 18.7961 4
      vertex 15.8794 18.6346 4
      vertex 16.6286 18.4556 4
    endloop
  endfacet
  facet normal 0 0 1
    outer loop
      vertex 16.4094 17.5003 4
      vertex 15.4969 18.3639 4
      vertex 15.1433 18.1019 4
    endloop
  endfacet
  facet normal 0 -0 1
    outer loop
      vertex 15.9752 16.2514 4
      vertex 16.1023 16.4342 4
      vertex 14.733 17.7839 4
    endloop
  endfacet
  facet normal 0 0 1
    outer loop
      vertex 14.3112 17.3659 4
      vertex 14.733 17.7839 4
      vertex 14.4166 17.5291 4
    endloop
  endfacet
  facet normal 0 0 1
    outer loop
      vertex 13.394 17.828 4
      vertex 13.3615 17.9683 4
      vertex 13.3926 17.8261 4
    endloop
  endfacet
  facet normal 0 0 1
    outer loop
      vertex 13.3615 17.9683 4
      vertex 11.6252 19.0177 4
      vertex 11.4842 18.9788 4
    endloop
  endfacet
  facet normal 0 0 1
    outer loop
      vertex -22.1784 0.456223 4
      vertex -22.2825 0.558884 4
      vertex -22.1813 0.456284 4
    endloop
  endfacet
  facet normal 0 0 1
    outer loop
      vertex -21.8567 6.73274 4
      vertex -21.5828 8.87346 4
      vertex -21.6992 8.78841 4
    endloop
  endfacet
  facet normal -0 0 1
    outer loop
      vertex 8.74094 20.51 4
      vertex 10.6572 19.5766 4
      vertex 8.88029 20.5555 4
    endloop
  endfacet
  facet normal 0 0 1
    outer loop
      vertex 10.6955 19.4377 4
      vertex 10.6572 19.5766 4
      vertex 8.74094 20.51 4
    endloop
  endfacet
  facet normal -0 0 1
    outer loop
      vertex 11.7226 19.1836 4
      vertex 13.5638 18.5274 4
      vertex 12.1847 19.5842 4
    endloop
  endfacet
  facet normal -0 0 1
    outer loop
      vertex 12.1847 19.5842 4
      vertex 13.6763 19.0326 4
      vertex 12.5952 19.9249 4
    endloop
  endfacet
  facet normal 0 0 1
    outer loop
      vertex 13.7843 19.5731 4
      vertex 13.0365 20.2764 4
      vertex 12.5952 19.9249 4
    endloop
  endfacet
  facet normal 0 -0 1
    outer loop
      vertex 13.4686 18.1404 4
      vertex 13.5638 18.5274 4
      vertex 13.3615 17.9683 4
    endloop
  endfacet
  facet normal 0 0 1
    outer loop
      vertex 11.0254 21.3137 4
      vertex 10.1449 21.7982 4
      vertex 10.9404 20.7626 4
    endloop
  endfacet
  facet normal 0 0 1
    outer loop
      vertex 13.8973 20.2074 4
      vertex 13.367 20.5291 4
      vertex 13.0365 20.2764 4
    endloop
  endfacet
  facet normal 0 -0 1
    outer loop
      vertex 13.6763 19.0326 4
      vertex 13.7843 19.5731 4
      vertex 12.5952 19.9249 4
    endloop
  endfacet
  facet normal 0 -0 1
    outer loop
      vertex 13.5638 18.5274 4
      vertex 13.6763 19.0326 4
      vertex 12.1847 19.5842 4
    endloop
  endfacet
  facet normal -0 0 1
    outer loop
      vertex 11.6252 19.0177 4
      vertex 13.5638 18.5274 4
      vertex 11.7226 19.1836 4
    endloop
  endfacet
  facet normal 0 -0 1
    outer loop
      vertex 13.3615 17.9683 4
      vertex 13.5638 18.5274 4
      vertex 11.6252 19.0177 4
    endloop
  endfacet
  facet normal -0 0 1
    outer loop
      vertex 8.97572 20.7344 4
      vertex 10.8495 20.2429 4
      vertex 9.33665 21.0789 4
    endloop
  endfacet
  facet normal 0 0 1
    outer loop
      vertex -21.8567 6.73274 4
      vertex -21.9528 6.84671 4
      vertex -21.8624 6.7345 4
    endloop
  endfacet
  facet normal -0 0 1
    outer loop
      vertex 8.74245 20.5136 4
      vertex 8.74094 20.51 4
      vertex 8.88029 20.5555 4
    endloop
  endfacet
  facet normal 0 0 1
    outer loop
      vertex -22.1949 3.71089 4
      vertex -22.0982 3.60402 4
      vertex -22.0941 3.60335 4
    endloop
  endfacet
  facet normal -0 0 1
    outer loop
      vertex -17.0369 19.8487 4
      vertex -0.874985 1.51553 4
      vertex -16.3368 20.6248 4
    endloop
  endfacet
  facet normal 0 0 1
    outer loop
      vertex 8.97572 20.7344 4
      vertex 10.7522 19.7438 4
      vertex 10.8495 20.2429 4
    endloop
  endfacet
  facet normal 0 -0 1
    outer loop
      vertex 10.8495 20.2429 4
      vertex 10.9404 20.7626 4
      vertex 9.33665 21.0789 4
    endloop
  endfacet
  facet normal 0 0 1
    outer loop
      vertex 10.9404 20.7626 4
      vertex 9.72496 21.4321 4
      vertex 9.33665 21.0789 4
    endloop
  endfacet
  facet normal 0 -0 1
    outer loop
      vertex 8.1181 22.2723 4
      vertex 8.16666 22.7162 4
      vertex 7.03078 23.0381 4
    endloop
  endfacet
  facet normal 0 0 1
    outer loop
      vertex 11.0955 21.8393 4
      vertex 10.1449 21.7982 4
      vertex 11.0254 21.3137 4
    endloop
  endfacet
  facet normal 0 0 1
    outer loop
      vertex 10.5542 22.1408 4
      vertex 10.1449 21.7982 4
      vertex 11.0955 21.8393 4
    endloop
  endfacet
  facet normal 0 0 1
    outer loop
      vertex 10.1449 21.7982 4
      vertex 9.72496 21.4321 4
      vertex 10.9404 20.7626 4
    endloop
  endfacet
  facet normal -0 0 1
    outer loop
      vertex 8.88029 20.5555 4
      vertex 10.7522 19.7438 4
      vertex 8.97572 20.7344 4
    endloop
  endfacet
  facet normal 0 -0 1
    outer loop
      vertex 10.6572 19.5766 4
      vertex 10.7522 19.7438 4
      vertex 8.88029 20.5555 4
    endloop
  endfacet
  facet normal 0 0 1
    outer loop
      vertex 7.92792 20.9396 4
      vertex 7.88371 21.0768 4
      vertex 7.92715 20.9376 4
    endloop
  endfacet
  facet normal -0 0 1
    outer loop
      vertex -18.7397 17.4358 4
      vertex -1.02861 1.41577 4
      vertex -18.1944 18.3062 4
    endloop
  endfacet
  facet normal 0 0 1
    outer loop
      vertex 5.94966 21.9069 4
      vertex 7.92715 20.9376 4
      vertex 7.88371 21.0768 4
    endloop
  endfacet
  facet normal 0 0 1
    outer loop
      vertex 5.94966 21.9069 4
      vertex 6.08655 21.9606 4
      vertex 5.95099 21.9118 4
    endloop
  endfacet
  facet normal 0 0 1
    outer loop
      vertex -20.0386 14.7474 4
      vertex -19.6396 15.6692 4
      vertex -19.9827 14.902 4
    endloop
  endfacet
  facet normal 0 0 1
    outer loop
      vertex -18.2358 18.4611 4
      vertex -18.2078 18.3197 4
      vertex -18.1944 18.3062 4
    endloop
  endfacet
  facet normal 0 0 1
    outer loop
      vertex -5.72894 24.9423 4
      vertex -6.7601 24.9235 4
      vertex -0.711777 1.59869 4
    endloop
  endfacet
  facet normal 0 0 1
    outer loop
      vertex 6.44151 22.4455 4
      vertex 7.97234 21.2497 4
      vertex 8.04945 21.7515 4
    endloop
  endfacet
  facet normal 0 -0 1
    outer loop
      vertex 8.04945 21.7515 4
      vertex 8.1181 22.2723 4
      vertex 6.72162 22.7344 4
    endloop
  endfacet
  facet normal 0 -0 1
    outer loop
      vertex 8.16666 22.7162 4
      vertex 8.19833 23.0693 4
      vertex 7.36375 23.3516 4
    endloop
  endfacet
  facet normal -0 0 1
    outer loop
      vertex 6.44151 22.4455 4
      vertex 8.04945 21.7515 4
      vertex 6.72162 22.7344 4
    endloop
  endfacet
  facet normal -0 0 1
    outer loop
      vertex 3.80208 24.0097 4
      vertex 5.22935 23.7464 4
      vertex 4.01471 24.2509 4
    endloop
  endfacet
  facet normal 0 0 1
    outer loop
      vertex 7.80679 23.5652 4
      vertex 7.67041 23.6296 4
      vertex 7.36375 23.3516 4
    endloop
  endfacet
  facet normal 0 0 1
    outer loop
      vertex 7.80679 23.5652 4
      vertex 7.36375 23.3516 4
      vertex 8.19833 23.0693 4
    endloop
  endfacet
  facet normal 0 0 1
    outer loop
      vertex 7.80679 23.5652 4
      vertex 8.19833 23.0693 4
      vertex 8.21877 23.3576 4
    endloop
  endfacet
  facet normal 0 0 1
    outer loop
      vertex 8.16666 22.7162 4
      vertex 7.36375 23.3516 4
      vertex 7.03078 23.0381 4
    endloop
  endfacet
  facet normal 0 0 1
    outer loop
      vertex 8.1181 22.2723 4
      vertex 7.03078 23.0381 4
      vertex 6.72162 22.7344 4
    endloop
  endfacet
  facet normal -0 0 1
    outer loop
      vertex 6.18126 22.162 4
      vertex 6.08655 21.9606 4
      vertex 6.44151 22.4455 4
    endloop
  endfacet
  facet normal -0 0 1
    outer loop
      vertex 6.08655 21.9606 4
      vertex 7.97234 21.2497 4
      vertex 6.44151 22.4455 4
    endloop
  endfacet
  facet normal 0 0 1
    outer loop
      vertex 5.09894 22.3006 4
      vertex 5.04695 22.435 4
      vertex 5.09784 22.2958 4
    endloop
  endfacet
  facet normal 0 -0 1
    outer loop
      vertex 7.88371 21.0768 4
      vertex 7.97234 21.2497 4
      vertex 6.08655 21.9606 4
    endloop
  endfacet
  facet normal 0 0 1
    outer loop
      vertex 7.88371 21.0768 4
      vertex 6.08655 21.9606 4
      vertex 5.94966 21.9069 4
    endloop
  endfacet
  facet normal 0 -0 1
    outer loop
      vertex -1.71175 0.363831 4
      vertex -1.66434 0.540771 4
      vertex -22.0941 3.60335 4
    endloop
  endfacet
  facet normal 0 -0 1
    outer loop
      vertex -1.59869 0.711777 4
      vertex -1.51553 0.874985 4
      vertex -21.8567 6.73274 4
    endloop
  endfacet
  facet normal 0 0 1
    outer loop
      vertex 5.04695 22.435 4
      vertex 3.10585 23.1211 4
      vertex 5.09784 22.2958 4
    endloop
  endfacet
  facet normal 0 0 1
    outer loop
      vertex -16.3368 20.6248 4
      vertex -16.348 20.782 4
      vertex -16.3471 20.6378 4
    endloop
  endfacet
  facet normal -0 0 1
    outer loop
      vertex -21.5828 8.87346 4
      vertex -1.41577 1.02861 4
      vertex -21.4129 9.81552 4
    endloop
  endfacet
  facet normal 0 0 1
    outer loop
      vertex 3.61104 23.7814 4
      vertex 5.1741 23.0208 4
      vertex 5.20885 23.4246 4
    endloop
  endfacet
  facet normal -0 0 1
    outer loop
      vertex 3.61104 23.7814 4
      vertex 5.20885 23.4246 4
      vertex 3.80208 24.0097 4
    endloop
  endfacet
  facet normal -0 0 1
    outer loop
      vertex 4.24623 24.5019 4
      vertex 5.24933 24.329 4
      vertex 4.49414 24.7597 4
    endloop
  endfacet
  facet normal 0 -0 1
    outer loop
      vertex 5.13116 22.6253 4
      vertex 5.1741 23.0208 4
      vertex 3.44354 23.57 4
    endloop
  endfacet
  facet normal 0 0 1
    outer loop
      vertex 1.34966 25.7673 4
      vertex 2.2216 25.2537 4
      vertex 2.20395 25.5017 4
    endloop
  endfacet
  facet normal 0 -0 1
    outer loop
      vertex 5.24374 24.0882 4
      vertex 5.24933 24.329 4
      vertex 4.24623 24.5019 4
    endloop
  endfacet
  facet normal 0 0 1
    outer loop
      vertex 5.24933 24.329 4
      vertex 4.95294 24.8586 4
      vertex 4.49414 24.7597 4
    endloop
  endfacet
  facet normal 0 0 1
    outer loop
      vertex 4.95294 24.8586 4
      vertex 4.69438 24.9601 4
      vertex 4.49414 24.7597 4
    endloop
  endfacet
  facet normal 0 0 1
    outer loop
      vertex 4.95294 24.8586 4
      vertex 5.24933 24.329 4
      vertex 5.25087 24.5815 4
    endloop
  endfacet
  facet normal 0 0 1
    outer loop
      vertex 4.95294 24.8586 4
      vertex 5.25087 24.5815 4
      vertex 5.24924 24.7297 4
    endloop
  endfacet
  facet normal 0 -0 1
    outer loop
      vertex 5.22935 23.7464 4
      vertex 5.24374 24.0882 4
      vertex 4.24623 24.5019 4
    endloop
  endfacet
  facet normal 0 0 1
    outer loop
      vertex 5.22935 23.7464 4
      vertex 4.24623 24.5019 4
      vertex 4.01471 24.2509 4
    endloop
  endfacet
  facet normal 0 -0 1
    outer loop
      vertex 5.20885 23.4246 4
      vertex 5.22935 23.7464 4
      vertex 3.80208 24.0097 4
    endloop
  endfacet
  facet normal -0 0 1
    outer loop
      vertex 3.44354 23.57 4
      vertex 5.1741 23.0208 4
      vertex 3.61104 23.7814 4
    endloop
  endfacet
  facet normal -0 0 1
    outer loop
      vertex 0.584473 24.7302 4
      vertex 2.23752 24.1905 4
      vertex 0.683548 24.8822 4
    endloop
  endfacet
  facet normal 0 -0 1
    outer loop
      vertex 5.04695 22.435 4
      vertex 5.13116 22.6253 4
      vertex 3.44354 23.57 4
    endloop
  endfacet
  facet normal 0 0 1
    outer loop
      vertex 3.23859 23.1862 4
      vertex 3.44354 23.57 4
      vertex 3.32822 23.4173 4
    endloop
  endfacet
  facet normal 0 0 1
    outer loop
      vertex 5.04695 22.435 4
      vertex 3.44354 23.57 4
      vertex 3.23859 23.1862 4
    endloop
  endfacet
  facet normal 0 0 1
    outer loop
      vertex 5.04695 22.435 4
      vertex 3.23859 23.1862 4
      vertex 3.10585 23.1211 4
    endloop
  endfacet
  facet normal 0 0 1
    outer loop
      vertex 3.23859 23.1862 4
      vertex 3.10678 23.128 4
      vertex 3.10585 23.1211 4
    endloop
  endfacet
  facet normal -0 0 1
    outer loop
      vertex -14.0886 22.5244 4
      vertex -14.0848 22.5183 4
      vertex -14.0598 22.6656 4
    endloop
  endfacet
  facet normal 0 0 1
    outer loop
      vertex -11.4953 23.8842 4
      vertex -9.69659 24.4691 4
      vertex -9.8237 24.5487 4
    endloop
  endfacet
  facet normal 0 0 1
    outer loop
      vertex 2.20598 23.4522 4
      vertex 2.14423 23.59 4
      vertex 0.203308 24.0844 4
    endloop
  endfacet
  facet normal 0 0 1
    outer loop
      vertex 2.20598 23.4522 4
      vertex 3.10585 23.1211 4
      vertex 2.65334 23.2986 4
    endloop
  endfacet
  facet normal 0 0 1
    outer loop
      vertex 0.794724 25.0444 4
      vertex 0.683548 24.8822 4
      vertex 2.24277 24.483 4
    endloop
  endfacet
  facet normal 0 0 1
    outer loop
      vertex 0.794724 25.0444 4
      vertex 2.24277 24.483 4
      vertex 2.24039 24.7964 4
    endloop
  endfacet
  facet normal 0 -0 1
    outer loop
      vertex 2.20598 23.4522 4
      vertex 2.20673 23.4602 4
      vertex 2.14423 23.59 4
    endloop
  endfacet
  facet normal 0 0 1
    outer loop
      vertex 1.05132 25.3935 4
      vertex 0.917526 25.2152 4
      vertex 2.23351 25.0189 4
    endloop
  endfacet
  facet normal 0 0 1
    outer loop
      vertex -1.82378 26.5439 4
      vertex -1.96126 26.3325 4
      vertex -0.90921 26.1277 4
    endloop
  endfacet
  facet normal 0 0 1
    outer loop
      vertex 2.23351 25.0189 4
      vertex 2.2216 25.2537 4
      vertex 1.19557 25.5779 4
    endloop
  endfacet
  facet normal -0 0 1
    outer loop
      vertex 1.34966 25.7673 4
      vertex 2.20395 25.5017 4
      vertex 1.88133 25.9867 4
    endloop
  endfacet
  facet normal 0 0 1
    outer loop
      vertex 1.34966 25.7673 4
      vertex 1.88133 25.9867 4
      vertex 1.51263 25.9607 4
    endloop
  endfacet
  facet normal 0 0 1
    outer loop
      vertex 1.88133 25.9867 4
      vertex 1.60474 26.0662 4
      vertex 1.51263 25.9607 4
    endloop
  endfacet
  facet normal 0 0 1
    outer loop
      vertex 2.16475 25.8895 4
      vertex 1.88133 25.9867 4
      vertex 2.1794 25.7642 4
    endloop
  endfacet
  facet normal 0 0 1
    outer loop
      vertex 1.88133 25.9867 4
      vertex 2.20395 25.5017 4
      vertex 2.1794 25.7642 4
    endloop
  endfacet
  facet normal -0 0 1
    outer loop
      vertex 1.19557 25.5779 4
      vertex 2.2216 25.2537 4
      vertex 1.34966 25.7673 4
    endloop
  endfacet
  facet normal -0 0 1
    outer loop
      vertex 1.05132 25.3935 4
      vertex 2.23351 25.0189 4
      vertex 1.19557 25.5779 4
    endloop
  endfacet
  facet normal 0 0 1
    outer loop
      vertex 0.917526 25.2152 4
      vertex 2.24039 24.7964 4
      vertex 2.23351 25.0189 4
    endloop
  endfacet
  facet normal -0 0 1
    outer loop
      vertex 0.794724 25.0444 4
      vertex 2.24039 24.7964 4
      vertex 0.917526 25.2152 4
    endloop
  endfacet
  facet normal 0 0 1
    outer loop
      vertex -2.4613 25.425 4
      vertex -0.776382 24.9917 4
      vertex -0.794678 25.2647 4
    endloop
  endfacet
  facet normal 0 0 1
    outer loop
      vertex 0.683548 24.8822 4
      vertex 2.23752 24.1905 4
      vertex 2.24277 24.483 4
    endloop
  endfacet
  facet normal 0 0 1
    outer loop
      vertex 0.584473 24.7302 4
      vertex 0.458969 24.5245 4
      vertex 2.23752 24.1905 4
    endloop
  endfacet
  facet normal 0 0 1
    outer loop
      vertex 0.458969 24.5245 4
      vertex 2.22041 23.8071 4
      vertex 2.23752 24.1905 4
    endloop
  endfacet
  facet normal -0 0 1
    outer loop
      vertex 0.329132 24.1651 4
      vertex 2.22041 23.8071 4
      vertex 0.458969 24.5245 4
    endloop
  endfacet
  facet normal 0 0 1
    outer loop
      vertex 0.329132 24.1651 4
      vertex 0.458969 24.5245 4
      vertex 0.404343 24.4308 4
    endloop
  endfacet
  facet normal 0 -0 1
    outer loop
      vertex 2.14423 23.59 4
      vertex 2.22041 23.8071 4
      vertex 0.329132 24.1651 4
    endloop
  endfacet
  facet normal 0 0 1
    outer loop
      vertex 2.14423 23.59 4
      vertex 0.329132 24.1651 4
      vertex 0.203308 24.0844 4
    endloop
  endfacet
  facet normal 0 0 1
    outer loop
      vertex 0.329132 24.1651 4
      vertex 0.2034 24.0948 4
      vertex 0.203308 24.0844 4
    endloop
  endfacet
  facet normal 0 0 1
    outer loop
      vertex -8.67227 24.6824 4
      vertex -6.7601 24.9235 4
      vertex -6.86989 25.0232 4
    endloop
  endfacet
  facet normal 0 0 1
    outer loop
      vertex -0.317307 24.234 4
      vertex -0.748642 24.3309 4
      vertex 0.203308 24.0844 4
    endloop
  endfacet
  facet normal 0 0 1
    outer loop
      vertex -20.6956 12.813 4
      vertex -1.30049 1.17097 4
      vertex -1.17097 1.30049 4
    endloop
  endfacet
  facet normal 0 0 1
    outer loop
      vertex -2.38696 25.5812 4
      vertex -2.4613 25.425 4
      vertex -0.794678 25.2647 4
    endloop
  endfacet
  facet normal 0 0 1
    outer loop
      vertex -2.29974 25.7518 4
      vertex -2.38696 25.5812 4
      vertex -0.813248 25.4606 4
    endloop
  endfacet
  facet normal 0 0 1
    outer loop
      vertex -0.748642 24.3309 4
      vertex -0.748962 24.3414 4
      vertex -0.824829 24.4639 4
    endloop
  endfacet
  facet normal 0 0 1
    outer loop
      vertex -2.19966 25.9349 4
      vertex -2.29974 25.7518 4
      vertex -0.83783 25.6691 4
    endloop
  endfacet
  facet normal -0 0 1
    outer loop
      vertex -5.384 26.2311 4
      vertex -3.97125 26.0583 4
      vertex -4.02814 26.2676 4
    endloop
  endfacet
  facet normal 0 0 1
    outer loop
      vertex -0.83783 25.6691 4
      vertex -0.8694 25.8911 4
      vertex -2.08672 26.129 4
    endloop
  endfacet
  facet normal 0 0 1
    outer loop
      vertex -1.82378 26.5439 4
      vertex -0.90921 26.1277 4
      vertex -0.958572 26.38 4
    endloop
  endfacet
  facet normal -0 0 1
    outer loop
      vertex -1.82378 26.5439 4
      vertex -0.958572 26.38 4
      vertex -1.43425 26.8332 4
    endloop
  endfacet
  facet normal 0 0 1
    outer loop
      vertex -1.82378 26.5439 4
      vertex -1.43425 26.8332 4
      vertex -1.67476 26.7619 4
    endloop
  endfacet
  facet normal 0 0 1
    outer loop
      vertex -1.43425 26.8332 4
      vertex -1.60474 26.8595 4
      vertex -1.67476 26.7619 4
    endloop
  endfacet
  facet normal 0 0 1
    outer loop
      vertex -1.43425 26.8332 4
      vertex -0.958572 26.38 4
      vertex -1.0188 26.6487 4
    endloop
  endfacet
  facet normal 0 0 1
    outer loop
      vertex -1.43425 26.8332 4
      vertex -1.0188 26.6487 4
      vertex -1.0426 26.7453 4
    endloop
  endfacet
  facet normal 0 0 1
    outer loop
      vertex -1.96126 26.3325 4
      vertex -0.8694 25.8911 4
      vertex -0.90921 26.1277 4
    endloop
  endfacet
  facet normal -0 0 1
    outer loop
      vertex -2.08672 26.129 4
      vertex -0.8694 25.8911 4
      vertex -1.96126 26.3325 4
    endloop
  endfacet
  facet normal -0 0 1
    outer loop
      vertex -2.19966 25.9349 4
      vertex -0.83783 25.6691 4
      vertex -2.08672 26.129 4
    endloop
  endfacet
  facet normal 0 0 1
    outer loop
      vertex -2.29974 25.7518 4
      vertex -0.813248 25.4606 4
      vertex -0.83783 25.6691 4
    endloop
  endfacet
  facet normal 0 0 1
    outer loop
      vertex -3.92453 25.864 4
      vertex -5.5128 25.8592 4
      vertex -3.88652 25.6839 4
    endloop
  endfacet
  facet normal 0 0 1
    outer loop
      vertex -2.38696 25.5812 4
      vertex -0.794678 25.2647 4
      vertex -0.813248 25.4606 4
    endloop
  endfacet
  facet normal 0 0 1
    outer loop
      vertex -2.4613 25.425 4
      vertex -2.52298 25.2847 4
      vertex -0.776382 24.9917 4
    endloop
  endfacet
  facet normal 0 0 1
    outer loop
      vertex -2.52298 25.2847 4
      vertex -2.58963 25.1206 4
      vertex -0.776382 24.9917 4
    endloop
  endfacet
  facet normal 0 0 1
    outer loop
      vertex -2.58963 25.1206 4
      vertex -2.6367 24.8183 4
      vertex -0.776382 24.9917 4
    endloop
  endfacet
  facet normal -0 0 1
    outer loop
      vertex -2.6367 24.8183 4
      vertex -0.765854 24.7137 4
      vertex -0.776382 24.9917 4
    endloop
  endfacet
  facet normal 0 -0 1
    outer loop
      vertex -0.824829 24.4639 4
      vertex -0.765854 24.7137 4
      vertex -2.6367 24.8183 4
    endloop
  endfacet
  facet normal 0 0 1
    outer loop
      vertex -0.824829 24.4639 4
      vertex -2.6367 24.8183 4
      vertex -2.75134 24.7183 4
    endloop
  endfacet
  facet normal 0 0 1
    outer loop
      vertex -2.6367 24.8183 4
      vertex -2.75299 24.7332 4
      vertex -2.75134 24.7183 4
    endloop
  endfacet
  facet normal -0 0 1
    outer loop
      vertex -5.72894 24.9423 4
      vertex -3.75101 24.8488 4
      vertex -3.84418 24.9705 4
    endloop
  endfacet
  facet normal 0 0 1
    outer loop
      vertex -3.44397 24.8253 4
      vertex -3.75101 24.8488 4
      vertex -2.75134 24.7183 4
    endloop
  endfacet
  facet normal 0 0 1
    outer loop
      vertex -0.824829 24.4639 4
      vertex -2.75134 24.7183 4
      vertex -0.748642 24.3309 4
    endloop
  endfacet
  facet normal 0 0 1
    outer loop
      vertex -3.88652 25.6839 4
      vertex -5.5128 25.8592 4
      vertex -5.55862 25.7009 4
    endloop
  endfacet
  facet normal 0 0 1
    outer loop
      vertex -3.88652 25.6839 4
      vertex -5.55862 25.7009 4
      vertex -3.85591 25.5169 4
    endloop
  endfacet
  facet normal 0 0 1
    outer loop
      vertex -3.75101 24.8488 4
      vertex -3.75258 24.8593 4
      vertex -3.84418 24.9705 4
    endloop
  endfacet
  facet normal 0 0 1
    outer loop
      vertex -5.29982 26.441 4
      vertex -5.384 26.2311 4
      vertex -4.02814 26.2676 4
    endloop
  endfacet
  facet normal 0 0 1
    outer loop
      vertex -5.20197 26.6647 4
      vertex -5.29982 26.441 4
      vertex -4.09673 26.4927 4
    endloop
  endfacet
  facet normal 0 0 1
    outer loop
      vertex -5.20197 26.6647 4
      vertex -4.09673 26.4927 4
      vertex -4.13594 26.6114 4
    endloop
  endfacet
  facet normal -0 0 1
    outer loop
      vertex -5.20197 26.6647 4
      vertex -4.13594 26.6114 4
      vertex -4.17873 26.7343 4
    endloop
  endfacet
  facet normal 0 0 1
    outer loop
      vertex -5.20197 26.6647 4
      vertex -4.17873 26.7343 4
      vertex -5.09033 26.9002 4
    endloop
  endfacet
  facet normal 0 0 1
    outer loop
      vertex -4.17873 26.7343 4
      vertex -4.22528 26.8613 4
      vertex -5.09033 26.9002 4
    endloop
  endfacet
  facet normal 0 0 1
    outer loop
      vertex -4.22528 26.8613 4
      vertex -4.27589 26.9927 4
      vertex -5.09033 26.9002 4
    endloop
  endfacet
  facet normal 0 0 1
    outer loop
      vertex -4.27589 26.9927 4
      vertex -4.96509 27.146 4
      vertex -5.09033 26.9002 4
    endloop
  endfacet
  facet normal 0 0 1
    outer loop
      vertex -4.35823 27.1929 4
      vertex -4.96509 27.146 4
      vertex -4.27589 26.9927 4
    endloop
  endfacet
  facet normal 0 0 1
    outer loop
      vertex -4.91623 27.2357 4
      vertex -4.96509 27.146 4
      vertex -4.35823 27.1929 4
    endloop
  endfacet
  facet normal -0 0 1
    outer loop
      vertex -5.29982 26.441 4
      vertex -4.02814 26.2676 4
      vertex -4.09673 26.4927 4
    endloop
  endfacet
  facet normal 0 0 1
    outer loop
      vertex -5.384 26.2311 4
      vertex -5.45483 26.0365 4
      vertex -3.97125 26.0583 4
    endloop
  endfacet
  facet normal -0 0 1
    outer loop
      vertex -5.45483 26.0365 4
      vertex -3.92453 25.864 4
      vertex -3.97125 26.0583 4
    endloop
  endfacet
  facet normal 0 0 1
    outer loop
      vertex -5.5128 25.8592 4
      vertex -3.92453 25.864 4
      vertex -5.45483 26.0365 4
    endloop
  endfacet
  facet normal 0 0 1
    outer loop
      vertex -5.55862 25.7009 4
      vertex -5.59322 25.5633 4
      vertex -3.85591 25.5169 4
    endloop
  endfacet
  facet normal 0 0 1
    outer loop
      vertex -5.59322 25.5633 4
      vertex -5.62921 25.3967 4
      vertex -3.85591 25.5169 4
    endloop
  endfacet
  facet normal -0 0 1
    outer loop
      vertex -5.62921 25.3967 4
      vertex -3.81631 25.2548 4
      vertex -3.85591 25.5169 4
    endloop
  endfacet
  facet normal 0 0 1
    outer loop
      vertex -5.6308 25.0617 4
      vertex -3.81631 25.2548 4
      vertex -5.62921 25.3967 4
    endloop
  endfacet
  facet normal 0 -0 1
    outer loop
      vertex -3.84418 24.9705 4
      vertex -3.81631 25.2548 4
      vertex -5.6308 25.0617 4
    endloop
  endfacet
  facet normal 0 0 1
    outer loop
      vertex -3.84418 24.9705 4
      vertex -5.6308 25.0617 4
      vertex -5.72894 24.9423 4
    endloop
  endfacet
  facet normal 0 0 1
    outer loop
      vertex -5.6308 25.0617 4
      vertex -5.73306 24.9602 4
      vertex -5.72894 24.9423 4
    endloop
  endfacet
  facet normal 0 0 1
    outer loop
      vertex -8.59509 24.8163 4
      vertex -8.67786 24.6983 4
      vertex -8.67227 24.6824 4
    endloop
  endfacet
  facet normal -0 0 1
    outer loop
      vertex -14.0598 22.6656 4
      vertex -14.0848 22.5183 4
      vertex -12.4541 23.4476 4
    endloop
  endfacet
  facet normal -0 0 1
    outer loop
      vertex -11.4987 23.8913 4
      vertex -11.4953 23.8842 4
      vertex -11.4409 24.0233 4
    endloop
  endfacet
  facet normal -0 0 1
    outer loop
      vertex -20.0386 14.7474 4
      vertex -1.17097 1.30049 4
      vertex -19.6396 15.6692 4
    endloop
  endfacet
  facet normal -0 0 1
    outer loop
      vertex -6.65886 24.9339 4
      vertex -6.7601 24.9235 4
      vertex -5.72894 24.9423 4
    endloop
  endfacet
  facet normal 0 0 1
    outer loop
      vertex -8.6321 25.625 4
      vertex -7.11298 25.9848 4
      vertex -8.60805 25.8056 4
    endloop
  endfacet
  facet normal 0 0 1
    outer loop
      vertex -7.11298 25.9848 4
      vertex -7.19577 26.1741 4
      vertex -8.60805 25.8056 4
    endloop
  endfacet
  facet normal 0 0 1
    outer loop
      vertex -6.7601 24.9235 4
      vertex -6.76143 24.9283 4
      vertex -6.86989 25.0232 4
    endloop
  endfacet
  facet normal 0 0 1
    outer loop
      vertex -8.55124 26.1172 4
      vertex -7.29428 26.3792 4
      vertex -8.52614 26.2311 4
    endloop
  endfacet
  facet normal 0 0 1
    outer loop
      vertex -8.64685 25.4677 4
      vertex -7.04404 25.8113 4
      vertex -8.6321 25.625 4
    endloop
  endfacet
  facet normal 0 0 1
    outer loop
      vertex -7.24294 26.2747 4
      vertex -7.29428 26.3792 4
      vertex -8.55124 26.1172 4
    endloop
  endfacet
  facet normal 0 0 1
    outer loop
      vertex -8.52614 26.2311 4
      vertex -7.35005 26.4878 4
      vertex -8.49774 26.3497 4
    endloop
  endfacet
  facet normal 0 0 1
    outer loop
      vertex -7.35005 26.4878 4
      vertex -8.46593 26.4726 4
      vertex -8.49774 26.3497 4
    endloop
  endfacet
  facet normal 0 0 1
    outer loop
      vertex -7.41049 26.6003 4
      vertex -8.46593 26.4726 4
      vertex -7.35005 26.4878 4
    endloop
  endfacet
  facet normal -0 0 1
    outer loop
      vertex -8.4306 26.5999 4
      vertex -8.46593 26.4726 4
      vertex -7.41049 26.6003 4
    endloop
  endfacet
  facet normal 0 0 1
    outer loop
      vertex -8.4306 26.5999 4
      vertex -7.41049 26.6003 4
      vertex -7.47586 26.7167 4
    endloop
  endfacet
  facet normal 0 0 1
    outer loop
      vertex -8.4306 26.5999 4
      vertex -7.47586 26.7167 4
      vertex -8.39168 26.7311 4
    endloop
  endfacet
  facet normal 0 0 1
    outer loop
      vertex -7.47586 26.7167 4
      vertex -7.54642 26.8371 4
      vertex -8.39168 26.7311 4
    endloop
  endfacet
  facet normal 0 0 1
    outer loop
      vertex -7.54642 26.8371 4
      vertex -8.34911 26.866 4
      vertex -8.39168 26.7311 4
    endloop
  endfacet
  facet normal 0 0 1
    outer loop
      vertex -7.62241 26.9612 4
      vertex -8.34911 26.866 4
      vertex -7.54642 26.8371 4
    endloop
  endfacet
  facet normal 0 0 1
    outer loop
      vertex -7.72824 27.1252 4
      vertex -8.34911 26.866 4
      vertex -7.62241 26.9612 4
    endloop
  endfacet
  facet normal -0 0 1
    outer loop
      vertex -8.28044 27.068 4
      vertex -8.34911 26.866 4
      vertex -7.72824 27.1252 4
    endloop
  endfacet
  facet normal 0 0 1
    outer loop
      vertex -7.29428 26.3792 4
      vertex -7.35005 26.4878 4
      vertex -8.52614 26.2311 4
    endloop
  endfacet
  facet normal 0 0 1
    outer loop
      vertex -8.57315 26.0082 4
      vertex -7.24294 26.2747 4
      vertex -8.55124 26.1172 4
    endloop
  endfacet
  facet normal 0 0 1
    outer loop
      vertex -7.19577 26.1741 4
      vertex -7.24294 26.2747 4
      vertex -8.57315 26.0082 4
    endloop
  endfacet
  facet normal 0 0 1
    outer loop
      vertex -7.19577 26.1741 4
      vertex -8.57315 26.0082 4
      vertex -8.60805 25.8056 4
    endloop
  endfacet
  facet normal 0 0 1
    outer loop
      vertex -7.04404 25.8113 4
      vertex -7.11298 25.9848 4
      vertex -8.6321 25.625 4
    endloop
  endfacet
  facet normal 0 0 1
    outer loop
      vertex -6.98714 25.6529 4
      vertex -7.04404 25.8113 4
      vertex -8.64685 25.4677 4
    endloop
  endfacet
  facet normal 0 0 1
    outer loop
      vertex -6.98714 25.6529 4
      vertex -8.64685 25.4677 4
      vertex -8.65399 25.3347 4
    endloop
  endfacet
  facet normal 0 0 1
    outer loop
      vertex -6.98714 25.6529 4
      vertex -8.65399 25.3347 4
      vertex -6.94057 25.509 4
    endloop
  endfacet
  facet normal -0 0 1
    outer loop
      vertex -8.65399 25.3347 4
      vertex -8.65666 25.1693 4
      vertex -6.94057 25.509 4
    endloop
  endfacet
  facet normal 0 0 1
    outer loop
      vertex -8.65666 25.1693 4
      vertex -6.89058 25.3382 4
      vertex -6.94057 25.509 4
    endloop
  endfacet
  facet normal 0 -0 1
    outer loop
      vertex -8.59509 24.8163 4
      vertex -6.89058 25.3382 4
      vertex -8.65666 25.1693 4
    endloop
  endfacet
  facet normal 0 0 1
    outer loop
      vertex -6.86989 25.0232 4
      vertex -6.89058 25.3382 4
      vertex -8.59509 24.8163 4
    endloop
  endfacet
  facet normal 0 -0 1
    outer loop
      vertex -16.3368 20.6248 4
      vertex -14.9283 21.8851 4
      vertex -16.348 20.782 4
    endloop
  endfacet
  facet normal 0 0 1
    outer loop
      vertex -14.9283 21.8851 4
      vertex -14.0848 22.5183 4
      vertex -14.1951 22.4517 4
    endloop
  endfacet
  facet normal -0 0 1
    outer loop
      vertex -16.6176 20.3526 4
      vertex -17.0369 19.8487 4
      vertex -16.3368 20.6248 4
    endloop
  endfacet
  facet normal 0 0 1
    outer loop
      vertex -6.86989 25.0232 4
      vertex -8.59509 24.8163 4
      vertex -8.67227 24.6824 4
    endloop
  endfacet
  facet normal 0 0 1
    outer loop
      vertex -11.6514 24.8957 4
      vertex -10.131 25.2983 4
      vertex -10.2281 25.4527 4
    endloop
  endfacet
  facet normal -0 0 1
    outer loop
      vertex -14.0848 22.5183 4
      vertex -14.9283 21.8851 4
      vertex -12.4541 23.4476 4
    endloop
  endfacet
  facet normal 0 0 1
    outer loop
      vertex -11.6611 25.0876 4
      vertex -10.2836 25.5356 4
      vertex -10.344 25.622 4
    endloop
  endfacet
  facet normal 0 0 1
    outer loop
      vertex -9.69659 24.4691 4
      vertex -9.69933 24.476 4
      vertex -9.8237 24.5487 4
    endloop
  endfacet
  facet normal -0 0 1
    outer loop
      vertex -11.6632 25.3045 4
      vertex -11.6632 25.193 4
      vertex -10.4096 25.7121 4
    endloop
  endfacet
  facet normal 0 0 1
    outer loop
      vertex -10.2836 25.5356 4
      vertex -11.6611 25.0876 4
      vertex -10.2281 25.4527 4
    endloop
  endfacet
  facet normal 0 0 1
    outer loop
      vertex -11.6632 25.3045 4
      vertex -10.4096 25.7121 4
      vertex -10.4806 25.8056 4
    endloop
  endfacet
  facet normal 0 0 1
    outer loop
      vertex -11.6607 25.4219 4
      vertex -10.4806 25.8056 4
      vertex -10.5573 25.9024 4
    endloop
  endfacet
  facet normal 0 0 1
    outer loop
      vertex -11.6607 25.4219 4
      vertex -10.5573 25.9024 4
      vertex -11.6556 25.5453 4
    endloop
  endfacet
  facet normal 0 0 1
    outer loop
      vertex -10.5573 25.9024 4
      vertex -11.6477 25.6743 4
      vertex -11.6556 25.5453 4
    endloop
  endfacet
  facet normal 0 0 1
    outer loop
      vertex -10.6399 26.0024 4
      vertex -11.6477 25.6743 4
      vertex -10.5573 25.9024 4
    endloop
  endfacet
  facet normal -0 0 1
    outer loop
      vertex -11.6368 25.8089 4
      vertex -11.6477 25.6743 4
      vertex -10.6399 26.0024 4
    endloop
  endfacet
  facet normal 0 0 1
    outer loop
      vertex -11.6368 25.8089 4
      vertex -10.6399 26.0024 4
      vertex -10.7286 26.1055 4
    endloop
  endfacet
  facet normal 0 0 1
    outer loop
      vertex -11.6368 25.8089 4
      vertex -10.7286 26.1055 4
      vertex -11.6226 25.9488 4
    endloop
  endfacet
  facet normal 0 0 1
    outer loop
      vertex -10.7286 26.1055 4
      vertex -10.8235 26.2114 4
      vertex -11.6226 25.9488 4
    endloop
  endfacet
  facet normal 0 0 1
    outer loop
      vertex -10.8235 26.2114 4
      vertex -11.6051 26.0939 4
      vertex -11.6226 25.9488 4
    endloop
  endfacet
  facet normal 0 0 1
    outer loop
      vertex -10.925 26.3199 4
      vertex -11.6051 26.0939 4
      vertex -10.8235 26.2114 4
    endloop
  endfacet
  facet normal -0 0 1
    outer loop
      vertex -11.578 26.2811 4
      vertex -11.6051 26.0939 4
      vertex -10.925 26.3199 4
    endloop
  endfacet
  facet normal 0 0 1
    outer loop
      vertex -11.578 26.2811 4
      vertex -10.925 26.3199 4
      vertex -11.054 26.4514 4
    endloop
  endfacet
  facet normal 0 0 1
    outer loop
      vertex -11.6632 25.3045 4
      vertex -10.4806 25.8056 4
      vertex -11.6607 25.4219 4
    endloop
  endfacet
  facet normal 0 0 1
    outer loop
      vertex -11.6632 25.193 4
      vertex -10.344 25.622 4
      vertex -10.4096 25.7121 4
    endloop
  endfacet
  facet normal 0 -0 1
    outer loop
      vertex -11.6611 25.0876 4
      vertex -10.344 25.622 4
      vertex -11.6632 25.193 4
    endloop
  endfacet
  facet normal 0 -0 1
    outer loop
      vertex -11.6514 24.8957 4
      vertex -10.2281 25.4527 4
      vertex -11.6611 25.0876 4
    endloop
  endfacet
  facet normal 0 -0 1
    outer loop
      vertex -11.636 24.7293 4
      vertex -10.131 25.2983 4
      vertex -11.6514 24.8957 4
    endloop
  endfacet
  facet normal 0 0 1
    outer loop
      vertex -10.0508 25.1591 4
      vertex -10.131 25.2983 4
      vertex -11.636 24.7293 4
    endloop
  endfacet
  facet normal 0 0 1
    outer loop
      vertex -10.0508 25.1591 4
      vertex -11.636 24.7293 4
      vertex -11.6171 24.5887 4
    endloop
  endfacet
  facet normal 0 0 1
    outer loop
      vertex -10.0508 25.1591 4
      vertex -11.6171 24.5887 4
      vertex -9.98529 25.0352 4
    endloop
  endfacet
  facet normal -0 0 1
    outer loop
      vertex -11.6171 24.5887 4
      vertex -11.5967 24.4736 4
      vertex -9.98529 25.0352 4
    endloop
  endfacet
  facet normal -0 0 1
    outer loop
      vertex -11.5967 24.4736 4
      vertex -11.5754 24.3673 4
      vertex -9.98529 25.0352 4
    endloop
  endfacet
  facet normal 0 0 1
    outer loop
      vertex -11.5754 24.3673 4
      vertex -9.91046 24.8812 4
      vertex -9.98529 25.0352 4
    endloop
  endfacet
  facet normal 0 0 1
    outer loop
      vertex -16.348 20.782 4
      vertex -14.9283 21.8851 4
      vertex -15.0844 21.9198 4
    endloop
  endfacet
  facet normal 0 0 1
    outer loop
      vertex -18.7397 17.4358 4
      vertex -18.1944 18.3062 4
      vertex -18.5508 17.7789 4
    endloop
  endfacet
  facet normal 0 -0 1
    outer loop
      vertex -11.4409 24.0233 4
      vertex -9.91046 24.8812 4
      vertex -11.5754 24.3673 4
    endloop
  endfacet
  facet normal 0 0 1
    outer loop
      vertex -9.8237 24.5487 4
      vertex -9.91046 24.8812 4
      vertex -11.4409 24.0233 4
    endloop
  endfacet
  facet normal 0 0 1
    outer loop
      vertex -9.8237 24.5487 4
      vertex -11.4409 24.0233 4
      vertex -11.4953 23.8842 4
    endloop
  endfacet
  facet normal 0 -0 1
    outer loop
      vertex -14.472 23.5651 4
      vertex -13.1719 24.3157 4
      vertex -14.4967 23.661 4
    endloop
  endfacet
  facet normal 0 0 1
    outer loop
      vertex -21.8567 6.73274 4
      vertex -21.9517 5.80217 4
      vertex -1.59869 0.711777 4
    endloop
  endfacet
  facet normal 0 0 1
    outer loop
      vertex -13.4023 24.5318 4
      vertex -14.5208 23.7636 4
      vertex -13.3194 24.4572 4
    endloop
  endfacet
  facet normal 0 0 1
    outer loop
      vertex -12.4541 23.4476 4
      vertex -12.4624 23.4633 4
      vertex -12.5991 23.5089 4
    endloop
  endfacet
  facet normal -0 0 1
    outer loop
      vertex -14.544 23.8727 4
      vertex -14.5208 23.7636 4
      vertex -13.4023 24.5318 4
    endloop
  endfacet
  facet normal 0 0 1
    outer loop
      vertex -13.2427 24.385 4
      vertex -14.5208 23.7636 4
      vertex -14.4967 23.661 4
    endloop
  endfacet
  facet normal 0 -0 1
    outer loop
      vertex -14.544 23.8727 4
      vertex -13.4023 24.5318 4
      vertex -14.5661 23.9884 4
    endloop
  endfacet
  facet normal 0 0 1
    outer loop
      vertex -14.5661 23.9884 4
      vertex -13.4915 24.6089 4
      vertex -13.587 24.688 4
    endloop
  endfacet
  facet normal 0 -0 1
    outer loop
      vertex -14.5661 23.9884 4
      vertex -13.587 24.688 4
      vertex -14.5869 24.1107 4
    endloop
  endfacet
  facet normal 0 0 1
    outer loop
      vertex -13.587 24.688 4
      vertex -14.606 24.2396 4
      vertex -14.5869 24.1107 4
    endloop
  endfacet
  facet normal 0 0 1
    outer loop
      vertex -13.6891 24.7689 4
      vertex -14.606 24.2396 4
      vertex -13.587 24.688 4
    endloop
  endfacet
  facet normal -0 0 1
    outer loop
      vertex -14.6231 24.375 4
      vertex -14.606 24.2396 4
      vertex -13.6891 24.7689 4
    endloop
  endfacet
  facet normal 0 0 1
    outer loop
      vertex -14.6231 24.375 4
      vertex -13.6891 24.7689 4
      vertex -13.7978 24.8515 4
    endloop
  endfacet
  facet normal 0 0 1
    outer loop
      vertex -14.6231 24.375 4
      vertex -13.7978 24.8515 4
      vertex -13.9132 24.9354 4
    endloop
  endfacet
  facet normal 0 -0 1
    outer loop
      vertex -14.6231 24.375 4
      vertex -13.9132 24.9354 4
      vertex -14.6381 24.5169 4
    endloop
  endfacet
  facet normal 0 0 1
    outer loop
      vertex -13.9132 24.9354 4
      vertex -14.6506 24.6652 4
      vertex -14.6381 24.5169 4
    endloop
  endfacet
  facet normal 0 0 1
    outer loop
      vertex -14.0354 25.0204 4
      vertex -14.6506 24.6652 4
      vertex -13.9132 24.9354 4
    endloop
  endfacet
  facet normal -0 0 1
    outer loop
      vertex -14.6614 24.8435 4
      vertex -14.6506 24.6652 4
      vertex -14.0354 25.0204 4
    endloop
  endfacet
  facet normal 0 0 1
    outer loop
      vertex -14.6614 24.8435 4
      vertex -14.0354 25.0204 4
      vertex -14.1944 25.1252 4
    endloop
  endfacet
  facet normal 0 0 1
    outer loop
      vertex -13.4023 24.5318 4
      vertex -13.4915 24.6089 4
      vertex -14.5661 23.9884 4
    endloop
  endfacet
  facet normal 0 0 1
    outer loop
      vertex -14.5208 23.7636 4
      vertex -13.2427 24.385 4
      vertex -13.3194 24.4572 4
    endloop
  endfacet
  facet normal 0 0 1
    outer loop
      vertex -14.4967 23.661 4
      vertex -13.1719 24.3157 4
      vertex -13.2427 24.385 4
    endloop
  endfacet
  facet normal -0 0 1
    outer loop
      vertex -14.472 23.5651 4
      vertex -14.4219 23.3925 4
      vertex -13.1719 24.3157 4
    endloop
  endfacet
  facet normal 0 0 1
    outer loop
      vertex -14.4219 23.3925 4
      vertex -13.0475 24.186 4
      vertex -13.1719 24.3157 4
    endloop
  endfacet
  facet normal 0 -0 1
    outer loop
      vertex -14.3724 23.245 4
      vertex -13.0475 24.186 4
      vertex -14.4219 23.3925 4
    endloop
  endfacet
  facet normal 0 0 1
    outer loop
      vertex -12.9445 24.0694 4
      vertex -13.0475 24.186 4
      vertex -14.3724 23.245 4
    endloop
  endfacet
  facet normal 0 0 1
    outer loop
      vertex -18.2358 18.4611 4
      vertex -17.0369 19.8487 4
      vertex -17.194 19.8517 4
    endloop
  endfacet
  facet normal 0 0 1
    outer loop
      vertex -20.0386 14.7474 4
      vertex -20.1749 14.6926 4
      vertex -20.6956 12.813 4
    endloop
  endfacet
  facet normal 0 0 1
    outer loop
      vertex -19.6396 15.6692 4
      vertex -1.17097 1.30049 4
      vertex -1.02861 1.41577 4
    endloop
  endfacet
  facet normal 0 0 1
    outer loop
      vertex -12.9445 24.0694 4
      vertex -14.3724 23.245 4
      vertex -12.8613 23.9669 4
    endloop
  endfacet
  facet normal -0 0 1
    outer loop
      vertex -14.3724 23.245 4
      vertex -14.3253 23.1216 4
      vertex -12.8613 23.9669 4
    endloop
  endfacet
  facet normal -0 0 1
    outer loop
      vertex -14.3253 23.1216 4
      vertex -14.2604 22.969 4
      vertex -12.8613 23.9669 4
    endloop
  endfacet
  facet normal 0 0 1
    outer loop
      vertex -14.2604 22.969 4
      vertex -12.7615 23.8344 4
      vertex -12.8613 23.9669 4
    endloop
  endfacet
  facet normal 0 0 1
    outer loop
      vertex -12.5991 23.5089 4
      vertex -12.7615 23.8344 4
      vertex -14.2604 22.969 4
    endloop
  endfacet
  facet normal 0 0 1
    outer loop
      vertex -12.5991 23.5089 4
      vertex -14.2604 22.969 4
      vertex -14.0598 22.6656 4
    endloop
  endfacet
  facet normal 0 -0 1
    outer loop
      vertex -16.8855 21.5007 4
      vertex -15.8121 22.5896 4
      vertex -16.9727 21.6736 4
    endloop
  endfacet
  facet normal 0 0 1
    outer loop
      vertex -12.5991 23.5089 4
      vertex -14.0598 22.6656 4
      vertex -12.4541 23.4476 4
    endloop
  endfacet
  facet normal -0 0 1
    outer loop
      vertex -18.2358 18.4611 4
      vertex -18.1944 18.3062 4
      vertex -17.0369 19.8487 4
    endloop
  endfacet
  facet normal 0 0 1
    outer loop
      vertex -1.66434 0.540771 4
      vertex -21.9517 5.80217 4
      vertex -22.0941 3.60335 4
    endloop
  endfacet
  facet normal 0 0 1
    outer loop
      vertex -16.0827 22.7528 4
      vertex -17.0625 21.871 4
      vertex -15.9861 22.6971 4
    endloop
  endfacet
  facet normal 0 0 1
    outer loop
      vertex -14.9283 21.8851 4
      vertex -14.9411 21.9038 4
      vertex -15.0844 21.9198 4
    endloop
  endfacet
  facet normal -0 0 1
    outer loop
      vertex -17.2879 22.4792 4
      vertex -17.2437 22.344 4
      vertex -16.661 23.0399 4
    endloop
  endfacet
  facet normal 0 0 1
    outer loop
      vertex -15.896 22.6427 4
      vertex -17.0173 21.7692 4
      vertex -16.9727 21.6736 4
    endloop
  endfacet
  facet normal 0 -0 1
    outer loop
      vertex -17.0625 21.871 4
      vertex -16.0827 22.7528 4
      vertex -17.108 21.9793 4
    endloop
  endfacet
  facet normal 0 0 1
    outer loop
      vertex -17.108 21.9793 4
      vertex -16.1857 22.8094 4
      vertex -16.295 22.8667 4
    endloop
  endfacet
  facet normal 0 -0 1
    outer loop
      vertex -17.108 21.9793 4
      vertex -16.295 22.8667 4
      vertex -17.1535 22.0941 4
    endloop
  endfacet
  facet normal 0 0 1
    outer loop
      vertex -16.295 22.8667 4
      vertex -16.4108 22.9244 4
      vertex -17.1535 22.0941 4
    endloop
  endfacet
  facet normal 0 0 1
    outer loop
      vertex -16.4108 22.9244 4
      vertex -17.1988 22.2156 4
      vertex -17.1535 22.0941 4
    endloop
  endfacet
  facet normal 0 0 1
    outer loop
      vertex -16.5328 22.9822 4
      vertex -17.1988 22.2156 4
      vertex -16.4108 22.9244 4
    endloop
  endfacet
  facet normal -0 0 1
    outer loop
      vertex -17.2437 22.344 4
      vertex -17.1988 22.2156 4
      vertex -16.5328 22.9822 4
    endloop
  endfacet
  facet normal 0 0 1
    outer loop
      vertex -17.2437 22.344 4
      vertex -16.5328 22.9822 4
      vertex -16.661 23.0399 4
    endloop
  endfacet
  facet normal 0 0 1
    outer loop
      vertex -17.2879 22.4792 4
      vertex -16.661 23.0399 4
      vertex -16.7954 23.0972 4
    endloop
  endfacet
  facet normal 0 -0 1
    outer loop
      vertex -17.2879 22.4792 4
      vertex -16.7954 23.0972 4
      vertex -17.3312 22.6213 4
    endloop
  endfacet
  facet normal 0 0 1
    outer loop
      vertex -16.7954 23.0972 4
      vertex -17.381 22.8007 4
      vertex -17.3312 22.6213 4
    endloop
  endfacet
  facet normal 0 0 1
    outer loop
      vertex -16.9939 23.1761 4
      vertex -17.381 22.8007 4
      vertex -16.7954 23.0972 4
    endloop
  endfacet
  facet normal 0 0 1
    outer loop
      vertex -17.108 21.9793 4
      vertex -16.0827 22.7528 4
      vertex -16.1857 22.8094 4
    endloop
  endfacet
  facet normal 0 0 1
    outer loop
      vertex -1.7404 0.182922 4
      vertex -22.1784 0.456223 4
      vertex -1.75 0 4
    endloop
  endfacet
  facet normal 0 0 1
    outer loop
      vertex -1.75 0 4
      vertex -22.1784 -0.456223 4
      vertex -1.7404 -0.182922 4
    endloop
  endfacet
  facet normal 0 0 1
    outer loop
      vertex -20.9684 11.8712 4
      vertex -21.0922 11.7975 4
      vertex -21.4129 9.81552 4
    endloop
  endfacet
  facet normal -0 0 1
    outer loop
      vertex -17.0625 21.871 4
      vertex -17.0173 21.7692 4
      vertex -15.9861 22.6971 4
    endloop
  endfacet
  facet normal 0 0 1
    outer loop
      vertex -17.0173 21.7692 4
      vertex -15.896 22.6427 4
      vertex -15.9861 22.6971 4
    endloop
  endfacet
  facet normal 0 0 1
    outer loop
      vertex -16.9727 21.6736 4
      vertex -15.8121 22.5896 4
      vertex -15.896 22.6427 4
    endloop
  endfacet
  facet normal 0 0 1
    outer loop
      vertex -16.8855 21.5007 4
      vertex -15.6633 22.4889 4
      vertex -15.8121 22.5896 4
    endloop
  endfacet
  facet normal 0 -0 1
    outer loop
      vertex -16.8026 21.3506 4
      vertex -15.6633 22.4889 4
      vertex -16.8855 21.5007 4
    endloop
  endfacet
  facet normal 0 0 1
    outer loop
      vertex -15.5391 22.3971 4
      vertex -15.6633 22.4889 4
      vertex -16.8026 21.3506 4
    endloop
  endfacet
  facet normal 0 0 1
    outer loop
      vertex -15.5391 22.3971 4
      vertex -16.8026 21.3506 4
      vertex -16.7249 21.222 4
    endloop
  endfacet
  facet normal 0 0 1
    outer loop
      vertex -15.5391 22.3971 4
      vertex -16.7249 21.222 4
      vertex -15.4384 22.3159 4
    endloop
  endfacet
  facet normal -0 0 1
    outer loop
      vertex -16.7249 21.222 4
      vertex -16.6536 21.1129 4
      vertex -15.4384 22.3159 4
    endloop
  endfacet
  facet normal 0 0 1
    outer loop
      vertex -17.8758 20.2881 4
      vertex -18.0443 20.3576 4
      vertex -18.8882 19.0768 4
    endloop
  endfacet
  facet normal 0 0 1
    outer loop
      vertex -16.6536 21.1129 4
      vertex -15.315 22.2083 4
      vertex -15.4384 22.3159 4
    endloop
  endfacet
  facet normal 0 -0 1
    outer loop
      vertex -16.5925 21.0233 4
      vertex -15.315 22.2083 4
      vertex -16.6536 21.1129 4
    endloop
  endfacet
  facet normal 0 0 1
    outer loop
      vertex -15.0844 21.9198 4
      vertex -15.315 22.2083 4
      vertex -16.5925 21.0233 4
    endloop
  endfacet
  facet normal 0 0 1
    outer loop
      vertex -15.0844 21.9198 4
      vertex -16.5925 21.0233 4
      vertex -16.348 20.782 4
    endloop
  endfacet
  facet normal 0 -0 1
    outer loop
      vertex -19.6396 15.6692 4
      vertex -18.7397 17.4358 4
      vertex -19.703 15.8144 4
    endloop
  endfacet
  facet normal 0 0 1
    outer loop
      vertex -18.5706 20.5341 4
      vertex -19.1979 19.5067 4
      vertex -18.4537 20.4994 4
    endloop
  endfacet
  facet normal 0 0 1
    outer loop
      vertex -17.0369 19.8487 4
      vertex -17.0504 19.8644 4
      vertex -17.194 19.8517 4
    endloop
  endfacet
  facet normal -0 0 1
    outer loop
      vertex -19.3313 19.7178 4
      vertex -19.2641 19.6092 4
      vertex -18.693 20.568 4
    endloop
  endfacet
  facet normal 0 0 1
    outer loop
      vertex -18.2372 20.4287 4
      vertex -19.0075 19.233 4
      vertex -18.0443 20.3576 4
    endloop
  endfacet
  facet normal 0 0 1
    outer loop
      vertex -18.3425 20.4642 4
      vertex -18.4537 20.4994 4
      vertex -19.1979 19.5067 4
    endloop
  endfacet
  facet normal 0 -0 1
    outer loop
      vertex -19.1979 19.5067 4
      vertex -18.5706 20.5341 4
      vertex -19.2641 19.6092 4
    endloop
  endfacet
  facet normal 0 0 1
    outer loop
      vertex -19.3313 19.7178 4
      vertex -18.693 20.568 4
      vertex -18.8208 20.6011 4
    endloop
  endfacet
  facet normal 0 -0 1
    outer loop
      vertex -19.3313 19.7178 4
      vertex -18.8208 20.6011 4
      vertex -19.3994 19.8327 4
    endloop
  endfacet
  facet normal 0 0 1
    outer loop
      vertex -18.8208 20.6011 4
      vertex -18.9539 20.6329 4
      vertex -19.3994 19.8327 4
    endloop
  endfacet
  facet normal 0 0 1
    outer loop
      vertex -18.9539 20.6329 4
      vertex -19.4684 19.9539 4
      vertex -19.3994 19.8327 4
    endloop
  endfacet
  facet normal 0 0 1
    outer loop
      vertex -19.0921 20.6636 4
      vertex -19.4684 19.9539 4
      vertex -18.9539 20.6329 4
    endloop
  endfacet
  facet normal -0 0 1
    outer loop
      vertex -19.5379 20.0818 4
      vertex -19.4684 19.9539 4
      vertex -19.0921 20.6636 4
    endloop
  endfacet
  facet normal 0 -0 1
    outer loop
      vertex -19.5379 20.0818 4
      vertex -19.4825 20.4894 4
      vertex -19.6328 20.2672 4
    endloop
  endfacet
  facet normal 0 0 1
    outer loop
      vertex -19.0921 20.6636 4
      vertex -19.4825 20.4894 4
      vertex -19.5379 20.0818 4
    endloop
  endfacet
  facet normal 0 0 1
    outer loop
      vertex -19.3027 20.7053 4
      vertex -19.4825 20.4894 4
      vertex -19.0921 20.6636 4
    endloop
  endfacet
  facet normal 0 0 1
    outer loop
      vertex -19.2641 19.6092 4
      vertex -18.5706 20.5341 4
      vertex -18.693 20.568 4
    endloop
  endfacet
  facet normal 0 0 1
    outer loop
      vertex -9.69659 24.4691 4
      vertex -11.4953 23.8842 4
      vertex -0.874985 1.51553 4
    endloop
  endfacet
  facet normal 0 0 1
    outer loop
      vertex -1.7404 -0.182922 4
      vertex -22.1784 -0.456223 4
      vertex -22.1345 -2.68535 4
    endloop
  endfacet
  facet normal 0 0 1
    outer loop
      vertex -19.1796 17.5734 4
      vertex -20.1085 16.0472 4
      vertex -18.8887 17.4073 4
    endloop
  endfacet
  facet normal -0 0 1
    outer loop
      vertex -19.1979 19.5067 4
      vertex -19.133 19.4099 4
      vertex -18.3425 20.4642 4
    endloop
  endfacet
  facet normal 0 0 1
    outer loop
      vertex -20.2487 17.8103 4
      vertex -20.8137 16.7059 4
      vertex -20.0248 17.7782 4
    endloop
  endfacet
  facet normal 0 0 1
    outer loop
      vertex -19.133 19.4099 4
      vertex -18.2372 20.4287 4
      vertex -18.3425 20.4642 4
    endloop
  endfacet
  facet normal 0 -0 1
    outer loop
      vertex -19.0075 19.233 4
      vertex -18.2372 20.4287 4
      vertex -19.133 19.4099 4
    endloop
  endfacet
  facet normal 0 -0 1
    outer loop
      vertex -18.8882 19.0768 4
      vertex -18.0443 20.3576 4
      vertex -19.0075 19.233 4
    endloop
  endfacet
  facet normal 0 -0 1
    outer loop
      vertex -18.7759 18.9396 4
      vertex -17.8758 20.2881 4
      vertex -18.8882 19.0768 4
    endloop
  endfacet
  facet normal 0 0 1
    outer loop
      vertex -17.7322 20.2222 4
      vertex -17.8758 20.2881 4
      vertex -18.7759 18.9396 4
    endloop
  endfacet
  facet normal 0 0 1
    outer loop
      vertex -17.7322 20.2222 4
      vertex -18.7759 18.9396 4
      vertex -18.6709 18.8194 4
    endloop
  endfacet
  facet normal 0 0 1
    outer loop
      vertex -17.7322 20.2222 4
      vertex -18.6709 18.8194 4
      vertex -17.6135 20.1619 4
    endloop
  endfacet
  facet normal 0 0 1
    outer loop
      vertex -18.6709 18.8194 4
      vertex -17.4689 20.0815 4
      vertex -17.6135 20.1619 4
    endloop
  endfacet
  facet normal 0 0 1
    outer loop
      vertex -19.6383 17.7038 4
      vertex -20.3671 16.2675 4
      vertex -19.4783 17.6644 4
    endloop
  endfacet
  facet normal 0 -0 1
    outer loop
      vertex -18.4982 18.6365 4
      vertex -17.4689 20.0815 4
      vertex -18.6709 18.8194 4
    endloop
  endfacet
  facet normal 0 0 1
    outer loop
      vertex -17.194 19.8517 4
      vertex -17.4689 20.0815 4
      vertex -18.4982 18.6365 4
    endloop
  endfacet
  facet normal -0 0 1
    outer loop
      vertex -19.9632 15.9324 4
      vertex -19.703 15.8144 4
      vertex -18.8887 17.4073 4
    endloop
  endfacet
  facet normal 0 -0 1
    outer loop
      vertex -18.2358 18.4611 4
      vertex -17.194 19.8517 4
      vertex -18.4982 18.6365 4
    endloop
  endfacet
  facet normal -0 0 1
    outer loop
      vertex -18.8887 17.4073 4
      vertex -19.703 15.8144 4
      vertex -18.7397 17.4358 4
    endloop
  endfacet
  facet normal 0 -0 1
    outer loop
      vertex -1.7404 0.182922 4
      vertex -1.71175 0.363831 4
      vertex -22.1345 2.68535 4
    endloop
  endfacet
  facet normal 0 0 1
    outer loop
      vertex -18.7496 17.4451 4
      vertex -18.8887 17.4073 4
      vertex -18.7397 17.4358 4
    endloop
  endfacet
  facet normal 0 0 1
    outer loop
      vertex -20.0248 17.7782 4
      vertex -20.8137 16.7059 4
      vertex -20.6569 16.5432 4
    endloop
  endfacet
  facet normal 0 -0 1
    outer loop
      vertex -20.3671 16.2675 4
      vertex -19.6383 17.7038 4
      vertex -20.5081 16.3976 4
    endloop
  endfacet
  facet normal 0 -0 1
    outer loop
      vertex -20.8137 16.7059 4
      vertex -20.4913 17.8374 4
      vertex -20.9782 16.8875 4
    endloop
  endfacet
  facet normal 0 0 1
    outer loop
      vertex -20.4913 17.8374 4
      vertex -21.0632 16.986 4
      vertex -20.9782 16.8875 4
    endloop
  endfacet
  facet normal 0 0 1
    outer loop
      vertex -20.7511 17.8585 4
      vertex -21.0632 16.986 4
      vertex -20.4913 17.8374 4
    endloop
  endfacet
  facet normal -0 0 1
    outer loop
      vertex -21.1499 17.0899 4
      vertex -21.0632 16.986 4
      vertex -20.7511 17.8585 4
    endloop
  endfacet
  facet normal 0 -0 1
    outer loop
      vertex -21.1499 17.0899 4
      vertex -20.7511 17.8585 4
      vertex -21.2384 17.1994 4
    endloop
  endfacet
  facet normal 0 0 1
    outer loop
      vertex -20.7511 17.8585 4
      vertex -21.0266 17.8729 4
      vertex -21.2384 17.1994 4
    endloop
  endfacet
  facet normal 0 0 1
    outer loop
      vertex -21.0266 17.8729 4
      vertex -21.3816 17.3854 4
      vertex -21.2384 17.1994 4
    endloop
  endfacet
  facet normal 0 0 1
    outer loop
      vertex -21.1122 17.875 4
      vertex -21.3816 17.3854 4
      vertex -21.0266 17.8729 4
    endloop
  endfacet
  facet normal 0 0 1
    outer loop
      vertex -20.2487 17.8103 4
      vertex -20.4913 17.8374 4
      vertex -20.8137 16.7059 4
    endloop
  endfacet
  facet normal 0 0 1
    outer loop
      vertex -20.0248 17.7782 4
      vertex -20.6569 16.5432 4
      vertex -19.8209 17.7423 4
    endloop
  endfacet
  facet normal -0 0 1
    outer loop
      vertex -20.6569 16.5432 4
      vertex -20.5081 16.3976 4
      vertex -19.8209 17.7423 4
    endloop
  endfacet
  facet normal 0 0 1
    outer loop
      vertex -20.5081 16.3976 4
      vertex -19.6383 17.7038 4
      vertex -19.8209 17.7423 4
    endloop
  endfacet
  facet normal -0 0 1
    outer loop
      vertex -20.3671 16.2675 4
      vertex -20.234 16.1512 4
      vertex -19.4783 17.6644 4
    endloop
  endfacet
  facet normal 0 0 1
    outer loop
      vertex -20.234 16.1512 4
      vertex -19.3418 17.6255 4
      vertex -19.4783 17.6644 4
    endloop
  endfacet
  facet normal 0 -0 1
    outer loop
      vertex -20.1085 16.0472 4
      vertex -19.3418 17.6255 4
      vertex -20.234 16.1512 4
    endloop
  endfacet
  facet normal 0 0 1
    outer loop
      vertex -19.1796 17.5734 4
      vertex -19.3418 17.6255 4
      vertex -20.1085 16.0472 4
    endloop
  endfacet
  facet normal 0 0 1
    outer loop
      vertex -21.9517 5.80217 4
      vertex -22.0618 5.70921 4
      vertex -22.0941 3.60335 4
    endloop
  endfacet
  facet normal 0 0 1
    outer loop
      vertex -18.8887 17.4073 4
      vertex -20.1085 16.0472 4
      vertex -19.9632 15.9324 4
    endloop
  endfacet
  facet normal -0 -0 1
    outer loop
      vertex -20.7058 12.8193 4
      vertex -20.6956 12.813 4
      vertex -20.774 12.9463 4
    endloop
  endfacet
  facet normal 0 0 1
    outer loop
      vertex -22.1784 0.456223 4
      vertex -22.1825 0 4
      vertex -1.75 0 4
    endloop
  endfacet
  facet normal -0 0 1
    outer loop
      vertex -22.1949 3.71089 4
      vertex -22.0941 3.60335 4
      vertex -22.0618 5.70921 4
    endloop
  endfacet
  facet normal 0 -0 1
    outer loop
      vertex -20.6956 12.813 4
      vertex -20.1749 14.6926 4
      vertex -20.774 12.9463 4
    endloop
  endfacet
  facet normal 0 0 1
    outer loop
      vertex -20.788 14.844 4
      vertex -20.9605 14.8578 4
      vertex -21.4825 13.3205 4
    endloop
  endfacet
  facet normal -0 0 1
    outer loop
      vertex -22.4484 14.8205 4
      vertex -22.569 14.2066 4
      vertex -22.3391 14.8313 4
    endloop
  endfacet
  facet normal 0 0 1
    outer loop
      vertex -20.1749 14.6926 4
      vertex -20.0386 14.7474 4
      vertex -20.0431 14.7507 4
    endloop
  endfacet
  facet normal -0 0 1
    outer loop
      vertex -21.4825 13.3205 4
      vertex -21.2552 13.1682 4
      vertex -20.788 14.844 4
    endloop
  endfacet
  facet normal 0 0 1
    outer loop
      vertex -21.3604 14.8724 4
      vertex -21.8112 13.5601 4
      vertex -21.1518 14.8675 4
    endloop
  endfacet
  facet normal 0 0 1
    outer loop
      vertex -21.585 14.8716 4
      vertex -21.8239 14.8647 4
      vertex -21.9877 13.6985 4
    endloop
  endfacet
  facet normal 0 0 1
    outer loop
      vertex -21.8239 14.8647 4
      vertex -22.1727 13.8513 4
      vertex -21.9877 13.6985 4
    endloop
  endfacet
  facet normal -0 0 1
    outer loop
      vertex -22.0758 14.8514 4
      vertex -22.1727 13.8513 4
      vertex -21.8239 14.8647 4
    endloop
  endfacet
  facet normal -0 0 1
    outer loop
      vertex -22.3664 14.0201 4
      vertex -22.1727 13.8513 4
      vertex -22.0758 14.8514 4
    endloop
  endfacet
  facet normal 0 0 1
    outer loop
      vertex -22.3664 14.0201 4
      vertex -22.0758 14.8514 4
      vertex -22.3391 14.8313 4
    endloop
  endfacet
  facet normal 0 -0 1
    outer loop
      vertex -22.3664 14.0201 4
      vertex -22.3391 14.8313 4
      vertex -22.569 14.2066 4
    endloop
  endfacet
  facet normal 0 -0 1
    outer loop
      vertex -22.569 14.2066 4
      vertex -22.4484 14.8205 4
      vertex -22.6442 14.2789 4
    endloop
  endfacet
  facet normal 0 -0 1
    outer loop
      vertex -21.8112 13.5601 4
      vertex -21.585 14.8716 4
      vertex -21.9877 13.6985 4
    endloop
  endfacet
  facet normal -0 0 1
    outer loop
      vertex -22.5668 5.6658 4
      vertex -22.1949 3.71089 4
      vertex -22.0618 5.70921 4
    endloop
  endfacet
  facet normal -0 0 1
    outer loop
      vertex -22.3243 10.2992 4
      vertex -22.0684 10.1575 4
      vertex -21.7979 11.8547 4
    endloop
  endfacet
  facet normal 0 0 1
    outer loop
      vertex -21.3604 14.8724 4
      vertex -21.585 14.8716 4
      vertex -21.8112 13.5601 4
    endloop
  endfacet
  facet normal -0 0 1
    outer loop
      vertex -21.7979 11.8547 4
      vertex -22.0684 10.1575 4
      vertex -21.6246 11.862 4
    endloop
  endfacet
  facet normal 0 0 1
    outer loop
      vertex -21.1518 14.8675 4
      vertex -21.8112 13.5601 4
      vertex -21.6429 13.4346 4
    endloop
  endfacet
  facet normal 0 0 1
    outer loop
      vertex -21.1518 14.8675 4
      vertex -21.6429 13.4346 4
      vertex -20.9605 14.8578 4
    endloop
  endfacet
  facet normal -0 0 1
    outer loop
      vertex -21.6429 13.4346 4
      vertex -21.4825 13.3205 4
      vertex -20.9605 14.8578 4
    endloop
  endfacet
  facet normal 0 0 1
    outer loop
      vertex -20.788 14.844 4
      vertex -21.2552 13.1682 4
      vertex -20.6357 14.8273 4
    endloop
  endfacet
  facet normal 0 0 1
    outer loop
      vertex -21.2552 13.1682 4
      vertex -20.4602 14.803 4
      vertex -20.6357 14.8273 4
    endloop
  endfacet
  facet normal 0 0 1
    outer loop
      vertex -20.1749 14.6926 4
      vertex -20.4602 14.803 4
      vertex -21.2552 13.1682 4
    endloop
  endfacet
  facet normal 0 0 1
    outer loop
      vertex -23.1871 10.8422 4
      vertex -22.8684 11.7349 4
      vertex -23.1135 11.6933 4
    endloop
  endfacet
  facet normal 0 0 1
    outer loop
      vertex -20.1749 14.6926 4
      vertex -21.2552 13.1682 4
      vertex -21.0197 13.0201 4
    endloop
  endfacet
  facet normal 0 -0 1
    outer loop
      vertex -20.774 12.9463 4
      vertex -20.1749 14.6926 4
      vertex -21.0197 13.0201 4
    endloop
  endfacet
  facet normal 0 0 1
    outer loop
      vertex -0.874985 1.51553 4
      vertex -14.9283 21.8851 4
      vertex -16.3368 20.6248 4
    endloop
  endfacet
  facet normal 0 0 1
    outer loop
      vertex -21.5017 9.93805 4
      vertex -21.4205 9.819 4
      vertex -21.4129 9.81552 4
    endloop
  endfacet
  facet normal -0 0 1
    outer loop
      vertex -22.2417 2.58719 4
      vertex -22.1784 0.456223 4
      vertex -22.1345 2.68535 4
    endloop
  endfacet
  facet normal 0 0 1
    outer loop
      vertex -21.0922 11.7975 4
      vertex -21.5017 9.93805 4
      vertex -21.4129 9.81552 4
    endloop
  endfacet
  facet normal 0 0 1
    outer loop
      vertex -22.5945 10.458 4
      vertex -22.1895 11.8242 4
      vertex -22.405 11.8004 4
    endloop
  endfacet
  facet normal 0 0 1
    outer loop
      vertex -22.6317 11.7707 4
      vertex -22.9811 10.7029 4
      vertex -22.7838 10.5752 4
    endloop
  endfacet
  facet normal -0 0 1
    outer loop
      vertex -22.8684 11.7349 4
      vertex -22.9811 10.7029 4
      vertex -22.6317 11.7707 4
    endloop
  endfacet
  facet normal -0 0 1
    outer loop
      vertex -23.1871 10.8422 4
      vertex -22.9811 10.7029 4
      vertex -22.8684 11.7349 4
    endloop
  endfacet
  facet normal -0 0 1
    outer loop
      vertex -23.4021 10.9947 4
      vertex -23.1871 10.8422 4
      vertex -23.1135 11.6933 4
    endloop
  endfacet
  facet normal 0 0 1
    outer loop
      vertex -23.4021 10.9947 4
      vertex -23.1135 11.6933 4
      vertex -23.3714 11.6449 4
    endloop
  endfacet
  facet normal 0 -0 1
    outer loop
      vertex -23.4021 10.9947 4
      vertex -23.3714 11.6449 4
      vertex -23.5036 11.0702 4
    endloop
  endfacet
  facet normal 0 0 1
    outer loop
      vertex -22.405 11.8004 4
      vertex -22.6317 11.7707 4
      vertex -22.7838 10.5752 4
    endloop
  endfacet
  facet normal 0 0 1
    outer loop
      vertex -22.1345 -2.68535 4
      vertex -22.2417 -2.58719 4
      vertex -22.1365 -2.68559 4
    endloop
  endfacet
  facet normal 0 -0 1
    outer loop
      vertex -22.4346 6.98935 4
      vertex -22.2197 8.79103 4
      vertex -22.4959 8.74768 4
    endloop
  endfacet
  facet normal 0 0 1
    outer loop
      vertex -22.405 11.8004 4
      vertex -22.7838 10.5752 4
      vertex -22.5945 10.458 4
    endloop
  endfacet
  facet normal 0 0 1
    outer loop
      vertex -21.6992 8.78841 4
      vertex -21.9441 8.82634 4
      vertex -22.2197 8.79103 4
    endloop
  endfacet
  facet normal 0 0 1
    outer loop
      vertex -22.1895 11.8242 4
      vertex -22.5945 10.458 4
      vertex -22.3243 10.2992 4
    endloop
  endfacet
  facet normal -0 0 1
    outer loop
      vertex -22.1895 11.8242 4
      vertex -22.3243 10.2992 4
      vertex -21.9866 11.8423 4
    endloop
  endfacet
  facet normal 0 0 1
    outer loop
      vertex -22.3243 10.2992 4
      vertex -21.7979 11.8547 4
      vertex -21.9866 11.8423 4
    endloop
  endfacet
  facet normal 0 0 1
    outer loop
      vertex -22.0684 10.1575 4
      vertex -21.3599 11.8652 4
      vertex -21.6246 11.862 4
    endloop
  endfacet
  facet normal 0 -0 1
    outer loop
      vertex -21.7278 9.98061 4
      vertex -21.3599 11.8652 4
      vertex -22.0684 10.1575 4
    endloop
  endfacet
  facet normal 0 0 1
    outer loop
      vertex -21.7278 9.98061 4
      vertex -21.0922 11.7975 4
      vertex -21.3599 11.8652 4
    endloop
  endfacet
  facet normal 0 0 1
    outer loop
      vertex -21.0922 11.7975 4
      vertex -21.7278 9.98061 4
      vertex -21.5017 9.93805 4
    endloop
  endfacet
  facet normal 0 0 1
    outer loop
      vertex -1.71175 -0.363831 4
      vertex -22.1345 -2.68535 4
      vertex -22.1283 -2.90761 4
    endloop
  endfacet
  facet normal 0 0 1
    outer loop
      vertex -0.874985 1.51553 4
      vertex -8.67227 24.6824 4
      vertex -9.69659 24.4691 4
    endloop
  endfacet
  facet normal 0 -0 1
    outer loop
      vertex -21.8567 6.73274 4
      vertex -21.6992 8.78841 4
      vertex -21.9528 6.84671 4
    endloop
  endfacet
  facet normal -0 0 1
    outer loop
      vertex -23.8079 8.45686 4
      vertex -23.6942 7.61842 4
      vertex -23.4567 8.54611 4
    endloop
  endfacet
  facet normal 0 0 1
    outer loop
      vertex -23.0819 7.2952 4
      vertex -23.1185 8.62489 4
      vertex -23.38 7.4482 4
    endloop
  endfacet
  facet normal 0 0 1
    outer loop
      vertex -23.38 7.4482 4
      vertex -23.4567 8.54611 4
      vertex -23.6942 7.61842 4
    endloop
  endfacet
  facet normal -0 0 1
    outer loop
      vertex -23.9137 7.74336 4
      vertex -23.6942 7.61842 4
      vertex -23.8079 8.45686 4
    endloop
  endfacet
  facet normal 0 -0 1
    outer loop
      vertex -23.9137 7.74336 4
      vertex -23.8079 8.45686 4
      vertex -23.96 8.4157 4
    endloop
  endfacet
  facet normal 0 0 1
    outer loop
      vertex -23.9137 7.74336 4
      vertex -23.96 8.4157 4
      vertex -24.0421 7.81944 4
    endloop
  endfacet
  facet normal -0 0 1
    outer loop
      vertex -23.4567 8.54611 4
      vertex -23.38 7.4482 4
      vertex -23.1185 8.62489 4
    endloop
  endfacet
  facet normal 0 0 1
    outer loop
      vertex -20.6956 -12.813 4
      vertex -1.17097 -1.30049 4
      vertex -1.30049 -1.17097 4
    endloop
  endfacet
  facet normal 0 0 1
    outer loop
      vertex -22.3889 3.72058 4
      vertex -22.5668 5.6658 4
      vertex -22.862 3.90469 4
    endloop
  endfacet
  facet normal -0 0 1
    outer loop
      vertex -23.1185 8.62489 4
      vertex -23.0819 7.2952 4
      vertex -22.7969 8.69225 4
    endloop
  endfacet
  facet normal 0 0 1
    outer loop
      vertex -22.0618 5.70921 4
      vertex -22.2835 5.72789 4
      vertex -22.5668 5.6658 4
    endloop
  endfacet
  facet normal -0 0 1
    outer loop
      vertex -23.0819 7.2952 4
      vertex -22.7972 7.15646 4
      vertex -22.7969 8.69225 4
    endloop
  endfacet
  facet normal 0 0 1
    outer loop
      vertex -22.7972 7.15646 4
      vertex -22.4959 8.74768 4
      vertex -22.7969 8.69225 4
    endloop
  endfacet
  facet normal 0 0 1
    outer loop
      vertex -22.4346 6.98935 4
      vertex -22.4959 8.74768 4
      vertex -22.7972 7.15646 4
    endloop
  endfacet
  facet normal 0 0 1
    outer loop
      vertex -21.6992 8.78841 4
      vertex -22.2197 8.79103 4
      vertex -22.4346 6.98935 4
    endloop
  endfacet
  facet normal 0 0 1
    outer loop
      vertex -21.9528 6.84671 4
      vertex -22.4346 6.98935 4
      vertex -22.1597 6.86893 4
    endloop
  endfacet
  facet normal 0 0 1
    outer loop
      vertex -24.1299 5.22749 4
      vertex -24.3408 4.56267 4
      vertex -24.0777 4.43465 4
    endloop
  endfacet
  facet normal 0 0 1
    outer loop
      vertex -21.6992 8.78841 4
      vertex -22.4346 6.98935 4
      vertex -21.9528 6.84671 4
    endloop
  endfacet
  facet normal 0 0 1
    outer loop
      vertex -1.71175 -0.363831 4
      vertex -22.0941 -3.60335 4
      vertex -1.66434 -0.540771 4
    endloop
  endfacet
  facet normal 0 0 1
    outer loop
      vertex -0.748642 24.3309 4
      vertex -0.540771 1.66434 4
      vertex -0.363831 1.71175 4
    endloop
  endfacet
  facet normal 0 0 1
    outer loop
      vertex -3.75101 24.8488 4
      vertex -5.72894 24.9423 4
      vertex -0.711777 1.59869 4
    endloop
  endfacet
  facet normal 0 0 1
    outer loop
      vertex -23.2552 5.49026 4
      vertex -23.6838 5.36629 4
      vertex -23.3475 4.10568 4
    endloop
  endfacet
  facet normal 0 0 1
    outer loop
      vertex -23.6838 5.36629 4
      vertex -24.0777 4.43465 4
      vertex -23.7562 4.28557 4
    endloop
  endfacet
  facet normal 0 0 1
    outer loop
      vertex -23.6838 5.36629 4
      vertex -24.1299 5.22749 4
      vertex -24.0777 4.43465 4
    endloop
  endfacet
  facet normal 0 0 1
    outer loop
      vertex -24.1299 5.22749 4
      vertex -24.2958 5.17336 4
      vertex -24.3408 4.56267 4
    endloop
  endfacet
  facet normal -0 0 1
    outer loop
      vertex -23.7562 4.28557 4
      vertex -23.3475 4.10568 4
      vertex -23.6838 5.36629 4
    endloop
  endfacet
  facet normal 0 0 1
    outer loop
      vertex 10.6953 -19.4374 4
      vertex 0.711777 -1.59869 4
      vertex 8.74094 -20.51 4
    endloop
  endfacet
  facet normal 0 0 1
    outer loop
      vertex 0.711777 -1.59869 4
      vertex 0.540771 -1.66434 4
      vertex 8.74094 -20.51 4
    endloop
  endfacet
  facet normal 0 0 1
    outer loop
      vertex 7.92715 -20.9376 4
      vertex 0.540771 -1.66434 4
      vertex 0.363831 -1.71175 4
    endloop
  endfacet
  facet normal 0 0 1
    outer loop
      vertex -23.3475 4.10568 4
      vertex -22.8503 5.59753 4
      vertex -23.2552 5.49026 4
    endloop
  endfacet
  facet normal 0 0 1
    outer loop
      vertex -23.3209 2.32767 4
      vertex -23.843 2.15106 4
      vertex -23.5531 0.945282 4
    endloop
  endfacet
  facet normal 0 -0 1
    outer loop
      vertex -22.862 3.90469 4
      vertex -22.8503 5.59753 4
      vertex -23.3475 4.10568 4
    endloop
  endfacet
  facet normal 0 0 1
    outer loop
      vertex -22.5668 5.6658 4
      vertex -22.8503 5.59753 4
      vertex -22.862 3.90469 4
    endloop
  endfacet
  facet normal 0 0 1
    outer loop
      vertex -22.1949 3.71089 4
      vertex -22.5668 5.6658 4
      vertex -22.3889 3.72058 4
    endloop
  endfacet
  facet normal 0 0 1
    outer loop
      vertex 3.10585 23.1211 4
      vertex 2.20598 23.4522 4
      vertex -0.182922 1.7404 4
    endloop
  endfacet
  facet normal 0 0 1
    outer loop
      vertex -0.540771 1.66434 4
      vertex -0.748642 24.3309 4
      vertex -2.75134 24.7183 4
    endloop
  endfacet
  facet normal 0 0 1
    outer loop
      vertex -3.75101 24.8488 4
      vertex -0.711777 1.59869 4
      vertex -0.540771 1.66434 4
    endloop
  endfacet
  facet normal 0 0 1
    outer loop
      vertex 1.17097 -1.30049 4
      vertex 13.3926 -17.8261 4
      vertex 14.1687 -17.3336 4
    endloop
  endfacet
  facet normal 0 0 1
    outer loop
      vertex 0.182922 -1.7404 4
      vertex 0 -1.75 4
      vertex 5.09784 -22.2958 4
    endloop
  endfacet
  facet normal 0 -0 1
    outer loop
      vertex -21.8567 -6.73274 4
      vertex -1.59869 -0.711777 4
      vertex -21.9474 -5.85013 4
    endloop
  endfacet
  facet normal 0 -0 1
    outer loop
      vertex -21.9474 -5.85013 4
      vertex -1.59869 -0.711777 4
      vertex -21.9509 -5.80197 4
    endloop
  endfacet
  facet normal -0 0 1
    outer loop
      vertex -23.0528 0.760132 4
      vertex -22.4748 0.560226 4
      vertex -22.8271 2.48286 4
    endloop
  endfacet
  facet normal 0 0 1
    outer loop
      vertex -22.1365 2.68559 4
      vertex -22.2417 2.58719 4
      vertex -22.1345 2.68535 4
    endloop
  endfacet
  facet normal 0 0 1
    outer loop
      vertex -23.843 2.15106 4
      vertex -24.4614 1.49364 4
      vertex -24.0781 1.15172 4
    endloop
  endfacet
  facet normal 0 0 1
    outer loop
      vertex -22.4444 2.59398 4
      vertex -22.8271 2.48286 4
      vertex -22.2417 2.58719 4
    endloop
  endfacet
  facet normal 0 0 1
    outer loop
      vertex -24.4614 1.49364 4
      vertex -24.4631 1.31194 4
      vertex -24.0781 1.15172 4
    endloop
  endfacet
  facet normal -0 0 1
    outer loop
      vertex -24.4491 1.93158 4
      vertex -24.4614 1.49364 4
      vertex -23.843 2.15106 4
    endloop
  endfacet
  facet normal 0 0 1
    outer loop
      vertex -23.5531 0.945282 4
      vertex -23.843 2.15106 4
      vertex -24.0781 1.15172 4
    endloop
  endfacet
  facet normal -0 -0 1
    outer loop
      vertex -22.0618 -5.70921 4
      vertex -21.9509 -5.80197 4
      vertex -22.0941 -3.60335 4
    endloop
  endfacet
  facet normal 0 0 1
    outer loop
      vertex -1.02861 -1.41577 4
      vertex -1.17097 -1.30049 4
      vertex -19.6396 -15.6692 4
    endloop
  endfacet
  facet normal 0 0 1
    outer loop
      vertex -23.0528 0.760132 4
      vertex -23.3209 2.32767 4
      vertex -23.5531 0.945282 4
    endloop
  endfacet
  facet normal -0 0 1
    outer loop
      vertex -23.5531 -0.945282 4
      vertex -23.4233 -2.29399 4
      vertex -23.0528 -0.760132 4
    endloop
  endfacet
  facet normal 0 0 1
    outer loop
      vertex -22.8271 2.48286 4
      vertex -23.3209 2.32767 4
      vertex -23.0528 0.760132 4
    endloop
  endfacet
  facet normal 0 0 1
    outer loop
      vertex -22.2825 0.558884 4
      vertex -22.8271 2.48286 4
      vertex -22.4748 0.560226 4
    endloop
  endfacet
  facet normal 0 0 1
    outer loop
      vertex -22.2417 2.58719 4
      vertex -22.8271 2.48286 4
      vertex -22.2825 0.558884 4
    endloop
  endfacet
  facet normal 0 0 1
    outer loop
      vertex -22.4748 -0.560226 4
      vertex -22.9232 -2.45364 4
      vertex -22.4444 -2.59398 4
    endloop
  endfacet
  facet normal 0 0 1
    outer loop
      vertex -22.2417 2.58719 4
      vertex -22.2825 0.558884 4
      vertex -22.1784 0.456223 4
    endloop
  endfacet
  facet normal 0 0 1
    outer loop
      vertex -1.41577 -1.02861 4
      vertex -1.51553 -0.874985 4
      vertex -21.5822 -8.87318 4
    endloop
  endfacet
  facet normal -0 0 1
    outer loop
      vertex -22.1813 -0.456284 4
      vertex -22.2825 -0.558884 4
      vertex -22.1784 -0.456223 4
    endloop
  endfacet
  facet normal 0 0 1
    outer loop
      vertex -24.0781 -1.15172 4
      vertex -24.4614 -1.49364 4
      vertex -23.9502 -2.11331 4
    endloop
  endfacet
  facet normal 0 0 1
    outer loop
      vertex -22.9232 -2.45364 4
      vertex -23.0528 -0.760132 4
      vertex -23.4233 -2.29399 4
    endloop
  endfacet
  facet normal 0 0 1
    outer loop
      vertex -23.9502 -2.11331 4
      vertex -24.4614 -1.49364 4
      vertex -24.4491 -1.93112 4
    endloop
  endfacet
  facet normal -0 0 1
    outer loop
      vertex -24.4631 -1.31194 4
      vertex -24.4614 -1.49364 4
      vertex -24.0781 -1.15172 4
    endloop
  endfacet
  facet normal 0 0 1
    outer loop
      vertex -23.5531 -0.945282 4
      vertex -24.0781 -1.15172 4
      vertex -23.9502 -2.11331 4
    endloop
  endfacet
  facet normal 0 0 1
    outer loop
      vertex -23.5531 -0.945282 4
      vertex -23.9502 -2.11331 4
      vertex -23.4233 -2.29399 4
    endloop
  endfacet
  facet normal 0 -0 1
    outer loop
      vertex 3.10585 -23.1211 4
      vertex 5.09784 -22.2958 4
      vertex 0 -1.75 4
    endloop
  endfacet
  facet normal 0 0 1
    outer loop
      vertex -21.8567 -6.73274 4
      vertex -21.6992 -8.78841 4
      vertex -21.5822 -8.87318 4
    endloop
  endfacet
  facet normal -0 0 1
    outer loop
      vertex -23.0528 -0.760132 4
      vertex -22.9232 -2.45364 4
      vertex -22.4748 -0.560226 4
    endloop
  endfacet
  facet normal 0 0 1
    outer loop
      vertex -22.4748 -0.560226 4
      vertex -22.4444 -2.59398 4
      vertex -22.2417 -2.58719 4
    endloop
  endfacet
  facet normal -0 0 1
    outer loop
      vertex -22.4748 -0.560226 4
      vertex -22.2417 -2.58719 4
      vertex -22.2825 -0.558884 4
    endloop
  endfacet
  facet normal 0 -0 1
    outer loop
      vertex 5.09784 -22.2958 4
      vertex 5.45531 -22.1403 4
      vertex 0.182922 -1.7404 4
    endloop
  endfacet
  facet normal 0 -0 1
    outer loop
      vertex -20.0386 -14.7474 4
      vertex -1.17097 -1.30049 4
      vertex -20.6956 -12.813 4
    endloop
  endfacet
  facet normal 0 0 1
    outer loop
      vertex -22.1784 -0.456223 4
      vertex -22.2825 -0.558884 4
      vertex -22.2417 -2.58719 4
    endloop
  endfacet
  facet normal 0 -0 1
    outer loop
      vertex -19.6396 -15.6692 4
      vertex -1.17097 -1.30049 4
      vertex -20.0386 -14.7474 4
    endloop
  endfacet
  facet normal -0 0 1
    outer loop
      vertex -20.9679 -11.8709 4
      vertex -20.6956 -12.813 4
      vertex -1.30049 -1.17097 4
    endloop
  endfacet
  facet normal 0 0 1
    outer loop
      vertex -22.1784 -0.456223 4
      vertex -22.2417 -2.58719 4
      vertex -22.1345 -2.68535 4
    endloop
  endfacet
  facet normal 0 -0 1
    outer loop
      vertex -22.6591 -5.64421 4
      vertex -22.3889 -3.72058 4
      vertex -22.862 -3.90469 4
    endloop
  endfacet
  facet normal 0 0 1
    outer loop
      vertex -22.1949 -3.71089 4
      vertex -22.0941 -3.60335 4
      vertex -22.0982 -3.60402 4
    endloop
  endfacet
  facet normal -0 0 1
    outer loop
      vertex -23.905 -5.29858 4
      vertex -23.467 -5.43021 4
      vertex -23.652 -4.23874 4
    endloop
  endfacet
  facet normal 0 0 1
    outer loop
      vertex -22.862 -3.90469 4
      vertex -23.0493 -5.54608 4
      vertex -22.6591 -5.64421 4
    endloop
  endfacet
  facet normal 0 -0 1
    outer loop
      vertex -23.905 -5.29858 4
      vertex -23.652 -4.23874 4
      vertex -23.9689 -4.38347 4
    endloop
  endfacet
  facet normal 0 0 1
    outer loop
      vertex -23.9689 -4.38347 4
      vertex -24.2958 -5.17303 4
      vertex -23.905 -5.29858 4
    endloop
  endfacet
  facet normal -0 0 1
    outer loop
      vertex -24.3408 -4.56209 4
      vertex -24.2958 -5.17303 4
      vertex -23.9689 -4.38347 4
    endloop
  endfacet
  facet normal 0 0 1
    outer loop
      vertex -23.2483 -4.06355 4
      vertex -23.652 -4.23874 4
      vertex -23.467 -5.43021 4
    endloop
  endfacet
  facet normal 0 0 1
    outer loop
      vertex 3.10585 -23.1211 4
      vertex 0 -1.75 4
      vertex -0.182922 -1.7404 4
    endloop
  endfacet
  facet normal 0 0 1
    outer loop
      vertex -17.0369 -19.8487 4
      vertex -0.875 -1.51553 4
      vertex -1.02861 -1.41577 4
    endloop
  endfacet
  facet normal -0 0 1
    outer loop
      vertex -23.467 -5.43021 4
      vertex -23.0493 -5.54608 4
      vertex -23.2483 -4.06355 4
    endloop
  endfacet
  facet normal 0 -0 1
    outer loop
      vertex -23.0493 -5.54608 4
      vertex -22.862 -3.90469 4
      vertex -23.2483 -4.06355 4
    endloop
  endfacet
  facet normal 0 0 1
    outer loop
      vertex -22.6591 -5.64421 4
      vertex -22.2835 -5.72789 4
      vertex -22.0618 -5.70921 4
    endloop
  endfacet
  facet normal -0 0 1
    outer loop
      vertex -22.6591 -5.64421 4
      vertex -22.0618 -5.70921 4
      vertex -22.3889 -3.72058 4
    endloop
  endfacet
  facet normal -0 0 1
    outer loop
      vertex -18.1944 -18.3062 4
      vertex -17.0369 -19.8487 4
      vertex -1.02861 -1.41577 4
    endloop
  endfacet
  facet normal 0 0 1
    outer loop
      vertex -22.0618 -5.70921 4
      vertex -22.1949 -3.71089 4
      vertex -22.3889 -3.72058 4
    endloop
  endfacet
  facet normal 0 0 1
    outer loop
      vertex -1.02861 -1.41577 4
      vertex -19.6396 -15.6692 4
      vertex -18.7397 -17.4358 4
    endloop
  endfacet
  facet normal 0 0 1
    outer loop
      vertex -22.0941 -3.60335 4
      vertex -22.1949 -3.71089 4
      vertex -22.0618 -5.70921 4
    endloop
  endfacet
  facet normal 0 -0 1
    outer loop
      vertex -18.1944 -18.3062 4
      vertex -1.02861 -1.41577 4
      vertex -18.7397 -17.4358 4
    endloop
  endfacet
  facet normal 0 0 1
    outer loop
      vertex -22.4008 -8.76344 4
      vertex -22.5237 -7.0295 4
      vertex -22.8908 -7.20131 4
    endloop
  endfacet
  facet normal 0 0 1
    outer loop
      vertex -20.9679 -11.8709 4
      vertex -21.4129 -9.81552 4
      vertex -21.0922 -11.7975 4
    endloop
  endfacet
  facet normal 0 0 1
    outer loop
      vertex -21.8567 -6.73274 4
      vertex -21.8624 -6.7345 4
      vertex -21.9528 -6.84671 4
    endloop
  endfacet
  facet normal -0 0 1
    outer loop
      vertex -24.0421 -7.81944 4
      vertex -23.9601 -8.41542 4
      vertex -23.9137 -7.74336 4
    endloop
  endfacet
  facet normal 0 0 1
    outer loop
      vertex -22.134 -8.8028 4
      vertex -22.1597 -6.86893 4
      vertex -22.5237 -7.0295 4
    endloop
  endfacet
  facet normal 0 0 1
    outer loop
      vertex -23.1797 -7.34442 4
      vertex -23.4828 -7.50287 4
      vertex -23.3424 -8.57358 4
    endloop
  endfacet
  facet normal 0 0 1
    outer loop
      vertex -23.4828 -7.50287 4
      vertex -23.6942 -7.61842 4
      vertex -23.3424 -8.57358 4
    endloop
  endfacet
  facet normal 0 0 1
    outer loop
      vertex -23.6942 -7.61842 4
      vertex -23.6896 -8.48779 4
      vertex -23.3424 -8.57358 4
    endloop
  endfacet
  facet normal -0 0 1
    outer loop
      vertex -23.9137 -7.74336 4
      vertex -23.6896 -8.48779 4
      vertex -23.6942 -7.61842 4
    endloop
  endfacet
  facet normal -0 0 1
    outer loop
      vertex -23.9601 -8.41542 4
      vertex -23.6896 -8.48779 4
      vertex -23.9137 -7.74336 4
    endloop
  endfacet
  facet normal 0 0 1
    outer loop
      vertex -23.0093 -8.64861 4
      vertex -23.1797 -7.34442 4
      vertex -23.3424 -8.57358 4
    endloop
  endfacet
  facet normal 0 0 1
    outer loop
      vertex -22.6941 -8.71214 4
      vertex -23.1797 -7.34442 4
      vertex -23.0093 -8.64861 4
    endloop
  endfacet
  facet normal -0 -0 1
    outer loop
      vertex -22.0864 -11.8339 4
      vertex -21.8904 -11.8491 4
      vertex -22.3243 -10.2992 4
    endloop
  endfacet
  facet normal 0 0 1
    outer loop
      vertex -0.182922 -1.7404 4
      vertex -0.363831 -1.71175 4
      vertex 2.20598 -23.4522 4
    endloop
  endfacet
  facet normal 0 0 1
    outer loop
      vertex -22.6941 -8.71214 4
      vertex -22.8908 -7.20131 4
      vertex -23.1797 -7.34442 4
    endloop
  endfacet
  facet normal 0 0 1
    outer loop
      vertex -22.4008 -8.76344 4
      vertex -22.8908 -7.20131 4
      vertex -22.6941 -8.71214 4
    endloop
  endfacet
  facet normal 0 0 1
    outer loop
      vertex -22.134 -8.8028 4
      vertex -22.5237 -7.0295 4
      vertex -22.4008 -8.76344 4
    endloop
  endfacet
  facet normal 0 0 1
    outer loop
      vertex -21.9528 -6.84671 4
      vertex -22.1597 -6.86893 4
      vertex -22.134 -8.8028 4
    endloop
  endfacet
  facet normal 0 0 1
    outer loop
      vertex -22.3243 -10.2992 4
      vertex -22.5945 -10.458 4
      vertex -22.0864 -11.8339 4
    endloop
  endfacet
  facet normal 0 0 1
    outer loop
      vertex -21.6992 -8.78841 4
      vertex -22.134 -8.8028 4
      vertex -21.9441 -8.82634 4
    endloop
  endfacet
  facet normal 0 0 1
    outer loop
      vertex -21.9528 -6.84671 4
      vertex -22.134 -8.8028 4
      vertex -21.6992 -8.78841 4
    endloop
  endfacet
  facet normal -0 0 1
    outer loop
      vertex -21.9528 -6.84671 4
      vertex -21.6992 -8.78841 4
      vertex -21.8567 -6.73274 4
    endloop
  endfacet
  facet normal 0 0 1
    outer loop
      vertex 3.10585 -23.1211 4
      vertex -0.182922 -1.7404 4
      vertex 2.20598 -23.4522 4
    endloop
  endfacet
  facet normal 0 0 1
    outer loop
      vertex -21.5017 -9.93805 4
      vertex -21.4129 -9.81552 4
      vertex -21.4205 -9.819 4
    endloop
  endfacet
  facet normal 0 0 1
    outer loop
      vertex -20.0386 -14.7474 4
      vertex -20.6956 -12.813 4
      vertex -20.1749 -14.6926 4
    endloop
  endfacet
  facet normal 0 0 1
    outer loop
      vertex -22.0684 -10.1575 4
      vertex -21.8904 -11.8491 4
      vertex -21.7092 -11.8589 4
    endloop
  endfacet
  facet normal -0 0 1
    outer loop
      vertex -22.9811 -10.7029 4
      vertex -22.7489 -11.7535 4
      vertex -22.7838 -10.5752 4
    endloop
  endfacet
  facet normal 0 0 1
    outer loop
      vertex -22.7489 -11.7535 4
      vertex -22.9811 -10.7029 4
      vertex -22.99 -11.7148 4
    endloop
  endfacet
  facet normal 0 0 1
    outer loop
      vertex -22.9811 -10.7029 4
      vertex -23.1871 -10.8422 4
      vertex -22.99 -11.7148 4
    endloop
  endfacet
  facet normal 0 0 1
    outer loop
      vertex -23.1871 -10.8422 4
      vertex -23.2389 -11.6703 4
      vertex -22.99 -11.7148 4
    endloop
  endfacet
  facet normal -0 0 1
    outer loop
      vertex -23.4021 -10.9947 4
      vertex -23.2389 -11.6703 4
      vertex -23.1871 -10.8422 4
    endloop
  endfacet
  facet normal -0 0 1
    outer loop
      vertex -23.5036 -11.0702 4
      vertex -23.3715 -11.6443 4
      vertex -23.4021 -10.9947 4
    endloop
  endfacet
  facet normal -0 -0 1
    outer loop
      vertex -23.3715 -11.6443 4
      vertex -23.2389 -11.6703 4
      vertex -23.4021 -10.9947 4
    endloop
  endfacet
  facet normal 0 0 1
    outer loop
      vertex -22.5171 -11.7863 4
      vertex -22.7838 -10.5752 4
      vertex -22.7489 -11.7535 4
    endloop
  endfacet
  facet normal -0 0 1
    outer loop
      vertex -21.6429 -13.4346 4
      vertex -20.9605 -14.8578 4
      vertex -21.4825 -13.3205 4
    endloop
  endfacet
  facet normal 0 0 1
    outer loop
      vertex -22.7838 -10.5752 4
      vertex -22.5171 -11.7863 4
      vertex -22.2958 -11.813 4
    endloop
  endfacet
  facet normal -0 0 1
    outer loop
      vertex -20.7058 -12.8193 4
      vertex -20.774 -12.9463 4
      vertex -20.6956 -12.813 4
    endloop
  endfacet
  facet normal -0 0 1
    outer loop
      vertex -22.7838 -10.5752 4
      vertex -22.2958 -11.813 4
      vertex -22.5945 -10.458 4
    endloop
  endfacet
  facet normal -0 -0 1
    outer loop
      vertex -22.2958 -11.813 4
      vertex -22.0864 -11.8339 4
      vertex -22.5945 -10.458 4
    endloop
  endfacet
  facet normal 0 0 1
    outer loop
      vertex -22.0684 -10.1575 4
      vertex -22.3243 -10.2992 4
      vertex -21.8904 -11.8491 4
    endloop
  endfacet
  facet normal 0 0 1
    outer loop
      vertex -21.4683 -11.8648 4
      vertex -22.0684 -10.1575 4
      vertex -21.7092 -11.8589 4
    endloop
  endfacet
  facet normal 0 0 1
    outer loop
      vertex -21.7278 -9.98061 4
      vertex -22.0684 -10.1575 4
      vertex -21.4683 -11.8648 4
    endloop
  endfacet
  facet normal 0 0 1
    outer loop
      vertex -21.7278 -9.98061 4
      vertex -21.4683 -11.8648 4
      vertex -21.0922 -11.7975 4
    endloop
  endfacet
  facet normal -0 0 1
    outer loop
      vertex -21.4683 -11.8648 4
      vertex -21.3599 -11.8652 4
      vertex -21.0922 -11.7975 4
    endloop
  endfacet
  facet normal -0 0 1
    outer loop
      vertex -21.7278 -9.98061 4
      vertex -21.0922 -11.7975 4
      vertex -21.5017 -9.93805 4
    endloop
  endfacet
  facet normal 0 0 1
    outer loop
      vertex -21.0922 -11.7975 4
      vertex -21.4129 -9.81552 4
      vertex -21.5017 -9.93805 4
    endloop
  endfacet
  facet normal 0 -0 1
    outer loop
      vertex 0.203308 -24.0844 4
      vertex 2.20598 -23.4522 4
      vertex -0.363831 -1.71175 4
    endloop
  endfacet
  facet normal 0 -0 1
    outer loop
      vertex -16.3368 -20.6248 4
      vertex -0.875 -1.51553 4
      vertex -17.0369 -19.8487 4
    endloop
  endfacet
  facet normal 0 0 1
    outer loop
      vertex -20.788 -14.844 4
      vertex -21.2552 -13.1682 4
      vertex -21.4825 -13.3205 4
    endloop
  endfacet
  facet normal 0 0 1
    outer loop
      vertex -21.8112 -13.5601 4
      vertex -21.9877 -13.6985 4
      vertex -21.585 -14.8716 4
    endloop
  endfacet
  facet normal 0 0 1
    outer loop
      vertex -21.8239 -14.8647 4
      vertex -21.9877 -13.6985 4
      vertex -22.1727 -13.8513 4
    endloop
  endfacet
  facet normal 0 0 1
    outer loop
      vertex -21.8239 -14.8647 4
      vertex -22.1727 -13.8513 4
      vertex -22.0758 -14.8514 4
    endloop
  endfacet
  facet normal 0 0 1
    outer loop
      vertex -22.1727 -13.8513 4
      vertex -22.3664 -14.0201 4
      vertex -22.0758 -14.8514 4
    endloop
  endfacet
  facet normal 0 0 1
    outer loop
      vertex -22.3664 -14.0201 4
      vertex -22.3391 -14.8313 4
      vertex -22.0758 -14.8514 4
    endloop
  endfacet
  facet normal -0 0 1
    outer loop
      vertex -22.569 -14.2066 4
      vertex -22.3391 -14.8313 4
      vertex -22.3664 -14.0201 4
    endloop
  endfacet
  facet normal -0 -0 1
    outer loop
      vertex -22.4484 -14.8205 4
      vertex -22.3391 -14.8313 4
      vertex -22.569 -14.2066 4
    endloop
  endfacet
  facet normal 0 0 1
    outer loop
      vertex -22.4484 -14.8205 4
      vertex -22.569 -14.2066 4
      vertex -22.6442 -14.2789 4
    endloop
  endfacet
  facet normal 0 0 1
    outer loop
      vertex -21.585 -14.8716 4
      vertex -21.9877 -13.6985 4
      vertex -21.8239 -14.8647 4
    endloop
  endfacet
  facet normal 0 0 1
    outer loop
      vertex -0.748642 -24.3309 4
      vertex 0.203308 -24.0844 4
      vertex -0.363831 -1.71175 4
    endloop
  endfacet
  facet normal 0 0 1
    outer loop
      vertex -21.3604 -14.8724 4
      vertex -21.8112 -13.5601 4
      vertex -21.585 -14.8716 4
    endloop
  endfacet
  facet normal 0 0 1
    outer loop
      vertex -21.1518 -14.8675 4
      vertex -21.8112 -13.5601 4
      vertex -21.3604 -14.8724 4
    endloop
  endfacet
  facet normal 0 0 1
    outer loop
      vertex -21.6429 -13.4346 4
      vertex -21.8112 -13.5601 4
      vertex -21.1518 -14.8675 4
    endloop
  endfacet
  facet normal 0 0 1
    outer loop
      vertex -19.6396 -15.6692 4
      vertex -20.0386 -14.7474 4
      vertex -19.9827 -14.902 4
    endloop
  endfacet
  facet normal 0 0 1
    outer loop
      vertex -21.6429 -13.4346 4
      vertex -21.1518 -14.8675 4
      vertex -20.9605 -14.8578 4
    endloop
  endfacet
  facet normal 0 0 1
    outer loop
      vertex -21.4825 -13.3205 4
      vertex -20.9605 -14.8578 4
      vertex -20.788 -14.844 4
    endloop
  endfacet
  facet normal 0 0 1
    outer loop
      vertex -21.2552 -13.1682 4
      vertex -20.788 -14.844 4
      vertex -20.6357 -14.8273 4
    endloop
  endfacet
  facet normal 0 0 1
    outer loop
      vertex -21.2552 -13.1682 4
      vertex -20.6357 -14.8273 4
      vertex -20.4602 -14.803 4
    endloop
  endfacet
  facet normal 0 0 1
    outer loop
      vertex -21.2552 -13.1682 4
      vertex -20.4602 -14.803 4
      vertex -20.1749 -14.6926 4
    endloop
  endfacet
  facet normal -0 0 1
    outer loop
      vertex -21.2552 -13.1682 4
      vertex -20.1749 -14.6926 4
      vertex -21.0197 -13.0201 4
    endloop
  endfacet
  facet normal 0 0 1
    outer loop
      vertex -20.1749 -14.6926 4
      vertex -20.774 -12.9463 4
      vertex -21.0197 -13.0201 4
    endloop
  endfacet
  facet normal 0 0 1
    outer loop
      vertex -20.6956 -12.813 4
      vertex -20.774 -12.9463 4
      vertex -20.1749 -14.6926 4
    endloop
  endfacet
  facet normal 0 0 1
    outer loop
      vertex -0.875 -1.51553 4
      vertex -14.9283 -21.8851 4
      vertex -12.4541 -23.4476 4
    endloop
  endfacet
  facet normal 0 0 1
    outer loop
      vertex -20.0386 -14.7474 4
      vertex -20.1749 -14.6926 4
      vertex -20.0431 -14.7507 4
    endloop
  endfacet
  facet normal 0 0 1
    outer loop
      vertex -0.875 -1.51553 4
      vertex -16.3368 -20.6248 4
      vertex -14.9283 -21.8851 4
    endloop
  endfacet
  facet normal 0 -0 1
    outer loop
      vertex -11.4953 -23.8842 4
      vertex -0.875 -1.51553 4
      vertex -12.4541 -23.4476 4
    endloop
  endfacet
  facet normal 0 -0 1
    outer loop
      vertex -19.6383 -17.7038 4
      vertex -19.4783 -17.6644 4
      vertex -20.2996 -16.2077 4
    endloop
  endfacet
  facet normal 0 0 1
    outer loop
      vertex -19.6396 -15.6692 4
      vertex -19.6525 -15.6795 4
      vertex -19.703 -15.8144 4
    endloop
  endfacet
  facet normal 0 -0 1
    outer loop
      vertex -20.2487 -17.8103 4
      vertex -20.0248 -17.7782 4
      vertex -20.7343 -16.6223 4
    endloop
  endfacet
  facet normal 0 0 1
    outer loop
      vertex -20.2996 -16.2077 4
      vertex -20.4366 -16.3307 4
      vertex -19.6383 -17.7038 4
    endloop
  endfacet
  facet normal 0 0 1
    outer loop
      vertex -20.0248 -17.7782 4
      vertex -20.5815 -16.4683 4
      vertex -20.7343 -16.6223 4
    endloop
  endfacet
  facet normal 0 -0 1
    outer loop
      vertex -20.4913 -17.8374 4
      vertex -20.2487 -17.8103 4
      vertex -20.895 -16.7942 4
    endloop
  endfacet
  facet normal 0 0 1
    outer loop
      vertex -20.4913 -17.8374 4
      vertex -20.895 -16.7942 4
      vertex -20.9782 -16.8875 4
    endloop
  endfacet
  facet normal 0 0 1
    outer loop
      vertex -20.4913 -17.8374 4
      vertex -20.9782 -16.8875 4
      vertex -21.0632 -16.986 4
    endloop
  endfacet
  facet normal 0 0 1
    outer loop
      vertex -20.4913 -17.8374 4
      vertex -21.0632 -16.986 4
      vertex -20.7511 -17.8585 4
    endloop
  endfacet
  facet normal 0 0 1
    outer loop
      vertex -21.0632 -16.986 4
      vertex -21.1499 -17.0899 4
      vertex -20.7511 -17.8585 4
    endloop
  endfacet
  facet normal 0 0 1
    outer loop
      vertex -21.1499 -17.0899 4
      vertex -21.2384 -17.1994 4
      vertex -20.7511 -17.8585 4
    endloop
  endfacet
  facet normal 0 0 1
    outer loop
      vertex -21.2384 -17.1994 4
      vertex -21.0266 -17.8729 4
      vertex -20.7511 -17.8585 4
    endloop
  endfacet
  facet normal -0 0 1
    outer loop
      vertex -21.3815 -17.3857 4
      vertex -21.0266 -17.8729 4
      vertex -21.2384 -17.1994 4
    endloop
  endfacet
  facet normal 0 -0 1
    outer loop
      vertex -21.1122 -17.875 4
      vertex -21.0266 -17.8729 4
      vertex -21.3815 -17.3857 4
    endloop
  endfacet
  facet normal 0 0 1
    outer loop
      vertex -20.2487 -17.8103 4
      vertex -20.7343 -16.6223 4
      vertex -20.895 -16.7942 4
    endloop
  endfacet
  facet normal 0 -0 1
    outer loop
      vertex -0.748642 -24.3309 4
      vertex -0.540771 -1.66434 4
      vertex -2.75134 -24.7183 4
    endloop
  endfacet
  facet normal 0 -0 1
    outer loop
      vertex -20.0248 -17.7782 4
      vertex -19.8209 -17.7423 4
      vertex -20.5815 -16.4683 4
    endloop
  endfacet
  facet normal 0 0 1
    outer loop
      vertex -19.8209 -17.7423 4
      vertex -20.4366 -16.3307 4
      vertex -20.5815 -16.4683 4
    endloop
  endfacet
  facet normal 0 0 1
    outer loop
      vertex -19.6383 -17.7038 4
      vertex -20.4366 -16.3307 4
      vertex -19.8209 -17.7423 4
    endloop
  endfacet
  facet normal -0 -0 1
    outer loop
      vertex -18.5508 -17.7789 4
      vertex -18.1944 -18.3062 4
      vertex -18.7397 -17.4358 4
    endloop
  endfacet
  facet normal -0 0 1
    outer loop
      vertex -20.2996 -16.2077 4
      vertex -19.4783 -17.6644 4
      vertex -20.1703 -16.0978 4
    endloop
  endfacet
  facet normal 0 -0 1
    outer loop
      vertex -19.4783 -17.6644 4
      vertex -19.3418 -17.6255 4
      vertex -20.1703 -16.0978 4
    endloop
  endfacet
  facet normal 0 -0 1
    outer loop
      vertex -19.3418 -17.6255 4
      vertex -19.1796 -17.5734 4
      vertex -20.1703 -16.0978 4
    endloop
  endfacet
  facet normal 0 0 1
    outer loop
      vertex -19.1796 -17.5734 4
      vertex -19.9632 -15.9324 4
      vertex -20.1703 -16.0978 4
    endloop
  endfacet
  facet normal 0 0 1
    outer loop
      vertex -18.8887 -17.4073 4
      vertex -19.9632 -15.9324 4
      vertex -19.1796 -17.5734 4
    endloop
  endfacet
  facet normal 0 0 1
    outer loop
      vertex -19.703 -15.8144 4
      vertex -19.9632 -15.9324 4
      vertex -18.8887 -17.4073 4
    endloop
  endfacet
  facet normal 0 0 1
    outer loop
      vertex -19.703 -15.8144 4
      vertex -18.8887 -17.4073 4
      vertex -18.7397 -17.4358 4
    endloop
  endfacet
  facet normal 0 -0 1
    outer loop
      vertex -17.7322 -20.2222 4
      vertex -17.6135 -20.1619 4
      vertex -18.7225 -18.8775 4
    endloop
  endfacet
  facet normal 0 0 1
    outer loop
      vertex -18.8887 -17.4073 4
      vertex -18.7496 -17.4451 4
      vertex -18.7397 -17.4358 4
    endloop
  endfacet
  facet normal -0 0 1
    outer loop
      vertex -19.703 -15.8144 4
      vertex -18.7397 -17.4358 4
      vertex -19.6396 -15.6692 4
    endloop
  endfacet
  facet normal 0 0 1
    outer loop
      vertex -18.8312 -19.0059 4
      vertex -18.947 -19.1525 4
      vertex -17.8758 -20.2881 4
    endloop
  endfacet
  facet normal 0 0 1
    outer loop
      vertex -18.2358 -18.4611 4
      vertex -18.1944 -18.3062 4
      vertex -18.2078 -18.3197 4
    endloop
  endfacet
  facet normal 0 0 1
    outer loop
      vertex -17.0369 -19.8487 4
      vertex -16.6176 -20.3526 4
      vertex -16.3368 -20.6248 4
    endloop
  endfacet
  facet normal 0 -0 1
    outer loop
      vertex -17.8758 -20.2881 4
      vertex -17.7322 -20.2222 4
      vertex -18.8312 -19.0059 4
    endloop
  endfacet
  facet normal 0 0 1
    outer loop
      vertex -18.3425 -20.4642 4
      vertex -19.133 -19.4099 4
      vertex -19.1979 -19.5067 4
    endloop
  endfacet
  facet normal 0 0 1
    outer loop
      vertex -18.5706 -20.5341 4
      vertex -19.1979 -19.5067 4
      vertex -19.2641 -19.6092 4
    endloop
  endfacet
  facet normal 0 0 1
    outer loop
      vertex -18.693 -20.568 4
      vertex -19.2641 -19.6092 4
      vertex -19.3313 -19.7178 4
    endloop
  endfacet
  facet normal 0 0 1
    outer loop
      vertex -19.3313 -19.7178 4
      vertex -18.8208 -20.6011 4
      vertex -18.693 -20.568 4
    endloop
  endfacet
  facet normal -0 0 1
    outer loop
      vertex -19.3994 -19.8327 4
      vertex -18.8208 -20.6011 4
      vertex -19.3313 -19.7178 4
    endloop
  endfacet
  facet normal 0 -0 1
    outer loop
      vertex -18.9539 -20.6329 4
      vertex -18.8208 -20.6011 4
      vertex -19.3994 -19.8327 4
    endloop
  endfacet
  facet normal 0 0 1
    outer loop
      vertex -18.9539 -20.6329 4
      vertex -19.3994 -19.8327 4
      vertex -19.4684 -19.9539 4
    endloop
  endfacet
  facet normal 0 0 1
    outer loop
      vertex -18.9539 -20.6329 4
      vertex -19.4684 -19.9539 4
      vertex -19.0921 -20.6636 4
    endloop
  endfacet
  facet normal 0 0 1
    outer loop
      vertex -19.4684 -19.9539 4
      vertex -19.5379 -20.0818 4
      vertex -19.0921 -20.6636 4
    endloop
  endfacet
  facet normal 0 0 1
    outer loop
      vertex -19.4825 -20.4894 4
      vertex -19.3027 -20.7053 4
      vertex -19.0921 -20.6636 4
    endloop
  endfacet
  facet normal -0 -0 1
    outer loop
      vertex -19.4825 -20.4894 4
      vertex -19.0921 -20.6636 4
      vertex -19.5379 -20.0818 4
    endloop
  endfacet
  facet normal 0 0 1
    outer loop
      vertex -19.4825 -20.4894 4
      vertex -19.5379 -20.0818 4
      vertex -19.6328 -20.2672 4
    endloop
  endfacet
  facet normal 0 0 1
    outer loop
      vertex -19.2641 -19.6092 4
      vertex -18.693 -20.568 4
      vertex -18.5706 -20.5341 4
    endloop
  endfacet
  facet normal 0 0 1
    outer loop
      vertex -19.1979 -19.5067 4
      vertex -18.5706 -20.5341 4
      vertex -18.4537 -20.4994 4
    endloop
  endfacet
  facet normal 0 0 1
    outer loop
      vertex -0.711777 -1.59869 4
      vertex -0.875 -1.51553 4
      vertex -8.67227 -24.6824 4
    endloop
  endfacet
  facet normal 0 0 1
    outer loop
      vertex -19.1979 -19.5067 4
      vertex -18.4537 -20.4994 4
      vertex -18.3425 -20.4642 4
    endloop
  endfacet
  facet normal 0 -0 1
    outer loop
      vertex -18.3425 -20.4642 4
      vertex -18.2372 -20.4287 4
      vertex -19.133 -19.4099 4
    endloop
  endfacet
  facet normal 0 0 1
    outer loop
      vertex -15.5982 -22.4418 4
      vertex -16.763 -21.2838 4
      vertex -16.8435 -21.4229 4
    endloop
  endfacet
  facet normal 0 0 1
    outer loop
      vertex -18.2372 -20.4287 4
      vertex -19.0695 -19.3188 4
      vertex -19.133 -19.4099 4
    endloop
  endfacet
  facet normal 0 0 1
    outer loop
      vertex -18.0443 -20.3576 4
      vertex -19.0695 -19.3188 4
      vertex -18.2372 -20.4287 4
    endloop
  endfacet
  facet normal 0 0 1
    outer loop
      vertex -18.947 -19.1525 4
      vertex -19.0695 -19.3188 4
      vertex -18.0443 -20.3576 4
    endloop
  endfacet
  facet normal 0 0 1
    outer loop
      vertex -18.947 -19.1525 4
      vertex -18.0443 -20.3576 4
      vertex -17.8758 -20.2881 4
    endloop
  endfacet
  facet normal 0 0 1
    outer loop
      vertex -18.7225 -18.8775 4
      vertex -18.8312 -19.0059 4
      vertex -17.7322 -20.2222 4
    endloop
  endfacet
  facet normal 0 0 1
    outer loop
      vertex -17.6135 -20.1619 4
      vertex -18.6212 -18.7652 4
      vertex -18.7225 -18.8775 4
    endloop
  endfacet
  facet normal 0 0 1
    outer loop
      vertex -17.4689 -20.0815 4
      vertex -18.6212 -18.7652 4
      vertex -17.6135 -20.1619 4
    endloop
  endfacet
  facet normal 0 0 1
    outer loop
      vertex -18.4982 -18.6365 4
      vertex -18.6212 -18.7652 4
      vertex -17.4689 -20.0815 4
    endloop
  endfacet
  facet normal 0 0 1
    outer loop
      vertex -18.4982 -18.6365 4
      vertex -17.4689 -20.0815 4
      vertex -17.194 -19.8517 4
    endloop
  endfacet
  facet normal -0 0 1
    outer loop
      vertex -18.4982 -18.6365 4
      vertex -17.194 -19.8517 4
      vertex -18.2358 -18.4611 4
    endloop
  endfacet
  facet normal 0 -0 1
    outer loop
      vertex -17.194 -19.8517 4
      vertex -17.0369 -19.8487 4
      vertex -18.2358 -18.4611 4
    endloop
  endfacet
  facet normal 0 -0 1
    outer loop
      vertex -17.0504 -19.8644 4
      vertex -17.0369 -19.8487 4
      vertex -17.194 -19.8517 4
    endloop
  endfacet
  facet normal 0 0 1
    outer loop
      vertex -17.0369 -19.8487 4
      vertex -18.1944 -18.3062 4
      vertex -18.2358 -18.4611 4
    endloop
  endfacet
  facet normal 0 -0 1
    outer loop
      vertex -5.72894 -24.9423 4
      vertex -0.711777 -1.59869 4
      vertex -6.7601 -24.9235 4
    endloop
  endfacet
  facet normal 0 0 1
    outer loop
      vertex -16.3368 -20.6248 4
      vertex -16.3471 -20.6378 4
      vertex -16.348 -20.782 4
    endloop
  endfacet
  facet normal 0 0 1
    outer loop
      vertex -15.9861 -22.6971 4
      vertex -17.0173 -21.7692 4
      vertex -17.0625 -21.871 4
    endloop
  endfacet
  facet normal -0 0 1
    outer loop
      vertex -16.9727 -21.6736 4
      vertex -15.896 -22.6427 4
      vertex -16.9286 -21.5842 4
    endloop
  endfacet
  facet normal 0 0 1
    outer loop
      vertex -16.0827 -22.7528 4
      vertex -17.0625 -21.871 4
      vertex -17.108 -21.9793 4
    endloop
  endfacet
  facet normal 0 0 1
    outer loop
      vertex -16.1857 -22.8094 4
      vertex -17.108 -21.9793 4
      vertex -16.295 -22.8667 4
    endloop
  endfacet
  facet normal 0 0 1
    outer loop
      vertex -17.108 -21.9793 4
      vertex -17.1535 -22.0941 4
      vertex -16.295 -22.8667 4
    endloop
  endfacet
  facet normal 0 0 1
    outer loop
      vertex -17.1535 -22.0941 4
      vertex -16.4108 -22.9244 4
      vertex -16.295 -22.8667 4
    endloop
  endfacet
  facet normal -0 0 1
    outer loop
      vertex -17.1988 -22.2156 4
      vertex -16.4108 -22.9244 4
      vertex -17.1535 -22.0941 4
    endloop
  endfacet
  facet normal 0 -0 1
    outer loop
      vertex -16.5328 -22.9822 4
      vertex -16.4108 -22.9244 4
      vertex -17.1988 -22.2156 4
    endloop
  endfacet
  facet normal 0 0 1
    outer loop
      vertex -16.5328 -22.9822 4
      vertex -17.1988 -22.2156 4
      vertex -17.2437 -22.344 4
    endloop
  endfacet
  facet normal 0 0 1
    outer loop
      vertex -16.5328 -22.9822 4
      vertex -17.2437 -22.344 4
      vertex -16.661 -23.0399 4
    endloop
  endfacet
  facet normal 0 0 1
    outer loop
      vertex -17.2437 -22.344 4
      vertex -17.2879 -22.4792 4
      vertex -16.661 -23.0399 4
    endloop
  endfacet
  facet normal 0 0 1
    outer loop
      vertex -17.2879 -22.4792 4
      vertex -16.7954 -23.0972 4
      vertex -16.661 -23.0399 4
    endloop
  endfacet
  facet normal -0 0 1
    outer loop
      vertex -17.3312 -22.6213 4
      vertex -16.7954 -23.0972 4
      vertex -17.2879 -22.4792 4
    endloop
  endfacet
  facet normal -0 0 1
    outer loop
      vertex -17.381 -22.8007 4
      vertex -16.7954 -23.0972 4
      vertex -17.3312 -22.6213 4
    endloop
  endfacet
  facet normal 0 -0 1
    outer loop
      vertex -16.9939 -23.1761 4
      vertex -16.7954 -23.0972 4
      vertex -17.381 -22.8007 4
    endloop
  endfacet
  facet normal 0 0 1
    outer loop
      vertex -16.0827 -22.7528 4
      vertex -17.108 -21.9793 4
      vertex -16.1857 -22.8094 4
    endloop
  endfacet
  facet normal 0 0 1
    outer loop
      vertex -14.0848 -22.5183 4
      vertex -14.0598 -22.6656 4
      vertex -12.4541 -23.4476 4
    endloop
  endfacet
  facet normal 0 0 1
    outer loop
      vertex -15.9861 -22.6971 4
      vertex -17.0625 -21.871 4
      vertex -16.0827 -22.7528 4
    endloop
  endfacet
  facet normal 0 0 1
    outer loop
      vertex -15.896 -22.6427 4
      vertex -17.0173 -21.7692 4
      vertex -15.9861 -22.6971 4
    endloop
  endfacet
  facet normal 0 0 1
    outer loop
      vertex -16.9727 -21.6736 4
      vertex -17.0173 -21.7692 4
      vertex -15.896 -22.6427 4
    endloop
  endfacet
  facet normal 0 0 1
    outer loop
      vertex -16.9286 -21.5842 4
      vertex -15.896 -22.6427 4
      vertex -15.7346 -22.5383 4
    endloop
  endfacet
  facet normal -0 0 1
    outer loop
      vertex -16.9286 -21.5842 4
      vertex -15.7346 -22.5383 4
      vertex -16.8435 -21.4229 4
    endloop
  endfacet
  facet normal 0 -0 1
    outer loop
      vertex -15.7346 -22.5383 4
      vertex -15.5982 -22.4418 4
      vertex -16.8435 -21.4229 4
    endloop
  endfacet
  facet normal 0 -0 1
    outer loop
      vertex -15.5982 -22.4418 4
      vertex -15.4859 -22.3551 4
      vertex -16.763 -21.2838 4
    endloop
  endfacet
  facet normal -0 -0 1
    outer loop
      vertex -14.1951 -22.4517 4
      vertex -14.0848 -22.5183 4
      vertex -14.9283 -21.8851 4
    endloop
  endfacet
  facet normal 0 0 1
    outer loop
      vertex -16.6884 -21.1651 4
      vertex -16.763 -21.2838 4
      vertex -15.4859 -22.3551 4
    endloop
  endfacet
  facet normal 0 0 1
    outer loop
      vertex -16.6884 -21.1651 4
      vertex -15.4859 -22.3551 4
      vertex -15.3964 -22.2799 4
    endloop
  endfacet
  facet normal 0 0 1
    outer loop
      vertex -16.6884 -21.1651 4
      vertex -15.3964 -22.2799 4
      vertex -15.315 -22.2083 4
    endloop
  endfacet
  facet normal -0 0 1
    outer loop
      vertex -16.6884 -21.1651 4
      vertex -15.315 -22.2083 4
      vertex -16.5925 -21.0233 4
    endloop
  endfacet
  facet normal 0 -0 1
    outer loop
      vertex -15.315 -22.2083 4
      vertex -15.0844 -21.9198 4
      vertex -16.5925 -21.0233 4
    endloop
  endfacet
  facet normal 0 0 1
    outer loop
      vertex -15.0844 -21.9198 4
      vertex -16.348 -20.782 4
      vertex -16.5925 -21.0233 4
    endloop
  endfacet
  facet normal 0 0 1
    outer loop
      vertex -14.9283 -21.8851 4
      vertex -16.348 -20.782 4
      vertex -15.0844 -21.9198 4
    endloop
  endfacet
  facet normal 0 0 1
    outer loop
      vertex -14.9283 -21.8851 4
      vertex -15.0844 -21.9198 4
      vertex -14.9411 -21.9038 4
    endloop
  endfacet
  facet normal 0 0 1
    outer loop
      vertex -0.711777 -1.59869 4
      vertex -5.72894 -24.9423 4
      vertex -3.75101 -24.8488 4
    endloop
  endfacet
  facet normal 0 0 1
    outer loop
      vertex -16.3368 -20.6248 4
      vertex -16.348 -20.782 4
      vertex -14.9283 -21.8851 4
    endloop
  endfacet
  facet normal 0 0 1
    outer loop
      vertex -9.69659 -24.4691 4
      vertex -11.4953 -23.8842 4
      vertex -9.8237 -24.5487 4
    endloop
  endfacet
  facet normal 0 0 1
    outer loop
      vertex -14.3724 -23.245 4
      vertex -12.9934 -24.126 4
      vertex -12.9005 -24.0163 4
    endloop
  endfacet
  facet normal 0 0 1
    outer loop
      vertex -14.0848 -22.5183 4
      vertex -14.0886 -22.5244 4
      vertex -14.0598 -22.6656 4
    endloop
  endfacet
  facet normal 0 0 1
    outer loop
      vertex -13.3194 -24.4572 4
      vertex -14.5208 -23.7636 4
      vertex -13.4023 -24.5318 4
    endloop
  endfacet
  facet normal 0 0 1
    outer loop
      vertex -14.4967 -23.661 4
      vertex -14.5208 -23.7636 4
      vertex -13.2427 -24.385 4
    endloop
  endfacet
  facet normal 0 0 1
    outer loop
      vertex -13.4023 -24.5318 4
      vertex -14.544 -23.8727 4
      vertex -14.5661 -23.9884 4
    endloop
  endfacet
  facet normal 0 0 1
    outer loop
      vertex -13.4915 -24.6089 4
      vertex -14.5661 -23.9884 4
      vertex -13.587 -24.688 4
    endloop
  endfacet
  facet normal 0 0 1
    outer loop
      vertex -14.5661 -23.9884 4
      vertex -14.5869 -24.1107 4
      vertex -13.587 -24.688 4
    endloop
  endfacet
  facet normal 0 0 1
    outer loop
      vertex -14.5869 -24.1107 4
      vertex -14.606 -24.2396 4
      vertex -13.587 -24.688 4
    endloop
  endfacet
  facet normal 0 0 1
    outer loop
      vertex -14.606 -24.2396 4
      vertex -13.6891 -24.7689 4
      vertex -13.587 -24.688 4
    endloop
  endfacet
  facet normal -0 0 1
    outer loop
      vertex -14.6231 -24.375 4
      vertex -13.6891 -24.7689 4
      vertex -14.606 -24.2396 4
    endloop
  endfacet
  facet normal 0 -0 1
    outer loop
      vertex -13.7978 -24.8515 4
      vertex -13.6891 -24.7689 4
      vertex -14.6231 -24.375 4
    endloop
  endfacet
  facet normal 0 0 1
    outer loop
      vertex -13.7978 -24.8515 4
      vertex -14.6231 -24.375 4
      vertex -13.9132 -24.9354 4
    endloop
  endfacet
  facet normal 0 0 1
    outer loop
      vertex -14.6231 -24.375 4
      vertex -14.6381 -24.5169 4
      vertex -13.9132 -24.9354 4
    endloop
  endfacet
  facet normal 0 0 1
    outer loop
      vertex -14.6381 -24.5169 4
      vertex -14.6506 -24.6652 4
      vertex -13.9132 -24.9354 4
    endloop
  endfacet
  facet normal 0 0 1
    outer loop
      vertex -14.6506 -24.6652 4
      vertex -14.0354 -25.0204 4
      vertex -13.9132 -24.9354 4
    endloop
  endfacet
  facet normal -0 0 1
    outer loop
      vertex -14.6614 -24.8435 4
      vertex -14.0354 -25.0204 4
      vertex -14.6506 -24.6652 4
    endloop
  endfacet
  facet normal 0 -0 1
    outer loop
      vertex -14.1944 -25.1252 4
      vertex -14.0354 -25.0204 4
      vertex -14.6614 -24.8435 4
    endloop
  endfacet
  facet normal 0 0 1
    outer loop
      vertex -13.4023 -24.5318 4
      vertex -14.5661 -23.9884 4
      vertex -13.4915 -24.6089 4
    endloop
  endfacet
  facet normal 0 0 1
    outer loop
      vertex -14.5208 -23.7636 4
      vertex -14.544 -23.8727 4
      vertex -13.4023 -24.5318 4
    endloop
  endfacet
  facet normal 0 0 1
    outer loop
      vertex -13.2427 -24.385 4
      vertex -14.5208 -23.7636 4
      vertex -13.3194 -24.4572 4
    endloop
  endfacet
  facet normal 0 0 1
    outer loop
      vertex -14.472 -23.5651 4
      vertex -14.4967 -23.661 4
      vertex -13.2427 -24.385 4
    endloop
  endfacet
  facet normal 0 0 1
    outer loop
      vertex -14.472 -23.5651 4
      vertex -13.2427 -24.385 4
      vertex -13.1069 -24.2493 4
    endloop
  endfacet
  facet normal -0 0 1
    outer loop
      vertex -14.472 -23.5651 4
      vertex -13.1069 -24.2493 4
      vertex -14.4219 -23.3925 4
    endloop
  endfacet
  facet normal 0 -0 1
    outer loop
      vertex -13.1069 -24.2493 4
      vertex -12.9934 -24.126 4
      vertex -14.4219 -23.3925 4
    endloop
  endfacet
  facet normal 0 0 1
    outer loop
      vertex -12.9934 -24.126 4
      vertex -14.3724 -23.245 4
      vertex -14.4219 -23.3925 4
    endloop
  endfacet
  facet normal 0 0 1
    outer loop
      vertex -12.9005 -24.0163 4
      vertex -14.3253 -23.1216 4
      vertex -14.3724 -23.245 4
    endloop
  endfacet
  facet normal 0 0 1
    outer loop
      vertex -3.75101 -24.8488 4
      vertex -0.540771 -1.66434 4
      vertex -0.711777 -1.59869 4
    endloop
  endfacet
  facet normal 0 -0 1
    outer loop
      vertex -12.9005 -24.0163 4
      vertex -12.8264 -23.9212 4
      vertex -14.3253 -23.1216 4
    endloop
  endfacet
  facet normal 0 0 1
    outer loop
      vertex -12.8264 -23.9212 4
      vertex -14.2604 -22.969 4
      vertex -14.3253 -23.1216 4
    endloop
  endfacet
  facet normal 0 0 1
    outer loop
      vertex -12.7615 -23.8344 4
      vertex -14.2604 -22.969 4
      vertex -12.8264 -23.9212 4
    endloop
  endfacet
  facet normal 0 0 1
    outer loop
      vertex -12.5991 -23.5089 4
      vertex -14.2604 -22.969 4
      vertex -12.7615 -23.8344 4
    endloop
  endfacet
  facet normal 0 0 1
    outer loop
      vertex -14.0598 -22.6656 4
      vertex -14.2604 -22.969 4
      vertex -12.5991 -23.5089 4
    endloop
  endfacet
  facet normal 0 0 1
    outer loop
      vertex -14.0598 -22.6656 4
      vertex -12.5991 -23.5089 4
      vertex -12.4541 -23.4476 4
    endloop
  endfacet
  facet normal 0 0 1
    outer loop
      vertex -12.5991 -23.5089 4
      vertex -12.4624 -23.4633 4
      vertex -12.4541 -23.4476 4
    endloop
  endfacet
  facet normal -0 -0 1
    outer loop
      vertex -14.0848 -22.5183 4
      vertex -12.4541 -23.4476 4
      vertex -14.9283 -21.8851 4
    endloop
  endfacet
  facet normal 0 0 1
    outer loop
      vertex -10.0163 -25.0952 4
      vertex -11.607 -24.528 4
      vertex -11.6269 -24.6558 4
    endloop
  endfacet
  facet normal 0 -0 1
    outer loop
      vertex -8.67227 -24.6824 4
      vertex -0.875 -1.51553 4
      vertex -9.69659 -24.4691 4
    endloop
  endfacet
  facet normal 0 0 1
    outer loop
      vertex -11.4409 -24.0233 4
      vertex -11.4953 -23.8842 4
      vertex -11.4987 -23.8913 4
    endloop
  endfacet
  facet normal 0 0 1
    outer loop
      vertex -6.7601 -24.9235 4
      vertex -8.67227 -24.6824 4
      vertex -6.86989 -25.0232 4
    endloop
  endfacet
  facet normal 0 0 1
    outer loop
      vertex -10.2836 -25.5356 4
      vertex -11.6611 -25.0876 4
      vertex -10.344 -25.622 4
    endloop
  endfacet
  facet normal 0 0 1
    outer loop
      vertex -10.4096 -25.7121 4
      vertex -11.6632 -25.3045 4
      vertex -10.4806 -25.8056 4
    endloop
  endfacet
  facet normal 0 0 1
    outer loop
      vertex -10.4806 -25.8056 4
      vertex -11.6607 -25.4219 4
      vertex -10.5573 -25.9024 4
    endloop
  endfacet
  facet normal 0 0 1
    outer loop
      vertex -11.6607 -25.4219 4
      vertex -11.6556 -25.5453 4
      vertex -10.5573 -25.9024 4
    endloop
  endfacet
  facet normal 0 0 1
    outer loop
      vertex -11.6556 -25.5453 4
      vertex -11.6477 -25.6743 4
      vertex -10.5573 -25.9024 4
    endloop
  endfacet
  facet normal 0 0 1
    outer loop
      vertex -11.6477 -25.6743 4
      vertex -10.6399 -26.0024 4
      vertex -10.5573 -25.9024 4
    endloop
  endfacet
  facet normal -0 -0 1
    outer loop
      vertex -11.6368 -25.8089 4
      vertex -10.6399 -26.0024 4
      vertex -11.6477 -25.6743 4
    endloop
  endfacet
  facet normal 0 0 1
    outer loop
      vertex -11.6632 -25.3045 4
      vertex -11.6607 -25.4219 4
      vertex -10.4806 -25.8056 4
    endloop
  endfacet
  facet normal 0 0 1
    outer loop
      vertex -10.6399 -26.0024 4
      vertex -11.6368 -25.8089 4
      vertex -10.7286 -26.1055 4
    endloop
  endfacet
  facet normal 0 0 1
    outer loop
      vertex -11.6368 -25.8089 4
      vertex -11.6226 -25.9488 4
      vertex -10.7286 -26.1055 4
    endloop
  endfacet
  facet normal 0 0 1
    outer loop
      vertex -11.6226 -25.9488 4
      vertex -10.8235 -26.2114 4
      vertex -10.7286 -26.1055 4
    endloop
  endfacet
  facet normal -0 -0 1
    outer loop
      vertex -11.6051 -26.0939 4
      vertex -10.8235 -26.2114 4
      vertex -11.6226 -25.9488 4
    endloop
  endfacet
  facet normal 0 -0 1
    outer loop
      vertex -10.925 -26.3199 4
      vertex -10.8235 -26.2114 4
      vertex -11.6051 -26.0939 4
    endloop
  endfacet
  facet normal 0 0 1
    outer loop
      vertex -10.925 -26.3199 4
      vertex -11.6051 -26.0939 4
      vertex -11.578 -26.2811 4
    endloop
  endfacet
  facet normal 0 0 1
    outer loop
      vertex -10.925 -26.3199 4
      vertex -11.578 -26.2811 4
      vertex -11.054 -26.4514 4
    endloop
  endfacet
  facet normal 0 0 1
    outer loop
      vertex -11.6632 -25.193 4
      vertex -11.6632 -25.3045 4
      vertex -10.4096 -25.7121 4
    endloop
  endfacet
  facet normal 0 -0 1
    outer loop
      vertex -10.4096 -25.7121 4
      vertex -10.344 -25.622 4
      vertex -11.6632 -25.193 4
    endloop
  endfacet
  facet normal -0 -0 1
    outer loop
      vertex -8.52614 -26.2311 4
      vertex -7.29428 -26.3792 4
      vertex -8.55124 -26.1172 4
    endloop
  endfacet
  facet normal 0 0 1
    outer loop
      vertex -10.344 -25.622 4
      vertex -11.6611 -25.0876 4
      vertex -11.6632 -25.193 4
    endloop
  endfacet
  facet normal 0 0 1
    outer loop
      vertex -10.2836 -25.5356 4
      vertex -11.6571 -24.9885 4
      vertex -11.6611 -25.0876 4
    endloop
  endfacet
  facet normal 0 0 1
    outer loop
      vertex -10.1774 -25.3736 4
      vertex -11.6571 -24.9885 4
      vertex -10.2836 -25.5356 4
    endloop
  endfacet
  facet normal 0 0 1
    outer loop
      vertex -7.15253 -26.0775 4
      vertex -8.60805 -25.8056 4
      vertex -8.57315 -26.0082 4
    endloop
  endfacet
  facet normal 0 0 1
    outer loop
      vertex -11.6443 -24.8093 4
      vertex -11.6571 -24.9885 4
      vertex -10.1774 -25.3736 4
    endloop
  endfacet
  facet normal 0 0 1
    outer loop
      vertex -11.6443 -24.8093 4
      vertex -10.1774 -25.3736 4
      vertex -10.0889 -25.2268 4
    endloop
  endfacet
  facet normal -0 0 1
    outer loop
      vertex -8.67786 -24.6983 4
      vertex -8.59509 -24.8163 4
      vertex -8.67227 -24.6824 4
    endloop
  endfacet
  facet normal -0 0 1
    outer loop
      vertex -11.6443 -24.8093 4
      vertex -10.0889 -25.2268 4
      vertex -11.6269 -24.6558 4
    endloop
  endfacet
  facet normal 0 -0 1
    outer loop
      vertex -10.0889 -25.2268 4
      vertex -10.0163 -25.0952 4
      vertex -11.6269 -24.6558 4
    endloop
  endfacet
  facet normal 0 -0 1
    outer loop
      vertex -10.0163 -25.0952 4
      vertex -9.95753 -24.9789 4
      vertex -11.607 -24.528 4
    endloop
  endfacet
  facet normal 0 0 1
    outer loop
      vertex -9.95753 -24.9789 4
      vertex -11.5754 -24.3673 4
      vertex -11.607 -24.528 4
    endloop
  endfacet
  facet normal 0 0 1
    outer loop
      vertex -9.91046 -24.8812 4
      vertex -11.5754 -24.3673 4
      vertex -9.95753 -24.9789 4
    endloop
  endfacet
  facet normal 0 0 1
    outer loop
      vertex -11.4409 -24.0233 4
      vertex -11.5754 -24.3673 4
      vertex -9.91046 -24.8812 4
    endloop
  endfacet
  facet normal 0 0 1
    outer loop
      vertex -11.4409 -24.0233 4
      vertex -9.91046 -24.8812 4
      vertex -9.8237 -24.5487 4
    endloop
  endfacet
  facet normal -0 -0 1
    outer loop
      vertex -11.4409 -24.0233 4
      vertex -9.8237 -24.5487 4
      vertex -11.4953 -23.8842 4
    endloop
  endfacet
  facet normal 0 0 1
    outer loop
      vertex -9.8237 -24.5487 4
      vertex -9.69933 -24.476 4
      vertex -9.69659 -24.4691 4
    endloop
  endfacet
  facet normal 0 -0 1
    outer loop
      vertex -6.7601 -24.9235 4
      vertex -0.711777 -1.59869 4
      vertex -8.67227 -24.6824 4
    endloop
  endfacet
  facet normal 0 0 1
    outer loop
      vertex -6.7601 -24.9235 4
      vertex -6.65886 -24.9339 4
      vertex -5.72894 -24.9423 4
    endloop
  endfacet
  facet normal 0 -0 1
    outer loop
      vertex -9.69659 -24.4691 4
      vertex -0.875 -1.51553 4
      vertex -11.4953 -23.8842 4
    endloop
  endfacet
  facet normal 0 0 1
    outer loop
      vertex -5.6308 -25.0617 4
      vertex -3.84308 -25.4381 4
      vertex -3.81631 -25.2548 4
    endloop
  endfacet
  facet normal 0 0 1
    outer loop
      vertex -8.52614 -26.2311 4
      vertex -8.49774 -26.3497 4
      vertex -7.35005 -26.4878 4
    endloop
  endfacet
  facet normal 0 0 1
    outer loop
      vertex -8.52614 -26.2311 4
      vertex -7.35005 -26.4878 4
      vertex -7.29428 -26.3792 4
    endloop
  endfacet
  facet normal -0 -0 1
    outer loop
      vertex -8.46593 -26.4726 4
      vertex -7.35005 -26.4878 4
      vertex -8.49774 -26.3497 4
    endloop
  endfacet
  facet normal 0 -0 1
    outer loop
      vertex -7.41049 -26.6003 4
      vertex -7.35005 -26.4878 4
      vertex -8.46593 -26.4726 4
    endloop
  endfacet
  facet normal 0 0 1
    outer loop
      vertex -7.41049 -26.6003 4
      vertex -8.46593 -26.4726 4
      vertex -8.4306 -26.5999 4
    endloop
  endfacet
  facet normal 0 0 1
    outer loop
      vertex -7.41049 -26.6003 4
      vertex -8.4306 -26.5999 4
      vertex -7.47586 -26.7167 4
    endloop
  endfacet
  facet normal 0 0 1
    outer loop
      vertex -8.4306 -26.5999 4
      vertex -8.39168 -26.7311 4
      vertex -7.47586 -26.7167 4
    endloop
  endfacet
  facet normal -0 0 1
    outer loop
      vertex -8.39168 -26.7311 4
      vertex -7.54642 -26.8371 4
      vertex -7.47586 -26.7167 4
    endloop
  endfacet
  facet normal 0 -0 1
    outer loop
      vertex -8.34911 -26.866 4
      vertex -7.54642 -26.8371 4
      vertex -8.39168 -26.7311 4
    endloop
  endfacet
  facet normal 0 -0 1
    outer loop
      vertex -7.62241 -26.9612 4
      vertex -7.54642 -26.8371 4
      vertex -8.34911 -26.866 4
    endloop
  endfacet
  facet normal 0 0 1
    outer loop
      vertex -7.62241 -26.9612 4
      vertex -8.34911 -26.866 4
      vertex -7.72824 -27.1252 4
    endloop
  endfacet
  facet normal 0 0 1
    outer loop
      vertex -8.34911 -26.866 4
      vertex -8.28044 -27.068 4
      vertex -7.72824 -27.1252 4
    endloop
  endfacet
  facet normal 0 -0 1
    outer loop
      vertex -5.55862 -25.7009 4
      vertex -3.87035 -25.5988 4
      vertex -5.59322 -25.5633 4
    endloop
  endfacet
  facet normal 0 0 1
    outer loop
      vertex -8.55124 -26.1172 4
      vertex -7.29428 -26.3792 4
      vertex -7.24294 -26.2747 4
    endloop
  endfacet
  facet normal 0 0 1
    outer loop
      vertex -7.24294 -26.2747 4
      vertex -8.57315 -26.0082 4
      vertex -8.55124 -26.1172 4
    endloop
  endfacet
  facet normal 0 0 1
    outer loop
      vertex -4.96509 -27.146 4
      vertex -4.91623 -27.2357 4
      vertex -4.35823 -27.1929 4
    endloop
  endfacet
  facet normal 0 0 1
    outer loop
      vertex -7.15253 -26.0775 4
      vertex -8.57315 -26.0082 4
      vertex -7.24294 -26.2747 4
    endloop
  endfacet
  facet normal 0 0 1
    outer loop
      vertex -5.09033 -26.9002 4
      vertex -4.96509 -27.146 4
      vertex -4.27589 -26.9927 4
    endloop
  endfacet
  facet normal 0 0 1
    outer loop
      vertex -7.07689 -25.8961 4
      vertex -8.60805 -25.8056 4
      vertex -7.15253 -26.0775 4
    endloop
  endfacet
  facet normal 0 0 1
    outer loop
      vertex -4.22528 -26.8613 4
      vertex -5.09033 -26.9002 4
      vertex -4.27589 -26.9927 4
    endloop
  endfacet
  facet normal 0 0 1
    outer loop
      vertex -8.6321 -25.625 4
      vertex -8.60805 -25.8056 4
      vertex -7.07689 -25.8961 4
    endloop
  endfacet
  facet normal 0 0 1
    outer loop
      vertex -4.17873 -26.7343 4
      vertex -5.20197 -26.6647 4
      vertex -5.09033 -26.9002 4
    endloop
  endfacet
  facet normal 0 0 1
    outer loop
      vertex -8.6321 -25.625 4
      vertex -7.07689 -25.8961 4
      vertex -7.01418 -25.7302 4
    endloop
  endfacet
  facet normal 0 -0 1
    outer loop
      vertex -4.17873 -26.7343 4
      vertex -4.13594 -26.6114 4
      vertex -5.20197 -26.6647 4
    endloop
  endfacet
  facet normal -0 -0 1
    outer loop
      vertex -8.6321 -25.625 4
      vertex -7.01418 -25.7302 4
      vertex -8.64685 -25.4677 4
    endloop
  endfacet
  facet normal 0 -0 1
    outer loop
      vertex -5.20197 -26.6647 4
      vertex -4.06087 -26.3781 4
      vertex -5.29982 -26.441 4
    endloop
  endfacet
  facet normal 0 -0 1
    outer loop
      vertex -7.01418 -25.7302 4
      vertex -6.96266 -25.5792 4
      vertex -8.64685 -25.4677 4
    endloop
  endfacet
  facet normal 0 -0 1
    outer loop
      vertex -5.384 -26.2311 4
      vertex -3.99832 -26.161 4
      vertex -5.45483 -26.0365 4
    endloop
  endfacet
  facet normal 0 0 1
    outer loop
      vertex -6.96266 -25.5792 4
      vertex -8.65399 -25.3347 4
      vertex -8.64685 -25.4677 4
    endloop
  endfacet
  facet normal -0 0 1
    outer loop
      vertex -5.45483 -26.0365 4
      vertex -3.99832 -26.161 4
      vertex -3.94672 -25.9593 4
    endloop
  endfacet
  facet normal 0 0 1
    outer loop
      vertex -6.89058 -25.3382 4
      vertex -8.65666 -25.1693 4
      vertex -6.96266 -25.5792 4
    endloop
  endfacet
  facet normal 0 0 1
    outer loop
      vertex -5.5128 -25.8592 4
      vertex -5.45483 -26.0365 4
      vertex -3.94672 -25.9593 4
    endloop
  endfacet
  facet normal 0 0 1
    outer loop
      vertex -8.59509 -24.8163 4
      vertex -8.65666 -25.1693 4
      vertex -6.89058 -25.3382 4
    endloop
  endfacet
  facet normal 0 0 1
    outer loop
      vertex -5.55862 -25.7009 4
      vertex -5.5128 -25.8592 4
      vertex -3.90454 -25.7722 4
    endloop
  endfacet
  facet normal 0 0 1
    outer loop
      vertex -8.59509 -24.8163 4
      vertex -6.89058 -25.3382 4
      vertex -6.86989 -25.0232 4
    endloop
  endfacet
  facet normal -0 -0 1
    outer loop
      vertex -8.59509 -24.8163 4
      vertex -6.86989 -25.0232 4
      vertex -8.67227 -24.6824 4
    endloop
  endfacet
  facet normal 0 0 1
    outer loop
      vertex -6.86989 -25.0232 4
      vertex -6.76143 -24.9283 4
      vertex -6.7601 -24.9235 4
    endloop
  endfacet
  facet normal 0 0 1
    outer loop
      vertex -0.540771 -1.66434 4
      vertex -3.75101 -24.8488 4
      vertex -2.75134 -24.7183 4
    endloop
  endfacet
  facet normal -0 0 1
    outer loop
      vertex -5.73306 -24.9602 4
      vertex -5.6308 -25.0617 4
      vertex -5.72894 -24.9423 4
    endloop
  endfacet
  facet normal 0 0 1
    outer loop
      vertex -0.540771 -1.66434 4
      vertex -0.748642 -24.3309 4
      vertex -0.363831 -1.71175 4
    endloop
  endfacet
  facet normal 0 0 1
    outer loop
      vertex -3.87035 -25.5988 4
      vertex -5.55862 -25.7009 4
      vertex -3.90454 -25.7722 4
    endloop
  endfacet
  facet normal 0 -0 1
    outer loop
      vertex -5.29982 -26.441 4
      vertex -4.06087 -26.3781 4
      vertex -5.384 -26.2311 4
    endloop
  endfacet
  facet normal 0 0 1
    outer loop
      vertex -1.41577 -1.02861 4
      vertex -21.5822 -8.87318 4
      vertex -21.4129 -9.81552 4
    endloop
  endfacet
  facet normal 0 -0 1
    outer loop
      vertex 15.9973 -16.1062 4
      vertex 16.7622 -15.565 4
      vertex 1.41577 -1.02861 4
    endloop
  endfacet
  facet normal 0 0 1
    outer loop
      vertex -1.41577 -1.02861 4
      vertex -21.4129 -9.81552 4
      vertex -1.30049 -1.17097 4
    endloop
  endfacet
  facet normal 0 0 1
    outer loop
      vertex -1.30049 -1.17097 4
      vertex -21.4129 -9.81552 4
      vertex -20.9679 -11.8709 4
    endloop
  endfacet
  facet normal 0 0 1
    outer loop
      vertex -1.51553 -0.874985 4
      vertex -1.59869 -0.711777 4
      vertex -21.8567 -6.73274 4
    endloop
  endfacet
  facet normal 0 -0 1
    outer loop
      vertex -21.5822 -8.87318 4
      vertex -1.51553 -0.874985 4
      vertex -21.8567 -6.73274 4
    endloop
  endfacet
  facet normal 0 -0 1
    outer loop
      vertex -21.9509 -5.80197 4
      vertex -1.66434 -0.540771 4
      vertex -22.0941 -3.60335 4
    endloop
  endfacet
  facet normal 0 0 1
    outer loop
      vertex -21.9509 -5.80197 4
      vertex -1.59869 -0.711777 4
      vertex -1.66434 -0.540771 4
    endloop
  endfacet
  facet normal -0 0 1
    outer loop
      vertex -22.1283 -2.90761 4
      vertex -22.0941 -3.60335 4
      vertex -1.71175 -0.363831 4
    endloop
  endfacet
  facet normal 0 0 1
    outer loop
      vertex -1.71175 -0.363831 4
      vertex -1.7404 -0.182922 4
      vertex -22.1345 -2.68535 4
    endloop
  endfacet
  facet normal -0 0 1
    outer loop
      vertex -22.1825 0 4
      vertex -22.1784 -0.456223 4
      vertex -1.75 0 4
    endloop
  endfacet
  facet normal 0 0 1
    outer loop
      vertex -22.1345 2.68535 4
      vertex -22.1784 0.456223 4
      vertex -1.7404 0.182922 4
    endloop
  endfacet
  facet normal -0 0 1
    outer loop
      vertex -22.1283 2.90761 4
      vertex -1.71175 0.363831 4
      vertex -22.0941 3.60335 4
    endloop
  endfacet
  facet normal 0 0 1
    outer loop
      vertex -22.1283 2.90761 4
      vertex -22.1345 2.68535 4
      vertex -1.71175 0.363831 4
    endloop
  endfacet
  facet normal 0 0 1
    outer loop
      vertex -1.59869 0.711777 4
      vertex -21.9517 5.80217 4
      vertex -1.66434 0.540771 4
    endloop
  endfacet
  facet normal 0 0 1
    outer loop
      vertex -1.51553 0.874985 4
      vertex -21.5828 8.87346 4
      vertex -21.8567 6.73274 4
    endloop
  endfacet
  facet normal 0 0 1
    outer loop
      vertex -21.5828 8.87346 4
      vertex -1.51553 0.874985 4
      vertex -1.41577 1.02861 4
    endloop
  endfacet
  facet normal 0 0 1
    outer loop
      vertex -20.9684 11.8712 4
      vertex -21.4129 9.81552 4
      vertex -1.30049 1.17097 4
    endloop
  endfacet
  facet normal 0 0 1
    outer loop
      vertex -1.30049 1.17097 4
      vertex -21.4129 9.81552 4
      vertex -1.41577 1.02861 4
    endloop
  endfacet
  facet normal 0 0 1
    outer loop
      vertex -20.0386 14.7474 4
      vertex -20.6956 12.813 4
      vertex -1.17097 1.30049 4
    endloop
  endfacet
  facet normal 0 0 1
    outer loop
      vertex -18.7397 17.4358 4
      vertex -19.6396 15.6692 4
      vertex -1.02861 1.41577 4
    endloop
  endfacet
  facet normal 0 0 1
    outer loop
      vertex -17.0369 19.8487 4
      vertex -1.02861 1.41577 4
      vertex -0.874985 1.51553 4
    endloop
  endfacet
  facet normal 0 0 1
    outer loop
      vertex -17.0369 19.8487 4
      vertex -18.1944 18.3062 4
      vertex -1.02861 1.41577 4
    endloop
  endfacet
  facet normal 0 0 1
    outer loop
      vertex -12.4541 23.4476 4
      vertex -14.9283 21.8851 4
      vertex -0.874985 1.51553 4
    endloop
  endfacet
  facet normal 0 0 1
    outer loop
      vertex -0.874985 1.51553 4
      vertex -11.4953 23.8842 4
      vertex -12.4541 23.4476 4
    endloop
  endfacet
  facet normal 0 0 1
    outer loop
      vertex -0.711777 1.59869 4
      vertex -6.7601 24.9235 4
      vertex -8.67227 24.6824 4
    endloop
  endfacet
  facet normal 0 -0 1
    outer loop
      vertex -0.874985 1.51553 4
      vertex -0.711777 1.59869 4
      vertex -8.67227 24.6824 4
    endloop
  endfacet
  facet normal 0 0 1
    outer loop
      vertex -3.75101 24.8488 4
      vertex -0.540771 1.66434 4
      vertex -2.75134 24.7183 4
    endloop
  endfacet
  facet normal 0 0 1
    outer loop
      vertex -0.748642 24.3309 4
      vertex -0.363831 1.71175 4
      vertex 0.203308 24.0844 4
    endloop
  endfacet
  facet normal 0 -0 1
    outer loop
      vertex -0.182922 1.7404 4
      vertex 2.20598 23.4522 4
      vertex -0.363831 1.71175 4
    endloop
  endfacet
  facet normal 0 0 1
    outer loop
      vertex -0.363831 1.71175 4
      vertex 2.20598 23.4522 4
      vertex 0.203308 24.0844 4
    endloop
  endfacet
  facet normal 0 -0 1
    outer loop
      vertex 0 1.75 4
      vertex 3.10585 23.1211 4
      vertex -0.182922 1.7404 4
    endloop
  endfacet
  facet normal 0 0 1
    outer loop
      vertex 0.182922 1.7404 4
      vertex 5.94966 21.9069 4
      vertex 5.45531 22.1403 4
    endloop
  endfacet
  facet normal 0 0 1
    outer loop
      vertex 5.09784 22.2958 4
      vertex 0.182922 1.7404 4
      vertex 5.45531 22.1403 4
    endloop
  endfacet
  facet normal 0 0 1
    outer loop
      vertex 5.94966 21.9069 4
      vertex 0.363831 1.71175 4
      vertex 7.92715 20.9376 4
    endloop
  endfacet
  facet normal 0 0 1
    outer loop
      vertex 8.11398 20.8434 4
      vertex 0.540771 1.66434 4
      vertex 8.74094 20.51 4
    endloop
  endfacet
  facet normal 0 -0 1
    outer loop
      vertex 0.711777 1.59869 4
      vertex 8.74094 20.51 4
      vertex 0.540771 1.66434 4
    endloop
  endfacet
  facet normal 0 0 1
    outer loop
      vertex 0.875 1.51553 4
      vertex 11.4842 18.9788 4
      vertex 10.6955 19.4377 4
    endloop
  endfacet
  facet normal 0 0 1
    outer loop
      vertex 1.02861 1.41577 4
      vertex 13.3926 17.8261 4
      vertex 11.4842 18.9788 4
    endloop
  endfacet
  facet normal 0 0 1
    outer loop
      vertex 1.17097 1.30049 4
      vertex 14.1687 17.3336 4
      vertex 13.3926 17.8261 4
    endloop
  endfacet
  facet normal -0 0 1
    outer loop
      vertex 1.30049 1.17097 4
      vertex 1.41577 1.02861 4
      vertex 15.9973 16.1062 4
    endloop
  endfacet
  facet normal 0 0 1
    outer loop
      vertex 16.7622 15.565 4
      vertex 1.51553 0.874985 4
      vertex 18.47 14.2499 4
    endloop
  endfacet
  facet normal -0 0 1
    outer loop
      vertex 1.66434 0.540771 4
      vertex 1.71175 0.363831 4
      vertex 21.4525 11.5209 4
    endloop
  endfacet
  facet normal 0 0 1
    outer loop
      vertex 1.71175 0.363831 4
      vertex 23.3977 9.17693 4
      vertex 22.7859 9.97795 4
    endloop
  endfacet
  facet normal 0 0 1
    outer loop
      vertex 25.7225 4.83281 4
      vertex 24.9542 6.6046 4
      vertex 1.7404 0.182922 4
    endloop
  endfacet
  facet normal 0 0 1
    outer loop
      vertex 1.7404 0.182922 4
      vertex 24.9542 6.6046 4
      vertex 24.4764 7.51318 4
    endloop
  endfacet
  facet normal 0 0 1
    outer loop
      vertex 26.025 3.83493 4
      vertex 1.7404 0.182922 4
      vertex 1.75 0 4
    endloop
  endfacet
  facet normal 0 0 1
    outer loop
      vertex 26.025 3.83493 4
      vertex 25.7225 4.83281 4
      vertex 1.7404 0.182922 4
    endloop
  endfacet
  facet normal 0 -0 1
    outer loop
      vertex 26.5282 -0.938065 4
      vertex 26.5282 0.938065 4
      vertex 1.75 0 4
    endloop
  endfacet
  facet normal 0 0 1
    outer loop
      vertex 1.75 0 4
      vertex 26.4227 -1.98622 4
      vertex 26.5282 -0.938065 4
    endloop
  endfacet
  facet normal -0 0 1
    outer loop
      vertex 1.7404 -0.182922 4
      vertex 26.025 -3.83493 4
      vertex 1.75 0 4
    endloop
  endfacet
  facet normal 0 -0 1
    outer loop
      vertex 24.9542 -6.6046 4
      vertex 25.7225 -4.83281 4
      vertex 1.7404 -0.182922 4
    endloop
  endfacet
  facet normal 0 0 1
    outer loop
      vertex 24.9542 -6.6046 4
      vertex 1.7404 -0.182922 4
      vertex 24.4764 -7.51318 4
    endloop
  endfacet
  facet normal 0 0 1
    outer loop
      vertex 1.7404 -0.182922 4
      vertex 1.71175 -0.363831 4
      vertex 23.3977 -9.17693 4
    endloop
  endfacet
  facet normal 0 0 1
    outer loop
      vertex 1.71175 -0.363831 4
      vertex 22.7859 -9.97795 4
      vertex 23.3977 -9.17693 4
    endloop
  endfacet
  facet normal -0 0 1
    outer loop
      vertex 1.66434 -0.540771 4
      vertex 21.4525 -11.5209 4
      vertex 1.71175 -0.363831 4
    endloop
  endfacet
  facet normal 0 -0 1
    outer loop
      vertex 20.7561 -12.2183 4
      vertex 21.4525 -11.5209 4
      vertex 1.66434 -0.540771 4
    endloop
  endfacet
  facet normal 0 0 1
    outer loop
      vertex 19.2137 -13.6412 4
      vertex 1.66434 -0.540771 4
      vertex 1.59869 -0.711777 4
    endloop
  endfacet
  facet normal 0 0 1
    outer loop
      vertex 19.2137 -13.6412 4
      vertex 1.59869 -0.711777 4
      vertex 18.47 -14.2499 4
    endloop
  endfacet
  facet normal 0 0 1
    outer loop
      vertex 18.47 -14.2499 4
      vertex 1.51553 -0.874985 4
      vertex 16.7622 -15.565 4
    endloop
  endfacet
  facet normal 0 0 1
    outer loop
      vertex 1.51553 -0.874985 4
      vertex 1.41577 -1.02861 4
      vertex 16.7622 -15.565 4
    endloop
  endfacet
  facet normal 0 0 1
    outer loop
      vertex 1.41577 -1.02861 4
      vertex 1.30049 -1.17097 4
      vertex 15.9973 -16.1062 4
    endloop
  endfacet
  facet normal 0 0 1
    outer loop
      vertex 1.30049 -1.17097 4
      vertex 14.1687 -17.3336 4
      vertex 15.9973 -16.1062 4
    endloop
  endfacet
  facet normal -0 0 1
    outer loop
      vertex 1.17097 -1.30049 4
      vertex 14.1687 -17.3336 4
      vertex 1.30049 -1.17097 4
    endloop
  endfacet
  facet normal -0 0 1
    outer loop
      vertex 1.02861 -1.41577 4
      vertex 13.3926 -17.8261 4
      vertex 1.17097 -1.30049 4
    endloop
  endfacet
  facet normal 0 -0 1
    outer loop
      vertex 11.4842 -18.9788 4
      vertex 13.3926 -17.8261 4
      vertex 1.02861 -1.41577 4
    endloop
  endfacet
  facet normal 0 -0 1
    outer loop
      vertex 10.6953 -19.4374 4
      vertex 11.4842 -18.9788 4
      vertex 0.875 -1.51553 4
    endloop
  endfacet
  facet normal 0 0 1
    outer loop
      vertex 10.6953 -19.4374 4
      vertex 0.875 -1.51553 4
      vertex 0.711777 -1.59869 4
    endloop
  endfacet
  facet normal 0 -0 1
    outer loop
      vertex 8.11398 -20.8434 4
      vertex 8.74094 -20.51 4
      vertex 0.540771 -1.66434 4
    endloop
  endfacet
  facet normal 0 0 1
    outer loop
      vertex 8.11398 -20.8434 4
      vertex 0.540771 -1.66434 4
      vertex 7.92715 -20.9376 4
    endloop
  endfacet
  facet normal 0 0 1
    outer loop
      vertex 7.92715 -20.9376 4
      vertex 0.363831 -1.71175 4
      vertex 5.94966 -21.9069 4
    endloop
  endfacet
  facet normal 0 0 1
    outer loop
      vertex 0.363831 -1.71175 4
      vertex 0.182922 -1.7404 4
      vertex 5.94966 -21.9069 4
    endloop
  endfacet
  facet normal 0.924836 -0.380367 0
    outer loop
      vertex -4.27589 -26.9927 0
      vertex -4.35823 -27.1929 4
      vertex -4.35823 -27.1929 0
    endloop
  endfacet
  facet normal 0.924836 -0.380367 0
    outer loop
      vertex -4.27589 -26.9927 0
      vertex -4.27589 -26.9927 4
      vertex -4.35823 -27.1929 4
    endloop
  endfacet
  facet normal 0.933119 -0.359567 0
    outer loop
      vertex -4.22528 -26.8613 0
      vertex -4.27589 -26.9927 4
      vertex -4.27589 -26.9927 0
    endloop
  endfacet
  facet normal 0.933119 -0.359567 0
    outer loop
      vertex -4.22528 -26.8613 0
      vertex -4.22528 -26.8613 4
      vertex -4.27589 -26.9927 4
    endloop
  endfacet
  facet normal 0.938971 -0.343996 0
    outer loop
      vertex -4.17873 -26.7343 0
      vertex -4.22528 -26.8613 4
      vertex -4.22528 -26.8613 0
    endloop
  endfacet
  facet normal 0.938971 -0.343996 0
    outer loop
      vertex -4.17873 -26.7343 0
      vertex -4.17873 -26.7343 4
      vertex -4.22528 -26.8613 4
    endloop
  endfacet
  facet normal 0.944364 -0.328903 0
    outer loop
      vertex -4.13594 -26.6114 0
      vertex -4.17873 -26.7343 4
      vertex -4.17873 -26.7343 0
    endloop
  endfacet
  facet normal 0.944364 -0.328903 0
    outer loop
      vertex -4.13594 -26.6114 0
      vertex -4.13594 -26.6114 4
      vertex -4.17873 -26.7343 4
    endloop
  endfacet
  facet normal 0.951914 -0.306366 0
    outer loop
      vertex -4.06087 -26.3781 0
      vertex -4.13594 -26.6114 4
      vertex -4.13594 -26.6114 0
    endloop
  endfacet
  facet normal 0.951914 -0.306366 0
    outer loop
      vertex -4.06087 -26.3781 0
      vertex -4.06087 -26.3781 4
      vertex -4.13594 -26.6114 4
    endloop
  endfacet
  facet normal 0.960928 -0.276799 0
    outer loop
      vertex -3.99832 -26.161 0
      vertex -4.06087 -26.3781 4
      vertex -4.06087 -26.3781 0
    endloop
  endfacet
  facet normal 0.960928 -0.276799 0
    outer loop
      vertex -3.99832 -26.161 0
      vertex -3.99832 -26.161 4
      vertex -4.06087 -26.3781 4
    endloop
  endfacet
  facet normal 0.968796 -0.24786 0
    outer loop
      vertex -3.94672 -25.9593 0
      vertex -3.99832 -26.161 4
      vertex -3.99832 -26.161 0
    endloop
  endfacet
  facet normal 0.968796 -0.24786 0
    outer loop
      vertex -3.94672 -25.9593 0
      vertex -3.94672 -25.9593 4
      vertex -3.99832 -26.161 4
    endloop
  endfacet
  facet normal 0.97552 -0.219912 0
    outer loop
      vertex -3.90454 -25.7722 0
      vertex -3.94672 -25.9593 4
      vertex -3.94672 -25.9593 0
    endloop
  endfacet
  facet normal 0.97552 -0.219912 0
    outer loop
      vertex -3.90454 -25.7722 0
      vertex -3.90454 -25.7722 4
      vertex -3.94672 -25.9593 4
    endloop
  endfacet
  facet normal 0.981108 -0.193459 0
    outer loop
      vertex -3.87035 -25.5988 0
      vertex -3.90454 -25.7722 4
      vertex -3.90454 -25.7722 0
    endloop
  endfacet
  facet normal 0.981108 -0.193459 0
    outer loop
      vertex -3.87035 -25.5988 0
      vertex -3.87035 -25.5988 4
      vertex -3.90454 -25.7722 4
    endloop
  endfacet
  facet normal 0.985914 -0.167252 0
    outer loop
      vertex -3.84308 -25.4381 0
      vertex -3.87035 -25.5988 4
      vertex -3.87035 -25.5988 0
    endloop
  endfacet
  facet normal 0.985914 -0.167252 0
    outer loop
      vertex -3.84308 -25.4381 0
      vertex -3.84308 -25.4381 4
      vertex -3.87035 -25.5988 4
    endloop
  endfacet
  facet normal 0.989503 -0.144512 0
    outer loop
      vertex -3.81631 -25.2548 0
      vertex -3.84308 -25.4381 4
      vertex -3.84308 -25.4381 0
    endloop
  endfacet
  facet normal 0.989503 -0.144512 0
    outer loop
      vertex -3.81631 -25.2548 0
      vertex -3.81631 -25.2548 4
      vertex -3.84308 -25.4381 4
    endloop
  endfacet
  facet normal 0.995231 0.0975465 0
    outer loop
      vertex -3.84418 -24.9705 0
      vertex -3.81631 -25.2548 4
      vertex -3.81631 -25.2548 0
    endloop
  endfacet
  facet normal 0.995231 0.0975465 -0
    outer loop
      vertex -3.84418 -24.9705 0
      vertex -3.84418 -24.9705 4
      vertex -3.81631 -25.2548 4
    endloop
  endfacet
  facet normal 0.771958 -0.635674 0
    outer loop
      vertex -3.75258 -24.8593 0
      vertex -3.84418 -24.9705 4
      vertex -3.84418 -24.9705 0
    endloop
  endfacet
  facet normal 0.771958 -0.635674 0
    outer loop
      vertex -3.75258 -24.8593 0
      vertex -3.75258 -24.8593 4
      vertex -3.84418 -24.9705 4
    endloop
  endfacet
  facet normal 0.988883 -0.148693 0
    outer loop
      vertex -3.75101 -24.8488 0
      vertex -3.75258 -24.8593 4
      vertex -3.75258 -24.8593 0
    endloop
  endfacet
  facet normal 0.988883 -0.148693 0
    outer loop
      vertex -3.75101 -24.8488 0
      vertex -3.75101 -24.8488 4
      vertex -3.75258 -24.8593 4
    endloop
  endfacet
  facet normal 0.0765563 -0.997065 0
    outer loop
      vertex -3.44397 -24.8253 0
      vertex -3.75101 -24.8488 4
      vertex -3.75101 -24.8488 0
    endloop
  endfacet
  facet normal 0.0765563 -0.997065 0
    outer loop
      vertex -3.44397 -24.8253 0
      vertex -3.44397 -24.8253 4
      vertex -3.75101 -24.8488 4
    endloop
  endfacet
  facet normal 0.152623 -0.988284 0
    outer loop
      vertex -2.75134 -24.7183 0
      vertex -3.44397 -24.8253 4
      vertex -3.44397 -24.8253 0
    endloop
  endfacet
  facet normal 0.152623 -0.988284 0
    outer loop
      vertex -2.75134 -24.7183 0
      vertex -2.75134 -24.7183 4
      vertex -3.44397 -24.8253 4
    endloop
  endfacet
  facet normal -0.993909 0.110208 0
    outer loop
      vertex -2.75299 -24.7332 0
      vertex -2.75134 -24.7183 4
      vertex -2.75134 -24.7183 0
    endloop
  endfacet
  facet normal -0.993909 0.110208 0
    outer loop
      vertex -2.75299 -24.7332 0
      vertex -2.75299 -24.7332 4
      vertex -2.75134 -24.7183 4
    endloop
  endfacet
  facet normal -0.590624 -0.806947 0
    outer loop
      vertex -2.6367 -24.8183 0
      vertex -2.75299 -24.7332 4
      vertex -2.75299 -24.7332 0
    endloop
  endfacet
  facet normal -0.590624 -0.806947 0
    outer loop
      vertex -2.6367 -24.8183 0
      vertex -2.6367 -24.8183 4
      vertex -2.75299 -24.7332 4
    endloop
  endfacet
  facet normal -0.988092 -0.153867 0
    outer loop
      vertex -2.58963 -25.1206 0
      vertex -2.6367 -24.8183 4
      vertex -2.6367 -24.8183 0
    endloop
  endfacet
  facet normal -0.988092 -0.153867 0
    outer loop
      vertex -2.58963 -25.1206 0
      vertex -2.58963 -25.1206 4
      vertex -2.6367 -24.8183 4
    endloop
  endfacet
  facet normal -0.92654 -0.376197 0
    outer loop
      vertex -2.52298 -25.2847 0
      vertex -2.58963 -25.1206 4
      vertex -2.58963 -25.1206 0
    endloop
  endfacet
  facet normal -0.92654 -0.376197 0
    outer loop
      vertex -2.52298 -25.2847 0
      vertex -2.52298 -25.2847 4
      vertex -2.58963 -25.1206 4
    endloop
  endfacet
  facet normal -0.915374 -0.402605 0
    outer loop
      vertex -2.4613 -25.425 0
      vertex -2.52298 -25.2847 4
      vertex -2.52298 -25.2847 0
    endloop
  endfacet
  facet normal -0.915374 -0.402605 0
    outer loop
      vertex -2.4613 -25.425 0
      vertex -2.4613 -25.425 4
      vertex -2.52298 -25.2847 4
    endloop
  endfacet
  facet normal -0.903004 -0.429632 0
    outer loop
      vertex -2.38696 -25.5812 0
      vertex -2.4613 -25.425 4
      vertex -2.4613 -25.425 0
    endloop
  endfacet
  facet normal -0.903004 -0.429632 0
    outer loop
      vertex -2.38696 -25.5812 0
      vertex -2.38696 -25.5812 4
      vertex -2.4613 -25.425 4
    endloop
  endfacet
  facet normal -0.890328 -0.45532 0
    outer loop
      vertex -2.29974 -25.7518 0
      vertex -2.38696 -25.5812 4
      vertex -2.38696 -25.5812 0
    endloop
  endfacet
  facet normal -0.890328 -0.45532 0
    outer loop
      vertex -2.29974 -25.7518 0
      vertex -2.29974 -25.7518 4
      vertex -2.38696 -25.5812 4
    endloop
  endfacet
  facet normal -0.877512 -0.479554 0
    outer loop
      vertex -2.19966 -25.9349 0
      vertex -2.29974 -25.7518 4
      vertex -2.29974 -25.7518 0
    endloop
  endfacet
  facet normal -0.877512 -0.479554 0
    outer loop
      vertex -2.19966 -25.9349 0
      vertex -2.19966 -25.9349 4
      vertex -2.29974 -25.7518 4
    endloop
  endfacet
  facet normal -0.864294 -0.502988 0
    outer loop
      vertex -2.08672 -26.129 0
      vertex -2.19966 -25.9349 4
      vertex -2.19966 -25.9349 0
    endloop
  endfacet
  facet normal -0.864294 -0.502988 0
    outer loop
      vertex -2.08672 -26.129 0
      vertex -2.08672 -26.129 4
      vertex -2.19966 -25.9349 4
    endloop
  endfacet
  facet normal -0.851224 -0.524802 0
    outer loop
      vertex -1.96126 -26.3325 0
      vertex -2.08672 -26.129 4
      vertex -2.08672 -26.129 0
    endloop
  endfacet
  facet normal -0.851224 -0.524802 0
    outer loop
      vertex -1.96126 -26.3325 0
      vertex -1.96126 -26.3325 4
      vertex -2.08672 -26.129 4
    endloop
  endfacet
  facet normal -0.838362 -0.545114 0
    outer loop
      vertex -1.82378 -26.5439 0
      vertex -1.96126 -26.3325 4
      vertex -1.96126 -26.3325 0
    endloop
  endfacet
  facet normal -0.838362 -0.545114 0
    outer loop
      vertex -1.82378 -26.5439 0
      vertex -1.82378 -26.5439 4
      vertex -1.96126 -26.3325 4
    endloop
  endfacet
  facet normal -0.82554 -0.564344 0
    outer loop
      vertex -1.67476 -26.7619 0
      vertex -1.82378 -26.5439 4
      vertex -1.82378 -26.5439 0
    endloop
  endfacet
  facet normal -0.82554 -0.564344 0
    outer loop
      vertex -1.67476 -26.7619 0
      vertex -1.67476 -26.7619 4
      vertex -1.82378 -26.5439 4
    endloop
  endfacet
  facet normal -0.812634 -0.582775 0
    outer loop
      vertex -1.60474 -26.8595 0
      vertex -1.67476 -26.7619 4
      vertex -1.67476 -26.7619 0
    endloop
  endfacet
  facet normal -0.812634 -0.582775 0
    outer loop
      vertex -1.60474 -26.8595 0
      vertex -1.60474 -26.8595 4
      vertex -1.67476 -26.7619 4
    endloop
  endfacet
  facet normal 0.152582 -0.988291 0
    outer loop
      vertex -1.43425 -26.8332 0
      vertex -1.60474 -26.8595 4
      vertex -1.60474 -26.8595 0
    endloop
  endfacet
  facet normal 0.152582 -0.988291 0
    outer loop
      vertex -1.43425 -26.8332 0
      vertex -1.43425 -26.8332 4
      vertex -1.60474 -26.8595 4
    endloop
  endfacet
  facet normal 0.219003 -0.975724 0
    outer loop
      vertex -1.0426 -26.7453 0
      vertex -1.43425 -26.8332 4
      vertex -1.43425 -26.8332 0
    endloop
  endfacet
  facet normal 0.219003 -0.975724 0
    outer loop
      vertex -1.0426 -26.7453 0
      vertex -1.0426 -26.7453 4
      vertex -1.43425 -26.8332 4
    endloop
  endfacet
  facet normal 0.970958 -0.23925 0
    outer loop
      vertex -1.0188 -26.6487 0
      vertex -1.0426 -26.7453 4
      vertex -1.0426 -26.7453 0
    endloop
  endfacet
  facet normal 0.970958 -0.23925 0
    outer loop
      vertex -1.0188 -26.6487 0
      vertex -1.0188 -26.6487 4
      vertex -1.0426 -26.7453 4
    endloop
  endfacet
  facet normal 0.975793 -0.218696 0
    outer loop
      vertex -0.958572 -26.38 0
      vertex -1.0188 -26.6487 4
      vertex -1.0188 -26.6487 0
    endloop
  endfacet
  facet normal 0.975793 -0.218696 0
    outer loop
      vertex -0.958572 -26.38 0
      vertex -0.958572 -26.38 4
      vertex -1.0188 -26.6487 4
    endloop
  endfacet
  facet normal 0.981383 -0.192061 0
    outer loop
      vertex -0.90921 -26.1277 0
      vertex -0.958572 -26.38 4
      vertex -0.958572 -26.38 0
    endloop
  endfacet
  facet normal 0.981383 -0.192061 0
    outer loop
      vertex -0.90921 -26.1277 0
      vertex -0.90921 -26.1277 4
      vertex -0.958572 -26.38 4
    endloop
  endfacet
  facet normal 0.986144 -0.165894 0
    outer loop
      vertex -0.8694 -25.8911 0
      vertex -0.90921 -26.1277 4
      vertex -0.90921 -26.1277 0
    endloop
  endfacet
  facet normal 0.986144 -0.165894 0
    outer loop
      vertex -0.8694 -25.8911 0
      vertex -0.8694 -25.8911 4
      vertex -0.90921 -26.1277 4
    endloop
  endfacet
  facet normal 0.99004 -0.140783 0
    outer loop
      vertex -0.83783 -25.6691 0
      vertex -0.8694 -25.8911 4
      vertex -0.8694 -25.8911 0
    endloop
  endfacet
  facet normal 0.99004 -0.140783 0
    outer loop
      vertex -0.83783 -25.6691 0
      vertex -0.83783 -25.6691 4
      vertex -0.8694 -25.8911 4
    endloop
  endfacet
  facet normal 0.993118 -0.117115 0
    outer loop
      vertex -0.813248 -25.4606 0
      vertex -0.83783 -25.6691 4
      vertex -0.83783 -25.6691 0
    endloop
  endfacet
  facet normal 0.993118 -0.117115 0
    outer loop
      vertex -0.813248 -25.4606 0
      vertex -0.813248 -25.4606 4
      vertex -0.83783 -25.6691 4
    endloop
  endfacet
  facet normal 0.99554 -0.0943372 0
    outer loop
      vertex -0.794678 -25.2647 0
      vertex -0.813248 -25.4606 4
      vertex -0.813248 -25.4606 0
    endloop
  endfacet
  facet normal 0.99554 -0.0943372 0
    outer loop
      vertex -0.794678 -25.2647 0
      vertex -0.794678 -25.2647 4
      vertex -0.813248 -25.4606 4
    endloop
  endfacet
  facet normal 0.997761 -0.0668744 0
    outer loop
      vertex -0.776382 -24.9917 0
      vertex -0.794678 -25.2647 4
      vertex -0.794678 -25.2647 0
    endloop
  endfacet
  facet normal 0.997761 -0.0668744 0
    outer loop
      vertex -0.776382 -24.9917 0
      vertex -0.776382 -24.9917 4
      vertex -0.794678 -25.2647 4
    endloop
  endfacet
  facet normal 0.999284 -0.0378392 0
    outer loop
      vertex -0.765854 -24.7137 0
      vertex -0.776382 -24.9917 4
      vertex -0.776382 -24.9917 0
    endloop
  endfacet
  facet normal 0.999284 -0.0378392 0
    outer loop
      vertex -0.765854 -24.7137 0
      vertex -0.765854 -24.7137 4
      vertex -0.776382 -24.9917 4
    endloop
  endfacet
  facet normal 0.973226 0.229851 0
    outer loop
      vertex -0.824829 -24.4639 0
      vertex -0.765854 -24.7137 4
      vertex -0.765854 -24.7137 0
    endloop
  endfacet
  facet normal 0.973226 0.229851 -0
    outer loop
      vertex -0.824829 -24.4639 0
      vertex -0.824829 -24.4639 4
      vertex -0.765854 -24.7137 4
    endloop
  endfacet
  facet normal 0.850186 -0.526482 0
    outer loop
      vertex -0.748962 -24.3414 0
      vertex -0.824829 -24.4639 4
      vertex -0.824829 -24.4639 0
    endloop
  endfacet
  facet normal 0.850186 -0.526482 0
    outer loop
      vertex -0.748962 -24.3414 0
      vertex -0.748962 -24.3414 4
      vertex -0.824829 -24.4639 4
    endloop
  endfacet
  facet normal 0.99954 -0.0303329 0
    outer loop
      vertex -0.748642 -24.3309 0
      vertex -0.748962 -24.3414 4
      vertex -0.748962 -24.3414 0
    endloop
  endfacet
  facet normal 0.99954 -0.0303329 0
    outer loop
      vertex -0.748642 -24.3309 0
      vertex -0.748642 -24.3309 4
      vertex -0.748962 -24.3414 4
    endloop
  endfacet
  facet normal 0.219042 -0.975715 0
    outer loop
      vertex -0.317307 -24.234 0
      vertex -0.748642 -24.3309 4
      vertex -0.748642 -24.3309 0
    endloop
  endfacet
  facet normal 0.219042 -0.975715 0
    outer loop
      vertex -0.317307 -24.234 0
      vertex -0.317307 -24.234 4
      vertex -0.748642 -24.3309 4
    endloop
  endfacet
  facet normal 0.276172 -0.961108 0
    outer loop
      vertex 0.203308 -24.0844 0
      vertex -0.317307 -24.234 4
      vertex -0.317307 -24.234 0
    endloop
  endfacet
  facet normal 0.276172 -0.961108 0
    outer loop
      vertex 0.203308 -24.0844 0
      vertex 0.203308 -24.0844 4
      vertex -0.317307 -24.234 4
    endloop
  endfacet
  facet normal -0.999961 -0.00887539 0
    outer loop
      vertex 0.2034 -24.0948 0
      vertex 0.203308 -24.0844 4
      vertex 0.203308 -24.0844 0
    endloop
  endfacet
  facet normal -0.999961 -0.00887539 0
    outer loop
      vertex 0.2034 -24.0948 0
      vertex 0.2034 -24.0948 4
      vertex 0.203308 -24.0844 4
    endloop
  endfacet
  facet normal -0.488491 -0.872569 0
    outer loop
      vertex 0.329132 -24.1651 0
      vertex 0.2034 -24.0948 4
      vertex 0.2034 -24.0948 0
    endloop
  endfacet
  facet normal -0.488491 -0.872569 0
    outer loop
      vertex 0.329132 -24.1651 0
      vertex 0.329132 -24.1651 4
      vertex 0.2034 -24.0948 4
    endloop
  endfacet
  facet normal -0.962195 -0.272363 0
    outer loop
      vertex 0.404343 -24.4308 0
      vertex 0.329132 -24.1651 4
      vertex 0.329132 -24.1651 0
    endloop
  endfacet
  facet normal -0.962195 -0.272363 0
    outer loop
      vertex 0.404343 -24.4308 0
      vertex 0.404343 -24.4308 4
      vertex 0.329132 -24.1651 4
    endloop
  endfacet
  facet normal -0.859803 -0.510625 0
    outer loop
      vertex 0.53952 -24.6585 0
      vertex 0.404343 -24.4308 4
      vertex 0.404343 -24.4308 0
    endloop
  endfacet
  facet normal -0.859803 -0.510625 0
    outer loop
      vertex 0.53952 -24.6585 0
      vertex 0.53952 -24.6585 4
      vertex 0.404343 -24.4308 4
    endloop
  endfacet
  facet normal -0.84415 -0.536107 0
    outer loop
      vertex 0.632492 -24.8049 0
      vertex 0.53952 -24.6585 4
      vertex 0.53952 -24.6585 0
    endloop
  endfacet
  facet normal -0.84415 -0.536107 0
    outer loop
      vertex 0.632492 -24.8049 0
      vertex 0.632492 -24.8049 4
      vertex 0.53952 -24.6585 4
    endloop
  endfacet
  facet normal -0.831417 -0.555649 0
    outer loop
      vertex 0.73761 -24.9621 0
      vertex 0.632492 -24.8049 4
      vertex 0.632492 -24.8049 0
    endloop
  endfacet
  facet normal -0.831417 -0.555649 0
    outer loop
      vertex 0.73761 -24.9621 0
      vertex 0.73761 -24.9621 4
      vertex 0.632492 -24.8049 4
    endloop
  endfacet
  facet normal -0.818189 -0.57495 0
    outer loop
      vertex 0.854721 -25.1288 0
      vertex 0.73761 -24.9621 4
      vertex 0.73761 -24.9621 0
    endloop
  endfacet
  facet normal -0.818189 -0.57495 0
    outer loop
      vertex 0.854721 -25.1288 0
      vertex 0.854721 -25.1288 4
      vertex 0.73761 -24.9621 4
    endloop
  endfacet
  facet normal -0.805856 -0.592111 0
    outer loop
      vertex 0.983093 -25.3035 0
      vertex 0.854721 -25.1288 4
      vertex 0.854721 -25.1288 0
    endloop
  endfacet
  facet normal -0.805856 -0.592111 0
    outer loop
      vertex 0.983093 -25.3035 0
      vertex 0.983093 -25.3035 4
      vertex 0.854721 -25.1288 4
    endloop
  endfacet
  facet normal -0.793848 -0.608116 0
    outer loop
      vertex 1.12213 -25.485 0
      vertex 0.983093 -25.3035 4
      vertex 0.983093 -25.3035 0
    endloop
  endfacet
  facet normal -0.793848 -0.608116 0
    outer loop
      vertex 1.12213 -25.485 0
      vertex 1.12213 -25.485 4
      vertex 0.983093 -25.3035 4
    endloop
  endfacet
  facet normal -0.781478 -0.623933 0
    outer loop
      vertex 1.27145 -25.672 0
      vertex 1.12213 -25.485 4
      vertex 1.12213 -25.485 0
    endloop
  endfacet
  facet normal -0.781478 -0.623933 0
    outer loop
      vertex 1.27145 -25.672 0
      vertex 1.27145 -25.672 4
      vertex 1.12213 -25.485 4
    endloop
  endfacet
  facet normal -0.770124 -0.637894 0
    outer loop
      vertex 1.43008 -25.8636 0
      vertex 1.27145 -25.672 4
      vertex 1.27145 -25.672 0
    endloop
  endfacet
  facet normal -0.770124 -0.637894 0
    outer loop
      vertex 1.43008 -25.8636 0
      vertex 1.43008 -25.8636 4
      vertex 1.27145 -25.672 4
    endloop
  endfacet
  facet normal -0.758757 -0.651374 0
    outer loop
      vertex 1.60419 -26.0664 0
      vertex 1.43008 -25.8636 4
      vertex 1.43008 -25.8636 0
    endloop
  endfacet
  facet normal -0.758757 -0.651374 0
    outer loop
      vertex 1.60419 -26.0664 0
      vertex 1.60419 -26.0664 4
      vertex 1.43008 -25.8636 4
    endloop
  endfacet
  facet normal 0.276119 -0.961124 0
    outer loop
      vertex 1.88133 -25.9867 0
      vertex 1.60419 -26.0664 4
      vertex 1.60419 -26.0664 0
    endloop
  endfacet
  facet normal 0.276119 -0.961124 0
    outer loop
      vertex 1.88133 -25.9867 0
      vertex 1.88133 -25.9867 4
      vertex 1.60419 -26.0664 4
    endloop
  endfacet
  facet normal 0.324587 -0.945856 0
    outer loop
      vertex 2.16475 -25.8895 0
      vertex 1.88133 -25.9867 4
      vertex 1.88133 -25.9867 0
    endloop
  endfacet
  facet normal 0.324587 -0.945856 0
    outer loop
      vertex 2.16475 -25.8895 0
      vertex 2.16475 -25.8895 4
      vertex 1.88133 -25.9867 4
    endloop
  endfacet
  facet normal 0.993235 -0.116125 0
    outer loop
      vertex 2.1794 -25.7642 0
      vertex 2.16475 -25.8895 4
      vertex 2.16475 -25.8895 0
    endloop
  endfacet
  facet normal 0.993235 -0.116125 0
    outer loop
      vertex 2.1794 -25.7642 0
      vertex 2.1794 -25.7642 4
      vertex 2.16475 -25.8895 4
    endloop
  endfacet
  facet normal 0.995655 -0.0931184 0
    outer loop
      vertex 2.20395 -25.5017 0
      vertex 2.1794 -25.7642 4
      vertex 2.1794 -25.7642 0
    endloop
  endfacet
  facet normal 0.995655 -0.0931184 0
    outer loop
      vertex 2.20395 -25.5017 0
      vertex 2.20395 -25.5017 4
      vertex 2.1794 -25.7642 4
    endloop
  endfacet
  facet normal 0.997476 -0.0710028 0
    outer loop
      vertex 2.2216 -25.2537 0
      vertex 2.20395 -25.5017 4
      vertex 2.20395 -25.5017 0
    endloop
  endfacet
  facet normal 0.997476 -0.0710028 0
    outer loop
      vertex 2.2216 -25.2537 0
      vertex 2.2216 -25.2537 4
      vertex 2.20395 -25.5017 4
    endloop
  endfacet
  facet normal 0.998717 -0.0506403 0
    outer loop
      vertex 2.23351 -25.0189 0
      vertex 2.2216 -25.2537 4
      vertex 2.2216 -25.2537 0
    endloop
  endfacet
  facet normal 0.998717 -0.0506403 0
    outer loop
      vertex 2.23351 -25.0189 0
      vertex 2.23351 -25.0189 4
      vertex 2.2216 -25.2537 4
    endloop
  endfacet
  facet normal 0.999522 -0.0309116 0
    outer loop
      vertex 2.24039 -24.7964 0
      vertex 2.23351 -25.0189 4
      vertex 2.23351 -25.0189 0
    endloop
  endfacet
  facet normal 0.999522 -0.0309116 0
    outer loop
      vertex 2.24039 -24.7964 0
      vertex 2.24039 -24.7964 4
      vertex 2.23351 -25.0189 4
    endloop
  endfacet
  facet normal 0.999971 -0.00759398 0
    outer loop
      vertex 2.24277 -24.483 0
      vertex 2.24039 -24.7964 4
      vertex 2.24039 -24.7964 0
    endloop
  endfacet
  facet normal 0.999971 -0.00759398 0
    outer loop
      vertex 2.24277 -24.483 0
      vertex 2.24277 -24.483 4
      vertex 2.24039 -24.7964 4
    endloop
  endfacet
  facet normal 0.999839 0.0179456 0
    outer loop
      vertex 2.23752 -24.1905 0
      vertex 2.24277 -24.483 4
      vertex 2.24277 -24.483 0
    endloop
  endfacet
  facet normal 0.999839 0.0179456 -0
    outer loop
      vertex 2.23752 -24.1905 0
      vertex 2.23752 -24.1905 4
      vertex 2.24277 -24.483 4
    endloop
  endfacet
  facet normal 0.999006 0.0445673 0
    outer loop
      vertex 2.22041 -23.8071 0
      vertex 2.23752 -24.1905 4
      vertex 2.23752 -24.1905 0
    endloop
  endfacet
  facet normal 0.999006 0.0445673 -0
    outer loop
      vertex 2.22041 -23.8071 0
      vertex 2.22041 -23.8071 4
      vertex 2.23752 -24.1905 4
    endloop
  endfacet
  facet normal 0.943571 0.331172 0
    outer loop
      vertex 2.14423 -23.59 0
      vertex 2.22041 -23.8071 4
      vertex 2.22041 -23.8071 0
    endloop
  endfacet
  facet normal 0.943571 0.331172 -0
    outer loop
      vertex 2.14423 -23.59 0
      vertex 2.14423 -23.59 4
      vertex 2.22041 -23.8071 4
    endloop
  endfacet
  facet normal 0.90106 -0.433695 0
    outer loop
      vertex 2.20673 -23.4602 0
      vertex 2.14423 -23.59 4
      vertex 2.14423 -23.59 0
    endloop
  endfacet
  facet normal 0.90106 -0.433695 0
    outer loop
      vertex 2.20673 -23.4602 0
      vertex 2.20673 -23.4602 4
      vertex 2.14423 -23.59 4
    endloop
  endfacet
  facet normal 0.99564 0.0932817 0
    outer loop
      vertex 2.20598 -23.4522 0
      vertex 2.20673 -23.4602 4
      vertex 2.20673 -23.4602 0
    endloop
  endfacet
  facet normal 0.99564 0.0932817 -0
    outer loop
      vertex 2.20598 -23.4522 0
      vertex 2.20598 -23.4522 4
      vertex 2.20673 -23.4602 4
    endloop
  endfacet
  facet normal 0.324645 -0.945836 0
    outer loop
      vertex 2.65334 -23.2986 0
      vertex 2.20598 -23.4522 4
      vertex 2.20598 -23.4522 0
    endloop
  endfacet
  facet normal 0.324645 -0.945836 0
    outer loop
      vertex 2.65334 -23.2986 0
      vertex 2.65334 -23.2986 4
      vertex 2.20598 -23.4522 4
    endloop
  endfacet
  facet normal 0.365256 -0.930907 0
    outer loop
      vertex 3.10585 -23.1211 0
      vertex 2.65334 -23.2986 4
      vertex 2.65334 -23.2986 0
    endloop
  endfacet
  facet normal 0.365256 -0.930907 0
    outer loop
      vertex 3.10585 -23.1211 0
      vertex 3.10585 -23.1211 4
      vertex 2.65334 -23.2986 4
    endloop
  endfacet
  facet normal -0.991094 -0.133165 0
    outer loop
      vertex 3.10678 -23.128 0
      vertex 3.10585 -23.1211 4
      vertex 3.10585 -23.1211 0
    endloop
  endfacet
  facet normal -0.991094 -0.133165 0
    outer loop
      vertex 3.10678 -23.128 0
      vertex 3.10678 -23.128 4
      vertex 3.10585 -23.1211 4
    endloop
  endfacet
  facet normal -0.404005 -0.914757 0
    outer loop
      vertex 3.23859 -23.1862 0
      vertex 3.10678 -23.128 4
      vertex 3.10678 -23.128 0
    endloop
  endfacet
  facet normal -0.404005 -0.914757 0
    outer loop
      vertex 3.23859 -23.1862 0
      vertex 3.23859 -23.1862 4
      vertex 3.10678 -23.128 4
    endloop
  endfacet
  facet normal -0.932331 -0.361605 0
    outer loop
      vertex 3.32822 -23.4173 0
      vertex 3.23859 -23.1862 4
      vertex 3.23859 -23.1862 0
    endloop
  endfacet
  facet normal -0.932331 -0.361605 0
    outer loop
      vertex 3.32822 -23.4173 0
      vertex 3.32822 -23.4173 4
      vertex 3.23859 -23.1862 4
    endloop
  endfacet
  facet normal -0.795483 -0.605975 0
    outer loop
      vertex 3.4966 -23.6384 0
      vertex 3.32822 -23.4173 4
      vertex 3.32822 -23.4173 0
    endloop
  endfacet
  facet normal -0.795483 -0.605975 0
    outer loop
      vertex 3.4966 -23.6384 0
      vertex 3.4966 -23.6384 4
      vertex 3.32822 -23.4173 4
    endloop
  endfacet
  facet normal -0.778001 -0.628263 0
    outer loop
      vertex 3.67221 -23.8558 0
      vertex 3.4966 -23.6384 4
      vertex 3.4966 -23.6384 0
    endloop
  endfacet
  facet normal -0.778001 -0.628263 0
    outer loop
      vertex 3.67221 -23.8558 0
      vertex 3.67221 -23.8558 4
      vertex 3.4966 -23.6384 4
    endloop
  endfacet
  facet normal -0.761168 -0.648555 0
    outer loop
      vertex 3.87073 -24.0888 0
      vertex 3.67221 -23.8558 4
      vertex 3.67221 -23.8558 0
    endloop
  endfacet
  facet normal -0.761168 -0.648555 0
    outer loop
      vertex 3.87073 -24.0888 0
      vertex 3.87073 -24.0888 4
      vertex 3.67221 -23.8558 4
    endloop
  endfacet
  facet normal -0.745145 -0.666902 0
    outer loop
      vertex 4.08987 -24.3337 0
      vertex 3.87073 -24.0888 4
      vertex 3.87073 -24.0888 0
    endloop
  endfacet
  facet normal -0.745145 -0.666902 0
    outer loop
      vertex 4.08987 -24.3337 0
      vertex 4.08987 -24.3337 4
      vertex 3.87073 -24.0888 4
    endloop
  endfacet
  facet normal -0.729991 -0.683457 0
    outer loop
      vertex 4.32721 -24.5872 0
      vertex 4.08987 -24.3337 4
      vertex 4.08987 -24.3337 0
    endloop
  endfacet
  facet normal -0.729991 -0.683457 0
    outer loop
      vertex 4.32721 -24.5872 0
      vertex 4.32721 -24.5872 4
      vertex 4.08987 -24.3337 4
    endloop
  endfacet
  facet normal -0.716206 -0.697889 0
    outer loop
      vertex 4.58011 -24.8467 0
      vertex 4.32721 -24.5872 4
      vertex 4.32721 -24.5872 0
    endloop
  endfacet
  facet normal -0.716206 -0.697889 0
    outer loop
      vertex 4.58011 -24.8467 0
      vertex 4.58011 -24.8467 4
      vertex 4.32721 -24.5872 4
    endloop
  endfacet
  facet normal -0.70535 -0.708859 0
    outer loop
      vertex 4.69414 -24.9602 0
      vertex 4.58011 -24.8467 4
      vertex 4.58011 -24.8467 0
    endloop
  endfacet
  facet normal -0.70535 -0.708859 0
    outer loop
      vertex 4.69414 -24.9602 0
      vertex 4.69414 -24.9602 4
      vertex 4.58011 -24.8467 4
    endloop
  endfacet
  facet normal 0.365213 -0.930924 0
    outer loop
      vertex 4.95294 -24.8586 0
      vertex 4.69414 -24.9602 4
      vertex 4.69414 -24.9602 0
    endloop
  endfacet
  facet normal 0.365213 -0.930924 0
    outer loop
      vertex 4.95294 -24.8586 0
      vertex 4.95294 -24.8586 4
      vertex 4.69414 -24.9602 4
    endloop
  endfacet
  facet normal 0.39894 -0.916977 0
    outer loop
      vertex 5.24924 -24.7297 0
      vertex 4.95294 -24.8586 4
      vertex 4.95294 -24.8586 0
    endloop
  endfacet
  facet normal 0.39894 -0.916977 0
    outer loop
      vertex 5.24924 -24.7297 0
      vertex 5.24924 -24.7297 4
      vertex 4.95294 -24.8586 4
    endloop
  endfacet
  facet normal 0.999939 -0.0110155 0
    outer loop
      vertex 5.25087 -24.5815 0
      vertex 5.24924 -24.7297 4
      vertex 5.24924 -24.7297 0
    endloop
  endfacet
  facet normal 0.999939 -0.0110155 0
    outer loop
      vertex 5.25087 -24.5815 0
      vertex 5.25087 -24.5815 4
      vertex 5.24924 -24.7297 4
    endloop
  endfacet
  facet normal 0.999981 0.00610224 0
    outer loop
      vertex 5.24933 -24.329 0
      vertex 5.25087 -24.5815 4
      vertex 5.25087 -24.5815 0
    endloop
  endfacet
  facet normal 0.999981 0.00610224 -0
    outer loop
      vertex 5.24933 -24.329 0
      vertex 5.24933 -24.329 4
      vertex 5.25087 -24.5815 4
    endloop
  endfacet
  facet normal 0.999636 0.0269906 0
    outer loop
      vertex 5.23969 -23.9718 0
      vertex 5.24933 -24.329 4
      vertex 5.24933 -24.329 0
    endloop
  endfacet
  facet normal 0.999636 0.0269906 -0
    outer loop
      vertex 5.23969 -23.9718 0
      vertex 5.23969 -23.9718 4
      vertex 5.24933 -24.329 4
    endloop
  endfacet
  facet normal 0.998777 0.0494471 0
    outer loop
      vertex 5.22311 -23.6371 0
      vertex 5.23969 -23.9718 4
      vertex 5.23969 -23.9718 0
    endloop
  endfacet
  facet normal 0.998777 0.0494471 -0
    outer loop
      vertex 5.22311 -23.6371 0
      vertex 5.22311 -23.6371 4
      vertex 5.23969 -23.9718 4
    endloop
  endfacet
  facet normal 0.997314 0.0732488 0
    outer loop
      vertex 5.19244 -23.2195 0
      vertex 5.22311 -23.6371 4
      vertex 5.22311 -23.6371 0
    endloop
  endfacet
  facet normal 0.997314 0.0732488 -0
    outer loop
      vertex 5.19244 -23.2195 0
      vertex 5.19244 -23.2195 4
      vertex 5.22311 -23.6371 4
    endloop
  endfacet
  facet normal 0.995249 0.0973622 0
    outer loop
      vertex 5.15411 -22.8277 0
      vertex 5.19244 -23.2195 4
      vertex 5.19244 -23.2195 0
    endloop
  endfacet
  facet normal 0.995249 0.0973622 -0
    outer loop
      vertex 5.15411 -22.8277 0
      vertex 5.15411 -22.8277 4
      vertex 5.19244 -23.2195 4
    endloop
  endfacet
  facet normal 0.993633 0.112668 0
    outer loop
      vertex 5.13116 -22.6253 0
      vertex 5.15411 -22.8277 4
      vertex 5.15411 -22.8277 0
    endloop
  endfacet
  facet normal 0.993633 0.112668 -0
    outer loop
      vertex 5.13116 -22.6253 0
      vertex 5.13116 -22.6253 4
      vertex 5.15411 -22.8277 4
    endloop
  endfacet
  facet normal 0.914442 0.404716 0
    outer loop
      vertex 5.04695 -22.435 0
      vertex 5.13116 -22.6253 4
      vertex 5.13116 -22.6253 0
    endloop
  endfacet
  facet normal 0.914442 0.404716 -0
    outer loop
      vertex 5.04695 -22.435 0
      vertex 5.04695 -22.435 4
      vertex 5.13116 -22.6253 4
    endloop
  endfacet
  facet normal 0.932659 -0.360759 0
    outer loop
      vertex 5.09894 -22.3006 0
      vertex 5.04695 -22.435 4
      vertex 5.04695 -22.435 0
    endloop
  endfacet
  facet normal 0.932659 -0.360759 0
    outer loop
      vertex 5.09894 -22.3006 0
      vertex 5.09894 -22.3006 4
      vertex 5.04695 -22.435 4
    endloop
  endfacet
  facet normal 0.975163 0.221488 0
    outer loop
      vertex 5.09784 -22.2958 0
      vertex 5.09894 -22.3006 4
      vertex 5.09894 -22.3006 0
    endloop
  endfacet
  facet normal 0.975163 0.221488 -0
    outer loop
      vertex 5.09784 -22.2958 0
      vertex 5.09784 -22.2958 4
      vertex 5.09894 -22.3006 4
    endloop
  endfacet
  facet normal 0.398968 -0.916965 0
    outer loop
      vertex 5.45531 -22.1403 0
      vertex 5.09784 -22.2958 4
      vertex 5.09784 -22.2958 0
    endloop
  endfacet
  facet normal 0.398968 -0.916965 0
    outer loop
      vertex 5.45531 -22.1403 0
      vertex 5.45531 -22.1403 4
      vertex 5.09784 -22.2958 4
    endloop
  endfacet
  facet normal 0.426868 -0.904314 0
    outer loop
      vertex 5.94966 -21.9069 0
      vertex 5.45531 -22.1403 4
      vertex 5.45531 -22.1403 0
    endloop
  endfacet
  facet normal 0.426868 -0.904314 0
    outer loop
      vertex 5.94966 -21.9069 0
      vertex 5.94966 -21.9069 4
      vertex 5.45531 -22.1403 4
    endloop
  endfacet
  facet normal -0.964764 -0.263117 0
    outer loop
      vertex 5.95099 -21.9118 0
      vertex 5.94966 -21.9069 4
      vertex 5.94966 -21.9069 0
    endloop
  endfacet
  facet normal -0.964764 -0.263117 0
    outer loop
      vertex 5.95099 -21.9118 0
      vertex 5.95099 -21.9118 4
      vertex 5.94966 -21.9069 4
    endloop
  endfacet
  facet normal -0.339166 -0.940727 0
    outer loop
      vertex 6.08655 -21.9606 0
      vertex 5.95099 -21.9118 4
      vertex 5.95099 -21.9118 0
    endloop
  endfacet
  facet normal -0.339166 -0.940727 0
    outer loop
      vertex 6.08655 -21.9606 0
      vertex 6.08655 -21.9606 4
      vertex 5.95099 -21.9118 4
    endloop
  endfacet
  facet normal -0.904932 -0.425556 0
    outer loop
      vertex 6.18126 -22.162 0
      vertex 6.08655 -21.9606 4
      vertex 6.08655 -21.9606 0
    endloop
  endfacet
  facet normal -0.904932 -0.425556 0
    outer loop
      vertex 6.18126 -22.162 0
      vertex 6.18126 -22.162 4
      vertex 6.08655 -21.9606 4
    endloop
  endfacet
  facet normal -0.738901 -0.673814 0
    outer loop
      vertex 6.37666 -22.3763 0
      vertex 6.18126 -22.162 4
      vertex 6.18126 -22.162 0
    endloop
  endfacet
  facet normal -0.738901 -0.673814 0
    outer loop
      vertex 6.37666 -22.3763 0
      vertex 6.37666 -22.3763 4
      vertex 6.18126 -22.162 4
    endloop
  endfacet
  facet normal -0.722529 -0.691341 0
    outer loop
      vertex 6.64861 -22.6605 0
      vertex 6.37666 -22.3763 4
      vertex 6.37666 -22.3763 0
    endloop
  endfacet
  facet normal -0.722529 -0.691341 0
    outer loop
      vertex 6.64861 -22.6605 0
      vertex 6.64861 -22.6605 4
      vertex 6.37666 -22.3763 4
    endloop
  endfacet
  facet normal -0.70492 -0.709286 0
    outer loop
      vertex 6.95103 -22.9611 0
      vertex 6.64861 -22.6605 4
      vertex 6.64861 -22.6605 0
    endloop
  endfacet
  facet normal -0.70492 -0.709286 0
    outer loop
      vertex 6.95103 -22.9611 0
      vertex 6.95103 -22.9611 4
      vertex 6.64861 -22.6605 4
    endloop
  endfacet
  facet normal -0.689141 -0.724628 0
    outer loop
      vertex 7.2785 -23.2725 0
      vertex 6.95103 -22.9611 4
      vertex 6.95103 -22.9611 0
    endloop
  endfacet
  facet normal -0.689141 -0.724628 0
    outer loop
      vertex 7.2785 -23.2725 0
      vertex 7.2785 -23.2725 4
      vertex 6.95103 -22.9611 4
    endloop
  endfacet
  facet normal -0.674034 -0.7387 0
    outer loop
      vertex 7.67 -23.6298 0
      vertex 7.2785 -23.2725 4
      vertex 7.2785 -23.2725 0
    endloop
  endfacet
  facet normal -0.674034 -0.7387 0
    outer loop
      vertex 7.67 -23.6298 0
      vertex 7.67 -23.6298 4
      vertex 7.2785 -23.2725 4
    endloop
  endfacet
  facet normal 0.426802 -0.904345 0
    outer loop
      vertex 7.80679 -23.5652 0
      vertex 7.67 -23.6298 4
      vertex 7.67 -23.6298 0
    endloop
  endfacet
  facet normal 0.426802 -0.904345 0
    outer loop
      vertex 7.80679 -23.5652 0
      vertex 7.80679 -23.5652 4
      vertex 7.67 -23.6298 4
    endloop
  endfacet
  facet normal 0.449977 -0.89304 0
    outer loop
      vertex 8.21877 -23.3576 0
      vertex 7.80679 -23.5652 4
      vertex 7.80679 -23.5652 0
    endloop
  endfacet
  facet normal 0.449977 -0.89304 0
    outer loop
      vertex 8.21877 -23.3576 0
      vertex 8.21877 -23.3576 4
      vertex 7.80679 -23.5652 4
    endloop
  endfacet
  facet normal 0.997499 0.0706769 0
    outer loop
      vertex 8.19833 -23.0693 0
      vertex 8.21877 -23.3576 4
      vertex 8.21877 -23.3576 0
    endloop
  endfacet
  facet normal 0.997499 0.0706769 -0
    outer loop
      vertex 8.19833 -23.0693 0
      vertex 8.19833 -23.0693 4
      vertex 8.21877 -23.3576 4
    endloop
  endfacet
  facet normal 0.995743 0.0921767 0
    outer loop
      vertex 8.15514 -22.6026 0
      vertex 8.19833 -23.0693 4
      vertex 8.19833 -23.0693 0
    endloop
  endfacet
  facet normal 0.995743 0.0921767 -0
    outer loop
      vertex 8.15514 -22.6026 0
      vertex 8.15514 -22.6026 4
      vertex 8.19833 -23.0693 4
    endloop
  endfacet
  facet normal 0.993491 0.113909 0
    outer loop
      vertex 8.10501 -22.1654 0
      vertex 8.15514 -22.6026 4
      vertex 8.15514 -22.6026 0
    endloop
  endfacet
  facet normal 0.993491 0.113909 -0
    outer loop
      vertex 8.10501 -22.1654 0
      vertex 8.10501 -22.1654 4
      vertex 8.15514 -22.6026 4
    endloop
  endfacet
  facet normal 0.990817 0.135213 0
    outer loop
      vertex 8.03482 -21.6511 0
      vertex 8.10501 -22.1654 4
      vertex 8.10501 -22.1654 0
    endloop
  endfacet
  facet normal 0.990817 0.135213 -0
    outer loop
      vertex 8.03482 -21.6511 0
      vertex 8.03482 -21.6511 4
      vertex 8.10501 -22.1654 4
    endloop
  endfacet
  facet normal 0.988101 0.153804 0
    outer loop
      vertex 7.97234 -21.2497 0
      vertex 8.03482 -21.6511 4
      vertex 8.03482 -21.6511 0
    endloop
  endfacet
  facet normal 0.988101 0.153804 -0
    outer loop
      vertex 7.97234 -21.2497 0
      vertex 7.97234 -21.2497 4
      vertex 8.03482 -21.6511 4
    endloop
  endfacet
  facet normal 0.889889 0.456176 0
    outer loop
      vertex 7.88371 -21.0768 0
      vertex 7.97234 -21.2497 4
      vertex 7.97234 -21.2497 0
    endloop
  endfacet
  facet normal 0.889889 0.456176 -0
    outer loop
      vertex 7.88371 -21.0768 0
      vertex 7.88371 -21.0768 4
      vertex 7.97234 -21.2497 4
    endloop
  endfacet
  facet normal 0.951791 -0.306746 0
    outer loop
      vertex 7.92792 -20.9396 0
      vertex 7.88371 -21.0768 4
      vertex 7.88371 -21.0768 0
    endloop
  endfacet
  facet normal 0.951791 -0.306746 0
    outer loop
      vertex 7.92792 -20.9396 0
      vertex 7.92792 -20.9396 4
      vertex 7.88371 -21.0768 4
    endloop
  endfacet
  facet normal 0.93604 0.351895 0
    outer loop
      vertex 7.92715 -20.9376 0
      vertex 7.92792 -20.9396 4
      vertex 7.92792 -20.9396 0
    endloop
  endfacet
  facet normal 0.93604 0.351895 -0
    outer loop
      vertex 7.92715 -20.9376 0
      vertex 7.92715 -20.9376 4
      vertex 7.92792 -20.9396 4
    endloop
  endfacet
  facet normal 0.450012 -0.893022 0
    outer loop
      vertex 8.11398 -20.8434 0
      vertex 7.92715 -20.9376 4
      vertex 7.92715 -20.9376 0
    endloop
  endfacet
  facet normal 0.450012 -0.893022 0
    outer loop
      vertex 8.11398 -20.8434 0
      vertex 8.11398 -20.8434 4
      vertex 7.92715 -20.9376 4
    endloop
  endfacet
  facet normal 0.469524 -0.88292 0
    outer loop
      vertex 8.74094 -20.51 0
      vertex 8.11398 -20.8434 4
      vertex 8.11398 -20.8434 0
    endloop
  endfacet
  facet normal 0.469524 -0.88292 0
    outer loop
      vertex 8.74094 -20.51 0
      vertex 8.74094 -20.51 4
      vertex 8.11398 -20.8434 4
    endloop
  endfacet
  facet normal -0.919145 -0.393919 0
    outer loop
      vertex 8.74245 -20.5136 0
      vertex 8.74094 -20.51 4
      vertex 8.74094 -20.51 0
    endloop
  endfacet
  facet normal -0.919145 -0.393919 0
    outer loop
      vertex 8.74245 -20.5136 0
      vertex 8.74245 -20.5136 4
      vertex 8.74094 -20.51 4
    endloop
  endfacet
  facet normal -0.291115 -0.956688 0
    outer loop
      vertex 8.88029 -20.5555 0
      vertex 8.74245 -20.5136 4
      vertex 8.74245 -20.5136 0
    endloop
  endfacet
  facet normal -0.291115 -0.956688 0
    outer loop
      vertex 8.88029 -20.5555 0
      vertex 8.88029 -20.5555 4
      vertex 8.74245 -20.5136 4
    endloop
  endfacet
  facet normal -0.882315 -0.470659 0
    outer loop
      vertex 8.97572 -20.7344 0
      vertex 8.88029 -20.5555 4
      vertex 8.88029 -20.5555 0
    endloop
  endfacet
  facet normal -0.882315 -0.470659 0
    outer loop
      vertex 8.97572 -20.7344 0
      vertex 8.97572 -20.7344 4
      vertex 8.88029 -20.5555 4
    endloop
  endfacet
  facet normal -0.692291 -0.721618 0
    outer loop
      vertex 9.26332 -21.0103 0
      vertex 8.97572 -20.7344 4
      vertex 8.97572 -20.7344 0
    endloop
  endfacet
  facet normal -0.692291 -0.721618 0
    outer loop
      vertex 9.26332 -21.0103 0
      vertex 9.26332 -21.0103 4
      vertex 8.97572 -20.7344 4
    endloop
  endfacet
  facet normal -0.676226 -0.736694 0
    outer loop
      vertex 9.64461 -21.3603 0
      vertex 9.26332 -21.0103 4
      vertex 9.26332 -21.0103 0
    endloop
  endfacet
  facet normal -0.676226 -0.736694 0
    outer loop
      vertex 9.64461 -21.3603 0
      vertex 9.64461 -21.3603 4
      vertex 9.26332 -21.0103 4
    endloop
  endfacet
  facet normal -0.66014 -0.751143 0
    outer loop
      vertex 10.0586 -21.7241 0
      vertex 9.64461 -21.3603 4
      vertex 9.64461 -21.3603 0
    endloop
  endfacet
  facet normal -0.66014 -0.751143 0
    outer loop
      vertex 10.0586 -21.7241 0
      vertex 10.0586 -21.7241 4
      vertex 9.64461 -21.3603 4
    endloop
  endfacet
  facet normal -0.644018 -0.76501 0
    outer loop
      vertex 10.5538 -22.141 0
      vertex 10.0586 -21.7241 4
      vertex 10.0586 -21.7241 0
    endloop
  endfacet
  facet normal -0.644018 -0.76501 0
    outer loop
      vertex 10.5538 -22.141 0
      vertex 10.5538 -22.141 4
      vertex 10.0586 -21.7241 4
    endloop
  endfacet
  facet normal 0.486655 -0.873594 0
    outer loop
      vertex 11.0951 -21.8395 0
      vertex 10.5538 -22.141 4
      vertex 10.5538 -22.141 0
    endloop
  endfacet
  facet normal 0.486655 -0.873594 0
    outer loop
      vertex 11.0951 -21.8395 0
      vertex 11.0951 -21.8395 4
      vertex 10.5538 -22.141 4
    endloop
  endfacet
  facet normal 0.991661 0.128877 0
    outer loop
      vertex 11.0416 -21.4281 0
      vertex 11.0951 -21.8395 4
      vertex 11.0951 -21.8395 0
    endloop
  endfacet
  facet normal 0.991661 0.128877 -0
    outer loop
      vertex 11.0416 -21.4281 0
      vertex 11.0416 -21.4281 4
      vertex 11.0951 -21.8395 4
    endloop
  endfacet
  facet normal 0.988919 0.148457 0
    outer loop
      vertex 10.9579 -20.8702 0
      vertex 11.0416 -21.4281 4
      vertex 11.0416 -21.4281 0
    endloop
  endfacet
  facet normal 0.988919 0.148457 -0
    outer loop
      vertex 10.9579 -20.8702 0
      vertex 10.9579 -20.8702 4
      vertex 11.0416 -21.4281 4
    endloop
  endfacet
  facet normal 0.985732 0.168322 0
    outer loop
      vertex 10.8681 -20.3444 0
      vertex 10.9579 -20.8702 4
      vertex 10.9579 -20.8702 0
    endloop
  endfacet
  facet normal 0.985732 0.168322 -0
    outer loop
      vertex 10.8681 -20.3444 0
      vertex 10.8681 -20.3444 4
      vertex 10.9579 -20.8702 4
    endloop
  endfacet
  facet normal 0.98189 0.189453 0
    outer loop
      vertex 10.7522 -19.7438 0
      vertex 10.8681 -20.3444 4
      vertex 10.8681 -20.3444 0
    endloop
  endfacet
  facet normal 0.98189 0.189453 -0
    outer loop
      vertex 10.7522 -19.7438 0
      vertex 10.7522 -19.7438 4
      vertex 10.8681 -20.3444 4
    endloop
  endfacet
  facet normal 0.869495 0.493941 0
    outer loop
      vertex 10.6572 -19.5766 0
      vertex 10.7522 -19.7438 4
      vertex 10.7522 -19.7438 0
    endloop
  endfacet
  facet normal 0.869495 0.493941 -0
    outer loop
      vertex 10.6572 -19.5766 0
      vertex 10.6572 -19.5766 4
      vertex 10.7522 -19.7438 4
    endloop
  endfacet
  facet normal 0.96449 -0.264119 0
    outer loop
      vertex 10.6953 -19.4374 0
      vertex 10.6572 -19.5766 4
      vertex 10.6572 -19.5766 0
    endloop
  endfacet
  facet normal 0.96449 -0.264119 0
    outer loop
      vertex 10.6953 -19.4374 0
      vertex 10.6953 -19.4374 4
      vertex 10.6572 -19.5766 4
    endloop
  endfacet
  facet normal 0.502626 -0.864504 0
    outer loop
      vertex 11.4842 -18.9788 0
      vertex 10.6953 -19.4374 4
      vertex 10.6953 -19.4374 0
    endloop
  endfacet
  facet normal 0.502626 -0.864504 0
    outer loop
      vertex 11.4842 -18.9788 0
      vertex 11.4842 -18.9788 4
      vertex 10.6953 -19.4374 4
    endloop
  endfacet
  facet normal -0.855732 -0.517419 0
    outer loop
      vertex 11.4858 -18.9814 0
      vertex 11.4842 -18.9788 4
      vertex 11.4842 -18.9788 0
    endloop
  endfacet
  facet normal -0.855732 -0.517419 0
    outer loop
      vertex 11.4858 -18.9814 0
      vertex 11.4858 -18.9814 4
      vertex 11.4842 -18.9788 4
    endloop
  endfacet
  facet normal -0.252116 -0.967697 0
    outer loop
      vertex 11.6252 -19.0177 0
      vertex 11.4858 -18.9814 4
      vertex 11.4858 -18.9814 0
    endloop
  endfacet
  facet normal -0.252116 -0.967697 0
    outer loop
      vertex 11.6252 -19.0177 0
      vertex 11.6252 -19.0177 4
      vertex 11.4858 -18.9814 4
    endloop
  endfacet
  facet normal -0.862493 -0.50607 0
    outer loop
      vertex 11.7226 -19.1836 0
      vertex 11.6252 -19.0177 4
      vertex 11.6252 -19.0177 0
    endloop
  endfacet
  facet normal -0.862493 -0.50607 0
    outer loop
      vertex 11.7226 -19.1836 0
      vertex 11.7226 -19.1836 4
      vertex 11.6252 -19.0177 4
    endloop
  endfacet
  facet normal -0.655034 -0.755599 0
    outer loop
      vertex 12.1847 -19.5842 0
      vertex 11.7226 -19.1836 4
      vertex 11.7226 -19.1836 0
    endloop
  endfacet
  facet normal -0.655034 -0.755599 0
    outer loop
      vertex 12.1847 -19.5842 0
      vertex 12.1847 -19.5842 4
      vertex 11.7226 -19.1836 4
    endloop
  endfacet
  facet normal -0.638636 -0.769509 0
    outer loop
      vertex 12.5952 -19.9249 0
      vertex 12.1847 -19.5842 4
      vertex 12.1847 -19.5842 0
    endloop
  endfacet
  facet normal -0.638636 -0.769509 0
    outer loop
      vertex 12.5952 -19.9249 0
      vertex 12.5952 -19.9249 4
      vertex 12.1847 -19.5842 4
    endloop
  endfacet
  facet normal -0.623015 -0.78221 0
    outer loop
      vertex 13.0365 -20.2764 0
      vertex 12.5952 -19.9249 4
      vertex 12.5952 -19.9249 0
    endloop
  endfacet
  facet normal -0.623015 -0.78221 0
    outer loop
      vertex 13.0365 -20.2764 0
      vertex 13.0365 -20.2764 4
      vertex 12.5952 -19.9249 4
    endloop
  endfacet
  facet normal -0.607432 -0.794371 0
    outer loop
      vertex 13.367 -20.5291 0
      vertex 13.0365 -20.2764 4
      vertex 13.0365 -20.2764 0
    endloop
  endfacet
  facet normal -0.607432 -0.794371 0
    outer loop
      vertex 13.367 -20.5291 0
      vertex 13.367 -20.5291 4
      vertex 13.0365 -20.2764 4
    endloop
  endfacet
  facet normal 0.518606 -0.855013 0
    outer loop
      vertex 13.8969 -20.2077 0
      vertex 13.367 -20.5291 4
      vertex 13.367 -20.5291 0
    endloop
  endfacet
  facet normal 0.518606 -0.855013 0
    outer loop
      vertex 13.8969 -20.2077 0
      vertex 13.8969 -20.2077 4
      vertex 13.367 -20.5291 4
    endloop
  endfacet
  facet normal 0.984996 0.17258 0
    outer loop
      vertex 13.8053 -19.6849 0
      vertex 13.8969 -20.2077 4
      vertex 13.8969 -20.2077 0
    endloop
  endfacet
  facet normal 0.984996 0.17258 -0
    outer loop
      vertex 13.8053 -19.6849 0
      vertex 13.8053 -19.6849 4
      vertex 13.8969 -20.2077 4
    endloop
  endfacet
  facet normal 0.981373 0.192111 0
    outer loop
      vertex 13.6983 -19.1381 0
      vertex 13.8053 -19.6849 4
      vertex 13.8053 -19.6849 0
    endloop
  endfacet
  facet normal 0.981373 0.192111 -0
    outer loop
      vertex 13.6983 -19.1381 0
      vertex 13.6983 -19.1381 4
      vertex 13.8053 -19.6849 4
    endloop
  endfacet
  facet normal 0.97707 0.212918 0
    outer loop
      vertex 13.5865 -18.6252 0
      vertex 13.6983 -19.1381 4
      vertex 13.6983 -19.1381 0
    endloop
  endfacet
  facet normal 0.97707 0.212918 -0
    outer loop
      vertex 13.5865 -18.6252 0
      vertex 13.5865 -18.6252 4
      vertex 13.6983 -19.1381 4
    endloop
  endfacet
  facet normal 0.971693 0.236249 0
    outer loop
      vertex 13.4686 -18.1404 0
      vertex 13.5865 -18.6252 4
      vertex 13.5865 -18.6252 0
    endloop
  endfacet
  facet normal 0.971693 0.236249 -0
    outer loop
      vertex 13.4686 -18.1404 0
      vertex 13.4686 -18.1404 4
      vertex 13.5865 -18.6252 4
    endloop
  endfacet
  facet normal 0.848801 0.528713 0
    outer loop
      vertex 13.3615 -17.9683 0
      vertex 13.4686 -18.1404 4
      vertex 13.4686 -18.1404 0
    endloop
  endfacet
  facet normal 0.848801 0.528713 -0
    outer loop
      vertex 13.3615 -17.9683 0
      vertex 13.3615 -17.9683 4
      vertex 13.4686 -18.1404 4
    endloop
  endfacet
  facet normal 0.974085 -0.226182 0
    outer loop
      vertex 13.394 -17.828 0
      vertex 13.3615 -17.9683 4
      vertex 13.3615 -17.9683 0
    endloop
  endfacet
  facet normal 0.974085 -0.226182 0
    outer loop
      vertex 13.394 -17.828 0
      vertex 13.394 -17.828 4
      vertex 13.3615 -17.9683 4
    endloop
  endfacet
  facet normal 0.8 0.6 0
    outer loop
      vertex 13.3926 -17.8261 0
      vertex 13.394 -17.828 4
      vertex 13.394 -17.828 0
    endloop
  endfacet
  facet normal 0.8 0.6 -0
    outer loop
      vertex 13.3926 -17.8261 0
      vertex 13.3926 -17.8261 4
      vertex 13.394 -17.828 4
    endloop
  endfacet
  facet normal 0.53579 -0.844351 0
    outer loop
      vertex 14.1687 -17.3336 0
      vertex 13.3926 -17.8261 4
      vertex 13.3926 -17.8261 0
    endloop
  endfacet
  facet normal 0.53579 -0.844351 0
    outer loop
      vertex 14.1687 -17.3336 0
      vertex 14.1687 -17.3336 4
      vertex 13.3926 -17.8261 4
    endloop
  endfacet
  facet normal -0.775019 -0.631938 0
    outer loop
      vertex 14.1703 -17.3356 0
      vertex 14.1687 -17.3336 4
      vertex 14.1687 -17.3336 0
    endloop
  endfacet
  facet normal -0.775019 -0.631938 0
    outer loop
      vertex 14.1703 -17.3356 0
      vertex 14.1703 -17.3356 4
      vertex 14.1687 -17.3336 4
    endloop
  endfacet
  facet normal -0.210209 -0.977657 0
    outer loop
      vertex 14.3112 -17.3659 0
      vertex 14.1703 -17.3356 4
      vertex 14.1703 -17.3356 0
    endloop
  endfacet
  facet normal -0.210209 -0.977657 0
    outer loop
      vertex 14.3112 -17.3659 0
      vertex 14.3112 -17.3659 4
      vertex 14.1703 -17.3356 4
    endloop
  endfacet
  facet normal -0.839974 -0.542626 0
    outer loop
      vertex 14.4166 -17.5291 0
      vertex 14.3112 -17.3659 4
      vertex 14.3112 -17.3659 0
    endloop
  endfacet
  facet normal -0.839974 -0.542626 0
    outer loop
      vertex 14.4166 -17.5291 0
      vertex 14.4166 -17.5291 4
      vertex 14.3112 -17.3659 4
    endloop
  endfacet
  facet normal -0.62575 -0.780024 0
    outer loop
      vertex 14.8126 -17.8468 0
      vertex 14.4166 -17.5291 4
      vertex 14.4166 -17.5291 0
    endloop
  endfacet
  facet normal -0.62575 -0.780024 0
    outer loop
      vertex 14.8126 -17.8468 0
      vertex 14.8126 -17.8468 4
      vertex 14.4166 -17.5291 4
    endloop
  endfacet
  facet normal -0.608871 -0.793269 0
    outer loop
      vertex 15.2294 -18.1667 0
      vertex 14.8126 -17.8468 4
      vertex 14.8126 -17.8468 0
    endloop
  endfacet
  facet normal -0.608871 -0.793269 0
    outer loop
      vertex 15.2294 -18.1667 0
      vertex 15.2294 -18.1667 4
      vertex 14.8126 -17.8468 4
    endloop
  endfacet
  facet normal -0.591205 -0.806521 0
    outer loop
      vertex 15.5895 -18.4306 0
      vertex 15.2294 -18.1667 4
      vertex 15.2294 -18.1667 0
    endloop
  endfacet
  facet normal -0.591205 -0.806521 0
    outer loop
      vertex 15.5895 -18.4306 0
      vertex 15.5895 -18.4306 4
      vertex 15.2294 -18.1667 4
    endloop
  endfacet
  facet normal -0.575408 -0.817866 0
    outer loop
      vertex 15.8794 -18.6346 0
      vertex 15.5895 -18.4306 4
      vertex 15.5895 -18.4306 0
    endloop
  endfacet
  facet normal -0.575408 -0.817866 0
    outer loop
      vertex 15.8794 -18.6346 0
      vertex 15.8794 -18.6346 4
      vertex 15.5895 -18.4306 4
    endloop
  endfacet
  facet normal -0.559925 -0.828543 0
    outer loop
      vertex 16.1184 -18.7961 0
      vertex 15.8794 -18.6346 4
      vertex 15.8794 -18.6346 0
    endloop
  endfacet
  facet normal -0.559925 -0.828543 0
    outer loop
      vertex 16.1184 -18.7961 0
      vertex 16.1184 -18.7961 4
      vertex 15.8794 -18.6346 4
    endloop
  endfacet
  facet normal 0.555183 -0.831728 0
    outer loop
      vertex 16.6282 -18.4558 0
      vertex 16.1184 -18.7961 4
      vertex 16.1184 -18.7961 0
    endloop
  endfacet
  facet normal 0.555183 -0.831728 0
    outer loop
      vertex 16.6282 -18.4558 0
      vertex 16.6282 -18.4558 4
      vertex 16.1184 -18.7961 4
    endloop
  endfacet
  facet normal 0.977438 0.211223 0
    outer loop
      vertex 16.5412 -18.053 0
      vertex 16.6282 -18.4558 4
      vertex 16.6282 -18.4558 0
    endloop
  endfacet
  facet normal 0.977438 0.211223 -0
    outer loop
      vertex 16.5412 -18.053 0
      vertex 16.5412 -18.053 4
      vertex 16.6282 -18.4558 4
    endloop
  endfacet
  facet normal 0.973289 0.229584 0
    outer loop
      vertex 16.4362 -17.6079 0
      vertex 16.5412 -18.053 4
      vertex 16.5412 -18.053 0
    endloop
  endfacet
  facet normal 0.973289 0.229584 -0
    outer loop
      vertex 16.4362 -17.6079 0
      vertex 16.4362 -17.6079 4
      vertex 16.5412 -18.053 4
    endloop
  endfacet
  facet normal 0.968182 0.250249 0
    outer loop
      vertex 16.3277 -17.1883 0
      vertex 16.4362 -17.6079 4
      vertex 16.4362 -17.6079 0
    endloop
  endfacet
  facet normal 0.968182 0.250249 -0
    outer loop
      vertex 16.3277 -17.1883 0
      vertex 16.3277 -17.1883 4
      vertex 16.4362 -17.6079 4
    endloop
  endfacet
  facet normal 0.961812 0.273709 0
    outer loop
      vertex 16.2176 -16.8013 0
      vertex 16.3277 -17.1883 4
      vertex 16.3277 -17.1883 0
    endloop
  endfacet
  facet normal 0.961812 0.273709 -0
    outer loop
      vertex 16.2176 -16.8013 0
      vertex 16.2176 -16.8013 4
      vertex 16.3277 -17.1883 4
    endloop
  endfacet
  facet normal 0.954029 0.299715 0
    outer loop
      vertex 16.1023 -16.4342 0
      vertex 16.2176 -16.8013 4
      vertex 16.2176 -16.8013 0
    endloop
  endfacet
  facet normal 0.954029 0.299715 -0
    outer loop
      vertex 16.1023 -16.4342 0
      vertex 16.1023 -16.4342 4
      vertex 16.2176 -16.8013 4
    endloop
  endfacet
  facet normal 0.821016 0.570906 0
    outer loop
      vertex 15.9752 -16.2514 0
      vertex 16.1023 -16.4342 4
      vertex 16.1023 -16.4342 0
    endloop
  endfacet
  facet normal 0.821016 0.570906 -0
    outer loop
      vertex 15.9752 -16.2514 0
      vertex 15.9752 -16.2514 4
      vertex 16.1023 -16.4342 4
    endloop
  endfacet
  facet normal 0.984277 -0.17663 0
    outer loop
      vertex 16.0007 -16.1096 0
      vertex 15.9752 -16.2514 4
      vertex 15.9752 -16.2514 0
    endloop
  endfacet
  facet normal 0.984277 -0.17663 0
    outer loop
      vertex 16.0007 -16.1096 0
      vertex 16.0007 -16.1096 4
      vertex 15.9752 -16.2514 4
    endloop
  endfacet
  facet normal 0.708708 0.705502 0
    outer loop
      vertex 15.9973 -16.1062 0
      vertex 16.0007 -16.1096 4
      vertex 16.0007 -16.1096 0
    endloop
  endfacet
  facet normal 0.708708 0.705502 -0
    outer loop
      vertex 15.9973 -16.1062 0
      vertex 15.9973 -16.1062 4
      vertex 16.0007 -16.1096 4
    endloop
  endfacet
  facet normal 0.577616 -0.816309 0
    outer loop
      vertex 16.7622 -15.565 0
      vertex 15.9973 -16.1062 4
      vertex 15.9973 -16.1062 0
    endloop
  endfacet
  facet normal 0.577616 -0.816309 0
    outer loop
      vertex 16.7622 -15.565 0
      vertex 16.7622 -15.565 4
      vertex 15.9973 -16.1062 4
    endloop
  endfacet
  facet normal -0.160248 -0.987077 0
    outer loop
      vertex 16.9058 -15.5883 0
      vertex 16.7622 -15.565 4
      vertex 16.7622 -15.565 0
    endloop
  endfacet
  facet normal -0.160248 -0.987077 0
    outer loop
      vertex 16.9058 -15.5883 0
      vertex 16.9058 -15.5883 4
      vertex 16.7622 -15.565 4
    endloop
  endfacet
  facet normal -0.80772 -0.589566 0
    outer loop
      vertex 17.0285 -15.7564 0
      vertex 16.9058 -15.5883 4
      vertex 16.9058 -15.5883 0
    endloop
  endfacet
  facet normal -0.80772 -0.589566 0
    outer loop
      vertex 17.0285 -15.7564 0
      vertex 17.0285 -15.7564 4
      vertex 16.9058 -15.5883 4
    endloop
  endfacet
  facet normal -0.590539 -0.807009 0
    outer loop
      vertex 17.3496 -15.9913 0
      vertex 17.0285 -15.7564 4
      vertex 17.0285 -15.7564 0
    endloop
  endfacet
  facet normal -0.590539 -0.807009 0
    outer loop
      vertex 17.3496 -15.9913 0
      vertex 17.3496 -15.9913 4
      vertex 17.0285 -15.7564 4
    endloop
  endfacet
  facet normal -0.572426 -0.819956 0
    outer loop
      vertex 17.6819 -16.2233 0
      vertex 17.3496 -15.9913 4
      vertex 17.3496 -15.9913 0
    endloop
  endfacet
  facet normal -0.572426 -0.819956 0
    outer loop
      vertex 17.6819 -16.2233 0
      vertex 17.6819 -16.2233 4
      vertex 17.3496 -15.9913 4
    endloop
  endfacet
  facet normal -0.554045 -0.832487 0
    outer loop
      vertex 17.9503 -16.4019 0
      vertex 17.6819 -16.2233 4
      vertex 17.6819 -16.2233 0
    endloop
  endfacet
  facet normal -0.554045 -0.832487 0
    outer loop
      vertex 17.9503 -16.4019 0
      vertex 17.9503 -16.4019 4
      vertex 17.6819 -16.2233 4
    endloop
  endfacet
  facet normal -0.535983 -0.844229 0
    outer loop
      vertex 18.2391 -16.5853 0
      vertex 17.9503 -16.4019 4
      vertex 17.9503 -16.4019 0
    endloop
  endfacet
  facet normal -0.535983 -0.844229 0
    outer loop
      vertex 18.2391 -16.5853 0
      vertex 18.2391 -16.5853 4
      vertex 17.9503 -16.4019 4
    endloop
  endfacet
  facet normal -0.519945 -0.8542 0
    outer loop
      vertex 18.4448 -16.7105 0
      vertex 18.2391 -16.5853 4
      vertex 18.2391 -16.5853 0
    endloop
  endfacet
  facet normal -0.519945 -0.8542 0
    outer loop
      vertex 18.4448 -16.7105 0
      vertex 18.4448 -16.7105 4
      vertex 18.2391 -16.5853 4
    endloop
  endfacet
  facet normal -0.505298 -0.862945 0
    outer loop
      vertex 18.6628 -16.8382 0
      vertex 18.4448 -16.7105 4
      vertex 18.4448 -16.7105 0
    endloop
  endfacet
  facet normal -0.505298 -0.862945 0
    outer loop
      vertex 18.6628 -16.8382 0
      vertex 18.6628 -16.8382 4
      vertex 18.4448 -16.7105 4
    endloop
  endfacet
  facet normal -0.490361 -0.871519 0
    outer loop
      vertex 18.7894 -16.9094 0
      vertex 18.6628 -16.8382 4
      vertex 18.6628 -16.8382 0
    endloop
  endfacet
  facet normal -0.490361 -0.871519 0
    outer loop
      vertex 18.7894 -16.9094 0
      vertex 18.7894 -16.9094 4
      vertex 18.6628 -16.8382 4
    endloop
  endfacet
  facet normal 0.60382 -0.797121 0
    outer loop
      vertex 19.269 -16.5461 0
      vertex 18.7894 -16.9094 4
      vertex 18.7894 -16.9094 0
    endloop
  endfacet
  facet normal 0.60382 -0.797121 0
    outer loop
      vertex 19.269 -16.5461 0
      vertex 19.269 -16.5461 4
      vertex 18.7894 -16.9094 4
    endloop
  endfacet
  facet normal 0.965836 0.259154 0
    outer loop
      vertex 19.1955 -16.2719 0
      vertex 19.269 -16.5461 4
      vertex 19.269 -16.5461 0
    endloop
  endfacet
  facet normal 0.965836 0.259154 -0
    outer loop
      vertex 19.1955 -16.2719 0
      vertex 19.1955 -16.2719 4
      vertex 19.269 -16.5461 4
    endloop
  endfacet
  facet normal 0.960663 0.277717 0
    outer loop
      vertex 19.0961 -15.9283 0
      vertex 19.1955 -16.2719 4
      vertex 19.1955 -16.2719 0
    endloop
  endfacet
  facet normal 0.960663 0.277717 -0
    outer loop
      vertex 19.0961 -15.9283 0
      vertex 19.0961 -15.9283 4
      vertex 19.1955 -16.2719 4
    endloop
  endfacet
  facet normal 0.954725 0.297491 0
    outer loop
      vertex 18.9946 -15.6023 0
      vertex 19.0961 -15.9283 4
      vertex 19.0961 -15.9283 0
    endloop
  endfacet
  facet normal 0.954725 0.297491 -0
    outer loop
      vertex 18.9946 -15.6023 0
      vertex 18.9946 -15.6023 4
      vertex 19.0961 -15.9283 4
    endloop
  endfacet
  facet normal 0.947749 0.319017 0
    outer loop
      vertex 18.892 -15.2975 0
      vertex 18.9946 -15.6023 4
      vertex 18.9946 -15.6023 0
    endloop
  endfacet
  facet normal 0.947749 0.319017 -0
    outer loop
      vertex 18.892 -15.2975 0
      vertex 18.892 -15.2975 4
      vertex 18.9946 -15.6023 4
    endloop
  endfacet
  facet normal 0.939241 0.343257 0
    outer loop
      vertex 18.7898 -15.018 0
      vertex 18.892 -15.2975 4
      vertex 18.892 -15.2975 0
    endloop
  endfacet
  facet normal 0.939241 0.343257 -0
    outer loop
      vertex 18.7898 -15.018 0
      vertex 18.7898 -15.018 4
      vertex 18.892 -15.2975 4
    endloop
  endfacet
  facet normal 0.929712 0.368287 0
    outer loop
      vertex 18.6905 -14.7672 0
      vertex 18.7898 -15.018 4
      vertex 18.7898 -15.018 0
    endloop
  endfacet
  facet normal 0.929712 0.368287 -0
    outer loop
      vertex 18.6905 -14.7672 0
      vertex 18.6905 -14.7672 4
      vertex 18.7898 -15.018 4
    endloop
  endfacet
  facet normal 0.920954 0.389671 0
    outer loop
      vertex 18.6159 -14.591 0
      vertex 18.6905 -14.7672 4
      vertex 18.6905 -14.7672 0
    endloop
  endfacet
  facet normal 0.920954 0.389671 -0
    outer loop
      vertex 18.6159 -14.591 0
      vertex 18.6159 -14.591 4
      vertex 18.6905 -14.7672 4
    endloop
  endfacet
  facet normal 0.779311 0.626638 0
    outer loop
      vertex 18.4606 -14.3978 0
      vertex 18.6159 -14.591 4
      vertex 18.6159 -14.591 0
    endloop
  endfacet
  facet normal 0.779311 0.626638 -0
    outer loop
      vertex 18.4606 -14.3978 0
      vertex 18.4606 -14.3978 4
      vertex 18.6159 -14.591 4
    endloop
  endfacet
  facet normal 0.994207 -0.107479 0
    outer loop
      vertex 18.4761 -14.2545 0
      vertex 18.4606 -14.3978 4
      vertex 18.4606 -14.3978 0
    endloop
  endfacet
  facet normal 0.994207 -0.107479 0
    outer loop
      vertex 18.4761 -14.2545 0
      vertex 18.4761 -14.2545 4
      vertex 18.4606 -14.3978 4
    endloop
  endfacet
  facet normal 0.610875 0.791727 0
    outer loop
      vertex 18.47 -14.2499 0
      vertex 18.4761 -14.2545 4
      vertex 18.4761 -14.2545 0
    endloop
  endfacet
  facet normal 0.610875 0.791727 -0
    outer loop
      vertex 18.47 -14.2499 0
      vertex 18.47 -14.2499 4
      vertex 18.4761 -14.2545 4
    endloop
  endfacet
  facet normal 0.633396 -0.773828 0
    outer loop
      vertex 19.2137 -13.6412 0
      vertex 18.47 -14.2499 4
      vertex 18.47 -14.2499 0
    endloop
  endfacet
  facet normal 0.633396 -0.773828 0
    outer loop
      vertex 19.2137 -13.6412 0
      vertex 19.2137 -13.6412 4
      vertex 18.47 -14.2499 4
    endloop
  endfacet
  facet normal -0.0748663 -0.997194 0
    outer loop
      vertex 19.3574 -13.652 0
      vertex 19.2137 -13.6412 4
      vertex 19.2137 -13.6412 0
    endloop
  endfacet
  facet normal -0.0748663 -0.997194 0
    outer loop
      vertex 19.3574 -13.652 0
      vertex 19.3574 -13.652 4
      vertex 19.2137 -13.6412 4
    endloop
  endfacet
  facet normal -0.758573 -0.651588 0
    outer loop
      vertex 19.5073 -13.8265 0
      vertex 19.3574 -13.652 4
      vertex 19.3574 -13.652 0
    endloop
  endfacet
  facet normal -0.758573 -0.651588 0
    outer loop
      vertex 19.5073 -13.8265 0
      vertex 19.5073 -13.8265 4
      vertex 19.3574 -13.652 4
    endloop
  endfacet
  facet normal -0.538133 -0.84286 0
    outer loop
      vertex 19.8308 -14.033 0
      vertex 19.5073 -13.8265 4
      vertex 19.5073 -13.8265 0
    endloop
  endfacet
  facet normal -0.538133 -0.84286 0
    outer loop
      vertex 19.8308 -14.033 0
      vertex 19.8308 -14.033 4
      vertex 19.5073 -13.8265 4
    endloop
  endfacet
  facet normal -0.51547 -0.856908 0
    outer loop
      vertex 20.0815 -14.1838 0
      vertex 19.8308 -14.033 4
      vertex 19.8308 -14.033 0
    endloop
  endfacet
  facet normal -0.51547 -0.856908 0
    outer loop
      vertex 20.0815 -14.1838 0
      vertex 20.0815 -14.1838 4
      vertex 19.8308 -14.033 4
    endloop
  endfacet
  facet normal -0.493374 -0.869817 0
    outer loop
      vertex 20.3541 -14.3384 0
      vertex 20.0815 -14.1838 4
      vertex 20.0815 -14.1838 0
    endloop
  endfacet
  facet normal -0.493374 -0.869817 0
    outer loop
      vertex 20.3541 -14.3384 0
      vertex 20.3541 -14.3384 4
      vertex 20.0815 -14.1838 4
    endloop
  endfacet
  facet normal -0.473041 -0.88104 0
    outer loop
      vertex 20.5503 -14.4438 0
      vertex 20.3541 -14.3384 4
      vertex 20.3541 -14.3384 0
    endloop
  endfacet
  facet normal -0.473041 -0.88104 0
    outer loop
      vertex 20.5503 -14.4438 0
      vertex 20.5503 -14.4438 4
      vertex 20.3541 -14.3384 4
    endloop
  endfacet
  facet normal -0.455453 -0.89026 0
    outer loop
      vertex 20.7595 -14.5508 0
      vertex 20.5503 -14.4438 4
      vertex 20.5503 -14.4438 0
    endloop
  endfacet
  facet normal -0.455453 -0.89026 0
    outer loop
      vertex 20.7595 -14.5508 0
      vertex 20.7595 -14.5508 4
      vertex 20.5503 -14.4438 4
    endloop
  endfacet
  facet normal -0.437244 -0.899343 0
    outer loop
      vertex 20.9831 -14.6595 0
      vertex 20.7595 -14.5508 4
      vertex 20.7595 -14.5508 0
    endloop
  endfacet
  facet normal -0.437244 -0.899343 0
    outer loop
      vertex 20.9831 -14.6595 0
      vertex 20.9831 -14.6595 4
      vertex 20.7595 -14.5508 4
    endloop
  endfacet
  facet normal -0.417171 -0.908828 0
    outer loop
      vertex 21.2227 -14.7695 0
      vertex 20.9831 -14.6595 4
      vertex 20.9831 -14.6595 0
    endloop
  endfacet
  facet normal -0.417171 -0.908828 0
    outer loop
      vertex 21.2227 -14.7695 0
      vertex 21.2227 -14.7695 4
      vertex 20.9831 -14.6595 4
    endloop
  endfacet
  facet normal -0.396014 -0.918244 0
    outer loop
      vertex 21.3341 -14.8175 0
      vertex 21.2227 -14.7695 4
      vertex 21.2227 -14.7695 0
    endloop
  endfacet
  facet normal -0.396014 -0.918244 0
    outer loop
      vertex 21.3341 -14.8175 0
      vertex 21.3341 -14.8175 4
      vertex 21.2227 -14.7695 4
    endloop
  endfacet
  facet normal 0.668867 -0.743382 0
    outer loop
      vertex 21.7719 -14.4236 0
      vertex 21.3341 -14.8175 4
      vertex 21.3341 -14.8175 0
    endloop
  endfacet
  facet normal 0.668867 -0.743382 0
    outer loop
      vertex 21.7719 -14.4236 0
      vertex 21.7719 -14.4236 4
      vertex 21.3341 -14.8175 4
    endloop
  endfacet
  facet normal 0.946162 0.323693 0
    outer loop
      vertex 21.7263 -14.2903 0
      vertex 21.7719 -14.4236 4
      vertex 21.7719 -14.4236 0
    endloop
  endfacet
  facet normal 0.946162 0.323693 -0
    outer loop
      vertex 21.7263 -14.2903 0
      vertex 21.7263 -14.2903 4
      vertex 21.7719 -14.4236 4
    endloop
  endfacet
  facet normal 0.940431 0.339984 0
    outer loop
      vertex 21.6403 -14.0525 0
      vertex 21.7263 -14.2903 4
      vertex 21.7263 -14.2903 0
    endloop
  endfacet
  facet normal 0.940431 0.339984 -0
    outer loop
      vertex 21.6403 -14.0525 0
      vertex 21.6403 -14.0525 4
      vertex 21.7263 -14.2903 4
    endloop
  endfacet
  facet normal 0.934376 0.356289 0
    outer loop
      vertex 21.5533 -13.8244 0
      vertex 21.6403 -14.0525 4
      vertex 21.6403 -14.0525 0
    endloop
  endfacet
  facet normal 0.934376 0.356289 -0
    outer loop
      vertex 21.5533 -13.8244 0
      vertex 21.5533 -13.8244 4
      vertex 21.6403 -14.0525 4
    endloop
  endfacet
  facet normal 0.927426 0.374007 0
    outer loop
      vertex 21.4657 -13.6072 0
      vertex 21.5533 -13.8244 4
      vertex 21.5533 -13.8244 0
    endloop
  endfacet
  facet normal 0.927426 0.374007 -0
    outer loop
      vertex 21.4657 -13.6072 0
      vertex 21.4657 -13.6072 4
      vertex 21.5533 -13.8244 4
    endloop
  endfacet
  facet normal 0.919725 0.392564 0
    outer loop
      vertex 21.3783 -13.4022 0
      vertex 21.4657 -13.6072 4
      vertex 21.4657 -13.6072 0
    endloop
  endfacet
  facet normal 0.919725 0.392564 -0
    outer loop
      vertex 21.3783 -13.4022 0
      vertex 21.3783 -13.4022 4
      vertex 21.4657 -13.6072 4
    endloop
  endfacet
  facet normal 0.911488 0.411326 0
    outer loop
      vertex 21.2917 -13.2104 0
      vertex 21.3783 -13.4022 4
      vertex 21.3783 -13.4022 0
    endloop
  endfacet
  facet normal 0.911488 0.411326 -0
    outer loop
      vertex 21.2917 -13.2104 0
      vertex 21.2917 -13.2104 4
      vertex 21.3783 -13.4022 4
    endloop
  endfacet
  facet normal 0.902084 0.43156 0
    outer loop
      vertex 21.2069 -13.0331 0
      vertex 21.2917 -13.2104 4
      vertex 21.2917 -13.2104 0
    endloop
  endfacet
  facet normal 0.902084 0.43156 -0
    outer loop
      vertex 21.2069 -13.0331 0
      vertex 21.2069 -13.0331 4
      vertex 21.2917 -13.2104 4
    endloop
  endfacet
  facet normal 0.891788 0.452453 0
    outer loop
      vertex 21.1248 -12.8713 0
      vertex 21.2069 -13.0331 4
      vertex 21.2069 -13.0331 0
    endloop
  endfacet
  facet normal 0.891788 0.452453 -0
    outer loop
      vertex 21.1248 -12.8713 0
      vertex 21.1248 -12.8713 4
      vertex 21.2069 -13.0331 4
    endloop
  endfacet
  facet normal 0.877845 0.478945 0
    outer loop
      vertex 21.0094 -12.6597 0
      vertex 21.1248 -12.8713 4
      vertex 21.1248 -12.8713 0
    endloop
  endfacet
  facet normal 0.877845 0.478945 -0
    outer loop
      vertex 21.0094 -12.6597 0
      vertex 21.0094 -12.6597 4
      vertex 21.1248 -12.8713 4
    endloop
  endfacet
  facet normal 0.868286 0.496063 0
    outer loop
      vertex 20.9556 -12.5656 0
      vertex 21.0094 -12.6597 4
      vertex 21.0094 -12.6597 0
    endloop
  endfacet
  facet normal 0.868286 0.496063 -0
    outer loop
      vertex 20.9556 -12.5656 0
      vertex 20.9556 -12.5656 4
      vertex 21.0094 -12.6597 4
    endloop
  endfacet
  facet normal 0.716956 0.697119 0
    outer loop
      vertex 20.7631 -12.3676 0
      vertex 20.9556 -12.5656 4
      vertex 20.9556 -12.5656 0
    endloop
  endfacet
  facet normal 0.716956 0.697119 -0
    outer loop
      vertex 20.7631 -12.3676 0
      vertex 20.7631 -12.3676 4
      vertex 20.9556 -12.5656 4
    endloop
  endfacet
  facet normal 0.999912 -0.0132362 0
    outer loop
      vertex 20.765 -12.2235 0
      vertex 20.7631 -12.3676 4
      vertex 20.7631 -12.3676 0
    endloop
  endfacet
  facet normal 0.999912 -0.0132362 0
    outer loop
      vertex 20.765 -12.2235 0
      vertex 20.765 -12.2235 4
      vertex 20.7631 -12.3676 4
    endloop
  endfacet
  facet normal 0.507085 0.861896 0
    outer loop
      vertex 20.7561 -12.2183 0
      vertex 20.765 -12.2235 4
      vertex 20.765 -12.2235 0
    endloop
  endfacet
  facet normal 0.507085 0.861896 -0
    outer loop
      vertex 20.7561 -12.2183 0
      vertex 20.7561 -12.2183 4
      vertex 20.765 -12.2235 4
    endloop
  endfacet
  facet normal 0.707625 -0.706588 0
    outer loop
      vertex 21.4525 -11.5209 0
      vertex 20.7561 -12.2183 4
      vertex 20.7561 -12.2183 0
    endloop
  endfacet
  facet normal 0.707625 -0.706588 0
    outer loop
      vertex 21.4525 -11.5209 0
      vertex 21.4525 -11.5209 4
      vertex 20.7561 -12.2183 4
    endloop
  endfacet
  facet normal -0.472707 -0.88122 0
    outer loop
      vertex 21.4548 -11.5221 0
      vertex 21.4525 -11.5209 4
      vertex 21.4525 -11.5209 0
    endloop
  endfacet
  facet normal -0.472707 -0.88122 0
    outer loop
      vertex 21.4548 -11.5221 0
      vertex 21.4548 -11.5221 4
      vertex 21.4525 -11.5209 4
    endloop
  endfacet
  facet normal 0.0309207 -0.999522 0
    outer loop
      vertex 21.5988 -11.5176 0
      vertex 21.4548 -11.5221 4
      vertex 21.4548 -11.5221 0
    endloop
  endfacet
  facet normal 0.0309207 -0.999522 0
    outer loop
      vertex 21.5988 -11.5176 0
      vertex 21.5988 -11.5176 4
      vertex 21.4548 -11.5221 4
    endloop
  endfacet
  facet normal -0.68568 -0.727903 0
    outer loop
      vertex 21.7856 -11.6936 0
      vertex 21.5988 -11.5176 4
      vertex 21.5988 -11.5176 0
    endloop
  endfacet
  facet normal -0.68568 -0.727903 0
    outer loop
      vertex 21.7856 -11.6936 0
      vertex 21.7856 -11.6936 4
      vertex 21.5988 -11.5176 4
    endloop
  endfacet
  facet normal -0.466847 -0.884338 0
    outer loop
      vertex 22.0316 -11.8235 0
      vertex 21.7856 -11.6936 4
      vertex 21.7856 -11.6936 0
    endloop
  endfacet
  facet normal -0.466847 -0.884338 0
    outer loop
      vertex 22.0316 -11.8235 0
      vertex 22.0316 -11.8235 4
      vertex 21.7856 -11.6936 4
    endloop
  endfacet
  facet normal -0.440978 -0.897518 0
    outer loop
      vertex 22.2772 -11.9441 0
      vertex 22.0316 -11.8235 4
      vertex 22.0316 -11.8235 0
    endloop
  endfacet
  facet normal -0.440978 -0.897518 0
    outer loop
      vertex 22.2772 -11.9441 0
      vertex 22.2772 -11.9441 4
      vertex 22.0316 -11.8235 4
    endloop
  endfacet
  facet normal -0.416067 -0.909334 0
    outer loop
      vertex 22.4562 -12.026 0
      vertex 22.2772 -11.9441 4
      vertex 22.2772 -11.9441 0
    endloop
  endfacet
  facet normal -0.416067 -0.909334 0
    outer loop
      vertex 22.4562 -12.026 0
      vertex 22.4562 -12.026 4
      vertex 22.2772 -11.9441 4
    endloop
  endfacet
  facet normal -0.395121 -0.918629 0
    outer loop
      vertex 22.649 -12.1089 0
      vertex 22.4562 -12.026 4
      vertex 22.4562 -12.026 0
    endloop
  endfacet
  facet normal -0.395121 -0.918629 0
    outer loop
      vertex 22.649 -12.1089 0
      vertex 22.649 -12.1089 4
      vertex 22.4562 -12.026 4
    endloop
  endfacet
  facet normal -0.373091 -0.927795 0
    outer loop
      vertex 22.8571 -12.1926 0
      vertex 22.649 -12.1089 4
      vertex 22.649 -12.1089 0
    endloop
  endfacet
  facet normal -0.373091 -0.927795 0
    outer loop
      vertex 22.8571 -12.1926 0
      vertex 22.8571 -12.1926 4
      vertex 22.649 -12.1089 4
    endloop
  endfacet
  facet normal -0.349416 -0.936968 0
    outer loop
      vertex 23.0819 -12.2765 0
      vertex 22.8571 -12.1926 4
      vertex 22.8571 -12.1926 0
    endloop
  endfacet
  facet normal -0.349416 -0.936968 0
    outer loop
      vertex 23.0819 -12.2765 0
      vertex 23.0819 -12.2765 4
      vertex 22.8571 -12.1926 4
    endloop
  endfacet
  facet normal -0.324373 -0.945929 0
    outer loop
      vertex 23.325 -12.3598 0
      vertex 23.0819 -12.2765 4
      vertex 23.0819 -12.2765 0
    endloop
  endfacet
  facet normal -0.324373 -0.945929 0
    outer loop
      vertex 23.325 -12.3598 0
      vertex 23.325 -12.3598 4
      vertex 23.0819 -12.2765 4
    endloop
  endfacet
  facet normal -0.298502 -0.954409 0
    outer loop
      vertex 23.5878 -12.442 0
      vertex 23.325 -12.3598 4
      vertex 23.325 -12.3598 0
    endloop
  endfacet
  facet normal -0.298502 -0.954409 0
    outer loop
      vertex 23.5878 -12.442 0
      vertex 23.5878 -12.442 4
      vertex 23.325 -12.3598 4
    endloop
  endfacet
  facet normal -0.278355 -0.960478 0
    outer loop
      vertex 23.6789 -12.4684 0
      vertex 23.5878 -12.442 4
      vertex 23.5878 -12.442 0
    endloop
  endfacet
  facet normal -0.278355 -0.960478 0
    outer loop
      vertex 23.6789 -12.4684 0
      vertex 23.6789 -12.4684 4
      vertex 23.5878 -12.442 4
    endloop
  endfacet
  facet normal 0.74995 -0.661494 0
    outer loop
      vertex 24.0611 -12.035 0
      vertex 23.6789 -12.4684 4
      vertex 23.6789 -12.4684 0
    endloop
  endfacet
  facet normal 0.74995 -0.661494 0
    outer loop
      vertex 24.0611 -12.035 0
      vertex 24.0611 -12.035 4
      vertex 23.6789 -12.4684 4
    endloop
  endfacet
  facet normal 0.911053 0.412289 0
    outer loop
      vertex 24.0139 -11.9305 0
      vertex 24.0611 -12.035 4
      vertex 24.0611 -12.035 0
    endloop
  endfacet
  facet normal 0.911053 0.412289 -0
    outer loop
      vertex 24.0139 -11.9305 0
      vertex 24.0139 -11.9305 4
      vertex 24.0611 -12.035 4
    endloop
  endfacet
  facet normal 0.901501 0.432778 0
    outer loop
      vertex 23.8996 -11.6925 0
      vertex 24.0139 -11.9305 4
      vertex 24.0139 -11.9305 0
    endloop
  endfacet
  facet normal 0.901501 0.432778 -0
    outer loop
      vertex 23.8996 -11.6925 0
      vertex 23.8996 -11.6925 4
      vertex 24.0139 -11.9305 4
    endloop
  endfacet
  facet normal 0.891271 0.453471 0
    outer loop
      vertex 23.7852 -11.4677 0
      vertex 23.8996 -11.6925 4
      vertex 23.8996 -11.6925 0
    endloop
  endfacet
  facet normal 0.891271 0.453471 -0
    outer loop
      vertex 23.7852 -11.4677 0
      vertex 23.7852 -11.4677 4
      vertex 23.8996 -11.6925 4
    endloop
  endfacet
  facet normal 0.880094 0.4748 0
    outer loop
      vertex 23.6717 -11.2573 0
      vertex 23.7852 -11.4677 4
      vertex 23.7852 -11.4677 0
    endloop
  endfacet
  facet normal 0.880094 0.4748 -0
    outer loop
      vertex 23.6717 -11.2573 0
      vertex 23.6717 -11.2573 4
      vertex 23.7852 -11.4677 4
    endloop
  endfacet
  facet normal 0.867749 0.497002 0
    outer loop
      vertex 23.5601 -11.0625 0
      vertex 23.6717 -11.2573 4
      vertex 23.6717 -11.2573 0
    endloop
  endfacet
  facet normal 0.867749 0.497002 -0
    outer loop
      vertex 23.5601 -11.0625 0
      vertex 23.5601 -11.0625 4
      vertex 23.6717 -11.2573 4
    endloop
  endfacet
  facet normal 0.854074 0.520151 0
    outer loop
      vertex 23.4516 -10.8842 0
      vertex 23.5601 -11.0625 4
      vertex 23.5601 -11.0625 0
    endloop
  endfacet
  facet normal 0.854074 0.520151 -0
    outer loop
      vertex 23.4516 -10.8842 0
      vertex 23.4516 -10.8842 4
      vertex 23.5601 -11.0625 4
    endloop
  endfacet
  facet normal 0.839474 0.5434 0
    outer loop
      vertex 23.3475 -10.7234 0
      vertex 23.4516 -10.8842 4
      vertex 23.4516 -10.8842 0
    endloop
  endfacet
  facet normal 0.839474 0.5434 -0
    outer loop
      vertex 23.3475 -10.7234 0
      vertex 23.3475 -10.7234 4
      vertex 23.4516 -10.8842 4
    endloop
  endfacet
  facet normal 0.823571 0.567214 0
    outer loop
      vertex 23.2493 -10.5809 0
      vertex 23.3475 -10.7234 4
      vertex 23.3475 -10.7234 0
    endloop
  endfacet
  facet normal 0.823571 0.567214 -0
    outer loop
      vertex 23.2493 -10.5809 0
      vertex 23.2493 -10.5809 4
      vertex 23.3475 -10.7234 4
    endloop
  endfacet
  facet normal 0.806361 0.591424 0
    outer loop
      vertex 23.1587 -10.4574 0
      vertex 23.2493 -10.5809 4
      vertex 23.2493 -10.5809 0
    endloop
  endfacet
  facet normal 0.806361 0.591424 -0
    outer loop
      vertex 23.1587 -10.4574 0
      vertex 23.1587 -10.4574 4
      vertex 23.2493 -10.5809 4
    endloop
  endfacet
  facet normal 0.789069 0.614304 0
    outer loop
      vertex 23.0499 -10.3176 0
      vertex 23.1587 -10.4574 4
      vertex 23.1587 -10.4574 0
    endloop
  endfacet
  facet normal 0.789069 0.614304 -0
    outer loop
      vertex 23.0499 -10.3176 0
      vertex 23.0499 -10.3176 4
      vertex 23.1587 -10.4574 4
    endloop
  endfacet
  facet normal 0.627331 0.778753 0
    outer loop
      vertex 22.8116 -10.1257 0
      vertex 23.0499 -10.3176 4
      vertex 23.0499 -10.3176 0
    endloop
  endfacet
  facet normal 0.627331 0.778753 -0
    outer loop
      vertex 22.8116 -10.1257 0
      vertex 22.8116 -10.1257 4
      vertex 23.0499 -10.3176 4
    endloop
  endfacet
  facet normal 0.994138 0.108118 0
    outer loop
      vertex 22.7961 -9.98242 0
      vertex 22.8116 -10.1257 4
      vertex 22.8116 -10.1257 0
    endloop
  endfacet
  facet normal 0.994138 0.108118 -0
    outer loop
      vertex 22.7961 -9.98242 0
      vertex 22.7961 -9.98242 4
      vertex 22.8116 -10.1257 4
    endloop
  endfacet
  facet normal 0.401682 0.915779 0
    outer loop
      vertex 22.7859 -9.97795 0
      vertex 22.7961 -9.98242 4
      vertex 22.7961 -9.98242 0
    endloop
  endfacet
  facet normal 0.401682 0.915779 -0
    outer loop
      vertex 22.7859 -9.97795 0
      vertex 22.7859 -9.97795 4
      vertex 22.7961 -9.98242 4
    endloop
  endfacet
  facet normal 0.794686 -0.60702 0
    outer loop
      vertex 23.3977 -9.17693 0
      vertex 22.7859 -9.97795 4
      vertex 22.7859 -9.97795 0
    endloop
  endfacet
  facet normal 0.794686 -0.60702 0
    outer loop
      vertex 23.3977 -9.17693 0
      vertex 23.3977 -9.17693 4
      vertex 22.7859 -9.97795 4
    endloop
  endfacet
  facet normal -0.365055 -0.930986 0
    outer loop
      vertex 23.4051 -9.17981 0
      vertex 23.3977 -9.17693 4
      vertex 23.3977 -9.17693 0
    endloop
  endfacet
  facet normal -0.365055 -0.930986 0
    outer loop
      vertex 23.4051 -9.17981 0
      vertex 23.4051 -9.17981 4
      vertex 23.3977 -9.17693 4
    endloop
  endfacet
  facet normal 0.164554 -0.986368 0
    outer loop
      vertex 23.5472 -9.1561 0
      vertex 23.4051 -9.17981 4
      vertex 23.4051 -9.17981 0
    endloop
  endfacet
  facet normal 0.164554 -0.986368 0
    outer loop
      vertex 23.5472 -9.1561 0
      vertex 23.5472 -9.1561 4
      vertex 23.4051 -9.17981 4
    endloop
  endfacet
  facet normal -0.582117 -0.813105 0
    outer loop
      vertex 23.7795 -9.32237 0
      vertex 23.5472 -9.1561 4
      vertex 23.5472 -9.1561 0
    endloop
  endfacet
  facet normal -0.582117 -0.813105 0
    outer loop
      vertex 23.7795 -9.32237 0
      vertex 23.7795 -9.32237 4
      vertex 23.5472 -9.1561 4
    endloop
  endfacet
  facet normal -0.365 -0.931007 0
    outer loop
      vertex 24.0263 -9.41913 0
      vertex 23.7795 -9.32237 4
      vertex 23.7795 -9.32237 0
    endloop
  endfacet
  facet normal -0.365 -0.931007 0
    outer loop
      vertex 24.0263 -9.41913 0
      vertex 24.0263 -9.41913 4
      vertex 23.7795 -9.32237 4
    endloop
  endfacet
  facet normal -0.335636 -0.941992 0
    outer loop
      vertex 24.1861 -9.47609 0
      vertex 24.0263 -9.41913 4
      vertex 24.0263 -9.41913 0
    endloop
  endfacet
  facet normal -0.335636 -0.941992 0
    outer loop
      vertex 24.1861 -9.47609 0
      vertex 24.1861 -9.47609 4
      vertex 24.0263 -9.41913 4
    endloop
  endfacet
  facet normal -0.310454 -0.950588 0
    outer loop
      vertex 24.3611 -9.53325 0
      vertex 24.1861 -9.47609 4
      vertex 24.1861 -9.47609 0
    endloop
  endfacet
  facet normal -0.310454 -0.950588 0
    outer loop
      vertex 24.3611 -9.53325 0
      vertex 24.3611 -9.53325 4
      vertex 24.1861 -9.47609 4
    endloop
  endfacet
  facet normal -0.283675 -0.958921 0
    outer loop
      vertex 24.5528 -9.58994 0
      vertex 24.3611 -9.53325 4
      vertex 24.3611 -9.53325 0
    endloop
  endfacet
  facet normal -0.283675 -0.958921 0
    outer loop
      vertex 24.5528 -9.58994 0
      vertex 24.5528 -9.58994 4
      vertex 24.3611 -9.53325 4
    endloop
  endfacet
  facet normal -0.255359 -0.966846 0
    outer loop
      vertex 24.7625 -9.64532 0
      vertex 24.5528 -9.58994 4
      vertex 24.5528 -9.58994 0
    endloop
  endfacet
  facet normal -0.255359 -0.966846 0
    outer loop
      vertex 24.7625 -9.64532 0
      vertex 24.7625 -9.64532 4
      vertex 24.5528 -9.58994 4
    endloop
  endfacet
  facet normal -0.22584 -0.974164 0
    outer loop
      vertex 24.9917 -9.69847 0
      vertex 24.7625 -9.64532 4
      vertex 24.7625 -9.64532 0
    endloop
  endfacet
  facet normal -0.22584 -0.974164 0
    outer loop
      vertex 24.9917 -9.69847 0
      vertex 24.9917 -9.69847 4
      vertex 24.7625 -9.64532 4
    endloop
  endfacet
  facet normal -0.20313 -0.979152 0
    outer loop
      vertex 25.1141 -9.72386 0
      vertex 24.9917 -9.69847 4
      vertex 24.9917 -9.69847 0
    endloop
  endfacet
  facet normal -0.20313 -0.979152 0
    outer loop
      vertex 25.1141 -9.72386 0
      vertex 25.1141 -9.72386 4
      vertex 24.9917 -9.69847 4
    endloop
  endfacet
  facet normal -0.187312 -0.982301 0
    outer loop
      vertex 25.2419 -9.74823 0
      vertex 25.1141 -9.72386 4
      vertex 25.1141 -9.72386 0
    endloop
  endfacet
  facet normal -0.187312 -0.982301 0
    outer loop
      vertex 25.2419 -9.74823 0
      vertex 25.2419 -9.74823 4
      vertex 25.1141 -9.72386 4
    endloop
  endfacet
  facet normal -0.171598 -0.985167 0
    outer loop
      vertex 25.3752 -9.77145 0
      vertex 25.2419 -9.74823 4
      vertex 25.2419 -9.74823 0
    endloop
  endfacet
  facet normal -0.171598 -0.985167 0
    outer loop
      vertex 25.3752 -9.77145 0
      vertex 25.3752 -9.77145 4
      vertex 25.2419 -9.74823 4
    endloop
  endfacet
  facet normal -0.155128 -0.987894 0
    outer loop
      vertex 25.5143 -9.79329 0
      vertex 25.3752 -9.77145 4
      vertex 25.3752 -9.77145 0
    endloop
  endfacet
  facet normal -0.155128 -0.987894 0
    outer loop
      vertex 25.5143 -9.79329 0
      vertex 25.5143 -9.79329 4
      vertex 25.3752 -9.77145 4
    endloop
  endfacet
  facet normal -0.133009 -0.991115 0
    outer loop
      vertex 25.7286 -9.82205 0
      vertex 25.5143 -9.79329 4
      vertex 25.5143 -9.79329 0
    endloop
  endfacet
  facet normal -0.133009 -0.991115 0
    outer loop
      vertex 25.7286 -9.82205 0
      vertex 25.7286 -9.82205 4
      vertex 25.5143 -9.79329 4
    endloop
  endfacet
  facet normal 0.84048 -0.541842 0
    outer loop
      vertex 26.0359 -9.34546 0
      vertex 25.7286 -9.82205 4
      vertex 25.7286 -9.82205 0
    endloop
  endfacet
  facet normal 0.84048 -0.541842 0
    outer loop
      vertex 26.0359 -9.34546 0
      vertex 26.0359 -9.34546 4
      vertex 25.7286 -9.82205 4
    endloop
  endfacet
  facet normal 0.853433 0.521202 0
    outer loop
      vertex 25.9917 -9.2731 0
      vertex 26.0359 -9.34546 4
      vertex 26.0359 -9.34546 0
    endloop
  endfacet
  facet normal 0.853433 0.521202 -0
    outer loop
      vertex 25.9917 -9.2731 0
      vertex 25.9917 -9.2731 4
      vertex 26.0359 -9.34546 4
    endloop
  endfacet
  facet normal 0.838704 0.544588 0
    outer loop
      vertex 25.8415 -9.04175 0
      vertex 25.9917 -9.2731 4
      vertex 25.9917 -9.2731 0
    endloop
  endfacet
  facet normal 0.838704 0.544588 -0
    outer loop
      vertex 25.8415 -9.04175 0
      vertex 25.8415 -9.04175 4
      vertex 25.9917 -9.2731 4
    endloop
  endfacet
  facet normal 0.822704 0.56847 0
    outer loop
      vertex 25.6933 -8.8273 0
      vertex 25.8415 -9.04175 4
      vertex 25.8415 -9.04175 0
    endloop
  endfacet
  facet normal 0.822704 0.56847 -0
    outer loop
      vertex 25.6933 -8.8273 0
      vertex 25.6933 -8.8273 4
      vertex 25.8415 -9.04175 4
    endloop
  endfacet
  facet normal 0.805205 0.592996 0
    outer loop
      vertex 25.5485 -8.63074 0
      vertex 25.6933 -8.8273 4
      vertex 25.6933 -8.8273 0
    endloop
  endfacet
  facet normal 0.805205 0.592996 -0
    outer loop
      vertex 25.5485 -8.63074 0
      vertex 25.5485 -8.63074 4
      vertex 25.6933 -8.8273 4
    endloop
  endfacet
  facet normal 0.786346 0.617786 0
    outer loop
      vertex 25.4088 -8.45285 0
      vertex 25.5485 -8.63074 4
      vertex 25.5485 -8.63074 0
    endloop
  endfacet
  facet normal 0.786346 0.617786 -0
    outer loop
      vertex 25.4088 -8.45285 0
      vertex 25.4088 -8.45285 4
      vertex 25.5485 -8.63074 4
    endloop
  endfacet
  facet normal 0.766133 0.642682 0
    outer loop
      vertex 25.2757 -8.29424 0
      vertex 25.4088 -8.45285 4
      vertex 25.4088 -8.45285 0
    endloop
  endfacet
  facet normal 0.766133 0.642682 -0
    outer loop
      vertex 25.2757 -8.29424 0
      vertex 25.2757 -8.29424 4
      vertex 25.4088 -8.45285 4
    endloop
  endfacet
  facet normal 0.744387 0.667748 0
    outer loop
      vertex 25.1511 -8.15536 0
      vertex 25.2757 -8.29424 4
      vertex 25.2757 -8.29424 0
    endloop
  endfacet
  facet normal 0.744387 0.667748 -0
    outer loop
      vertex 25.1511 -8.15536 0
      vertex 25.1511 -8.15536 4
      vertex 25.2757 -8.29424 4
    endloop
  endfacet
  facet normal 0.721039 0.692894 0
    outer loop
      vertex 25.0369 -8.03653 0
      vertex 25.1511 -8.15536 4
      vertex 25.1511 -8.15536 0
    endloop
  endfacet
  facet normal 0.721039 0.692894 -0
    outer loop
      vertex 25.0369 -8.03653 0
      vertex 25.0369 -8.03653 4
      vertex 25.1511 -8.15536 4
    endloop
  endfacet
  facet normal 0.696053 0.71799 0
    outer loop
      vertex 24.9351 -7.93776 0
      vertex 25.0369 -8.03653 4
      vertex 25.0369 -8.03653 0
    endloop
  endfacet
  facet normal 0.696053 0.71799 -0
    outer loop
      vertex 24.9351 -7.93776 0
      vertex 24.9351 -7.93776 4
      vertex 25.0369 -8.03653 4
    endloop
  endfacet
  facet normal 0.671612 0.740903 0
    outer loop
      vertex 24.8088 -7.82329 0
      vertex 24.9351 -7.93776 4
      vertex 24.9351 -7.93776 0
    endloop
  endfacet
  facet normal 0.671612 0.740903 -0
    outer loop
      vertex 24.8088 -7.82329 0
      vertex 24.8088 -7.82329 4
      vertex 24.9351 -7.93776 4
    endloop
  endfacet
  facet normal 0.504095 0.863648 0
    outer loop
      vertex 24.5195 -7.65443 0
      vertex 24.8088 -7.82329 4
      vertex 24.8088 -7.82329 0
    endloop
  endfacet
  facet normal 0.504095 0.863648 -0
    outer loop
      vertex 24.5195 -7.65443 0
      vertex 24.5195 -7.65443 4
      vertex 24.8088 -7.82329 4
    endloop
  endfacet
  facet normal 0.966882 0.255223 0
    outer loop
      vertex 24.4827 -7.51512 0
      vertex 24.5195 -7.65443 4
      vertex 24.5195 -7.65443 0
    endloop
  endfacet
  facet normal 0.966882 0.255223 -0
    outer loop
      vertex 24.4827 -7.51512 0
      vertex 24.4827 -7.51512 4
      vertex 24.5195 -7.65443 4
    endloop
  endfacet
  facet normal 0.293274 0.956028 0
    outer loop
      vertex 24.4764 -7.51318 0
      vertex 24.4827 -7.51512 4
      vertex 24.4827 -7.51512 0
    endloop
  endfacet
  facet normal 0.293274 0.956028 -0
    outer loop
      vertex 24.4764 -7.51318 0
      vertex 24.4764 -7.51318 4
      vertex 24.4827 -7.51512 4
    endloop
  endfacet
  facet normal 0.885062 -0.465473 0
    outer loop
      vertex 24.9542 -6.6046 0
      vertex 24.4764 -7.51318 4
      vertex 24.4764 -7.51318 0
    endloop
  endfacet
  facet normal 0.885062 -0.465473 0
    outer loop
      vertex 24.9542 -6.6046 0
      vertex 24.9542 -6.6046 4
      vertex 24.4764 -7.51318 4
    endloop
  endfacet
  facet normal -0.255893 -0.966705 0
    outer loop
      vertex 24.9693 -6.60858 0
      vertex 24.9542 -6.6046 4
      vertex 24.9542 -6.6046 0
    endloop
  endfacet
  facet normal -0.255893 -0.966705 0
    outer loop
      vertex 24.9693 -6.60858 0
      vertex 24.9693 -6.60858 4
      vertex 24.9542 -6.6046 4
    endloop
  endfacet
  facet normal 0.32267 -0.946512 0
    outer loop
      vertex 25.1057 -6.56209 0
      vertex 24.9693 -6.60858 4
      vertex 24.9693 -6.60858 0
    endloop
  endfacet
  facet normal 0.32267 -0.946512 0
    outer loop
      vertex 25.1057 -6.56209 0
      vertex 25.1057 -6.56209 4
      vertex 24.9693 -6.60858 4
    endloop
  endfacet
  facet normal -0.442179 -0.896927 0
    outer loop
      vertex 25.3888 -6.70166 0
      vertex 25.1057 -6.56209 4
      vertex 25.1057 -6.56209 0
    endloop
  endfacet
  facet normal -0.442179 -0.896927 0
    outer loop
      vertex 25.3888 -6.70166 0
      vertex 25.3888 -6.70166 4
      vertex 25.1057 -6.56209 4
    endloop
  endfacet
  facet normal -0.236642 -0.971597 0
    outer loop
      vertex 25.5618 -6.74379 0
      vertex 25.3888 -6.70166 4
      vertex 25.3888 -6.70166 0
    endloop
  endfacet
  facet normal -0.236642 -0.971597 0
    outer loop
      vertex 25.5618 -6.74379 0
      vertex 25.5618 -6.74379 4
      vertex 25.3888 -6.70166 4
    endloop
  endfacet
  facet normal -0.208929 -0.977931 0
    outer loop
      vertex 25.7096 -6.77538 0
      vertex 25.5618 -6.74379 4
      vertex 25.5618 -6.74379 0
    endloop
  endfacet
  facet normal -0.208929 -0.977931 0
    outer loop
      vertex 25.7096 -6.77538 0
      vertex 25.7096 -6.77538 4
      vertex 25.5618 -6.74379 4
    endloop
  endfacet
  facet normal -0.177864 -0.984055 0
    outer loop
      vertex 25.8752 -6.80531 0
      vertex 25.7096 -6.77538 4
      vertex 25.7096 -6.77538 0
    endloop
  endfacet
  facet normal -0.177864 -0.984055 0
    outer loop
      vertex 25.8752 -6.80531 0
      vertex 25.8752 -6.80531 4
      vertex 25.7096 -6.77538 4
    endloop
  endfacet
  facet normal -0.144932 -0.989442 0
    outer loop
      vertex 26.06 -6.83238 0
      vertex 25.8752 -6.80531 4
      vertex 25.8752 -6.80531 0
    endloop
  endfacet
  facet normal -0.144932 -0.989442 0
    outer loop
      vertex 26.06 -6.83238 0
      vertex 26.06 -6.83238 4
      vertex 25.8752 -6.80531 4
    endloop
  endfacet
  facet normal -0.110959 -0.993825 0
    outer loop
      vertex 26.2653 -6.8553 0
      vertex 26.06 -6.83238 4
      vertex 26.06 -6.83238 0
    endloop
  endfacet
  facet normal -0.110959 -0.993825 0
    outer loop
      vertex 26.2653 -6.8553 0
      vertex 26.2653 -6.8553 4
      vertex 26.06 -6.83238 4
    endloop
  endfacet
  facet normal -0.0850232 -0.996379 0
    outer loop
      vertex 26.376 -6.86475 0
      vertex 26.2653 -6.8553 4
      vertex 26.2653 -6.8553 0
    endloop
  endfacet
  facet normal -0.0850232 -0.996379 0
    outer loop
      vertex 26.376 -6.86475 0
      vertex 26.376 -6.86475 4
      vertex 26.2653 -6.8553 4
    endloop
  endfacet
  facet normal -0.0670667 -0.997748 0
    outer loop
      vertex 26.4922 -6.87256 0
      vertex 26.376 -6.86475 4
      vertex 26.376 -6.86475 0
    endloop
  endfacet
  facet normal -0.0670667 -0.997748 0
    outer loop
      vertex 26.4922 -6.87256 0
      vertex 26.4922 -6.87256 4
      vertex 26.376 -6.86475 4
    endloop
  endfacet
  facet normal -0.0490146 -0.998798 0
    outer loop
      vertex 26.6141 -6.87854 0
      vertex 26.4922 -6.87256 4
      vertex 26.4922 -6.87256 0
    endloop
  endfacet
  facet normal -0.0490146 -0.998798 0
    outer loop
      vertex 26.6141 -6.87854 0
      vertex 26.6141 -6.87854 4
      vertex 26.4922 -6.87256 4
    endloop
  endfacet
  facet normal -0.0307014 -0.999529 0
    outer loop
      vertex 26.7418 -6.88246 0
      vertex 26.6141 -6.87854 4
      vertex 26.6141 -6.87854 0
    endloop
  endfacet
  facet normal -0.0307014 -0.999529 0
    outer loop
      vertex 26.7418 -6.88246 0
      vertex 26.7418 -6.88246 4
      vertex 26.6141 -6.87854 4
    endloop
  endfacet
  facet normal -0.012112 -0.999927 0
    outer loop
      vertex 26.8753 -6.88408 0
      vertex 26.7418 -6.88246 4
      vertex 26.7418 -6.88246 0
    endloop
  endfacet
  facet normal -0.012112 -0.999927 0
    outer loop
      vertex 26.8753 -6.88408 0
      vertex 26.8753 -6.88408 4
      vertex 26.7418 -6.88246 4
    endloop
  endfacet
  facet normal 0.00678247 -0.999977 0
    outer loop
      vertex 27.0148 -6.88313 0
      vertex 26.8753 -6.88408 4
      vertex 26.8753 -6.88408 0
    endloop
  endfacet
  facet normal 0.00678247 -0.999977 0
    outer loop
      vertex 27.0148 -6.88313 0
      vertex 27.0148 -6.88313 4
      vertex 26.8753 -6.88408 4
    endloop
  endfacet
  facet normal 0.0257884 -0.999667 0
    outer loop
      vertex 27.1603 -6.87938 0
      vertex 27.0148 -6.88313 4
      vertex 27.0148 -6.88313 0
    endloop
  endfacet
  facet normal 0.0257884 -0.999667 0
    outer loop
      vertex 27.1603 -6.87938 0
      vertex 27.1603 -6.87938 4
      vertex 27.0148 -6.88313 4
    endloop
  endfacet
  facet normal 0.0501233 -0.998743 0
    outer loop
      vertex 27.3649 -6.86911 0
      vertex 27.1603 -6.87938 4
      vertex 27.1603 -6.87938 0
    endloop
  endfacet
  facet normal 0.0501233 -0.998743 0
    outer loop
      vertex 27.3649 -6.86911 0
      vertex 27.3649 -6.86911 4
      vertex 27.1603 -6.87938 4
    endloop
  endfacet
  facet normal 0.92601 -0.3775 0
    outer loop
      vertex 27.5747 -6.3546 0
      vertex 27.3649 -6.86911 4
      vertex 27.3649 -6.86911 0
    endloop
  endfacet
  facet normal 0.92601 -0.3775 0
    outer loop
      vertex 27.5747 -6.3546 0
      vertex 27.5747 -6.3546 4
      vertex 27.3649 -6.86911 4
    endloop
  endfacet
  facet normal 0.751782 0.659412 0
    outer loop
      vertex 27.4412 -6.20247 0
      vertex 27.5747 -6.3546 4
      vertex 27.5747 -6.3546 0
    endloop
  endfacet
  facet normal 0.751782 0.659412 -0
    outer loop
      vertex 27.4412 -6.20247 0
      vertex 27.4412 -6.20247 4
      vertex 27.5747 -6.3546 4
    endloop
  endfacet
  facet normal 0.737373 0.675485 0
    outer loop
      vertex 27.3456 -6.09811 0
      vertex 27.4412 -6.20247 4
      vertex 27.4412 -6.20247 0
    endloop
  endfacet
  facet normal 0.737373 0.675485 -0
    outer loop
      vertex 27.3456 -6.09811 0
      vertex 27.3456 -6.09811 4
      vertex 27.4412 -6.20247 4
    endloop
  endfacet
  facet normal 0.725645 0.688069 0
    outer loop
      vertex 27.2515 -5.99881 0
      vertex 27.3456 -6.09811 4
      vertex 27.3456 -6.09811 0
    endloop
  endfacet
  facet normal 0.725645 0.688069 -0
    outer loop
      vertex 27.2515 -5.99881 0
      vertex 27.2515 -5.99881 4
      vertex 27.3456 -6.09811 4
    endloop
  endfacet
  facet normal 0.713491 0.700664 0
    outer loop
      vertex 27.159 -5.9046 0
      vertex 27.2515 -5.99881 4
      vertex 27.2515 -5.99881 0
    endloop
  endfacet
  facet normal 0.713491 0.700664 -0
    outer loop
      vertex 27.159 -5.9046 0
      vertex 27.159 -5.9046 4
      vertex 27.2515 -5.99881 4
    endloop
  endfacet
  facet normal 0.700955 0.713206 0
    outer loop
      vertex 27.0683 -5.81555 0
      vertex 27.159 -5.9046 4
      vertex 27.159 -5.9046 0
    endloop
  endfacet
  facet normal 0.700955 0.713206 -0
    outer loop
      vertex 27.0683 -5.81555 0
      vertex 27.0683 -5.81555 4
      vertex 27.159 -5.9046 4
    endloop
  endfacet
  facet normal 0.68789 0.725815 0
    outer loop
      vertex 26.9799 -5.73169 0
      vertex 27.0683 -5.81555 4
      vertex 27.0683 -5.81555 0
    endloop
  endfacet
  facet normal 0.68789 0.725815 -0
    outer loop
      vertex 26.9799 -5.73169 0
      vertex 26.9799 -5.73169 4
      vertex 27.0683 -5.81555 4
    endloop
  endfacet
  facet normal 0.674735 0.73806 0
    outer loop
      vertex 26.8938 -5.653 0
      vertex 26.9799 -5.73169 4
      vertex 26.9799 -5.73169 0
    endloop
  endfacet
  facet normal 0.674735 0.73806 -0
    outer loop
      vertex 26.8938 -5.653 0
      vertex 26.8938 -5.653 4
      vertex 26.9799 -5.73169 4
    endloop
  endfacet
  facet normal 0.660882 0.75049 0
    outer loop
      vertex 26.8103 -5.57951 0
      vertex 26.8938 -5.653 4
      vertex 26.8938 -5.653 0
    endloop
  endfacet
  facet normal 0.660882 0.75049 -0
    outer loop
      vertex 26.8103 -5.57951 0
      vertex 26.8103 -5.57951 4
      vertex 26.8938 -5.653 4
    endloop
  endfacet
  facet normal 0.639724 0.768605 0
    outer loop
      vertex 26.6524 -5.44803 0
      vertex 26.8103 -5.57951 4
      vertex 26.8103 -5.57951 0
    endloop
  endfacet
  facet normal 0.639724 0.768605 -0
    outer loop
      vertex 26.6524 -5.44803 0
      vertex 26.6524 -5.44803 4
      vertex 26.8103 -5.57951 4
    endloop
  endfacet
  facet normal 0.609974 0.792422 0
    outer loop
      vertex 26.5079 -5.33687 0
      vertex 26.6524 -5.44803 4
      vertex 26.6524 -5.44803 0
    endloop
  endfacet
  facet normal 0.609974 0.792422 -0
    outer loop
      vertex 26.5079 -5.33687 0
      vertex 26.5079 -5.33687 4
      vertex 26.6524 -5.44803 4
    endloop
  endfacet
  facet normal 0.578641 0.815582 0
    outer loop
      vertex 26.3791 -5.24542 0
      vertex 26.5079 -5.33687 4
      vertex 26.5079 -5.33687 0
    endloop
  endfacet
  facet normal 0.578641 0.815582 -0
    outer loop
      vertex 26.3791 -5.24542 0
      vertex 26.3791 -5.24542 4
      vertex 26.5079 -5.33687 4
    endloop
  endfacet
  facet normal 0.545754 0.837946 0
    outer loop
      vertex 26.2675 -5.17278 0
      vertex 26.3791 -5.24542 4
      vertex 26.3791 -5.24542 0
    endloop
  endfacet
  facet normal 0.545754 0.837946 -0
    outer loop
      vertex 26.2675 -5.17278 0
      vertex 26.2675 -5.17278 4
      vertex 26.3791 -5.24542 4
    endloop
  endfacet
  facet normal 0.51394 0.857826 0
    outer loop
      vertex 26.1256 -5.08774 0
      vertex 26.2675 -5.17278 4
      vertex 26.2675 -5.17278 0
    endloop
  endfacet
  facet normal 0.51394 0.857826 -0
    outer loop
      vertex 26.1256 -5.08774 0
      vertex 26.1256 -5.08774 4
      vertex 26.2675 -5.17278 4
    endloop
  endfacet
  facet normal 0.343725 0.93907 0
    outer loop
      vertex 25.7891 -4.96457 0
      vertex 26.1256 -5.08774 4
      vertex 26.1256 -5.08774 0
    endloop
  endfacet
  facet normal 0.343725 0.93907 -0
    outer loop
      vertex 25.7891 -4.96457 0
      vertex 25.7891 -4.96457 4
      vertex 26.1256 -5.08774 4
    endloop
  endfacet
  facet normal 0.906753 0.421662 0
    outer loop
      vertex 25.7283 -4.83391 0
      vertex 25.7891 -4.96457 4
      vertex 25.7891 -4.96457 0
    endloop
  endfacet
  facet normal 0.906753 0.421662 -0
    outer loop
      vertex 25.7283 -4.83391 0
      vertex 25.7283 -4.83391 4
      vertex 25.7891 -4.96457 4
    endloop
  endfacet
  facet normal 0.18522 0.982697 0
    outer loop
      vertex 25.7225 -4.83281 0
      vertex 25.7283 -4.83391 4
      vertex 25.7283 -4.83391 0
    endloop
  endfacet
  facet normal 0.18522 0.982697 -0
    outer loop
      vertex 25.7225 -4.83281 0
      vertex 25.7225 -4.83281 4
      vertex 25.7283 -4.83391 4
    endloop
  endfacet
  facet normal 0.925988 -0.377554 0
    outer loop
      vertex 25.7666 -4.72466 0
      vertex 25.7225 -4.83281 4
      vertex 25.7225 -4.83281 0
    endloop
  endfacet
  facet normal 0.925988 -0.377554 0
    outer loop
      vertex 25.7666 -4.72466 0
      vertex 25.7666 -4.72466 4
      vertex 25.7225 -4.83281 4
    endloop
  endfacet
  facet normal 0.960326 -0.27888 0
    outer loop
      vertex 26.025 -3.83493 0
      vertex 25.7666 -4.72466 4
      vertex 25.7666 -4.72466 0
    endloop
  endfacet
  facet normal 0.960326 -0.27888 0
    outer loop
      vertex 26.025 -3.83493 0
      vertex 26.025 -3.83493 4
      vertex 25.7666 -4.72466 4
    endloop
  endfacet
  facet normal -0.145938 -0.989294 0
    outer loop
      vertex 26.0465 -3.8381 0
      vertex 26.025 -3.83493 4
      vertex 26.025 -3.83493 0
    endloop
  endfacet
  facet normal -0.145938 -0.989294 0
    outer loop
      vertex 26.0465 -3.8381 0
      vertex 26.0465 -3.8381 4
      vertex 26.025 -3.83493 4
    endloop
  endfacet
  facet normal 0.494975 -0.868907 0
    outer loop
      vertex 26.1717 -3.76678 0
      vertex 26.0465 -3.8381 4
      vertex 26.0465 -3.8381 0
    endloop
  endfacet
  facet normal 0.494975 -0.868907 0
    outer loop
      vertex 26.1717 -3.76678 0
      vertex 26.1717 -3.76678 4
      vertex 26.0465 -3.8381 4
    endloop
  endfacet
  facet normal -0.265123 -0.964214 0
    outer loop
      vertex 26.503 -3.85788 0
      vertex 26.1717 -3.76678 4
      vertex 26.1717 -3.76678 0
    endloop
  endfacet
  facet normal -0.265123 -0.964214 0
    outer loop
      vertex 26.503 -3.85788 0
      vertex 26.503 -3.85788 4
      vertex 26.1717 -3.76678 4
    endloop
  endfacet
  facet normal -0.071038 -0.997474 0
    outer loop
      vertex 26.6737 -3.87004 0
      vertex 26.503 -3.85788 4
      vertex 26.503 -3.85788 0
    endloop
  endfacet
  facet normal -0.071038 -0.997474 0
    outer loop
      vertex 26.6737 -3.87004 0
      vertex 26.6737 -3.87004 4
      vertex 26.503 -3.85788 4
    endloop
  endfacet
  facet normal -0.0377808 -0.999286 0
    outer loop
      vertex 26.8138 -3.87534 0
      vertex 26.6737 -3.87004 4
      vertex 26.6737 -3.87004 0
    endloop
  endfacet
  facet normal -0.0377808 -0.999286 0
    outer loop
      vertex 26.8138 -3.87534 0
      vertex 26.8138 -3.87534 4
      vertex 26.6737 -3.87004 4
    endloop
  endfacet
  facet normal -0.000474699 -1 0
    outer loop
      vertex 26.9745 -3.87541 0
      vertex 26.8138 -3.87534 4
      vertex 26.8138 -3.87534 0
    endloop
  endfacet
  facet normal -0.000474699 -1 0
    outer loop
      vertex 26.9745 -3.87541 0
      vertex 26.9745 -3.87541 4
      vertex 26.8138 -3.87534 4
    endloop
  endfacet
  facet normal 0.0376428 -0.999291 0
    outer loop
      vertex 27.1568 -3.86855 0
      vertex 26.9745 -3.87541 4
      vertex 26.9745 -3.87541 0
    endloop
  endfacet
  facet normal 0.0376428 -0.999291 0
    outer loop
      vertex 27.1568 -3.86855 0
      vertex 27.1568 -3.86855 4
      vertex 26.9745 -3.87541 4
    endloop
  endfacet
  facet normal 0.0664377 -0.997791 0
    outer loop
      vertex 27.2562 -3.86192 0
      vertex 27.1568 -3.86855 4
      vertex 27.1568 -3.86855 0
    endloop
  endfacet
  facet normal 0.0664377 -0.997791 0
    outer loop
      vertex 27.2562 -3.86192 0
      vertex 27.2562 -3.86192 4
      vertex 27.1568 -3.86855 4
    endloop
  endfacet
  facet normal 0.0860616 -0.99629 0
    outer loop
      vertex 27.3613 -3.85284 0
      vertex 27.2562 -3.86192 4
      vertex 27.2562 -3.86192 0
    endloop
  endfacet
  facet normal 0.0860616 -0.99629 0
    outer loop
      vertex 27.3613 -3.85284 0
      vertex 27.3613 -3.85284 4
      vertex 27.2562 -3.86192 4
    endloop
  endfacet
  facet normal 0.105875 -0.994379 0
    outer loop
      vertex 27.4721 -3.84105 0
      vertex 27.3613 -3.85284 4
      vertex 27.3613 -3.85284 0
    endloop
  endfacet
  facet normal 0.105875 -0.994379 0
    outer loop
      vertex 27.4721 -3.84105 0
      vertex 27.4721 -3.84105 4
      vertex 27.3613 -3.85284 4
    endloop
  endfacet
  facet normal 0.125666 -0.992073 0
    outer loop
      vertex 27.5886 -3.82629 0
      vertex 27.4721 -3.84105 4
      vertex 27.4721 -3.84105 0
    endloop
  endfacet
  facet normal 0.125666 -0.992073 0
    outer loop
      vertex 27.5886 -3.82629 0
      vertex 27.5886 -3.82629 4
      vertex 27.4721 -3.84105 4
    endloop
  endfacet
  facet normal 0.145761 -0.98932 0
    outer loop
      vertex 27.7108 -3.80829 0
      vertex 27.5886 -3.82629 4
      vertex 27.5886 -3.82629 0
    endloop
  endfacet
  facet normal 0.145761 -0.98932 0
    outer loop
      vertex 27.7108 -3.80829 0
      vertex 27.7108 -3.80829 4
      vertex 27.5886 -3.82629 4
    endloop
  endfacet
  facet normal 0.165753 -0.986167 0
    outer loop
      vertex 27.8387 -3.78679 0
      vertex 27.7108 -3.80829 4
      vertex 27.7108 -3.80829 0
    endloop
  endfacet
  facet normal 0.165753 -0.986167 0
    outer loop
      vertex 27.8387 -3.78679 0
      vertex 27.8387 -3.78679 4
      vertex 27.7108 -3.80829 4
    endloop
  endfacet
  facet normal 0.185895 -0.98257 0
    outer loop
      vertex 27.9723 -3.76152 0
      vertex 27.8387 -3.78679 4
      vertex 27.8387 -3.78679 0
    endloop
  endfacet
  facet normal 0.185895 -0.98257 0
    outer loop
      vertex 27.9723 -3.76152 0
      vertex 27.9723 -3.76152 4
      vertex 27.8387 -3.78679 4
    endloop
  endfacet
  facet normal 0.20607 -0.978537 0
    outer loop
      vertex 28.1115 -3.73221 0
      vertex 27.9723 -3.76152 4
      vertex 27.9723 -3.76152 0
    endloop
  endfacet
  facet normal 0.20607 -0.978537 0
    outer loop
      vertex 28.1115 -3.73221 0
      vertex 28.1115 -3.73221 4
      vertex 27.9723 -3.76152 4
    endloop
  endfacet
  facet normal 0.226359 -0.974044 0
    outer loop
      vertex 28.2562 -3.69858 0
      vertex 28.1115 -3.73221 4
      vertex 28.1115 -3.73221 0
    endloop
  endfacet
  facet normal 0.226359 -0.974044 0
    outer loop
      vertex 28.2562 -3.69858 0
      vertex 28.2562 -3.69858 4
      vertex 28.1115 -3.73221 4
    endloop
  endfacet
  facet normal 0.251594 -0.967833 0
    outer loop
      vertex 28.4574 -3.64629 0
      vertex 28.2562 -3.69858 4
      vertex 28.2562 -3.69858 0
    endloop
  endfacet
  facet normal 0.251594 -0.967833 0
    outer loop
      vertex 28.4574 -3.64629 0
      vertex 28.4574 -3.64629 4
      vertex 28.2562 -3.69858 4
    endloop
  endfacet
  facet normal 0.985227 -0.171255 0
    outer loop
      vertex 28.5498 -3.11432 0
      vertex 28.4574 -3.64629 4
      vertex 28.4574 -3.64629 0
    endloop
  endfacet
  facet normal 0.985227 -0.171255 0
    outer loop
      vertex 28.5498 -3.11432 0
      vertex 28.5498 -3.11432 4
      vertex 28.4574 -3.64629 4
    endloop
  endfacet
  facet normal 0.618913 0.78546 0
    outer loop
      vertex 28.4005 -2.99666 0
      vertex 28.5498 -3.11432 4
      vertex 28.5498 -3.11432 0
    endloop
  endfacet
  facet normal 0.618913 0.78546 -0
    outer loop
      vertex 28.4005 -2.99666 0
      vertex 28.4005 -2.99666 4
      vertex 28.5498 -3.11432 4
    endloop
  endfacet
  facet normal 0.600434 0.799674 0
    outer loop
      vertex 28.2836 -2.90892 0
      vertex 28.4005 -2.99666 4
      vertex 28.4005 -2.99666 0
    endloop
  endfacet
  facet normal 0.600434 0.799674 -0
    outer loop
      vertex 28.2836 -2.90892 0
      vertex 28.2836 -2.90892 4
      vertex 28.4005 -2.99666 4
    endloop
  endfacet
  facet normal 0.584702 0.811248 0
    outer loop
      vertex 28.1696 -2.82669 0
      vertex 28.2836 -2.90892 4
      vertex 28.2836 -2.90892 0
    endloop
  endfacet
  facet normal 0.584702 0.811248 -0
    outer loop
      vertex 28.1696 -2.82669 0
      vertex 28.1696 -2.82669 4
      vertex 28.2836 -2.90892 4
    endloop
  endfacet
  facet normal 0.568575 0.822631 0
    outer loop
      vertex 28.0585 -2.74992 0
      vertex 28.1696 -2.82669 4
      vertex 28.1696 -2.82669 0
    endloop
  endfacet
  facet normal 0.568575 0.822631 -0
    outer loop
      vertex 28.0585 -2.74992 0
      vertex 28.0585 -2.74992 4
      vertex 28.1696 -2.82669 4
    endloop
  endfacet
  facet normal 0.552083 0.833789 0
    outer loop
      vertex 27.9507 -2.67854 0
      vertex 28.0585 -2.74992 4
      vertex 28.0585 -2.74992 0
    endloop
  endfacet
  facet normal 0.552083 0.833789 -0
    outer loop
      vertex 27.9507 -2.67854 0
      vertex 27.9507 -2.67854 4
      vertex 28.0585 -2.74992 4
    endloop
  endfacet
  facet normal 0.535123 0.844774 0
    outer loop
      vertex 27.8464 -2.61249 0
      vertex 27.9507 -2.67854 4
      vertex 27.9507 -2.67854 0
    endloop
  endfacet
  facet normal 0.535123 0.844774 -0
    outer loop
      vertex 27.8464 -2.61249 0
      vertex 27.8464 -2.61249 4
      vertex 27.9507 -2.67854 4
    endloop
  endfacet
  facet normal 0.518005 0.855377 0
    outer loop
      vertex 27.7459 -2.55162 0
      vertex 27.8464 -2.61249 4
      vertex 27.8464 -2.61249 0
    endloop
  endfacet
  facet normal 0.518005 0.855377 -0
    outer loop
      vertex 27.7459 -2.55162 0
      vertex 27.7459 -2.55162 4
      vertex 27.8464 -2.61249 4
    endloop
  endfacet
  facet normal 0.500437 0.865773 0
    outer loop
      vertex 27.6494 -2.49583 0
      vertex 27.7459 -2.55162 4
      vertex 27.7459 -2.55162 0
    endloop
  endfacet
  facet normal 0.500437 0.865773 -0
    outer loop
      vertex 27.6494 -2.49583 0
      vertex 27.6494 -2.49583 4
      vertex 27.7459 -2.55162 4
    endloop
  endfacet
  facet normal 0.482652 0.875812 0
    outer loop
      vertex 27.5571 -2.44498 0
      vertex 27.6494 -2.49583 4
      vertex 27.6494 -2.49583 0
    endloop
  endfacet
  facet normal 0.482652 0.875812 -0
    outer loop
      vertex 27.5571 -2.44498 0
      vertex 27.5571 -2.44498 4
      vertex 27.6494 -2.49583 4
    endloop
  endfacet
  facet normal 0.45558 0.890195 0
    outer loop
      vertex 27.386 -2.35744 0
      vertex 27.5571 -2.44498 4
      vertex 27.5571 -2.44498 0
    endloop
  endfacet
  facet normal 0.45558 0.890195 -0
    outer loop
      vertex 27.386 -2.35744 0
      vertex 27.386 -2.35744 4
      vertex 27.5571 -2.44498 4
    endloop
  endfacet
  facet normal 0.418201 0.908355 0
    outer loop
      vertex 27.2343 -2.28755 0
      vertex 27.386 -2.35744 4
      vertex 27.386 -2.35744 0
    endloop
  endfacet
  facet normal 0.418201 0.908355 -0
    outer loop
      vertex 27.2343 -2.28755 0
      vertex 27.2343 -2.28755 4
      vertex 27.386 -2.35744 4
    endloop
  endfacet
  facet normal 0.380031 0.924974 0
    outer loop
      vertex 27.103 -2.23361 0
      vertex 27.2343 -2.28755 4
      vertex 27.2343 -2.28755 0
    endloop
  endfacet
  facet normal 0.380031 0.924974 -0
    outer loop
      vertex 27.103 -2.23361 0
      vertex 27.103 -2.23361 4
      vertex 27.2343 -2.28755 4
    endloop
  endfacet
  facet normal 0.34104 0.940049 0
    outer loop
      vertex 26.9931 -2.19377 0
      vertex 27.103 -2.23361 4
      vertex 27.103 -2.23361 0
    endloop
  endfacet
  facet normal 0.34104 0.940049 -0
    outer loop
      vertex 26.9931 -2.19377 0
      vertex 26.9931 -2.19377 4
      vertex 27.103 -2.23361 4
    endloop
  endfacet
  facet normal 0.320404 0.947281 0
    outer loop
      vertex 26.8904 -2.15903 0
      vertex 26.9931 -2.19377 4
      vertex 26.9931 -2.19377 0
    endloop
  endfacet
  facet normal 0.320404 0.947281 -0
    outer loop
      vertex 26.8904 -2.15903 0
      vertex 26.8904 -2.15903 4
      vertex 26.9931 -2.19377 4
    endloop
  endfacet
  facet normal 0.150306 0.98864 0
    outer loop
      vertex 26.5253 -2.10352 0
      vertex 26.8904 -2.15903 4
      vertex 26.8904 -2.15903 0
    endloop
  endfacet
  facet normal 0.150306 0.98864 -0
    outer loop
      vertex 26.5253 -2.10352 0
      vertex 26.5253 -2.10352 4
      vertex 26.8904 -2.15903 4
    endloop
  endfacet
  facet normal 0.805117 0.593116 0
    outer loop
      vertex 26.4398 -1.9875 0
      vertex 26.5253 -2.10352 4
      vertex 26.5253 -2.10352 0
    endloop
  endfacet
  facet normal 0.805117 0.593116 -0
    outer loop
      vertex 26.4398 -1.9875 0
      vertex 26.4398 -1.9875 4
      vertex 26.5253 -2.10352 4
    endloop
  endfacet
  facet normal 0.0745913 0.997214 0
    outer loop
      vertex 26.4227 -1.98622 0
      vertex 26.4398 -1.9875 4
      vertex 26.4398 -1.9875 0
    endloop
  endfacet
  facet normal 0.0745913 0.997214 -0
    outer loop
      vertex 26.4227 -1.98622 0
      vertex 26.4227 -1.98622 4
      vertex 26.4398 -1.9875 4
    endloop
  endfacet
  facet normal 0.985221 -0.171285 0
    outer loop
      vertex 26.4899 -1.59952 0
      vertex 26.4227 -1.98622 4
      vertex 26.4227 -1.98622 0
    endloop
  endfacet
  facet normal 0.985221 -0.171285 0
    outer loop
      vertex 26.4899 -1.59952 0
      vertex 26.4899 -1.59952 4
      vertex 26.4227 -1.98622 4
    endloop
  endfacet
  facet normal 0.998328 -0.0578053 0
    outer loop
      vertex 26.5282 -0.938065 0
      vertex 26.4899 -1.59952 4
      vertex 26.4899 -1.59952 0
    endloop
  endfacet
  facet normal 0.998328 -0.0578053 0
    outer loop
      vertex 26.5282 -0.938065 0
      vertex 26.5282 -0.938065 4
      vertex 26.4899 -1.59952 4
    endloop
  endfacet
  facet normal -0.0354529 -0.999371 0
    outer loop
      vertex 26.551 -0.938873 0
      vertex 26.5282 -0.938065 4
      vertex 26.5282 -0.938065 0
    endloop
  endfacet
  facet normal -0.0354529 -0.999371 0
    outer loop
      vertex 26.551 -0.938873 0
      vertex 26.551 -0.938873 4
      vertex 26.5282 -0.938065 4
    endloop
  endfacet
  facet normal 0.663088 -0.748542 0
    outer loop
      vertex 26.6589 -0.843323 0
      vertex 26.551 -0.938873 4
      vertex 26.551 -0.938873 0
    endloop
  endfacet
  facet normal 0.663088 -0.748542 0
    outer loop
      vertex 26.6589 -0.843323 0
      vertex 26.6589 -0.843323 4
      vertex 26.551 -0.938873 4
    endloop
  endfacet
  facet normal -0.0606281 -0.99816 0
    outer loop
      vertex 27.0219 -0.865372 0
      vertex 26.6589 -0.843323 4
      vertex 26.6589 -0.843323 0
    endloop
  endfacet
  facet normal -0.0606281 -0.99816 0
    outer loop
      vertex 27.0219 -0.865372 0
      vertex 27.0219 -0.865372 4
      vertex 26.6589 -0.843323 4
    endloop
  endfacet
  facet normal 0.121034 -0.992648 0
    outer loop
      vertex 27.1866 -0.845291 0
      vertex 27.0219 -0.865372 4
      vertex 27.0219 -0.865372 0
    endloop
  endfacet
  facet normal 0.121034 -0.992648 0
    outer loop
      vertex 27.1866 -0.845291 0
      vertex 27.1866 -0.845291 4
      vertex 27.0219 -0.865372 4
    endloop
  endfacet
  facet normal 0.158306 -0.98739 0
    outer loop
      vertex 27.317 -0.824387 0
      vertex 27.1866 -0.845291 4
      vertex 27.1866 -0.845291 0
    endloop
  endfacet
  facet normal 0.158306 -0.98739 0
    outer loop
      vertex 27.317 -0.824387 0
      vertex 27.317 -0.824387 4
      vertex 27.1866 -0.845291 4
    endloop
  endfacet
  facet normal 0.198361 -0.980129 0
    outer loop
      vertex 27.4694 -0.793533 0
      vertex 27.317 -0.824387 4
      vertex 27.317 -0.824387 0
    endloop
  endfacet
  facet normal 0.198361 -0.980129 0
    outer loop
      vertex 27.4694 -0.793533 0
      vertex 27.4694 -0.793533 4
      vertex 27.317 -0.824387 4
    endloop
  endfacet
  facet normal 0.238719 -0.971089 0
    outer loop
      vertex 27.644 -0.750626 0
      vertex 27.4694 -0.793533 4
      vertex 27.4694 -0.793533 0
    endloop
  endfacet
  facet normal 0.238719 -0.971089 0
    outer loop
      vertex 27.644 -0.750626 0
      vertex 27.644 -0.750626 4
      vertex 27.4694 -0.793533 4
    endloop
  endfacet
  facet normal 0.268676 -0.963231 0
    outer loop
      vertex 27.7394 -0.723999 0
      vertex 27.644 -0.750626 4
      vertex 27.644 -0.750626 0
    endloop
  endfacet
  facet normal 0.268676 -0.963231 0
    outer loop
      vertex 27.7394 -0.723999 0
      vertex 27.7394 -0.723999 4
      vertex 27.644 -0.750626 4
    endloop
  endfacet
  facet normal 0.288624 -0.957443 0
    outer loop
      vertex 27.8403 -0.693604 0
      vertex 27.7394 -0.723999 4
      vertex 27.7394 -0.723999 0
    endloop
  endfacet
  facet normal 0.288624 -0.957443 0
    outer loop
      vertex 27.8403 -0.693604 0
      vertex 27.8403 -0.693604 4
      vertex 27.7394 -0.723999 4
    endloop
  endfacet
  facet normal 0.308709 -0.951157 0
    outer loop
      vertex 27.9464 -0.659164 0
      vertex 27.8403 -0.693604 4
      vertex 27.8403 -0.693604 0
    endloop
  endfacet
  facet normal 0.308709 -0.951157 0
    outer loop
      vertex 27.9464 -0.659164 0
      vertex 27.9464 -0.659164 4
      vertex 27.8403 -0.693604 4
    endloop
  endfacet
  facet normal 0.32848 -0.944511 0
    outer loop
      vertex 28.0576 -0.620468 0
      vertex 27.9464 -0.659164 4
      vertex 27.9464 -0.659164 0
    endloop
  endfacet
  facet normal 0.32848 -0.944511 0
    outer loop
      vertex 28.0576 -0.620468 0
      vertex 28.0576 -0.620468 4
      vertex 27.9464 -0.659164 4
    endloop
  endfacet
  facet normal 0.348332 -0.937371 0
    outer loop
      vertex 28.1739 -0.577255 0
      vertex 28.0576 -0.620468 4
      vertex 28.0576 -0.620468 0
    endloop
  endfacet
  facet normal 0.348332 -0.937371 0
    outer loop
      vertex 28.1739 -0.577255 0
      vertex 28.1739 -0.577255 4
      vertex 28.0576 -0.620468 4
    endloop
  endfacet
  facet normal 0.367814 -0.929899 0
    outer loop
      vertex 28.2951 -0.529327 0
      vertex 28.1739 -0.577255 4
      vertex 28.1739 -0.577255 0
    endloop
  endfacet
  facet normal 0.367814 -0.929899 0
    outer loop
      vertex 28.2951 -0.529327 0
      vertex 28.2951 -0.529327 4
      vertex 28.1739 -0.577255 4
    endloop
  endfacet
  facet normal 0.387312 -0.921949 0
    outer loop
      vertex 28.4209 -0.476456 0
      vertex 28.2951 -0.529327 4
      vertex 28.2951 -0.529327 0
    endloop
  endfacet
  facet normal 0.387312 -0.921949 0
    outer loop
      vertex 28.4209 -0.476456 0
      vertex 28.4209 -0.476456 4
      vertex 28.2951 -0.529327 4
    endloop
  endfacet
  facet normal 0.406416 -0.913688 0
    outer loop
      vertex 28.5513 -0.418472 0
      vertex 28.4209 -0.476456 4
      vertex 28.4209 -0.476456 0
    endloop
  endfacet
  facet normal 0.406416 -0.913688 0
    outer loop
      vertex 28.5513 -0.418472 0
      vertex 28.5513 -0.418472 4
      vertex 28.4209 -0.476456 4
    endloop
  endfacet
  facet normal 0.425466 -0.904974 0
    outer loop
      vertex 28.686 -0.355164 0
      vertex 28.5513 -0.418472 4
      vertex 28.5513 -0.418472 0
    endloop
  endfacet
  facet normal 0.425466 -0.904974 0
    outer loop
      vertex 28.686 -0.355164 0
      vertex 28.686 -0.355164 4
      vertex 28.5513 -0.418472 4
    endloop
  endfacet
  facet normal 0.447905 -0.894081 0
    outer loop
      vertex 28.8596 -0.268188 0
      vertex 28.686 -0.355164 4
      vertex 28.686 -0.355164 0
    endloop
  endfacet
  facet normal 0.447905 -0.894081 0
    outer loop
      vertex 28.8596 -0.268188 0
      vertex 28.8596 -0.268188 4
      vertex 28.686 -0.355164 4
    endloop
  endfacet
  facet normal 0.99833 -0.0577664 0
    outer loop
      vertex 28.8751 0 0
      vertex 28.8596 -0.268188 4
      vertex 28.8596 -0.268188 0
    endloop
  endfacet
  facet normal 0.99833 -0.0577664 0
    outer loop
      vertex 28.8751 0 0
      vertex 28.8751 0 4
      vertex 28.8596 -0.268188 4
    endloop
  endfacet
  facet normal 0.99833 0.0577664 0
    outer loop
      vertex 28.8596 0.268188 0
      vertex 28.8751 0 4
      vertex 28.8751 0 0
    endloop
  endfacet
  facet normal 0.99833 0.0577664 -0
    outer loop
      vertex 28.8596 0.268188 0
      vertex 28.8596 0.268188 4
      vertex 28.8751 0 4
    endloop
  endfacet
  facet normal 0.447905 0.894081 0
    outer loop
      vertex 28.686 0.355164 0
      vertex 28.8596 0.268188 4
      vertex 28.8596 0.268188 0
    endloop
  endfacet
  facet normal 0.447905 0.894081 -0
    outer loop
      vertex 28.686 0.355164 0
      vertex 28.686 0.355164 4
      vertex 28.8596 0.268188 4
    endloop
  endfacet
  facet normal 0.425466 0.904974 0
    outer loop
      vertex 28.5513 0.418472 0
      vertex 28.686 0.355164 4
      vertex 28.686 0.355164 0
    endloop
  endfacet
  facet normal 0.425466 0.904974 -0
    outer loop
      vertex 28.5513 0.418472 0
      vertex 28.5513 0.418472 4
      vertex 28.686 0.355164 4
    endloop
  endfacet
  facet normal 0.406416 0.913688 0
    outer loop
      vertex 28.4209 0.476456 0
      vertex 28.5513 0.418472 4
      vertex 28.5513 0.418472 0
    endloop
  endfacet
  facet normal 0.406416 0.913688 -0
    outer loop
      vertex 28.4209 0.476456 0
      vertex 28.4209 0.476456 4
      vertex 28.5513 0.418472 4
    endloop
  endfacet
  facet normal 0.387312 0.921949 0
    outer loop
      vertex 28.2951 0.529327 0
      vertex 28.4209 0.476456 4
      vertex 28.4209 0.476456 0
    endloop
  endfacet
  facet normal 0.387312 0.921949 -0
    outer loop
      vertex 28.2951 0.529327 0
      vertex 28.2951 0.529327 4
      vertex 28.4209 0.476456 4
    endloop
  endfacet
  facet normal 0.367814 0.929899 0
    outer loop
      vertex 28.1739 0.577255 0
      vertex 28.2951 0.529327 4
      vertex 28.2951 0.529327 0
    endloop
  endfacet
  facet normal 0.367814 0.929899 -0
    outer loop
      vertex 28.1739 0.577255 0
      vertex 28.1739 0.577255 4
      vertex 28.2951 0.529327 4
    endloop
  endfacet
  facet normal 0.348332 0.937371 0
    outer loop
      vertex 28.0576 0.620468 0
      vertex 28.1739 0.577255 4
      vertex 28.1739 0.577255 0
    endloop
  endfacet
  facet normal 0.348332 0.937371 -0
    outer loop
      vertex 28.0576 0.620468 0
      vertex 28.0576 0.620468 4
      vertex 28.1739 0.577255 4
    endloop
  endfacet
  facet normal 0.32848 0.944511 0
    outer loop
      vertex 27.9464 0.659164 0
      vertex 28.0576 0.620468 4
      vertex 28.0576 0.620468 0
    endloop
  endfacet
  facet normal 0.32848 0.944511 -0
    outer loop
      vertex 27.9464 0.659164 0
      vertex 27.9464 0.659164 4
      vertex 28.0576 0.620468 4
    endloop
  endfacet
  facet normal 0.308709 0.951157 0
    outer loop
      vertex 27.8403 0.693604 0
      vertex 27.9464 0.659164 4
      vertex 27.9464 0.659164 0
    endloop
  endfacet
  facet normal 0.308709 0.951157 -0
    outer loop
      vertex 27.8403 0.693604 0
      vertex 27.8403 0.693604 4
      vertex 27.9464 0.659164 4
    endloop
  endfacet
  facet normal 0.288624 0.957443 0
    outer loop
      vertex 27.7394 0.723999 0
      vertex 27.8403 0.693604 4
      vertex 27.8403 0.693604 0
    endloop
  endfacet
  facet normal 0.288624 0.957443 -0
    outer loop
      vertex 27.7394 0.723999 0
      vertex 27.7394 0.723999 4
      vertex 27.8403 0.693604 4
    endloop
  endfacet
  facet normal 0.268676 0.963231 0
    outer loop
      vertex 27.644 0.750626 0
      vertex 27.7394 0.723999 4
      vertex 27.7394 0.723999 0
    endloop
  endfacet
  facet normal 0.268676 0.963231 -0
    outer loop
      vertex 27.644 0.750626 0
      vertex 27.644 0.750626 4
      vertex 27.7394 0.723999 4
    endloop
  endfacet
  facet normal 0.238719 0.971089 0
    outer loop
      vertex 27.4694 0.793533 0
      vertex 27.644 0.750626 4
      vertex 27.644 0.750626 0
    endloop
  endfacet
  facet normal 0.238719 0.971089 -0
    outer loop
      vertex 27.4694 0.793533 0
      vertex 27.4694 0.793533 4
      vertex 27.644 0.750626 4
    endloop
  endfacet
  facet normal 0.198361 0.980129 0
    outer loop
      vertex 27.317 0.824387 0
      vertex 27.4694 0.793533 4
      vertex 27.4694 0.793533 0
    endloop
  endfacet
  facet normal 0.198361 0.980129 -0
    outer loop
      vertex 27.317 0.824387 0
      vertex 27.317 0.824387 4
      vertex 27.4694 0.793533 4
    endloop
  endfacet
  facet normal 0.158306 0.98739 0
    outer loop
      vertex 27.1866 0.845291 0
      vertex 27.317 0.824387 4
      vertex 27.317 0.824387 0
    endloop
  endfacet
  facet normal 0.158306 0.98739 -0
    outer loop
      vertex 27.1866 0.845291 0
      vertex 27.1866 0.845291 4
      vertex 27.317 0.824387 4
    endloop
  endfacet
  facet normal 0.121034 0.992648 0
    outer loop
      vertex 27.0219 0.865372 0
      vertex 27.1866 0.845291 4
      vertex 27.1866 0.845291 0
    endloop
  endfacet
  facet normal 0.121034 0.992648 -0
    outer loop
      vertex 27.0219 0.865372 0
      vertex 27.0219 0.865372 4
      vertex 27.1866 0.845291 4
    endloop
  endfacet
  facet normal -0.0606281 0.99816 0
    outer loop
      vertex 26.6589 0.843323 0
      vertex 27.0219 0.865372 4
      vertex 27.0219 0.865372 0
    endloop
  endfacet
  facet normal -0.0606281 0.99816 0
    outer loop
      vertex 26.6589 0.843323 0
      vertex 26.6589 0.843323 4
      vertex 27.0219 0.865372 4
    endloop
  endfacet
  facet normal 0.663088 0.748542 0
    outer loop
      vertex 26.551 0.938873 0
      vertex 26.6589 0.843323 4
      vertex 26.6589 0.843323 0
    endloop
  endfacet
  facet normal 0.663088 0.748542 -0
    outer loop
      vertex 26.551 0.938873 0
      vertex 26.551 0.938873 4
      vertex 26.6589 0.843323 4
    endloop
  endfacet
  facet normal -0.0354529 0.999371 0
    outer loop
      vertex 26.5282 0.938065 0
      vertex 26.551 0.938873 4
      vertex 26.551 0.938873 0
    endloop
  endfacet
  facet normal -0.0354529 0.999371 0
    outer loop
      vertex 26.5282 0.938065 0
      vertex 26.5282 0.938065 4
      vertex 26.551 0.938873 4
    endloop
  endfacet
  facet normal 0.998328 0.0578053 0
    outer loop
      vertex 26.4899 1.59952 0
      vertex 26.5282 0.938065 4
      vertex 26.5282 0.938065 0
    endloop
  endfacet
  facet normal 0.998328 0.0578053 -0
    outer loop
      vertex 26.4899 1.59952 0
      vertex 26.4899 1.59952 4
      vertex 26.5282 0.938065 4
    endloop
  endfacet
  facet normal 0.985221 0.171285 0
    outer loop
      vertex 26.4227 1.98622 0
      vertex 26.4899 1.59952 4
      vertex 26.4899 1.59952 0
    endloop
  endfacet
  facet normal 0.985221 0.171285 -0
    outer loop
      vertex 26.4227 1.98622 0
      vertex 26.4227 1.98622 4
      vertex 26.4899 1.59952 4
    endloop
  endfacet
  facet normal 0.0745913 -0.997214 0
    outer loop
      vertex 26.4398 1.9875 0
      vertex 26.4227 1.98622 4
      vertex 26.4227 1.98622 0
    endloop
  endfacet
  facet normal 0.0745913 -0.997214 0
    outer loop
      vertex 26.4398 1.9875 0
      vertex 26.4398 1.9875 4
      vertex 26.4227 1.98622 4
    endloop
  endfacet
  facet normal 0.805117 -0.593116 0
    outer loop
      vertex 26.5253 2.10352 0
      vertex 26.4398 1.9875 4
      vertex 26.4398 1.9875 0
    endloop
  endfacet
  facet normal 0.805117 -0.593116 0
    outer loop
      vertex 26.5253 2.10352 0
      vertex 26.5253 2.10352 4
      vertex 26.4398 1.9875 4
    endloop
  endfacet
  facet normal 0.150306 -0.98864 0
    outer loop
      vertex 26.8904 2.15903 0
      vertex 26.5253 2.10352 4
      vertex 26.5253 2.10352 0
    endloop
  endfacet
  facet normal 0.150306 -0.98864 0
    outer loop
      vertex 26.8904 2.15903 0
      vertex 26.8904 2.15903 4
      vertex 26.5253 2.10352 4
    endloop
  endfacet
  facet normal 0.32385 -0.946108 0
    outer loop
      vertex 27.0453 2.21205 0
      vertex 26.8904 2.15903 4
      vertex 26.8904 2.15903 0
    endloop
  endfacet
  facet normal 0.32385 -0.946108 0
    outer loop
      vertex 27.0453 2.21205 0
      vertex 27.0453 2.21205 4
      vertex 26.8904 2.15903 4
    endloop
  endfacet
  facet normal 0.360607 -0.932718 0
    outer loop
      vertex 27.166 2.2587 0
      vertex 27.0453 2.21205 4
      vertex 27.0453 2.21205 0
    endloop
  endfacet
  facet normal 0.360607 -0.932718 0
    outer loop
      vertex 27.166 2.2587 0
      vertex 27.166 2.2587 4
      vertex 27.0453 2.21205 4
    endloop
  endfacet
  facet normal 0.399228 -0.916852 0
    outer loop
      vertex 27.3077 2.32039 0
      vertex 27.166 2.2587 4
      vertex 27.166 2.2587 0
    endloop
  endfacet
  facet normal 0.399228 -0.916852 0
    outer loop
      vertex 27.3077 2.32039 0
      vertex 27.3077 2.32039 4
      vertex 27.166 2.2587 4
    endloop
  endfacet
  facet normal 0.437061 -0.899432 0
    outer loop
      vertex 27.4693 2.39891 0
      vertex 27.3077 2.32039 4
      vertex 27.3077 2.32039 0
    endloop
  endfacet
  facet normal 0.437061 -0.899432 0
    outer loop
      vertex 27.4693 2.39891 0
      vertex 27.4693 2.39891 4
      vertex 27.3077 2.32039 4
    endloop
  endfacet
  facet normal 0.464421 -0.885615 0
    outer loop
      vertex 27.5571 2.44498 0
      vertex 27.4693 2.39891 4
      vertex 27.4693 2.39891 0
    endloop
  endfacet
  facet normal 0.464421 -0.885615 0
    outer loop
      vertex 27.5571 2.44498 0
      vertex 27.5571 2.44498 4
      vertex 27.4693 2.39891 4
    endloop
  endfacet
  facet normal 0.482652 -0.875812 0
    outer loop
      vertex 27.6494 2.49583 0
      vertex 27.5571 2.44498 4
      vertex 27.5571 2.44498 0
    endloop
  endfacet
  facet normal 0.482652 -0.875812 0
    outer loop
      vertex 27.6494 2.49583 0
      vertex 27.6494 2.49583 4
      vertex 27.5571 2.44498 4
    endloop
  endfacet
  facet normal 0.500437 -0.865773 0
    outer loop
      vertex 27.7459 2.55162 0
      vertex 27.6494 2.49583 4
      vertex 27.6494 2.49583 0
    endloop
  endfacet
  facet normal 0.500437 -0.865773 0
    outer loop
      vertex 27.7459 2.55162 0
      vertex 27.7459 2.55162 4
      vertex 27.6494 2.49583 4
    endloop
  endfacet
  facet normal 0.518005 -0.855377 0
    outer loop
      vertex 27.8464 2.61249 0
      vertex 27.7459 2.55162 4
      vertex 27.7459 2.55162 0
    endloop
  endfacet
  facet normal 0.518005 -0.855377 0
    outer loop
      vertex 27.8464 2.61249 0
      vertex 27.8464 2.61249 4
      vertex 27.7459 2.55162 4
    endloop
  endfacet
  facet normal 0.535123 -0.844774 0
    outer loop
      vertex 27.9507 2.67854 0
      vertex 27.8464 2.61249 4
      vertex 27.8464 2.61249 0
    endloop
  endfacet
  facet normal 0.535123 -0.844774 0
    outer loop
      vertex 27.9507 2.67854 0
      vertex 27.9507 2.67854 4
      vertex 27.8464 2.61249 4
    endloop
  endfacet
  facet normal 0.552083 -0.833789 0
    outer loop
      vertex 28.0585 2.74992 0
      vertex 27.9507 2.67854 4
      vertex 27.9507 2.67854 0
    endloop
  endfacet
  facet normal 0.552083 -0.833789 0
    outer loop
      vertex 28.0585 2.74992 0
      vertex 28.0585 2.74992 4
      vertex 27.9507 2.67854 4
    endloop
  endfacet
  facet normal 0.568575 -0.822631 0
    outer loop
      vertex 28.1696 2.82669 0
      vertex 28.0585 2.74992 4
      vertex 28.0585 2.74992 0
    endloop
  endfacet
  facet normal 0.568575 -0.822631 0
    outer loop
      vertex 28.1696 2.82669 0
      vertex 28.1696 2.82669 4
      vertex 28.0585 2.74992 4
    endloop
  endfacet
  facet normal 0.584702 -0.811248 0
    outer loop
      vertex 28.2836 2.90892 0
      vertex 28.1696 2.82669 4
      vertex 28.1696 2.82669 0
    endloop
  endfacet
  facet normal 0.584702 -0.811248 0
    outer loop
      vertex 28.2836 2.90892 0
      vertex 28.2836 2.90892 4
      vertex 28.1696 2.82669 4
    endloop
  endfacet
  facet normal 0.600434 -0.799674 0
    outer loop
      vertex 28.4005 2.99666 0
      vertex 28.2836 2.90892 4
      vertex 28.2836 2.90892 0
    endloop
  endfacet
  facet normal 0.600434 -0.799674 0
    outer loop
      vertex 28.4005 2.99666 0
      vertex 28.4005 2.99666 4
      vertex 28.2836 2.90892 4
    endloop
  endfacet
  facet normal 0.618913 -0.78546 0
    outer loop
      vertex 28.5498 3.11432 0
      vertex 28.4005 2.99666 4
      vertex 28.4005 2.99666 0
    endloop
  endfacet
  facet normal 0.618913 -0.78546 0
    outer loop
      vertex 28.5498 3.11432 0
      vertex 28.5498 3.11432 4
      vertex 28.4005 2.99666 4
    endloop
  endfacet
  facet normal 0.985227 0.171255 0
    outer loop
      vertex 28.4574 3.64629 0
      vertex 28.5498 3.11432 4
      vertex 28.5498 3.11432 0
    endloop
  endfacet
  facet normal 0.985227 0.171255 -0
    outer loop
      vertex 28.4574 3.64629 0
      vertex 28.4574 3.64629 4
      vertex 28.5498 3.11432 4
    endloop
  endfacet
  facet normal 0.251594 0.967833 0
    outer loop
      vertex 28.2562 3.69858 0
      vertex 28.4574 3.64629 4
      vertex 28.4574 3.64629 0
    endloop
  endfacet
  facet normal 0.251594 0.967833 -0
    outer loop
      vertex 28.2562 3.69858 0
      vertex 28.2562 3.69858 4
      vertex 28.4574 3.64629 4
    endloop
  endfacet
  facet normal 0.226359 0.974044 0
    outer loop
      vertex 28.1115 3.73221 0
      vertex 28.2562 3.69858 4
      vertex 28.2562 3.69858 0
    endloop
  endfacet
  facet normal 0.226359 0.974044 -0
    outer loop
      vertex 28.1115 3.73221 0
      vertex 28.1115 3.73221 4
      vertex 28.2562 3.69858 4
    endloop
  endfacet
  facet normal 0.20607 0.978537 0
    outer loop
      vertex 27.9723 3.76152 0
      vertex 28.1115 3.73221 4
      vertex 28.1115 3.73221 0
    endloop
  endfacet
  facet normal 0.20607 0.978537 -0
    outer loop
      vertex 27.9723 3.76152 0
      vertex 27.9723 3.76152 4
      vertex 28.1115 3.73221 4
    endloop
  endfacet
  facet normal 0.185895 0.98257 0
    outer loop
      vertex 27.8387 3.78679 0
      vertex 27.9723 3.76152 4
      vertex 27.9723 3.76152 0
    endloop
  endfacet
  facet normal 0.185895 0.98257 -0
    outer loop
      vertex 27.8387 3.78679 0
      vertex 27.8387 3.78679 4
      vertex 27.9723 3.76152 4
    endloop
  endfacet
  facet normal 0.165753 0.986167 0
    outer loop
      vertex 27.7108 3.80829 0
      vertex 27.8387 3.78679 4
      vertex 27.8387 3.78679 0
    endloop
  endfacet
  facet normal 0.165753 0.986167 -0
    outer loop
      vertex 27.7108 3.80829 0
      vertex 27.7108 3.80829 4
      vertex 27.8387 3.78679 4
    endloop
  endfacet
  facet normal 0.145761 0.98932 0
    outer loop
      vertex 27.5886 3.82629 0
      vertex 27.7108 3.80829 4
      vertex 27.7108 3.80829 0
    endloop
  endfacet
  facet normal 0.145761 0.98932 -0
    outer loop
      vertex 27.5886 3.82629 0
      vertex 27.5886 3.82629 4
      vertex 27.7108 3.80829 4
    endloop
  endfacet
  facet normal 0.125666 0.992073 0
    outer loop
      vertex 27.4721 3.84105 0
      vertex 27.5886 3.82629 4
      vertex 27.5886 3.82629 0
    endloop
  endfacet
  facet normal 0.125666 0.992073 -0
    outer loop
      vertex 27.4721 3.84105 0
      vertex 27.4721 3.84105 4
      vertex 27.5886 3.82629 4
    endloop
  endfacet
  facet normal 0.105875 0.994379 0
    outer loop
      vertex 27.3613 3.85284 0
      vertex 27.4721 3.84105 4
      vertex 27.4721 3.84105 0
    endloop
  endfacet
  facet normal 0.105875 0.994379 -0
    outer loop
      vertex 27.3613 3.85284 0
      vertex 27.3613 3.85284 4
      vertex 27.4721 3.84105 4
    endloop
  endfacet
  facet normal 0.0860616 0.99629 0
    outer loop
      vertex 27.2562 3.86192 0
      vertex 27.3613 3.85284 4
      vertex 27.3613 3.85284 0
    endloop
  endfacet
  facet normal 0.0860616 0.99629 -0
    outer loop
      vertex 27.2562 3.86192 0
      vertex 27.2562 3.86192 4
      vertex 27.3613 3.85284 4
    endloop
  endfacet
  facet normal 0.0570453 0.998372 0
    outer loop
      vertex 27.0629 3.87297 0
      vertex 27.2562 3.86192 4
      vertex 27.2562 3.86192 0
    endloop
  endfacet
  facet normal 0.0570453 0.998372 -0
    outer loop
      vertex 27.0629 3.87297 0
      vertex 27.0629 3.87297 4
      vertex 27.2562 3.86192 4
    endloop
  endfacet
  facet normal 0.0184247 0.99983 0
    outer loop
      vertex 26.8915 3.87613 0
      vertex 27.0629 3.87297 4
      vertex 27.0629 3.87297 0
    endloop
  endfacet
  facet normal 0.0184247 0.99983 -0
    outer loop
      vertex 26.8915 3.87613 0
      vertex 26.8915 3.87613 4
      vertex 27.0629 3.87297 4
    endloop
  endfacet
  facet normal -0.0192916 0.999814 0
    outer loop
      vertex 26.7412 3.87323 0
      vertex 26.8915 3.87613 4
      vertex 26.8915 3.87613 0
    endloop
  endfacet
  facet normal -0.0192916 0.999814 0
    outer loop
      vertex 26.7412 3.87323 0
      vertex 26.7412 3.87323 4
      vertex 26.8915 3.87613 4
    endloop
  endfacet
  facet normal -0.0558461 0.998439 0
    outer loop
      vertex 26.6111 3.86595 0
      vertex 26.7412 3.87323 4
      vertex 26.7412 3.87323 0
    endloop
  endfacet
  facet normal -0.0558461 0.998439 0
    outer loop
      vertex 26.6111 3.86595 0
      vertex 26.6111 3.86595 4
      vertex 26.7412 3.87323 4
    endloop
  endfacet
  facet normal -0.0744366 0.997226 0
    outer loop
      vertex 26.503 3.85788 0
      vertex 26.6111 3.86595 4
      vertex 26.6111 3.86595 0
    endloop
  endfacet
  facet normal -0.0744366 0.997226 0
    outer loop
      vertex 26.503 3.85788 0
      vertex 26.503 3.85788 4
      vertex 26.6111 3.86595 4
    endloop
  endfacet
  facet normal -0.265123 0.964214 0
    outer loop
      vertex 26.1717 3.76678 0
      vertex 26.503 3.85788 4
      vertex 26.503 3.85788 0
    endloop
  endfacet
  facet normal -0.265123 0.964214 0
    outer loop
      vertex 26.1717 3.76678 0
      vertex 26.1717 3.76678 4
      vertex 26.503 3.85788 4
    endloop
  endfacet
  facet normal 0.494975 0.868907 0
    outer loop
      vertex 26.0465 3.8381 0
      vertex 26.1717 3.76678 4
      vertex 26.1717 3.76678 0
    endloop
  endfacet
  facet normal 0.494975 0.868907 -0
    outer loop
      vertex 26.0465 3.8381 0
      vertex 26.0465 3.8381 4
      vertex 26.1717 3.76678 4
    endloop
  endfacet
  facet normal -0.145938 0.989294 0
    outer loop
      vertex 26.025 3.83493 0
      vertex 26.0465 3.8381 4
      vertex 26.0465 3.8381 0
    endloop
  endfacet
  facet normal -0.145938 0.989294 0
    outer loop
      vertex 26.025 3.83493 0
      vertex 26.025 3.83493 4
      vertex 26.0465 3.8381 4
    endloop
  endfacet
  facet normal 0.960326 0.27888 0
    outer loop
      vertex 25.7666 4.72466 0
      vertex 26.025 3.83493 4
      vertex 26.025 3.83493 0
    endloop
  endfacet
  facet normal 0.960326 0.27888 -0
    outer loop
      vertex 25.7666 4.72466 0
      vertex 25.7666 4.72466 4
      vertex 26.025 3.83493 4
    endloop
  endfacet
  facet normal 0.925988 0.377554 0
    outer loop
      vertex 25.7225 4.83281 0
      vertex 25.7666 4.72466 4
      vertex 25.7666 4.72466 0
    endloop
  endfacet
  facet normal 0.925988 0.377554 -0
    outer loop
      vertex 25.7225 4.83281 0
      vertex 25.7225 4.83281 4
      vertex 25.7666 4.72466 4
    endloop
  endfacet
  facet normal 0.18522 -0.982697 0
    outer loop
      vertex 25.7283 4.83391 0
      vertex 25.7225 4.83281 4
      vertex 25.7225 4.83281 0
    endloop
  endfacet
  facet normal 0.18522 -0.982697 0
    outer loop
      vertex 25.7283 4.83391 0
      vertex 25.7283 4.83391 4
      vertex 25.7225 4.83281 4
    endloop
  endfacet
  facet normal 0.906753 -0.421662 0
    outer loop
      vertex 25.7891 4.96457 0
      vertex 25.7283 4.83391 4
      vertex 25.7283 4.83391 0
    endloop
  endfacet
  facet normal 0.906753 -0.421662 0
    outer loop
      vertex 25.7891 4.96457 0
      vertex 25.7891 4.96457 4
      vertex 25.7283 4.83391 4
    endloop
  endfacet
  facet normal 0.343725 -0.93907 0
    outer loop
      vertex 26.1256 5.08774 0
      vertex 25.7891 4.96457 4
      vertex 25.7891 4.96457 0
    endloop
  endfacet
  facet normal 0.343725 -0.93907 0
    outer loop
      vertex 26.1256 5.08774 0
      vertex 26.1256 5.08774 4
      vertex 25.7891 4.96457 4
    endloop
  endfacet
  facet normal 0.51394 -0.857826 0
    outer loop
      vertex 26.2675 5.17278 0
      vertex 26.1256 5.08774 4
      vertex 26.1256 5.08774 0
    endloop
  endfacet
  facet normal 0.51394 -0.857826 0
    outer loop
      vertex 26.2675 5.17278 0
      vertex 26.2675 5.17278 4
      vertex 26.1256 5.08774 4
    endloop
  endfacet
  facet normal 0.545754 -0.837946 0
    outer loop
      vertex 26.3791 5.24542 0
      vertex 26.2675 5.17278 4
      vertex 26.2675 5.17278 0
    endloop
  endfacet
  facet normal 0.545754 -0.837946 0
    outer loop
      vertex 26.3791 5.24542 0
      vertex 26.3791 5.24542 4
      vertex 26.2675 5.17278 4
    endloop
  endfacet
  facet normal 0.578641 -0.815582 0
    outer loop
      vertex 26.5079 5.33687 0
      vertex 26.3791 5.24542 4
      vertex 26.3791 5.24542 0
    endloop
  endfacet
  facet normal 0.578641 -0.815582 0
    outer loop
      vertex 26.5079 5.33687 0
      vertex 26.5079 5.33687 4
      vertex 26.3791 5.24542 4
    endloop
  endfacet
  facet normal 0.609974 -0.792422 0
    outer loop
      vertex 26.6524 5.44803 0
      vertex 26.5079 5.33687 4
      vertex 26.5079 5.33687 0
    endloop
  endfacet
  facet normal 0.609974 -0.792422 0
    outer loop
      vertex 26.6524 5.44803 0
      vertex 26.6524 5.44803 4
      vertex 26.5079 5.33687 4
    endloop
  endfacet
  facet normal 0.639724 -0.768605 0
    outer loop
      vertex 26.8103 5.57951 0
      vertex 26.6524 5.44803 4
      vertex 26.6524 5.44803 0
    endloop
  endfacet
  facet normal 0.639724 -0.768605 0
    outer loop
      vertex 26.8103 5.57951 0
      vertex 26.8103 5.57951 4
      vertex 26.6524 5.44803 4
    endloop
  endfacet
  facet normal 0.660882 -0.75049 0
    outer loop
      vertex 26.8938 5.653 0
      vertex 26.8103 5.57951 4
      vertex 26.8103 5.57951 0
    endloop
  endfacet
  facet normal 0.660882 -0.75049 0
    outer loop
      vertex 26.8938 5.653 0
      vertex 26.8938 5.653 4
      vertex 26.8103 5.57951 4
    endloop
  endfacet
  facet normal 0.674735 -0.73806 0
    outer loop
      vertex 26.9799 5.73169 0
      vertex 26.8938 5.653 4
      vertex 26.8938 5.653 0
    endloop
  endfacet
  facet normal 0.674735 -0.73806 0
    outer loop
      vertex 26.9799 5.73169 0
      vertex 26.9799 5.73169 4
      vertex 26.8938 5.653 4
    endloop
  endfacet
  facet normal 0.68789 -0.725815 0
    outer loop
      vertex 27.0683 5.81555 0
      vertex 26.9799 5.73169 4
      vertex 26.9799 5.73169 0
    endloop
  endfacet
  facet normal 0.68789 -0.725815 0
    outer loop
      vertex 27.0683 5.81555 0
      vertex 27.0683 5.81555 4
      vertex 26.9799 5.73169 4
    endloop
  endfacet
  facet normal 0.700955 -0.713206 0
    outer loop
      vertex 27.159 5.9046 0
      vertex 27.0683 5.81555 4
      vertex 27.0683 5.81555 0
    endloop
  endfacet
  facet normal 0.700955 -0.713206 0
    outer loop
      vertex 27.159 5.9046 0
      vertex 27.159 5.9046 4
      vertex 27.0683 5.81555 4
    endloop
  endfacet
  facet normal 0.713491 -0.700664 0
    outer loop
      vertex 27.2515 5.99881 0
      vertex 27.159 5.9046 4
      vertex 27.159 5.9046 0
    endloop
  endfacet
  facet normal 0.713491 -0.700664 0
    outer loop
      vertex 27.2515 5.99881 0
      vertex 27.2515 5.99881 4
      vertex 27.159 5.9046 4
    endloop
  endfacet
  facet normal 0.725645 -0.688069 0
    outer loop
      vertex 27.3456 6.09811 0
      vertex 27.2515 5.99881 4
      vertex 27.2515 5.99881 0
    endloop
  endfacet
  facet normal 0.725645 -0.688069 0
    outer loop
      vertex 27.3456 6.09811 0
      vertex 27.3456 6.09811 4
      vertex 27.2515 5.99881 4
    endloop
  endfacet
  facet normal 0.737373 -0.675485 0
    outer loop
      vertex 27.4412 6.20247 0
      vertex 27.3456 6.09811 4
      vertex 27.3456 6.09811 0
    endloop
  endfacet
  facet normal 0.737373 -0.675485 0
    outer loop
      vertex 27.4412 6.20247 0
      vertex 27.4412 6.20247 4
      vertex 27.3456 6.09811 4
    endloop
  endfacet
  facet normal 0.751782 -0.659412 0
    outer loop
      vertex 27.5747 6.3546 0
      vertex 27.4412 6.20247 4
      vertex 27.4412 6.20247 0
    endloop
  endfacet
  facet normal 0.751782 -0.659412 0
    outer loop
      vertex 27.5747 6.3546 0
      vertex 27.5747 6.3546 4
      vertex 27.4412 6.20247 4
    endloop
  endfacet
  facet normal 0.92601 0.3775 0
    outer loop
      vertex 27.3649 6.86911 0
      vertex 27.5747 6.3546 4
      vertex 27.5747 6.3546 0
    endloop
  endfacet
  facet normal 0.92601 0.3775 -0
    outer loop
      vertex 27.3649 6.86911 0
      vertex 27.3649 6.86911 4
      vertex 27.5747 6.3546 4
    endloop
  endfacet
  facet normal 0.0501233 0.998743 0
    outer loop
      vertex 27.1603 6.87938 0
      vertex 27.3649 6.86911 4
      vertex 27.3649 6.86911 0
    endloop
  endfacet
  facet normal 0.0501233 0.998743 -0
    outer loop
      vertex 27.1603 6.87938 0
      vertex 27.1603 6.87938 4
      vertex 27.3649 6.86911 4
    endloop
  endfacet
  facet normal 0.0257884 0.999667 0
    outer loop
      vertex 27.0148 6.88313 0
      vertex 27.1603 6.87938 4
      vertex 27.1603 6.87938 0
    endloop
  endfacet
  facet normal 0.0257884 0.999667 -0
    outer loop
      vertex 27.0148 6.88313 0
      vertex 27.0148 6.88313 4
      vertex 27.1603 6.87938 4
    endloop
  endfacet
  facet normal 0.00678247 0.999977 0
    outer loop
      vertex 26.8753 6.88408 0
      vertex 27.0148 6.88313 4
      vertex 27.0148 6.88313 0
    endloop
  endfacet
  facet normal 0.00678247 0.999977 -0
    outer loop
      vertex 26.8753 6.88408 0
      vertex 26.8753 6.88408 4
      vertex 27.0148 6.88313 4
    endloop
  endfacet
  facet normal -0.012112 0.999927 0
    outer loop
      vertex 26.7418 6.88246 0
      vertex 26.8753 6.88408 4
      vertex 26.8753 6.88408 0
    endloop
  endfacet
  facet normal -0.012112 0.999927 0
    outer loop
      vertex 26.7418 6.88246 0
      vertex 26.7418 6.88246 4
      vertex 26.8753 6.88408 4
    endloop
  endfacet
  facet normal -0.0307014 0.999529 0
    outer loop
      vertex 26.6141 6.87854 0
      vertex 26.7418 6.88246 4
      vertex 26.7418 6.88246 0
    endloop
  endfacet
  facet normal -0.0307014 0.999529 0
    outer loop
      vertex 26.6141 6.87854 0
      vertex 26.6141 6.87854 4
      vertex 26.7418 6.88246 4
    endloop
  endfacet
  facet normal -0.0490146 0.998798 0
    outer loop
      vertex 26.4922 6.87256 0
      vertex 26.6141 6.87854 4
      vertex 26.6141 6.87854 0
    endloop
  endfacet
  facet normal -0.0490146 0.998798 0
    outer loop
      vertex 26.4922 6.87256 0
      vertex 26.4922 6.87256 4
      vertex 26.6141 6.87854 4
    endloop
  endfacet
  facet normal -0.0670667 0.997748 0
    outer loop
      vertex 26.376 6.86475 0
      vertex 26.4922 6.87256 4
      vertex 26.4922 6.87256 0
    endloop
  endfacet
  facet normal -0.0670667 0.997748 0
    outer loop
      vertex 26.376 6.86475 0
      vertex 26.376 6.86475 4
      vertex 26.4922 6.87256 4
    endloop
  endfacet
  facet normal -0.0935608 0.995614 0
    outer loop
      vertex 26.16 6.84445 0
      vertex 26.376 6.86475 4
      vertex 26.376 6.86475 0
    endloop
  endfacet
  facet normal -0.0935608 0.995614 0
    outer loop
      vertex 26.16 6.84445 0
      vertex 26.16 6.84445 4
      vertex 26.376 6.86475 4
    endloop
  endfacet
  facet normal -0.128124 0.991758 0
    outer loop
      vertex 25.9651 6.81927 0
      vertex 26.16 6.84445 4
      vertex 26.16 6.84445 0
    endloop
  endfacet
  facet normal -0.128124 0.991758 0
    outer loop
      vertex 25.9651 6.81927 0
      vertex 25.9651 6.81927 4
      vertex 26.16 6.84445 4
    endloop
  endfacet
  facet normal -0.161469 0.986878 0
    outer loop
      vertex 25.7901 6.79063 0
      vertex 25.9651 6.81927 4
      vertex 25.9651 6.81927 0
    endloop
  endfacet
  facet normal -0.161469 0.986878 0
    outer loop
      vertex 25.7901 6.79063 0
      vertex 25.7901 6.79063 4
      vertex 25.9651 6.81927 4
    endloop
  endfacet
  facet normal -0.193615 0.981078 0
    outer loop
      vertex 25.6335 6.75974 0
      vertex 25.7901 6.79063 4
      vertex 25.7901 6.79063 0
    endloop
  endfacet
  facet normal -0.193615 0.981078 0
    outer loop
      vertex 25.6335 6.75974 0
      vertex 25.6335 6.75974 4
      vertex 25.7901 6.79063 4
    endloop
  endfacet
  facet normal -0.230871 0.972984 0
    outer loop
      vertex 25.3888 6.70166 0
      vertex 25.6335 6.75974 4
      vertex 25.6335 6.75974 0
    endloop
  endfacet
  facet normal -0.230871 0.972984 0
    outer loop
      vertex 25.3888 6.70166 0
      vertex 25.3888 6.70166 4
      vertex 25.6335 6.75974 4
    endloop
  endfacet
  facet normal -0.442179 0.896927 0
    outer loop
      vertex 25.1057 6.56209 0
      vertex 25.3888 6.70166 4
      vertex 25.3888 6.70166 0
    endloop
  endfacet
  facet normal -0.442179 0.896927 0
    outer loop
      vertex 25.1057 6.56209 0
      vertex 25.1057 6.56209 4
      vertex 25.3888 6.70166 4
    endloop
  endfacet
  facet normal 0.32267 0.946512 0
    outer loop
      vertex 24.9693 6.60858 0
      vertex 25.1057 6.56209 4
      vertex 25.1057 6.56209 0
    endloop
  endfacet
  facet normal 0.32267 0.946512 -0
    outer loop
      vertex 24.9693 6.60858 0
      vertex 24.9693 6.60858 4
      vertex 25.1057 6.56209 4
    endloop
  endfacet
  facet normal -0.255893 0.966705 0
    outer loop
      vertex 24.9542 6.6046 0
      vertex 24.9693 6.60858 4
      vertex 24.9693 6.60858 0
    endloop
  endfacet
  facet normal -0.255893 0.966705 0
    outer loop
      vertex 24.9542 6.6046 0
      vertex 24.9542 6.6046 4
      vertex 24.9693 6.60858 4
    endloop
  endfacet
  facet normal 0.885062 0.465473 0
    outer loop
      vertex 24.4764 7.51318 0
      vertex 24.9542 6.6046 4
      vertex 24.9542 6.6046 0
    endloop
  endfacet
  facet normal 0.885062 0.465473 -0
    outer loop
      vertex 24.4764 7.51318 0
      vertex 24.4764 7.51318 4
      vertex 24.9542 6.6046 4
    endloop
  endfacet
  facet normal 0.293274 -0.956028 0
    outer loop
      vertex 24.4827 7.51512 0
      vertex 24.4764 7.51318 4
      vertex 24.4764 7.51318 0
    endloop
  endfacet
  facet normal 0.293274 -0.956028 0
    outer loop
      vertex 24.4827 7.51512 0
      vertex 24.4827 7.51512 4
      vertex 24.4764 7.51318 4
    endloop
  endfacet
  facet normal 0.966882 -0.255223 0
    outer loop
      vertex 24.5195 7.65443 0
      vertex 24.4827 7.51512 4
      vertex 24.4827 7.51512 0
    endloop
  endfacet
  facet normal 0.966882 -0.255223 0
    outer loop
      vertex 24.5195 7.65443 0
      vertex 24.5195 7.65443 4
      vertex 24.4827 7.51512 4
    endloop
  endfacet
  facet normal 0.504095 -0.863648 0
    outer loop
      vertex 24.8088 7.82329 0
      vertex 24.5195 7.65443 4
      vertex 24.5195 7.65443 0
    endloop
  endfacet
  facet normal 0.504095 -0.863648 0
    outer loop
      vertex 24.8088 7.82329 0
      vertex 24.8088 7.82329 4
      vertex 24.5195 7.65443 4
    endloop
  endfacet
  facet normal 0.671612 -0.740903 0
    outer loop
      vertex 24.9351 7.93776 0
      vertex 24.8088 7.82329 4
      vertex 24.8088 7.82329 0
    endloop
  endfacet
  facet normal 0.671612 -0.740903 0
    outer loop
      vertex 24.9351 7.93776 0
      vertex 24.9351 7.93776 4
      vertex 24.8088 7.82329 4
    endloop
  endfacet
  facet normal 0.696053 -0.71799 0
    outer loop
      vertex 25.0369 8.03653 0
      vertex 24.9351 7.93776 4
      vertex 24.9351 7.93776 0
    endloop
  endfacet
  facet normal 0.696053 -0.71799 0
    outer loop
      vertex 25.0369 8.03653 0
      vertex 25.0369 8.03653 4
      vertex 24.9351 7.93776 4
    endloop
  endfacet
  facet normal 0.721039 -0.692894 0
    outer loop
      vertex 25.1511 8.15536 0
      vertex 25.0369 8.03653 4
      vertex 25.0369 8.03653 0
    endloop
  endfacet
  facet normal 0.721039 -0.692894 0
    outer loop
      vertex 25.1511 8.15536 0
      vertex 25.1511 8.15536 4
      vertex 25.0369 8.03653 4
    endloop
  endfacet
  facet normal 0.744387 -0.667748 0
    outer loop
      vertex 25.2757 8.29424 0
      vertex 25.1511 8.15536 4
      vertex 25.1511 8.15536 0
    endloop
  endfacet
  facet normal 0.744387 -0.667748 0
    outer loop
      vertex 25.2757 8.29424 0
      vertex 25.2757 8.29424 4
      vertex 25.1511 8.15536 4
    endloop
  endfacet
  facet normal 0.766133 -0.642682 0
    outer loop
      vertex 25.4088 8.45285 0
      vertex 25.2757 8.29424 4
      vertex 25.2757 8.29424 0
    endloop
  endfacet
  facet normal 0.766133 -0.642682 0
    outer loop
      vertex 25.4088 8.45285 0
      vertex 25.4088 8.45285 4
      vertex 25.2757 8.29424 4
    endloop
  endfacet
  facet normal 0.786346 -0.617786 0
    outer loop
      vertex 25.5485 8.63074 0
      vertex 25.4088 8.45285 4
      vertex 25.4088 8.45285 0
    endloop
  endfacet
  facet normal 0.786346 -0.617786 0
    outer loop
      vertex 25.5485 8.63074 0
      vertex 25.5485 8.63074 4
      vertex 25.4088 8.45285 4
    endloop
  endfacet
  facet normal 0.805205 -0.592996 0
    outer loop
      vertex 25.6933 8.8273 0
      vertex 25.5485 8.63074 4
      vertex 25.5485 8.63074 0
    endloop
  endfacet
  facet normal 0.805205 -0.592996 0
    outer loop
      vertex 25.6933 8.8273 0
      vertex 25.6933 8.8273 4
      vertex 25.5485 8.63074 4
    endloop
  endfacet
  facet normal 0.822704 -0.56847 0
    outer loop
      vertex 25.8415 9.04175 0
      vertex 25.6933 8.8273 4
      vertex 25.6933 8.8273 0
    endloop
  endfacet
  facet normal 0.822704 -0.56847 0
    outer loop
      vertex 25.8415 9.04175 0
      vertex 25.8415 9.04175 4
      vertex 25.6933 8.8273 4
    endloop
  endfacet
  facet normal 0.838704 -0.544588 0
    outer loop
      vertex 25.9917 9.2731 0
      vertex 25.8415 9.04175 4
      vertex 25.8415 9.04175 0
    endloop
  endfacet
  facet normal 0.838704 -0.544588 0
    outer loop
      vertex 25.9917 9.2731 0
      vertex 25.9917 9.2731 4
      vertex 25.8415 9.04175 4
    endloop
  endfacet
  facet normal 0.853433 -0.521202 0
    outer loop
      vertex 26.0359 9.34546 0
      vertex 25.9917 9.2731 4
      vertex 25.9917 9.2731 0
    endloop
  endfacet
  facet normal 0.853433 -0.521202 0
    outer loop
      vertex 26.0359 9.34546 0
      vertex 26.0359 9.34546 4
      vertex 25.9917 9.2731 4
    endloop
  endfacet
  facet normal 0.84048 0.541842 0
    outer loop
      vertex 25.7286 9.82205 0
      vertex 26.0359 9.34546 4
      vertex 26.0359 9.34546 0
    endloop
  endfacet
  facet normal 0.84048 0.541842 -0
    outer loop
      vertex 25.7286 9.82205 0
      vertex 25.7286 9.82205 4
      vertex 26.0359 9.34546 4
    endloop
  endfacet
  facet normal -0.133009 0.991115 0
    outer loop
      vertex 25.5143 9.79329 0
      vertex 25.7286 9.82205 4
      vertex 25.7286 9.82205 0
    endloop
  endfacet
  facet normal -0.133009 0.991115 0
    outer loop
      vertex 25.5143 9.79329 0
      vertex 25.5143 9.79329 4
      vertex 25.7286 9.82205 4
    endloop
  endfacet
  facet normal -0.155128 0.987894 0
    outer loop
      vertex 25.3752 9.77145 0
      vertex 25.5143 9.79329 4
      vertex 25.5143 9.79329 0
    endloop
  endfacet
  facet normal -0.155128 0.987894 0
    outer loop
      vertex 25.3752 9.77145 0
      vertex 25.3752 9.77145 4
      vertex 25.5143 9.79329 4
    endloop
  endfacet
  facet normal -0.171598 0.985167 0
    outer loop
      vertex 25.2419 9.74823 0
      vertex 25.3752 9.77145 4
      vertex 25.3752 9.77145 0
    endloop
  endfacet
  facet normal -0.171598 0.985167 0
    outer loop
      vertex 25.2419 9.74823 0
      vertex 25.2419 9.74823 4
      vertex 25.3752 9.77145 4
    endloop
  endfacet
  facet normal -0.187312 0.982301 0
    outer loop
      vertex 25.1141 9.72386 0
      vertex 25.2419 9.74823 4
      vertex 25.2419 9.74823 0
    endloop
  endfacet
  facet normal -0.187312 0.982301 0
    outer loop
      vertex 25.1141 9.72386 0
      vertex 25.1141 9.72386 4
      vertex 25.2419 9.74823 4
    endloop
  endfacet
  facet normal -0.210656 0.97756 0
    outer loop
      vertex 24.8746 9.67224 0
      vertex 25.1141 9.72386 4
      vertex 25.1141 9.72386 0
    endloop
  endfacet
  facet normal -0.210656 0.97756 0
    outer loop
      vertex 24.8746 9.67224 0
      vertex 24.8746 9.67224 4
      vertex 25.1141 9.72386 4
    endloop
  endfacet
  facet normal -0.240756 0.970586 0
    outer loop
      vertex 24.6553 9.61784 0
      vertex 24.8746 9.67224 4
      vertex 24.8746 9.67224 0
    endloop
  endfacet
  facet normal -0.240756 0.970586 0
    outer loop
      vertex 24.6553 9.61784 0
      vertex 24.6553 9.61784 4
      vertex 24.8746 9.67224 4
    endloop
  endfacet
  facet normal -0.269684 0.962949 0
    outer loop
      vertex 24.4548 9.56169 0
      vertex 24.6553 9.61784 4
      vertex 24.6553 9.61784 0
    endloop
  endfacet
  facet normal -0.269684 0.962949 0
    outer loop
      vertex 24.4548 9.56169 0
      vertex 24.4548 9.56169 4
      vertex 24.6553 9.61784 4
    endloop
  endfacet
  facet normal -0.297333 0.954774 0
    outer loop
      vertex 24.2717 9.50467 0
      vertex 24.4548 9.56169 4
      vertex 24.4548 9.56169 0
    endloop
  endfacet
  facet normal -0.297333 0.954774 0
    outer loop
      vertex 24.2717 9.50467 0
      vertex 24.2717 9.50467 4
      vertex 24.4548 9.56169 4
    endloop
  endfacet
  facet normal -0.323031 0.946388 0
    outer loop
      vertex 24.1044 9.44757 0
      vertex 24.2717 9.50467 4
      vertex 24.2717 9.50467 0
    endloop
  endfacet
  facet normal -0.323031 0.946388 0
    outer loop
      vertex 24.1044 9.44757 0
      vertex 24.1044 9.44757 4
      vertex 24.2717 9.50467 4
    endloop
  endfacet
  facet normal -0.348085 0.937463 0
    outer loop
      vertex 23.9516 9.39082 0
      vertex 24.1044 9.44757 4
      vertex 24.1044 9.44757 0
    endloop
  endfacet
  facet normal -0.348085 0.937463 0
    outer loop
      vertex 23.9516 9.39082 0
      vertex 23.9516 9.39082 4
      vertex 24.1044 9.44757 4
    endloop
  endfacet
  facet normal -0.3696 0.929191 0
    outer loop
      vertex 23.7795 9.32237 0
      vertex 23.9516 9.39082 4
      vertex 23.9516 9.39082 0
    endloop
  endfacet
  facet normal -0.3696 0.929191 0
    outer loop
      vertex 23.7795 9.32237 0
      vertex 23.7795 9.32237 4
      vertex 23.9516 9.39082 4
    endloop
  endfacet
  facet normal -0.582117 0.813105 0
    outer loop
      vertex 23.5472 9.1561 0
      vertex 23.7795 9.32237 4
      vertex 23.7795 9.32237 0
    endloop
  endfacet
  facet normal -0.582117 0.813105 0
    outer loop
      vertex 23.5472 9.1561 0
      vertex 23.5472 9.1561 4
      vertex 23.7795 9.32237 4
    endloop
  endfacet
  facet normal 0.164554 0.986368 0
    outer loop
      vertex 23.4051 9.17981 0
      vertex 23.5472 9.1561 4
      vertex 23.5472 9.1561 0
    endloop
  endfacet
  facet normal 0.164554 0.986368 -0
    outer loop
      vertex 23.4051 9.17981 0
      vertex 23.4051 9.17981 4
      vertex 23.5472 9.1561 4
    endloop
  endfacet
  facet normal -0.365055 0.930986 0
    outer loop
      vertex 23.3977 9.17693 0
      vertex 23.4051 9.17981 4
      vertex 23.4051 9.17981 0
    endloop
  endfacet
  facet normal -0.365055 0.930986 0
    outer loop
      vertex 23.3977 9.17693 0
      vertex 23.3977 9.17693 4
      vertex 23.4051 9.17981 4
    endloop
  endfacet
  facet normal 0.794686 0.60702 0
    outer loop
      vertex 22.7859 9.97795 0
      vertex 23.3977 9.17693 4
      vertex 23.3977 9.17693 0
    endloop
  endfacet
  facet normal 0.794686 0.60702 -0
    outer loop
      vertex 22.7859 9.97795 0
      vertex 22.7859 9.97795 4
      vertex 23.3977 9.17693 4
    endloop
  endfacet
  facet normal 0.401682 -0.915779 0
    outer loop
      vertex 22.7961 9.98242 0
      vertex 22.7859 9.97795 4
      vertex 22.7859 9.97795 0
    endloop
  endfacet
  facet normal 0.401682 -0.915779 0
    outer loop
      vertex 22.7961 9.98242 0
      vertex 22.7961 9.98242 4
      vertex 22.7859 9.97795 4
    endloop
  endfacet
  facet normal 0.994138 -0.108118 0
    outer loop
      vertex 22.8116 10.1257 0
      vertex 22.7961 9.98242 4
      vertex 22.7961 9.98242 0
    endloop
  endfacet
  facet normal 0.994138 -0.108118 0
    outer loop
      vertex 22.8116 10.1257 0
      vertex 22.8116 10.1257 4
      vertex 22.7961 9.98242 4
    endloop
  endfacet
  facet normal 0.627331 -0.778753 0
    outer loop
      vertex 23.0499 10.3176 0
      vertex 22.8116 10.1257 4
      vertex 22.8116 10.1257 0
    endloop
  endfacet
  facet normal 0.627331 -0.778753 0
    outer loop
      vertex 23.0499 10.3176 0
      vertex 23.0499 10.3176 4
      vertex 22.8116 10.1257 4
    endloop
  endfacet
  facet normal 0.789069 -0.614304 0
    outer loop
      vertex 23.1587 10.4574 0
      vertex 23.0499 10.3176 4
      vertex 23.0499 10.3176 0
    endloop
  endfacet
  facet normal 0.789069 -0.614304 0
    outer loop
      vertex 23.1587 10.4574 0
      vertex 23.1587 10.4574 4
      vertex 23.0499 10.3176 4
    endloop
  endfacet
  facet normal 0.806361 -0.591424 0
    outer loop
      vertex 23.2493 10.5809 0
      vertex 23.1587 10.4574 4
      vertex 23.1587 10.4574 0
    endloop
  endfacet
  facet normal 0.806361 -0.591424 0
    outer loop
      vertex 23.2493 10.5809 0
      vertex 23.2493 10.5809 4
      vertex 23.1587 10.4574 4
    endloop
  endfacet
  facet normal 0.823571 -0.567214 0
    outer loop
      vertex 23.3475 10.7234 0
      vertex 23.2493 10.5809 4
      vertex 23.2493 10.5809 0
    endloop
  endfacet
  facet normal 0.823571 -0.567214 0
    outer loop
      vertex 23.3475 10.7234 0
      vertex 23.3475 10.7234 4
      vertex 23.2493 10.5809 4
    endloop
  endfacet
  facet normal 0.839474 -0.5434 0
    outer loop
      vertex 23.4516 10.8842 0
      vertex 23.3475 10.7234 4
      vertex 23.3475 10.7234 0
    endloop
  endfacet
  facet normal 0.839474 -0.5434 0
    outer loop
      vertex 23.4516 10.8842 0
      vertex 23.4516 10.8842 4
      vertex 23.3475 10.7234 4
    endloop
  endfacet
  facet normal 0.854074 -0.520151 0
    outer loop
      vertex 23.5601 11.0625 0
      vertex 23.4516 10.8842 4
      vertex 23.4516 10.8842 0
    endloop
  endfacet
  facet normal 0.854074 -0.520151 0
    outer loop
      vertex 23.5601 11.0625 0
      vertex 23.5601 11.0625 4
      vertex 23.4516 10.8842 4
    endloop
  endfacet
  facet normal 0.867749 -0.497002 0
    outer loop
      vertex 23.6717 11.2573 0
      vertex 23.5601 11.0625 4
      vertex 23.5601 11.0625 0
    endloop
  endfacet
  facet normal 0.867749 -0.497002 0
    outer loop
      vertex 23.6717 11.2573 0
      vertex 23.6717 11.2573 4
      vertex 23.5601 11.0625 4
    endloop
  endfacet
  facet normal 0.880094 -0.4748 0
    outer loop
      vertex 23.7852 11.4677 0
      vertex 23.6717 11.2573 4
      vertex 23.6717 11.2573 0
    endloop
  endfacet
  facet normal 0.880094 -0.4748 0
    outer loop
      vertex 23.7852 11.4677 0
      vertex 23.7852 11.4677 4
      vertex 23.6717 11.2573 4
    endloop
  endfacet
  facet normal 0.891271 -0.453471 0
    outer loop
      vertex 23.8996 11.6925 0
      vertex 23.7852 11.4677 4
      vertex 23.7852 11.4677 0
    endloop
  endfacet
  facet normal 0.891271 -0.453471 0
    outer loop
      vertex 23.8996 11.6925 0
      vertex 23.8996 11.6925 4
      vertex 23.7852 11.4677 4
    endloop
  endfacet
  facet normal 0.901501 -0.432778 0
    outer loop
      vertex 24.0139 11.9305 0
      vertex 23.8996 11.6925 4
      vertex 23.8996 11.6925 0
    endloop
  endfacet
  facet normal 0.901501 -0.432778 0
    outer loop
      vertex 24.0139 11.9305 0
      vertex 24.0139 11.9305 4
      vertex 23.8996 11.6925 4
    endloop
  endfacet
  facet normal 0.911053 -0.412289 0
    outer loop
      vertex 24.0611 12.035 0
      vertex 24.0139 11.9305 4
      vertex 24.0139 11.9305 0
    endloop
  endfacet
  facet normal 0.911053 -0.412289 0
    outer loop
      vertex 24.0611 12.035 0
      vertex 24.0611 12.035 4
      vertex 24.0139 11.9305 4
    endloop
  endfacet
  facet normal 0.74995 0.661494 0
    outer loop
      vertex 23.6789 12.4684 0
      vertex 24.0611 12.035 4
      vertex 24.0611 12.035 0
    endloop
  endfacet
  facet normal 0.74995 0.661494 -0
    outer loop
      vertex 23.6789 12.4684 0
      vertex 23.6789 12.4684 4
      vertex 24.0611 12.035 4
    endloop
  endfacet
  facet normal -0.278355 0.960478 0
    outer loop
      vertex 23.5878 12.442 0
      vertex 23.6789 12.4684 4
      vertex 23.6789 12.4684 0
    endloop
  endfacet
  facet normal -0.278355 0.960478 0
    outer loop
      vertex 23.5878 12.442 0
      vertex 23.5878 12.442 4
      vertex 23.6789 12.4684 4
    endloop
  endfacet
  facet normal -0.298502 0.954409 0
    outer loop
      vertex 23.325 12.3598 0
      vertex 23.5878 12.442 4
      vertex 23.5878 12.442 0
    endloop
  endfacet
  facet normal -0.298502 0.954409 0
    outer loop
      vertex 23.325 12.3598 0
      vertex 23.325 12.3598 4
      vertex 23.5878 12.442 4
    endloop
  endfacet
  facet normal -0.324373 0.945929 0
    outer loop
      vertex 23.0819 12.2765 0
      vertex 23.325 12.3598 4
      vertex 23.325 12.3598 0
    endloop
  endfacet
  facet normal -0.324373 0.945929 0
    outer loop
      vertex 23.0819 12.2765 0
      vertex 23.0819 12.2765 4
      vertex 23.325 12.3598 4
    endloop
  endfacet
  facet normal -0.349416 0.936968 0
    outer loop
      vertex 22.8571 12.1926 0
      vertex 23.0819 12.2765 4
      vertex 23.0819 12.2765 0
    endloop
  endfacet
  facet normal -0.349416 0.936968 0
    outer loop
      vertex 22.8571 12.1926 0
      vertex 22.8571 12.1926 4
      vertex 23.0819 12.2765 4
    endloop
  endfacet
  facet normal -0.373091 0.927795 0
    outer loop
      vertex 22.649 12.1089 0
      vertex 22.8571 12.1926 4
      vertex 22.8571 12.1926 0
    endloop
  endfacet
  facet normal -0.373091 0.927795 0
    outer loop
      vertex 22.649 12.1089 0
      vertex 22.649 12.1089 4
      vertex 22.8571 12.1926 4
    endloop
  endfacet
  facet normal -0.395121 0.918629 0
    outer loop
      vertex 22.4562 12.026 0
      vertex 22.649 12.1089 4
      vertex 22.649 12.1089 0
    endloop
  endfacet
  facet normal -0.395121 0.918629 0
    outer loop
      vertex 22.4562 12.026 0
      vertex 22.4562 12.026 4
      vertex 22.649 12.1089 4
    endloop
  endfacet
  facet normal -0.416067 0.909334 0
    outer loop
      vertex 22.2772 11.9441 0
      vertex 22.4562 12.026 4
      vertex 22.4562 12.026 0
    endloop
  endfacet
  facet normal -0.416067 0.909334 0
    outer loop
      vertex 22.2772 11.9441 0
      vertex 22.2772 11.9441 4
      vertex 22.4562 12.026 4
    endloop
  endfacet
  facet normal -0.440978 0.897518 0
    outer loop
      vertex 22.0316 11.8235 0
      vertex 22.2772 11.9441 4
      vertex 22.2772 11.9441 0
    endloop
  endfacet
  facet normal -0.440978 0.897518 0
    outer loop
      vertex 22.0316 11.8235 0
      vertex 22.0316 11.8235 4
      vertex 22.2772 11.9441 4
    endloop
  endfacet
  facet normal -0.466847 0.884338 0
    outer loop
      vertex 21.7856 11.6936 0
      vertex 22.0316 11.8235 4
      vertex 22.0316 11.8235 0
    endloop
  endfacet
  facet normal -0.466847 0.884338 0
    outer loop
      vertex 21.7856 11.6936 0
      vertex 21.7856 11.6936 4
      vertex 22.0316 11.8235 4
    endloop
  endfacet
  facet normal -0.68568 0.727903 0
    outer loop
      vertex 21.5988 11.5176 0
      vertex 21.7856 11.6936 4
      vertex 21.7856 11.6936 0
    endloop
  endfacet
  facet normal -0.68568 0.727903 0
    outer loop
      vertex 21.5988 11.5176 0
      vertex 21.5988 11.5176 4
      vertex 21.7856 11.6936 4
    endloop
  endfacet
  facet normal 0.0309207 0.999522 0
    outer loop
      vertex 21.4548 11.5221 0
      vertex 21.5988 11.5176 4
      vertex 21.5988 11.5176 0
    endloop
  endfacet
  facet normal 0.0309207 0.999522 -0
    outer loop
      vertex 21.4548 11.5221 0
      vertex 21.4548 11.5221 4
      vertex 21.5988 11.5176 4
    endloop
  endfacet
  facet normal -0.472707 0.88122 0
    outer loop
      vertex 21.4525 11.5209 0
      vertex 21.4548 11.5221 4
      vertex 21.4548 11.5221 0
    endloop
  endfacet
  facet normal -0.472707 0.88122 0
    outer loop
      vertex 21.4525 11.5209 0
      vertex 21.4525 11.5209 4
      vertex 21.4548 11.5221 4
    endloop
  endfacet
  facet normal 0.707625 0.706588 0
    outer loop
      vertex 20.7561 12.2183 0
      vertex 21.4525 11.5209 4
      vertex 21.4525 11.5209 0
    endloop
  endfacet
  facet normal 0.707625 0.706588 -0
    outer loop
      vertex 20.7561 12.2183 0
      vertex 20.7561 12.2183 4
      vertex 21.4525 11.5209 4
    endloop
  endfacet
  facet normal 0.507085 -0.861896 0
    outer loop
      vertex 20.765 12.2235 0
      vertex 20.7561 12.2183 4
      vertex 20.7561 12.2183 0
    endloop
  endfacet
  facet normal 0.507085 -0.861896 0
    outer loop
      vertex 20.765 12.2235 0
      vertex 20.765 12.2235 4
      vertex 20.7561 12.2183 4
    endloop
  endfacet
  facet normal 0.999912 0.0132362 0
    outer loop
      vertex 20.7631 12.3676 0
      vertex 20.765 12.2235 4
      vertex 20.765 12.2235 0
    endloop
  endfacet
  facet normal 0.999912 0.0132362 -0
    outer loop
      vertex 20.7631 12.3676 0
      vertex 20.7631 12.3676 4
      vertex 20.765 12.2235 4
    endloop
  endfacet
  facet normal 0.716956 -0.697119 0
    outer loop
      vertex 20.9556 12.5656 0
      vertex 20.7631 12.3676 4
      vertex 20.7631 12.3676 0
    endloop
  endfacet
  facet normal 0.716956 -0.697119 0
    outer loop
      vertex 20.9556 12.5656 0
      vertex 20.9556 12.5656 4
      vertex 20.7631 12.3676 4
    endloop
  endfacet
  facet normal 0.872121 -0.489289 0
    outer loop
      vertex 21.0851 12.7965 0
      vertex 20.9556 12.5656 4
      vertex 20.9556 12.5656 0
    endloop
  endfacet
  facet normal 0.872121 -0.489289 0
    outer loop
      vertex 21.0851 12.7965 0
      vertex 21.0851 12.7965 4
      vertex 20.9556 12.5656 4
    endloop
  endfacet
  facet normal 0.886349 -0.463017 0
    outer loop
      vertex 21.1654 12.9502 0
      vertex 21.0851 12.7965 4
      vertex 21.0851 12.7965 0
    endloop
  endfacet
  facet normal 0.886349 -0.463017 0
    outer loop
      vertex 21.1654 12.9502 0
      vertex 21.1654 12.9502 4
      vertex 21.0851 12.7965 4
    endloop
  endfacet
  facet normal 0.89693 -0.442173 0
    outer loop
      vertex 21.249 13.1199 0
      vertex 21.1654 12.9502 4
      vertex 21.1654 12.9502 0
    endloop
  endfacet
  facet normal 0.89693 -0.442173 0
    outer loop
      vertex 21.249 13.1199 0
      vertex 21.249 13.1199 4
      vertex 21.1654 12.9502 4
    endloop
  endfacet
  facet normal 0.907025 -0.421076 0
    outer loop
      vertex 21.3348 13.3046 0
      vertex 21.249 13.1199 4
      vertex 21.249 13.1199 0
    endloop
  endfacet
  facet normal 0.907025 -0.421076 0
    outer loop
      vertex 21.3348 13.3046 0
      vertex 21.3348 13.3046 4
      vertex 21.249 13.1199 4
    endloop
  endfacet
  facet normal 0.9157 -0.401863 0
    outer loop
      vertex 21.4219 13.5031 0
      vertex 21.3348 13.3046 4
      vertex 21.3348 13.3046 0
    endloop
  endfacet
  facet normal 0.9157 -0.401863 0
    outer loop
      vertex 21.4219 13.5031 0
      vertex 21.4219 13.5031 4
      vertex 21.3348 13.3046 4
    endloop
  endfacet
  facet normal 0.92358 -0.383407 0
    outer loop
      vertex 21.5096 13.7143 0
      vertex 21.4219 13.5031 4
      vertex 21.4219 13.5031 0
    endloop
  endfacet
  facet normal 0.92358 -0.383407 0
    outer loop
      vertex 21.5096 13.7143 0
      vertex 21.5096 13.7143 4
      vertex 21.4219 13.5031 4
    endloop
  endfacet
  facet normal 0.931074 -0.36483 0
    outer loop
      vertex 21.5969 13.9371 0
      vertex 21.5096 13.7143 4
      vertex 21.5096 13.7143 0
    endloop
  endfacet
  facet normal 0.931074 -0.36483 0
    outer loop
      vertex 21.5969 13.9371 0
      vertex 21.5969 13.9371 4
      vertex 21.5096 13.7143 4
    endloop
  endfacet
  facet normal 0.937479 -0.348042 0
    outer loop
      vertex 21.6835 14.1703 0
      vertex 21.5969 13.9371 4
      vertex 21.5969 13.9371 0
    endloop
  endfacet
  facet normal 0.937479 -0.348042 0
    outer loop
      vertex 21.6835 14.1703 0
      vertex 21.6835 14.1703 4
      vertex 21.5969 13.9371 4
    endloop
  endfacet
  facet normal 0.943514 -0.331331 0
    outer loop
      vertex 21.7723 14.4232 0
      vertex 21.6835 14.1703 4
      vertex 21.6835 14.1703 0
    endloop
  endfacet
  facet normal 0.943514 -0.331331 0
    outer loop
      vertex 21.7723 14.4232 0
      vertex 21.7723 14.4232 4
      vertex 21.6835 14.1703 4
    endloop
  endfacet
  facet normal 0.668863 0.743386 0
    outer loop
      vertex 21.3341 14.8175 0
      vertex 21.7723 14.4232 4
      vertex 21.7723 14.4232 0
    endloop
  endfacet
  facet normal 0.668863 0.743386 -0
    outer loop
      vertex 21.3341 14.8175 0
      vertex 21.3341 14.8175 4
      vertex 21.7723 14.4232 4
    endloop
  endfacet
  facet normal -0.396014 0.918244 0
    outer loop
      vertex 21.2227 14.7695 0
      vertex 21.3341 14.8175 4
      vertex 21.3341 14.8175 0
    endloop
  endfacet
  facet normal -0.396014 0.918244 0
    outer loop
      vertex 21.2227 14.7695 0
      vertex 21.2227 14.7695 4
      vertex 21.3341 14.8175 4
    endloop
  endfacet
  facet normal -0.417171 0.908828 0
    outer loop
      vertex 20.9831 14.6595 0
      vertex 21.2227 14.7695 4
      vertex 21.2227 14.7695 0
    endloop
  endfacet
  facet normal -0.417171 0.908828 0
    outer loop
      vertex 20.9831 14.6595 0
      vertex 20.9831 14.6595 4
      vertex 21.2227 14.7695 4
    endloop
  endfacet
  facet normal -0.437244 0.899343 0
    outer loop
      vertex 20.7595 14.5508 0
      vertex 20.9831 14.6595 4
      vertex 20.9831 14.6595 0
    endloop
  endfacet
  facet normal -0.437244 0.899343 0
    outer loop
      vertex 20.7595 14.5508 0
      vertex 20.7595 14.5508 4
      vertex 20.9831 14.6595 4
    endloop
  endfacet
  facet normal -0.455453 0.89026 0
    outer loop
      vertex 20.5503 14.4438 0
      vertex 20.7595 14.5508 4
      vertex 20.7595 14.5508 0
    endloop
  endfacet
  facet normal -0.455453 0.89026 0
    outer loop
      vertex 20.5503 14.4438 0
      vertex 20.5503 14.4438 4
      vertex 20.7595 14.5508 4
    endloop
  endfacet
  facet normal -0.473041 0.88104 0
    outer loop
      vertex 20.3541 14.3384 0
      vertex 20.5503 14.4438 4
      vertex 20.5503 14.4438 0
    endloop
  endfacet
  facet normal -0.473041 0.88104 0
    outer loop
      vertex 20.3541 14.3384 0
      vertex 20.3541 14.3384 4
      vertex 20.5503 14.4438 4
    endloop
  endfacet
  facet normal -0.493374 0.869817 0
    outer loop
      vertex 20.0815 14.1838 0
      vertex 20.3541 14.3384 4
      vertex 20.3541 14.3384 0
    endloop
  endfacet
  facet normal -0.493374 0.869817 0
    outer loop
      vertex 20.0815 14.1838 0
      vertex 20.0815 14.1838 4
      vertex 20.3541 14.3384 4
    endloop
  endfacet
  facet normal -0.51547 0.856908 0
    outer loop
      vertex 19.8308 14.033 0
      vertex 20.0815 14.1838 4
      vertex 20.0815 14.1838 0
    endloop
  endfacet
  facet normal -0.51547 0.856908 0
    outer loop
      vertex 19.8308 14.033 0
      vertex 19.8308 14.033 4
      vertex 20.0815 14.1838 4
    endloop
  endfacet
  facet normal -0.538133 0.84286 0
    outer loop
      vertex 19.5073 13.8265 0
      vertex 19.8308 14.033 4
      vertex 19.8308 14.033 0
    endloop
  endfacet
  facet normal -0.538133 0.84286 0
    outer loop
      vertex 19.5073 13.8265 0
      vertex 19.5073 13.8265 4
      vertex 19.8308 14.033 4
    endloop
  endfacet
  facet normal -0.758573 0.651588 0
    outer loop
      vertex 19.3574 13.652 0
      vertex 19.5073 13.8265 4
      vertex 19.5073 13.8265 0
    endloop
  endfacet
  facet normal -0.758573 0.651588 0
    outer loop
      vertex 19.3574 13.652 0
      vertex 19.3574 13.652 4
      vertex 19.5073 13.8265 4
    endloop
  endfacet
  facet normal -0.0784189 0.99692 0
    outer loop
      vertex 19.2129 13.6406 0
      vertex 19.3574 13.652 4
      vertex 19.3574 13.652 0
    endloop
  endfacet
  facet normal -0.0784189 0.99692 0
    outer loop
      vertex 19.2129 13.6406 0
      vertex 19.2129 13.6406 4
      vertex 19.3574 13.652 4
    endloop
  endfacet
  facet normal 0.634177 0.773188 0
    outer loop
      vertex 18.47 14.2499 0
      vertex 19.2129 13.6406 4
      vertex 19.2129 13.6406 0
    endloop
  endfacet
  facet normal 0.634177 0.773188 -0
    outer loop
      vertex 18.47 14.2499 0
      vertex 18.47 14.2499 4
      vertex 19.2129 13.6406 4
    endloop
  endfacet
  facet normal 0.610875 -0.791727 0
    outer loop
      vertex 18.4761 14.2545 0
      vertex 18.47 14.2499 4
      vertex 18.47 14.2499 0
    endloop
  endfacet
  facet normal 0.610875 -0.791727 0
    outer loop
      vertex 18.4761 14.2545 0
      vertex 18.4761 14.2545 4
      vertex 18.47 14.2499 4
    endloop
  endfacet
  facet normal 0.994207 0.107479 0
    outer loop
      vertex 18.4606 14.3978 0
      vertex 18.4761 14.2545 4
      vertex 18.4761 14.2545 0
    endloop
  endfacet
  facet normal 0.994207 0.107479 -0
    outer loop
      vertex 18.4606 14.3978 0
      vertex 18.4606 14.3978 4
      vertex 18.4761 14.2545 4
    endloop
  endfacet
  facet normal 0.779311 -0.626638 0
    outer loop
      vertex 18.6159 14.591 0
      vertex 18.4606 14.3978 4
      vertex 18.4606 14.3978 0
    endloop
  endfacet
  facet normal 0.779311 -0.626638 0
    outer loop
      vertex 18.6159 14.591 0
      vertex 18.6159 14.591 4
      vertex 18.4606 14.3978 4
    endloop
  endfacet
  facet normal 0.922538 -0.385906 0
    outer loop
      vertex 18.7231 14.8473 0
      vertex 18.6159 14.591 4
      vertex 18.6159 14.591 0
    endloop
  endfacet
  facet normal 0.922538 -0.385906 0
    outer loop
      vertex 18.7231 14.8473 0
      vertex 18.7231 14.8473 4
      vertex 18.6159 14.591 4
    endloop
  endfacet
  facet normal 0.933094 -0.359634 0
    outer loop
      vertex 18.8237 15.1082 0
      vertex 18.7231 14.8473 4
      vertex 18.7231 14.8473 0
    endloop
  endfacet
  facet normal 0.933094 -0.359634 0
    outer loop
      vertex 18.8237 15.1082 0
      vertex 18.8237 15.1082 4
      vertex 18.7231 14.8473 4
    endloop
  endfacet
  facet normal 0.942252 -0.334905 0
    outer loop
      vertex 18.9262 15.3966 0
      vertex 18.8237 15.1082 4
      vertex 18.8237 15.1082 0
    endloop
  endfacet
  facet normal 0.942252 -0.334905 0
    outer loop
      vertex 18.9262 15.3966 0
      vertex 18.9262 15.3966 4
      vertex 18.8237 15.1082 4
    endloop
  endfacet
  facet normal 0.950127 -0.311864 0
    outer loop
      vertex 19.0286 15.7088 0
      vertex 18.9262 15.3966 4
      vertex 18.9262 15.3966 0
    endloop
  endfacet
  facet normal 0.950127 -0.311864 0
    outer loop
      vertex 19.0286 15.7088 0
      vertex 19.0286 15.7088 4
      vertex 18.9262 15.3966 4
    endloop
  endfacet
  facet normal 0.956879 -0.290487 0
    outer loop
      vertex 19.1295 16.0411 0
      vertex 19.0286 15.7088 4
      vertex 19.0286 15.7088 0
    endloop
  endfacet
  facet normal 0.956879 -0.290487 0
    outer loop
      vertex 19.1295 16.0411 0
      vertex 19.1295 16.0411 4
      vertex 19.0286 15.7088 4
    endloop
  endfacet
  facet normal 0.962495 -0.271299 0
    outer loop
      vertex 19.2278 16.3898 0
      vertex 19.1295 16.0411 4
      vertex 19.1295 16.0411 0
    endloop
  endfacet
  facet normal 0.962495 -0.271299 0
    outer loop
      vertex 19.2278 16.3898 0
      vertex 19.2278 16.3898 4
      vertex 19.1295 16.0411 4
    endloop
  endfacet
  facet normal 0.966576 -0.256381 0
    outer loop
      vertex 19.2692 16.546 0
      vertex 19.2278 16.3898 4
      vertex 19.2278 16.3898 0
    endloop
  endfacet
  facet normal 0.966576 -0.256381 0
    outer loop
      vertex 19.2692 16.546 0
      vertex 19.2692 16.546 4
      vertex 19.2278 16.3898 4
    endloop
  endfacet
  facet normal 0.603822 0.797119 0
    outer loop
      vertex 18.7894 16.9094 0
      vertex 19.2692 16.546 4
      vertex 19.2692 16.546 0
    endloop
  endfacet
  facet normal 0.603822 0.797119 -0
    outer loop
      vertex 18.7894 16.9094 0
      vertex 18.7894 16.9094 4
      vertex 19.2692 16.546 4
    endloop
  endfacet
  facet normal -0.490361 0.871519 0
    outer loop
      vertex 18.6628 16.8382 0
      vertex 18.7894 16.9094 4
      vertex 18.7894 16.9094 0
    endloop
  endfacet
  facet normal -0.490361 0.871519 0
    outer loop
      vertex 18.6628 16.8382 0
      vertex 18.6628 16.8382 4
      vertex 18.7894 16.9094 4
    endloop
  endfacet
  facet normal -0.505298 0.862945 0
    outer loop
      vertex 18.4448 16.7105 0
      vertex 18.6628 16.8382 4
      vertex 18.6628 16.8382 0
    endloop
  endfacet
  facet normal -0.505298 0.862945 0
    outer loop
      vertex 18.4448 16.7105 0
      vertex 18.4448 16.7105 4
      vertex 18.6628 16.8382 4
    endloop
  endfacet
  facet normal -0.523199 0.852211 0
    outer loop
      vertex 18.1404 16.5236 0
      vertex 18.4448 16.7105 4
      vertex 18.4448 16.7105 0
    endloop
  endfacet
  facet normal -0.523199 0.852211 0
    outer loop
      vertex 18.1404 16.5236 0
      vertex 18.1404 16.5236 4
      vertex 18.4448 16.7105 4
    endloop
  endfacet
  facet normal -0.542197 0.840251 0
    outer loop
      vertex 17.8588 16.3419 0
      vertex 18.1404 16.5236 4
      vertex 18.1404 16.5236 0
    endloop
  endfacet
  facet normal -0.542197 0.840251 0
    outer loop
      vertex 17.8588 16.3419 0
      vertex 17.8588 16.3419 4
      vertex 18.1404 16.5236 4
    endloop
  endfacet
  facet normal -0.562096 0.827072 0
    outer loop
      vertex 17.5125 16.1066 0
      vertex 17.8588 16.3419 4
      vertex 17.8588 16.3419 0
    endloop
  endfacet
  facet normal -0.562096 0.827072 0
    outer loop
      vertex 17.5125 16.1066 0
      vertex 17.5125 16.1066 4
      vertex 17.8588 16.3419 4
    endloop
  endfacet
  facet normal -0.581953 0.813222 0
    outer loop
      vertex 17.1923 15.8774 0
      vertex 17.5125 16.1066 4
      vertex 17.5125 16.1066 0
    endloop
  endfacet
  facet normal -0.581953 0.813222 0
    outer loop
      vertex 17.1923 15.8774 0
      vertex 17.1923 15.8774 4
      vertex 17.5125 16.1066 4
    endloop
  endfacet
  facet normal -0.594364 0.804196 0
    outer loop
      vertex 17.0285 15.7564 0
      vertex 17.1923 15.8774 4
      vertex 17.1923 15.8774 0
    endloop
  endfacet
  facet normal -0.594364 0.804196 0
    outer loop
      vertex 17.0285 15.7564 0
      vertex 17.0285 15.7564 4
      vertex 17.1923 15.8774 4
    endloop
  endfacet
  facet normal -0.80772 0.589566 0
    outer loop
      vertex 16.9058 15.5883 0
      vertex 17.0285 15.7564 4
      vertex 17.0285 15.7564 0
    endloop
  endfacet
  facet normal -0.80772 0.589566 0
    outer loop
      vertex 16.9058 15.5883 0
      vertex 16.9058 15.5883 4
      vertex 17.0285 15.7564 4
    endloop
  endfacet
  facet normal -0.160248 0.987077 0
    outer loop
      vertex 16.7622 15.565 0
      vertex 16.9058 15.5883 4
      vertex 16.9058 15.5883 0
    endloop
  endfacet
  facet normal -0.160248 0.987077 0
    outer loop
      vertex 16.7622 15.565 0
      vertex 16.7622 15.565 4
      vertex 16.9058 15.5883 4
    endloop
  endfacet
  facet normal 0.577616 0.816309 0
    outer loop
      vertex 15.9973 16.1062 0
      vertex 16.7622 15.565 4
      vertex 16.7622 15.565 0
    endloop
  endfacet
  facet normal 0.577616 0.816309 -0
    outer loop
      vertex 15.9973 16.1062 0
      vertex 15.9973 16.1062 4
      vertex 16.7622 15.565 4
    endloop
  endfacet
  facet normal 0.708708 -0.705502 0
    outer loop
      vertex 16.0007 16.1096 0
      vertex 15.9973 16.1062 4
      vertex 15.9973 16.1062 0
    endloop
  endfacet
  facet normal 0.708708 -0.705502 0
    outer loop
      vertex 16.0007 16.1096 0
      vertex 16.0007 16.1096 4
      vertex 15.9973 16.1062 4
    endloop
  endfacet
  facet normal 0.984277 0.17663 0
    outer loop
      vertex 15.9752 16.2514 0
      vertex 16.0007 16.1096 4
      vertex 16.0007 16.1096 0
    endloop
  endfacet
  facet normal 0.984277 0.17663 -0
    outer loop
      vertex 15.9752 16.2514 0
      vertex 15.9752 16.2514 4
      vertex 16.0007 16.1096 4
    endloop
  endfacet
  facet normal 0.821016 -0.570906 0
    outer loop
      vertex 16.1023 16.4342 0
      vertex 15.9752 16.2514 4
      vertex 15.9752 16.2514 0
    endloop
  endfacet
  facet normal 0.821016 -0.570906 0
    outer loop
      vertex 16.1023 16.4342 0
      vertex 16.1023 16.4342 4
      vertex 15.9752 16.2514 4
    endloop
  endfacet
  facet normal 0.954029 -0.299715 0
    outer loop
      vertex 16.2176 16.8013 0
      vertex 16.1023 16.4342 4
      vertex 16.1023 16.4342 0
    endloop
  endfacet
  facet normal 0.954029 -0.299715 0
    outer loop
      vertex 16.2176 16.8013 0
      vertex 16.2176 16.8013 4
      vertex 16.1023 16.4342 4
    endloop
  endfacet
  facet normal 0.960869 -0.277002 0
    outer loop
      vertex 16.3003 17.0881 0
      vertex 16.2176 16.8013 4
      vertex 16.2176 16.8013 0
    endloop
  endfacet
  facet normal 0.960869 -0.277002 0
    outer loop
      vertex 16.3003 17.0881 0
      vertex 16.3003 17.0881 4
      vertex 16.2176 16.8013 4
    endloop
  endfacet
  facet normal 0.966721 -0.255834 0
    outer loop
      vertex 16.4094 17.5003 0
      vertex 16.3003 17.0881 4
      vertex 16.3003 17.0881 0
    endloop
  endfacet
  facet normal 0.966721 -0.255834 0
    outer loop
      vertex 16.4094 17.5003 0
      vertex 16.4094 17.5003 4
      vertex 16.3003 17.0881 4
    endloop
  endfacet
  facet normal 0.972117 -0.234495 0
    outer loop
      vertex 16.5154 17.9397 0
      vertex 16.4094 17.5003 4
      vertex 16.4094 17.5003 0
    endloop
  endfacet
  facet normal 0.972117 -0.234495 0
    outer loop
      vertex 16.5154 17.9397 0
      vertex 16.5154 17.9397 4
      vertex 16.4094 17.5003 4
    endloop
  endfacet
  facet normal 0.976741 -0.214425 0
    outer loop
      vertex 16.6286 18.4556 0
      vertex 16.5154 17.9397 4
      vertex 16.5154 17.9397 0
    endloop
  endfacet
  facet normal 0.976741 -0.214425 0
    outer loop
      vertex 16.6286 18.4556 0
      vertex 16.6286 18.4556 4
      vertex 16.5154 17.9397 4
    endloop
  endfacet
  facet normal 0.555171 0.831736 0
    outer loop
      vertex 16.1184 18.7961 0
      vertex 16.6286 18.4556 4
      vertex 16.6286 18.4556 0
    endloop
  endfacet
  facet normal 0.555171 0.831736 -0
    outer loop
      vertex 16.1184 18.7961 0
      vertex 16.1184 18.7961 4
      vertex 16.6286 18.4556 4
    endloop
  endfacet
  facet normal -0.559925 0.828543 0
    outer loop
      vertex 15.8794 18.6346 0
      vertex 16.1184 18.7961 4
      vertex 16.1184 18.7961 0
    endloop
  endfacet
  facet normal -0.559925 0.828543 0
    outer loop
      vertex 15.8794 18.6346 0
      vertex 15.8794 18.6346 4
      vertex 16.1184 18.7961 4
    endloop
  endfacet
  facet normal -0.577709 0.816243 0
    outer loop
      vertex 15.4969 18.3639 0
      vertex 15.8794 18.6346 4
      vertex 15.8794 18.6346 0
    endloop
  endfacet
  facet normal -0.577709 0.816243 0
    outer loop
      vertex 15.4969 18.3639 0
      vertex 15.4969 18.3639 4
      vertex 15.8794 18.6346 4
    endloop
  endfacet
  facet normal -0.595385 0.80344 0
    outer loop
      vertex 15.1433 18.1019 0
      vertex 15.4969 18.3639 4
      vertex 15.4969 18.3639 0
    endloop
  endfacet
  facet normal -0.595385 0.80344 0
    outer loop
      vertex 15.1433 18.1019 0
      vertex 15.1433 18.1019 4
      vertex 15.4969 18.3639 4
    endloop
  endfacet
  facet normal -0.612511 0.790462 0
    outer loop
      vertex 14.733 17.7839 0
      vertex 15.1433 18.1019 4
      vertex 15.1433 18.1019 0
    endloop
  endfacet
  facet normal -0.612511 0.790462 0
    outer loop
      vertex 14.733 17.7839 0
      vertex 14.733 17.7839 4
      vertex 15.1433 18.1019 4
    endloop
  endfacet
  facet normal -0.627257 0.778813 0
    outer loop
      vertex 14.4166 17.5291 0
      vertex 14.733 17.7839 4
      vertex 14.733 17.7839 0
    endloop
  endfacet
  facet normal -0.627257 0.778813 0
    outer loop
      vertex 14.4166 17.5291 0
      vertex 14.4166 17.5291 4
      vertex 14.733 17.7839 4
    endloop
  endfacet
  facet normal -0.839974 0.542626 0
    outer loop
      vertex 14.3112 17.3659 0
      vertex 14.4166 17.5291 4
      vertex 14.4166 17.5291 0
    endloop
  endfacet
  facet normal -0.839974 0.542626 0
    outer loop
      vertex 14.3112 17.3659 0
      vertex 14.3112 17.3659 4
      vertex 14.4166 17.5291 4
    endloop
  endfacet
  facet normal -0.210209 0.977657 0
    outer loop
      vertex 14.1703 17.3356 0
      vertex 14.3112 17.3659 4
      vertex 14.3112 17.3659 0
    endloop
  endfacet
  facet normal -0.210209 0.977657 0
    outer loop
      vertex 14.1703 17.3356 0
      vertex 14.1703 17.3356 4
      vertex 14.3112 17.3659 4
    endloop
  endfacet
  facet normal -0.775019 0.631938 0
    outer loop
      vertex 14.1687 17.3336 0
      vertex 14.1703 17.3356 4
      vertex 14.1703 17.3356 0
    endloop
  endfacet
  facet normal -0.775019 0.631938 0
    outer loop
      vertex 14.1687 17.3336 0
      vertex 14.1687 17.3336 4
      vertex 14.1703 17.3356 4
    endloop
  endfacet
  facet normal 0.53579 0.844351 0
    outer loop
      vertex 13.3926 17.8261 0
      vertex 14.1687 17.3336 4
      vertex 14.1687 17.3336 0
    endloop
  endfacet
  facet normal 0.53579 0.844351 -0
    outer loop
      vertex 13.3926 17.8261 0
      vertex 13.3926 17.8261 4
      vertex 14.1687 17.3336 4
    endloop
  endfacet
  facet normal 0.8 -0.6 0
    outer loop
      vertex 13.394 17.828 0
      vertex 13.3926 17.8261 4
      vertex 13.3926 17.8261 0
    endloop
  endfacet
  facet normal 0.8 -0.6 0
    outer loop
      vertex 13.394 17.828 0
      vertex 13.394 17.828 4
      vertex 13.3926 17.8261 4
    endloop
  endfacet
  facet normal 0.974085 0.226182 0
    outer loop
      vertex 13.3615 17.9683 0
      vertex 13.394 17.828 4
      vertex 13.394 17.828 0
    endloop
  endfacet
  facet normal 0.974085 0.226182 -0
    outer loop
      vertex 13.3615 17.9683 0
      vertex 13.3615 17.9683 4
      vertex 13.394 17.828 4
    endloop
  endfacet
  facet normal 0.848801 -0.528713 0
    outer loop
      vertex 13.4686 18.1404 0
      vertex 13.3615 17.9683 4
      vertex 13.3615 17.9683 0
    endloop
  endfacet
  facet normal 0.848801 -0.528713 0
    outer loop
      vertex 13.4686 18.1404 0
      vertex 13.4686 18.1404 4
      vertex 13.3615 17.9683 4
    endloop
  endfacet
  facet normal 0.971081 -0.23875 0
    outer loop
      vertex 13.5638 18.5274 0
      vertex 13.4686 18.1404 4
      vertex 13.4686 18.1404 0
    endloop
  endfacet
  facet normal 0.971081 -0.23875 0
    outer loop
      vertex 13.5638 18.5274 0
      vertex 13.5638 18.5274 4
      vertex 13.4686 18.1404 4
    endloop
  endfacet
  facet normal 0.976108 -0.217286 0
    outer loop
      vertex 13.6763 19.0326 0
      vertex 13.5638 18.5274 4
      vertex 13.5638 18.5274 0
    endloop
  endfacet
  facet normal 0.976108 -0.217286 0
    outer loop
      vertex 13.6763 19.0326 0
      vertex 13.6763 19.0326 4
      vertex 13.5638 18.5274 4
    endloop
  endfacet
  facet normal 0.98058 -0.196121 0
    outer loop
      vertex 13.7843 19.5731 0
      vertex 13.6763 19.0326 4
      vertex 13.6763 19.0326 0
    endloop
  endfacet
  facet normal 0.98058 -0.196121 0
    outer loop
      vertex 13.7843 19.5731 0
      vertex 13.7843 19.5731 4
      vertex 13.6763 19.0326 4
    endloop
  endfacet
  facet normal 0.984516 -0.175296 0
    outer loop
      vertex 13.8973 20.2074 0
      vertex 13.7843 19.5731 4
      vertex 13.7843 19.5731 0
    endloop
  endfacet
  facet normal 0.984516 -0.175296 0
    outer loop
      vertex 13.8973 20.2074 0
      vertex 13.8973 20.2074 4
      vertex 13.7843 19.5731 4
    endloop
  endfacet
  facet normal 0.518621 0.855004 0
    outer loop
      vertex 13.367 20.5291 0
      vertex 13.8973 20.2074 4
      vertex 13.8973 20.2074 0
    endloop
  endfacet
  facet normal 0.518621 0.855004 -0
    outer loop
      vertex 13.367 20.5291 0
      vertex 13.367 20.5291 4
      vertex 13.8973 20.2074 4
    endloop
  endfacet
  facet normal -0.607432 0.794371 0
    outer loop
      vertex 13.0365 20.2764 0
      vertex 13.367 20.5291 4
      vertex 13.367 20.5291 0
    endloop
  endfacet
  facet normal -0.607432 0.794371 0
    outer loop
      vertex 13.0365 20.2764 0
      vertex 13.0365 20.2764 4
      vertex 13.367 20.5291 4
    endloop
  endfacet
  facet normal -0.623015 0.78221 0
    outer loop
      vertex 12.5952 19.9249 0
      vertex 13.0365 20.2764 4
      vertex 13.0365 20.2764 0
    endloop
  endfacet
  facet normal -0.623015 0.78221 0
    outer loop
      vertex 12.5952 19.9249 0
      vertex 12.5952 19.9249 4
      vertex 13.0365 20.2764 4
    endloop
  endfacet
  facet normal -0.638636 0.769509 0
    outer loop
      vertex 12.1847 19.5842 0
      vertex 12.5952 19.9249 4
      vertex 12.5952 19.9249 0
    endloop
  endfacet
  facet normal -0.638636 0.769509 0
    outer loop
      vertex 12.1847 19.5842 0
      vertex 12.1847 19.5842 4
      vertex 12.5952 19.9249 4
    endloop
  endfacet
  facet normal -0.655034 0.755599 0
    outer loop
      vertex 11.7226 19.1836 0
      vertex 12.1847 19.5842 4
      vertex 12.1847 19.5842 0
    endloop
  endfacet
  facet normal -0.655034 0.755599 0
    outer loop
      vertex 11.7226 19.1836 0
      vertex 11.7226 19.1836 4
      vertex 12.1847 19.5842 4
    endloop
  endfacet
  facet normal -0.862493 0.50607 0
    outer loop
      vertex 11.6252 19.0177 0
      vertex 11.7226 19.1836 4
      vertex 11.7226 19.1836 0
    endloop
  endfacet
  facet normal -0.862493 0.50607 0
    outer loop
      vertex 11.6252 19.0177 0
      vertex 11.6252 19.0177 4
      vertex 11.7226 19.1836 4
    endloop
  endfacet
  facet normal -0.252116 0.967697 0
    outer loop
      vertex 11.4858 18.9814 0
      vertex 11.6252 19.0177 4
      vertex 11.6252 19.0177 0
    endloop
  endfacet
  facet normal -0.252116 0.967697 0
    outer loop
      vertex 11.4858 18.9814 0
      vertex 11.4858 18.9814 4
      vertex 11.6252 19.0177 4
    endloop
  endfacet
  facet normal -0.855732 0.517419 0
    outer loop
      vertex 11.4842 18.9788 0
      vertex 11.4858 18.9814 4
      vertex 11.4858 18.9814 0
    endloop
  endfacet
  facet normal -0.855732 0.517419 0
    outer loop
      vertex 11.4842 18.9788 0
      vertex 11.4842 18.9788 4
      vertex 11.4858 18.9814 4
    endloop
  endfacet
  facet normal 0.502924 0.864331 0
    outer loop
      vertex 10.6955 19.4377 0
      vertex 11.4842 18.9788 4
      vertex 11.4842 18.9788 0
    endloop
  endfacet
  facet normal 0.502924 0.864331 -0
    outer loop
      vertex 10.6955 19.4377 0
      vertex 10.6955 19.4377 4
      vertex 11.4842 18.9788 4
    endloop
  endfacet
  facet normal 0.964086 0.26559 0
    outer loop
      vertex 10.6572 19.5766 0
      vertex 10.6955 19.4377 4
      vertex 10.6955 19.4377 0
    endloop
  endfacet
  facet normal 0.964086 0.26559 -0
    outer loop
      vertex 10.6572 19.5766 0
      vertex 10.6572 19.5766 4
      vertex 10.6955 19.4377 4
    endloop
  endfacet
  facet normal 0.869495 -0.493941 0
    outer loop
      vertex 10.7522 19.7438 0
      vertex 10.6572 19.5766 4
      vertex 10.6572 19.5766 0
    endloop
  endfacet
  facet normal 0.869495 -0.493941 0
    outer loop
      vertex 10.7522 19.7438 0
      vertex 10.7522 19.7438 4
      vertex 10.6572 19.5766 4
    endloop
  endfacet
  facet normal 0.981512 -0.191399 0
    outer loop
      vertex 10.8495 20.2429 0
      vertex 10.7522 19.7438 4
      vertex 10.7522 19.7438 0
    endloop
  endfacet
  facet normal 0.981512 -0.191399 0
    outer loop
      vertex 10.8495 20.2429 0
      vertex 10.8495 20.2429 4
      vertex 10.7522 19.7438 4
    endloop
  endfacet
  facet normal 0.985065 -0.172185 0
    outer loop
      vertex 10.9404 20.7626 0
      vertex 10.8495 20.2429 4
      vertex 10.8495 20.2429 0
    endloop
  endfacet
  facet normal 0.985065 -0.172185 0
    outer loop
      vertex 10.9404 20.7626 0
      vertex 10.9404 20.7626 4
      vertex 10.8495 20.2429 4
    endloop
  endfacet
  facet normal 0.988304 -0.152495 0
    outer loop
      vertex 11.0254 21.3137 0
      vertex 10.9404 20.7626 4
      vertex 10.9404 20.7626 0
    endloop
  endfacet
  facet normal 0.988304 -0.152495 0
    outer loop
      vertex 11.0254 21.3137 0
      vertex 11.0254 21.3137 4
      vertex 10.9404 20.7626 4
    endloop
  endfacet
  facet normal 0.991223 -0.132201 0
    outer loop
      vertex 11.0955 21.8393 0
      vertex 11.0254 21.3137 4
      vertex 11.0254 21.3137 0
    endloop
  endfacet
  facet normal 0.991223 -0.132201 0
    outer loop
      vertex 11.0955 21.8393 0
      vertex 11.0955 21.8393 4
      vertex 11.0254 21.3137 4
    endloop
  endfacet
  facet normal 0.486671 0.873585 0
    outer loop
      vertex 10.5542 22.1408 0
      vertex 11.0955 21.8393 4
      vertex 11.0955 21.8393 0
    endloop
  endfacet
  facet normal 0.486671 0.873585 -0
    outer loop
      vertex 10.5542 22.1408 0
      vertex 10.5542 22.1408 4
      vertex 11.0955 21.8393 4
    endloop
  endfacet
  facet normal -0.64196 0.766738 0
    outer loop
      vertex 10.1449 21.7982 0
      vertex 10.5542 22.1408 4
      vertex 10.5542 22.1408 0
    endloop
  endfacet
  facet normal -0.64196 0.766738 0
    outer loop
      vertex 10.1449 21.7982 0
      vertex 10.1449 21.7982 4
      vertex 10.5542 22.1408 4
    endloop
  endfacet
  facet normal -0.657035 0.75386 0
    outer loop
      vertex 9.72496 21.4321 0
      vertex 10.1449 21.7982 4
      vertex 10.1449 21.7982 0
    endloop
  endfacet
  facet normal -0.657035 0.75386 0
    outer loop
      vertex 9.72496 21.4321 0
      vertex 9.72496 21.4321 4
      vertex 10.1449 21.7982 4
    endloop
  endfacet
  facet normal -0.672935 0.739702 0
    outer loop
      vertex 9.33665 21.0789 0
      vertex 9.72496 21.4321 4
      vertex 9.72496 21.4321 0
    endloop
  endfacet
  facet normal -0.672935 0.739702 0
    outer loop
      vertex 9.33665 21.0789 0
      vertex 9.33665 21.0789 4
      vertex 9.72496 21.4321 4
    endloop
  endfacet
  facet normal -0.690431 0.723399 0
    outer loop
      vertex 8.97572 20.7344 0
      vertex 9.33665 21.0789 4
      vertex 9.33665 21.0789 0
    endloop
  endfacet
  facet normal -0.690431 0.723399 0
    outer loop
      vertex 8.97572 20.7344 0
      vertex 8.97572 20.7344 4
      vertex 9.33665 21.0789 4
    endloop
  endfacet
  facet normal -0.882315 0.470659 0
    outer loop
      vertex 8.88029 20.5555 0
      vertex 8.97572 20.7344 4
      vertex 8.97572 20.7344 0
    endloop
  endfacet
  facet normal -0.882315 0.470659 0
    outer loop
      vertex 8.88029 20.5555 0
      vertex 8.88029 20.5555 4
      vertex 8.97572 20.7344 4
    endloop
  endfacet
  facet normal -0.291115 0.956688 0
    outer loop
      vertex 8.74245 20.5136 0
      vertex 8.88029 20.5555 4
      vertex 8.88029 20.5555 0
    endloop
  endfacet
  facet normal -0.291115 0.956688 0
    outer loop
      vertex 8.74245 20.5136 0
      vertex 8.74245 20.5136 4
      vertex 8.88029 20.5555 4
    endloop
  endfacet
  facet normal -0.919145 0.393919 0
    outer loop
      vertex 8.74094 20.51 0
      vertex 8.74245 20.5136 4
      vertex 8.74245 20.5136 0
    endloop
  endfacet
  facet normal -0.919145 0.393919 0
    outer loop
      vertex 8.74094 20.51 0
      vertex 8.74094 20.51 4
      vertex 8.74245 20.5136 4
    endloop
  endfacet
  facet normal 0.469524 0.88292 0
    outer loop
      vertex 8.11398 20.8434 0
      vertex 8.74094 20.51 4
      vertex 8.74094 20.51 0
    endloop
  endfacet
  facet normal 0.469524 0.88292 -0
    outer loop
      vertex 8.11398 20.8434 0
      vertex 8.11398 20.8434 4
      vertex 8.74094 20.51 4
    endloop
  endfacet
  facet normal 0.450012 0.893022 0
    outer loop
      vertex 7.92715 20.9376 0
      vertex 8.11398 20.8434 4
      vertex 8.11398 20.8434 0
    endloop
  endfacet
  facet normal 0.450012 0.893022 -0
    outer loop
      vertex 7.92715 20.9376 0
      vertex 7.92715 20.9376 4
      vertex 8.11398 20.8434 4
    endloop
  endfacet
  facet normal 0.93604 -0.351895 0
    outer loop
      vertex 7.92792 20.9396 0
      vertex 7.92715 20.9376 4
      vertex 7.92715 20.9376 0
    endloop
  endfacet
  facet normal 0.93604 -0.351895 0
    outer loop
      vertex 7.92792 20.9396 0
      vertex 7.92792 20.9396 4
      vertex 7.92715 20.9376 4
    endloop
  endfacet
  facet normal 0.951791 0.306746 0
    outer loop
      vertex 7.88371 21.0768 0
      vertex 7.92792 20.9396 4
      vertex 7.92792 20.9396 0
    endloop
  endfacet
  facet normal 0.951791 0.306746 -0
    outer loop
      vertex 7.88371 21.0768 0
      vertex 7.88371 21.0768 4
      vertex 7.92792 20.9396 4
    endloop
  endfacet
  facet normal 0.889889 -0.456176 0
    outer loop
      vertex 7.97234 21.2497 0
      vertex 7.88371 21.0768 4
      vertex 7.88371 21.0768 0
    endloop
  endfacet
  facet normal 0.889889 -0.456176 0
    outer loop
      vertex 7.97234 21.2497 0
      vertex 7.97234 21.2497 4
      vertex 7.88371 21.0768 4
    endloop
  endfacet
  facet normal 0.988396 -0.151899 0
    outer loop
      vertex 8.04945 21.7515 0
      vertex 7.97234 21.2497 4
      vertex 7.97234 21.2497 0
    endloop
  endfacet
  facet normal 0.988396 -0.151899 0
    outer loop
      vertex 8.04945 21.7515 0
      vertex 8.04945 21.7515 4
      vertex 7.97234 21.2497 4
    endloop
  endfacet
  facet normal 0.991426 -0.130666 0
    outer loop
      vertex 8.1181 22.2723 0
      vertex 8.04945 21.7515 4
      vertex 8.04945 21.7515 0
    endloop
  endfacet
  facet normal 0.991426 -0.130666 0
    outer loop
      vertex 8.1181 22.2723 0
      vertex 8.1181 22.2723 4
      vertex 8.04945 21.7515 4
    endloop
  endfacet
  facet normal 0.994071 -0.108732 0
    outer loop
      vertex 8.16666 22.7162 0
      vertex 8.1181 22.2723 4
      vertex 8.1181 22.2723 0
    endloop
  endfacet
  facet normal 0.994071 -0.108732 0
    outer loop
      vertex 8.16666 22.7162 0
      vertex 8.16666 22.7162 4
      vertex 8.1181 22.2723 4
    endloop
  endfacet
  facet normal 0.995998 -0.0893712 0
    outer loop
      vertex 8.19833 23.0693 0
      vertex 8.16666 22.7162 4
      vertex 8.16666 22.7162 0
    endloop
  endfacet
  facet normal 0.995998 -0.0893712 0
    outer loop
      vertex 8.19833 23.0693 0
      vertex 8.19833 23.0693 4
      vertex 8.16666 22.7162 4
    endloop
  endfacet
  facet normal 0.997499 -0.0706769 0
    outer loop
      vertex 8.21877 23.3576 0
      vertex 8.19833 23.0693 4
      vertex 8.19833 23.0693 0
    endloop
  endfacet
  facet normal 0.997499 -0.0706769 0
    outer loop
      vertex 8.21877 23.3576 0
      vertex 8.21877 23.3576 4
      vertex 8.19833 23.0693 4
    endloop
  endfacet
  facet normal 0.449977 0.89304 0
    outer loop
      vertex 7.80679 23.5652 0
      vertex 8.21877 23.3576 4
      vertex 8.21877 23.3576 0
    endloop
  endfacet
  facet normal 0.449977 0.89304 -0
    outer loop
      vertex 7.80679 23.5652 0
      vertex 7.80679 23.5652 4
      vertex 8.21877 23.3576 4
    endloop
  endfacet
  facet normal 0.426864 0.904316 0
    outer loop
      vertex 7.67041 23.6296 0
      vertex 7.80679 23.5652 4
      vertex 7.80679 23.5652 0
    endloop
  endfacet
  facet normal 0.426864 0.904316 -0
    outer loop
      vertex 7.67041 23.6296 0
      vertex 7.67041 23.6296 4
      vertex 7.80679 23.5652 4
    endloop
  endfacet
  facet normal -0.671623 0.740894 0
    outer loop
      vertex 7.36375 23.3516 0
      vertex 7.67041 23.6296 4
      vertex 7.67041 23.6296 0
    endloop
  endfacet
  facet normal -0.671623 0.740894 0
    outer loop
      vertex 7.36375 23.3516 0
      vertex 7.36375 23.3516 4
      vertex 7.67041 23.6296 4
    endloop
  endfacet
  facet normal -0.685465 0.728106 0
    outer loop
      vertex 7.03078 23.0381 0
      vertex 7.36375 23.3516 4
      vertex 7.36375 23.3516 0
    endloop
  endfacet
  facet normal -0.685465 0.728106 0
    outer loop
      vertex 7.03078 23.0381 0
      vertex 7.03078 23.0381 4
      vertex 7.36375 23.3516 4
    endloop
  endfacet
  facet normal -0.700848 0.713311 0
    outer loop
      vertex 6.72162 22.7344 0
      vertex 7.03078 23.0381 4
      vertex 7.03078 23.0381 0
    endloop
  endfacet
  facet normal -0.700848 0.713311 0
    outer loop
      vertex 6.72162 22.7344 0
      vertex 6.72162 22.7344 4
      vertex 7.03078 23.0381 4
    endloop
  endfacet
  facet normal -0.717943 0.696101 0
    outer loop
      vertex 6.44151 22.4455 0
      vertex 6.72162 22.7344 4
      vertex 6.72162 22.7344 0
    endloop
  endfacet
  facet normal -0.717943 0.696101 0
    outer loop
      vertex 6.44151 22.4455 0
      vertex 6.44151 22.4455 4
      vertex 6.72162 22.7344 4
    endloop
  endfacet
  facet normal -0.736565 0.676367 0
    outer loop
      vertex 6.18126 22.162 0
      vertex 6.44151 22.4455 4
      vertex 6.44151 22.4455 0
    endloop
  endfacet
  facet normal -0.736565 0.676367 0
    outer loop
      vertex 6.18126 22.162 0
      vertex 6.18126 22.162 4
      vertex 6.44151 22.4455 4
    endloop
  endfacet
  facet normal -0.904932 0.425556 0
    outer loop
      vertex 6.08655 21.9606 0
      vertex 6.18126 22.162 4
      vertex 6.18126 22.162 0
    endloop
  endfacet
  facet normal -0.904932 0.425556 0
    outer loop
      vertex 6.08655 21.9606 0
      vertex 6.08655 21.9606 4
      vertex 6.18126 22.162 4
    endloop
  endfacet
  facet normal -0.339166 0.940727 0
    outer loop
      vertex 5.95099 21.9118 0
      vertex 6.08655 21.9606 4
      vertex 6.08655 21.9606 0
    endloop
  endfacet
  facet normal -0.339166 0.940727 0
    outer loop
      vertex 5.95099 21.9118 0
      vertex 5.95099 21.9118 4
      vertex 6.08655 21.9606 4
    endloop
  endfacet
  facet normal -0.964764 0.263117 0
    outer loop
      vertex 5.94966 21.9069 0
      vertex 5.95099 21.9118 4
      vertex 5.95099 21.9118 0
    endloop
  endfacet
  facet normal -0.964764 0.263117 0
    outer loop
      vertex 5.94966 21.9069 0
      vertex 5.94966 21.9069 4
      vertex 5.95099 21.9118 4
    endloop
  endfacet
  facet normal 0.426868 0.904314 0
    outer loop
      vertex 5.45531 22.1403 0
      vertex 5.94966 21.9069 4
      vertex 5.94966 21.9069 0
    endloop
  endfacet
  facet normal 0.426868 0.904314 -0
    outer loop
      vertex 5.45531 22.1403 0
      vertex 5.45531 22.1403 4
      vertex 5.94966 21.9069 4
    endloop
  endfacet
  facet normal 0.398968 0.916965 0
    outer loop
      vertex 5.09784 22.2958 0
      vertex 5.45531 22.1403 4
      vertex 5.45531 22.1403 0
    endloop
  endfacet
  facet normal 0.398968 0.916965 -0
    outer loop
      vertex 5.09784 22.2958 0
      vertex 5.09784 22.2958 4
      vertex 5.45531 22.1403 4
    endloop
  endfacet
  facet normal 0.975163 -0.221488 0
    outer loop
      vertex 5.09894 22.3006 0
      vertex 5.09784 22.2958 4
      vertex 5.09784 22.2958 0
    endloop
  endfacet
  facet normal 0.975163 -0.221488 0
    outer loop
      vertex 5.09894 22.3006 0
      vertex 5.09894 22.3006 4
      vertex 5.09784 22.2958 4
    endloop
  endfacet
  facet normal 0.932659 0.360759 0
    outer loop
      vertex 5.04695 22.435 0
      vertex 5.09894 22.3006 4
      vertex 5.09894 22.3006 0
    endloop
  endfacet
  facet normal 0.932659 0.360759 -0
    outer loop
      vertex 5.04695 22.435 0
      vertex 5.04695 22.435 4
      vertex 5.09894 22.3006 4
    endloop
  endfacet
  facet normal 0.914442 -0.404716 0
    outer loop
      vertex 5.13116 22.6253 0
      vertex 5.04695 22.435 4
      vertex 5.04695 22.435 0
    endloop
  endfacet
  facet normal 0.914442 -0.404716 0
    outer loop
      vertex 5.13116 22.6253 0
      vertex 5.13116 22.6253 4
      vertex 5.04695 22.435 4
    endloop
  endfacet
  facet normal 0.994159 -0.107927 0
    outer loop
      vertex 5.1741 23.0208 0
      vertex 5.13116 22.6253 4
      vertex 5.13116 22.6253 0
    endloop
  endfacet
  facet normal 0.994159 -0.107927 0
    outer loop
      vertex 5.1741 23.0208 0
      vertex 5.1741 23.0208 4
      vertex 5.13116 22.6253 4
    endloop
  endfacet
  facet normal 0.996319 -0.0857247 0
    outer loop
      vertex 5.20885 23.4246 0
      vertex 5.1741 23.0208 4
      vertex 5.1741 23.0208 0
    endloop
  endfacet
  facet normal 0.996319 -0.0857247 0
    outer loop
      vertex 5.20885 23.4246 0
      vertex 5.20885 23.4246 4
      vertex 5.1741 23.0208 4
    endloop
  endfacet
  facet normal 0.997975 -0.0636099 0
    outer loop
      vertex 5.22935 23.7464 0
      vertex 5.20885 23.4246 4
      vertex 5.20885 23.4246 0
    endloop
  endfacet
  facet normal 0.997975 -0.0636099 0
    outer loop
      vertex 5.22935 23.7464 0
      vertex 5.22935 23.7464 4
      vertex 5.20885 23.4246 4
    endloop
  endfacet
  facet normal 0.999115 -0.042061 0
    outer loop
      vertex 5.24374 24.0882 0
      vertex 5.22935 23.7464 4
      vertex 5.22935 23.7464 0
    endloop
  endfacet
  facet normal 0.999115 -0.042061 0
    outer loop
      vertex 5.24374 24.0882 0
      vertex 5.24374 24.0882 4
      vertex 5.22935 23.7464 4
    endloop
  endfacet
  facet normal 0.999731 -0.0231862 0
    outer loop
      vertex 5.24933 24.329 0
      vertex 5.24374 24.0882 4
      vertex 5.24374 24.0882 0
    endloop
  endfacet
  facet normal 0.999731 -0.0231862 0
    outer loop
      vertex 5.24933 24.329 0
      vertex 5.24933 24.329 4
      vertex 5.24374 24.0882 4
    endloop
  endfacet
  facet normal 0.999981 -0.00610224 0
    outer loop
      vertex 5.25087 24.5815 0
      vertex 5.24933 24.329 4
      vertex 5.24933 24.329 0
    endloop
  endfacet
  facet normal 0.999981 -0.00610224 0
    outer loop
      vertex 5.25087 24.5815 0
      vertex 5.25087 24.5815 4
      vertex 5.24933 24.329 4
    endloop
  endfacet
  facet normal 0.999939 0.0110155 0
    outer loop
      vertex 5.24924 24.7297 0
      vertex 5.25087 24.5815 4
      vertex 5.25087 24.5815 0
    endloop
  endfacet
  facet normal 0.999939 0.0110155 -0
    outer loop
      vertex 5.24924 24.7297 0
      vertex 5.24924 24.7297 4
      vertex 5.25087 24.5815 4
    endloop
  endfacet
  facet normal 0.39894 0.916977 0
    outer loop
      vertex 4.95294 24.8586 0
      vertex 5.24924 24.7297 4
      vertex 5.24924 24.7297 0
    endloop
  endfacet
  facet normal 0.39894 0.916977 -0
    outer loop
      vertex 4.95294 24.8586 0
      vertex 4.95294 24.8586 4
      vertex 5.24924 24.7297 4
    endloop
  endfacet
  facet normal 0.365226 0.930919 0
    outer loop
      vertex 4.69438 24.9601 0
      vertex 4.95294 24.8586 4
      vertex 4.95294 24.8586 0
    endloop
  endfacet
  facet normal 0.365226 0.930919 -0
    outer loop
      vertex 4.69438 24.9601 0
      vertex 4.69438 24.9601 4
      vertex 4.95294 24.8586 4
    endloop
  endfacet
  facet normal -0.707349 0.706864 0
    outer loop
      vertex 4.49414 24.7597 0
      vertex 4.69438 24.9601 4
      vertex 4.69438 24.9601 0
    endloop
  endfacet
  facet normal -0.707349 0.706864 0
    outer loop
      vertex 4.49414 24.7597 0
      vertex 4.49414 24.7597 4
      vertex 4.69438 24.9601 4
    endloop
  endfacet
  facet normal -0.720815 0.693127 0
    outer loop
      vertex 4.24623 24.5019 0
      vertex 4.49414 24.7597 4
      vertex 4.49414 24.7597 0
    endloop
  endfacet
  facet normal -0.720815 0.693127 0
    outer loop
      vertex 4.24623 24.5019 0
      vertex 4.24623 24.5019 4
      vertex 4.49414 24.7597 4
    endloop
  endfacet
  facet normal -0.735 0.678067 0
    outer loop
      vertex 4.01471 24.2509 0
      vertex 4.24623 24.5019 4
      vertex 4.24623 24.5019 0
    endloop
  endfacet
  facet normal -0.735 0.678067 0
    outer loop
      vertex 4.01471 24.2509 0
      vertex 4.01471 24.2509 4
      vertex 4.24623 24.5019 4
    endloop
  endfacet
  facet normal -0.75017 0.661245 0
    outer loop
      vertex 3.80208 24.0097 0
      vertex 4.01471 24.2509 4
      vertex 4.01471 24.2509 0
    endloop
  endfacet
  facet normal -0.75017 0.661245 0
    outer loop
      vertex 3.80208 24.0097 0
      vertex 3.80208 24.0097 4
      vertex 4.01471 24.2509 4
    endloop
  endfacet
  facet normal -0.766896 0.641771 0
    outer loop
      vertex 3.61104 23.7814 0
      vertex 3.80208 24.0097 4
      vertex 3.80208 24.0097 0
    endloop
  endfacet
  facet normal -0.766896 0.641771 0
    outer loop
      vertex 3.61104 23.7814 0
      vertex 3.61104 23.7814 4
      vertex 3.80208 24.0097 4
    endloop
  endfacet
  facet normal -0.783813 0.620997 0
    outer loop
      vertex 3.44354 23.57 0
      vertex 3.61104 23.7814 4
      vertex 3.61104 23.7814 0
    endloop
  endfacet
  facet normal -0.783813 0.620997 0
    outer loop
      vertex 3.44354 23.57 0
      vertex 3.44354 23.57 4
      vertex 3.61104 23.7814 4
    endloop
  endfacet
  facet normal -0.797947 0.602727 0
    outer loop
      vertex 3.32822 23.4173 0
      vertex 3.44354 23.57 4
      vertex 3.44354 23.57 0
    endloop
  endfacet
  facet normal -0.797947 0.602727 0
    outer loop
      vertex 3.32822 23.4173 0
      vertex 3.32822 23.4173 4
      vertex 3.44354 23.57 4
    endloop
  endfacet
  facet normal -0.932331 0.361605 0
    outer loop
      vertex 3.23859 23.1862 0
      vertex 3.32822 23.4173 4
      vertex 3.32822 23.4173 0
    endloop
  endfacet
  facet normal -0.932331 0.361605 0
    outer loop
      vertex 3.23859 23.1862 0
      vertex 3.23859 23.1862 4
      vertex 3.32822 23.4173 4
    endloop
  endfacet
  facet normal -0.404005 0.914757 0
    outer loop
      vertex 3.10678 23.128 0
      vertex 3.23859 23.1862 4
      vertex 3.23859 23.1862 0
    endloop
  endfacet
  facet normal -0.404005 0.914757 0
    outer loop
      vertex 3.10678 23.128 0
      vertex 3.10678 23.128 4
      vertex 3.23859 23.1862 4
    endloop
  endfacet
  facet normal -0.991094 0.133165 0
    outer loop
      vertex 3.10585 23.1211 0
      vertex 3.10678 23.128 4
      vertex 3.10678 23.128 0
    endloop
  endfacet
  facet normal -0.991094 0.133165 0
    outer loop
      vertex 3.10585 23.1211 0
      vertex 3.10585 23.1211 4
      vertex 3.10678 23.128 4
    endloop
  endfacet
  facet normal 0.365256 0.930907 0
    outer loop
      vertex 2.65334 23.2986 0
      vertex 3.10585 23.1211 4
      vertex 3.10585 23.1211 0
    endloop
  endfacet
  facet normal 0.365256 0.930907 -0
    outer loop
      vertex 2.65334 23.2986 0
      vertex 2.65334 23.2986 4
      vertex 3.10585 23.1211 4
    endloop
  endfacet
  facet normal 0.324645 0.945836 0
    outer loop
      vertex 2.20598 23.4522 0
      vertex 2.65334 23.2986 4
      vertex 2.65334 23.2986 0
    endloop
  endfacet
  facet normal 0.324645 0.945836 -0
    outer loop
      vertex 2.20598 23.4522 0
      vertex 2.20598 23.4522 4
      vertex 2.65334 23.2986 4
    endloop
  endfacet
  facet normal 0.99564 -0.0932817 0
    outer loop
      vertex 2.20673 23.4602 0
      vertex 2.20598 23.4522 4
      vertex 2.20598 23.4522 0
    endloop
  endfacet
  facet normal 0.99564 -0.0932817 0
    outer loop
      vertex 2.20673 23.4602 0
      vertex 2.20673 23.4602 4
      vertex 2.20598 23.4522 4
    endloop
  endfacet
  facet normal 0.90106 0.433695 0
    outer loop
      vertex 2.14423 23.59 0
      vertex 2.20673 23.4602 4
      vertex 2.20673 23.4602 0
    endloop
  endfacet
  facet normal 0.90106 0.433695 -0
    outer loop
      vertex 2.14423 23.59 0
      vertex 2.14423 23.59 4
      vertex 2.20673 23.4602 4
    endloop
  endfacet
  facet normal 0.943571 -0.331172 0
    outer loop
      vertex 2.22041 23.8071 0
      vertex 2.14423 23.59 4
      vertex 2.14423 23.59 0
    endloop
  endfacet
  facet normal 0.943571 -0.331172 0
    outer loop
      vertex 2.22041 23.8071 0
      vertex 2.22041 23.8071 4
      vertex 2.14423 23.59 4
    endloop
  endfacet
  facet normal 0.999006 -0.0445673 0
    outer loop
      vertex 2.23752 24.1905 0
      vertex 2.22041 23.8071 4
      vertex 2.22041 23.8071 0
    endloop
  endfacet
  facet normal 0.999006 -0.0445673 0
    outer loop
      vertex 2.23752 24.1905 0
      vertex 2.23752 24.1905 4
      vertex 2.22041 23.8071 4
    endloop
  endfacet
  facet normal 0.999839 -0.0179456 0
    outer loop
      vertex 2.24277 24.483 0
      vertex 2.23752 24.1905 4
      vertex 2.23752 24.1905 0
    endloop
  endfacet
  facet normal 0.999839 -0.0179456 0
    outer loop
      vertex 2.24277 24.483 0
      vertex 2.24277 24.483 4
      vertex 2.23752 24.1905 4
    endloop
  endfacet
  facet normal 0.999971 0.00759398 0
    outer loop
      vertex 2.24039 24.7964 0
      vertex 2.24277 24.483 4
      vertex 2.24277 24.483 0
    endloop
  endfacet
  facet normal 0.999971 0.00759398 -0
    outer loop
      vertex 2.24039 24.7964 0
      vertex 2.24039 24.7964 4
      vertex 2.24277 24.483 4
    endloop
  endfacet
  facet normal 0.999522 0.0309116 0
    outer loop
      vertex 2.23351 25.0189 0
      vertex 2.24039 24.7964 4
      vertex 2.24039 24.7964 0
    endloop
  endfacet
  facet normal 0.999522 0.0309116 -0
    outer loop
      vertex 2.23351 25.0189 0
      vertex 2.23351 25.0189 4
      vertex 2.24039 24.7964 4
    endloop
  endfacet
  facet normal 0.998717 0.0506403 0
    outer loop
      vertex 2.2216 25.2537 0
      vertex 2.23351 25.0189 4
      vertex 2.23351 25.0189 0
    endloop
  endfacet
  facet normal 0.998717 0.0506403 -0
    outer loop
      vertex 2.2216 25.2537 0
      vertex 2.2216 25.2537 4
      vertex 2.23351 25.0189 4
    endloop
  endfacet
  facet normal 0.997476 0.0710028 0
    outer loop
      vertex 2.20395 25.5017 0
      vertex 2.2216 25.2537 4
      vertex 2.2216 25.2537 0
    endloop
  endfacet
  facet normal 0.997476 0.0710028 -0
    outer loop
      vertex 2.20395 25.5017 0
      vertex 2.20395 25.5017 4
      vertex 2.2216 25.2537 4
    endloop
  endfacet
  facet normal 0.995655 0.0931184 0
    outer loop
      vertex 2.1794 25.7642 0
      vertex 2.20395 25.5017 4
      vertex 2.20395 25.5017 0
    endloop
  endfacet
  facet normal 0.995655 0.0931184 -0
    outer loop
      vertex 2.1794 25.7642 0
      vertex 2.1794 25.7642 4
      vertex 2.20395 25.5017 4
    endloop
  endfacet
  facet normal 0.993235 0.116125 0
    outer loop
      vertex 2.16475 25.8895 0
      vertex 2.1794 25.7642 4
      vertex 2.1794 25.7642 0
    endloop
  endfacet
  facet normal 0.993235 0.116125 -0
    outer loop
      vertex 2.16475 25.8895 0
      vertex 2.16475 25.8895 4
      vertex 2.1794 25.7642 4
    endloop
  endfacet
  facet normal 0.324587 0.945856 0
    outer loop
      vertex 1.88133 25.9867 0
      vertex 2.16475 25.8895 4
      vertex 2.16475 25.8895 0
    endloop
  endfacet
  facet normal 0.324587 0.945856 -0
    outer loop
      vertex 1.88133 25.9867 0
      vertex 1.88133 25.9867 4
      vertex 2.16475 25.8895 4
    endloop
  endfacet
  facet normal 0.276135 0.961119 0
    outer loop
      vertex 1.60474 26.0662 0
      vertex 1.88133 25.9867 4
      vertex 1.88133 25.9867 0
    endloop
  endfacet
  facet normal 0.276135 0.961119 -0
    outer loop
      vertex 1.60474 26.0662 0
      vertex 1.60474 26.0662 4
      vertex 1.88133 25.9867 4
    endloop
  endfacet
  facet normal -0.753413 0.657548 0
    outer loop
      vertex 1.51263 25.9607 0
      vertex 1.60474 26.0662 4
      vertex 1.60474 26.0662 0
    endloop
  endfacet
  facet normal -0.753413 0.657548 0
    outer loop
      vertex 1.51263 25.9607 0
      vertex 1.51263 25.9607 4
      vertex 1.60474 26.0662 4
    endloop
  endfacet
  facet normal -0.764644 0.644453 0
    outer loop
      vertex 1.34966 25.7673 0
      vertex 1.51263 25.9607 4
      vertex 1.51263 25.9607 0
    endloop
  endfacet
  facet normal -0.764644 0.644453 0
    outer loop
      vertex 1.34966 25.7673 0
      vertex 1.34966 25.7673 4
      vertex 1.51263 25.9607 4
    endloop
  endfacet
  facet normal -0.775733 0.631061 0
    outer loop
      vertex 1.19557 25.5779 0
      vertex 1.34966 25.7673 4
      vertex 1.34966 25.7673 0
    endloop
  endfacet
  facet normal -0.775733 0.631061 0
    outer loop
      vertex 1.19557 25.5779 0
      vertex 1.19557 25.5779 4
      vertex 1.34966 25.7673 4
    endloop
  endfacet
  facet normal -0.787626 0.616154 0
    outer loop
      vertex 1.05132 25.3935 0
      vertex 1.19557 25.5779 4
      vertex 1.19557 25.5779 0
    endloop
  endfacet
  facet normal -0.787626 0.616154 0
    outer loop
      vertex 1.05132 25.3935 0
      vertex 1.05132 25.3935 4
      vertex 1.19557 25.5779 4
    endloop
  endfacet
  facet normal -0.799811 0.600252 0
    outer loop
      vertex 0.917526 25.2152 0
      vertex 1.05132 25.3935 4
      vertex 1.05132 25.3935 0
    endloop
  endfacet
  facet normal -0.799811 0.600252 0
    outer loop
      vertex 0.917526 25.2152 0
      vertex 0.917526 25.2152 4
      vertex 1.05132 25.3935 4
    endloop
  endfacet
  facet normal -0.81201 0.583644 0
    outer loop
      vertex 0.794724 25.0444 0
      vertex 0.917526 25.2152 4
      vertex 0.917526 25.2152 0
    endloop
  endfacet
  facet normal -0.81201 0.583644 0
    outer loop
      vertex 0.794724 25.0444 0
      vertex 0.794724 25.0444 4
      vertex 0.917526 25.2152 4
    endloop
  endfacet
  facet normal -0.824743 0.565507 0
    outer loop
      vertex 0.683548 24.8822 0
      vertex 0.794724 25.0444 4
      vertex 0.794724 25.0444 0
    endloop
  endfacet
  facet normal -0.824743 0.565507 0
    outer loop
      vertex 0.683548 24.8822 0
      vertex 0.683548 24.8822 4
      vertex 0.794724 25.0444 4
    endloop
  endfacet
  facet normal -0.837788 0.545996 0
    outer loop
      vertex 0.584473 24.7302 0
      vertex 0.683548 24.8822 4
      vertex 0.683548 24.8822 0
    endloop
  endfacet
  facet normal -0.837788 0.545996 0
    outer loop
      vertex 0.584473 24.7302 0
      vertex 0.584473 24.7302 4
      vertex 0.683548 24.8822 4
    endloop
  endfacet
  facet normal -0.853659 0.520833 0
    outer loop
      vertex 0.458969 24.5245 0
      vertex 0.584473 24.7302 4
      vertex 0.584473 24.7302 0
    endloop
  endfacet
  facet normal -0.853659 0.520833 0
    outer loop
      vertex 0.458969 24.5245 0
      vertex 0.458969 24.5245 4
      vertex 0.584473 24.7302 4
    endloop
  endfacet
  facet normal -0.86381 0.503819 0
    outer loop
      vertex 0.404343 24.4308 0
      vertex 0.458969 24.5245 4
      vertex 0.458969 24.5245 0
    endloop
  endfacet
  facet normal -0.86381 0.503819 0
    outer loop
      vertex 0.404343 24.4308 0
      vertex 0.404343 24.4308 4
      vertex 0.458969 24.5245 4
    endloop
  endfacet
  facet normal -0.962195 0.272363 0
    outer loop
      vertex 0.329132 24.1651 0
      vertex 0.404343 24.4308 4
      vertex 0.404343 24.4308 0
    endloop
  endfacet
  facet normal -0.962195 0.272363 0
    outer loop
      vertex 0.329132 24.1651 0
      vertex 0.329132 24.1651 4
      vertex 0.404343 24.4308 4
    endloop
  endfacet
  facet normal -0.488491 0.872569 0
    outer loop
      vertex 0.2034 24.0948 0
      vertex 0.329132 24.1651 4
      vertex 0.329132 24.1651 0
    endloop
  endfacet
  facet normal -0.488491 0.872569 0
    outer loop
      vertex 0.2034 24.0948 0
      vertex 0.2034 24.0948 4
      vertex 0.329132 24.1651 4
    endloop
  endfacet
  facet normal -0.999961 0.00887539 0
    outer loop
      vertex 0.203308 24.0844 0
      vertex 0.2034 24.0948 4
      vertex 0.2034 24.0948 0
    endloop
  endfacet
  facet normal -0.999961 0.00887539 0
    outer loop
      vertex 0.203308 24.0844 0
      vertex 0.203308 24.0844 4
      vertex 0.2034 24.0948 4
    endloop
  endfacet
  facet normal 0.276172 0.961108 0
    outer loop
      vertex -0.317307 24.234 0
      vertex 0.203308 24.0844 4
      vertex 0.203308 24.0844 0
    endloop
  endfacet
  facet normal 0.276172 0.961108 -0
    outer loop
      vertex -0.317307 24.234 0
      vertex -0.317307 24.234 4
      vertex 0.203308 24.0844 4
    endloop
  endfacet
  facet normal 0.219042 0.975715 0
    outer loop
      vertex -0.748642 24.3309 0
      vertex -0.317307 24.234 4
      vertex -0.317307 24.234 0
    endloop
  endfacet
  facet normal 0.219042 0.975715 -0
    outer loop
      vertex -0.748642 24.3309 0
      vertex -0.748642 24.3309 4
      vertex -0.317307 24.234 4
    endloop
  endfacet
  facet normal 0.99954 0.0303329 0
    outer loop
      vertex -0.748962 24.3414 0
      vertex -0.748642 24.3309 4
      vertex -0.748642 24.3309 0
    endloop
  endfacet
  facet normal 0.99954 0.0303329 -0
    outer loop
      vertex -0.748962 24.3414 0
      vertex -0.748962 24.3414 4
      vertex -0.748642 24.3309 4
    endloop
  endfacet
  facet normal 0.850186 0.526482 0
    outer loop
      vertex -0.824829 24.4639 0
      vertex -0.748962 24.3414 4
      vertex -0.748962 24.3414 0
    endloop
  endfacet
  facet normal 0.850186 0.526482 -0
    outer loop
      vertex -0.824829 24.4639 0
      vertex -0.824829 24.4639 4
      vertex -0.748962 24.3414 4
    endloop
  endfacet
  facet normal 0.973226 -0.229851 0
    outer loop
      vertex -0.765854 24.7137 0
      vertex -0.824829 24.4639 4
      vertex -0.824829 24.4639 0
    endloop
  endfacet
  facet normal 0.973226 -0.229851 0
    outer loop
      vertex -0.765854 24.7137 0
      vertex -0.765854 24.7137 4
      vertex -0.824829 24.4639 4
    endloop
  endfacet
  facet normal 0.999284 0.0378392 0
    outer loop
      vertex -0.776382 24.9917 0
      vertex -0.765854 24.7137 4
      vertex -0.765854 24.7137 0
    endloop
  endfacet
  facet normal 0.999284 0.0378392 -0
    outer loop
      vertex -0.776382 24.9917 0
      vertex -0.776382 24.9917 4
      vertex -0.765854 24.7137 4
    endloop
  endfacet
  facet normal 0.997761 0.0668744 0
    outer loop
      vertex -0.794678 25.2647 0
      vertex -0.776382 24.9917 4
      vertex -0.776382 24.9917 0
    endloop
  endfacet
  facet normal 0.997761 0.0668744 -0
    outer loop
      vertex -0.794678 25.2647 0
      vertex -0.794678 25.2647 4
      vertex -0.776382 24.9917 4
    endloop
  endfacet
  facet normal 0.99554 0.0943372 0
    outer loop
      vertex -0.813248 25.4606 0
      vertex -0.794678 25.2647 4
      vertex -0.794678 25.2647 0
    endloop
  endfacet
  facet normal 0.99554 0.0943372 -0
    outer loop
      vertex -0.813248 25.4606 0
      vertex -0.813248 25.4606 4
      vertex -0.794678 25.2647 4
    endloop
  endfacet
  facet normal 0.993118 0.117115 0
    outer loop
      vertex -0.83783 25.6691 0
      vertex -0.813248 25.4606 4
      vertex -0.813248 25.4606 0
    endloop
  endfacet
  facet normal 0.993118 0.117115 -0
    outer loop
      vertex -0.83783 25.6691 0
      vertex -0.83783 25.6691 4
      vertex -0.813248 25.4606 4
    endloop
  endfacet
  facet normal 0.99004 0.140783 0
    outer loop
      vertex -0.8694 25.8911 0
      vertex -0.83783 25.6691 4
      vertex -0.83783 25.6691 0
    endloop
  endfacet
  facet normal 0.99004 0.140783 -0
    outer loop
      vertex -0.8694 25.8911 0
      vertex -0.8694 25.8911 4
      vertex -0.83783 25.6691 4
    endloop
  endfacet
  facet normal 0.986144 0.165894 0
    outer loop
      vertex -0.90921 26.1277 0
      vertex -0.8694 25.8911 4
      vertex -0.8694 25.8911 0
    endloop
  endfacet
  facet normal 0.986144 0.165894 -0
    outer loop
      vertex -0.90921 26.1277 0
      vertex -0.90921 26.1277 4
      vertex -0.8694 25.8911 4
    endloop
  endfacet
  facet normal 0.981383 0.192061 0
    outer loop
      vertex -0.958572 26.38 0
      vertex -0.90921 26.1277 4
      vertex -0.90921 26.1277 0
    endloop
  endfacet
  facet normal 0.981383 0.192061 -0
    outer loop
      vertex -0.958572 26.38 0
      vertex -0.958572 26.38 4
      vertex -0.90921 26.1277 4
    endloop
  endfacet
  facet normal 0.975793 0.218696 0
    outer loop
      vertex -1.0188 26.6487 0
      vertex -0.958572 26.38 4
      vertex -0.958572 26.38 0
    endloop
  endfacet
  facet normal 0.975793 0.218696 -0
    outer loop
      vertex -1.0188 26.6487 0
      vertex -1.0188 26.6487 4
      vertex -0.958572 26.38 4
    endloop
  endfacet
  facet normal 0.970958 0.23925 0
    outer loop
      vertex -1.0426 26.7453 0
      vertex -1.0188 26.6487 4
      vertex -1.0188 26.6487 0
    endloop
  endfacet
  facet normal 0.970958 0.23925 -0
    outer loop
      vertex -1.0426 26.7453 0
      vertex -1.0426 26.7453 4
      vertex -1.0188 26.6487 4
    endloop
  endfacet
  facet normal 0.219003 0.975724 0
    outer loop
      vertex -1.43425 26.8332 0
      vertex -1.0426 26.7453 4
      vertex -1.0426 26.7453 0
    endloop
  endfacet
  facet normal 0.219003 0.975724 -0
    outer loop
      vertex -1.43425 26.8332 0
      vertex -1.43425 26.8332 4
      vertex -1.0426 26.7453 4
    endloop
  endfacet
  facet normal 0.152582 0.988291 0
    outer loop
      vertex -1.60474 26.8595 0
      vertex -1.43425 26.8332 4
      vertex -1.43425 26.8332 0
    endloop
  endfacet
  facet normal 0.152582 0.988291 -0
    outer loop
      vertex -1.60474 26.8595 0
      vertex -1.60474 26.8595 4
      vertex -1.43425 26.8332 4
    endloop
  endfacet
  facet normal -0.812634 0.582775 0
    outer loop
      vertex -1.67476 26.7619 0
      vertex -1.60474 26.8595 4
      vertex -1.60474 26.8595 0
    endloop
  endfacet
  facet normal -0.812634 0.582775 0
    outer loop
      vertex -1.67476 26.7619 0
      vertex -1.67476 26.7619 4
      vertex -1.60474 26.8595 4
    endloop
  endfacet
  facet normal -0.82554 0.564344 0
    outer loop
      vertex -1.82378 26.5439 0
      vertex -1.67476 26.7619 4
      vertex -1.67476 26.7619 0
    endloop
  endfacet
  facet normal -0.82554 0.564344 0
    outer loop
      vertex -1.82378 26.5439 0
      vertex -1.82378 26.5439 4
      vertex -1.67476 26.7619 4
    endloop
  endfacet
  facet normal -0.838362 0.545114 0
    outer loop
      vertex -1.96126 26.3325 0
      vertex -1.82378 26.5439 4
      vertex -1.82378 26.5439 0
    endloop
  endfacet
  facet normal -0.838362 0.545114 0
    outer loop
      vertex -1.96126 26.3325 0
      vertex -1.96126 26.3325 4
      vertex -1.82378 26.5439 4
    endloop
  endfacet
  facet normal -0.851224 0.524802 0
    outer loop
      vertex -2.08672 26.129 0
      vertex -1.96126 26.3325 4
      vertex -1.96126 26.3325 0
    endloop
  endfacet
  facet normal -0.851224 0.524802 0
    outer loop
      vertex -2.08672 26.129 0
      vertex -2.08672 26.129 4
      vertex -1.96126 26.3325 4
    endloop
  endfacet
  facet normal -0.864294 0.502988 0
    outer loop
      vertex -2.19966 25.9349 0
      vertex -2.08672 26.129 4
      vertex -2.08672 26.129 0
    endloop
  endfacet
  facet normal -0.864294 0.502988 0
    outer loop
      vertex -2.19966 25.9349 0
      vertex -2.19966 25.9349 4
      vertex -2.08672 26.129 4
    endloop
  endfacet
  facet normal -0.877512 0.479554 0
    outer loop
      vertex -2.29974 25.7518 0
      vertex -2.19966 25.9349 4
      vertex -2.19966 25.9349 0
    endloop
  endfacet
  facet normal -0.877512 0.479554 0
    outer loop
      vertex -2.29974 25.7518 0
      vertex -2.29974 25.7518 4
      vertex -2.19966 25.9349 4
    endloop
  endfacet
  facet normal -0.890328 0.45532 0
    outer loop
      vertex -2.38696 25.5812 0
      vertex -2.29974 25.7518 4
      vertex -2.29974 25.7518 0
    endloop
  endfacet
  facet normal -0.890328 0.45532 0
    outer loop
      vertex -2.38696 25.5812 0
      vertex -2.38696 25.5812 4
      vertex -2.29974 25.7518 4
    endloop
  endfacet
  facet normal -0.903004 0.429632 0
    outer loop
      vertex -2.4613 25.425 0
      vertex -2.38696 25.5812 4
      vertex -2.38696 25.5812 0
    endloop
  endfacet
  facet normal -0.903004 0.429632 0
    outer loop
      vertex -2.4613 25.425 0
      vertex -2.4613 25.425 4
      vertex -2.38696 25.5812 4
    endloop
  endfacet
  facet normal -0.915374 0.402605 0
    outer loop
      vertex -2.52298 25.2847 0
      vertex -2.4613 25.425 4
      vertex -2.4613 25.425 0
    endloop
  endfacet
  facet normal -0.915374 0.402605 0
    outer loop
      vertex -2.52298 25.2847 0
      vertex -2.52298 25.2847 4
      vertex -2.4613 25.425 4
    endloop
  endfacet
  facet normal -0.92654 0.376197 0
    outer loop
      vertex -2.58963 25.1206 0
      vertex -2.52298 25.2847 4
      vertex -2.52298 25.2847 0
    endloop
  endfacet
  facet normal -0.92654 0.376197 0
    outer loop
      vertex -2.58963 25.1206 0
      vertex -2.58963 25.1206 4
      vertex -2.52298 25.2847 4
    endloop
  endfacet
  facet normal -0.988092 0.153867 0
    outer loop
      vertex -2.6367 24.8183 0
      vertex -2.58963 25.1206 4
      vertex -2.58963 25.1206 0
    endloop
  endfacet
  facet normal -0.988092 0.153867 0
    outer loop
      vertex -2.6367 24.8183 0
      vertex -2.6367 24.8183 4
      vertex -2.58963 25.1206 4
    endloop
  endfacet
  facet normal -0.590624 0.806947 0
    outer loop
      vertex -2.75299 24.7332 0
      vertex -2.6367 24.8183 4
      vertex -2.6367 24.8183 0
    endloop
  endfacet
  facet normal -0.590624 0.806947 0
    outer loop
      vertex -2.75299 24.7332 0
      vertex -2.75299 24.7332 4
      vertex -2.6367 24.8183 4
    endloop
  endfacet
  facet normal -0.993909 -0.110208 0
    outer loop
      vertex -2.75134 24.7183 0
      vertex -2.75299 24.7332 4
      vertex -2.75299 24.7332 0
    endloop
  endfacet
  facet normal -0.993909 -0.110208 0
    outer loop
      vertex -2.75134 24.7183 0
      vertex -2.75134 24.7183 4
      vertex -2.75299 24.7332 4
    endloop
  endfacet
  facet normal 0.152623 0.988284 0
    outer loop
      vertex -3.44397 24.8253 0
      vertex -2.75134 24.7183 4
      vertex -2.75134 24.7183 0
    endloop
  endfacet
  facet normal 0.152623 0.988284 -0
    outer loop
      vertex -3.44397 24.8253 0
      vertex -3.44397 24.8253 4
      vertex -2.75134 24.7183 4
    endloop
  endfacet
  facet normal 0.0765563 0.997065 0
    outer loop
      vertex -3.75101 24.8488 0
      vertex -3.44397 24.8253 4
      vertex -3.44397 24.8253 0
    endloop
  endfacet
  facet normal 0.0765563 0.997065 -0
    outer loop
      vertex -3.75101 24.8488 0
      vertex -3.75101 24.8488 4
      vertex -3.44397 24.8253 4
    endloop
  endfacet
  facet normal 0.988883 0.148693 0
    outer loop
      vertex -3.75258 24.8593 0
      vertex -3.75101 24.8488 4
      vertex -3.75101 24.8488 0
    endloop
  endfacet
  facet normal 0.988883 0.148693 -0
    outer loop
      vertex -3.75258 24.8593 0
      vertex -3.75258 24.8593 4
      vertex -3.75101 24.8488 4
    endloop
  endfacet
  facet normal 0.771958 0.635674 0
    outer loop
      vertex -3.84418 24.9705 0
      vertex -3.75258 24.8593 4
      vertex -3.75258 24.8593 0
    endloop
  endfacet
  facet normal 0.771958 0.635674 -0
    outer loop
      vertex -3.84418 24.9705 0
      vertex -3.84418 24.9705 4
      vertex -3.75258 24.8593 4
    endloop
  endfacet
  facet normal 0.995231 -0.0975465 0
    outer loop
      vertex -3.81631 25.2548 0
      vertex -3.84418 24.9705 4
      vertex -3.84418 24.9705 0
    endloop
  endfacet
  facet normal 0.995231 -0.0975465 0
    outer loop
      vertex -3.81631 25.2548 0
      vertex -3.81631 25.2548 4
      vertex -3.84418 24.9705 4
    endloop
  endfacet
  facet normal 0.98878 0.149379 0
    outer loop
      vertex -3.85591 25.5169 0
      vertex -3.81631 25.2548 4
      vertex -3.81631 25.2548 0
    endloop
  endfacet
  facet normal 0.98878 0.149379 -0
    outer loop
      vertex -3.85591 25.5169 0
      vertex -3.85591 25.5169 4
      vertex -3.81631 25.2548 4
    endloop
  endfacet
  facet normal 0.983604 0.180341 0
    outer loop
      vertex -3.88652 25.6839 0
      vertex -3.85591 25.5169 4
      vertex -3.85591 25.5169 0
    endloop
  endfacet
  facet normal 0.983604 0.180341 -0
    outer loop
      vertex -3.88652 25.6839 0
      vertex -3.88652 25.6839 4
      vertex -3.85591 25.5169 4
    endloop
  endfacet
  facet normal 0.978457 0.206449 0
    outer loop
      vertex -3.92453 25.864 0
      vertex -3.88652 25.6839 4
      vertex -3.88652 25.6839 0
    endloop
  endfacet
  facet normal 0.978457 0.206449 -0
    outer loop
      vertex -3.92453 25.864 0
      vertex -3.92453 25.864 4
      vertex -3.88652 25.6839 4
    endloop
  endfacet
  facet normal 0.972282 0.233812 0
    outer loop
      vertex -3.97125 26.0583 0
      vertex -3.92453 25.864 4
      vertex -3.92453 25.864 0
    endloop
  endfacet
  facet normal 0.972282 0.233812 -0
    outer loop
      vertex -3.97125 26.0583 0
      vertex -3.97125 26.0583 4
      vertex -3.92453 25.864 4
    endloop
  endfacet
  facet normal 0.965 0.262248 0
    outer loop
      vertex -4.02814 26.2676 0
      vertex -3.97125 26.0583 4
      vertex -3.97125 26.0583 0
    endloop
  endfacet
  facet normal 0.965 0.262248 -0
    outer loop
      vertex -4.02814 26.2676 0
      vertex -4.02814 26.2676 4
      vertex -3.97125 26.0583 4
    endloop
  endfacet
  facet normal 0.956584 0.291456 0
    outer loop
      vertex -4.09673 26.4927 0
      vertex -4.02814 26.2676 4
      vertex -4.02814 26.2676 0
    endloop
  endfacet
  facet normal 0.956584 0.291456 -0
    outer loop
      vertex -4.09673 26.4927 0
      vertex -4.09673 26.4927 4
      vertex -4.02814 26.2676 4
    endloop
  endfacet
  facet normal 0.94951 0.313736 0
    outer loop
      vertex -4.13594 26.6114 0
      vertex -4.09673 26.4927 4
      vertex -4.09673 26.4927 0
    endloop
  endfacet
  facet normal 0.94951 0.313736 -0
    outer loop
      vertex -4.13594 26.6114 0
      vertex -4.13594 26.6114 4
      vertex -4.09673 26.4927 4
    endloop
  endfacet
  facet normal 0.944364 0.328903 0
    outer loop
      vertex -4.17873 26.7343 0
      vertex -4.13594 26.6114 4
      vertex -4.13594 26.6114 0
    endloop
  endfacet
  facet normal 0.944364 0.328903 -0
    outer loop
      vertex -4.17873 26.7343 0
      vertex -4.17873 26.7343 4
      vertex -4.13594 26.6114 4
    endloop
  endfacet
  facet normal 0.938971 0.343996 0
    outer loop
      vertex -4.22528 26.8613 0
      vertex -4.17873 26.7343 4
      vertex -4.17873 26.7343 0
    endloop
  endfacet
  facet normal 0.938971 0.343996 -0
    outer loop
      vertex -4.22528 26.8613 0
      vertex -4.22528 26.8613 4
      vertex -4.17873 26.7343 4
    endloop
  endfacet
  facet normal 0.933119 0.359567 0
    outer loop
      vertex -4.27589 26.9927 0
      vertex -4.22528 26.8613 4
      vertex -4.22528 26.8613 0
    endloop
  endfacet
  facet normal 0.933119 0.359567 -0
    outer loop
      vertex -4.27589 26.9927 0
      vertex -4.27589 26.9927 4
      vertex -4.22528 26.8613 4
    endloop
  endfacet
  facet normal 0.924836 0.380367 0
    outer loop
      vertex -4.35823 27.1929 0
      vertex -4.27589 26.9927 4
      vertex -4.27589 26.9927 0
    endloop
  endfacet
  facet normal 0.924836 0.380367 -0
    outer loop
      vertex -4.35823 27.1929 0
      vertex -4.35823 27.1929 4
      vertex -4.27589 26.9927 4
    endloop
  endfacet
  facet normal 0.0764797 0.997071 0
    outer loop
      vertex -4.91623 27.2357 0
      vertex -4.35823 27.1929 4
      vertex -4.35823 27.1929 0
    endloop
  endfacet
  facet normal 0.0764797 0.997071 -0
    outer loop
      vertex -4.91623 27.2357 0
      vertex -4.91623 27.2357 4
      vertex -4.35823 27.1929 4
    endloop
  endfacet
  facet normal -0.87809 0.478496 0
    outer loop
      vertex -4.96509 27.146 0
      vertex -4.91623 27.2357 4
      vertex -4.91623 27.2357 0
    endloop
  endfacet
  facet normal -0.87809 0.478496 0
    outer loop
      vertex -4.96509 27.146 0
      vertex -4.96509 27.146 4
      vertex -4.91623 27.2357 4
    endloop
  endfacet
  facet normal -0.890983 0.454038 0
    outer loop
      vertex -5.09033 26.9002 0
      vertex -4.96509 27.146 4
      vertex -4.96509 27.146 0
    endloop
  endfacet
  facet normal -0.890983 0.454038 0
    outer loop
      vertex -5.09033 26.9002 0
      vertex -5.09033 26.9002 4
      vertex -4.96509 27.146 4
    endloop
  endfacet
  facet normal -0.903653 0.428265 0
    outer loop
      vertex -5.20197 26.6647 0
      vertex -5.09033 26.9002 4
      vertex -5.09033 26.9002 0
    endloop
  endfacet
  facet normal -0.903653 0.428265 0
    outer loop
      vertex -5.20197 26.6647 0
      vertex -5.20197 26.6647 4
      vertex -5.09033 26.9002 4
    endloop
  endfacet
  facet normal -0.916144 0.400848 0
    outer loop
      vertex -5.29982 26.441 0
      vertex -5.20197 26.6647 4
      vertex -5.20197 26.6647 0
    endloop
  endfacet
  facet normal -0.916144 0.400848 0
    outer loop
      vertex -5.29982 26.441 0
      vertex -5.29982 26.441 4
      vertex -5.20197 26.6647 4
    endloop
  endfacet
  facet normal -0.928183 0.372123 0
    outer loop
      vertex -5.384 26.2311 0
      vertex -5.29982 26.441 4
      vertex -5.29982 26.441 0
    endloop
  endfacet
  facet normal -0.928183 0.372123 0
    outer loop
      vertex -5.384 26.2311 0
      vertex -5.384 26.2311 4
      vertex -5.29982 26.441 4
    endloop
  endfacet
  facet normal -0.93966 0.34211 0
    outer loop
      vertex -5.45483 26.0365 0
      vertex -5.384 26.2311 4
      vertex -5.384 26.2311 0
    endloop
  endfacet
  facet normal -0.93966 0.34211 0
    outer loop
      vertex -5.45483 26.0365 0
      vertex -5.45483 26.0365 4
      vertex -5.384 26.2311 4
    endloop
  endfacet
  facet normal -0.950492 0.31075 0
    outer loop
      vertex -5.5128 25.8592 0
      vertex -5.45483 26.0365 4
      vertex -5.45483 26.0365 0
    endloop
  endfacet
  facet normal -0.950492 0.31075 0
    outer loop
      vertex -5.5128 25.8592 0
      vertex -5.5128 25.8592 4
      vertex -5.45483 26.0365 4
    endloop
  endfacet
  facet normal -0.960571 0.278033 0
    outer loop
      vertex -5.55862 25.7009 0
      vertex -5.5128 25.8592 4
      vertex -5.5128 25.8592 0
    endloop
  endfacet
  facet normal -0.960571 0.278033 0
    outer loop
      vertex -5.55862 25.7009 0
      vertex -5.55862 25.7009 4
      vertex -5.5128 25.8592 4
    endloop
  endfacet
  facet normal -0.969832 0.243775 0
    outer loop
      vertex -5.59322 25.5633 0
      vertex -5.55862 25.7009 4
      vertex -5.55862 25.7009 0
    endloop
  endfacet
  facet normal -0.969832 0.243775 0
    outer loop
      vertex -5.59322 25.5633 0
      vertex -5.59322 25.5633 4
      vertex -5.55862 25.7009 4
    endloop
  endfacet
  facet normal -0.977445 0.211192 0
    outer loop
      vertex -5.62921 25.3967 0
      vertex -5.59322 25.5633 4
      vertex -5.59322 25.5633 0
    endloop
  endfacet
  facet normal -0.977445 0.211192 0
    outer loop
      vertex -5.62921 25.3967 0
      vertex -5.62921 25.3967 4
      vertex -5.59322 25.5633 4
    endloop
  endfacet
  facet normal -0.999989 0.00473756 0
    outer loop
      vertex -5.6308 25.0617 0
      vertex -5.62921 25.3967 4
      vertex -5.62921 25.3967 0
    endloop
  endfacet
  facet normal -0.999989 0.00473756 0
    outer loop
      vertex -5.6308 25.0617 0
      vertex -5.6308 25.0617 4
      vertex -5.62921 25.3967 4
    endloop
  endfacet
  facet normal -0.704508 0.709696 0
    outer loop
      vertex -5.73306 24.9602 0
      vertex -5.6308 25.0617 4
      vertex -5.6308 25.0617 0
    endloop
  endfacet
  facet normal -0.704508 0.709696 0
    outer loop
      vertex -5.73306 24.9602 0
      vertex -5.73306 24.9602 4
      vertex -5.6308 25.0617 4
    endloop
  endfacet
  facet normal -0.974642 -0.22377 0
    outer loop
      vertex -5.72894 24.9423 0
      vertex -5.73306 24.9602 4
      vertex -5.73306 24.9602 0
    endloop
  endfacet
  facet normal -0.974642 -0.22377 0
    outer loop
      vertex -5.72894 24.9423 0
      vertex -5.72894 24.9423 4
      vertex -5.73306 24.9602 4
    endloop
  endfacet
  facet normal -0.00894243 0.99996 0
    outer loop
      vertex -6.65886 24.9339 0
      vertex -5.72894 24.9423 4
      vertex -5.72894 24.9423 0
    endloop
  endfacet
  facet normal -0.00894243 0.99996 0
    outer loop
      vertex -6.65886 24.9339 0
      vertex -6.65886 24.9339 4
      vertex -5.72894 24.9423 4
    endloop
  endfacet
  facet normal -0.102991 0.994682 0
    outer loop
      vertex -6.7601 24.9235 0
      vertex -6.65886 24.9339 4
      vertex -6.65886 24.9339 0
    endloop
  endfacet
  facet normal -0.102991 0.994682 0
    outer loop
      vertex -6.7601 24.9235 0
      vertex -6.7601 24.9235 4
      vertex -6.65886 24.9339 4
    endloop
  endfacet
  facet normal 0.964764 0.263117 0
    outer loop
      vertex -6.76143 24.9283 0
      vertex -6.7601 24.9235 4
      vertex -6.7601 24.9235 0
    endloop
  endfacet
  facet normal 0.964764 0.263117 -0
    outer loop
      vertex -6.76143 24.9283 0
      vertex -6.76143 24.9283 4
      vertex -6.7601 24.9235 4
    endloop
  endfacet
  facet normal 0.658355 0.752708 0
    outer loop
      vertex -6.86989 25.0232 0
      vertex -6.76143 24.9283 4
      vertex -6.76143 24.9283 0
    endloop
  endfacet
  facet normal 0.658355 0.752708 -0
    outer loop
      vertex -6.86989 25.0232 0
      vertex -6.86989 25.0232 4
      vertex -6.76143 24.9283 4
    endloop
  endfacet
  facet normal 0.997849 0.06555 0
    outer loop
      vertex -6.89058 25.3382 0
      vertex -6.86989 25.0232 4
      vertex -6.86989 25.0232 0
    endloop
  endfacet
  facet normal 0.997849 0.06555 -0
    outer loop
      vertex -6.89058 25.3382 0
      vertex -6.89058 25.3382 4
      vertex -6.86989 25.0232 4
    endloop
  endfacet
  facet normal 0.959764 0.280806 0
    outer loop
      vertex -6.94057 25.509 0
      vertex -6.89058 25.3382 4
      vertex -6.89058 25.3382 0
    endloop
  endfacet
  facet normal 0.959764 0.280806 -0
    outer loop
      vertex -6.94057 25.509 0
      vertex -6.94057 25.509 4
      vertex -6.89058 25.3382 4
    endloop
  endfacet
  facet normal 0.951383 0.308011 0
    outer loop
      vertex -6.98714 25.6529 0
      vertex -6.94057 25.509 4
      vertex -6.94057 25.509 0
    endloop
  endfacet
  facet normal 0.951383 0.308011 -0
    outer loop
      vertex -6.98714 25.6529 0
      vertex -6.98714 25.6529 4
      vertex -6.94057 25.509 4
    endloop
  endfacet
  facet normal 0.941123 0.338064 0
    outer loop
      vertex -7.04404 25.8113 0
      vertex -6.98714 25.6529 4
      vertex -6.98714 25.6529 0
    endloop
  endfacet
  facet normal 0.941123 0.338064 -0
    outer loop
      vertex -7.04404 25.8113 0
      vertex -7.04404 25.8113 4
      vertex -6.98714 25.6529 4
    endloop
  endfacet
  facet normal 0.929387 0.369108 0
    outer loop
      vertex -7.11298 25.9848 0
      vertex -7.04404 25.8113 4
      vertex -7.04404 25.8113 0
    endloop
  endfacet
  facet normal 0.929387 0.369108 -0
    outer loop
      vertex -7.11298 25.9848 0
      vertex -7.11298 25.9848 4
      vertex -7.04404 25.8113 4
    endloop
  endfacet
  facet normal 0.916142 0.400854 0
    outer loop
      vertex -7.19577 26.1741 0
      vertex -7.11298 25.9848 4
      vertex -7.11298 25.9848 0
    endloop
  endfacet
  facet normal 0.916142 0.400854 -0
    outer loop
      vertex -7.19577 26.1741 0
      vertex -7.19577 26.1741 4
      vertex -7.11298 25.9848 4
    endloop
  endfacet
  facet normal 0.905406 0.424546 0
    outer loop
      vertex -7.24294 26.2747 0
      vertex -7.19577 26.1741 4
      vertex -7.19577 26.1741 0
    endloop
  endfacet
  facet normal 0.905406 0.424546 -0
    outer loop
      vertex -7.24294 26.2747 0
      vertex -7.24294 26.2747 4
      vertex -7.19577 26.1741 4
    endloop
  endfacet
  facet normal 0.897601 0.440809 0
    outer loop
      vertex -7.29428 26.3792 0
      vertex -7.24294 26.2747 4
      vertex -7.24294 26.2747 0
    endloop
  endfacet
  facet normal 0.897601 0.440809 -0
    outer loop
      vertex -7.29428 26.3792 0
      vertex -7.29428 26.3792 4
      vertex -7.24294 26.2747 4
    endloop
  endfacet
  facet normal 0.889472 0.456989 0
    outer loop
      vertex -7.35005 26.4878 0
      vertex -7.29428 26.3792 4
      vertex -7.29428 26.3792 0
    endloop
  endfacet
  facet normal 0.889472 0.456989 -0
    outer loop
      vertex -7.35005 26.4878 0
      vertex -7.35005 26.4878 4
      vertex -7.29428 26.3792 4
    endloop
  endfacet
  facet normal 0.880977 0.473159 0
    outer loop
      vertex -7.41049 26.6003 0
      vertex -7.35005 26.4878 4
      vertex -7.35005 26.4878 0
    endloop
  endfacet
  facet normal 0.880977 0.473159 -0
    outer loop
      vertex -7.41049 26.6003 0
      vertex -7.41049 26.6003 4
      vertex -7.35005 26.4878 4
    endloop
  endfacet
  facet normal 0.871987 0.489529 0
    outer loop
      vertex -7.47586 26.7167 0
      vertex -7.41049 26.6003 4
      vertex -7.41049 26.6003 0
    endloop
  endfacet
  facet normal 0.871987 0.489529 -0
    outer loop
      vertex -7.47586 26.7167 0
      vertex -7.47586 26.7167 4
      vertex -7.41049 26.6003 4
    endloop
  endfacet
  facet normal 0.862642 0.505815 0
    outer loop
      vertex -7.54642 26.8371 0
      vertex -7.47586 26.7167 4
      vertex -7.47586 26.7167 0
    endloop
  endfacet
  facet normal 0.862642 0.505815 -0
    outer loop
      vertex -7.54642 26.8371 0
      vertex -7.54642 26.8371 4
      vertex -7.47586 26.7167 4
    endloop
  endfacet
  facet normal 0.85288 0.522107 0
    outer loop
      vertex -7.62241 26.9612 0
      vertex -7.54642 26.8371 4
      vertex -7.54642 26.8371 0
    endloop
  endfacet
  facet normal 0.85288 0.522107 -0
    outer loop
      vertex -7.62241 26.9612 0
      vertex -7.62241 26.9612 4
      vertex -7.54642 26.8371 4
    endloop
  endfacet
  facet normal 0.840232 0.542227 0
    outer loop
      vertex -7.72824 27.1252 0
      vertex -7.62241 26.9612 4
      vertex -7.62241 26.9612 0
    endloop
  endfacet
  facet normal 0.840232 0.542227 -0
    outer loop
      vertex -7.72824 27.1252 0
      vertex -7.72824 27.1252 4
      vertex -7.62241 26.9612 4
    endloop
  endfacet
  facet normal -0.103098 0.994671 0
    outer loop
      vertex -8.28044 27.068 0
      vertex -7.72824 27.1252 4
      vertex -7.72824 27.1252 0
    endloop
  endfacet
  facet normal -0.103098 0.994671 0
    outer loop
      vertex -8.28044 27.068 0
      vertex -8.28044 27.068 4
      vertex -7.72824 27.1252 4
    endloop
  endfacet
  facet normal -0.946763 0.321931 0
    outer loop
      vertex -8.34911 26.866 0
      vertex -8.28044 27.068 4
      vertex -8.28044 27.068 0
    endloop
  endfacet
  facet normal -0.946763 0.321931 0
    outer loop
      vertex -8.34911 26.866 0
      vertex -8.34911 26.866 4
      vertex -8.28044 27.068 4
    endloop
  endfacet
  facet normal -0.95368 0.300822 0
    outer loop
      vertex -8.39168 26.7311 0
      vertex -8.34911 26.866 4
      vertex -8.34911 26.866 0
    endloop
  endfacet
  facet normal -0.95368 0.300822 0
    outer loop
      vertex -8.39168 26.7311 0
      vertex -8.39168 26.7311 4
      vertex -8.34911 26.866 4
    endloop
  endfacet
  facet normal -0.958693 0.284441 0
    outer loop
      vertex -8.4306 26.5999 0
      vertex -8.39168 26.7311 4
      vertex -8.39168 26.7311 0
    endloop
  endfacet
  facet normal -0.958693 0.284441 0
    outer loop
      vertex -8.4306 26.5999 0
      vertex -8.4306 26.5999 4
      vertex -8.39168 26.7311 4
    endloop
  endfacet
  facet normal -0.963551 0.267525 0
    outer loop
      vertex -8.46593 26.4726 0
      vertex -8.4306 26.5999 4
      vertex -8.4306 26.5999 0
    endloop
  endfacet
  facet normal -0.963551 0.267525 0
    outer loop
      vertex -8.46593 26.4726 0
      vertex -8.46593 26.4726 4
      vertex -8.4306 26.5999 4
    endloop
  endfacet
  facet normal -0.968132 0.250441 0
    outer loop
      vertex -8.49774 26.3497 0
      vertex -8.46593 26.4726 4
      vertex -8.46593 26.4726 0
    endloop
  endfacet
  facet normal -0.968132 0.250441 0
    outer loop
      vertex -8.49774 26.3497 0
      vertex -8.49774 26.3497 4
      vertex -8.46593 26.4726 4
    endloop
  endfacet
  facet normal -0.972495 0.232923 0
    outer loop
      vertex -8.52614 26.2311 0
      vertex -8.49774 26.3497 4
      vertex -8.49774 26.3497 0
    endloop
  endfacet
  facet normal -0.972495 0.232923 0
    outer loop
      vertex -8.52614 26.2311 0
      vertex -8.52614 26.2311 4
      vertex -8.49774 26.3497 4
    endloop
  endfacet
  facet normal -0.976564 0.215226 0
    outer loop
      vertex -8.55124 26.1172 0
      vertex -8.52614 26.2311 4
      vertex -8.52614 26.2311 0
    endloop
  endfacet
  facet normal -0.976564 0.215226 0
    outer loop
      vertex -8.55124 26.1172 0
      vertex -8.55124 26.1172 4
      vertex -8.52614 26.2311 4
    endloop
  endfacet
  facet normal -0.98039 0.197066 0
    outer loop
      vertex -8.57315 26.0082 0
      vertex -8.55124 26.1172 4
      vertex -8.55124 26.1172 0
    endloop
  endfacet
  facet normal -0.98039 0.197066 0
    outer loop
      vertex -8.57315 26.0082 0
      vertex -8.57315 26.0082 4
      vertex -8.55124 26.1172 4
    endloop
  endfacet
  facet normal -0.985482 0.169778 0
    outer loop
      vertex -8.60805 25.8056 0
      vertex -8.57315 26.0082 4
      vertex -8.57315 26.0082 0
    endloop
  endfacet
  facet normal -0.985482 0.169778 0
    outer loop
      vertex -8.60805 25.8056 0
      vertex -8.60805 25.8056 4
      vertex -8.57315 26.0082 4
    endloop
  endfacet
  facet normal -0.991254 0.131966 0
    outer loop
      vertex -8.6321 25.625 0
      vertex -8.60805 25.8056 4
      vertex -8.60805 25.8056 0
    endloop
  endfacet
  facet normal -0.991254 0.131966 0
    outer loop
      vertex -8.6321 25.625 0
      vertex -8.6321 25.625 4
      vertex -8.60805 25.8056 4
    endloop
  endfacet
  facet normal -0.995632 0.0933646 0
    outer loop
      vertex -8.64685 25.4677 0
      vertex -8.6321 25.625 4
      vertex -8.6321 25.625 0
    endloop
  endfacet
  facet normal -0.995632 0.0933646 0
    outer loop
      vertex -8.64685 25.4677 0
      vertex -8.64685 25.4677 4
      vertex -8.6321 25.625 4
    endloop
  endfacet
  facet normal -0.99856 0.0536478 0
    outer loop
      vertex -8.65399 25.3347 0
      vertex -8.64685 25.4677 4
      vertex -8.64685 25.4677 0
    endloop
  endfacet
  facet normal -0.99856 0.0536478 0
    outer loop
      vertex -8.65399 25.3347 0
      vertex -8.65399 25.3347 4
      vertex -8.64685 25.4677 4
    endloop
  endfacet
  facet normal -0.99987 0.0161388 0
    outer loop
      vertex -8.65666 25.1693 0
      vertex -8.65399 25.3347 4
      vertex -8.65399 25.3347 0
    endloop
  endfacet
  facet normal -0.99987 0.0161388 0
    outer loop
      vertex -8.65666 25.1693 0
      vertex -8.65666 25.1693 4
      vertex -8.65399 25.3347 4
    endloop
  endfacet
  facet normal -0.985129 -0.171817 0
    outer loop
      vertex -8.59509 24.8163 0
      vertex -8.65666 25.1693 4
      vertex -8.65666 25.1693 0
    endloop
  endfacet
  facet normal -0.985129 -0.171817 0
    outer loop
      vertex -8.59509 24.8163 0
      vertex -8.59509 24.8163 4
      vertex -8.65666 25.1693 4
    endloop
  endfacet
  facet normal -0.818585 0.574386 0
    outer loop
      vertex -8.67786 24.6983 0
      vertex -8.59509 24.8163 4
      vertex -8.59509 24.8163 0
    endloop
  endfacet
  facet normal -0.818585 0.574386 0
    outer loop
      vertex -8.67786 24.6983 0
      vertex -8.67786 24.6983 4
      vertex -8.59509 24.8163 4
    endloop
  endfacet
  facet normal -0.943391 -0.331682 0
    outer loop
      vertex -8.67227 24.6824 0
      vertex -8.67786 24.6983 4
      vertex -8.67786 24.6983 0
    endloop
  endfacet
  facet normal -0.943391 -0.331682 0
    outer loop
      vertex -8.67227 24.6824 0
      vertex -8.67227 24.6824 4
      vertex -8.67786 24.6983 4
    endloop
  endfacet
  facet normal -0.203934 0.978985 0
    outer loop
      vertex -9.69659 24.4691 0
      vertex -8.67227 24.6824 4
      vertex -8.67227 24.6824 0
    endloop
  endfacet
  facet normal -0.203934 0.978985 0
    outer loop
      vertex -9.69659 24.4691 0
      vertex -9.69659 24.4691 4
      vertex -8.67227 24.6824 4
    endloop
  endfacet
  facet normal 0.929748 0.368197 0
    outer loop
      vertex -9.69933 24.476 0
      vertex -9.69659 24.4691 4
      vertex -9.69659 24.4691 0
    endloop
  endfacet
  facet normal 0.929748 0.368197 -0
    outer loop
      vertex -9.69933 24.476 0
      vertex -9.69933 24.476 4
      vertex -9.69659 24.4691 4
    endloop
  endfacet
  facet normal 0.504996 0.863121 0
    outer loop
      vertex -9.8237 24.5487 0
      vertex -9.69933 24.476 4
      vertex -9.69933 24.476 0
    endloop
  endfacet
  facet normal 0.504996 0.863121 -0
    outer loop
      vertex -9.8237 24.5487 0
      vertex -9.8237 24.5487 4
      vertex -9.69933 24.476 4
    endloop
  endfacet
  facet normal 0.967594 0.252512 0
    outer loop
      vertex -9.91046 24.8812 0
      vertex -9.8237 24.5487 4
      vertex -9.8237 24.5487 0
    endloop
  endfacet
  facet normal 0.967594 0.252512 -0
    outer loop
      vertex -9.91046 24.8812 0
      vertex -9.91046 24.8812 4
      vertex -9.8237 24.5487 4
    endloop
  endfacet
  facet normal 0.899398 0.437131 0
    outer loop
      vertex -9.98529 25.0352 0
      vertex -9.91046 24.8812 4
      vertex -9.91046 24.8812 0
    endloop
  endfacet
  facet normal 0.899398 0.437131 -0
    outer loop
      vertex -9.98529 25.0352 0
      vertex -9.98529 25.0352 4
      vertex -9.91046 24.8812 4
    endloop
  endfacet
  facet normal 0.884232 0.467047 0
    outer loop
      vertex -10.0508 25.1591 0
      vertex -9.98529 25.0352 4
      vertex -9.98529 25.0352 0
    endloop
  endfacet
  facet normal 0.884232 0.467047 -0
    outer loop
      vertex -10.0508 25.1591 0
      vertex -10.0508 25.1591 4
      vertex -9.98529 25.0352 4
    endloop
  endfacet
  facet normal 0.866303 0.49952 0
    outer loop
      vertex -10.131 25.2983 0
      vertex -10.0508 25.1591 4
      vertex -10.0508 25.1591 0
    endloop
  endfacet
  facet normal 0.866303 0.49952 -0
    outer loop
      vertex -10.131 25.2983 0
      vertex -10.131 25.2983 4
      vertex -10.0508 25.1591 4
    endloop
  endfacet
  facet normal 0.84659 0.532245 0
    outer loop
      vertex -10.2281 25.4527 0
      vertex -10.131 25.2983 4
      vertex -10.131 25.2983 0
    endloop
  endfacet
  facet normal 0.84659 0.532245 -0
    outer loop
      vertex -10.2281 25.4527 0
      vertex -10.2281 25.4527 4
      vertex -10.131 25.2983 4
    endloop
  endfacet
  facet normal 0.830895 0.55643 0
    outer loop
      vertex -10.2836 25.5356 0
      vertex -10.2281 25.4527 4
      vertex -10.2281 25.4527 0
    endloop
  endfacet
  facet normal 0.830895 0.55643 -0
    outer loop
      vertex -10.2836 25.5356 0
      vertex -10.2836 25.5356 4
      vertex -10.2281 25.4527 4
    endloop
  endfacet
  facet normal 0.819768 0.572695 0
    outer loop
      vertex -10.344 25.622 0
      vertex -10.2836 25.5356 4
      vertex -10.2836 25.5356 0
    endloop
  endfacet
  facet normal 0.819768 0.572695 -0
    outer loop
      vertex -10.344 25.622 0
      vertex -10.344 25.622 4
      vertex -10.2836 25.5356 4
    endloop
  endfacet
  facet normal 0.808191 0.588921 0
    outer loop
      vertex -10.4096 25.7121 0
      vertex -10.344 25.622 4
      vertex -10.344 25.622 0
    endloop
  endfacet
  facet normal 0.808191 0.588921 -0
    outer loop
      vertex -10.4096 25.7121 0
      vertex -10.4096 25.7121 4
      vertex -10.344 25.622 4
    endloop
  endfacet
  facet normal 0.796305 0.604895 0
    outer loop
      vertex -10.4806 25.8056 0
      vertex -10.4096 25.7121 4
      vertex -10.4096 25.7121 0
    endloop
  endfacet
  facet normal 0.796305 0.604895 -0
    outer loop
      vertex -10.4806 25.8056 0
      vertex -10.4806 25.8056 4
      vertex -10.4096 25.7121 4
    endloop
  endfacet
  facet normal 0.783921 0.620861 0
    outer loop
      vertex -10.5573 25.9024 0
      vertex -10.4806 25.8056 4
      vertex -10.4806 25.8056 0
    endloop
  endfacet
  facet normal 0.783921 0.620861 -0
    outer loop
      vertex -10.5573 25.9024 0
      vertex -10.5573 25.9024 4
      vertex -10.4806 25.8056 4
    endloop
  endfacet
  facet normal 0.771193 0.636602 0
    outer loop
      vertex -10.6399 26.0024 0
      vertex -10.5573 25.9024 4
      vertex -10.5573 25.9024 0
    endloop
  endfacet
  facet normal 0.771193 0.636602 -0
    outer loop
      vertex -10.6399 26.0024 0
      vertex -10.6399 26.0024 4
      vertex -10.5573 25.9024 4
    endloop
  endfacet
  facet normal 0.75794 0.652324 0
    outer loop
      vertex -10.7286 26.1055 0
      vertex -10.6399 26.0024 4
      vertex -10.6399 26.0024 0
    endloop
  endfacet
  facet normal 0.75794 0.652324 -0
    outer loop
      vertex -10.7286 26.1055 0
      vertex -10.7286 26.1055 4
      vertex -10.6399 26.0024 4
    endloop
  endfacet
  facet normal 0.744419 0.667713 0
    outer loop
      vertex -10.8235 26.2114 0
      vertex -10.7286 26.1055 4
      vertex -10.7286 26.1055 0
    endloop
  endfacet
  facet normal 0.744419 0.667713 -0
    outer loop
      vertex -10.8235 26.2114 0
      vertex -10.8235 26.2114 4
      vertex -10.7286 26.1055 4
    endloop
  endfacet
  facet normal 0.730385 0.683035 0
    outer loop
      vertex -10.925 26.3199 0
      vertex -10.8235 26.2114 4
      vertex -10.8235 26.2114 0
    endloop
  endfacet
  facet normal 0.730385 0.683035 -0
    outer loop
      vertex -10.925 26.3199 0
      vertex -10.925 26.3199 4
      vertex -10.8235 26.2114 4
    endloop
  endfacet
  facet normal 0.713785 0.700365 0
    outer loop
      vertex -11.054 26.4514 0
      vertex -10.925 26.3199 4
      vertex -10.925 26.3199 0
    endloop
  endfacet
  facet normal 0.713785 0.700365 -0
    outer loop
      vertex -11.054 26.4514 0
      vertex -11.054 26.4514 4
      vertex -10.925 26.3199 4
    endloop
  endfacet
  facet normal -0.30899 0.951065 0
    outer loop
      vertex -11.578 26.2811 0
      vertex -11.054 26.4514 4
      vertex -11.054 26.4514 0
    endloop
  endfacet
  facet normal -0.30899 0.951065 0
    outer loop
      vertex -11.578 26.2811 0
      vertex -11.578 26.2811 4
      vertex -11.054 26.4514 4
    endloop
  endfacet
  facet normal -0.989711 0.143081 0
    outer loop
      vertex -11.6051 26.0939 0
      vertex -11.578 26.2811 4
      vertex -11.578 26.2811 0
    endloop
  endfacet
  facet normal -0.989711 0.143081 0
    outer loop
      vertex -11.6051 26.0939 0
      vertex -11.6051 26.0939 4
      vertex -11.578 26.2811 4
    endloop
  endfacet
  facet normal -0.992751 0.120191 0
    outer loop
      vertex -11.6226 25.9488 0
      vertex -11.6051 26.0939 4
      vertex -11.6051 26.0939 0
    endloop
  endfacet
  facet normal -0.992751 0.120191 0
    outer loop
      vertex -11.6226 25.9488 0
      vertex -11.6226 25.9488 4
      vertex -11.6051 26.0939 4
    endloop
  endfacet
  facet normal -0.994918 0.100685 0
    outer loop
      vertex -11.6368 25.8089 0
      vertex -11.6226 25.9488 4
      vertex -11.6226 25.9488 0
    endloop
  endfacet
  facet normal -0.994918 0.100685 0
    outer loop
      vertex -11.6368 25.8089 0
      vertex -11.6368 25.8089 4
      vertex -11.6226 25.9488 4
    endloop
  endfacet
  facet normal -0.996703 0.0811375 0
    outer loop
      vertex -11.6477 25.6743 0
      vertex -11.6368 25.8089 4
      vertex -11.6368 25.8089 0
    endloop
  endfacet
  facet normal -0.996703 0.0811375 0
    outer loop
      vertex -11.6477 25.6743 0
      vertex -11.6477 25.6743 4
      vertex -11.6368 25.8089 4
    endloop
  endfacet
  facet normal -0.998129 0.0611365 0
    outer loop
      vertex -11.6556 25.5453 0
      vertex -11.6477 25.6743 4
      vertex -11.6477 25.6743 0
    endloop
  endfacet
  facet normal -0.998129 0.0611365 0
    outer loop
      vertex -11.6556 25.5453 0
      vertex -11.6556 25.5453 4
      vertex -11.6477 25.6743 4
    endloop
  endfacet
  facet normal -0.999158 0.0410393 0
    outer loop
      vertex -11.6607 25.4219 0
      vertex -11.6556 25.5453 4
      vertex -11.6556 25.5453 0
    endloop
  endfacet
  facet normal -0.999158 0.0410393 0
    outer loop
      vertex -11.6607 25.4219 0
      vertex -11.6607 25.4219 4
      vertex -11.6556 25.5453 4
    endloop
  endfacet
  facet normal -0.999781 0.0209072 0
    outer loop
      vertex -11.6632 25.3045 0
      vertex -11.6607 25.4219 4
      vertex -11.6607 25.4219 0
    endloop
  endfacet
  facet normal -0.999781 0.0209072 0
    outer loop
      vertex -11.6632 25.3045 0
      vertex -11.6632 25.3045 4
      vertex -11.6607 25.4219 4
    endloop
  endfacet
  facet normal -1 0.000547495 0
    outer loop
      vertex -11.6632 25.193 0
      vertex -11.6632 25.3045 4
      vertex -11.6632 25.3045 0
    endloop
  endfacet
  facet normal -1 0.000547495 0
    outer loop
      vertex -11.6632 25.193 0
      vertex -11.6632 25.193 4
      vertex -11.6632 25.3045 4
    endloop
  endfacet
  facet normal -0.9998 -0.0199844 0
    outer loop
      vertex -11.6611 25.0876 0
      vertex -11.6632 25.193 4
      vertex -11.6632 25.193 0
    endloop
  endfacet
  facet normal -0.9998 -0.0199844 0
    outer loop
      vertex -11.6611 25.0876 0
      vertex -11.6611 25.0876 4
      vertex -11.6632 25.193 4
    endloop
  endfacet
  facet normal -0.998724 -0.050508 0
    outer loop
      vertex -11.6514 24.8957 0
      vertex -11.6611 25.0876 4
      vertex -11.6611 25.0876 0
    endloop
  endfacet
  facet normal -0.998724 -0.050508 0
    outer loop
      vertex -11.6514 24.8957 0
      vertex -11.6514 24.8957 4
      vertex -11.6611 25.0876 4
    endloop
  endfacet
  facet normal -0.995764 -0.0919434 0
    outer loop
      vertex -11.636 24.7293 0
      vertex -11.6514 24.8957 4
      vertex -11.6514 24.8957 0
    endloop
  endfacet
  facet normal -0.995764 -0.0919434 0
    outer loop
      vertex -11.636 24.7293 0
      vertex -11.636 24.7293 4
      vertex -11.6514 24.8957 4
    endloop
  endfacet
  facet normal -0.991059 -0.133424 0
    outer loop
      vertex -11.6171 24.5887 0
      vertex -11.636 24.7293 4
      vertex -11.636 24.7293 0
    endloop
  endfacet
  facet normal -0.991059 -0.133424 0
    outer loop
      vertex -11.6171 24.5887 0
      vertex -11.6171 24.5887 4
      vertex -11.636 24.7293 4
    endloop
  endfacet
  facet normal -0.984609 -0.174769 0
    outer loop
      vertex -11.5967 24.4736 0
      vertex -11.6171 24.5887 4
      vertex -11.6171 24.5887 0
    endloop
  endfacet
  facet normal -0.984609 -0.174769 0
    outer loop
      vertex -11.5967 24.4736 0
      vertex -11.5967 24.4736 4
      vertex -11.6171 24.5887 4
    endloop
  endfacet
  facet normal -0.980575 -0.196143 0
    outer loop
      vertex -11.5754 24.3673 0
      vertex -11.5967 24.4736 4
      vertex -11.5967 24.4736 0
    endloop
  endfacet
  facet normal -0.980575 -0.196143 0
    outer loop
      vertex -11.5754 24.3673 0
      vertex -11.5754 24.3673 4
      vertex -11.5967 24.4736 4
    endloop
  endfacet
  facet normal -0.931338 -0.364156 0
    outer loop
      vertex -11.4409 24.0233 0
      vertex -11.5754 24.3673 4
      vertex -11.5754 24.3673 0
    endloop
  endfacet
  facet normal -0.931338 -0.364156 0
    outer loop
      vertex -11.4409 24.0233 0
      vertex -11.4409 24.0233 4
      vertex -11.5754 24.3673 4
    endloop
  endfacet
  facet normal -0.916206 0.400708 0
    outer loop
      vertex -11.4987 23.8913 0
      vertex -11.4409 24.0233 4
      vertex -11.4409 24.0233 0
    endloop
  endfacet
  facet normal -0.916206 0.400708 0
    outer loop
      vertex -11.4987 23.8913 0
      vertex -11.4987 23.8913 4
      vertex -11.4409 24.0233 4
    endloop
  endfacet
  facet normal -0.901311 -0.433173 0
    outer loop
      vertex -11.4953 23.8842 0
      vertex -11.4987 23.8913 4
      vertex -11.4987 23.8913 0
    endloop
  endfacet
  facet normal -0.901311 -0.433173 0
    outer loop
      vertex -11.4953 23.8842 0
      vertex -11.4953 23.8842 4
      vertex -11.4987 23.8913 4
    endloop
  endfacet
  facet normal -0.414495 0.910052 0
    outer loop
      vertex -12.4541 23.4476 0
      vertex -11.4953 23.8842 4
      vertex -11.4953 23.8842 0
    endloop
  endfacet
  facet normal -0.414495 0.910052 0
    outer loop
      vertex -12.4541 23.4476 0
      vertex -12.4541 23.4476 4
      vertex -11.4953 23.8842 4
    endloop
  endfacet
  facet normal 0.883204 0.468988 0
    outer loop
      vertex -12.4624 23.4633 0
      vertex -12.4541 23.4476 4
      vertex -12.4541 23.4476 0
    endloop
  endfacet
  facet normal 0.883204 0.468988 -0
    outer loop
      vertex -12.4624 23.4633 0
      vertex -12.4624 23.4633 4
      vertex -12.4541 23.4476 4
    endloop
  endfacet
  facet normal 0.316736 0.948514 0
    outer loop
      vertex -12.5991 23.5089 0
      vertex -12.4624 23.4633 4
      vertex -12.4624 23.4633 0
    endloop
  endfacet
  facet normal 0.316736 0.948514 -0
    outer loop
      vertex -12.5991 23.5089 0
      vertex -12.5991 23.5089 4
      vertex -12.4624 23.4633 4
    endloop
  endfacet
  facet normal 0.894746 0.446576 0
    outer loop
      vertex -12.7615 23.8344 0
      vertex -12.5991 23.5089 4
      vertex -12.5991 23.5089 0
    endloop
  endfacet
  facet normal 0.894746 0.446576 -0
    outer loop
      vertex -12.7615 23.8344 0
      vertex -12.7615 23.8344 4
      vertex -12.5991 23.5089 4
    endloop
  endfacet
  facet normal 0.799072 0.601235 0
    outer loop
      vertex -12.8613 23.9669 0
      vertex -12.7615 23.8344 4
      vertex -12.7615 23.8344 0
    endloop
  endfacet
  facet normal 0.799072 0.601235 -0
    outer loop
      vertex -12.8613 23.9669 0
      vertex -12.8613 23.9669 4
      vertex -12.7615 23.8344 4
    endloop
  endfacet
  facet normal 0.776043 0.63068 0
    outer loop
      vertex -12.9445 24.0694 0
      vertex -12.8613 23.9669 4
      vertex -12.8613 23.9669 0
    endloop
  endfacet
  facet normal 0.776043 0.63068 -0
    outer loop
      vertex -12.9445 24.0694 0
      vertex -12.9445 24.0694 4
      vertex -12.8613 23.9669 4
    endloop
  endfacet
  facet normal 0.749597 0.661894 0
    outer loop
      vertex -13.0475 24.186 0
      vertex -12.9445 24.0694 4
      vertex -12.9445 24.0694 0
    endloop
  endfacet
  facet normal 0.749597 0.661894 -0
    outer loop
      vertex -13.0475 24.186 0
      vertex -13.0475 24.186 4
      vertex -12.9445 24.0694 4
    endloop
  endfacet
  facet normal 0.721599 0.692311 0
    outer loop
      vertex -13.1719 24.3157 0
      vertex -13.0475 24.186 4
      vertex -13.0475 24.186 0
    endloop
  endfacet
  facet normal 0.721599 0.692311 -0
    outer loop
      vertex -13.1719 24.3157 0
      vertex -13.1719 24.3157 4
      vertex -13.0475 24.186 4
    endloop
  endfacet
  facet normal 0.69991 0.714231 0
    outer loop
      vertex -13.2427 24.385 0
      vertex -13.1719 24.3157 4
      vertex -13.1719 24.3157 0
    endloop
  endfacet
  facet normal 0.69991 0.714231 -0
    outer loop
      vertex -13.2427 24.385 0
      vertex -13.2427 24.385 4
      vertex -13.1719 24.3157 4
    endloop
  endfacet
  facet normal 0.684818 0.728714 0
    outer loop
      vertex -13.3194 24.4572 0
      vertex -13.2427 24.385 4
      vertex -13.2427 24.385 0
    endloop
  endfacet
  facet normal 0.684818 0.728714 -0
    outer loop
      vertex -13.3194 24.4572 0
      vertex -13.3194 24.4572 4
      vertex -13.2427 24.385 4
    endloop
  endfacet
  facet normal 0.669426 0.742879 0
    outer loop
      vertex -13.4023 24.5318 0
      vertex -13.3194 24.4572 4
      vertex -13.3194 24.4572 0
    endloop
  endfacet
  facet normal 0.669426 0.742879 -0
    outer loop
      vertex -13.4023 24.5318 0
      vertex -13.4023 24.5318 4
      vertex -13.3194 24.4572 4
    endloop
  endfacet
  facet normal 0.653677 0.756773 0
    outer loop
      vertex -13.4915 24.6089 0
      vertex -13.4023 24.5318 4
      vertex -13.4023 24.5318 0
    endloop
  endfacet
  facet normal 0.653677 0.756773 -0
    outer loop
      vertex -13.4915 24.6089 0
      vertex -13.4915 24.6089 4
      vertex -13.4023 24.5318 4
    endloop
  endfacet
  facet normal 0.637628 0.770344 0
    outer loop
      vertex -13.587 24.688 0
      vertex -13.4915 24.6089 4
      vertex -13.4915 24.6089 0
    endloop
  endfacet
  facet normal 0.637628 0.770344 -0
    outer loop
      vertex -13.587 24.688 0
      vertex -13.587 24.688 4
      vertex -13.4915 24.6089 4
    endloop
  endfacet
  facet normal 0.621405 0.78349 0
    outer loop
      vertex -13.6891 24.7689 0
      vertex -13.587 24.688 4
      vertex -13.587 24.688 0
    endloop
  endfacet
  facet normal 0.621405 0.78349 -0
    outer loop
      vertex -13.6891 24.7689 0
      vertex -13.6891 24.7689 4
      vertex -13.587 24.688 4
    endloop
  endfacet
  facet normal 0.6048 0.796378 0
    outer loop
      vertex -13.7978 24.8515 0
      vertex -13.6891 24.7689 4
      vertex -13.6891 24.7689 0
    endloop
  endfacet
  facet normal 0.6048 0.796378 -0
    outer loop
      vertex -13.7978 24.8515 0
      vertex -13.7978 24.8515 4
      vertex -13.6891 24.7689 4
    endloop
  endfacet
  facet normal 0.588076 0.808805 0
    outer loop
      vertex -13.9132 24.9354 0
      vertex -13.7978 24.8515 4
      vertex -13.7978 24.8515 0
    endloop
  endfacet
  facet normal 0.588076 0.808805 -0
    outer loop
      vertex -13.9132 24.9354 0
      vertex -13.9132 24.9354 4
      vertex -13.7978 24.8515 4
    endloop
  endfacet
  facet normal 0.571016 0.820939 0
    outer loop
      vertex -14.0354 25.0204 0
      vertex -13.9132 24.9354 4
      vertex -13.9132 24.9354 0
    endloop
  endfacet
  facet normal 0.571016 0.820939 -0
    outer loop
      vertex -14.0354 25.0204 0
      vertex -14.0354 25.0204 4
      vertex -13.9132 24.9354 4
    endloop
  endfacet
  facet normal 0.550552 0.834801 0
    outer loop
      vertex -14.1944 25.1252 0
      vertex -14.0354 25.0204 4
      vertex -14.0354 25.0204 0
    endloop
  endfacet
  facet normal 0.550552 0.834801 -0
    outer loop
      vertex -14.1944 25.1252 0
      vertex -14.1944 25.1252 4
      vertex -14.0354 25.0204 4
    endloop
  endfacet
  facet normal -0.516605 0.856224 0
    outer loop
      vertex -14.6614 24.8435 0
      vertex -14.1944 25.1252 4
      vertex -14.1944 25.1252 0
    endloop
  endfacet
  facet normal -0.516605 0.856224 0
    outer loop
      vertex -14.6614 24.8435 0
      vertex -14.6614 24.8435 4
      vertex -14.1944 25.1252 4
    endloop
  endfacet
  facet normal -0.998169 -0.0604847 0
    outer loop
      vertex -14.6506 24.6652 0
      vertex -14.6614 24.8435 4
      vertex -14.6614 24.8435 0
    endloop
  endfacet
  facet normal -0.998169 -0.0604847 0
    outer loop
      vertex -14.6506 24.6652 0
      vertex -14.6506 24.6652 4
      vertex -14.6614 24.8435 4
    endloop
  endfacet
  facet normal -0.996467 -0.0839875 0
    outer loop
      vertex -14.6381 24.5169 0
      vertex -14.6506 24.6652 4
      vertex -14.6506 24.6652 0
    endloop
  endfacet
  facet normal -0.996467 -0.0839875 0
    outer loop
      vertex -14.6381 24.5169 0
      vertex -14.6381 24.5169 4
      vertex -14.6506 24.6652 4
    endloop
  endfacet
  facet normal -0.99448 -0.104924 0
    outer loop
      vertex -14.6231 24.375 0
      vertex -14.6381 24.5169 4
      vertex -14.6381 24.5169 0
    endloop
  endfacet
  facet normal -0.99448 -0.104924 0
    outer loop
      vertex -14.6231 24.375 0
      vertex -14.6231 24.375 4
      vertex -14.6381 24.5169 4
    endloop
  endfacet
  facet normal -0.992091 -0.12552 0
    outer loop
      vertex -14.606 24.2396 0
      vertex -14.6231 24.375 4
      vertex -14.6231 24.375 0
    endloop
  endfacet
  facet normal -0.992091 -0.12552 0
    outer loop
      vertex -14.606 24.2396 0
      vertex -14.606 24.2396 4
      vertex -14.6231 24.375 4
    endloop
  endfacet
  facet normal -0.989227 -0.146387 0
    outer loop
      vertex -14.5869 24.1107 0
      vertex -14.606 24.2396 4
      vertex -14.606 24.2396 0
    endloop
  endfacet
  facet normal -0.989227 -0.146387 0
    outer loop
      vertex -14.5869 24.1107 0
      vertex -14.5869 24.1107 4
      vertex -14.606 24.2396 4
    endloop
  endfacet
  facet normal -0.985931 -0.167151 0
    outer loop
      vertex -14.5661 23.9884 0
      vertex -14.5869 24.1107 4
      vertex -14.5869 24.1107 0
    endloop
  endfacet
  facet normal -0.985931 -0.167151 0
    outer loop
      vertex -14.5661 23.9884 0
      vertex -14.5661 23.9884 4
      vertex -14.5869 24.1107 4
    endloop
  endfacet
  facet normal -0.982233 -0.187666 0
    outer loop
      vertex -14.544 23.8727 0
      vertex -14.5661 23.9884 4
      vertex -14.5661 23.9884 0
    endloop
  endfacet
  facet normal -0.982233 -0.187666 0
    outer loop
      vertex -14.544 23.8727 0
      vertex -14.544 23.8727 4
      vertex -14.5661 23.9884 4
    endloop
  endfacet
  facet normal -0.978058 -0.208333 0
    outer loop
      vertex -14.5208 23.7636 0
      vertex -14.544 23.8727 4
      vertex -14.544 23.8727 0
    endloop
  endfacet
  facet normal -0.978058 -0.208333 0
    outer loop
      vertex -14.5208 23.7636 0
      vertex -14.5208 23.7636 4
      vertex -14.544 23.8727 4
    endloop
  endfacet
  facet normal -0.973512 -0.228636 0
    outer loop
      vertex -14.4967 23.661 0
      vertex -14.5208 23.7636 4
      vertex -14.5208 23.7636 0
    endloop
  endfacet
  facet normal -0.973512 -0.228636 0
    outer loop
      vertex -14.4967 23.661 0
      vertex -14.4967 23.661 4
      vertex -14.5208 23.7636 4
    endloop
  endfacet
  facet normal -0.968509 -0.248979 0
    outer loop
      vertex -14.472 23.5651 0
      vertex -14.4967 23.661 4
      vertex -14.4967 23.661 0
    endloop
  endfacet
  facet normal -0.968509 -0.248979 0
    outer loop
      vertex -14.472 23.5651 0
      vertex -14.472 23.5651 4
      vertex -14.4967 23.661 4
    endloop
  endfacet
  facet normal -0.960349 -0.2788 0
    outer loop
      vertex -14.4219 23.3925 0
      vertex -14.472 23.5651 4
      vertex -14.472 23.5651 0
    endloop
  endfacet
  facet normal -0.960349 -0.2788 0
    outer loop
      vertex -14.4219 23.3925 0
      vertex -14.4219 23.3925 4
      vertex -14.472 23.5651 4
    endloop
  endfacet
  facet normal -0.948014 -0.318228 0
    outer loop
      vertex -14.3724 23.245 0
      vertex -14.4219 23.3925 4
      vertex -14.4219 23.3925 0
    endloop
  endfacet
  facet normal -0.948014 -0.318228 0
    outer loop
      vertex -14.3724 23.245 0
      vertex -14.3724 23.245 4
      vertex -14.4219 23.3925 4
    endloop
  endfacet
  facet normal -0.934218 -0.356702 0
    outer loop
      vertex -14.3253 23.1216 0
      vertex -14.3724 23.245 4
      vertex -14.3724 23.245 0
    endloop
  endfacet
  facet normal -0.934218 -0.356702 0
    outer loop
      vertex -14.3253 23.1216 0
      vertex -14.3253 23.1216 4
      vertex -14.3724 23.245 4
    endloop
  endfacet
  facet normal -0.920203 -0.391442 0
    outer loop
      vertex -14.2604 22.969 0
      vertex -14.3253 23.1216 4
      vertex -14.3253 23.1216 0
    endloop
  endfacet
  facet normal -0.920203 -0.391442 0
    outer loop
      vertex -14.2604 22.969 0
      vertex -14.2604 22.969 4
      vertex -14.3253 23.1216 4
    endloop
  endfacet
  facet normal -0.834136 -0.551559 0
    outer loop
      vertex -14.0598 22.6656 0
      vertex -14.2604 22.969 4
      vertex -14.2604 22.969 0
    endloop
  endfacet
  facet normal -0.834136 -0.551559 0
    outer loop
      vertex -14.0598 22.6656 0
      vertex -14.0598 22.6656 4
      vertex -14.2604 22.969 4
    endloop
  endfacet
  facet normal -0.979807 0.199943 0
    outer loop
      vertex -14.0886 22.5244 0
      vertex -14.0598 22.6656 4
      vertex -14.0598 22.6656 0
    endloop
  endfacet
  facet normal -0.979807 0.199943 0
    outer loop
      vertex -14.0886 22.5244 0
      vertex -14.0886 22.5244 4
      vertex -14.0598 22.6656 4
    endloop
  endfacet
  facet normal -0.847287 -0.531135 0
    outer loop
      vertex -14.0848 22.5183 0
      vertex -14.0886 22.5244 4
      vertex -14.0886 22.5244 0
    endloop
  endfacet
  facet normal -0.847287 -0.531135 0
    outer loop
      vertex -14.0848 22.5183 0
      vertex -14.0848 22.5183 4
      vertex -14.0886 22.5244 4
    endloop
  endfacet
  facet normal -0.516635 0.856206 0
    outer loop
      vertex -14.1951 22.4517 0
      vertex -14.0848 22.5183 4
      vertex -14.0848 22.5183 0
    endloop
  endfacet
  facet normal -0.516635 0.856206 0
    outer loop
      vertex -14.1951 22.4517 0
      vertex -14.1951 22.4517 4
      vertex -14.0848 22.5183 4
    endloop
  endfacet
  facet normal -0.611496 0.791248 0
    outer loop
      vertex -14.9283 21.8851 0
      vertex -14.1951 22.4517 4
      vertex -14.1951 22.4517 0
    endloop
  endfacet
  facet normal -0.611496 0.791248 0
    outer loop
      vertex -14.9283 21.8851 0
      vertex -14.9283 21.8851 4
      vertex -14.1951 22.4517 4
    endloop
  endfacet
  facet normal 0.8259 0.563816 0
    outer loop
      vertex -14.9411 21.9038 0
      vertex -14.9283 21.8851 4
      vertex -14.9283 21.8851 0
    endloop
  endfacet
  facet normal 0.8259 0.563816 -0
    outer loop
      vertex -14.9411 21.9038 0
      vertex -14.9411 21.9038 4
      vertex -14.9283 21.8851 4
    endloop
  endfacet
  facet normal 0.111082 0.993811 0
    outer loop
      vertex -15.0844 21.9198 0
      vertex -14.9411 21.9038 4
      vertex -14.9411 21.9038 0
    endloop
  endfacet
  facet normal 0.111082 0.993811 -0
    outer loop
      vertex -15.0844 21.9198 0
      vertex -15.0844 21.9198 4
      vertex -14.9411 21.9038 4
    endloop
  endfacet
  facet normal 0.78103 0.624493 0
    outer loop
      vertex -15.315 22.2083 0
      vertex -15.0844 21.9198 4
      vertex -15.0844 21.9198 0
    endloop
  endfacet
  facet normal 0.78103 0.624493 -0
    outer loop
      vertex -15.315 22.2083 0
      vertex -15.315 22.2083 4
      vertex -15.0844 21.9198 4
    endloop
  endfacet
  facet normal 0.657376 0.753563 0
    outer loop
      vertex -15.4384 22.3159 0
      vertex -15.315 22.2083 4
      vertex -15.315 22.2083 0
    endloop
  endfacet
  facet normal 0.657376 0.753563 -0
    outer loop
      vertex -15.4384 22.3159 0
      vertex -15.4384 22.3159 4
      vertex -15.315 22.2083 4
    endloop
  endfacet
  facet normal 0.627568 0.778562 0
    outer loop
      vertex -15.5391 22.3971 0
      vertex -15.4384 22.3159 4
      vertex -15.4384 22.3159 0
    endloop
  endfacet
  facet normal 0.627568 0.778562 -0
    outer loop
      vertex -15.5391 22.3971 0
      vertex -15.5391 22.3971 4
      vertex -15.4384 22.3159 4
    endloop
  endfacet
  facet normal 0.594361 0.804199 0
    outer loop
      vertex -15.6633 22.4889 0
      vertex -15.5391 22.3971 4
      vertex -15.5391 22.3971 0
    endloop
  endfacet
  facet normal 0.594361 0.804199 -0
    outer loop
      vertex -15.6633 22.4889 0
      vertex -15.6633 22.4889 4
      vertex -15.5391 22.3971 4
    endloop
  endfacet
  facet normal 0.560429 0.828202 0
    outer loop
      vertex -15.8121 22.5896 0
      vertex -15.6633 22.4889 4
      vertex -15.6633 22.4889 0
    endloop
  endfacet
  facet normal 0.560429 0.828202 -0
    outer loop
      vertex -15.8121 22.5896 0
      vertex -15.8121 22.5896 4
      vertex -15.6633 22.4889 4
    endloop
  endfacet
  facet normal 0.534734 0.845021 0
    outer loop
      vertex -15.896 22.6427 0
      vertex -15.8121 22.5896 4
      vertex -15.8121 22.5896 0
    endloop
  endfacet
  facet normal 0.534734 0.845021 -0
    outer loop
      vertex -15.896 22.6427 0
      vertex -15.896 22.6427 4
      vertex -15.8121 22.5896 4
    endloop
  endfacet
  facet normal 0.517155 0.855892 0
    outer loop
      vertex -15.9861 22.6971 0
      vertex -15.896 22.6427 4
      vertex -15.896 22.6427 0
    endloop
  endfacet
  facet normal 0.517155 0.855892 -0
    outer loop
      vertex -15.9861 22.6971 0
      vertex -15.9861 22.6971 4
      vertex -15.896 22.6427 4
    endloop
  endfacet
  facet normal 0.499481 0.866325 0
    outer loop
      vertex -16.0827 22.7528 0
      vertex -15.9861 22.6971 4
      vertex -15.9861 22.6971 0
    endloop
  endfacet
  facet normal 0.499481 0.866325 -0
    outer loop
      vertex -16.0827 22.7528 0
      vertex -16.0827 22.7528 4
      vertex -15.9861 22.6971 4
    endloop
  endfacet
  facet normal 0.481879 0.876238 0
    outer loop
      vertex -16.1857 22.8094 0
      vertex -16.0827 22.7528 4
      vertex -16.0827 22.7528 0
    endloop
  endfacet
  facet normal 0.481879 0.876238 -0
    outer loop
      vertex -16.1857 22.8094 0
      vertex -16.1857 22.8094 4
      vertex -16.0827 22.7528 4
    endloop
  endfacet
  facet normal 0.463947 0.885863 0
    outer loop
      vertex -16.295 22.8667 0
      vertex -16.1857 22.8094 4
      vertex -16.1857 22.8094 0
    endloop
  endfacet
  facet normal 0.463947 0.885863 -0
    outer loop
      vertex -16.295 22.8667 0
      vertex -16.295 22.8667 4
      vertex -16.1857 22.8094 4
    endloop
  endfacet
  facet normal 0.44608 0.894993 0
    outer loop
      vertex -16.4108 22.9244 0
      vertex -16.295 22.8667 4
      vertex -16.295 22.8667 0
    endloop
  endfacet
  facet normal 0.44608 0.894993 -0
    outer loop
      vertex -16.4108 22.9244 0
      vertex -16.4108 22.9244 4
      vertex -16.295 22.8667 4
    endloop
  endfacet
  facet normal 0.428218 0.903676 0
    outer loop
      vertex -16.5328 22.9822 0
      vertex -16.4108 22.9244 4
      vertex -16.4108 22.9244 0
    endloop
  endfacet
  facet normal 0.428218 0.903676 -0
    outer loop
      vertex -16.5328 22.9822 0
      vertex -16.5328 22.9822 4
      vertex -16.4108 22.9244 4
    endloop
  endfacet
  facet normal 0.410211 0.911991 0
    outer loop
      vertex -16.661 23.0399 0
      vertex -16.5328 22.9822 4
      vertex -16.5328 22.9822 0
    endloop
  endfacet
  facet normal 0.410211 0.911991 -0
    outer loop
      vertex -16.661 23.0399 0
      vertex -16.661 23.0399 4
      vertex -16.5328 22.9822 4
    endloop
  endfacet
  facet normal 0.392343 0.919819 0
    outer loop
      vertex -16.7954 23.0972 0
      vertex -16.661 23.0399 4
      vertex -16.661 23.0399 0
    endloop
  endfacet
  facet normal 0.392343 0.919819 -0
    outer loop
      vertex -16.7954 23.0972 0
      vertex -16.7954 23.0972 4
      vertex -16.661 23.0399 4
    endloop
  endfacet
  facet normal 0.369185 0.929356 0
    outer loop
      vertex -16.9939 23.1761 0
      vertex -16.7954 23.0972 4
      vertex -16.7954 23.0972 0
    endloop
  endfacet
  facet normal 0.369185 0.929356 -0
    outer loop
      vertex -16.9939 23.1761 0
      vertex -16.9939 23.1761 4
      vertex -16.7954 23.0972 4
    endloop
  endfacet
  facet normal -0.696071 0.717973 0
    outer loop
      vertex -17.381 22.8007 0
      vertex -16.9939 23.1761 4
      vertex -16.9939 23.1761 0
    endloop
  endfacet
  facet normal -0.696071 0.717973 0
    outer loop
      vertex -17.381 22.8007 0
      vertex -17.381 22.8007 4
      vertex -16.9939 23.1761 4
    endloop
  endfacet
  facet normal -0.963469 -0.267821 0
    outer loop
      vertex -17.3312 22.6213 0
      vertex -17.381 22.8007 4
      vertex -17.381 22.8007 0
    endloop
  endfacet
  facet normal -0.963469 -0.267821 0
    outer loop
      vertex -17.3312 22.6213 0
      vertex -17.3312 22.6213 4
      vertex -17.381 22.8007 4
    endloop
  endfacet
  facet normal -0.956702 -0.291068 0
    outer loop
      vertex -17.2879 22.4792 0
      vertex -17.3312 22.6213 4
      vertex -17.3312 22.6213 0
    endloop
  endfacet
  facet normal -0.956702 -0.291068 0
    outer loop
      vertex -17.2879 22.4792 0
      vertex -17.2879 22.4792 4
      vertex -17.3312 22.6213 4
    endloop
  endfacet
  facet normal -0.950481 -0.310784 0
    outer loop
      vertex -17.2437 22.344 0
      vertex -17.2879 22.4792 4
      vertex -17.2879 22.4792 0
    endloop
  endfacet
  facet normal -0.950481 -0.310784 0
    outer loop
      vertex -17.2437 22.344 0
      vertex -17.2437 22.344 4
      vertex -17.2879 22.4792 4
    endloop
  endfacet
  facet normal -0.943911 -0.3302 0
    outer loop
      vertex -17.1988 22.2156 0
      vertex -17.2437 22.344 4
      vertex -17.2437 22.344 0
    endloop
  endfacet
  facet normal -0.943911 -0.3302 0
    outer loop
      vertex -17.1988 22.2156 0
      vertex -17.1988 22.2156 4
      vertex -17.2437 22.344 4
    endloop
  endfacet
  facet normal -0.936927 -0.349524 0
    outer loop
      vertex -17.1535 22.0941 0
      vertex -17.1988 22.2156 4
      vertex -17.1988 22.2156 0
    endloop
  endfacet
  facet normal -0.936927 -0.349524 0
    outer loop
      vertex -17.1535 22.0941 0
      vertex -17.1535 22.0941 4
      vertex -17.1988 22.2156 4
    endloop
  endfacet
  facet normal -0.929622 -0.368513 0
    outer loop
      vertex -17.108 21.9793 0
      vertex -17.1535 22.0941 4
      vertex -17.1535 22.0941 0
    endloop
  endfacet
  facet normal -0.929622 -0.368513 0
    outer loop
      vertex -17.108 21.9793 0
      vertex -17.108 21.9793 4
      vertex -17.1535 22.0941 4
    endloop
  endfacet
  facet normal -0.922024 -0.387133 0
    outer loop
      vertex -17.0625 21.871 0
      vertex -17.108 21.9793 4
      vertex -17.108 21.9793 0
    endloop
  endfacet
  facet normal -0.922024 -0.387133 0
    outer loop
      vertex -17.0625 21.871 0
      vertex -17.0625 21.871 4
      vertex -17.108 21.9793 4
    endloop
  endfacet
  facet normal -0.914077 -0.405541 0
    outer loop
      vertex -17.0173 21.7692 0
      vertex -17.0625 21.871 4
      vertex -17.0625 21.871 0
    endloop
  endfacet
  facet normal -0.914077 -0.405541 0
    outer loop
      vertex -17.0173 21.7692 0
      vertex -17.0173 21.7692 4
      vertex -17.0625 21.871 4
    endloop
  endfacet
  facet normal -0.905891 -0.423511 0
    outer loop
      vertex -16.9727 21.6736 0
      vertex -17.0173 21.7692 4
      vertex -17.0173 21.7692 0
    endloop
  endfacet
  facet normal -0.905891 -0.423511 0
    outer loop
      vertex -16.9727 21.6736 0
      vertex -16.9727 21.6736 4
      vertex -17.0173 21.7692 4
    endloop
  endfacet
  facet normal -0.8931 -0.449859 0
    outer loop
      vertex -16.8855 21.5007 0
      vertex -16.9727 21.6736 4
      vertex -16.9727 21.6736 0
    endloop
  endfacet
  facet normal -0.8931 -0.449859 0
    outer loop
      vertex -16.8855 21.5007 0
      vertex -16.8855 21.5007 4
      vertex -16.9727 21.6736 4
    endloop
  endfacet
  facet normal -0.875125 -0.483896 0
    outer loop
      vertex -16.8026 21.3506 0
      vertex -16.8855 21.5007 4
      vertex -16.8855 21.5007 0
    endloop
  endfacet
  facet normal -0.875125 -0.483896 0
    outer loop
      vertex -16.8026 21.3506 0
      vertex -16.8026 21.3506 4
      vertex -16.8855 21.5007 4
    endloop
  endfacet
  facet normal -0.8562 -0.516644 0
    outer loop
      vertex -16.7249 21.222 0
      vertex -16.8026 21.3506 4
      vertex -16.8026 21.3506 0
    endloop
  endfacet
  facet normal -0.8562 -0.516644 0
    outer loop
      vertex -16.7249 21.222 0
      vertex -16.7249 21.222 4
      vertex -16.8026 21.3506 4
    endloop
  endfacet
  facet normal -0.836792 -0.547521 0
    outer loop
      vertex -16.6536 21.1129 0
      vertex -16.7249 21.222 4
      vertex -16.7249 21.222 0
    endloop
  endfacet
  facet normal -0.836792 -0.547521 0
    outer loop
      vertex -16.6536 21.1129 0
      vertex -16.6536 21.1129 4
      vertex -16.7249 21.222 4
    endloop
  endfacet
  facet normal -0.826335 -0.56318 0
    outer loop
      vertex -16.5925 21.0233 0
      vertex -16.6536 21.1129 4
      vertex -16.6536 21.1129 0
    endloop
  endfacet
  facet normal -0.826335 -0.56318 0
    outer loop
      vertex -16.5925 21.0233 0
      vertex -16.5925 21.0233 4
      vertex -16.6536 21.1129 4
    endloop
  endfacet
  facet normal -0.702451 -0.711732 0
    outer loop
      vertex -16.348 20.782 0
      vertex -16.5925 21.0233 4
      vertex -16.5925 21.0233 0
    endloop
  endfacet
  facet normal -0.702451 -0.711732 0
    outer loop
      vertex -16.348 20.782 0
      vertex -16.348 20.782 4
      vertex -16.5925 21.0233 4
    endloop
  endfacet
  facet normal -0.999984 -0.00571782 0
    outer loop
      vertex -16.3471 20.6378 0
      vertex -16.348 20.782 4
      vertex -16.348 20.782 0
    endloop
  endfacet
  facet normal -0.999984 -0.00571782 0
    outer loop
      vertex -16.3471 20.6378 0
      vertex -16.3471 20.6378 4
      vertex -16.348 20.782 4
    endloop
  endfacet
  facet normal -0.783544 -0.621337 0
    outer loop
      vertex -16.3368 20.6248 0
      vertex -16.3471 20.6378 4
      vertex -16.3471 20.6378 0
    endloop
  endfacet
  facet normal -0.783544 -0.621337 0
    outer loop
      vertex -16.3368 20.6248 0
      vertex -16.3368 20.6248 4
      vertex -16.3471 20.6378 4
    endloop
  endfacet
  facet normal -0.696118 0.717928 0
    outer loop
      vertex -16.6176 20.3526 0
      vertex -16.3368 20.6248 4
      vertex -16.3368 20.6248 0
    endloop
  endfacet
  facet normal -0.696118 0.717928 0
    outer loop
      vertex -16.6176 20.3526 0
      vertex -16.6176 20.3526 4
      vertex -16.3368 20.6248 4
    endloop
  endfacet
  facet normal -0.768614 0.639713 0
    outer loop
      vertex -17.0369 19.8487 0
      vertex -16.6176 20.3526 4
      vertex -16.6176 20.3526 0
    endloop
  endfacet
  facet normal -0.768614 0.639713 0
    outer loop
      vertex -17.0369 19.8487 0
      vertex -17.0369 19.8487 4
      vertex -16.6176 20.3526 4
    endloop
  endfacet
  facet normal 0.758789 0.651337 0
    outer loop
      vertex -17.0504 19.8644 0
      vertex -17.0369 19.8487 4
      vertex -17.0369 19.8487 0
    endloop
  endfacet
  facet normal 0.758789 0.651337 -0
    outer loop
      vertex -17.0504 19.8644 0
      vertex -17.0504 19.8644 4
      vertex -17.0369 19.8487 4
    endloop
  endfacet
  facet normal -0.0881009 0.996112 0
    outer loop
      vertex -17.194 19.8517 0
      vertex -17.0504 19.8644 4
      vertex -17.0504 19.8644 0
    endloop
  endfacet
  facet normal -0.0881009 0.996112 0
    outer loop
      vertex -17.194 19.8517 0
      vertex -17.194 19.8517 4
      vertex -17.0504 19.8644 4
    endloop
  endfacet
  facet normal 0.641365 0.767236 0
    outer loop
      vertex -17.4689 20.0815 0
      vertex -17.194 19.8517 4
      vertex -17.194 19.8517 0
    endloop
  endfacet
  facet normal 0.641365 0.767236 -0
    outer loop
      vertex -17.4689 20.0815 0
      vertex -17.4689 20.0815 4
      vertex -17.194 19.8517 4
    endloop
  endfacet
  facet normal 0.485925 0.874001 0
    outer loop
      vertex -17.6135 20.1619 0
      vertex -17.4689 20.0815 4
      vertex -17.4689 20.0815 0
    endloop
  endfacet
  facet normal 0.485925 0.874001 -0
    outer loop
      vertex -17.6135 20.1619 0
      vertex -17.6135 20.1619 4
      vertex -17.4689 20.0815 4
    endloop
  endfacet
  facet normal 0.452799 0.891613 0
    outer loop
      vertex -17.7322 20.2222 0
      vertex -17.6135 20.1619 4
      vertex -17.6135 20.1619 0
    endloop
  endfacet
  facet normal 0.452799 0.891613 -0
    outer loop
      vertex -17.7322 20.2222 0
      vertex -17.7322 20.2222 4
      vertex -17.6135 20.1619 4
    endloop
  endfacet
  facet normal 0.41703 0.908893 0
    outer loop
      vertex -17.8758 20.2881 0
      vertex -17.7322 20.2222 4
      vertex -17.7322 20.2222 0
    endloop
  endfacet
  facet normal 0.41703 0.908893 -0
    outer loop
      vertex -17.8758 20.2881 0
      vertex -17.8758 20.2881 4
      vertex -17.7322 20.2222 4
    endloop
  endfacet
  facet normal 0.381301 0.924451 0
    outer loop
      vertex -18.0443 20.3576 0
      vertex -17.8758 20.2881 4
      vertex -17.8758 20.2881 0
    endloop
  endfacet
  facet normal 0.381301 0.924451 -0
    outer loop
      vertex -18.0443 20.3576 0
      vertex -18.0443 20.3576 4
      vertex -17.8758 20.2881 4
    endloop
  endfacet
  facet normal 0.34574 0.93833 0
    outer loop
      vertex -18.2372 20.4287 0
      vertex -18.0443 20.3576 4
      vertex -18.0443 20.3576 0
    endloop
  endfacet
  facet normal 0.34574 0.93833 -0
    outer loop
      vertex -18.2372 20.4287 0
      vertex -18.2372 20.4287 4
      vertex -18.0443 20.3576 4
    endloop
  endfacet
  facet normal 0.319437 0.947608 0
    outer loop
      vertex -18.3425 20.4642 0
      vertex -18.2372 20.4287 4
      vertex -18.2372 20.4287 0
    endloop
  endfacet
  facet normal 0.319437 0.947608 -0
    outer loop
      vertex -18.3425 20.4642 0
      vertex -18.3425 20.4642 4
      vertex -18.2372 20.4287 4
    endloop
  endfacet
  facet normal 0.301983 0.953313 0
    outer loop
      vertex -18.4537 20.4994 0
      vertex -18.3425 20.4642 4
      vertex -18.3425 20.4642 0
    endloop
  endfacet
  facet normal 0.301983 0.953313 -0
    outer loop
      vertex -18.4537 20.4994 0
      vertex -18.4537 20.4994 4
      vertex -18.3425 20.4642 4
    endloop
  endfacet
  facet normal 0.28451 0.958673 0
    outer loop
      vertex -18.5706 20.5341 0
      vertex -18.4537 20.4994 4
      vertex -18.4537 20.4994 0
    endloop
  endfacet
  facet normal 0.28451 0.958673 -0
    outer loop
      vertex -18.5706 20.5341 0
      vertex -18.5706 20.5341 4
      vertex -18.4537 20.4994 4
    endloop
  endfacet
  facet normal 0.267241 0.96363 0
    outer loop
      vertex -18.693 20.568 0
      vertex -18.5706 20.5341 4
      vertex -18.5706 20.5341 0
    endloop
  endfacet
  facet normal 0.267241 0.96363 -0
    outer loop
      vertex -18.693 20.568 0
      vertex -18.693 20.568 4
      vertex -18.5706 20.5341 4
    endloop
  endfacet
  facet normal 0.250088 0.968223 0
    outer loop
      vertex -18.8208 20.6011 0
      vertex -18.693 20.568 4
      vertex -18.693 20.568 0
    endloop
  endfacet
  facet normal 0.250088 0.968223 -0
    outer loop
      vertex -18.8208 20.6011 0
      vertex -18.8208 20.6011 4
      vertex -18.693 20.568 4
    endloop
  endfacet
  facet normal 0.233027 0.97247 0
    outer loop
      vertex -18.9539 20.6329 0
      vertex -18.8208 20.6011 4
      vertex -18.8208 20.6011 0
    endloop
  endfacet
  facet normal 0.233027 0.97247 -0
    outer loop
      vertex -18.9539 20.6329 0
      vertex -18.9539 20.6329 4
      vertex -18.8208 20.6011 4
    endloop
  endfacet
  facet normal 0.216291 0.976329 0
    outer loop
      vertex -19.0921 20.6636 0
      vertex -18.9539 20.6329 4
      vertex -18.9539 20.6329 0
    endloop
  endfacet
  facet normal 0.216291 0.976329 -0
    outer loop
      vertex -19.0921 20.6636 0
      vertex -19.0921 20.6636 4
      vertex -18.9539 20.6329 4
    endloop
  endfacet
  facet normal 0.194476 0.980907 0
    outer loop
      vertex -19.3027 20.7053 0
      vertex -19.0921 20.6636 4
      vertex -19.0921 20.6636 0
    endloop
  endfacet
  facet normal 0.194476 0.980907 -0
    outer loop
      vertex -19.3027 20.7053 0
      vertex -19.3027 20.7053 4
      vertex -19.0921 20.6636 4
    endloop
  endfacet
  facet normal -0.768573 0.639762 0
    outer loop
      vertex -19.4825 20.4894 0
      vertex -19.3027 20.7053 4
      vertex -19.3027 20.7053 0
    endloop
  endfacet
  facet normal -0.768573 0.639762 0
    outer loop
      vertex -19.4825 20.4894 0
      vertex -19.4825 20.4894 4
      vertex -19.3027 20.7053 4
    endloop
  endfacet
  facet normal -0.828401 0.560136 0
    outer loop
      vertex -19.6328 20.2672 0
      vertex -19.4825 20.4894 4
      vertex -19.4825 20.4894 0
    endloop
  endfacet
  facet normal -0.828401 0.560136 0
    outer loop
      vertex -19.6328 20.2672 0
      vertex -19.6328 20.2672 4
      vertex -19.4825 20.4894 4
    endloop
  endfacet
  facet normal -0.890122 -0.455723 0
    outer loop
      vertex -19.5379 20.0818 0
      vertex -19.6328 20.2672 4
      vertex -19.6328 20.2672 0
    endloop
  endfacet
  facet normal -0.890122 -0.455723 0
    outer loop
      vertex -19.5379 20.0818 0
      vertex -19.5379 20.0818 4
      vertex -19.6328 20.2672 4
    endloop
  endfacet
  facet normal -0.87862 -0.477522 0
    outer loop
      vertex -19.4684 19.9539 0
      vertex -19.5379 20.0818 4
      vertex -19.5379 20.0818 0
    endloop
  endfacet
  facet normal -0.87862 -0.477522 0
    outer loop
      vertex -19.4684 19.9539 0
      vertex -19.4684 19.9539 4
      vertex -19.5379 20.0818 4
    endloop
  endfacet
  facet normal -0.869379 -0.494147 0
    outer loop
      vertex -19.3994 19.8327 0
      vertex -19.4684 19.9539 4
      vertex -19.4684 19.9539 0
    endloop
  endfacet
  facet normal -0.869379 -0.494147 0
    outer loop
      vertex -19.3994 19.8327 0
      vertex -19.3994 19.8327 4
      vertex -19.4684 19.9539 4
    endloop
  endfacet
  facet normal -0.859883 -0.510491 0
    outer loop
      vertex -19.3313 19.7178 0
      vertex -19.3994 19.8327 4
      vertex -19.3994 19.8327 0
    endloop
  endfacet
  facet normal -0.859883 -0.510491 0
    outer loop
      vertex -19.3313 19.7178 0
      vertex -19.3313 19.7178 4
      vertex -19.3994 19.8327 4
    endloop
  endfacet
  facet normal -0.850306 -0.526289 0
    outer loop
      vertex -19.2641 19.6092 0
      vertex -19.3313 19.7178 4
      vertex -19.3313 19.7178 0
    endloop
  endfacet
  facet normal -0.850306 -0.526289 0
    outer loop
      vertex -19.2641 19.6092 0
      vertex -19.2641 19.6092 4
      vertex -19.3313 19.7178 4
    endloop
  endfacet
  facet normal -0.840455 -0.541882 0
    outer loop
      vertex -19.1979 19.5067 0
      vertex -19.2641 19.6092 4
      vertex -19.2641 19.6092 0
    endloop
  endfacet
  facet normal -0.840455 -0.541882 0
    outer loop
      vertex -19.1979 19.5067 0
      vertex -19.1979 19.5067 4
      vertex -19.2641 19.6092 4
    endloop
  endfacet
  facet normal -0.830556 -0.556935 0
    outer loop
      vertex -19.133 19.4099 0
      vertex -19.1979 19.5067 4
      vertex -19.1979 19.5067 0
    endloop
  endfacet
  facet normal -0.830556 -0.556935 0
    outer loop
      vertex -19.133 19.4099 0
      vertex -19.133 19.4099 4
      vertex -19.1979 19.5067 4
    endloop
  endfacet
  facet normal -0.81546 -0.578813 0
    outer loop
      vertex -19.0075 19.233 0
      vertex -19.133 19.4099 4
      vertex -19.133 19.4099 0
    endloop
  endfacet
  facet normal -0.81546 -0.578813 0
    outer loop
      vertex -19.0075 19.233 0
      vertex -19.0075 19.233 4
      vertex -19.133 19.4099 4
    endloop
  endfacet
  facet normal -0.794827 -0.606836 0
    outer loop
      vertex -18.8882 19.0768 0
      vertex -19.0075 19.233 4
      vertex -19.0075 19.233 0
    endloop
  endfacet
  facet normal -0.794827 -0.606836 0
    outer loop
      vertex -18.8882 19.0768 0
      vertex -18.8882 19.0768 4
      vertex -19.0075 19.233 4
    endloop
  endfacet
  facet normal -0.773888 -0.633322 0
    outer loop
      vertex -18.7759 18.9396 0
      vertex -18.8882 19.0768 4
      vertex -18.8882 19.0768 0
    endloop
  endfacet
  facet normal -0.773888 -0.633322 0
    outer loop
      vertex -18.7759 18.9396 0
      vertex -18.7759 18.9396 4
      vertex -18.8882 19.0768 4
    endloop
  endfacet
  facet normal -0.752808 -0.658241 0
    outer loop
      vertex -18.6709 18.8194 0
      vertex -18.7759 18.9396 4
      vertex -18.7759 18.9396 0
    endloop
  endfacet
  facet normal -0.752808 -0.658241 0
    outer loop
      vertex -18.6709 18.8194 0
      vertex -18.6709 18.8194 4
      vertex -18.7759 18.9396 4
    endloop
  endfacet
  facet normal -0.727223 -0.686401 0
    outer loop
      vertex -18.4982 18.6365 0
      vertex -18.6709 18.8194 4
      vertex -18.6709 18.8194 0
    endloop
  endfacet
  facet normal -0.727223 -0.686401 0
    outer loop
      vertex -18.4982 18.6365 0
      vertex -18.4982 18.6365 4
      vertex -18.6709 18.8194 4
    endloop
  endfacet
  facet normal -0.555693 -0.831388 0
    outer loop
      vertex -18.2358 18.4611 0
      vertex -18.4982 18.6365 4
      vertex -18.4982 18.6365 0
    endloop
  endfacet
  facet normal -0.555693 -0.831388 0
    outer loop
      vertex -18.2358 18.4611 0
      vertex -18.2358 18.4611 4
      vertex -18.4982 18.6365 4
    endloop
  endfacet
  facet normal -0.981022 -0.193896 0
    outer loop
      vertex -18.2078 18.3197 0
      vertex -18.2358 18.4611 4
      vertex -18.2358 18.4611 0
    endloop
  endfacet
  facet normal -0.981022 -0.193896 0
    outer loop
      vertex -18.2078 18.3197 0
      vertex -18.2078 18.3197 4
      vertex -18.2358 18.4611 4
    endloop
  endfacet
  facet normal -0.709103 -0.705105 0
    outer loop
      vertex -18.1944 18.3062 0
      vertex -18.2078 18.3197 4
      vertex -18.2078 18.3197 0
    endloop
  endfacet
  facet normal -0.709103 -0.705105 0
    outer loop
      vertex -18.1944 18.3062 0
      vertex -18.1944 18.3062 4
      vertex -18.2078 18.3197 4
    endloop
  endfacet
  facet normal -0.828444 0.560072 0
    outer loop
      vertex -18.5508 17.7789 0
      vertex -18.1944 18.3062 4
      vertex -18.1944 18.3062 0
    endloop
  endfacet
  facet normal -0.828444 0.560072 0
    outer loop
      vertex -18.5508 17.7789 0
      vertex -18.5508 17.7789 4
      vertex -18.1944 18.3062 4
    endloop
  endfacet
  facet normal -0.876124 0.482086 0
    outer loop
      vertex -18.7397 17.4358 0
      vertex -18.5508 17.7789 4
      vertex -18.5508 17.7789 0
    endloop
  endfacet
  facet normal -0.876124 0.482086 0
    outer loop
      vertex -18.7397 17.4358 0
      vertex -18.7397 17.4358 4
      vertex -18.5508 17.7789 4
    endloop
  endfacet
  facet normal 0.681481 0.731836 0
    outer loop
      vertex -18.7496 17.4451 0
      vertex -18.7397 17.4358 4
      vertex -18.7397 17.4358 0
    endloop
  endfacet
  facet normal 0.681481 0.731836 -0
    outer loop
      vertex -18.7496 17.4451 0
      vertex -18.7496 17.4451 4
      vertex -18.7397 17.4358 4
    endloop
  endfacet
  facet normal -0.262392 0.964961 0
    outer loop
      vertex -18.8887 17.4073 0
      vertex -18.7496 17.4451 4
      vertex -18.7496 17.4451 0
    endloop
  endfacet
  facet normal -0.262392 0.964961 0
    outer loop
      vertex -18.8887 17.4073 0
      vertex -18.8887 17.4073 4
      vertex -18.7496 17.4451 4
    endloop
  endfacet
  facet normal 0.495913 0.868372 0
    outer loop
      vertex -19.1796 17.5734 0
      vertex -18.8887 17.4073 4
      vertex -18.8887 17.4073 0
    endloop
  endfacet
  facet normal 0.495913 0.868372 -0
    outer loop
      vertex -19.1796 17.5734 0
      vertex -19.1796 17.5734 4
      vertex -18.8887 17.4073 4
    endloop
  endfacet
  facet normal 0.305896 0.952065 0
    outer loop
      vertex -19.3418 17.6255 0
      vertex -19.1796 17.5734 4
      vertex -19.1796 17.5734 0
    endloop
  endfacet
  facet normal 0.305896 0.952065 -0
    outer loop
      vertex -19.3418 17.6255 0
      vertex -19.3418 17.6255 4
      vertex -19.1796 17.5734 4
    endloop
  endfacet
  facet normal 0.273684 0.96182 0
    outer loop
      vertex -19.4783 17.6644 0
      vertex -19.3418 17.6255 4
      vertex -19.3418 17.6255 0
    endloop
  endfacet
  facet normal 0.273684 0.96182 -0
    outer loop
      vertex -19.4783 17.6644 0
      vertex -19.4783 17.6644 4
      vertex -19.3418 17.6255 4
    endloop
  endfacet
  facet normal 0.239507 0.970895 0
    outer loop
      vertex -19.6383 17.7038 0
      vertex -19.4783 17.6644 4
      vertex -19.4783 17.6644 0
    endloop
  endfacet
  facet normal 0.239507 0.970895 -0
    outer loop
      vertex -19.6383 17.7038 0
      vertex -19.6383 17.7038 4
      vertex -19.4783 17.6644 4
    endloop
  endfacet
  facet normal 0.206126 0.978525 0
    outer loop
      vertex -19.8209 17.7423 0
      vertex -19.6383 17.7038 4
      vertex -19.6383 17.7038 0
    endloop
  endfacet
  facet normal 0.206126 0.978525 -0
    outer loop
      vertex -19.8209 17.7423 0
      vertex -19.8209 17.7423 4
      vertex -19.6383 17.7038 4
    endloop
  endfacet
  facet normal 0.173558 0.984824 0
    outer loop
      vertex -20.0248 17.7782 0
      vertex -19.8209 17.7423 4
      vertex -19.8209 17.7423 0
    endloop
  endfacet
  facet normal 0.173558 0.984824 -0
    outer loop
      vertex -20.0248 17.7782 0
      vertex -20.0248 17.7782 4
      vertex -19.8209 17.7423 4
    endloop
  endfacet
  facet normal 0.141846 0.989889 0
    outer loop
      vertex -20.2487 17.8103 0
      vertex -20.0248 17.7782 4
      vertex -20.0248 17.7782 0
    endloop
  endfacet
  facet normal 0.141846 0.989889 -0
    outer loop
      vertex -20.2487 17.8103 0
      vertex -20.2487 17.8103 4
      vertex -20.0248 17.7782 4
    endloop
  endfacet
  facet normal 0.110891 0.993833 0
    outer loop
      vertex -20.4913 17.8374 0
      vertex -20.2487 17.8103 4
      vertex -20.2487 17.8103 0
    endloop
  endfacet
  facet normal 0.110891 0.993833 -0
    outer loop
      vertex -20.4913 17.8374 0
      vertex -20.4913 17.8374 4
      vertex -20.2487 17.8103 4
    endloop
  endfacet
  facet normal 0.0810155 0.996713 0
    outer loop
      vertex -20.7511 17.8585 0
      vertex -20.4913 17.8374 4
      vertex -20.4913 17.8374 0
    endloop
  endfacet
  facet normal 0.0810155 0.996713 -0
    outer loop
      vertex -20.7511 17.8585 0
      vertex -20.7511 17.8585 4
      vertex -20.4913 17.8374 4
    endloop
  endfacet
  facet normal 0.0522743 0.998633 0
    outer loop
      vertex -21.0266 17.8729 0
      vertex -20.7511 17.8585 4
      vertex -20.7511 17.8585 0
    endloop
  endfacet
  facet normal 0.0522743 0.998633 -0
    outer loop
      vertex -21.0266 17.8729 0
      vertex -21.0266 17.8729 4
      vertex -20.7511 17.8585 4
    endloop
  endfacet
  facet normal 0.0245784 0.999698 0
    outer loop
      vertex -21.1122 17.875 0
      vertex -21.0266 17.8729 4
      vertex -21.0266 17.8729 0
    endloop
  endfacet
  facet normal 0.0245784 0.999698 -0
    outer loop
      vertex -21.1122 17.875 0
      vertex -21.1122 17.875 4
      vertex -21.0266 17.8729 4
    endloop
  endfacet
  facet normal -0.876109 0.482113 0
    outer loop
      vertex -21.3816 17.3854 0
      vertex -21.1122 17.875 4
      vertex -21.1122 17.875 0
    endloop
  endfacet
  facet normal -0.876109 0.482113 0
    outer loop
      vertex -21.3816 17.3854 0
      vertex -21.3816 17.3854 4
      vertex -21.1122 17.875 4
    endloop
  endfacet
  facet normal -0.792373 -0.610037 0
    outer loop
      vertex -21.2384 17.1994 0
      vertex -21.3816 17.3854 4
      vertex -21.3816 17.3854 0
    endloop
  endfacet
  facet normal -0.792373 -0.610037 0
    outer loop
      vertex -21.2384 17.1994 0
      vertex -21.2384 17.1994 4
      vertex -21.3816 17.3854 4
    endloop
  endfacet
  facet normal -0.777941 -0.628337 0
    outer loop
      vertex -21.1499 17.0899 0
      vertex -21.2384 17.1994 4
      vertex -21.2384 17.1994 0
    endloop
  endfacet
  facet normal -0.777941 -0.628337 0
    outer loop
      vertex -21.1499 17.0899 0
      vertex -21.1499 17.0899 4
      vertex -21.2384 17.1994 4
    endloop
  endfacet
  facet normal -0.76737 -0.641204 0
    outer loop
      vertex -21.0632 16.986 0
      vertex -21.1499 17.0899 4
      vertex -21.1499 17.0899 0
    endloop
  endfacet
  facet normal -0.76737 -0.641204 0
    outer loop
      vertex -21.0632 16.986 0
      vertex -21.0632 16.986 4
      vertex -21.1499 17.0899 4
    endloop
  endfacet
  facet normal -0.756992 -0.653424 0
    outer loop
      vertex -20.9782 16.8875 0
      vertex -21.0632 16.986 4
      vertex -21.0632 16.986 0
    endloop
  endfacet
  facet normal -0.756992 -0.653424 0
    outer loop
      vertex -20.9782 16.8875 0
      vertex -20.9782 16.8875 4
      vertex -21.0632 16.986 4
    endloop
  endfacet
  facet normal -0.741325 -0.671146 0
    outer loop
      vertex -20.8137 16.7059 0
      vertex -20.9782 16.8875 4
      vertex -20.9782 16.8875 0
    endloop
  endfacet
  facet normal -0.741325 -0.671146 0
    outer loop
      vertex -20.8137 16.7059 0
      vertex -20.8137 16.7059 4
      vertex -20.9782 16.8875 4
    endloop
  endfacet
  facet normal -0.720153 -0.693816 0
    outer loop
      vertex -20.6569 16.5432 0
      vertex -20.8137 16.7059 4
      vertex -20.8137 16.7059 0
    endloop
  endfacet
  facet normal -0.720153 -0.693816 0
    outer loop
      vertex -20.6569 16.5432 0
      vertex -20.6569 16.5432 4
      vertex -20.8137 16.7059 4
    endloop
  endfacet
  facet normal -0.699074 -0.71505 0
    outer loop
      vertex -20.5081 16.3976 0
      vertex -20.6569 16.5432 4
      vertex -20.6569 16.5432 0
    endloop
  endfacet
  facet normal -0.699074 -0.71505 0
    outer loop
      vertex -20.5081 16.3976 0
      vertex -20.5081 16.3976 4
      vertex -20.6569 16.5432 4
    endloop
  endfacet
  facet normal -0.678174 -0.734901 0
    outer loop
      vertex -20.3671 16.2675 0
      vertex -20.5081 16.3976 4
      vertex -20.5081 16.3976 0
    endloop
  endfacet
  facet normal -0.678174 -0.734901 0
    outer loop
      vertex -20.3671 16.2675 0
      vertex -20.3671 16.2675 4
      vertex -20.5081 16.3976 4
    endloop
  endfacet
  facet normal -0.658077 -0.752951 0
    outer loop
      vertex -20.234 16.1512 0
      vertex -20.3671 16.2675 4
      vertex -20.3671 16.2675 0
    endloop
  endfacet
  facet normal -0.658077 -0.752951 0
    outer loop
      vertex -20.234 16.1512 0
      vertex -20.234 16.1512 4
      vertex -20.3671 16.2675 4
    endloop
  endfacet
  facet normal -0.63788 -0.770136 0
    outer loop
      vertex -20.1085 16.0472 0
      vertex -20.234 16.1512 4
      vertex -20.234 16.1512 0
    endloop
  endfacet
  facet normal -0.63788 -0.770136 0
    outer loop
      vertex -20.1085 16.0472 0
      vertex -20.1085 16.0472 4
      vertex -20.234 16.1512 4
    endloop
  endfacet
  facet normal -0.619901 -0.78468 0
    outer loop
      vertex -19.9632 15.9324 0
      vertex -20.1085 16.0472 4
      vertex -20.1085 16.0472 0
    endloop
  endfacet
  facet normal -0.619901 -0.78468 0
    outer loop
      vertex -19.9632 15.9324 0
      vertex -19.9632 15.9324 4
      vertex -20.1085 16.0472 4
    endloop
  endfacet
  facet normal -0.41309 -0.91069 0
    outer loop
      vertex -19.703 15.8144 0
      vertex -19.9632 15.9324 4
      vertex -19.9632 15.9324 0
    endloop
  endfacet
  facet normal -0.41309 -0.91069 0
    outer loop
      vertex -19.703 15.8144 0
      vertex -19.703 15.8144 4
      vertex -19.9632 15.9324 4
    endloop
  endfacet
  facet normal -0.936521 -0.350613 0
    outer loop
      vertex -19.6525 15.6795 0
      vertex -19.703 15.8144 4
      vertex -19.703 15.8144 0
    endloop
  endfacet
  facet normal -0.936521 -0.350613 0
    outer loop
      vertex -19.6525 15.6795 0
      vertex -19.6525 15.6795 4
      vertex -19.703 15.8144 4
    endloop
  endfacet
  facet normal -0.623789 -0.781593 0
    outer loop
      vertex -19.6396 15.6692 0
      vertex -19.6525 15.6795 4
      vertex -19.6525 15.6795 0
    endloop
  endfacet
  facet normal -0.623789 -0.781593 0
    outer loop
      vertex -19.6396 15.6692 0
      vertex -19.6396 15.6692 4
      vertex -19.6525 15.6795 4
    endloop
  endfacet
  facet normal -0.91291 0.408161 0
    outer loop
      vertex -19.9827 14.902 0
      vertex -19.6396 15.6692 4
      vertex -19.6396 15.6692 0
    endloop
  endfacet
  facet normal -0.91291 0.408161 0
    outer loop
      vertex -19.9827 14.902 0
      vertex -19.9827 14.902 4
      vertex -19.6396 15.6692 4
    endloop
  endfacet
  facet normal -0.940426 0.339998 0
    outer loop
      vertex -20.0386 14.7474 0
      vertex -19.9827 14.902 4
      vertex -19.9827 14.902 0
    endloop
  endfacet
  facet normal -0.940426 0.339998 0
    outer loop
      vertex -20.0386 14.7474 0
      vertex -20.0386 14.7474 4
      vertex -19.9827 14.902 4
    endloop
  endfacet
  facet normal 0.592547 0.805536 0
    outer loop
      vertex -20.0431 14.7507 0
      vertex -20.0386 14.7474 4
      vertex -20.0386 14.7474 0
    endloop
  endfacet
  facet normal 0.592547 0.805536 -0
    outer loop
      vertex -20.0431 14.7507 0
      vertex -20.0431 14.7507 4
      vertex -20.0386 14.7474 4
    endloop
  endfacet
  facet normal -0.403533 0.914965 0
    outer loop
      vertex -20.1749 14.6926 0
      vertex -20.0431 14.7507 4
      vertex -20.0431 14.7507 0
    endloop
  endfacet
  facet normal -0.403533 0.914965 0
    outer loop
      vertex -20.1749 14.6926 0
      vertex -20.1749 14.6926 4
      vertex -20.0431 14.7507 4
    endloop
  endfacet
  facet normal 0.360807 0.932641 0
    outer loop
      vertex -20.4602 14.803 0
      vertex -20.1749 14.6926 4
      vertex -20.1749 14.6926 0
    endloop
  endfacet
  facet normal 0.360807 0.932641 -0
    outer loop
      vertex -20.4602 14.803 0
      vertex -20.4602 14.803 4
      vertex -20.1749 14.6926 4
    endloop
  endfacet
  facet normal 0.137453 0.990508 0
    outer loop
      vertex -20.6357 14.8273 0
      vertex -20.4602 14.803 4
      vertex -20.4602 14.803 0
    endloop
  endfacet
  facet normal 0.137453 0.990508 -0
    outer loop
      vertex -20.6357 14.8273 0
      vertex -20.6357 14.8273 4
      vertex -20.4602 14.803 4
    endloop
  endfacet
  facet normal 0.109076 0.994033 0
    outer loop
      vertex -20.788 14.844 0
      vertex -20.6357 14.8273 4
      vertex -20.6357 14.8273 0
    endloop
  endfacet
  facet normal 0.109076 0.994033 -0
    outer loop
      vertex -20.788 14.844 0
      vertex -20.788 14.844 4
      vertex -20.6357 14.8273 4
    endloop
  endfacet
  facet normal 0.0793597 0.996846 0
    outer loop
      vertex -20.9605 14.8578 0
      vertex -20.788 14.844 4
      vertex -20.788 14.844 0
    endloop
  endfacet
  facet normal 0.0793597 0.996846 -0
    outer loop
      vertex -20.9605 14.8578 0
      vertex -20.9605 14.8578 4
      vertex -20.788 14.844 4
    endloop
  endfacet
  facet normal 0.0509031 0.998704 0
    outer loop
      vertex -21.1518 14.8675 0
      vertex -20.9605 14.8578 4
      vertex -20.9605 14.8578 0
    endloop
  endfacet
  facet normal 0.0509031 0.998704 -0
    outer loop
      vertex -21.1518 14.8675 0
      vertex -21.1518 14.8675 4
      vertex -20.9605 14.8578 4
    endloop
  endfacet
  facet normal 0.0233957 0.999726 0
    outer loop
      vertex -21.3604 14.8724 0
      vertex -21.1518 14.8675 4
      vertex -21.1518 14.8675 0
    endloop
  endfacet
  facet normal 0.0233957 0.999726 -0
    outer loop
      vertex -21.3604 14.8724 0
      vertex -21.3604 14.8724 4
      vertex -21.1518 14.8675 4
    endloop
  endfacet
  facet normal -0.00339764 0.999994 0
    outer loop
      vertex -21.585 14.8716 0
      vertex -21.3604 14.8724 4
      vertex -21.3604 14.8724 0
    endloop
  endfacet
  facet normal -0.00339764 0.999994 0
    outer loop
      vertex -21.585 14.8716 0
      vertex -21.585 14.8716 4
      vertex -21.3604 14.8724 4
    endloop
  endfacet
  facet normal -0.0289151 0.999582 0
    outer loop
      vertex -21.8239 14.8647 0
      vertex -21.585 14.8716 4
      vertex -21.585 14.8716 0
    endloop
  endfacet
  facet normal -0.0289151 0.999582 0
    outer loop
      vertex -21.8239 14.8647 0
      vertex -21.8239 14.8647 4
      vertex -21.585 14.8716 4
    endloop
  endfacet
  facet normal -0.0529399 0.998598 0
    outer loop
      vertex -22.0758 14.8514 0
      vertex -21.8239 14.8647 4
      vertex -21.8239 14.8647 0
    endloop
  endfacet
  facet normal -0.0529399 0.998598 0
    outer loop
      vertex -22.0758 14.8514 0
      vertex -22.0758 14.8514 4
      vertex -21.8239 14.8647 4
    endloop
  endfacet
  facet normal -0.075932 0.997113 0
    outer loop
      vertex -22.3391 14.8313 0
      vertex -22.0758 14.8514 4
      vertex -22.0758 14.8514 0
    endloop
  endfacet
  facet normal -0.075932 0.997113 0
    outer loop
      vertex -22.3391 14.8313 0
      vertex -22.3391 14.8313 4
      vertex -22.0758 14.8514 4
    endloop
  endfacet
  facet normal -0.0984587 0.995141 0
    outer loop
      vertex -22.4484 14.8205 0
      vertex -22.3391 14.8313 4
      vertex -22.3391 14.8313 0
    endloop
  endfacet
  facet normal -0.0984587 0.995141 0
    outer loop
      vertex -22.4484 14.8205 0
      vertex -22.4484 14.8205 4
      vertex -22.3391 14.8313 4
    endloop
  endfacet
  facet normal -0.940427 0.339996 0
    outer loop
      vertex -22.6442 14.2789 0
      vertex -22.4484 14.8205 4
      vertex -22.4484 14.8205 0
    endloop
  endfacet
  facet normal -0.940427 0.339996 0
    outer loop
      vertex -22.6442 14.2789 0
      vertex -22.6442 14.2789 4
      vertex -22.4484 14.8205 4
    endloop
  endfacet
  facet normal -0.692769 -0.721159 0
    outer loop
      vertex -22.569 14.2066 0
      vertex -22.6442 14.2789 4
      vertex -22.6442 14.2789 0
    endloop
  endfacet
  facet normal -0.692769 -0.721159 0
    outer loop
      vertex -22.569 14.2066 0
      vertex -22.569 14.2066 4
      vertex -22.6442 14.2789 4
    endloop
  endfacet
  facet normal -0.677274 -0.735731 0
    outer loop
      vertex -22.3664 14.0201 0
      vertex -22.569 14.2066 4
      vertex -22.569 14.2066 0
    endloop
  endfacet
  facet normal -0.677274 -0.735731 0
    outer loop
      vertex -22.3664 14.0201 0
      vertex -22.3664 14.0201 4
      vertex -22.569 14.2066 4
    endloop
  endfacet
  facet normal -0.657003 -0.753888 0
    outer loop
      vertex -22.1727 13.8513 0
      vertex -22.3664 14.0201 4
      vertex -22.3664 14.0201 0
    endloop
  endfacet
  facet normal -0.657003 -0.753888 0
    outer loop
      vertex -22.1727 13.8513 0
      vertex -22.1727 13.8513 4
      vertex -22.3664 14.0201 4
    endloop
  endfacet
  facet normal -0.636794 -0.771034 0
    outer loop
      vertex -21.9877 13.6985 0
      vertex -22.1727 13.8513 4
      vertex -22.1727 13.8513 0
    endloop
  endfacet
  facet normal -0.636794 -0.771034 0
    outer loop
      vertex -21.9877 13.6985 0
      vertex -21.9877 13.6985 4
      vertex -22.1727 13.8513 4
    endloop
  endfacet
  facet normal -0.616881 -0.787057 0
    outer loop
      vertex -21.8112 13.5601 0
      vertex -21.9877 13.6985 4
      vertex -21.9877 13.6985 0
    endloop
  endfacet
  facet normal -0.616881 -0.787057 0
    outer loop
      vertex -21.8112 13.5601 0
      vertex -21.8112 13.5601 4
      vertex -21.9877 13.6985 4
    endloop
  endfacet
  facet normal -0.598009 -0.801489 0
    outer loop
      vertex -21.6429 13.4346 0
      vertex -21.8112 13.5601 4
      vertex -21.8112 13.5601 0
    endloop
  endfacet
  facet normal -0.598009 -0.801489 0
    outer loop
      vertex -21.6429 13.4346 0
      vertex -21.6429 13.4346 4
      vertex -21.8112 13.5601 4
    endloop
  endfacet
  facet normal -0.579492 -0.814978 0
    outer loop
      vertex -21.4825 13.3205 0
      vertex -21.6429 13.4346 4
      vertex -21.6429 13.4346 0
    endloop
  endfacet
  facet normal -0.579492 -0.814978 0
    outer loop
      vertex -21.4825 13.3205 0
      vertex -21.4825 13.3205 4
      vertex -21.6429 13.4346 4
    endloop
  endfacet
  facet normal -0.556758 -0.830675 0
    outer loop
      vertex -21.2552 13.1682 0
      vertex -21.4825 13.3205 4
      vertex -21.4825 13.3205 0
    endloop
  endfacet
  facet normal -0.556758 -0.830675 0
    outer loop
      vertex -21.2552 13.1682 0
      vertex -21.2552 13.1682 4
      vertex -21.4825 13.3205 4
    endloop
  endfacet
  facet normal -0.532447 -0.846464 0
    outer loop
      vertex -21.0197 13.0201 0
      vertex -21.2552 13.1682 4
      vertex -21.2552 13.1682 0
    endloop
  endfacet
  facet normal -0.532447 -0.846464 0
    outer loop
      vertex -21.0197 13.0201 0
      vertex -21.0197 13.0201 4
      vertex -21.2552 13.1682 4
    endloop
  endfacet
  facet normal -0.287577 -0.957758 0
    outer loop
      vertex -20.774 12.9463 0
      vertex -21.0197 13.0201 4
      vertex -21.0197 13.0201 0
    endloop
  endfacet
  facet normal -0.287577 -0.957758 0
    outer loop
      vertex -20.774 12.9463 0
      vertex -20.774 12.9463 4
      vertex -21.0197 13.0201 4
    endloop
  endfacet
  facet normal -0.881045 -0.473032 0
    outer loop
      vertex -20.7058 12.8193 0
      vertex -20.774 12.9463 4
      vertex -20.774 12.9463 0
    endloop
  endfacet
  facet normal -0.881045 -0.473032 0
    outer loop
      vertex -20.7058 12.8193 0
      vertex -20.7058 12.8193 4
      vertex -20.774 12.9463 4
    endloop
  endfacet
  facet normal -0.526793 -0.849994 0
    outer loop
      vertex -20.6956 12.813 0
      vertex -20.7058 12.8193 4
      vertex -20.7058 12.8193 0
    endloop
  endfacet
  facet normal -0.526793 -0.849994 0
    outer loop
      vertex -20.6956 12.813 0
      vertex -20.6956 12.813 4
      vertex -20.7058 12.8193 4
    endloop
  endfacet
  facet normal -0.960525 0.278193 0
    outer loop
      vertex -20.9684 11.8712 0
      vertex -20.6956 12.813 4
      vertex -20.6956 12.813 0
    endloop
  endfacet
  facet normal -0.960525 0.278193 0
    outer loop
      vertex -20.9684 11.8712 0
      vertex -20.9684 11.8712 4
      vertex -20.6956 12.813 4
    endloop
  endfacet
  facet normal -0.511502 0.859282 0
    outer loop
      vertex -21.0922 11.7975 0
      vertex -20.9684 11.8712 4
      vertex -20.9684 11.8712 0
    endloop
  endfacet
  facet normal -0.511502 0.859282 0
    outer loop
      vertex -21.0922 11.7975 0
      vertex -21.0922 11.7975 4
      vertex -20.9684 11.8712 4
    endloop
  endfacet
  facet normal 0.245226 0.969466 0
    outer loop
      vertex -21.3599 11.8652 0
      vertex -21.0922 11.7975 4
      vertex -21.0922 11.7975 0
    endloop
  endfacet
  facet normal 0.245226 0.969466 -0
    outer loop
      vertex -21.3599 11.8652 0
      vertex -21.3599 11.8652 4
      vertex -21.0922 11.7975 4
    endloop
  endfacet
  facet normal -0.0123348 0.999924 0
    outer loop
      vertex -21.6246 11.862 0
      vertex -21.3599 11.8652 4
      vertex -21.3599 11.8652 0
    endloop
  endfacet
  facet normal -0.0123348 0.999924 0
    outer loop
      vertex -21.6246 11.862 0
      vertex -21.6246 11.862 4
      vertex -21.3599 11.8652 4
    endloop
  endfacet
  facet normal -0.0422344 0.999108 0
    outer loop
      vertex -21.7979 11.8547 0
      vertex -21.6246 11.862 4
      vertex -21.6246 11.862 0
    endloop
  endfacet
  facet normal -0.0422344 0.999108 0
    outer loop
      vertex -21.7979 11.8547 0
      vertex -21.7979 11.8547 4
      vertex -21.6246 11.862 4
    endloop
  endfacet
  facet normal -0.0654964 0.997853 0
    outer loop
      vertex -21.9866 11.8423 0
      vertex -21.7979 11.8547 4
      vertex -21.7979 11.8547 0
    endloop
  endfacet
  facet normal -0.0654964 0.997853 0
    outer loop
      vertex -21.9866 11.8423 0
      vertex -21.9866 11.8423 4
      vertex -21.7979 11.8547 4
    endloop
  endfacet
  facet normal -0.0887727 0.996052 0
    outer loop
      vertex -22.1895 11.8242 0
      vertex -21.9866 11.8423 4
      vertex -21.9866 11.8423 0
    endloop
  endfacet
  facet normal -0.0887727 0.996052 0
    outer loop
      vertex -22.1895 11.8242 0
      vertex -22.1895 11.8242 4
      vertex -21.9866 11.8423 4
    endloop
  endfacet
  facet normal -0.10986 0.993947 0
    outer loop
      vertex -22.405 11.8004 0
      vertex -22.1895 11.8242 4
      vertex -22.1895 11.8242 0
    endloop
  endfacet
  facet normal -0.10986 0.993947 0
    outer loop
      vertex -22.405 11.8004 0
      vertex -22.405 11.8004 4
      vertex -22.1895 11.8242 4
    endloop
  endfacet
  facet normal -0.129733 0.991549 0
    outer loop
      vertex -22.6317 11.7707 0
      vertex -22.405 11.8004 4
      vertex -22.405 11.8004 0
    endloop
  endfacet
  facet normal -0.129733 0.991549 0
    outer loop
      vertex -22.6317 11.7707 0
      vertex -22.6317 11.7707 4
      vertex -22.405 11.8004 4
    endloop
  endfacet
  facet normal -0.149647 0.98874 0
    outer loop
      vertex -22.8684 11.7349 0
      vertex -22.6317 11.7707 4
      vertex -22.6317 11.7707 0
    endloop
  endfacet
  facet normal -0.149647 0.98874 0
    outer loop
      vertex -22.8684 11.7349 0
      vertex -22.8684 11.7349 4
      vertex -22.6317 11.7707 4
    endloop
  endfacet
  facet normal -0.167324 0.985902 0
    outer loop
      vertex -23.1135 11.6933 0
      vertex -22.8684 11.7349 4
      vertex -22.8684 11.7349 0
    endloop
  endfacet
  facet normal -0.167324 0.985902 0
    outer loop
      vertex -23.1135 11.6933 0
      vertex -23.1135 11.6933 4
      vertex -22.8684 11.7349 4
    endloop
  endfacet
  facet normal -0.184527 0.982827 0
    outer loop
      vertex -23.3714 11.6449 0
      vertex -23.1135 11.6933 4
      vertex -23.1135 11.6933 0
    endloop
  endfacet
  facet normal -0.184527 0.982827 0
    outer loop
      vertex -23.3714 11.6449 0
      vertex -23.3714 11.6449 4
      vertex -23.1135 11.6933 4
    endloop
  endfacet
  facet normal -0.974569 0.224086 0
    outer loop
      vertex -23.5036 11.0702 0
      vertex -23.3714 11.6449 4
      vertex -23.3714 11.6449 0
    endloop
  endfacet
  facet normal -0.974569 0.224086 0
    outer loop
      vertex -23.5036 11.0702 0
      vertex -23.5036 11.0702 4
      vertex -23.3714 11.6449 4
    endloop
  endfacet
  facet normal -0.597177 -0.80211 0
    outer loop
      vertex -23.4021 10.9947 0
      vertex -23.5036 11.0702 4
      vertex -23.5036 11.0702 0
    endloop
  endfacet
  facet normal -0.597177 -0.80211 0
    outer loop
      vertex -23.4021 10.9947 0
      vertex -23.4021 10.9947 4
      vertex -23.5036 11.0702 4
    endloop
  endfacet
  facet normal -0.578443 -0.815723 0
    outer loop
      vertex -23.1871 10.8422 0
      vertex -23.4021 10.9947 4
      vertex -23.4021 10.9947 0
    endloop
  endfacet
  facet normal -0.578443 -0.815723 0
    outer loop
      vertex -23.1871 10.8422 0
      vertex -23.1871 10.8422 4
      vertex -23.4021 10.9947 4
    endloop
  endfacet
  facet normal -0.560254 -0.828321 0
    outer loop
      vertex -22.9811 10.7029 0
      vertex -23.1871 10.8422 4
      vertex -23.1871 10.8422 0
    endloop
  endfacet
  facet normal -0.560254 -0.828321 0
    outer loop
      vertex -22.9811 10.7029 0
      vertex -22.9811 10.7029 4
      vertex -23.1871 10.8422 4
    endloop
  endfacet
  facet normal -0.543262 -0.839563 0
    outer loop
      vertex -22.7838 10.5752 0
      vertex -22.9811 10.7029 4
      vertex -22.9811 10.7029 0
    endloop
  endfacet
  facet normal -0.543262 -0.839563 0
    outer loop
      vertex -22.7838 10.5752 0
      vertex -22.7838 10.5752 4
      vertex -22.9811 10.7029 4
    endloop
  endfacet
  facet normal -0.526489 -0.850182 0
    outer loop
      vertex -22.5945 10.458 0
      vertex -22.7838 10.5752 4
      vertex -22.7838 10.5752 0
    endloop
  endfacet
  facet normal -0.526489 -0.850182 0
    outer loop
      vertex -22.5945 10.458 0
      vertex -22.5945 10.458 4
      vertex -22.7838 10.5752 4
    endloop
  endfacet
  facet normal -0.506578 -0.862194 0
    outer loop
      vertex -22.3243 10.2992 0
      vertex -22.5945 10.458 4
      vertex -22.5945 10.458 0
    endloop
  endfacet
  facet normal -0.506578 -0.862194 0
    outer loop
      vertex -22.3243 10.2992 0
      vertex -22.3243 10.2992 4
      vertex -22.5945 10.458 4
    endloop
  endfacet
  facet normal -0.48438 -0.874858 0
    outer loop
      vertex -22.0684 10.1575 0
      vertex -22.3243 10.2992 4
      vertex -22.3243 10.2992 0
    endloop
  endfacet
  facet normal -0.48438 -0.874858 0
    outer loop
      vertex -22.0684 10.1575 0
      vertex -22.0684 10.1575 4
      vertex -22.3243 10.2992 4
    endloop
  endfacet
  facet normal -0.460885 -0.88746 0
    outer loop
      vertex -21.7278 9.98061 0
      vertex -22.0684 10.1575 4
      vertex -22.0684 10.1575 0
    endloop
  endfacet
  facet normal -0.460885 -0.88746 0
    outer loop
      vertex -21.7278 9.98061 0
      vertex -21.7278 9.98061 4
      vertex -22.0684 10.1575 4
    endloop
  endfacet
  facet normal -0.184993 -0.98274 0
    outer loop
      vertex -21.5017 9.93805 0
      vertex -21.7278 9.98061 4
      vertex -21.7278 9.98061 0
    endloop
  endfacet
  facet normal -0.184993 -0.98274 0
    outer loop
      vertex -21.5017 9.93805 0
      vertex -21.5017 9.93805 4
      vertex -21.7278 9.98061 4
    endloop
  endfacet
  facet normal -0.826106 -0.563514 0
    outer loop
      vertex -21.4205 9.819 0
      vertex -21.5017 9.93805 4
      vertex -21.5017 9.93805 0
    endloop
  endfacet
  facet normal -0.826106 -0.563514 0
    outer loop
      vertex -21.4205 9.819 0
      vertex -21.4205 9.819 4
      vertex -21.5017 9.93805 4
    endloop
  endfacet
  facet normal -0.416277 -0.909238 0
    outer loop
      vertex -21.4129 9.81552 0
      vertex -21.4205 9.819 4
      vertex -21.4205 9.819 0
    endloop
  endfacet
  facet normal -0.416277 -0.909238 0
    outer loop
      vertex -21.4129 9.81552 0
      vertex -21.4129 9.81552 4
      vertex -21.4205 9.819 4
    endloop
  endfacet
  facet normal -0.984111 0.177554 0
    outer loop
      vertex -21.5828 8.87346 0
      vertex -21.4129 9.81552 4
      vertex -21.4129 9.81552 0
    endloop
  endfacet
  facet normal -0.984111 0.177554 0
    outer loop
      vertex -21.5828 8.87346 0
      vertex -21.5828 8.87346 4
      vertex -21.4129 9.81552 4
    endloop
  endfacet
  facet normal -0.590248 0.807222 0
    outer loop
      vertex -21.6992 8.78841 0
      vertex -21.5828 8.87346 4
      vertex -21.5828 8.87346 0
    endloop
  endfacet
  facet normal -0.590248 0.807222 0
    outer loop
      vertex -21.6992 8.78841 0
      vertex -21.6992 8.78841 4
      vertex -21.5828 8.87346 4
    endloop
  endfacet
  facet normal 0.153038 0.98822 0
    outer loop
      vertex -21.9441 8.82634 0
      vertex -21.6992 8.78841 4
      vertex -21.6992 8.78841 0
    endloop
  endfacet
  facet normal 0.153038 0.98822 -0
    outer loop
      vertex -21.9441 8.82634 0
      vertex -21.9441 8.82634 4
      vertex -21.6992 8.78841 4
    endloop
  endfacet
  facet normal -0.127069 0.991894 0
    outer loop
      vertex -22.2197 8.79103 0
      vertex -21.9441 8.82634 4
      vertex -21.9441 8.82634 0
    endloop
  endfacet
  facet normal -0.127069 0.991894 0
    outer loop
      vertex -22.2197 8.79103 0
      vertex -22.2197 8.79103 4
      vertex -21.9441 8.82634 4
    endloop
  endfacet
  facet normal -0.155088 0.987901 0
    outer loop
      vertex -22.4959 8.74768 0
      vertex -22.2197 8.79103 4
      vertex -22.2197 8.79103 0
    endloop
  endfacet
  facet normal -0.155088 0.987901 0
    outer loop
      vertex -22.4959 8.74768 0
      vertex -22.4959 8.74768 4
      vertex -22.2197 8.79103 4
    endloop
  endfacet
  facet normal -0.1811 0.983465 0
    outer loop
      vertex -22.7969 8.69225 0
      vertex -22.4959 8.74768 4
      vertex -22.4959 8.74768 0
    endloop
  endfacet
  facet normal -0.1811 0.983465 0
    outer loop
      vertex -22.7969 8.69225 0
      vertex -22.7969 8.69225 4
      vertex -22.4959 8.74768 4
    endloop
  endfacet
  facet normal -0.204976 0.978767 0
    outer loop
      vertex -23.1185 8.62489 0
      vertex -22.7969 8.69225 4
      vertex -22.7969 8.69225 0
    endloop
  endfacet
  facet normal -0.204976 0.978767 0
    outer loop
      vertex -23.1185 8.62489 0
      vertex -23.1185 8.62489 4
      vertex -22.7969 8.69225 4
    endloop
  endfacet
  facet normal -0.226862 0.973927 0
    outer loop
      vertex -23.4567 8.54611 0
      vertex -23.1185 8.62489 4
      vertex -23.1185 8.62489 0
    endloop
  endfacet
  facet normal -0.226862 0.973927 0
    outer loop
      vertex -23.4567 8.54611 0
      vertex -23.4567 8.54611 4
      vertex -23.1185 8.62489 4
    endloop
  endfacet
  facet normal -0.246289 0.969196 0
    outer loop
      vertex -23.8079 8.45686 0
      vertex -23.4567 8.54611 4
      vertex -23.4567 8.54611 0
    endloop
  endfacet
  facet normal -0.246289 0.969196 0
    outer loop
      vertex -23.8079 8.45686 0
      vertex -23.8079 8.45686 4
      vertex -23.4567 8.54611 4
    endloop
  endfacet
  facet normal -0.261265 0.965267 0
    outer loop
      vertex -23.96 8.4157 0
      vertex -23.8079 8.45686 4
      vertex -23.8079 8.45686 0
    endloop
  endfacet
  facet normal -0.261265 0.965267 0
    outer loop
      vertex -23.96 8.4157 0
      vertex -23.96 8.4157 4
      vertex -23.8079 8.45686 4
    endloop
  endfacet
  facet normal -0.990651 0.136419 0
    outer loop
      vertex -24.0421 7.81944 0
      vertex -23.96 8.4157 4
      vertex -23.96 8.4157 0
    endloop
  endfacet
  facet normal -0.990651 0.136419 0
    outer loop
      vertex -24.0421 7.81944 0
      vertex -24.0421 7.81944 4
      vertex -23.96 8.4157 4
    endloop
  endfacet
  facet normal -0.509573 -0.860428 0
    outer loop
      vertex -23.9137 7.74336 0
      vertex -24.0421 7.81944 4
      vertex -24.0421 7.81944 0
    endloop
  endfacet
  facet normal -0.509573 -0.860428 0
    outer loop
      vertex -23.9137 7.74336 0
      vertex -23.9137 7.74336 4
      vertex -24.0421 7.81944 4
    endloop
  endfacet
  facet normal -0.494681 -0.869075 0
    outer loop
      vertex -23.6942 7.61842 0
      vertex -23.9137 7.74336 4
      vertex -23.9137 7.74336 0
    endloop
  endfacet
  facet normal -0.494681 -0.869075 0
    outer loop
      vertex -23.6942 7.61842 0
      vertex -23.6942 7.61842 4
      vertex -23.9137 7.74336 4
    endloop
  endfacet
  facet normal -0.476421 -0.879217 0
    outer loop
      vertex -23.38 7.4482 0
      vertex -23.6942 7.61842 4
      vertex -23.6942 7.61842 0
    endloop
  endfacet
  facet normal -0.476421 -0.879217 0
    outer loop
      vertex -23.38 7.4482 0
      vertex -23.38 7.4482 4
      vertex -23.6942 7.61842 4
    endloop
  endfacet
  facet normal -0.456569 -0.889688 0
    outer loop
      vertex -23.0819 7.2952 0
      vertex -23.38 7.4482 4
      vertex -23.38 7.4482 0
    endloop
  endfacet
  facet normal -0.456569 -0.889688 0
    outer loop
      vertex -23.0819 7.2952 0
      vertex -23.0819 7.2952 4
      vertex -23.38 7.4482 4
    endloop
  endfacet
  facet normal -0.438093 -0.89893 0
    outer loop
      vertex -22.7972 7.15646 0
      vertex -23.0819 7.2952 4
      vertex -23.0819 7.2952 0
    endloop
  endfacet
  facet normal -0.438093 -0.89893 0
    outer loop
      vertex -22.7972 7.15646 0
      vertex -22.7972 7.15646 4
      vertex -23.0819 7.2952 4
    endloop
  endfacet
  facet normal -0.418525 -0.908205 0
    outer loop
      vertex -22.4346 6.98935 0
      vertex -22.7972 7.15646 4
      vertex -22.7972 7.15646 0
    endloop
  endfacet
  facet normal -0.418525 -0.908205 0
    outer loop
      vertex -22.4346 6.98935 0
      vertex -22.4346 6.98935 4
      vertex -22.7972 7.15646 4
    endloop
  endfacet
  facet normal -0.401227 -0.915979 0
    outer loop
      vertex -22.1597 6.86893 0
      vertex -22.4346 6.98935 4
      vertex -22.4346 6.98935 0
    endloop
  endfacet
  facet normal -0.401227 -0.915979 0
    outer loop
      vertex -22.1597 6.86893 0
      vertex -22.1597 6.86893 4
      vertex -22.4346 6.98935 4
    endloop
  endfacet
  facet normal -0.106777 -0.994283 0
    outer loop
      vertex -21.9528 6.84671 0
      vertex -22.1597 6.86893 4
      vertex -22.1597 6.86893 0
    endloop
  endfacet
  facet normal -0.106777 -0.994283 0
    outer loop
      vertex -21.9528 6.84671 0
      vertex -21.9528 6.84671 4
      vertex -22.1597 6.86893 4
    endloop
  endfacet
  facet normal -0.778757 -0.627326 0
    outer loop
      vertex -21.8624 6.7345 0
      vertex -21.9528 6.84671 4
      vertex -21.9528 6.84671 0
    endloop
  endfacet
  facet normal -0.778757 -0.627326 0
    outer loop
      vertex -21.8624 6.7345 0
      vertex -21.8624 6.7345 4
      vertex -21.9528 6.84671 4
    endloop
  endfacet
  facet normal -0.294626 -0.955613 0
    outer loop
      vertex -21.8567 6.73274 0
      vertex -21.8624 6.7345 4
      vertex -21.8624 6.7345 0
    endloop
  endfacet
  facet normal -0.294626 -0.955613 0
    outer loop
      vertex -21.8567 6.73274 0
      vertex -21.8567 6.73274 4
      vertex -21.8624 6.7345 4
    endloop
  endfacet
  facet normal -0.994834 0.101513 0
    outer loop
      vertex -21.9517 5.80217 0
      vertex -21.8567 6.73274 4
      vertex -21.8567 6.73274 0
    endloop
  endfacet
  facet normal -0.994834 0.101513 0
    outer loop
      vertex -21.9517 5.80217 0
      vertex -21.9517 5.80217 4
      vertex -21.8567 6.73274 4
    endloop
  endfacet
  facet normal -0.64514 0.764065 0
    outer loop
      vertex -22.0618 5.70921 0
      vertex -21.9517 5.80217 4
      vertex -21.9517 5.80217 0
    endloop
  endfacet
  facet normal -0.64514 0.764065 0
    outer loop
      vertex -22.0618 5.70921 0
      vertex -22.0618 5.70921 4
      vertex -21.9517 5.80217 4
    endloop
  endfacet
  facet normal 0.0839135 0.996473 0
    outer loop
      vertex -22.2835 5.72789 0
      vertex -22.0618 5.70921 4
      vertex -22.0618 5.70921 0
    endloop
  endfacet
  facet normal 0.0839135 0.996473 -0
    outer loop
      vertex -22.2835 5.72789 0
      vertex -22.2835 5.72789 4
      vertex -22.0618 5.70921 4
    endloop
  endfacet
  facet normal -0.214105 0.976811 0
    outer loop
      vertex -22.5668 5.6658 0
      vertex -22.2835 5.72789 4
      vertex -22.2835 5.72789 0
    endloop
  endfacet
  facet normal -0.214105 0.976811 0
    outer loop
      vertex -22.5668 5.6658 0
      vertex -22.5668 5.6658 4
      vertex -22.2835 5.72789 4
    endloop
  endfacet
  facet normal -0.234117 0.972208 0
    outer loop
      vertex -22.8503 5.59753 0
      vertex -22.5668 5.6658 4
      vertex -22.5668 5.6658 0
    endloop
  endfacet
  facet normal -0.234117 0.972208 0
    outer loop
      vertex -22.8503 5.59753 0
      vertex -22.8503 5.59753 4
      vertex -22.5668 5.6658 4
    endloop
  endfacet
  facet normal -0.25608 0.966656 0
    outer loop
      vertex -23.2552 5.49026 0
      vertex -22.8503 5.59753 4
      vertex -22.8503 5.59753 0
    endloop
  endfacet
  facet normal -0.25608 0.966656 0
    outer loop
      vertex -23.2552 5.49026 0
      vertex -23.2552 5.49026 4
      vertex -22.8503 5.59753 4
    endloop
  endfacet
  facet normal -0.277886 0.960614 0
    outer loop
      vertex -23.6838 5.36629 0
      vertex -23.2552 5.49026 4
      vertex -23.2552 5.49026 0
    endloop
  endfacet
  facet normal -0.277886 0.960614 0
    outer loop
      vertex -23.6838 5.36629 0
      vertex -23.6838 5.36629 4
      vertex -23.2552 5.49026 4
    endloop
  endfacet
  facet normal -0.297077 0.954853 0
    outer loop
      vertex -24.1299 5.22749 0
      vertex -23.6838 5.36629 4
      vertex -23.6838 5.36629 0
    endloop
  endfacet
  facet normal -0.297077 0.954853 0
    outer loop
      vertex -24.1299 5.22749 0
      vertex -24.1299 5.22749 4
      vertex -23.6838 5.36629 4
    endloop
  endfacet
  facet normal -0.310215 0.950667 0
    outer loop
      vertex -24.2958 5.17336 0
      vertex -24.1299 5.22749 4
      vertex -24.1299 5.22749 0
    endloop
  endfacet
  facet normal -0.310215 0.950667 0
    outer loop
      vertex -24.2958 5.17336 0
      vertex -24.2958 5.17336 4
      vertex -24.1299 5.22749 4
    endloop
  endfacet
  facet normal -0.997298 0.0734605 0
    outer loop
      vertex -24.3408 4.56267 0
      vertex -24.2958 5.17336 4
      vertex -24.2958 5.17336 0
    endloop
  endfacet
  facet normal -0.997298 0.0734605 0
    outer loop
      vertex -24.3408 4.56267 0
      vertex -24.3408 4.56267 4
      vertex -24.2958 5.17336 4
    endloop
  endfacet
  facet normal -0.437591 -0.899174 0
    outer loop
      vertex -24.0777 4.43465 0
      vertex -24.3408 4.56267 4
      vertex -24.3408 4.56267 0
    endloop
  endfacet
  facet normal -0.437591 -0.899174 0
    outer loop
      vertex -24.0777 4.43465 0
      vertex -24.0777 4.43465 4
      vertex -24.3408 4.56267 4
    endloop
  endfacet
  facet normal -0.420603 -0.907245 0
    outer loop
      vertex -23.7562 4.28557 0
      vertex -24.0777 4.43465 4
      vertex -24.0777 4.43465 0
    endloop
  endfacet
  facet normal -0.420603 -0.907245 0
    outer loop
      vertex -23.7562 4.28557 0
      vertex -23.7562 4.28557 4
      vertex -24.0777 4.43465 4
    endloop
  endfacet
  facet normal -0.402854 -0.915264 0
    outer loop
      vertex -23.3475 4.10568 0
      vertex -23.7562 4.28557 4
      vertex -23.7562 4.28557 0
    endloop
  endfacet
  facet normal -0.402854 -0.915264 0
    outer loop
      vertex -23.3475 4.10568 0
      vertex -23.3475 4.10568 4
      vertex -23.7562 4.28557 4
    endloop
  endfacet
  facet normal -0.38255 -0.923935 0
    outer loop
      vertex -22.862 3.90469 0
      vertex -23.3475 4.10568 4
      vertex -23.3475 4.10568 0
    endloop
  endfacet
  facet normal -0.38255 -0.923935 0
    outer loop
      vertex -22.862 3.90469 0
      vertex -22.862 3.90469 4
      vertex -23.3475 4.10568 4
    endloop
  endfacet
  facet normal -0.362648 -0.931926 0
    outer loop
      vertex -22.3889 3.72058 0
      vertex -22.862 3.90469 4
      vertex -22.862 3.90469 0
    endloop
  endfacet
  facet normal -0.362648 -0.931926 0
    outer loop
      vertex -22.3889 3.72058 0
      vertex -22.3889 3.72058 4
      vertex -22.862 3.90469 4
    endloop
  endfacet
  facet normal -0.0498749 -0.998755 0
    outer loop
      vertex -22.1949 3.71089 0
      vertex -22.3889 3.72058 4
      vertex -22.3889 3.72058 0
    endloop
  endfacet
  facet normal -0.0498749 -0.998755 0
    outer loop
      vertex -22.1949 3.71089 0
      vertex -22.1949 3.71089 4
      vertex -22.3889 3.72058 4
    endloop
  endfacet
  facet normal -0.741586 -0.670858 0
    outer loop
      vertex -22.0982 3.60402 0
      vertex -22.1949 3.71089 4
      vertex -22.1949 3.71089 0
    endloop
  endfacet
  facet normal -0.741586 -0.670858 0
    outer loop
      vertex -22.0982 3.60402 0
      vertex -22.0982 3.60402 4
      vertex -22.1949 3.71089 4
    endloop
  endfacet
  facet normal -0.159689 -0.987167 0
    outer loop
      vertex -22.0941 3.60335 0
      vertex -22.0982 3.60402 4
      vertex -22.0982 3.60402 0
    endloop
  endfacet
  facet normal -0.159689 -0.987167 0
    outer loop
      vertex -22.0941 3.60335 0
      vertex -22.0941 3.60335 4
      vertex -22.0982 3.60402 4
    endloop
  endfacet
  facet normal -0.998792 0.0491335 0
    outer loop
      vertex -22.1283 2.90761 0
      vertex -22.0941 3.60335 4
      vertex -22.0941 3.60335 0
    endloop
  endfacet
  facet normal -0.998792 0.0491335 0
    outer loop
      vertex -22.1283 2.90761 0
      vertex -22.1283 2.90761 4
      vertex -22.0941 3.60335 4
    endloop
  endfacet
  facet normal -0.999604 0.0281366 0
    outer loop
      vertex -22.1345 2.68535 0
      vertex -22.1283 2.90761 4
      vertex -22.1283 2.90761 0
    endloop
  endfacet
  facet normal -0.999604 0.0281366 0
    outer loop
      vertex -22.1345 2.68535 0
      vertex -22.1345 2.68535 4
      vertex -22.1283 2.90761 4
    endloop
  endfacet
  facet normal 0.124035 0.992278 0
    outer loop
      vertex -22.1365 2.68559 0
      vertex -22.1345 2.68535 4
      vertex -22.1345 2.68535 0
    endloop
  endfacet
  facet normal 0.124035 0.992278 -0
    outer loop
      vertex -22.1365 2.68559 0
      vertex -22.1365 2.68559 4
      vertex -22.1345 2.68535 4
    endloop
  endfacet
  facet normal -0.682933 0.730481 0
    outer loop
      vertex -22.2417 2.58719 0
      vertex -22.1365 2.68559 4
      vertex -22.1365 2.68559 0
    endloop
  endfacet
  facet normal -0.682933 0.730481 0
    outer loop
      vertex -22.2417 2.58719 0
      vertex -22.2417 2.58719 4
      vertex -22.1365 2.68559 4
    endloop
  endfacet
  facet normal 0.0334902 0.999439 0
    outer loop
      vertex -22.4444 2.59398 0
      vertex -22.2417 2.58719 4
      vertex -22.2417 2.58719 0
    endloop
  endfacet
  facet normal 0.0334902 0.999439 -0
    outer loop
      vertex -22.4444 2.59398 0
      vertex -22.4444 2.59398 4
      vertex -22.2417 2.58719 4
    endloop
  endfacet
  facet normal -0.278794 0.960351 0
    outer loop
      vertex -22.8271 2.48286 0
      vertex -22.4444 2.59398 4
      vertex -22.4444 2.59398 0
    endloop
  endfacet
  facet normal -0.278794 0.960351 0
    outer loop
      vertex -22.8271 2.48286 0
      vertex -22.8271 2.48286 4
      vertex -22.4444 2.59398 4
    endloop
  endfacet
  facet normal -0.299863 0.953982 0
    outer loop
      vertex -23.3209 2.32767 0
      vertex -22.8271 2.48286 4
      vertex -22.8271 2.48286 0
    endloop
  endfacet
  facet normal -0.299863 0.953982 0
    outer loop
      vertex -23.3209 2.32767 0
      vertex -23.3209 2.32767 4
      vertex -22.8271 2.48286 4
    endloop
  endfacet
  facet normal -0.320436 0.94727 0
    outer loop
      vertex -23.843 2.15106 0
      vertex -23.3209 2.32767 4
      vertex -23.3209 2.32767 0
    endloop
  endfacet
  facet normal -0.320436 0.94727 0
    outer loop
      vertex -23.843 2.15106 0
      vertex -23.843 2.15106 4
      vertex -23.3209 2.32767 4
    endloop
  endfacet
  facet normal -0.340458 0.94026 0
    outer loop
      vertex -24.4491 1.93158 0
      vertex -23.843 2.15106 4
      vertex -23.843 2.15106 0
    endloop
  endfacet
  facet normal -0.340458 0.94026 0
    outer loop
      vertex -24.4491 1.93158 0
      vertex -24.4491 1.93158 4
      vertex -23.843 2.15106 4
    endloop
  endfacet
  facet normal -0.999604 0.0281412 0
    outer loop
      vertex -24.4614 1.49364 0
      vertex -24.4491 1.93158 4
      vertex -24.4491 1.93158 0
    endloop
  endfacet
  facet normal -0.999604 0.0281412 0
    outer loop
      vertex -24.4614 1.49364 0
      vertex -24.4614 1.49364 4
      vertex -24.4491 1.93158 4
    endloop
  endfacet
  facet normal -0.999958 0.00915313 0
    outer loop
      vertex -24.4631 1.31194 0
      vertex -24.4614 1.49364 4
      vertex -24.4614 1.49364 0
    endloop
  endfacet
  facet normal -0.999958 0.00915313 0
    outer loop
      vertex -24.4631 1.31194 0
      vertex -24.4631 1.31194 4
      vertex -24.4614 1.49364 4
    endloop
  endfacet
  facet normal -0.3842 -0.92325 0
    outer loop
      vertex -24.0781 1.15172 0
      vertex -24.4631 1.31194 4
      vertex -24.4631 1.31194 0
    endloop
  endfacet
  facet normal -0.3842 -0.92325 0
    outer loop
      vertex -24.0781 1.15172 0
      vertex -24.0781 1.15172 4
      vertex -24.4631 1.31194 4
    endloop
  endfacet
  facet normal -0.365914 -0.930649 0
    outer loop
      vertex -23.5531 0.945282 0
      vertex -24.0781 1.15172 4
      vertex -24.0781 1.15172 0
    endloop
  endfacet
  facet normal -0.365914 -0.930649 0
    outer loop
      vertex -23.5531 0.945282 0
      vertex -23.5531 0.945282 4
      vertex -24.0781 1.15172 4
    endloop
  endfacet
  facet normal -0.347108 -0.937825 0
    outer loop
      vertex -23.0528 0.760132 0
      vertex -23.5531 0.945282 4
      vertex -23.5531 0.945282 0
    endloop
  endfacet
  facet normal -0.347108 -0.937825 0
    outer loop
      vertex -23.0528 0.760132 0
      vertex -23.0528 0.760132 4
      vertex -23.5531 0.945282 4
    endloop
  endfacet
  facet normal -0.326843 -0.945079 0
    outer loop
      vertex -22.4748 0.560226 0
      vertex -23.0528 0.760132 4
      vertex -23.0528 0.760132 0
    endloop
  endfacet
  facet normal -0.326843 -0.945079 0
    outer loop
      vertex -22.4748 0.560226 0
      vertex -22.4748 0.560226 4
      vertex -23.0528 0.760132 4
    endloop
  endfacet
  facet normal -0.00698229 -0.999976 0
    outer loop
      vertex -22.2825 0.558884 0
      vertex -22.4748 0.560226 4
      vertex -22.4748 0.560226 0
    endloop
  endfacet
  facet normal -0.00698229 -0.999976 0
    outer loop
      vertex -22.2825 0.558884 0
      vertex -22.2825 0.558884 4
      vertex -22.4748 0.560226 4
    endloop
  endfacet
  facet normal -0.712014 -0.702166 0
    outer loop
      vertex -22.1813 0.456284 0
      vertex -22.2825 0.558884 4
      vertex -22.2825 0.558884 0
    endloop
  endfacet
  facet normal -0.712014 -0.702166 0
    outer loop
      vertex -22.1813 0.456284 0
      vertex -22.1813 0.456284 4
      vertex -22.2825 0.558884 4
    endloop
  endfacet
  facet normal -0.0209378 -0.999781 0
    outer loop
      vertex -22.1784 0.456223 0
      vertex -22.1813 0.456284 4
      vertex -22.1813 0.456284 0
    endloop
  endfacet
  facet normal -0.0209378 -0.999781 0
    outer loop
      vertex -22.1784 0.456223 0
      vertex -22.1784 0.456223 4
      vertex -22.1813 0.456284 4
    endloop
  endfacet
  facet normal -0.999958 0.00913036 0
    outer loop
      vertex -22.1825 0 0
      vertex -22.1784 0.456223 4
      vertex -22.1784 0.456223 0
    endloop
  endfacet
  facet normal -0.999958 0.00913036 0
    outer loop
      vertex -22.1825 0 0
      vertex -22.1825 0 4
      vertex -22.1784 0.456223 4
    endloop
  endfacet
  facet normal -0.999958 -0.00913036 0
    outer loop
      vertex -22.1784 -0.456223 0
      vertex -22.1825 0 4
      vertex -22.1825 0 0
    endloop
  endfacet
  facet normal -0.999958 -0.00913036 0
    outer loop
      vertex -22.1784 -0.456223 0
      vertex -22.1784 -0.456223 4
      vertex -22.1825 0 4
    endloop
  endfacet
  facet normal -0.0209378 0.999781 0
    outer loop
      vertex -22.1813 -0.456284 0
      vertex -22.1784 -0.456223 4
      vertex -22.1784 -0.456223 0
    endloop
  endfacet
  facet normal -0.0209378 0.999781 0
    outer loop
      vertex -22.1813 -0.456284 0
      vertex -22.1813 -0.456284 4
      vertex -22.1784 -0.456223 4
    endloop
  endfacet
  facet normal -0.712014 0.702166 0
    outer loop
      vertex -22.2825 -0.558884 0
      vertex -22.1813 -0.456284 4
      vertex -22.1813 -0.456284 0
    endloop
  endfacet
  facet normal -0.712014 0.702166 0
    outer loop
      vertex -22.2825 -0.558884 0
      vertex -22.2825 -0.558884 4
      vertex -22.1813 -0.456284 4
    endloop
  endfacet
  facet normal -0.00698229 0.999976 0
    outer loop
      vertex -22.4748 -0.560226 0
      vertex -22.2825 -0.558884 4
      vertex -22.2825 -0.558884 0
    endloop
  endfacet
  facet normal -0.00698229 0.999976 0
    outer loop
      vertex -22.4748 -0.560226 0
      vertex -22.4748 -0.560226 4
      vertex -22.2825 -0.558884 4
    endloop
  endfacet
  facet normal -0.326843 0.945079 0
    outer loop
      vertex -23.0528 -0.760132 0
      vertex -22.4748 -0.560226 4
      vertex -22.4748 -0.560226 0
    endloop
  endfacet
  facet normal -0.326843 0.945079 0
    outer loop
      vertex -23.0528 -0.760132 0
      vertex -23.0528 -0.760132 4
      vertex -22.4748 -0.560226 4
    endloop
  endfacet
  facet normal -0.347108 0.937825 0
    outer loop
      vertex -23.5531 -0.945282 0
      vertex -23.0528 -0.760132 4
      vertex -23.0528 -0.760132 0
    endloop
  endfacet
  facet normal -0.347108 0.937825 0
    outer loop
      vertex -23.5531 -0.945282 0
      vertex -23.5531 -0.945282 4
      vertex -23.0528 -0.760132 4
    endloop
  endfacet
  facet normal -0.365914 0.930649 0
    outer loop
      vertex -24.0781 -1.15172 0
      vertex -23.5531 -0.945282 4
      vertex -23.5531 -0.945282 0
    endloop
  endfacet
  facet normal -0.365914 0.930649 0
    outer loop
      vertex -24.0781 -1.15172 0
      vertex -24.0781 -1.15172 4
      vertex -23.5531 -0.945282 4
    endloop
  endfacet
  facet normal -0.3842 0.92325 0
    outer loop
      vertex -24.4631 -1.31194 0
      vertex -24.0781 -1.15172 4
      vertex -24.0781 -1.15172 0
    endloop
  endfacet
  facet normal -0.3842 0.92325 0
    outer loop
      vertex -24.4631 -1.31194 0
      vertex -24.4631 -1.31194 4
      vertex -24.0781 -1.15172 4
    endloop
  endfacet
  facet normal -0.999958 -0.00915313 0
    outer loop
      vertex -24.4614 -1.49364 0
      vertex -24.4631 -1.31194 4
      vertex -24.4631 -1.31194 0
    endloop
  endfacet
  facet normal -0.999958 -0.00915313 0
    outer loop
      vertex -24.4614 -1.49364 0
      vertex -24.4614 -1.49364 4
      vertex -24.4631 -1.31194 4
    endloop
  endfacet
  facet normal -0.999604 -0.0281358 0
    outer loop
      vertex -24.4491 -1.93112 0
      vertex -24.4614 -1.49364 4
      vertex -24.4614 -1.49364 0
    endloop
  endfacet
  facet normal -0.999604 -0.0281358 0
    outer loop
      vertex -24.4491 -1.93112 0
      vertex -24.4491 -1.93112 4
      vertex -24.4614 -1.49364 4
    endloop
  endfacet
  facet normal -0.343035 -0.939323 0
    outer loop
      vertex -23.9502 -2.11331 0
      vertex -24.4491 -1.93112 4
      vertex -24.4491 -1.93112 0
    endloop
  endfacet
  facet normal -0.343035 -0.939323 0
    outer loop
      vertex -23.9502 -2.11331 0
      vertex -23.9502 -2.11331 4
      vertex -24.4491 -1.93112 4
    endloop
  endfacet
  facet normal -0.324326 -0.945945 0
    outer loop
      vertex -23.4233 -2.29399 0
      vertex -23.9502 -2.11331 4
      vertex -23.9502 -2.11331 0
    endloop
  endfacet
  facet normal -0.324326 -0.945945 0
    outer loop
      vertex -23.4233 -2.29399 0
      vertex -23.4233 -2.29399 4
      vertex -23.9502 -2.11331 4
    endloop
  endfacet
  facet normal -0.304133 -0.952629 0
    outer loop
      vertex -22.9232 -2.45364 0
      vertex -23.4233 -2.29399 4
      vertex -23.4233 -2.29399 0
    endloop
  endfacet
  facet normal -0.304133 -0.952629 0
    outer loop
      vertex -22.9232 -2.45364 0
      vertex -22.9232 -2.45364 4
      vertex -23.4233 -2.29399 4
    endloop
  endfacet
  facet normal -0.281262 -0.959631 0
    outer loop
      vertex -22.4444 -2.59398 0
      vertex -22.9232 -2.45364 4
      vertex -22.9232 -2.45364 0
    endloop
  endfacet
  facet normal -0.281262 -0.959631 0
    outer loop
      vertex -22.4444 -2.59398 0
      vertex -22.4444 -2.59398 4
      vertex -22.9232 -2.45364 4
    endloop
  endfacet
  facet normal 0.0334902 -0.999439 0
    outer loop
      vertex -22.2417 -2.58719 0
      vertex -22.4444 -2.59398 4
      vertex -22.4444 -2.59398 0
    endloop
  endfacet
  facet normal 0.0334902 -0.999439 0
    outer loop
      vertex -22.2417 -2.58719 0
      vertex -22.2417 -2.58719 4
      vertex -22.4444 -2.59398 4
    endloop
  endfacet
  facet normal -0.682933 -0.730481 0
    outer loop
      vertex -22.1365 -2.68559 0
      vertex -22.2417 -2.58719 4
      vertex -22.2417 -2.58719 0
    endloop
  endfacet
  facet normal -0.682933 -0.730481 0
    outer loop
      vertex -22.1365 -2.68559 0
      vertex -22.1365 -2.68559 4
      vertex -22.2417 -2.58719 4
    endloop
  endfacet
  facet normal 0.124035 -0.992278 0
    outer loop
      vertex -22.1345 -2.68535 0
      vertex -22.1365 -2.68559 4
      vertex -22.1365 -2.68559 0
    endloop
  endfacet
  facet normal 0.124035 -0.992278 0
    outer loop
      vertex -22.1345 -2.68535 0
      vertex -22.1345 -2.68535 4
      vertex -22.1365 -2.68559 4
    endloop
  endfacet
  facet normal -0.999604 -0.0281366 0
    outer loop
      vertex -22.1283 -2.90761 0
      vertex -22.1345 -2.68535 4
      vertex -22.1345 -2.68535 0
    endloop
  endfacet
  facet normal -0.999604 -0.0281366 0
    outer loop
      vertex -22.1283 -2.90761 0
      vertex -22.1283 -2.90761 4
      vertex -22.1345 -2.68535 4
    endloop
  endfacet
  facet normal -0.998792 -0.0491335 0
    outer loop
      vertex -22.0941 -3.60335 0
      vertex -22.1283 -2.90761 4
      vertex -22.1283 -2.90761 0
    endloop
  endfacet
  facet normal -0.998792 -0.0491335 0
    outer loop
      vertex -22.0941 -3.60335 0
      vertex -22.0941 -3.60335 4
      vertex -22.1283 -2.90761 4
    endloop
  endfacet
  facet normal -0.159689 0.987167 0
    outer loop
      vertex -22.0982 -3.60402 0
      vertex -22.0941 -3.60335 4
      vertex -22.0941 -3.60335 0
    endloop
  endfacet
  facet normal -0.159689 0.987167 0
    outer loop
      vertex -22.0982 -3.60402 0
      vertex -22.0982 -3.60402 4
      vertex -22.0941 -3.60335 4
    endloop
  endfacet
  facet normal -0.741586 0.670858 0
    outer loop
      vertex -22.1949 -3.71089 0
      vertex -22.0982 -3.60402 4
      vertex -22.0982 -3.60402 0
    endloop
  endfacet
  facet normal -0.741586 0.670858 0
    outer loop
      vertex -22.1949 -3.71089 0
      vertex -22.1949 -3.71089 4
      vertex -22.0982 -3.60402 4
    endloop
  endfacet
  facet normal -0.0498749 0.998755 0
    outer loop
      vertex -22.3889 -3.72058 0
      vertex -22.1949 -3.71089 4
      vertex -22.1949 -3.71089 0
    endloop
  endfacet
  facet normal -0.0498749 0.998755 0
    outer loop
      vertex -22.3889 -3.72058 0
      vertex -22.3889 -3.72058 4
      vertex -22.1949 -3.71089 4
    endloop
  endfacet
  facet normal -0.362648 0.931926 0
    outer loop
      vertex -22.862 -3.90469 0
      vertex -22.3889 -3.72058 4
      vertex -22.3889 -3.72058 0
    endloop
  endfacet
  facet normal -0.362648 0.931926 0
    outer loop
      vertex -22.862 -3.90469 0
      vertex -22.862 -3.90469 4
      vertex -22.3889 -3.72058 4
    endloop
  endfacet
  facet normal -0.380336 0.924848 0
    outer loop
      vertex -23.2483 -4.06355 0
      vertex -22.862 -3.90469 4
      vertex -22.862 -3.90469 0
    endloop
  endfacet
  facet normal -0.380336 0.924848 0
    outer loop
      vertex -23.2483 -4.06355 0
      vertex -23.2483 -4.06355 4
      vertex -22.862 -3.90469 4
    endloop
  endfacet
  facet normal -0.398109 0.917338 0
    outer loop
      vertex -23.652 -4.23874 0
      vertex -23.2483 -4.06355 4
      vertex -23.2483 -4.06355 0
    endloop
  endfacet
  facet normal -0.398109 0.917338 0
    outer loop
      vertex -23.652 -4.23874 0
      vertex -23.652 -4.23874 4
      vertex -23.2483 -4.06355 4
    endloop
  endfacet
  facet normal -0.415403 0.909638 0
    outer loop
      vertex -23.9689 -4.38347 0
      vertex -23.652 -4.23874 4
      vertex -23.652 -4.23874 0
    endloop
  endfacet
  facet normal -0.415403 0.909638 0
    outer loop
      vertex -23.9689 -4.38347 0
      vertex -23.9689 -4.38347 4
      vertex -23.652 -4.23874 4
    endloop
  endfacet
  facet normal -0.43294 0.901423 0
    outer loop
      vertex -24.3408 -4.56209 0
      vertex -23.9689 -4.38347 4
      vertex -23.9689 -4.38347 0
    endloop
  endfacet
  facet normal -0.43294 0.901423 0
    outer loop
      vertex -24.3408 -4.56209 0
      vertex -24.3408 -4.56209 4
      vertex -23.9689 -4.38347 4
    endloop
  endfacet
  facet normal -0.997297 -0.073479 0
    outer loop
      vertex -24.2958 -5.17303 0
      vertex -24.3408 -4.56209 4
      vertex -24.3408 -4.56209 0
    endloop
  endfacet
  facet normal -0.997297 -0.073479 0
    outer loop
      vertex -24.2958 -5.17303 0
      vertex -24.2958 -5.17303 4
      vertex -24.3408 -4.56209 4
    endloop
  endfacet
  facet normal -0.305817 -0.95209 0
    outer loop
      vertex -23.905 -5.29858 0
      vertex -24.2958 -5.17303 4
      vertex -24.2958 -5.17303 0
    endloop
  endfacet
  facet normal -0.305817 -0.95209 0
    outer loop
      vertex -23.905 -5.29858 0
      vertex -23.905 -5.29858 4
      vertex -24.2958 -5.17303 4
    endloop
  endfacet
  facet normal -0.28781 -0.957688 0
    outer loop
      vertex -23.467 -5.43021 0
      vertex -23.905 -5.29858 4
      vertex -23.905 -5.29858 0
    endloop
  endfacet
  facet normal -0.28781 -0.957688 0
    outer loop
      vertex -23.467 -5.43021 0
      vertex -23.467 -5.43021 4
      vertex -23.905 -5.29858 4
    endloop
  endfacet
  facet normal -0.267357 -0.963598 0
    outer loop
      vertex -23.0493 -5.54608 0
      vertex -23.467 -5.43021 4
      vertex -23.467 -5.43021 0
    endloop
  endfacet
  facet normal -0.267357 -0.963598 0
    outer loop
      vertex -23.0493 -5.54608 0
      vertex -23.0493 -5.54608 4
      vertex -23.467 -5.43021 4
    endloop
  endfacet
  facet normal -0.243865 -0.969809 0
    outer loop
      vertex -22.6591 -5.64421 0
      vertex -23.0493 -5.54608 4
      vertex -23.0493 -5.54608 0
    endloop
  endfacet
  facet normal -0.243865 -0.969809 0
    outer loop
      vertex -22.6591 -5.64421 0
      vertex -22.6591 -5.64421 4
      vertex -23.0493 -5.54608 4
    endloop
  endfacet
  facet normal -0.217476 -0.976066 0
    outer loop
      vertex -22.2835 -5.72789 0
      vertex -22.6591 -5.64421 4
      vertex -22.6591 -5.64421 0
    endloop
  endfacet
  facet normal -0.217476 -0.976066 0
    outer loop
      vertex -22.2835 -5.72789 0
      vertex -22.2835 -5.72789 4
      vertex -22.6591 -5.64421 4
    endloop
  endfacet
  facet normal 0.0839135 -0.996473 0
    outer loop
      vertex -22.0618 -5.70921 0
      vertex -22.2835 -5.72789 4
      vertex -22.2835 -5.72789 0
    endloop
  endfacet
  facet normal 0.0839135 -0.996473 0
    outer loop
      vertex -22.0618 -5.70921 0
      vertex -22.0618 -5.70921 4
      vertex -22.2835 -5.72789 4
    endloop
  endfacet
  facet normal -0.641834 -0.766843 0
    outer loop
      vertex -21.9509 -5.80197 0
      vertex -22.0618 -5.70921 4
      vertex -22.0618 -5.70921 0
    endloop
  endfacet
  facet normal -0.641834 -0.766843 0
    outer loop
      vertex -21.9509 -5.80197 0
      vertex -21.9509 -5.80197 4
      vertex -22.0618 -5.70921 4
    endloop
  endfacet
  facet normal -0.997309 -0.073313 0
    outer loop
      vertex -21.9474 -5.85013 0
      vertex -21.9509 -5.80197 4
      vertex -21.9509 -5.80197 0
    endloop
  endfacet
  facet normal -0.997309 -0.073313 0
    outer loop
      vertex -21.9474 -5.85013 0
      vertex -21.9474 -5.85013 4
      vertex -21.9509 -5.80197 4
    endloop
  endfacet
  facet normal -0.994763 -0.102206 0
    outer loop
      vertex -21.8567 -6.73274 0
      vertex -21.9474 -5.85013 4
      vertex -21.9474 -5.85013 0
    endloop
  endfacet
  facet normal -0.994763 -0.102206 0
    outer loop
      vertex -21.8567 -6.73274 0
      vertex -21.8567 -6.73274 4
      vertex -21.9474 -5.85013 4
    endloop
  endfacet
  facet normal -0.294626 0.955613 0
    outer loop
      vertex -21.8624 -6.7345 0
      vertex -21.8567 -6.73274 4
      vertex -21.8567 -6.73274 0
    endloop
  endfacet
  facet normal -0.294626 0.955613 0
    outer loop
      vertex -21.8624 -6.7345 0
      vertex -21.8624 -6.7345 4
      vertex -21.8567 -6.73274 4
    endloop
  endfacet
  facet normal -0.778757 0.627326 0
    outer loop
      vertex -21.9528 -6.84671 0
      vertex -21.8624 -6.7345 4
      vertex -21.8624 -6.7345 0
    endloop
  endfacet
  facet normal -0.778757 0.627326 0
    outer loop
      vertex -21.9528 -6.84671 0
      vertex -21.9528 -6.84671 4
      vertex -21.8624 -6.7345 4
    endloop
  endfacet
  facet normal -0.106777 0.994283 0
    outer loop
      vertex -22.1597 -6.86893 0
      vertex -21.9528 -6.84671 4
      vertex -21.9528 -6.84671 0
    endloop
  endfacet
  facet normal -0.106777 0.994283 0
    outer loop
      vertex -22.1597 -6.86893 0
      vertex -22.1597 -6.86893 4
      vertex -21.9528 -6.84671 4
    endloop
  endfacet
  facet normal -0.4036 0.914936 0
    outer loop
      vertex -22.5237 -7.0295 0
      vertex -22.1597 -6.86893 4
      vertex -22.1597 -6.86893 0
    endloop
  endfacet
  facet normal -0.4036 0.914936 0
    outer loop
      vertex -22.5237 -7.0295 0
      vertex -22.5237 -7.0295 4
      vertex -22.1597 -6.86893 4
    endloop
  endfacet
  facet normal -0.423903 0.905707 0
    outer loop
      vertex -22.8908 -7.20131 0
      vertex -22.5237 -7.0295 4
      vertex -22.5237 -7.0295 0
    endloop
  endfacet
  facet normal -0.423903 0.905707 0
    outer loop
      vertex -22.8908 -7.20131 0
      vertex -22.8908 -7.20131 4
      vertex -22.5237 -7.0295 4
    endloop
  endfacet
  facet normal -0.443898 0.896078 0
    outer loop
      vertex -23.1797 -7.34442 0
      vertex -22.8908 -7.20131 4
      vertex -22.8908 -7.20131 0
    endloop
  endfacet
  facet normal -0.443898 0.896078 0
    outer loop
      vertex -23.1797 -7.34442 0
      vertex -23.1797 -7.34442 4
      vertex -22.8908 -7.20131 4
    endloop
  endfacet
  facet normal -0.463163 0.886273 0
    outer loop
      vertex -23.4828 -7.50287 0
      vertex -23.1797 -7.34442 4
      vertex -23.1797 -7.34442 0
    endloop
  endfacet
  facet normal -0.463163 0.886273 0
    outer loop
      vertex -23.4828 -7.50287 0
      vertex -23.4828 -7.50287 4
      vertex -23.1797 -7.34442 4
    endloop
  endfacet
  facet normal -0.479753 0.877404 0
    outer loop
      vertex -23.6942 -7.61842 0
      vertex -23.4828 -7.50287 4
      vertex -23.4828 -7.50287 0
    endloop
  endfacet
  facet normal -0.479753 0.877404 0
    outer loop
      vertex -23.6942 -7.61842 0
      vertex -23.6942 -7.61842 4
      vertex -23.4828 -7.50287 4
    endloop
  endfacet
  facet normal -0.494681 0.869075 0
    outer loop
      vertex -23.9137 -7.74336 0
      vertex -23.6942 -7.61842 4
      vertex -23.6942 -7.61842 0
    endloop
  endfacet
  facet normal -0.494681 0.869075 0
    outer loop
      vertex -23.9137 -7.74336 0
      vertex -23.9137 -7.74336 4
      vertex -23.6942 -7.61842 4
    endloop
  endfacet
  facet normal -0.509573 0.860428 0
    outer loop
      vertex -24.0421 -7.81944 0
      vertex -23.9137 -7.74336 4
      vertex -23.9137 -7.74336 0
    endloop
  endfacet
  facet normal -0.509573 0.860428 0
    outer loop
      vertex -24.0421 -7.81944 0
      vertex -24.0421 -7.81944 4
      vertex -23.9137 -7.74336 4
    endloop
  endfacet
  facet normal -0.99065 -0.136431 0
    outer loop
      vertex -23.9601 -8.41542 0
      vertex -24.0421 -7.81944 4
      vertex -24.0421 -7.81944 0
    endloop
  endfacet
  facet normal -0.99065 -0.136431 0
    outer loop
      vertex -23.9601 -8.41542 0
      vertex -23.9601 -8.41542 4
      vertex -24.0421 -7.81944 4
    endloop
  endfacet
  facet normal -0.258507 -0.966009 0
    outer loop
      vertex -23.6896 -8.48779 0
      vertex -23.9601 -8.41542 4
      vertex -23.9601 -8.41542 0
    endloop
  endfacet
  facet normal -0.258507 -0.966009 0
    outer loop
      vertex -23.6896 -8.48779 0
      vertex -23.6896 -8.48779 4
      vertex -23.9601 -8.41542 4
    endloop
  endfacet
  facet normal -0.239835 -0.970814 0
    outer loop
      vertex -23.3424 -8.57358 0
      vertex -23.6896 -8.48779 4
      vertex -23.6896 -8.48779 0
    endloop
  endfacet
  facet normal -0.239835 -0.970814 0
    outer loop
      vertex -23.3424 -8.57358 0
      vertex -23.3424 -8.57358 4
      vertex -23.6896 -8.48779 4
    endloop
  endfacet
  facet normal -0.219736 -0.975559 0
    outer loop
      vertex -23.0093 -8.64861 0
      vertex -23.3424 -8.57358 4
      vertex -23.3424 -8.57358 0
    endloop
  endfacet
  facet normal -0.219736 -0.975559 0
    outer loop
      vertex -23.0093 -8.64861 0
      vertex -23.0093 -8.64861 4
      vertex -23.3424 -8.57358 4
    endloop
  endfacet
  facet normal -0.197594 -0.980284 0
    outer loop
      vertex -22.6941 -8.71214 0
      vertex -23.0093 -8.64861 4
      vertex -23.0093 -8.64861 0
    endloop
  endfacet
  facet normal -0.197594 -0.980284 0
    outer loop
      vertex -22.6941 -8.71214 0
      vertex -22.6941 -8.71214 4
      vertex -23.0093 -8.64861 4
    endloop
  endfacet
  facet normal -0.172332 -0.985039 0
    outer loop
      vertex -22.4008 -8.76344 0
      vertex -22.6941 -8.71214 4
      vertex -22.6941 -8.71214 0
    endloop
  endfacet
  facet normal -0.172332 -0.985039 0
    outer loop
      vertex -22.4008 -8.76344 0
      vertex -22.4008 -8.76344 4
      vertex -22.6941 -8.71214 4
    endloop
  endfacet
  facet normal -0.145903 -0.989299 0
    outer loop
      vertex -22.134 -8.8028 0
      vertex -22.4008 -8.76344 4
      vertex -22.4008 -8.76344 0
    endloop
  endfacet
  facet normal -0.145903 -0.989299 0
    outer loop
      vertex -22.134 -8.8028 0
      vertex -22.134 -8.8028 4
      vertex -22.4008 -8.76344 4
    endloop
  endfacet
  facet normal -0.123043 -0.992401 0
    outer loop
      vertex -21.9441 -8.82634 0
      vertex -22.134 -8.8028 4
      vertex -22.134 -8.8028 0
    endloop
  endfacet
  facet normal -0.123043 -0.992401 0
    outer loop
      vertex -21.9441 -8.82634 0
      vertex -21.9441 -8.82634 4
      vertex -22.134 -8.8028 4
    endloop
  endfacet
  facet normal 0.153038 -0.98822 0
    outer loop
      vertex -21.6992 -8.78841 0
      vertex -21.9441 -8.82634 4
      vertex -21.9441 -8.82634 0
    endloop
  endfacet
  facet normal 0.153038 -0.98822 0
    outer loop
      vertex -21.6992 -8.78841 0
      vertex -21.6992 -8.78841 4
      vertex -21.9441 -8.82634 4
    endloop
  endfacet
  facet normal -0.586789 -0.80974 0
    outer loop
      vertex -21.5822 -8.87318 0
      vertex -21.6992 -8.78841 4
      vertex -21.6992 -8.78841 0
    endloop
  endfacet
  facet normal -0.586789 -0.80974 0
    outer loop
      vertex -21.5822 -8.87318 0
      vertex -21.5822 -8.87318 4
      vertex -21.6992 -8.78841 4
    endloop
  endfacet
  facet normal -0.984242 -0.176825 0
    outer loop
      vertex -21.4129 -9.81552 0
      vertex -21.5822 -8.87318 4
      vertex -21.5822 -8.87318 0
    endloop
  endfacet
  facet normal -0.984242 -0.176825 0
    outer loop
      vertex -21.4129 -9.81552 0
      vertex -21.4129 -9.81552 4
      vertex -21.5822 -8.87318 4
    endloop
  endfacet
  facet normal -0.416277 0.909238 0
    outer loop
      vertex -21.4205 -9.819 0
      vertex -21.4129 -9.81552 4
      vertex -21.4129 -9.81552 0
    endloop
  endfacet
  facet normal -0.416277 0.909238 0
    outer loop
      vertex -21.4205 -9.819 0
      vertex -21.4205 -9.819 4
      vertex -21.4129 -9.81552 4
    endloop
  endfacet
  facet normal -0.826106 0.563514 0
    outer loop
      vertex -21.5017 -9.93805 0
      vertex -21.4205 -9.819 4
      vertex -21.4205 -9.819 0
    endloop
  endfacet
  facet normal -0.826106 0.563514 0
    outer loop
      vertex -21.5017 -9.93805 0
      vertex -21.5017 -9.93805 4
      vertex -21.4205 -9.819 4
    endloop
  endfacet
  facet normal -0.184993 0.98274 0
    outer loop
      vertex -21.7278 -9.98061 0
      vertex -21.5017 -9.93805 4
      vertex -21.5017 -9.93805 0
    endloop
  endfacet
  facet normal -0.184993 0.98274 0
    outer loop
      vertex -21.7278 -9.98061 0
      vertex -21.7278 -9.98061 4
      vertex -21.5017 -9.93805 4
    endloop
  endfacet
  facet normal -0.460885 0.88746 0
    outer loop
      vertex -22.0684 -10.1575 0
      vertex -21.7278 -9.98061 4
      vertex -21.7278 -9.98061 0
    endloop
  endfacet
  facet normal -0.460885 0.88746 0
    outer loop
      vertex -22.0684 -10.1575 0
      vertex -22.0684 -10.1575 4
      vertex -21.7278 -9.98061 4
    endloop
  endfacet
  facet normal -0.48438 0.874858 0
    outer loop
      vertex -22.3243 -10.2992 0
      vertex -22.0684 -10.1575 4
      vertex -22.0684 -10.1575 0
    endloop
  endfacet
  facet normal -0.48438 0.874858 0
    outer loop
      vertex -22.3243 -10.2992 0
      vertex -22.3243 -10.2992 4
      vertex -22.0684 -10.1575 4
    endloop
  endfacet
  facet normal -0.506578 0.862194 0
    outer loop
      vertex -22.5945 -10.458 0
      vertex -22.3243 -10.2992 4
      vertex -22.3243 -10.2992 0
    endloop
  endfacet
  facet normal -0.506578 0.862194 0
    outer loop
      vertex -22.5945 -10.458 0
      vertex -22.5945 -10.458 4
      vertex -22.3243 -10.2992 4
    endloop
  endfacet
  facet normal -0.526489 0.850182 0
    outer loop
      vertex -22.7838 -10.5752 0
      vertex -22.5945 -10.458 4
      vertex -22.5945 -10.458 0
    endloop
  endfacet
  facet normal -0.526489 0.850182 0
    outer loop
      vertex -22.7838 -10.5752 0
      vertex -22.7838 -10.5752 4
      vertex -22.5945 -10.458 4
    endloop
  endfacet
  facet normal -0.543262 0.839563 0
    outer loop
      vertex -22.9811 -10.7029 0
      vertex -22.7838 -10.5752 4
      vertex -22.7838 -10.5752 0
    endloop
  endfacet
  facet normal -0.543262 0.839563 0
    outer loop
      vertex -22.9811 -10.7029 0
      vertex -22.9811 -10.7029 4
      vertex -22.7838 -10.5752 4
    endloop
  endfacet
  facet normal -0.560254 0.828321 0
    outer loop
      vertex -23.1871 -10.8422 0
      vertex -22.9811 -10.7029 4
      vertex -22.9811 -10.7029 0
    endloop
  endfacet
  facet normal -0.560254 0.828321 0
    outer loop
      vertex -23.1871 -10.8422 0
      vertex -23.1871 -10.8422 4
      vertex -22.9811 -10.7029 4
    endloop
  endfacet
  facet normal -0.578443 0.815723 0
    outer loop
      vertex -23.4021 -10.9947 0
      vertex -23.1871 -10.8422 4
      vertex -23.1871 -10.8422 0
    endloop
  endfacet
  facet normal -0.578443 0.815723 0
    outer loop
      vertex -23.4021 -10.9947 0
      vertex -23.4021 -10.9947 4
      vertex -23.1871 -10.8422 4
    endloop
  endfacet
  facet normal -0.597177 0.80211 0
    outer loop
      vertex -23.5036 -11.0702 0
      vertex -23.4021 -10.9947 4
      vertex -23.4021 -10.9947 0
    endloop
  endfacet
  facet normal -0.597177 0.80211 0
    outer loop
      vertex -23.5036 -11.0702 0
      vertex -23.5036 -11.0702 4
      vertex -23.4021 -10.9947 4
    endloop
  endfacet
  facet normal -0.974566 -0.224099 0
    outer loop
      vertex -23.3715 -11.6443 0
      vertex -23.5036 -11.0702 4
      vertex -23.5036 -11.0702 0
    endloop
  endfacet
  facet normal -0.974566 -0.224099 0
    outer loop
      vertex -23.3715 -11.6443 0
      vertex -23.3715 -11.6443 4
      vertex -23.5036 -11.0702 4
    endloop
  endfacet
  facet normal -0.192749 -0.981248 0
    outer loop
      vertex -23.2389 -11.6703 0
      vertex -23.3715 -11.6443 4
      vertex -23.3715 -11.6443 0
    endloop
  endfacet
  facet normal -0.192749 -0.981248 0
    outer loop
      vertex -23.2389 -11.6703 0
      vertex -23.2389 -11.6703 4
      vertex -23.3715 -11.6443 4
    endloop
  endfacet
  facet normal -0.175747 -0.984435 0
    outer loop
      vertex -22.99 -11.7148 0
      vertex -23.2389 -11.6703 4
      vertex -23.2389 -11.6703 0
    endloop
  endfacet
  facet normal -0.175747 -0.984435 0
    outer loop
      vertex -22.99 -11.7148 0
      vertex -22.99 -11.7148 4
      vertex -23.2389 -11.6703 4
    endloop
  endfacet
  facet normal -0.15868 -0.98733 0
    outer loop
      vertex -22.7489 -11.7535 0
      vertex -22.99 -11.7148 4
      vertex -22.99 -11.7148 0
    endloop
  endfacet
  facet normal -0.15868 -0.98733 0
    outer loop
      vertex -22.7489 -11.7535 0
      vertex -22.7489 -11.7535 4
      vertex -22.99 -11.7148 4
    endloop
  endfacet
  facet normal -0.139797 -0.99018 0
    outer loop
      vertex -22.5171 -11.7863 0
      vertex -22.7489 -11.7535 4
      vertex -22.7489 -11.7535 0
    endloop
  endfacet
  facet normal -0.139797 -0.99018 0
    outer loop
      vertex -22.5171 -11.7863 0
      vertex -22.5171 -11.7863 4
      vertex -22.7489 -11.7535 4
    endloop
  endfacet
  facet normal -0.119939 -0.992781 0
    outer loop
      vertex -22.2958 -11.813 0
      vertex -22.5171 -11.7863 4
      vertex -22.5171 -11.7863 0
    endloop
  endfacet
  facet normal -0.119939 -0.992781 0
    outer loop
      vertex -22.2958 -11.813 0
      vertex -22.2958 -11.813 4
      vertex -22.5171 -11.7863 4
    endloop
  endfacet
  facet normal -0.0994247 -0.995045 0
    outer loop
      vertex -22.0864 -11.8339 0
      vertex -22.2958 -11.813 4
      vertex -22.2958 -11.813 0
    endloop
  endfacet
  facet normal -0.0994247 -0.995045 0
    outer loop
      vertex -22.0864 -11.8339 0
      vertex -22.0864 -11.8339 4
      vertex -22.2958 -11.813 4
    endloop
  endfacet
  facet normal -0.077385 -0.997001 0
    outer loop
      vertex -21.8904 -11.8491 0
      vertex -22.0864 -11.8339 4
      vertex -22.0864 -11.8339 0
    endloop
  endfacet
  facet normal -0.077385 -0.997001 0
    outer loop
      vertex -21.8904 -11.8491 0
      vertex -21.8904 -11.8491 4
      vertex -22.0864 -11.8339 4
    endloop
  endfacet
  facet normal -0.0539843 -0.998542 0
    outer loop
      vertex -21.7092 -11.8589 0
      vertex -21.8904 -11.8491 4
      vertex -21.8904 -11.8491 0
    endloop
  endfacet
  facet normal -0.0539843 -0.998542 0
    outer loop
      vertex -21.7092 -11.8589 0
      vertex -21.7092 -11.8589 4
      vertex -21.8904 -11.8491 4
    endloop
  endfacet
  facet normal -0.02419 -0.999707 0
    outer loop
      vertex -21.4683 -11.8648 0
      vertex -21.7092 -11.8589 4
      vertex -21.7092 -11.8589 0
    endloop
  endfacet
  facet normal -0.02419 -0.999707 0
    outer loop
      vertex -21.4683 -11.8648 0
      vertex -21.4683 -11.8648 4
      vertex -21.7092 -11.8589 4
    endloop
  endfacet
  facet normal -0.00450319 -0.99999 0
    outer loop
      vertex -21.3599 -11.8652 0
      vertex -21.4683 -11.8648 4
      vertex -21.4683 -11.8648 0
    endloop
  endfacet
  facet normal -0.00450319 -0.99999 0
    outer loop
      vertex -21.3599 -11.8652 0
      vertex -21.3599 -11.8652 4
      vertex -21.4683 -11.8648 4
    endloop
  endfacet
  facet normal 0.245226 -0.969466 0
    outer loop
      vertex -21.0922 -11.7975 0
      vertex -21.3599 -11.8652 4
      vertex -21.3599 -11.8652 0
    endloop
  endfacet
  facet normal 0.245226 -0.969466 0
    outer loop
      vertex -21.0922 -11.7975 0
      vertex -21.0922 -11.7975 4
      vertex -21.3599 -11.8652 4
    endloop
  endfacet
  facet normal -0.508437 -0.861099 0
    outer loop
      vertex -20.9679 -11.8709 0
      vertex -21.0922 -11.7975 4
      vertex -21.0922 -11.7975 0
    endloop
  endfacet
  facet normal -0.508437 -0.861099 0
    outer loop
      vertex -20.9679 -11.8709 0
      vertex -20.9679 -11.8709 4
      vertex -21.0922 -11.7975 4
    endloop
  endfacet
  facet normal -0.960689 -0.277626 0
    outer loop
      vertex -20.6956 -12.813 0
      vertex -20.9679 -11.8709 4
      vertex -20.9679 -11.8709 0
    endloop
  endfacet
  facet normal -0.960689 -0.277626 0
    outer loop
      vertex -20.6956 -12.813 0
      vertex -20.6956 -12.813 4
      vertex -20.9679 -11.8709 4
    endloop
  endfacet
  facet normal -0.526793 0.849994 0
    outer loop
      vertex -20.7058 -12.8193 0
      vertex -20.6956 -12.813 4
      vertex -20.6956 -12.813 0
    endloop
  endfacet
  facet normal -0.526793 0.849994 0
    outer loop
      vertex -20.7058 -12.8193 0
      vertex -20.7058 -12.8193 4
      vertex -20.6956 -12.813 4
    endloop
  endfacet
  facet normal -0.881045 0.473032 0
    outer loop
      vertex -20.774 -12.9463 0
      vertex -20.7058 -12.8193 4
      vertex -20.7058 -12.8193 0
    endloop
  endfacet
  facet normal -0.881045 0.473032 0
    outer loop
      vertex -20.774 -12.9463 0
      vertex -20.774 -12.9463 4
      vertex -20.7058 -12.8193 4
    endloop
  endfacet
  facet normal -0.287577 0.957758 0
    outer loop
      vertex -21.0197 -13.0201 0
      vertex -20.774 -12.9463 4
      vertex -20.774 -12.9463 0
    endloop
  endfacet
  facet normal -0.287577 0.957758 0
    outer loop
      vertex -21.0197 -13.0201 0
      vertex -21.0197 -13.0201 4
      vertex -20.774 -12.9463 4
    endloop
  endfacet
  facet normal -0.532447 0.846464 0
    outer loop
      vertex -21.2552 -13.1682 0
      vertex -21.0197 -13.0201 4
      vertex -21.0197 -13.0201 0
    endloop
  endfacet
  facet normal -0.532447 0.846464 0
    outer loop
      vertex -21.2552 -13.1682 0
      vertex -21.2552 -13.1682 4
      vertex -21.0197 -13.0201 4
    endloop
  endfacet
  facet normal -0.556758 0.830675 0
    outer loop
      vertex -21.4825 -13.3205 0
      vertex -21.2552 -13.1682 4
      vertex -21.2552 -13.1682 0
    endloop
  endfacet
  facet normal -0.556758 0.830675 0
    outer loop
      vertex -21.4825 -13.3205 0
      vertex -21.4825 -13.3205 4
      vertex -21.2552 -13.1682 4
    endloop
  endfacet
  facet normal -0.579492 0.814978 0
    outer loop
      vertex -21.6429 -13.4346 0
      vertex -21.4825 -13.3205 4
      vertex -21.4825 -13.3205 0
    endloop
  endfacet
  facet normal -0.579492 0.814978 0
    outer loop
      vertex -21.6429 -13.4346 0
      vertex -21.6429 -13.4346 4
      vertex -21.4825 -13.3205 4
    endloop
  endfacet
  facet normal -0.598009 0.801489 0
    outer loop
      vertex -21.8112 -13.5601 0
      vertex -21.6429 -13.4346 4
      vertex -21.6429 -13.4346 0
    endloop
  endfacet
  facet normal -0.598009 0.801489 0
    outer loop
      vertex -21.8112 -13.5601 0
      vertex -21.8112 -13.5601 4
      vertex -21.6429 -13.4346 4
    endloop
  endfacet
  facet normal -0.616881 0.787057 0
    outer loop
      vertex -21.9877 -13.6985 0
      vertex -21.8112 -13.5601 4
      vertex -21.8112 -13.5601 0
    endloop
  endfacet
  facet normal -0.616881 0.787057 0
    outer loop
      vertex -21.9877 -13.6985 0
      vertex -21.9877 -13.6985 4
      vertex -21.8112 -13.5601 4
    endloop
  endfacet
  facet normal -0.636794 0.771034 0
    outer loop
      vertex -22.1727 -13.8513 0
      vertex -21.9877 -13.6985 4
      vertex -21.9877 -13.6985 0
    endloop
  endfacet
  facet normal -0.636794 0.771034 0
    outer loop
      vertex -22.1727 -13.8513 0
      vertex -22.1727 -13.8513 4
      vertex -21.9877 -13.6985 4
    endloop
  endfacet
  facet normal -0.657003 0.753888 0
    outer loop
      vertex -22.3664 -14.0201 0
      vertex -22.1727 -13.8513 4
      vertex -22.1727 -13.8513 0
    endloop
  endfacet
  facet normal -0.657003 0.753888 0
    outer loop
      vertex -22.3664 -14.0201 0
      vertex -22.3664 -14.0201 4
      vertex -22.1727 -13.8513 4
    endloop
  endfacet
  facet normal -0.677274 0.735731 0
    outer loop
      vertex -22.569 -14.2066 0
      vertex -22.3664 -14.0201 4
      vertex -22.3664 -14.0201 0
    endloop
  endfacet
  facet normal -0.677274 0.735731 0
    outer loop
      vertex -22.569 -14.2066 0
      vertex -22.569 -14.2066 4
      vertex -22.3664 -14.0201 4
    endloop
  endfacet
  facet normal -0.692769 0.721159 0
    outer loop
      vertex -22.6442 -14.2789 0
      vertex -22.569 -14.2066 4
      vertex -22.569 -14.2066 0
    endloop
  endfacet
  facet normal -0.692769 0.721159 0
    outer loop
      vertex -22.6442 -14.2789 0
      vertex -22.6442 -14.2789 4
      vertex -22.569 -14.2066 4
    endloop
  endfacet
  facet normal -0.940427 -0.339996 0
    outer loop
      vertex -22.4484 -14.8205 0
      vertex -22.6442 -14.2789 4
      vertex -22.6442 -14.2789 0
    endloop
  endfacet
  facet normal -0.940427 -0.339996 0
    outer loop
      vertex -22.4484 -14.8205 0
      vertex -22.4484 -14.8205 4
      vertex -22.6442 -14.2789 4
    endloop
  endfacet
  facet normal -0.0984587 -0.995141 0
    outer loop
      vertex -22.3391 -14.8313 0
      vertex -22.4484 -14.8205 4
      vertex -22.4484 -14.8205 0
    endloop
  endfacet
  facet normal -0.0984587 -0.995141 0
    outer loop
      vertex -22.3391 -14.8313 0
      vertex -22.3391 -14.8313 4
      vertex -22.4484 -14.8205 4
    endloop
  endfacet
  facet normal -0.075932 -0.997113 0
    outer loop
      vertex -22.0758 -14.8514 0
      vertex -22.3391 -14.8313 4
      vertex -22.3391 -14.8313 0
    endloop
  endfacet
  facet normal -0.075932 -0.997113 0
    outer loop
      vertex -22.0758 -14.8514 0
      vertex -22.0758 -14.8514 4
      vertex -22.3391 -14.8313 4
    endloop
  endfacet
  facet normal -0.0529399 -0.998598 0
    outer loop
      vertex -21.8239 -14.8647 0
      vertex -22.0758 -14.8514 4
      vertex -22.0758 -14.8514 0
    endloop
  endfacet
  facet normal -0.0529399 -0.998598 0
    outer loop
      vertex -21.8239 -14.8647 0
      vertex -21.8239 -14.8647 4
      vertex -22.0758 -14.8514 4
    endloop
  endfacet
  facet normal -0.0289151 -0.999582 0
    outer loop
      vertex -21.585 -14.8716 0
      vertex -21.8239 -14.8647 4
      vertex -21.8239 -14.8647 0
    endloop
  endfacet
  facet normal -0.0289151 -0.999582 0
    outer loop
      vertex -21.585 -14.8716 0
      vertex -21.585 -14.8716 4
      vertex -21.8239 -14.8647 4
    endloop
  endfacet
  facet normal -0.00339764 -0.999994 0
    outer loop
      vertex -21.3604 -14.8724 0
      vertex -21.585 -14.8716 4
      vertex -21.585 -14.8716 0
    endloop
  endfacet
  facet normal -0.00339764 -0.999994 0
    outer loop
      vertex -21.3604 -14.8724 0
      vertex -21.3604 -14.8724 4
      vertex -21.585 -14.8716 4
    endloop
  endfacet
  facet normal 0.0233957 -0.999726 0
    outer loop
      vertex -21.1518 -14.8675 0
      vertex -21.3604 -14.8724 4
      vertex -21.3604 -14.8724 0
    endloop
  endfacet
  facet normal 0.0233957 -0.999726 0
    outer loop
      vertex -21.1518 -14.8675 0
      vertex -21.1518 -14.8675 4
      vertex -21.3604 -14.8724 4
    endloop
  endfacet
  facet normal 0.0509031 -0.998704 0
    outer loop
      vertex -20.9605 -14.8578 0
      vertex -21.1518 -14.8675 4
      vertex -21.1518 -14.8675 0
    endloop
  endfacet
  facet normal 0.0509031 -0.998704 0
    outer loop
      vertex -20.9605 -14.8578 0
      vertex -20.9605 -14.8578 4
      vertex -21.1518 -14.8675 4
    endloop
  endfacet
  facet normal 0.0793597 -0.996846 0
    outer loop
      vertex -20.788 -14.844 0
      vertex -20.9605 -14.8578 4
      vertex -20.9605 -14.8578 0
    endloop
  endfacet
  facet normal 0.0793597 -0.996846 0
    outer loop
      vertex -20.788 -14.844 0
      vertex -20.788 -14.844 4
      vertex -20.9605 -14.8578 4
    endloop
  endfacet
  facet normal 0.109076 -0.994033 0
    outer loop
      vertex -20.6357 -14.8273 0
      vertex -20.788 -14.844 4
      vertex -20.788 -14.844 0
    endloop
  endfacet
  facet normal 0.109076 -0.994033 0
    outer loop
      vertex -20.6357 -14.8273 0
      vertex -20.6357 -14.8273 4
      vertex -20.788 -14.844 4
    endloop
  endfacet
  facet normal 0.137453 -0.990508 0
    outer loop
      vertex -20.4602 -14.803 0
      vertex -20.6357 -14.8273 4
      vertex -20.6357 -14.8273 0
    endloop
  endfacet
  facet normal 0.137453 -0.990508 0
    outer loop
      vertex -20.4602 -14.803 0
      vertex -20.4602 -14.803 4
      vertex -20.6357 -14.8273 4
    endloop
  endfacet
  facet normal 0.360807 -0.932641 0
    outer loop
      vertex -20.1749 -14.6926 0
      vertex -20.4602 -14.803 4
      vertex -20.4602 -14.803 0
    endloop
  endfacet
  facet normal 0.360807 -0.932641 0
    outer loop
      vertex -20.1749 -14.6926 0
      vertex -20.1749 -14.6926 4
      vertex -20.4602 -14.803 4
    endloop
  endfacet
  facet normal -0.403533 -0.914965 0
    outer loop
      vertex -20.0431 -14.7507 0
      vertex -20.1749 -14.6926 4
      vertex -20.1749 -14.6926 0
    endloop
  endfacet
  facet normal -0.403533 -0.914965 0
    outer loop
      vertex -20.0431 -14.7507 0
      vertex -20.0431 -14.7507 4
      vertex -20.1749 -14.6926 4
    endloop
  endfacet
  facet normal 0.592547 -0.805536 0
    outer loop
      vertex -20.0386 -14.7474 0
      vertex -20.0431 -14.7507 4
      vertex -20.0431 -14.7507 0
    endloop
  endfacet
  facet normal 0.592547 -0.805536 0
    outer loop
      vertex -20.0386 -14.7474 0
      vertex -20.0386 -14.7474 4
      vertex -20.0431 -14.7507 4
    endloop
  endfacet
  facet normal -0.940426 -0.339998 0
    outer loop
      vertex -19.9827 -14.902 0
      vertex -20.0386 -14.7474 4
      vertex -20.0386 -14.7474 0
    endloop
  endfacet
  facet normal -0.940426 -0.339998 0
    outer loop
      vertex -19.9827 -14.902 0
      vertex -19.9827 -14.902 4
      vertex -20.0386 -14.7474 4
    endloop
  endfacet
  facet normal -0.91291 -0.408161 0
    outer loop
      vertex -19.6396 -15.6692 0
      vertex -19.9827 -14.902 4
      vertex -19.9827 -14.902 0
    endloop
  endfacet
  facet normal -0.91291 -0.408161 0
    outer loop
      vertex -19.6396 -15.6692 0
      vertex -19.6396 -15.6692 4
      vertex -19.9827 -14.902 4
    endloop
  endfacet
  facet normal -0.623789 0.781593 0
    outer loop
      vertex -19.6525 -15.6795 0
      vertex -19.6396 -15.6692 4
      vertex -19.6396 -15.6692 0
    endloop
  endfacet
  facet normal -0.623789 0.781593 0
    outer loop
      vertex -19.6525 -15.6795 0
      vertex -19.6525 -15.6795 4
      vertex -19.6396 -15.6692 4
    endloop
  endfacet
  facet normal -0.936521 0.350613 0
    outer loop
      vertex -19.703 -15.8144 0
      vertex -19.6525 -15.6795 4
      vertex -19.6525 -15.6795 0
    endloop
  endfacet
  facet normal -0.936521 0.350613 0
    outer loop
      vertex -19.703 -15.8144 0
      vertex -19.703 -15.8144 4
      vertex -19.6525 -15.6795 4
    endloop
  endfacet
  facet normal -0.41309 0.91069 0
    outer loop
      vertex -19.9632 -15.9324 0
      vertex -19.703 -15.8144 4
      vertex -19.703 -15.8144 0
    endloop
  endfacet
  facet normal -0.41309 0.91069 0
    outer loop
      vertex -19.9632 -15.9324 0
      vertex -19.9632 -15.9324 4
      vertex -19.703 -15.8144 4
    endloop
  endfacet
  facet normal -0.623768 0.78161 0
    outer loop
      vertex -20.1703 -16.0978 0
      vertex -19.9632 -15.9324 4
      vertex -19.9632 -15.9324 0
    endloop
  endfacet
  facet normal -0.623768 0.78161 0
    outer loop
      vertex -20.1703 -16.0978 0
      vertex -20.1703 -16.0978 4
      vertex -19.9632 -15.9324 4
    endloop
  endfacet
  facet normal -0.647951 0.761682 0
    outer loop
      vertex -20.2996 -16.2077 0
      vertex -20.1703 -16.0978 4
      vertex -20.1703 -16.0978 0
    endloop
  endfacet
  facet normal -0.647951 0.761682 0
    outer loop
      vertex -20.2996 -16.2077 0
      vertex -20.2996 -16.2077 4
      vertex -20.1703 -16.0978 4
    endloop
  endfacet
  facet normal -0.668085 0.744085 0
    outer loop
      vertex -20.4366 -16.3307 0
      vertex -20.2996 -16.2077 4
      vertex -20.2996 -16.2077 0
    endloop
  endfacet
  facet normal -0.668085 0.744085 0
    outer loop
      vertex -20.4366 -16.3307 0
      vertex -20.4366 -16.3307 4
      vertex -20.2996 -16.2077 4
    endloop
  endfacet
  facet normal -0.688543 0.725196 0
    outer loop
      vertex -20.5815 -16.4683 0
      vertex -20.4366 -16.3307 4
      vertex -20.4366 -16.3307 0
    endloop
  endfacet
  facet normal -0.688543 0.725196 0
    outer loop
      vertex -20.5815 -16.4683 0
      vertex -20.5815 -16.4683 4
      vertex -20.4366 -16.3307 4
    endloop
  endfacet
  facet normal -0.709635 0.70457 0
    outer loop
      vertex -20.7343 -16.6223 0
      vertex -20.5815 -16.4683 4
      vertex -20.5815 -16.4683 0
    endloop
  endfacet
  facet normal -0.709635 0.70457 0
    outer loop
      vertex -20.7343 -16.6223 0
      vertex -20.7343 -16.6223 4
      vertex -20.5815 -16.4683 4
    endloop
  endfacet
  facet normal -0.730753 0.682642 0
    outer loop
      vertex -20.895 -16.7942 0
      vertex -20.7343 -16.6223 4
      vertex -20.7343 -16.6223 0
    endloop
  endfacet
  facet normal -0.730753 0.682642 0
    outer loop
      vertex -20.895 -16.7942 0
      vertex -20.895 -16.7942 4
      vertex -20.7343 -16.6223 4
    endloop
  endfacet
  facet normal -0.746472 0.665416 0
    outer loop
      vertex -20.9782 -16.8875 0
      vertex -20.895 -16.7942 4
      vertex -20.895 -16.7942 0
    endloop
  endfacet
  facet normal -0.746472 0.665416 0
    outer loop
      vertex -20.9782 -16.8875 0
      vertex -20.9782 -16.8875 4
      vertex -20.895 -16.7942 4
    endloop
  endfacet
  facet normal -0.756992 0.653424 0
    outer loop
      vertex -21.0632 -16.986 0
      vertex -20.9782 -16.8875 4
      vertex -20.9782 -16.8875 0
    endloop
  endfacet
  facet normal -0.756992 0.653424 0
    outer loop
      vertex -21.0632 -16.986 0
      vertex -21.0632 -16.986 4
      vertex -20.9782 -16.8875 4
    endloop
  endfacet
  facet normal -0.76737 0.641204 0
    outer loop
      vertex -21.1499 -17.0899 0
      vertex -21.0632 -16.986 4
      vertex -21.0632 -16.986 0
    endloop
  endfacet
  facet normal -0.76737 0.641204 0
    outer loop
      vertex -21.1499 -17.0899 0
      vertex -21.1499 -17.0899 4
      vertex -21.0632 -16.986 4
    endloop
  endfacet
  facet normal -0.777941 0.628337 0
    outer loop
      vertex -21.2384 -17.1994 0
      vertex -21.1499 -17.0899 4
      vertex -21.1499 -17.0899 0
    endloop
  endfacet
  facet normal -0.777941 0.628337 0
    outer loop
      vertex -21.2384 -17.1994 0
      vertex -21.2384 -17.1994 4
      vertex -21.1499 -17.0899 4
    endloop
  endfacet
  facet normal -0.792899 0.609353 0
    outer loop
      vertex -21.3815 -17.3857 0
      vertex -21.2384 -17.1994 4
      vertex -21.2384 -17.1994 0
    endloop
  endfacet
  facet normal -0.792899 0.609353 0
    outer loop
      vertex -21.3815 -17.3857 0
      vertex -21.3815 -17.3857 4
      vertex -21.2384 -17.1994 4
    endloop
  endfacet
  facet normal -0.87609 -0.482148 0
    outer loop
      vertex -21.1122 -17.875 0
      vertex -21.3815 -17.3857 4
      vertex -21.3815 -17.3857 0
    endloop
  endfacet
  facet normal -0.87609 -0.482148 0
    outer loop
      vertex -21.1122 -17.875 0
      vertex -21.1122 -17.875 4
      vertex -21.3815 -17.3857 4
    endloop
  endfacet
  facet normal 0.0245784 -0.999698 0
    outer loop
      vertex -21.0266 -17.8729 0
      vertex -21.1122 -17.875 4
      vertex -21.1122 -17.875 0
    endloop
  endfacet
  facet normal 0.0245784 -0.999698 0
    outer loop
      vertex -21.0266 -17.8729 0
      vertex -21.0266 -17.8729 4
      vertex -21.1122 -17.875 4
    endloop
  endfacet
  facet normal 0.0522743 -0.998633 0
    outer loop
      vertex -20.7511 -17.8585 0
      vertex -21.0266 -17.8729 4
      vertex -21.0266 -17.8729 0
    endloop
  endfacet
  facet normal 0.0522743 -0.998633 0
    outer loop
      vertex -20.7511 -17.8585 0
      vertex -20.7511 -17.8585 4
      vertex -21.0266 -17.8729 4
    endloop
  endfacet
  facet normal 0.0810155 -0.996713 0
    outer loop
      vertex -20.4913 -17.8374 0
      vertex -20.7511 -17.8585 4
      vertex -20.7511 -17.8585 0
    endloop
  endfacet
  facet normal 0.0810155 -0.996713 0
    outer loop
      vertex -20.4913 -17.8374 0
      vertex -20.4913 -17.8374 4
      vertex -20.7511 -17.8585 4
    endloop
  endfacet
  facet normal 0.110891 -0.993833 0
    outer loop
      vertex -20.2487 -17.8103 0
      vertex -20.4913 -17.8374 4
      vertex -20.4913 -17.8374 0
    endloop
  endfacet
  facet normal 0.110891 -0.993833 0
    outer loop
      vertex -20.2487 -17.8103 0
      vertex -20.2487 -17.8103 4
      vertex -20.4913 -17.8374 4
    endloop
  endfacet
  facet normal 0.141846 -0.989889 0
    outer loop
      vertex -20.0248 -17.7782 0
      vertex -20.2487 -17.8103 4
      vertex -20.2487 -17.8103 0
    endloop
  endfacet
  facet normal 0.141846 -0.989889 0
    outer loop
      vertex -20.0248 -17.7782 0
      vertex -20.0248 -17.7782 4
      vertex -20.2487 -17.8103 4
    endloop
  endfacet
  facet normal 0.173558 -0.984824 0
    outer loop
      vertex -19.8209 -17.7423 0
      vertex -20.0248 -17.7782 4
      vertex -20.0248 -17.7782 0
    endloop
  endfacet
  facet normal 0.173558 -0.984824 0
    outer loop
      vertex -19.8209 -17.7423 0
      vertex -19.8209 -17.7423 4
      vertex -20.0248 -17.7782 4
    endloop
  endfacet
  facet normal 0.206126 -0.978525 0
    outer loop
      vertex -19.6383 -17.7038 0
      vertex -19.8209 -17.7423 4
      vertex -19.8209 -17.7423 0
    endloop
  endfacet
  facet normal 0.206126 -0.978525 0
    outer loop
      vertex -19.6383 -17.7038 0
      vertex -19.6383 -17.7038 4
      vertex -19.8209 -17.7423 4
    endloop
  endfacet
  facet normal 0.239507 -0.970895 0
    outer loop
      vertex -19.4783 -17.6644 0
      vertex -19.6383 -17.7038 4
      vertex -19.6383 -17.7038 0
    endloop
  endfacet
  facet normal 0.239507 -0.970895 0
    outer loop
      vertex -19.4783 -17.6644 0
      vertex -19.4783 -17.6644 4
      vertex -19.6383 -17.7038 4
    endloop
  endfacet
  facet normal 0.273684 -0.96182 0
    outer loop
      vertex -19.3418 -17.6255 0
      vertex -19.4783 -17.6644 4
      vertex -19.4783 -17.6644 0
    endloop
  endfacet
  facet normal 0.273684 -0.96182 0
    outer loop
      vertex -19.3418 -17.6255 0
      vertex -19.3418 -17.6255 4
      vertex -19.4783 -17.6644 4
    endloop
  endfacet
  facet normal 0.305896 -0.952065 0
    outer loop
      vertex -19.1796 -17.5734 0
      vertex -19.3418 -17.6255 4
      vertex -19.3418 -17.6255 0
    endloop
  endfacet
  facet normal 0.305896 -0.952065 0
    outer loop
      vertex -19.1796 -17.5734 0
      vertex -19.1796 -17.5734 4
      vertex -19.3418 -17.6255 4
    endloop
  endfacet
  facet normal 0.495913 -0.868372 0
    outer loop
      vertex -18.8887 -17.4073 0
      vertex -19.1796 -17.5734 4
      vertex -19.1796 -17.5734 0
    endloop
  endfacet
  facet normal 0.495913 -0.868372 0
    outer loop
      vertex -18.8887 -17.4073 0
      vertex -18.8887 -17.4073 4
      vertex -19.1796 -17.5734 4
    endloop
  endfacet
  facet normal -0.262392 -0.964961 0
    outer loop
      vertex -18.7496 -17.4451 0
      vertex -18.8887 -17.4073 4
      vertex -18.8887 -17.4073 0
    endloop
  endfacet
  facet normal -0.262392 -0.964961 0
    outer loop
      vertex -18.7496 -17.4451 0
      vertex -18.7496 -17.4451 4
      vertex -18.8887 -17.4073 4
    endloop
  endfacet
  facet normal 0.681481 -0.731836 0
    outer loop
      vertex -18.7397 -17.4358 0
      vertex -18.7496 -17.4451 4
      vertex -18.7496 -17.4451 0
    endloop
  endfacet
  facet normal 0.681481 -0.731836 0
    outer loop
      vertex -18.7397 -17.4358 0
      vertex -18.7397 -17.4358 4
      vertex -18.7496 -17.4451 4
    endloop
  endfacet
  facet normal -0.876124 -0.482086 0
    outer loop
      vertex -18.5508 -17.7789 0
      vertex -18.7397 -17.4358 4
      vertex -18.7397 -17.4358 0
    endloop
  endfacet
  facet normal -0.876124 -0.482086 0
    outer loop
      vertex -18.5508 -17.7789 0
      vertex -18.5508 -17.7789 4
      vertex -18.7397 -17.4358 4
    endloop
  endfacet
  facet normal -0.828444 -0.560072 0
    outer loop
      vertex -18.1944 -18.3062 0
      vertex -18.5508 -17.7789 4
      vertex -18.5508 -17.7789 0
    endloop
  endfacet
  facet normal -0.828444 -0.560072 0
    outer loop
      vertex -18.1944 -18.3062 0
      vertex -18.1944 -18.3062 4
      vertex -18.5508 -17.7789 4
    endloop
  endfacet
  facet normal -0.709103 0.705105 0
    outer loop
      vertex -18.2078 -18.3197 0
      vertex -18.1944 -18.3062 4
      vertex -18.1944 -18.3062 0
    endloop
  endfacet
  facet normal -0.709103 0.705105 0
    outer loop
      vertex -18.2078 -18.3197 0
      vertex -18.2078 -18.3197 4
      vertex -18.1944 -18.3062 4
    endloop
  endfacet
  facet normal -0.981022 0.193896 0
    outer loop
      vertex -18.2358 -18.4611 0
      vertex -18.2078 -18.3197 4
      vertex -18.2078 -18.3197 0
    endloop
  endfacet
  facet normal -0.981022 0.193896 0
    outer loop
      vertex -18.2358 -18.4611 0
      vertex -18.2358 -18.4611 4
      vertex -18.2078 -18.3197 4
    endloop
  endfacet
  facet normal -0.555693 0.831388 0
    outer loop
      vertex -18.4982 -18.6365 0
      vertex -18.2358 -18.4611 4
      vertex -18.2358 -18.4611 0
    endloop
  endfacet
  facet normal -0.555693 0.831388 0
    outer loop
      vertex -18.4982 -18.6365 0
      vertex -18.4982 -18.6365 4
      vertex -18.2358 -18.4611 4
    endloop
  endfacet
  facet normal -0.72312 0.690722 0
    outer loop
      vertex -18.6212 -18.7652 0
      vertex -18.4982 -18.6365 4
      vertex -18.4982 -18.6365 0
    endloop
  endfacet
  facet normal -0.72312 0.690722 0
    outer loop
      vertex -18.6212 -18.7652 0
      vertex -18.6212 -18.7652 4
      vertex -18.4982 -18.6365 4
    endloop
  endfacet
  facet normal -0.74241 0.669946 0
    outer loop
      vertex -18.7225 -18.8775 0
      vertex -18.6212 -18.7652 4
      vertex -18.6212 -18.7652 0
    endloop
  endfacet
  facet normal -0.74241 0.669946 0
    outer loop
      vertex -18.7225 -18.8775 0
      vertex -18.7225 -18.8775 4
      vertex -18.6212 -18.7652 4
    endloop
  endfacet
  facet normal -0.763331 0.646007 0
    outer loop
      vertex -18.8312 -19.0059 0
      vertex -18.7225 -18.8775 4
      vertex -18.7225 -18.8775 0
    endloop
  endfacet
  facet normal -0.763331 0.646007 0
    outer loop
      vertex -18.8312 -19.0059 0
      vertex -18.8312 -19.0059 4
      vertex -18.7225 -18.8775 4
    endloop
  endfacet
  facet normal -0.784387 0.620272 0
    outer loop
      vertex -18.947 -19.1525 0
      vertex -18.8312 -19.0059 4
      vertex -18.8312 -19.0059 0
    endloop
  endfacet
  facet normal -0.784387 0.620272 0
    outer loop
      vertex -18.947 -19.1525 0
      vertex -18.947 -19.1525 4
      vertex -18.8312 -19.0059 4
    endloop
  endfacet
  facet normal -0.805156 0.593063 0
    outer loop
      vertex -19.0695 -19.3188 0
      vertex -18.947 -19.1525 4
      vertex -18.947 -19.1525 0
    endloop
  endfacet
  facet normal -0.805156 0.593063 0
    outer loop
      vertex -19.0695 -19.3188 0
      vertex -19.0695 -19.3188 4
      vertex -18.947 -19.1525 4
    endloop
  endfacet
  facet normal -0.820463 0.5717 0
    outer loop
      vertex -19.133 -19.4099 0
      vertex -19.0695 -19.3188 4
      vertex -19.0695 -19.3188 0
    endloop
  endfacet
  facet normal -0.820463 0.5717 0
    outer loop
      vertex -19.133 -19.4099 0
      vertex -19.133 -19.4099 4
      vertex -19.0695 -19.3188 4
    endloop
  endfacet
  facet normal -0.830556 0.556935 0
    outer loop
      vertex -19.1979 -19.5067 0
      vertex -19.133 -19.4099 4
      vertex -19.133 -19.4099 0
    endloop
  endfacet
  facet normal -0.830556 0.556935 0
    outer loop
      vertex -19.1979 -19.5067 0
      vertex -19.1979 -19.5067 4
      vertex -19.133 -19.4099 4
    endloop
  endfacet
  facet normal -0.840455 0.541882 0
    outer loop
      vertex -19.2641 -19.6092 0
      vertex -19.1979 -19.5067 4
      vertex -19.1979 -19.5067 0
    endloop
  endfacet
  facet normal -0.840455 0.541882 0
    outer loop
      vertex -19.2641 -19.6092 0
      vertex -19.2641 -19.6092 4
      vertex -19.1979 -19.5067 4
    endloop
  endfacet
  facet normal -0.850306 0.526289 0
    outer loop
      vertex -19.3313 -19.7178 0
      vertex -19.2641 -19.6092 4
      vertex -19.2641 -19.6092 0
    endloop
  endfacet
  facet normal -0.850306 0.526289 0
    outer loop
      vertex -19.3313 -19.7178 0
      vertex -19.3313 -19.7178 4
      vertex -19.2641 -19.6092 4
    endloop
  endfacet
  facet normal -0.859883 0.510491 0
    outer loop
      vertex -19.3994 -19.8327 0
      vertex -19.3313 -19.7178 4
      vertex -19.3313 -19.7178 0
    endloop
  endfacet
  facet normal -0.859883 0.510491 0
    outer loop
      vertex -19.3994 -19.8327 0
      vertex -19.3994 -19.8327 4
      vertex -19.3313 -19.7178 4
    endloop
  endfacet
  facet normal -0.869379 0.494147 0
    outer loop
      vertex -19.4684 -19.9539 0
      vertex -19.3994 -19.8327 4
      vertex -19.3994 -19.8327 0
    endloop
  endfacet
  facet normal -0.869379 0.494147 0
    outer loop
      vertex -19.4684 -19.9539 0
      vertex -19.4684 -19.9539 4
      vertex -19.3994 -19.8327 4
    endloop
  endfacet
  facet normal -0.87862 0.477522 0
    outer loop
      vertex -19.5379 -20.0818 0
      vertex -19.4684 -19.9539 4
      vertex -19.4684 -19.9539 0
    endloop
  endfacet
  facet normal -0.87862 0.477522 0
    outer loop
      vertex -19.5379 -20.0818 0
      vertex -19.5379 -20.0818 4
      vertex -19.4684 -19.9539 4
    endloop
  endfacet
  facet normal -0.890122 0.455723 0
    outer loop
      vertex -19.6328 -20.2672 0
      vertex -19.5379 -20.0818 4
      vertex -19.5379 -20.0818 0
    endloop
  endfacet
  facet normal -0.890122 0.455723 0
    outer loop
      vertex -19.6328 -20.2672 0
      vertex -19.6328 -20.2672 4
      vertex -19.5379 -20.0818 4
    endloop
  endfacet
  facet normal -0.828401 -0.560136 0
    outer loop
      vertex -19.4825 -20.4894 0
      vertex -19.6328 -20.2672 4
      vertex -19.6328 -20.2672 0
    endloop
  endfacet
  facet normal -0.828401 -0.560136 0
    outer loop
      vertex -19.4825 -20.4894 0
      vertex -19.4825 -20.4894 4
      vertex -19.6328 -20.2672 4
    endloop
  endfacet
  facet normal -0.768573 -0.639762 0
    outer loop
      vertex -19.3027 -20.7053 0
      vertex -19.4825 -20.4894 4
      vertex -19.4825 -20.4894 0
    endloop
  endfacet
  facet normal -0.768573 -0.639762 0
    outer loop
      vertex -19.3027 -20.7053 0
      vertex -19.3027 -20.7053 4
      vertex -19.4825 -20.4894 4
    endloop
  endfacet
  facet normal 0.194476 -0.980907 0
    outer loop
      vertex -19.0921 -20.6636 0
      vertex -19.3027 -20.7053 4
      vertex -19.3027 -20.7053 0
    endloop
  endfacet
  facet normal 0.194476 -0.980907 0
    outer loop
      vertex -19.0921 -20.6636 0
      vertex -19.0921 -20.6636 4
      vertex -19.3027 -20.7053 4
    endloop
  endfacet
  facet normal 0.216291 -0.976329 0
    outer loop
      vertex -18.9539 -20.6329 0
      vertex -19.0921 -20.6636 4
      vertex -19.0921 -20.6636 0
    endloop
  endfacet
  facet normal 0.216291 -0.976329 0
    outer loop
      vertex -18.9539 -20.6329 0
      vertex -18.9539 -20.6329 4
      vertex -19.0921 -20.6636 4
    endloop
  endfacet
  facet normal 0.233027 -0.97247 0
    outer loop
      vertex -18.8208 -20.6011 0
      vertex -18.9539 -20.6329 4
      vertex -18.9539 -20.6329 0
    endloop
  endfacet
  facet normal 0.233027 -0.97247 0
    outer loop
      vertex -18.8208 -20.6011 0
      vertex -18.8208 -20.6011 4
      vertex -18.9539 -20.6329 4
    endloop
  endfacet
  facet normal 0.250088 -0.968223 0
    outer loop
      vertex -18.693 -20.568 0
      vertex -18.8208 -20.6011 4
      vertex -18.8208 -20.6011 0
    endloop
  endfacet
  facet normal 0.250088 -0.968223 0
    outer loop
      vertex -18.693 -20.568 0
      vertex -18.693 -20.568 4
      vertex -18.8208 -20.6011 4
    endloop
  endfacet
  facet normal 0.267241 -0.96363 0
    outer loop
      vertex -18.5706 -20.5341 0
      vertex -18.693 -20.568 4
      vertex -18.693 -20.568 0
    endloop
  endfacet
  facet normal 0.267241 -0.96363 0
    outer loop
      vertex -18.5706 -20.5341 0
      vertex -18.5706 -20.5341 4
      vertex -18.693 -20.568 4
    endloop
  endfacet
  facet normal 0.28451 -0.958673 0
    outer loop
      vertex -18.4537 -20.4994 0
      vertex -18.5706 -20.5341 4
      vertex -18.5706 -20.5341 0
    endloop
  endfacet
  facet normal 0.28451 -0.958673 0
    outer loop
      vertex -18.4537 -20.4994 0
      vertex -18.4537 -20.4994 4
      vertex -18.5706 -20.5341 4
    endloop
  endfacet
  facet normal 0.301983 -0.953313 0
    outer loop
      vertex -18.3425 -20.4642 0
      vertex -18.4537 -20.4994 4
      vertex -18.4537 -20.4994 0
    endloop
  endfacet
  facet normal 0.301983 -0.953313 0
    outer loop
      vertex -18.3425 -20.4642 0
      vertex -18.3425 -20.4642 4
      vertex -18.4537 -20.4994 4
    endloop
  endfacet
  facet normal 0.319437 -0.947608 0
    outer loop
      vertex -18.2372 -20.4287 0
      vertex -18.3425 -20.4642 4
      vertex -18.3425 -20.4642 0
    endloop
  endfacet
  facet normal 0.319437 -0.947608 0
    outer loop
      vertex -18.2372 -20.4287 0
      vertex -18.2372 -20.4287 4
      vertex -18.3425 -20.4642 4
    endloop
  endfacet
  facet normal 0.34574 -0.93833 0
    outer loop
      vertex -18.0443 -20.3576 0
      vertex -18.2372 -20.4287 4
      vertex -18.2372 -20.4287 0
    endloop
  endfacet
  facet normal 0.34574 -0.93833 0
    outer loop
      vertex -18.0443 -20.3576 0
      vertex -18.0443 -20.3576 4
      vertex -18.2372 -20.4287 4
    endloop
  endfacet
  facet normal 0.381301 -0.924451 0
    outer loop
      vertex -17.8758 -20.2881 0
      vertex -18.0443 -20.3576 4
      vertex -18.0443 -20.3576 0
    endloop
  endfacet
  facet normal 0.381301 -0.924451 0
    outer loop
      vertex -17.8758 -20.2881 0
      vertex -17.8758 -20.2881 4
      vertex -18.0443 -20.3576 4
    endloop
  endfacet
  facet normal 0.41703 -0.908893 0
    outer loop
      vertex -17.7322 -20.2222 0
      vertex -17.8758 -20.2881 4
      vertex -17.8758 -20.2881 0
    endloop
  endfacet
  facet normal 0.41703 -0.908893 0
    outer loop
      vertex -17.7322 -20.2222 0
      vertex -17.7322 -20.2222 4
      vertex -17.8758 -20.2881 4
    endloop
  endfacet
  facet normal 0.452799 -0.891613 0
    outer loop
      vertex -17.6135 -20.1619 0
      vertex -17.7322 -20.2222 4
      vertex -17.7322 -20.2222 0
    endloop
  endfacet
  facet normal 0.452799 -0.891613 0
    outer loop
      vertex -17.6135 -20.1619 0
      vertex -17.6135 -20.1619 4
      vertex -17.7322 -20.2222 4
    endloop
  endfacet
  facet normal 0.485925 -0.874001 0
    outer loop
      vertex -17.4689 -20.0815 0
      vertex -17.6135 -20.1619 4
      vertex -17.6135 -20.1619 0
    endloop
  endfacet
  facet normal 0.485925 -0.874001 0
    outer loop
      vertex -17.4689 -20.0815 0
      vertex -17.4689 -20.0815 4
      vertex -17.6135 -20.1619 4
    endloop
  endfacet
  facet normal 0.641365 -0.767236 0
    outer loop
      vertex -17.194 -19.8517 0
      vertex -17.4689 -20.0815 4
      vertex -17.4689 -20.0815 0
    endloop
  endfacet
  facet normal 0.641365 -0.767236 0
    outer loop
      vertex -17.194 -19.8517 0
      vertex -17.194 -19.8517 4
      vertex -17.4689 -20.0815 4
    endloop
  endfacet
  facet normal -0.0881009 -0.996112 0
    outer loop
      vertex -17.0504 -19.8644 0
      vertex -17.194 -19.8517 4
      vertex -17.194 -19.8517 0
    endloop
  endfacet
  facet normal -0.0881009 -0.996112 0
    outer loop
      vertex -17.0504 -19.8644 0
      vertex -17.0504 -19.8644 4
      vertex -17.194 -19.8517 4
    endloop
  endfacet
  facet normal 0.758789 -0.651337 0
    outer loop
      vertex -17.0369 -19.8487 0
      vertex -17.0504 -19.8644 4
      vertex -17.0504 -19.8644 0
    endloop
  endfacet
  facet normal 0.758789 -0.651337 0
    outer loop
      vertex -17.0369 -19.8487 0
      vertex -17.0369 -19.8487 4
      vertex -17.0504 -19.8644 4
    endloop
  endfacet
  facet normal -0.768614 -0.639713 0
    outer loop
      vertex -16.6176 -20.3526 0
      vertex -17.0369 -19.8487 4
      vertex -17.0369 -19.8487 0
    endloop
  endfacet
  facet normal -0.768614 -0.639713 0
    outer loop
      vertex -16.6176 -20.3526 0
      vertex -16.6176 -20.3526 4
      vertex -17.0369 -19.8487 4
    endloop
  endfacet
  facet normal -0.696118 -0.717928 0
    outer loop
      vertex -16.3368 -20.6248 0
      vertex -16.6176 -20.3526 4
      vertex -16.6176 -20.3526 0
    endloop
  endfacet
  facet normal -0.696118 -0.717928 0
    outer loop
      vertex -16.3368 -20.6248 0
      vertex -16.3368 -20.6248 4
      vertex -16.6176 -20.3526 4
    endloop
  endfacet
  facet normal -0.783544 0.621337 0
    outer loop
      vertex -16.3471 -20.6378 0
      vertex -16.3368 -20.6248 4
      vertex -16.3368 -20.6248 0
    endloop
  endfacet
  facet normal -0.783544 0.621337 0
    outer loop
      vertex -16.3471 -20.6378 0
      vertex -16.3471 -20.6378 4
      vertex -16.3368 -20.6248 4
    endloop
  endfacet
  facet normal -0.999984 0.00571782 0
    outer loop
      vertex -16.348 -20.782 0
      vertex -16.3471 -20.6378 4
      vertex -16.3471 -20.6378 0
    endloop
  endfacet
  facet normal -0.999984 0.00571782 0
    outer loop
      vertex -16.348 -20.782 0
      vertex -16.348 -20.782 4
      vertex -16.3471 -20.6378 4
    endloop
  endfacet
  facet normal -0.702451 0.711732 0
    outer loop
      vertex -16.5925 -21.0233 0
      vertex -16.348 -20.782 4
      vertex -16.348 -20.782 0
    endloop
  endfacet
  facet normal -0.702451 0.711732 0
    outer loop
      vertex -16.5925 -21.0233 0
      vertex -16.5925 -21.0233 4
      vertex -16.348 -20.782 4
    endloop
  endfacet
  facet normal -0.828274 0.560324 0
    outer loop
      vertex -16.6884 -21.1651 0
      vertex -16.5925 -21.0233 4
      vertex -16.5925 -21.0233 0
    endloop
  endfacet
  facet normal -0.828274 0.560324 0
    outer loop
      vertex -16.6884 -21.1651 0
      vertex -16.6884 -21.1651 4
      vertex -16.5925 -21.0233 4
    endloop
  endfacet
  facet normal -0.846576 0.532267 0
    outer loop
      vertex -16.763 -21.2838 0
      vertex -16.6884 -21.1651 4
      vertex -16.6884 -21.1651 0
    endloop
  endfacet
  facet normal -0.846576 0.532267 0
    outer loop
      vertex -16.763 -21.2838 0
      vertex -16.763 -21.2838 4
      vertex -16.6884 -21.1651 4
    endloop
  endfacet
  facet normal -0.865749 0.500478 0
    outer loop
      vertex -16.8435 -21.4229 0
      vertex -16.763 -21.2838 4
      vertex -16.763 -21.2838 0
    endloop
  endfacet
  facet normal -0.865749 0.500478 0
    outer loop
      vertex -16.8435 -21.4229 0
      vertex -16.8435 -21.4229 4
      vertex -16.763 -21.2838 4
    endloop
  endfacet
  facet normal -0.884251 0.467011 0
    outer loop
      vertex -16.9286 -21.5842 0
      vertex -16.8435 -21.4229 4
      vertex -16.8435 -21.4229 0
    endloop
  endfacet
  facet normal -0.884251 0.467011 0
    outer loop
      vertex -16.9286 -21.5842 0
      vertex -16.9286 -21.5842 4
      vertex -16.8435 -21.4229 4
    endloop
  endfacet
  facet normal -0.897286 0.441449 0
    outer loop
      vertex -16.9727 -21.6736 0
      vertex -16.9286 -21.5842 4
      vertex -16.9286 -21.5842 0
    endloop
  endfacet
  facet normal -0.897286 0.441449 0
    outer loop
      vertex -16.9727 -21.6736 0
      vertex -16.9727 -21.6736 4
      vertex -16.9286 -21.5842 4
    endloop
  endfacet
  facet normal -0.905891 0.423511 0
    outer loop
      vertex -17.0173 -21.7692 0
      vertex -16.9727 -21.6736 4
      vertex -16.9727 -21.6736 0
    endloop
  endfacet
  facet normal -0.905891 0.423511 0
    outer loop
      vertex -17.0173 -21.7692 0
      vertex -17.0173 -21.7692 4
      vertex -16.9727 -21.6736 4
    endloop
  endfacet
  facet normal -0.914077 0.405541 0
    outer loop
      vertex -17.0625 -21.871 0
      vertex -17.0173 -21.7692 4
      vertex -17.0173 -21.7692 0
    endloop
  endfacet
  facet normal -0.914077 0.405541 0
    outer loop
      vertex -17.0625 -21.871 0
      vertex -17.0625 -21.871 4
      vertex -17.0173 -21.7692 4
    endloop
  endfacet
  facet normal -0.922024 0.387133 0
    outer loop
      vertex -17.108 -21.9793 0
      vertex -17.0625 -21.871 4
      vertex -17.0625 -21.871 0
    endloop
  endfacet
  facet normal -0.922024 0.387133 0
    outer loop
      vertex -17.108 -21.9793 0
      vertex -17.108 -21.9793 4
      vertex -17.0625 -21.871 4
    endloop
  endfacet
  facet normal -0.929622 0.368513 0
    outer loop
      vertex -17.1535 -22.0941 0
      vertex -17.108 -21.9793 4
      vertex -17.108 -21.9793 0
    endloop
  endfacet
  facet normal -0.929622 0.368513 0
    outer loop
      vertex -17.1535 -22.0941 0
      vertex -17.1535 -22.0941 4
      vertex -17.108 -21.9793 4
    endloop
  endfacet
  facet normal -0.936927 0.349524 0
    outer loop
      vertex -17.1988 -22.2156 0
      vertex -17.1535 -22.0941 4
      vertex -17.1535 -22.0941 0
    endloop
  endfacet
  facet normal -0.936927 0.349524 0
    outer loop
      vertex -17.1988 -22.2156 0
      vertex -17.1988 -22.2156 4
      vertex -17.1535 -22.0941 4
    endloop
  endfacet
  facet normal -0.943911 0.3302 0
    outer loop
      vertex -17.2437 -22.344 0
      vertex -17.1988 -22.2156 4
      vertex -17.1988 -22.2156 0
    endloop
  endfacet
  facet normal -0.943911 0.3302 0
    outer loop
      vertex -17.2437 -22.344 0
      vertex -17.2437 -22.344 4
      vertex -17.1988 -22.2156 4
    endloop
  endfacet
  facet normal -0.950481 0.310784 0
    outer loop
      vertex -17.2879 -22.4792 0
      vertex -17.2437 -22.344 4
      vertex -17.2437 -22.344 0
    endloop
  endfacet
  facet normal -0.950481 0.310784 0
    outer loop
      vertex -17.2879 -22.4792 0
      vertex -17.2879 -22.4792 4
      vertex -17.2437 -22.344 4
    endloop
  endfacet
  facet normal -0.956702 0.291068 0
    outer loop
      vertex -17.3312 -22.6213 0
      vertex -17.2879 -22.4792 4
      vertex -17.2879 -22.4792 0
    endloop
  endfacet
  facet normal -0.956702 0.291068 0
    outer loop
      vertex -17.3312 -22.6213 0
      vertex -17.3312 -22.6213 4
      vertex -17.2879 -22.4792 4
    endloop
  endfacet
  facet normal -0.963469 0.267821 0
    outer loop
      vertex -17.381 -22.8007 0
      vertex -17.3312 -22.6213 4
      vertex -17.3312 -22.6213 0
    endloop
  endfacet
  facet normal -0.963469 0.267821 0
    outer loop
      vertex -17.381 -22.8007 0
      vertex -17.381 -22.8007 4
      vertex -17.3312 -22.6213 4
    endloop
  endfacet
  facet normal -0.696071 -0.717973 0
    outer loop
      vertex -16.9939 -23.1761 0
      vertex -17.381 -22.8007 4
      vertex -17.381 -22.8007 0
    endloop
  endfacet
  facet normal -0.696071 -0.717973 0
    outer loop
      vertex -16.9939 -23.1761 0
      vertex -16.9939 -23.1761 4
      vertex -17.381 -22.8007 4
    endloop
  endfacet
  facet normal 0.369185 -0.929356 0
    outer loop
      vertex -16.7954 -23.0972 0
      vertex -16.9939 -23.1761 4
      vertex -16.9939 -23.1761 0
    endloop
  endfacet
  facet normal 0.369185 -0.929356 0
    outer loop
      vertex -16.7954 -23.0972 0
      vertex -16.7954 -23.0972 4
      vertex -16.9939 -23.1761 4
    endloop
  endfacet
  facet normal 0.392343 -0.919819 0
    outer loop
      vertex -16.661 -23.0399 0
      vertex -16.7954 -23.0972 4
      vertex -16.7954 -23.0972 0
    endloop
  endfacet
  facet normal 0.392343 -0.919819 0
    outer loop
      vertex -16.661 -23.0399 0
      vertex -16.661 -23.0399 4
      vertex -16.7954 -23.0972 4
    endloop
  endfacet
  facet normal 0.410211 -0.911991 0
    outer loop
      vertex -16.5328 -22.9822 0
      vertex -16.661 -23.0399 4
      vertex -16.661 -23.0399 0
    endloop
  endfacet
  facet normal 0.410211 -0.911991 0
    outer loop
      vertex -16.5328 -22.9822 0
      vertex -16.5328 -22.9822 4
      vertex -16.661 -23.0399 4
    endloop
  endfacet
  facet normal 0.428218 -0.903676 0
    outer loop
      vertex -16.4108 -22.9244 0
      vertex -16.5328 -22.9822 4
      vertex -16.5328 -22.9822 0
    endloop
  endfacet
  facet normal 0.428218 -0.903676 0
    outer loop
      vertex -16.4108 -22.9244 0
      vertex -16.4108 -22.9244 4
      vertex -16.5328 -22.9822 4
    endloop
  endfacet
  facet normal 0.44608 -0.894993 0
    outer loop
      vertex -16.295 -22.8667 0
      vertex -16.4108 -22.9244 4
      vertex -16.4108 -22.9244 0
    endloop
  endfacet
  facet normal 0.44608 -0.894993 0
    outer loop
      vertex -16.295 -22.8667 0
      vertex -16.295 -22.8667 4
      vertex -16.4108 -22.9244 4
    endloop
  endfacet
  facet normal 0.463947 -0.885863 0
    outer loop
      vertex -16.1857 -22.8094 0
      vertex -16.295 -22.8667 4
      vertex -16.295 -22.8667 0
    endloop
  endfacet
  facet normal 0.463947 -0.885863 0
    outer loop
      vertex -16.1857 -22.8094 0
      vertex -16.1857 -22.8094 4
      vertex -16.295 -22.8667 4
    endloop
  endfacet
  facet normal 0.481879 -0.876238 0
    outer loop
      vertex -16.0827 -22.7528 0
      vertex -16.1857 -22.8094 4
      vertex -16.1857 -22.8094 0
    endloop
  endfacet
  facet normal 0.481879 -0.876238 0
    outer loop
      vertex -16.0827 -22.7528 0
      vertex -16.0827 -22.7528 4
      vertex -16.1857 -22.8094 4
    endloop
  endfacet
  facet normal 0.499481 -0.866325 0
    outer loop
      vertex -15.9861 -22.6971 0
      vertex -16.0827 -22.7528 4
      vertex -16.0827 -22.7528 0
    endloop
  endfacet
  facet normal 0.499481 -0.866325 0
    outer loop
      vertex -15.9861 -22.6971 0
      vertex -15.9861 -22.6971 4
      vertex -16.0827 -22.7528 4
    endloop
  endfacet
  facet normal 0.517155 -0.855892 0
    outer loop
      vertex -15.896 -22.6427 0
      vertex -15.9861 -22.6971 4
      vertex -15.9861 -22.6971 0
    endloop
  endfacet
  facet normal 0.517155 -0.855892 0
    outer loop
      vertex -15.896 -22.6427 0
      vertex -15.896 -22.6427 4
      vertex -15.9861 -22.6971 4
    endloop
  endfacet
  facet normal 0.543176 -0.839619 0
    outer loop
      vertex -15.7346 -22.5383 0
      vertex -15.896 -22.6427 4
      vertex -15.896 -22.6427 0
    endloop
  endfacet
  facet normal 0.543176 -0.839619 0
    outer loop
      vertex -15.7346 -22.5383 0
      vertex -15.7346 -22.5383 4
      vertex -15.896 -22.6427 4
    endloop
  endfacet
  facet normal 0.577518 -0.816378 0
    outer loop
      vertex -15.5982 -22.4418 0
      vertex -15.7346 -22.5383 4
      vertex -15.7346 -22.5383 0
    endloop
  endfacet
  facet normal 0.577518 -0.816378 0
    outer loop
      vertex -15.5982 -22.4418 0
      vertex -15.5982 -22.4418 4
      vertex -15.7346 -22.5383 4
    endloop
  endfacet
  facet normal 0.611004 -0.791628 0
    outer loop
      vertex -15.4859 -22.3551 0
      vertex -15.5982 -22.4418 4
      vertex -15.5982 -22.4418 0
    endloop
  endfacet
  facet normal 0.611004 -0.791628 0
    outer loop
      vertex -15.4859 -22.3551 0
      vertex -15.4859 -22.3551 4
      vertex -15.5982 -22.4418 4
    endloop
  endfacet
  facet normal 0.643621 -0.765345 0
    outer loop
      vertex -15.3964 -22.2799 0
      vertex -15.4859 -22.3551 4
      vertex -15.4859 -22.3551 0
    endloop
  endfacet
  facet normal 0.643621 -0.765345 0
    outer loop
      vertex -15.3964 -22.2799 0
      vertex -15.3964 -22.2799 4
      vertex -15.4859 -22.3551 4
    endloop
  endfacet
  facet normal 0.660187 -0.751101 0
    outer loop
      vertex -15.315 -22.2083 0
      vertex -15.3964 -22.2799 4
      vertex -15.3964 -22.2799 0
    endloop
  endfacet
  facet normal 0.660187 -0.751101 0
    outer loop
      vertex -15.315 -22.2083 0
      vertex -15.315 -22.2083 4
      vertex -15.3964 -22.2799 4
    endloop
  endfacet
  facet normal 0.78103 -0.624493 0
    outer loop
      vertex -15.0844 -21.9198 0
      vertex -15.315 -22.2083 4
      vertex -15.315 -22.2083 0
    endloop
  endfacet
  facet normal 0.78103 -0.624493 0
    outer loop
      vertex -15.0844 -21.9198 0
      vertex -15.0844 -21.9198 4
      vertex -15.315 -22.2083 4
    endloop
  endfacet
  facet normal 0.111082 -0.993811 0
    outer loop
      vertex -14.9411 -21.9038 0
      vertex -15.0844 -21.9198 4
      vertex -15.0844 -21.9198 0
    endloop
  endfacet
  facet normal 0.111082 -0.993811 0
    outer loop
      vertex -14.9411 -21.9038 0
      vertex -14.9411 -21.9038 4
      vertex -15.0844 -21.9198 4
    endloop
  endfacet
  facet normal 0.8259 -0.563816 0
    outer loop
      vertex -14.9283 -21.8851 0
      vertex -14.9411 -21.9038 4
      vertex -14.9411 -21.9038 0
    endloop
  endfacet
  facet normal 0.8259 -0.563816 0
    outer loop
      vertex -14.9283 -21.8851 0
      vertex -14.9283 -21.8851 4
      vertex -14.9411 -21.9038 4
    endloop
  endfacet
  facet normal -0.611496 -0.791248 0
    outer loop
      vertex -14.1951 -22.4517 0
      vertex -14.9283 -21.8851 4
      vertex -14.9283 -21.8851 0
    endloop
  endfacet
  facet normal -0.611496 -0.791248 0
    outer loop
      vertex -14.1951 -22.4517 0
      vertex -14.1951 -22.4517 4
      vertex -14.9283 -21.8851 4
    endloop
  endfacet
  facet normal -0.516635 -0.856206 0
    outer loop
      vertex -14.0848 -22.5183 0
      vertex -14.1951 -22.4517 4
      vertex -14.1951 -22.4517 0
    endloop
  endfacet
  facet normal -0.516635 -0.856206 0
    outer loop
      vertex -14.0848 -22.5183 0
      vertex -14.0848 -22.5183 4
      vertex -14.1951 -22.4517 4
    endloop
  endfacet
  facet normal -0.847287 0.531135 0
    outer loop
      vertex -14.0886 -22.5244 0
      vertex -14.0848 -22.5183 4
      vertex -14.0848 -22.5183 0
    endloop
  endfacet
  facet normal -0.847287 0.531135 0
    outer loop
      vertex -14.0886 -22.5244 0
      vertex -14.0886 -22.5244 4
      vertex -14.0848 -22.5183 4
    endloop
  endfacet
  facet normal -0.979807 -0.199943 0
    outer loop
      vertex -14.0598 -22.6656 0
      vertex -14.0886 -22.5244 4
      vertex -14.0886 -22.5244 0
    endloop
  endfacet
  facet normal -0.979807 -0.199943 0
    outer loop
      vertex -14.0598 -22.6656 0
      vertex -14.0598 -22.6656 4
      vertex -14.0886 -22.5244 4
    endloop
  endfacet
  facet normal -0.834136 0.551559 0
    outer loop
      vertex -14.2604 -22.969 0
      vertex -14.0598 -22.6656 4
      vertex -14.0598 -22.6656 0
    endloop
  endfacet
  facet normal -0.834136 0.551559 0
    outer loop
      vertex -14.2604 -22.969 0
      vertex -14.2604 -22.969 4
      vertex -14.0598 -22.6656 4
    endloop
  endfacet
  facet normal -0.920203 0.391442 0
    outer loop
      vertex -14.3253 -23.1216 0
      vertex -14.2604 -22.969 4
      vertex -14.2604 -22.969 0
    endloop
  endfacet
  facet normal -0.920203 0.391442 0
    outer loop
      vertex -14.3253 -23.1216 0
      vertex -14.3253 -23.1216 4
      vertex -14.2604 -22.969 4
    endloop
  endfacet
  facet normal -0.934218 0.356702 0
    outer loop
      vertex -14.3724 -23.245 0
      vertex -14.3253 -23.1216 4
      vertex -14.3253 -23.1216 0
    endloop
  endfacet
  facet normal -0.934218 0.356702 0
    outer loop
      vertex -14.3724 -23.245 0
      vertex -14.3724 -23.245 4
      vertex -14.3253 -23.1216 4
    endloop
  endfacet
  facet normal -0.948014 0.318228 0
    outer loop
      vertex -14.4219 -23.3925 0
      vertex -14.3724 -23.245 4
      vertex -14.3724 -23.245 0
    endloop
  endfacet
  facet normal -0.948014 0.318228 0
    outer loop
      vertex -14.4219 -23.3925 0
      vertex -14.4219 -23.3925 4
      vertex -14.3724 -23.245 4
    endloop
  endfacet
  facet normal -0.960349 0.2788 0
    outer loop
      vertex -14.472 -23.5651 0
      vertex -14.4219 -23.3925 4
      vertex -14.4219 -23.3925 0
    endloop
  endfacet
  facet normal -0.960349 0.2788 0
    outer loop
      vertex -14.472 -23.5651 0
      vertex -14.472 -23.5651 4
      vertex -14.4219 -23.3925 4
    endloop
  endfacet
  facet normal -0.968509 0.248979 0
    outer loop
      vertex -14.4967 -23.661 0
      vertex -14.472 -23.5651 4
      vertex -14.472 -23.5651 0
    endloop
  endfacet
  facet normal -0.968509 0.248979 0
    outer loop
      vertex -14.4967 -23.661 0
      vertex -14.4967 -23.661 4
      vertex -14.472 -23.5651 4
    endloop
  endfacet
  facet normal -0.973512 0.228636 0
    outer loop
      vertex -14.5208 -23.7636 0
      vertex -14.4967 -23.661 4
      vertex -14.4967 -23.661 0
    endloop
  endfacet
  facet normal -0.973512 0.228636 0
    outer loop
      vertex -14.5208 -23.7636 0
      vertex -14.5208 -23.7636 4
      vertex -14.4967 -23.661 4
    endloop
  endfacet
  facet normal -0.978058 0.208333 0
    outer loop
      vertex -14.544 -23.8727 0
      vertex -14.5208 -23.7636 4
      vertex -14.5208 -23.7636 0
    endloop
  endfacet
  facet normal -0.978058 0.208333 0
    outer loop
      vertex -14.544 -23.8727 0
      vertex -14.544 -23.8727 4
      vertex -14.5208 -23.7636 4
    endloop
  endfacet
  facet normal -0.982233 0.187666 0
    outer loop
      vertex -14.5661 -23.9884 0
      vertex -14.544 -23.8727 4
      vertex -14.544 -23.8727 0
    endloop
  endfacet
  facet normal -0.982233 0.187666 0
    outer loop
      vertex -14.5661 -23.9884 0
      vertex -14.5661 -23.9884 4
      vertex -14.544 -23.8727 4
    endloop
  endfacet
  facet normal -0.985931 0.167151 0
    outer loop
      vertex -14.5869 -24.1107 0
      vertex -14.5661 -23.9884 4
      vertex -14.5661 -23.9884 0
    endloop
  endfacet
  facet normal -0.985931 0.167151 0
    outer loop
      vertex -14.5869 -24.1107 0
      vertex -14.5869 -24.1107 4
      vertex -14.5661 -23.9884 4
    endloop
  endfacet
  facet normal -0.989227 0.146387 0
    outer loop
      vertex -14.606 -24.2396 0
      vertex -14.5869 -24.1107 4
      vertex -14.5869 -24.1107 0
    endloop
  endfacet
  facet normal -0.989227 0.146387 0
    outer loop
      vertex -14.606 -24.2396 0
      vertex -14.606 -24.2396 4
      vertex -14.5869 -24.1107 4
    endloop
  endfacet
  facet normal -0.992091 0.12552 0
    outer loop
      vertex -14.6231 -24.375 0
      vertex -14.606 -24.2396 4
      vertex -14.606 -24.2396 0
    endloop
  endfacet
  facet normal -0.992091 0.12552 0
    outer loop
      vertex -14.6231 -24.375 0
      vertex -14.6231 -24.375 4
      vertex -14.606 -24.2396 4
    endloop
  endfacet
  facet normal -0.99448 0.104924 0
    outer loop
      vertex -14.6381 -24.5169 0
      vertex -14.6231 -24.375 4
      vertex -14.6231 -24.375 0
    endloop
  endfacet
  facet normal -0.99448 0.104924 0
    outer loop
      vertex -14.6381 -24.5169 0
      vertex -14.6381 -24.5169 4
      vertex -14.6231 -24.375 4
    endloop
  endfacet
  facet normal -0.996467 0.0839875 0
    outer loop
      vertex -14.6506 -24.6652 0
      vertex -14.6381 -24.5169 4
      vertex -14.6381 -24.5169 0
    endloop
  endfacet
  facet normal -0.996467 0.0839875 0
    outer loop
      vertex -14.6506 -24.6652 0
      vertex -14.6506 -24.6652 4
      vertex -14.6381 -24.5169 4
    endloop
  endfacet
  facet normal -0.998169 0.0604847 0
    outer loop
      vertex -14.6614 -24.8435 0
      vertex -14.6506 -24.6652 4
      vertex -14.6506 -24.6652 0
    endloop
  endfacet
  facet normal -0.998169 0.0604847 0
    outer loop
      vertex -14.6614 -24.8435 0
      vertex -14.6614 -24.8435 4
      vertex -14.6506 -24.6652 4
    endloop
  endfacet
  facet normal -0.516605 -0.856224 0
    outer loop
      vertex -14.1944 -25.1252 0
      vertex -14.6614 -24.8435 4
      vertex -14.6614 -24.8435 0
    endloop
  endfacet
  facet normal -0.516605 -0.856224 0
    outer loop
      vertex -14.1944 -25.1252 0
      vertex -14.1944 -25.1252 4
      vertex -14.6614 -24.8435 4
    endloop
  endfacet
  facet normal 0.550552 -0.834801 0
    outer loop
      vertex -14.0354 -25.0204 0
      vertex -14.1944 -25.1252 4
      vertex -14.1944 -25.1252 0
    endloop
  endfacet
  facet normal 0.550552 -0.834801 0
    outer loop
      vertex -14.0354 -25.0204 0
      vertex -14.0354 -25.0204 4
      vertex -14.1944 -25.1252 4
    endloop
  endfacet
  facet normal 0.571016 -0.820939 0
    outer loop
      vertex -13.9132 -24.9354 0
      vertex -14.0354 -25.0204 4
      vertex -14.0354 -25.0204 0
    endloop
  endfacet
  facet normal 0.571016 -0.820939 0
    outer loop
      vertex -13.9132 -24.9354 0
      vertex -13.9132 -24.9354 4
      vertex -14.0354 -25.0204 4
    endloop
  endfacet
  facet normal 0.588076 -0.808805 0
    outer loop
      vertex -13.7978 -24.8515 0
      vertex -13.9132 -24.9354 4
      vertex -13.9132 -24.9354 0
    endloop
  endfacet
  facet normal 0.588076 -0.808805 0
    outer loop
      vertex -13.7978 -24.8515 0
      vertex -13.7978 -24.8515 4
      vertex -13.9132 -24.9354 4
    endloop
  endfacet
  facet normal 0.6048 -0.796378 0
    outer loop
      vertex -13.6891 -24.7689 0
      vertex -13.7978 -24.8515 4
      vertex -13.7978 -24.8515 0
    endloop
  endfacet
  facet normal 0.6048 -0.796378 0
    outer loop
      vertex -13.6891 -24.7689 0
      vertex -13.6891 -24.7689 4
      vertex -13.7978 -24.8515 4
    endloop
  endfacet
  facet normal 0.621405 -0.78349 0
    outer loop
      vertex -13.587 -24.688 0
      vertex -13.6891 -24.7689 4
      vertex -13.6891 -24.7689 0
    endloop
  endfacet
  facet normal 0.621405 -0.78349 0
    outer loop
      vertex -13.587 -24.688 0
      vertex -13.587 -24.688 4
      vertex -13.6891 -24.7689 4
    endloop
  endfacet
  facet normal 0.637628 -0.770344 0
    outer loop
      vertex -13.4915 -24.6089 0
      vertex -13.587 -24.688 4
      vertex -13.587 -24.688 0
    endloop
  endfacet
  facet normal 0.637628 -0.770344 0
    outer loop
      vertex -13.4915 -24.6089 0
      vertex -13.4915 -24.6089 4
      vertex -13.587 -24.688 4
    endloop
  endfacet
  facet normal 0.653677 -0.756773 0
    outer loop
      vertex -13.4023 -24.5318 0
      vertex -13.4915 -24.6089 4
      vertex -13.4915 -24.6089 0
    endloop
  endfacet
  facet normal 0.653677 -0.756773 0
    outer loop
      vertex -13.4023 -24.5318 0
      vertex -13.4023 -24.5318 4
      vertex -13.4915 -24.6089 4
    endloop
  endfacet
  facet normal 0.669426 -0.742879 0
    outer loop
      vertex -13.3194 -24.4572 0
      vertex -13.4023 -24.5318 4
      vertex -13.4023 -24.5318 0
    endloop
  endfacet
  facet normal 0.669426 -0.742879 0
    outer loop
      vertex -13.3194 -24.4572 0
      vertex -13.3194 -24.4572 4
      vertex -13.4023 -24.5318 4
    endloop
  endfacet
  facet normal 0.684818 -0.728714 0
    outer loop
      vertex -13.2427 -24.385 0
      vertex -13.3194 -24.4572 4
      vertex -13.3194 -24.4572 0
    endloop
  endfacet
  facet normal 0.684818 -0.728714 0
    outer loop
      vertex -13.2427 -24.385 0
      vertex -13.2427 -24.385 4
      vertex -13.3194 -24.4572 4
    endloop
  endfacet
  facet normal 0.707067 -0.707147 0
    outer loop
      vertex -13.1069 -24.2493 0
      vertex -13.2427 -24.385 4
      vertex -13.2427 -24.385 0
    endloop
  endfacet
  facet normal 0.707067 -0.707147 0
    outer loop
      vertex -13.1069 -24.2493 0
      vertex -13.1069 -24.2493 4
      vertex -13.2427 -24.385 4
    endloop
  endfacet
  facet normal 0.735818 -0.677179 0
    outer loop
      vertex -12.9934 -24.126 0
      vertex -13.1069 -24.2493 4
      vertex -13.1069 -24.2493 0
    endloop
  endfacet
  facet normal 0.735818 -0.677179 0
    outer loop
      vertex -12.9934 -24.126 0
      vertex -12.9934 -24.126 4
      vertex -13.1069 -24.2493 4
    endloop
  endfacet
  facet normal 0.762947 -0.646461 0
    outer loop
      vertex -12.9005 -24.0163 0
      vertex -12.9934 -24.126 4
      vertex -12.9934 -24.126 0
    endloop
  endfacet
  facet normal 0.762947 -0.646461 0
    outer loop
      vertex -12.9005 -24.0163 0
      vertex -12.9005 -24.0163 4
      vertex -12.9934 -24.126 4
    endloop
  endfacet
  facet normal 0.788609 -0.614895 0
    outer loop
      vertex -12.8264 -23.9212 0
      vertex -12.9005 -24.0163 4
      vertex -12.9005 -24.0163 0
    endloop
  endfacet
  facet normal 0.788609 -0.614895 0
    outer loop
      vertex -12.8264 -23.9212 0
      vertex -12.8264 -23.9212 4
      vertex -12.9005 -24.0163 4
    endloop
  endfacet
  facet normal 0.801248 -0.598333 0
    outer loop
      vertex -12.7615 -23.8344 0
      vertex -12.8264 -23.9212 4
      vertex -12.8264 -23.9212 0
    endloop
  endfacet
  facet normal 0.801248 -0.598333 0
    outer loop
      vertex -12.7615 -23.8344 0
      vertex -12.7615 -23.8344 4
      vertex -12.8264 -23.9212 4
    endloop
  endfacet
  facet normal 0.894746 -0.446576 0
    outer loop
      vertex -12.5991 -23.5089 0
      vertex -12.7615 -23.8344 4
      vertex -12.7615 -23.8344 0
    endloop
  endfacet
  facet normal 0.894746 -0.446576 0
    outer loop
      vertex -12.5991 -23.5089 0
      vertex -12.5991 -23.5089 4
      vertex -12.7615 -23.8344 4
    endloop
  endfacet
  facet normal 0.316736 -0.948514 0
    outer loop
      vertex -12.4624 -23.4633 0
      vertex -12.5991 -23.5089 4
      vertex -12.5991 -23.5089 0
    endloop
  endfacet
  facet normal 0.316736 -0.948514 0
    outer loop
      vertex -12.4624 -23.4633 0
      vertex -12.4624 -23.4633 4
      vertex -12.5991 -23.5089 4
    endloop
  endfacet
  facet normal 0.883204 -0.468988 0
    outer loop
      vertex -12.4541 -23.4476 0
      vertex -12.4624 -23.4633 4
      vertex -12.4624 -23.4633 0
    endloop
  endfacet
  facet normal 0.883204 -0.468988 0
    outer loop
      vertex -12.4541 -23.4476 0
      vertex -12.4541 -23.4476 4
      vertex -12.4624 -23.4633 4
    endloop
  endfacet
  facet normal -0.414495 -0.910052 0
    outer loop
      vertex -11.4953 -23.8842 0
      vertex -12.4541 -23.4476 4
      vertex -12.4541 -23.4476 0
    endloop
  endfacet
  facet normal -0.414495 -0.910052 0
    outer loop
      vertex -11.4953 -23.8842 0
      vertex -11.4953 -23.8842 4
      vertex -12.4541 -23.4476 4
    endloop
  endfacet
  facet normal -0.901311 0.433173 0
    outer loop
      vertex -11.4987 -23.8913 0
      vertex -11.4953 -23.8842 4
      vertex -11.4953 -23.8842 0
    endloop
  endfacet
  facet normal -0.901311 0.433173 0
    outer loop
      vertex -11.4987 -23.8913 0
      vertex -11.4987 -23.8913 4
      vertex -11.4953 -23.8842 4
    endloop
  endfacet
  facet normal -0.916206 -0.400708 0
    outer loop
      vertex -11.4409 -24.0233 0
      vertex -11.4987 -23.8913 4
      vertex -11.4987 -23.8913 0
    endloop
  endfacet
  facet normal -0.916206 -0.400708 0
    outer loop
      vertex -11.4409 -24.0233 0
      vertex -11.4409 -24.0233 4
      vertex -11.4987 -23.8913 4
    endloop
  endfacet
  facet normal -0.931338 0.364156 0
    outer loop
      vertex -11.5754 -24.3673 0
      vertex -11.4409 -24.0233 4
      vertex -11.4409 -24.0233 0
    endloop
  endfacet
  facet normal -0.931338 0.364156 0
    outer loop
      vertex -11.5754 -24.3673 0
      vertex -11.5754 -24.3673 4
      vertex -11.4409 -24.0233 4
    endloop
  endfacet
  facet normal -0.98127 0.192638 0
    outer loop
      vertex -11.607 -24.528 0
      vertex -11.5754 -24.3673 4
      vertex -11.5754 -24.3673 0
    endloop
  endfacet
  facet normal -0.98127 0.192638 0
    outer loop
      vertex -11.607 -24.528 0
      vertex -11.607 -24.528 4
      vertex -11.5754 -24.3673 4
    endloop
  endfacet
  facet normal -0.988061 0.15406 0
    outer loop
      vertex -11.6269 -24.6558 0
      vertex -11.607 -24.528 4
      vertex -11.607 -24.528 0
    endloop
  endfacet
  facet normal -0.988061 0.15406 0
    outer loop
      vertex -11.6269 -24.6558 0
      vertex -11.6269 -24.6558 4
      vertex -11.607 -24.528 4
    endloop
  endfacet
  facet normal -0.993633 0.112664 0
    outer loop
      vertex -11.6443 -24.8093 0
      vertex -11.6269 -24.6558 4
      vertex -11.6269 -24.6558 0
    endloop
  endfacet
  facet normal -0.993633 0.112664 0
    outer loop
      vertex -11.6443 -24.8093 0
      vertex -11.6443 -24.8093 4
      vertex -11.6269 -24.6558 4
    endloop
  endfacet
  facet normal -0.997458 0.0712591 0
    outer loop
      vertex -11.6571 -24.9885 0
      vertex -11.6443 -24.8093 4
      vertex -11.6443 -24.8093 0
    endloop
  endfacet
  facet normal -0.997458 0.0712591 0
    outer loop
      vertex -11.6571 -24.9885 0
      vertex -11.6571 -24.9885 4
      vertex -11.6443 -24.8093 4
    endloop
  endfacet
  facet normal -0.999181 0.0404595 0
    outer loop
      vertex -11.6611 -25.0876 0
      vertex -11.6571 -24.9885 4
      vertex -11.6571 -24.9885 0
    endloop
  endfacet
  facet normal -0.999181 0.0404595 0
    outer loop
      vertex -11.6611 -25.0876 0
      vertex -11.6611 -25.0876 4
      vertex -11.6571 -24.9885 4
    endloop
  endfacet
  facet normal -0.9998 0.0199844 0
    outer loop
      vertex -11.6632 -25.193 0
      vertex -11.6611 -25.0876 4
      vertex -11.6611 -25.0876 0
    endloop
  endfacet
  facet normal -0.9998 0.0199844 0
    outer loop
      vertex -11.6632 -25.193 0
      vertex -11.6632 -25.193 4
      vertex -11.6611 -25.0876 4
    endloop
  endfacet
  facet normal -1 -0.000547495 0
    outer loop
      vertex -11.6632 -25.3045 0
      vertex -11.6632 -25.193 4
      vertex -11.6632 -25.193 0
    endloop
  endfacet
  facet normal -1 -0.000547495 0
    outer loop
      vertex -11.6632 -25.3045 0
      vertex -11.6632 -25.3045 4
      vertex -11.6632 -25.193 4
    endloop
  endfacet
  facet normal -0.999781 -0.0209072 0
    outer loop
      vertex -11.6607 -25.4219 0
      vertex -11.6632 -25.3045 4
      vertex -11.6632 -25.3045 0
    endloop
  endfacet
  facet normal -0.999781 -0.0209072 0
    outer loop
      vertex -11.6607 -25.4219 0
      vertex -11.6607 -25.4219 4
      vertex -11.6632 -25.3045 4
    endloop
  endfacet
  facet normal -0.999158 -0.0410393 0
    outer loop
      vertex -11.6556 -25.5453 0
      vertex -11.6607 -25.4219 4
      vertex -11.6607 -25.4219 0
    endloop
  endfacet
  facet normal -0.999158 -0.0410393 0
    outer loop
      vertex -11.6556 -25.5453 0
      vertex -11.6556 -25.5453 4
      vertex -11.6607 -25.4219 4
    endloop
  endfacet
  facet normal -0.998129 -0.0611365 0
    outer loop
      vertex -11.6477 -25.6743 0
      vertex -11.6556 -25.5453 4
      vertex -11.6556 -25.5453 0
    endloop
  endfacet
  facet normal -0.998129 -0.0611365 0
    outer loop
      vertex -11.6477 -25.6743 0
      vertex -11.6477 -25.6743 4
      vertex -11.6556 -25.5453 4
    endloop
  endfacet
  facet normal -0.996703 -0.0811375 0
    outer loop
      vertex -11.6368 -25.8089 0
      vertex -11.6477 -25.6743 4
      vertex -11.6477 -25.6743 0
    endloop
  endfacet
  facet normal -0.996703 -0.0811375 0
    outer loop
      vertex -11.6368 -25.8089 0
      vertex -11.6368 -25.8089 4
      vertex -11.6477 -25.6743 4
    endloop
  endfacet
  facet normal -0.994918 -0.100685 0
    outer loop
      vertex -11.6226 -25.9488 0
      vertex -11.6368 -25.8089 4
      vertex -11.6368 -25.8089 0
    endloop
  endfacet
  facet normal -0.994918 -0.100685 0
    outer loop
      vertex -11.6226 -25.9488 0
      vertex -11.6226 -25.9488 4
      vertex -11.6368 -25.8089 4
    endloop
  endfacet
  facet normal -0.992751 -0.120191 0
    outer loop
      vertex -11.6051 -26.0939 0
      vertex -11.6226 -25.9488 4
      vertex -11.6226 -25.9488 0
    endloop
  endfacet
  facet normal -0.992751 -0.120191 0
    outer loop
      vertex -11.6051 -26.0939 0
      vertex -11.6051 -26.0939 4
      vertex -11.6226 -25.9488 4
    endloop
  endfacet
  facet normal -0.989711 -0.143081 0
    outer loop
      vertex -11.578 -26.2811 0
      vertex -11.6051 -26.0939 4
      vertex -11.6051 -26.0939 0
    endloop
  endfacet
  facet normal -0.989711 -0.143081 0
    outer loop
      vertex -11.578 -26.2811 0
      vertex -11.578 -26.2811 4
      vertex -11.6051 -26.0939 4
    endloop
  endfacet
  facet normal -0.30899 -0.951065 0
    outer loop
      vertex -11.054 -26.4514 0
      vertex -11.578 -26.2811 4
      vertex -11.578 -26.2811 0
    endloop
  endfacet
  facet normal -0.30899 -0.951065 0
    outer loop
      vertex -11.054 -26.4514 0
      vertex -11.054 -26.4514 4
      vertex -11.578 -26.2811 4
    endloop
  endfacet
  facet normal 0.713785 -0.700365 0
    outer loop
      vertex -10.925 -26.3199 0
      vertex -11.054 -26.4514 4
      vertex -11.054 -26.4514 0
    endloop
  endfacet
  facet normal 0.713785 -0.700365 0
    outer loop
      vertex -10.925 -26.3199 0
      vertex -10.925 -26.3199 4
      vertex -11.054 -26.4514 4
    endloop
  endfacet
  facet normal 0.730385 -0.683035 0
    outer loop
      vertex -10.8235 -26.2114 0
      vertex -10.925 -26.3199 4
      vertex -10.925 -26.3199 0
    endloop
  endfacet
  facet normal 0.730385 -0.683035 0
    outer loop
      vertex -10.8235 -26.2114 0
      vertex -10.8235 -26.2114 4
      vertex -10.925 -26.3199 4
    endloop
  endfacet
  facet normal 0.744419 -0.667713 0
    outer loop
      vertex -10.7286 -26.1055 0
      vertex -10.8235 -26.2114 4
      vertex -10.8235 -26.2114 0
    endloop
  endfacet
  facet normal 0.744419 -0.667713 0
    outer loop
      vertex -10.7286 -26.1055 0
      vertex -10.7286 -26.1055 4
      vertex -10.8235 -26.2114 4
    endloop
  endfacet
  facet normal 0.75794 -0.652324 0
    outer loop
      vertex -10.6399 -26.0024 0
      vertex -10.7286 -26.1055 4
      vertex -10.7286 -26.1055 0
    endloop
  endfacet
  facet normal 0.75794 -0.652324 0
    outer loop
      vertex -10.6399 -26.0024 0
      vertex -10.6399 -26.0024 4
      vertex -10.7286 -26.1055 4
    endloop
  endfacet
  facet normal 0.771193 -0.636602 0
    outer loop
      vertex -10.5573 -25.9024 0
      vertex -10.6399 -26.0024 4
      vertex -10.6399 -26.0024 0
    endloop
  endfacet
  facet normal 0.771193 -0.636602 0
    outer loop
      vertex -10.5573 -25.9024 0
      vertex -10.5573 -25.9024 4
      vertex -10.6399 -26.0024 4
    endloop
  endfacet
  facet normal 0.783921 -0.620861 0
    outer loop
      vertex -10.4806 -25.8056 0
      vertex -10.5573 -25.9024 4
      vertex -10.5573 -25.9024 0
    endloop
  endfacet
  facet normal 0.783921 -0.620861 0
    outer loop
      vertex -10.4806 -25.8056 0
      vertex -10.4806 -25.8056 4
      vertex -10.5573 -25.9024 4
    endloop
  endfacet
  facet normal 0.796305 -0.604895 0
    outer loop
      vertex -10.4096 -25.7121 0
      vertex -10.4806 -25.8056 4
      vertex -10.4806 -25.8056 0
    endloop
  endfacet
  facet normal 0.796305 -0.604895 0
    outer loop
      vertex -10.4096 -25.7121 0
      vertex -10.4096 -25.7121 4
      vertex -10.4806 -25.8056 4
    endloop
  endfacet
  facet normal 0.808191 -0.588921 0
    outer loop
      vertex -10.344 -25.622 0
      vertex -10.4096 -25.7121 4
      vertex -10.4096 -25.7121 0
    endloop
  endfacet
  facet normal 0.808191 -0.588921 0
    outer loop
      vertex -10.344 -25.622 0
      vertex -10.344 -25.622 4
      vertex -10.4096 -25.7121 4
    endloop
  endfacet
  facet normal 0.819768 -0.572695 0
    outer loop
      vertex -10.2836 -25.5356 0
      vertex -10.344 -25.622 4
      vertex -10.344 -25.622 0
    endloop
  endfacet
  facet normal 0.819768 -0.572695 0
    outer loop
      vertex -10.2836 -25.5356 0
      vertex -10.2836 -25.5356 4
      vertex -10.344 -25.622 4
    endloop
  endfacet
  facet normal 0.836125 -0.548539 0
    outer loop
      vertex -10.1774 -25.3736 0
      vertex -10.2836 -25.5356 4
      vertex -10.2836 -25.5356 0
    endloop
  endfacet
  facet normal 0.836125 -0.548539 0
    outer loop
      vertex -10.1774 -25.3736 0
      vertex -10.1774 -25.3736 4
      vertex -10.2836 -25.5356 4
    endloop
  endfacet
  facet normal 0.856644 -0.515909 0
    outer loop
      vertex -10.0889 -25.2268 0
      vertex -10.1774 -25.3736 4
      vertex -10.1774 -25.3736 0
    endloop
  endfacet
  facet normal 0.856644 -0.515909 0
    outer loop
      vertex -10.0889 -25.2268 0
      vertex -10.0889 -25.2268 4
      vertex -10.1774 -25.3736 4
    endloop
  endfacet
  facet normal 0.875514 -0.483193 0
    outer loop
      vertex -10.0163 -25.0952 0
      vertex -10.0889 -25.2268 4
      vertex -10.0889 -25.2268 0
    endloop
  endfacet
  facet normal 0.875514 -0.483193 0
    outer loop
      vertex -10.0163 -25.0952 0
      vertex -10.0163 -25.0952 4
      vertex -10.0889 -25.2268 4
    endloop
  endfacet
  facet normal 0.892593 -0.450863 0
    outer loop
      vertex -9.95753 -24.9789 0
      vertex -10.0163 -25.0952 4
      vertex -10.0163 -25.0952 0
    endloop
  endfacet
  facet normal 0.892593 -0.450863 0
    outer loop
      vertex -9.95753 -24.9789 0
      vertex -9.95753 -24.9789 4
      vertex -10.0163 -25.0952 4
    endloop
  endfacet
  facet normal 0.900861 -0.434108 0
    outer loop
      vertex -9.91046 -24.8812 0
      vertex -9.95753 -24.9789 4
      vertex -9.95753 -24.9789 0
    endloop
  endfacet
  facet normal 0.900861 -0.434108 0
    outer loop
      vertex -9.91046 -24.8812 0
      vertex -9.91046 -24.8812 4
      vertex -9.95753 -24.9789 4
    endloop
  endfacet
  facet normal 0.967594 -0.252512 0
    outer loop
      vertex -9.8237 -24.5487 0
      vertex -9.91046 -24.8812 4
      vertex -9.91046 -24.8812 0
    endloop
  endfacet
  facet normal 0.967594 -0.252512 0
    outer loop
      vertex -9.8237 -24.5487 0
      vertex -9.8237 -24.5487 4
      vertex -9.91046 -24.8812 4
    endloop
  endfacet
  facet normal 0.504996 -0.863121 0
    outer loop
      vertex -9.69933 -24.476 0
      vertex -9.8237 -24.5487 4
      vertex -9.8237 -24.5487 0
    endloop
  endfacet
  facet normal 0.504996 -0.863121 0
    outer loop
      vertex -9.69933 -24.476 0
      vertex -9.69933 -24.476 4
      vertex -9.8237 -24.5487 4
    endloop
  endfacet
  facet normal 0.929748 -0.368197 0
    outer loop
      vertex -9.69659 -24.4691 0
      vertex -9.69933 -24.476 4
      vertex -9.69933 -24.476 0
    endloop
  endfacet
  facet normal 0.929748 -0.368197 0
    outer loop
      vertex -9.69659 -24.4691 0
      vertex -9.69659 -24.4691 4
      vertex -9.69933 -24.476 4
    endloop
  endfacet
  facet normal -0.203934 -0.978985 0
    outer loop
      vertex -8.67227 -24.6824 0
      vertex -9.69659 -24.4691 4
      vertex -9.69659 -24.4691 0
    endloop
  endfacet
  facet normal -0.203934 -0.978985 0
    outer loop
      vertex -8.67227 -24.6824 0
      vertex -8.67227 -24.6824 4
      vertex -9.69659 -24.4691 4
    endloop
  endfacet
  facet normal -0.943391 0.331682 0
    outer loop
      vertex -8.67786 -24.6983 0
      vertex -8.67227 -24.6824 4
      vertex -8.67227 -24.6824 0
    endloop
  endfacet
  facet normal -0.943391 0.331682 0
    outer loop
      vertex -8.67786 -24.6983 0
      vertex -8.67786 -24.6983 4
      vertex -8.67227 -24.6824 4
    endloop
  endfacet
  facet normal -0.818585 -0.574386 0
    outer loop
      vertex -8.59509 -24.8163 0
      vertex -8.67786 -24.6983 4
      vertex -8.67786 -24.6983 0
    endloop
  endfacet
  facet normal -0.818585 -0.574386 0
    outer loop
      vertex -8.59509 -24.8163 0
      vertex -8.59509 -24.8163 4
      vertex -8.67786 -24.6983 4
    endloop
  endfacet
  facet normal -0.985129 0.171817 0
    outer loop
      vertex -8.65666 -25.1693 0
      vertex -8.59509 -24.8163 4
      vertex -8.59509 -24.8163 0
    endloop
  endfacet
  facet normal -0.985129 0.171817 0
    outer loop
      vertex -8.65666 -25.1693 0
      vertex -8.65666 -25.1693 4
      vertex -8.59509 -24.8163 4
    endloop
  endfacet
  facet normal -0.99987 -0.0161388 0
    outer loop
      vertex -8.65399 -25.3347 0
      vertex -8.65666 -25.1693 4
      vertex -8.65666 -25.1693 0
    endloop
  endfacet
  facet normal -0.99987 -0.0161388 0
    outer loop
      vertex -8.65399 -25.3347 0
      vertex -8.65399 -25.3347 4
      vertex -8.65666 -25.1693 4
    endloop
  endfacet
  facet normal -0.99856 -0.0536478 0
    outer loop
      vertex -8.64685 -25.4677 0
      vertex -8.65399 -25.3347 4
      vertex -8.65399 -25.3347 0
    endloop
  endfacet
  facet normal -0.99856 -0.0536478 0
    outer loop
      vertex -8.64685 -25.4677 0
      vertex -8.64685 -25.4677 4
      vertex -8.65399 -25.3347 4
    endloop
  endfacet
  facet normal -0.995632 -0.0933646 0
    outer loop
      vertex -8.6321 -25.625 0
      vertex -8.64685 -25.4677 4
      vertex -8.64685 -25.4677 0
    endloop
  endfacet
  facet normal -0.995632 -0.0933646 0
    outer loop
      vertex -8.6321 -25.625 0
      vertex -8.6321 -25.625 4
      vertex -8.64685 -25.4677 4
    endloop
  endfacet
  facet normal -0.991254 -0.131966 0
    outer loop
      vertex -8.60805 -25.8056 0
      vertex -8.6321 -25.625 4
      vertex -8.6321 -25.625 0
    endloop
  endfacet
  facet normal -0.991254 -0.131966 0
    outer loop
      vertex -8.60805 -25.8056 0
      vertex -8.60805 -25.8056 4
      vertex -8.6321 -25.625 4
    endloop
  endfacet
  facet normal -0.985482 -0.169778 0
    outer loop
      vertex -8.57315 -26.0082 0
      vertex -8.60805 -25.8056 4
      vertex -8.60805 -25.8056 0
    endloop
  endfacet
  facet normal -0.985482 -0.169778 0
    outer loop
      vertex -8.57315 -26.0082 0
      vertex -8.57315 -26.0082 4
      vertex -8.60805 -25.8056 4
    endloop
  endfacet
  facet normal -0.98039 -0.197066 0
    outer loop
      vertex -8.55124 -26.1172 0
      vertex -8.57315 -26.0082 4
      vertex -8.57315 -26.0082 0
    endloop
  endfacet
  facet normal -0.98039 -0.197066 0
    outer loop
      vertex -8.55124 -26.1172 0
      vertex -8.55124 -26.1172 4
      vertex -8.57315 -26.0082 4
    endloop
  endfacet
  facet normal -0.976564 -0.215226 0
    outer loop
      vertex -8.52614 -26.2311 0
      vertex -8.55124 -26.1172 4
      vertex -8.55124 -26.1172 0
    endloop
  endfacet
  facet normal -0.976564 -0.215226 0
    outer loop
      vertex -8.52614 -26.2311 0
      vertex -8.52614 -26.2311 4
      vertex -8.55124 -26.1172 4
    endloop
  endfacet
  facet normal -0.972495 -0.232923 0
    outer loop
      vertex -8.49774 -26.3497 0
      vertex -8.52614 -26.2311 4
      vertex -8.52614 -26.2311 0
    endloop
  endfacet
  facet normal -0.972495 -0.232923 0
    outer loop
      vertex -8.49774 -26.3497 0
      vertex -8.49774 -26.3497 4
      vertex -8.52614 -26.2311 4
    endloop
  endfacet
  facet normal -0.968132 -0.250441 0
    outer loop
      vertex -8.46593 -26.4726 0
      vertex -8.49774 -26.3497 4
      vertex -8.49774 -26.3497 0
    endloop
  endfacet
  facet normal -0.968132 -0.250441 0
    outer loop
      vertex -8.46593 -26.4726 0
      vertex -8.46593 -26.4726 4
      vertex -8.49774 -26.3497 4
    endloop
  endfacet
  facet normal -0.963551 -0.267525 0
    outer loop
      vertex -8.4306 -26.5999 0
      vertex -8.46593 -26.4726 4
      vertex -8.46593 -26.4726 0
    endloop
  endfacet
  facet normal -0.963551 -0.267525 0
    outer loop
      vertex -8.4306 -26.5999 0
      vertex -8.4306 -26.5999 4
      vertex -8.46593 -26.4726 4
    endloop
  endfacet
  facet normal -0.958693 -0.284441 0
    outer loop
      vertex -8.39168 -26.7311 0
      vertex -8.4306 -26.5999 4
      vertex -8.4306 -26.5999 0
    endloop
  endfacet
  facet normal -0.958693 -0.284441 0
    outer loop
      vertex -8.39168 -26.7311 0
      vertex -8.39168 -26.7311 4
      vertex -8.4306 -26.5999 4
    endloop
  endfacet
  facet normal -0.95368 -0.300822 0
    outer loop
      vertex -8.34911 -26.866 0
      vertex -8.39168 -26.7311 4
      vertex -8.39168 -26.7311 0
    endloop
  endfacet
  facet normal -0.95368 -0.300822 0
    outer loop
      vertex -8.34911 -26.866 0
      vertex -8.34911 -26.866 4
      vertex -8.39168 -26.7311 4
    endloop
  endfacet
  facet normal -0.946763 -0.321931 0
    outer loop
      vertex -8.28044 -27.068 0
      vertex -8.34911 -26.866 4
      vertex -8.34911 -26.866 0
    endloop
  endfacet
  facet normal -0.946763 -0.321931 0
    outer loop
      vertex -8.28044 -27.068 0
      vertex -8.28044 -27.068 4
      vertex -8.34911 -26.866 4
    endloop
  endfacet
  facet normal -0.103098 -0.994671 0
    outer loop
      vertex -7.72824 -27.1252 0
      vertex -8.28044 -27.068 4
      vertex -8.28044 -27.068 0
    endloop
  endfacet
  facet normal -0.103098 -0.994671 0
    outer loop
      vertex -7.72824 -27.1252 0
      vertex -7.72824 -27.1252 4
      vertex -8.28044 -27.068 4
    endloop
  endfacet
  facet normal 0.840232 -0.542227 0
    outer loop
      vertex -7.62241 -26.9612 0
      vertex -7.72824 -27.1252 4
      vertex -7.72824 -27.1252 0
    endloop
  endfacet
  facet normal 0.840232 -0.542227 0
    outer loop
      vertex -7.62241 -26.9612 0
      vertex -7.62241 -26.9612 4
      vertex -7.72824 -27.1252 4
    endloop
  endfacet
  facet normal 0.85288 -0.522107 0
    outer loop
      vertex -7.54642 -26.8371 0
      vertex -7.62241 -26.9612 4
      vertex -7.62241 -26.9612 0
    endloop
  endfacet
  facet normal 0.85288 -0.522107 0
    outer loop
      vertex -7.54642 -26.8371 0
      vertex -7.54642 -26.8371 4
      vertex -7.62241 -26.9612 4
    endloop
  endfacet
  facet normal 0.862642 -0.505815 0
    outer loop
      vertex -7.47586 -26.7167 0
      vertex -7.54642 -26.8371 4
      vertex -7.54642 -26.8371 0
    endloop
  endfacet
  facet normal 0.862642 -0.505815 0
    outer loop
      vertex -7.47586 -26.7167 0
      vertex -7.47586 -26.7167 4
      vertex -7.54642 -26.8371 4
    endloop
  endfacet
  facet normal 0.871987 -0.489529 0
    outer loop
      vertex -7.41049 -26.6003 0
      vertex -7.47586 -26.7167 4
      vertex -7.47586 -26.7167 0
    endloop
  endfacet
  facet normal 0.871987 -0.489529 0
    outer loop
      vertex -7.41049 -26.6003 0
      vertex -7.41049 -26.6003 4
      vertex -7.47586 -26.7167 4
    endloop
  endfacet
  facet normal 0.880977 -0.473159 0
    outer loop
      vertex -7.35005 -26.4878 0
      vertex -7.41049 -26.6003 4
      vertex -7.41049 -26.6003 0
    endloop
  endfacet
  facet normal 0.880977 -0.473159 0
    outer loop
      vertex -7.35005 -26.4878 0
      vertex -7.35005 -26.4878 4
      vertex -7.41049 -26.6003 4
    endloop
  endfacet
  facet normal 0.889472 -0.456989 0
    outer loop
      vertex -7.29428 -26.3792 0
      vertex -7.35005 -26.4878 4
      vertex -7.35005 -26.4878 0
    endloop
  endfacet
  facet normal 0.889472 -0.456989 0
    outer loop
      vertex -7.29428 -26.3792 0
      vertex -7.29428 -26.3792 4
      vertex -7.35005 -26.4878 4
    endloop
  endfacet
  facet normal 0.897601 -0.440809 0
    outer loop
      vertex -7.24294 -26.2747 0
      vertex -7.29428 -26.3792 4
      vertex -7.29428 -26.3792 0
    endloop
  endfacet
  facet normal 0.897601 -0.440809 0
    outer loop
      vertex -7.24294 -26.2747 0
      vertex -7.24294 -26.2747 4
      vertex -7.29428 -26.3792 4
    endloop
  endfacet
  facet normal 0.909 -0.416795 0
    outer loop
      vertex -7.15253 -26.0775 0
      vertex -7.24294 -26.2747 4
      vertex -7.24294 -26.2747 0
    endloop
  endfacet
  facet normal 0.909 -0.416795 0
    outer loop
      vertex -7.15253 -26.0775 0
      vertex -7.15253 -26.0775 4
      vertex -7.24294 -26.2747 4
    endloop
  endfacet
  facet normal 0.922953 -0.384913 0
    outer loop
      vertex -7.07689 -25.8961 0
      vertex -7.15253 -26.0775 4
      vertex -7.15253 -26.0775 0
    endloop
  endfacet
  facet normal 0.922953 -0.384913 0
    outer loop
      vertex -7.07689 -25.8961 0
      vertex -7.07689 -25.8961 4
      vertex -7.15253 -26.0775 4
    endloop
  endfacet
  facet normal 0.935414 -0.353554 0
    outer loop
      vertex -7.01418 -25.7302 0
      vertex -7.07689 -25.8961 4
      vertex -7.07689 -25.8961 0
    endloop
  endfacet
  facet normal 0.935414 -0.353554 0
    outer loop
      vertex -7.01418 -25.7302 0
      vertex -7.01418 -25.7302 4
      vertex -7.07689 -25.8961 4
    endloop
  endfacet
  facet normal 0.946461 -0.322818 0
    outer loop
      vertex -6.96266 -25.5792 0
      vertex -7.01418 -25.7302 4
      vertex -7.01418 -25.7302 0
    endloop
  endfacet
  facet normal 0.946461 -0.322818 0
    outer loop
      vertex -6.96266 -25.5792 0
      vertex -6.96266 -25.5792 4
      vertex -7.01418 -25.7302 4
    endloop
  endfacet
  facet normal 0.958063 -0.286558 0
    outer loop
      vertex -6.89058 -25.3382 0
      vertex -6.96266 -25.5792 4
      vertex -6.96266 -25.5792 0
    endloop
  endfacet
  facet normal 0.958063 -0.286558 0
    outer loop
      vertex -6.89058 -25.3382 0
      vertex -6.89058 -25.3382 4
      vertex -6.96266 -25.5792 4
    endloop
  endfacet
  facet normal 0.997849 -0.06555 0
    outer loop
      vertex -6.86989 -25.0232 0
      vertex -6.89058 -25.3382 4
      vertex -6.89058 -25.3382 0
    endloop
  endfacet
  facet normal 0.997849 -0.06555 0
    outer loop
      vertex -6.86989 -25.0232 0
      vertex -6.86989 -25.0232 4
      vertex -6.89058 -25.3382 4
    endloop
  endfacet
  facet normal 0.658355 -0.752708 0
    outer loop
      vertex -6.76143 -24.9283 0
      vertex -6.86989 -25.0232 4
      vertex -6.86989 -25.0232 0
    endloop
  endfacet
  facet normal 0.658355 -0.752708 0
    outer loop
      vertex -6.76143 -24.9283 0
      vertex -6.76143 -24.9283 4
      vertex -6.86989 -25.0232 4
    endloop
  endfacet
  facet normal 0.964764 -0.263117 0
    outer loop
      vertex -6.7601 -24.9235 0
      vertex -6.76143 -24.9283 4
      vertex -6.76143 -24.9283 0
    endloop
  endfacet
  facet normal 0.964764 -0.263117 0
    outer loop
      vertex -6.7601 -24.9235 0
      vertex -6.7601 -24.9235 4
      vertex -6.76143 -24.9283 4
    endloop
  endfacet
  facet normal -0.102991 -0.994682 0
    outer loop
      vertex -6.65886 -24.9339 0
      vertex -6.7601 -24.9235 4
      vertex -6.7601 -24.9235 0
    endloop
  endfacet
  facet normal -0.102991 -0.994682 0
    outer loop
      vertex -6.65886 -24.9339 0
      vertex -6.65886 -24.9339 4
      vertex -6.7601 -24.9235 4
    endloop
  endfacet
  facet normal -0.00894243 -0.99996 0
    outer loop
      vertex -5.72894 -24.9423 0
      vertex -6.65886 -24.9339 4
      vertex -6.65886 -24.9339 0
    endloop
  endfacet
  facet normal -0.00894243 -0.99996 0
    outer loop
      vertex -5.72894 -24.9423 0
      vertex -5.72894 -24.9423 4
      vertex -6.65886 -24.9339 4
    endloop
  endfacet
  facet normal -0.974642 0.22377 0
    outer loop
      vertex -5.73306 -24.9602 0
      vertex -5.72894 -24.9423 4
      vertex -5.72894 -24.9423 0
    endloop
  endfacet
  facet normal -0.974642 0.22377 0
    outer loop
      vertex -5.73306 -24.9602 0
      vertex -5.73306 -24.9602 4
      vertex -5.72894 -24.9423 4
    endloop
  endfacet
  facet normal -0.704508 -0.709696 0
    outer loop
      vertex -5.6308 -25.0617 0
      vertex -5.73306 -24.9602 4
      vertex -5.73306 -24.9602 0
    endloop
  endfacet
  facet normal -0.704508 -0.709696 0
    outer loop
      vertex -5.6308 -25.0617 0
      vertex -5.6308 -25.0617 4
      vertex -5.73306 -24.9602 4
    endloop
  endfacet
  facet normal -0.999989 -0.00473756 0
    outer loop
      vertex -5.62921 -25.3967 0
      vertex -5.6308 -25.0617 4
      vertex -5.6308 -25.0617 0
    endloop
  endfacet
  facet normal -0.999989 -0.00473756 0
    outer loop
      vertex -5.62921 -25.3967 0
      vertex -5.62921 -25.3967 4
      vertex -5.6308 -25.0617 4
    endloop
  endfacet
  facet normal -0.977445 -0.211192 0
    outer loop
      vertex -5.59322 -25.5633 0
      vertex -5.62921 -25.3967 4
      vertex -5.62921 -25.3967 0
    endloop
  endfacet
  facet normal -0.977445 -0.211192 0
    outer loop
      vertex -5.59322 -25.5633 0
      vertex -5.59322 -25.5633 4
      vertex -5.62921 -25.3967 4
    endloop
  endfacet
  facet normal -0.969832 -0.243775 0
    outer loop
      vertex -5.55862 -25.7009 0
      vertex -5.59322 -25.5633 4
      vertex -5.59322 -25.5633 0
    endloop
  endfacet
  facet normal -0.969832 -0.243775 0
    outer loop
      vertex -5.55862 -25.7009 0
      vertex -5.55862 -25.7009 4
      vertex -5.59322 -25.5633 4
    endloop
  endfacet
  facet normal -0.960571 -0.278033 0
    outer loop
      vertex -5.5128 -25.8592 0
      vertex -5.55862 -25.7009 4
      vertex -5.55862 -25.7009 0
    endloop
  endfacet
  facet normal -0.960571 -0.278033 0
    outer loop
      vertex -5.5128 -25.8592 0
      vertex -5.5128 -25.8592 4
      vertex -5.55862 -25.7009 4
    endloop
  endfacet
  facet normal -0.950492 -0.31075 0
    outer loop
      vertex -5.45483 -26.0365 0
      vertex -5.5128 -25.8592 4
      vertex -5.5128 -25.8592 0
    endloop
  endfacet
  facet normal -0.950492 -0.31075 0
    outer loop
      vertex -5.45483 -26.0365 0
      vertex -5.45483 -26.0365 4
      vertex -5.5128 -25.8592 4
    endloop
  endfacet
  facet normal -0.93966 -0.34211 0
    outer loop
      vertex -5.384 -26.2311 0
      vertex -5.45483 -26.0365 4
      vertex -5.45483 -26.0365 0
    endloop
  endfacet
  facet normal -0.93966 -0.34211 0
    outer loop
      vertex -5.384 -26.2311 0
      vertex -5.384 -26.2311 4
      vertex -5.45483 -26.0365 4
    endloop
  endfacet
  facet normal -0.928183 -0.372123 0
    outer loop
      vertex -5.29982 -26.441 0
      vertex -5.384 -26.2311 4
      vertex -5.384 -26.2311 0
    endloop
  endfacet
  facet normal -0.928183 -0.372123 0
    outer loop
      vertex -5.29982 -26.441 0
      vertex -5.29982 -26.441 4
      vertex -5.384 -26.2311 4
    endloop
  endfacet
  facet normal -0.916144 -0.400848 0
    outer loop
      vertex -5.20197 -26.6647 0
      vertex -5.29982 -26.441 4
      vertex -5.29982 -26.441 0
    endloop
  endfacet
  facet normal -0.916144 -0.400848 0
    outer loop
      vertex -5.20197 -26.6647 0
      vertex -5.20197 -26.6647 4
      vertex -5.29982 -26.441 4
    endloop
  endfacet
  facet normal -0.903653 -0.428265 0
    outer loop
      vertex -5.09033 -26.9002 0
      vertex -5.20197 -26.6647 4
      vertex -5.20197 -26.6647 0
    endloop
  endfacet
  facet normal -0.903653 -0.428265 0
    outer loop
      vertex -5.09033 -26.9002 0
      vertex -5.09033 -26.9002 4
      vertex -5.20197 -26.6647 4
    endloop
  endfacet
  facet normal -0.890983 -0.454038 0
    outer loop
      vertex -4.96509 -27.146 0
      vertex -5.09033 -26.9002 4
      vertex -5.09033 -26.9002 0
    endloop
  endfacet
  facet normal -0.890983 -0.454038 0
    outer loop
      vertex -4.96509 -27.146 0
      vertex -4.96509 -27.146 4
      vertex -5.09033 -26.9002 4
    endloop
  endfacet
  facet normal -0.87809 -0.478496 0
    outer loop
      vertex -4.91623 -27.2357 0
      vertex -4.96509 -27.146 4
      vertex -4.96509 -27.146 0
    endloop
  endfacet
  facet normal -0.87809 -0.478496 0
    outer loop
      vertex -4.91623 -27.2357 0
      vertex -4.91623 -27.2357 4
      vertex -4.96509 -27.146 4
    endloop
  endfacet
  facet normal 0.0764797 -0.997071 0
    outer loop
      vertex -4.35823 -27.1929 0
      vertex -4.91623 -27.2357 4
      vertex -4.91623 -27.2357 0
    endloop
  endfacet
  facet normal 0.0764797 -0.997071 0
    outer loop
      vertex -4.35823 -27.1929 0
      vertex -4.35823 -27.1929 4
      vertex -4.91623 -27.2357 4
    endloop
  endfacet
  facet normal 0.15645 0.987686 -0
    outer loop
      vertex -0.363831 -1.71175 0
      vertex -0.363831 -1.71175 4
      vertex -0.182922 -1.7404 0
    endloop
  endfacet
  facet normal 0.15645 0.987686 0
    outer loop
      vertex -0.182922 -1.7404 4
      vertex -0.182922 -1.7404 0
      vertex -0.363831 -1.71175 4
    endloop
  endfacet
  facet normal 0.258808 0.965929 -0
    outer loop
      vertex -0.540771 -1.66434 0
      vertex -0.540771 -1.66434 4
      vertex -0.363831 -1.71175 0
    endloop
  endfacet
  facet normal 0.258808 0.965929 0
    outer loop
      vertex -0.363831 -1.71175 4
      vertex -0.363831 -1.71175 0
      vertex -0.540771 -1.66434 4
    endloop
  endfacet
  facet normal 0.358371 0.933579 -0
    outer loop
      vertex -0.711777 -1.59869 0
      vertex -0.711777 -1.59869 4
      vertex -0.540771 -1.66434 0
    endloop
  endfacet
  facet normal 0.358371 0.933579 0
    outer loop
      vertex -0.540771 -1.66434 4
      vertex -0.540771 -1.66434 0
      vertex -0.711777 -1.59869 4
    endloop
  endfacet
  facet normal 0.453964 0.89102 -0
    outer loop
      vertex -0.875 -1.51553 0
      vertex -0.875 -1.51553 4
      vertex -0.711777 -1.59869 0
    endloop
  endfacet
  facet normal 0.453964 0.89102 0
    outer loop
      vertex -0.711777 -1.59869 4
      vertex -0.711777 -1.59869 0
      vertex -0.875 -1.51553 4
    endloop
  endfacet
  facet normal 0.544663 0.838655 -0
    outer loop
      vertex -1.02861 -1.41577 0
      vertex -1.02861 -1.41577 4
      vertex -0.875 -1.51553 0
    endloop
  endfacet
  facet normal 0.544663 0.838655 0
    outer loop
      vertex -0.875 -1.51553 4
      vertex -0.875 -1.51553 0
      vertex -1.02861 -1.41577 4
    endloop
  endfacet
  facet normal 0.629306 0.777158 -0
    outer loop
      vertex -1.17097 -1.30049 0
      vertex -1.17097 -1.30049 4
      vertex -1.02861 -1.41577 0
    endloop
  endfacet
  facet normal 0.629306 0.777158 0
    outer loop
      vertex -1.02861 -1.41577 4
      vertex -1.02861 -1.41577 0
      vertex -1.17097 -1.30049 4
    endloop
  endfacet
  facet normal 0.707107 0.707107 -0
    outer loop
      vertex -1.30049 -1.17097 0
      vertex -1.30049 -1.17097 4
      vertex -1.17097 -1.30049 0
    endloop
  endfacet
  facet normal 0.707107 0.707107 0
    outer loop
      vertex -1.17097 -1.30049 4
      vertex -1.17097 -1.30049 0
      vertex -1.30049 -1.17097 4
    endloop
  endfacet
  facet normal 0.777158 0.629306 -0
    outer loop
      vertex -1.41577 -1.02861 0
      vertex -1.41577 -1.02861 4
      vertex -1.30049 -1.17097 0
    endloop
  endfacet
  facet normal 0.777158 0.629306 0
    outer loop
      vertex -1.30049 -1.17097 4
      vertex -1.30049 -1.17097 0
      vertex -1.41577 -1.02861 4
    endloop
  endfacet
  facet normal 0.83868 0.544625 -0
    outer loop
      vertex -1.51553 -0.874985 0
      vertex -1.51553 -0.874985 4
      vertex -1.41577 -1.02861 0
    endloop
  endfacet
  facet normal 0.83868 0.544625 0
    outer loop
      vertex -1.41577 -1.02861 4
      vertex -1.41577 -1.02861 0
      vertex -1.51553 -0.874985 4
    endloop
  endfacet
  facet normal 0.891003 0.453998 -0
    outer loop
      vertex -1.59869 -0.711777 0
      vertex -1.59869 -0.711777 4
      vertex -1.51553 -0.874985 0
    endloop
  endfacet
  facet normal 0.891003 0.453998 0
    outer loop
      vertex -1.51553 -0.874985 4
      vertex -1.51553 -0.874985 0
      vertex -1.59869 -0.711777 4
    endloop
  endfacet
  facet normal 0.933579 0.358371 -0
    outer loop
      vertex -1.66434 -0.540771 0
      vertex -1.66434 -0.540771 4
      vertex -1.59869 -0.711777 0
    endloop
  endfacet
  facet normal 0.933579 0.358371 0
    outer loop
      vertex -1.59869 -0.711777 4
      vertex -1.59869 -0.711777 0
      vertex -1.66434 -0.540771 4
    endloop
  endfacet
  facet normal 0.965929 0.258808 -0
    outer loop
      vertex -1.71175 -0.363831 0
      vertex -1.71175 -0.363831 4
      vertex -1.66434 -0.540771 0
    endloop
  endfacet
  facet normal 0.965929 0.258808 0
    outer loop
      vertex -1.66434 -0.540771 4
      vertex -1.66434 -0.540771 0
      vertex -1.71175 -0.363831 4
    endloop
  endfacet
  facet normal 0.987686 0.15645 -0
    outer loop
      vertex -1.7404 -0.182922 0
      vertex -1.7404 -0.182922 4
      vertex -1.71175 -0.363831 0
    endloop
  endfacet
  facet normal 0.987686 0.15645 0
    outer loop
      vertex -1.71175 -0.363831 4
      vertex -1.71175 -0.363831 0
      vertex -1.7404 -0.182922 4
    endloop
  endfacet
  facet normal 0.998626 0.0523971 -0
    outer loop
      vertex -1.75 0 0
      vertex -1.75 0 4
      vertex -1.7404 -0.182922 0
    endloop
  endfacet
  facet normal 0.998626 0.0523971 0
    outer loop
      vertex -1.7404 -0.182922 4
      vertex -1.7404 -0.182922 0
      vertex -1.75 0 4
    endloop
  endfacet
  facet normal 0.998626 -0.0523971 0
    outer loop
      vertex -1.7404 0.182922 0
      vertex -1.7404 0.182922 4
      vertex -1.75 0 0
    endloop
  endfacet
  facet normal 0.998626 -0.0523971 0
    outer loop
      vertex -1.75 0 4
      vertex -1.75 0 0
      vertex -1.7404 0.182922 4
    endloop
  endfacet
  facet normal 0.987686 -0.15645 0
    outer loop
      vertex -1.71175 0.363831 0
      vertex -1.71175 0.363831 4
      vertex -1.7404 0.182922 0
    endloop
  endfacet
  facet normal 0.987686 -0.15645 0
    outer loop
      vertex -1.7404 0.182922 4
      vertex -1.7404 0.182922 0
      vertex -1.71175 0.363831 4
    endloop
  endfacet
  facet normal 0.965929 -0.258808 0
    outer loop
      vertex -1.66434 0.540771 0
      vertex -1.66434 0.540771 4
      vertex -1.71175 0.363831 0
    endloop
  endfacet
  facet normal 0.965929 -0.258808 0
    outer loop
      vertex -1.71175 0.363831 4
      vertex -1.71175 0.363831 0
      vertex -1.66434 0.540771 4
    endloop
  endfacet
  facet normal 0.933579 -0.358371 0
    outer loop
      vertex -1.59869 0.711777 0
      vertex -1.59869 0.711777 4
      vertex -1.66434 0.540771 0
    endloop
  endfacet
  facet normal 0.933579 -0.358371 0
    outer loop
      vertex -1.66434 0.540771 4
      vertex -1.66434 0.540771 0
      vertex -1.59869 0.711777 4
    endloop
  endfacet
  facet normal 0.891003 -0.453998 0
    outer loop
      vertex -1.51553 0.874985 0
      vertex -1.51553 0.874985 4
      vertex -1.59869 0.711777 0
    endloop
  endfacet
  facet normal 0.891003 -0.453998 0
    outer loop
      vertex -1.59869 0.711777 4
      vertex -1.59869 0.711777 0
      vertex -1.51553 0.874985 4
    endloop
  endfacet
  facet normal 0.83868 -0.544625 0
    outer loop
      vertex -1.41577 1.02861 0
      vertex -1.41577 1.02861 4
      vertex -1.51553 0.874985 0
    endloop
  endfacet
  facet normal 0.83868 -0.544625 0
    outer loop
      vertex -1.51553 0.874985 4
      vertex -1.51553 0.874985 0
      vertex -1.41577 1.02861 4
    endloop
  endfacet
  facet normal 0.777158 -0.629306 0
    outer loop
      vertex -1.30049 1.17097 0
      vertex -1.30049 1.17097 4
      vertex -1.41577 1.02861 0
    endloop
  endfacet
  facet normal 0.777158 -0.629306 0
    outer loop
      vertex -1.41577 1.02861 4
      vertex -1.41577 1.02861 0
      vertex -1.30049 1.17097 4
    endloop
  endfacet
  facet normal 0.707107 -0.707107 0
    outer loop
      vertex -1.17097 1.30049 0
      vertex -1.17097 1.30049 4
      vertex -1.30049 1.17097 0
    endloop
  endfacet
  facet normal 0.707107 -0.707107 0
    outer loop
      vertex -1.30049 1.17097 4
      vertex -1.30049 1.17097 0
      vertex -1.17097 1.30049 4
    endloop
  endfacet
  facet normal 0.629306 -0.777158 0
    outer loop
      vertex -1.02861 1.41577 0
      vertex -1.02861 1.41577 4
      vertex -1.17097 1.30049 0
    endloop
  endfacet
  facet normal 0.629306 -0.777158 0
    outer loop
      vertex -1.17097 1.30049 4
      vertex -1.17097 1.30049 0
      vertex -1.02861 1.41577 4
    endloop
  endfacet
  facet normal 0.544625 -0.83868 0
    outer loop
      vertex -0.874985 1.51553 0
      vertex -0.874985 1.51553 4
      vertex -1.02861 1.41577 0
    endloop
  endfacet
  facet normal 0.544625 -0.83868 0
    outer loop
      vertex -1.02861 1.41577 4
      vertex -1.02861 1.41577 0
      vertex -0.874985 1.51553 4
    endloop
  endfacet
  facet normal 0.453998 -0.891003 0
    outer loop
      vertex -0.711777 1.59869 0
      vertex -0.711777 1.59869 4
      vertex -0.874985 1.51553 0
    endloop
  endfacet
  facet normal 0.453998 -0.891003 0
    outer loop
      vertex -0.874985 1.51553 4
      vertex -0.874985 1.51553 0
      vertex -0.711777 1.59869 4
    endloop
  endfacet
  facet normal 0.358371 -0.933579 0
    outer loop
      vertex -0.540771 1.66434 0
      vertex -0.540771 1.66434 4
      vertex -0.711777 1.59869 0
    endloop
  endfacet
  facet normal 0.358371 -0.933579 0
    outer loop
      vertex -0.711777 1.59869 4
      vertex -0.711777 1.59869 0
      vertex -0.540771 1.66434 4
    endloop
  endfacet
  facet normal 0.258808 -0.965929 0
    outer loop
      vertex -0.363831 1.71175 0
      vertex -0.363831 1.71175 4
      vertex -0.540771 1.66434 0
    endloop
  endfacet
  facet normal 0.258808 -0.965929 0
    outer loop
      vertex -0.540771 1.66434 4
      vertex -0.540771 1.66434 0
      vertex -0.363831 1.71175 4
    endloop
  endfacet
  facet normal 0.15645 -0.987686 0
    outer loop
      vertex -0.182922 1.7404 0
      vertex -0.182922 1.7404 4
      vertex -0.363831 1.71175 0
    endloop
  endfacet
  facet normal 0.15645 -0.987686 0
    outer loop
      vertex -0.363831 1.71175 4
      vertex -0.363831 1.71175 0
      vertex -0.182922 1.7404 4
    endloop
  endfacet
  facet normal 0.0523971 -0.998626 0
    outer loop
      vertex 0 1.75 0
      vertex 0 1.75 4
      vertex -0.182922 1.7404 0
    endloop
  endfacet
  facet normal 0.0523971 -0.998626 0
    outer loop
      vertex -0.182922 1.7404 4
      vertex -0.182922 1.7404 0
      vertex 0 1.75 4
    endloop
  endfacet
  facet normal -0.0523971 -0.998626 0
    outer loop
      vertex 0.182922 1.7404 0
      vertex 0.182922 1.7404 4
      vertex 0 1.75 0
    endloop
  endfacet
  facet normal -0.0523971 -0.998626 -0
    outer loop
      vertex 0 1.75 4
      vertex 0 1.75 0
      vertex 0.182922 1.7404 4
    endloop
  endfacet
  facet normal -0.15645 -0.987686 0
    outer loop
      vertex 0.363831 1.71175 0
      vertex 0.363831 1.71175 4
      vertex 0.182922 1.7404 0
    endloop
  endfacet
  facet normal -0.15645 -0.987686 -0
    outer loop
      vertex 0.182922 1.7404 4
      vertex 0.182922 1.7404 0
      vertex 0.363831 1.71175 4
    endloop
  endfacet
  facet normal -0.258808 -0.965929 0
    outer loop
      vertex 0.540771 1.66434 0
      vertex 0.540771 1.66434 4
      vertex 0.363831 1.71175 0
    endloop
  endfacet
  facet normal -0.258808 -0.965929 -0
    outer loop
      vertex 0.363831 1.71175 4
      vertex 0.363831 1.71175 0
      vertex 0.540771 1.66434 4
    endloop
  endfacet
  facet normal -0.358371 -0.933579 0
    outer loop
      vertex 0.711777 1.59869 0
      vertex 0.711777 1.59869 4
      vertex 0.540771 1.66434 0
    endloop
  endfacet
  facet normal -0.358371 -0.933579 -0
    outer loop
      vertex 0.540771 1.66434 4
      vertex 0.540771 1.66434 0
      vertex 0.711777 1.59869 4
    endloop
  endfacet
  facet normal -0.453964 -0.89102 0
    outer loop
      vertex 0.875 1.51553 0
      vertex 0.875 1.51553 4
      vertex 0.711777 1.59869 0
    endloop
  endfacet
  facet normal -0.453964 -0.89102 -0
    outer loop
      vertex 0.711777 1.59869 4
      vertex 0.711777 1.59869 0
      vertex 0.875 1.51553 4
    endloop
  endfacet
  facet normal -0.544663 -0.838655 0
    outer loop
      vertex 1.02861 1.41577 0
      vertex 1.02861 1.41577 4
      vertex 0.875 1.51553 0
    endloop
  endfacet
  facet normal -0.544663 -0.838655 -0
    outer loop
      vertex 0.875 1.51553 4
      vertex 0.875 1.51553 0
      vertex 1.02861 1.41577 4
    endloop
  endfacet
  facet normal -0.629306 -0.777158 0
    outer loop
      vertex 1.17097 1.30049 0
      vertex 1.17097 1.30049 4
      vertex 1.02861 1.41577 0
    endloop
  endfacet
  facet normal -0.629306 -0.777158 -0
    outer loop
      vertex 1.02861 1.41577 4
      vertex 1.02861 1.41577 0
      vertex 1.17097 1.30049 4
    endloop
  endfacet
  facet normal -0.707107 -0.707107 0
    outer loop
      vertex 1.30049 1.17097 0
      vertex 1.30049 1.17097 4
      vertex 1.17097 1.30049 0
    endloop
  endfacet
  facet normal -0.707107 -0.707107 -0
    outer loop
      vertex 1.17097 1.30049 4
      vertex 1.17097 1.30049 0
      vertex 1.30049 1.17097 4
    endloop
  endfacet
  facet normal -0.777158 -0.629306 0
    outer loop
      vertex 1.41577 1.02861 0
      vertex 1.41577 1.02861 4
      vertex 1.30049 1.17097 0
    endloop
  endfacet
  facet normal -0.777158 -0.629306 -0
    outer loop
      vertex 1.30049 1.17097 4
      vertex 1.30049 1.17097 0
      vertex 1.41577 1.02861 4
    endloop
  endfacet
  facet normal -0.83868 -0.544625 0
    outer loop
      vertex 1.51553 0.874985 0
      vertex 1.51553 0.874985 4
      vertex 1.41577 1.02861 0
    endloop
  endfacet
  facet normal -0.83868 -0.544625 -0
    outer loop
      vertex 1.41577 1.02861 4
      vertex 1.41577 1.02861 0
      vertex 1.51553 0.874985 4
    endloop
  endfacet
  facet normal -0.891003 -0.453998 0
    outer loop
      vertex 1.59869 0.711777 0
      vertex 1.59869 0.711777 4
      vertex 1.51553 0.874985 0
    endloop
  endfacet
  facet normal -0.891003 -0.453998 -0
    outer loop
      vertex 1.51553 0.874985 4
      vertex 1.51553 0.874985 0
      vertex 1.59869 0.711777 4
    endloop
  endfacet
  facet normal -0.933579 -0.358371 0
    outer loop
      vertex 1.66434 0.540771 0
      vertex 1.66434 0.540771 4
      vertex 1.59869 0.711777 0
    endloop
  endfacet
  facet normal -0.933579 -0.358371 -0
    outer loop
      vertex 1.59869 0.711777 4
      vertex 1.59869 0.711777 0
      vertex 1.66434 0.540771 4
    endloop
  endfacet
  facet normal -0.965929 -0.258808 0
    outer loop
      vertex 1.71175 0.363831 0
      vertex 1.71175 0.363831 4
      vertex 1.66434 0.540771 0
    endloop
  endfacet
  facet normal -0.965929 -0.258808 -0
    outer loop
      vertex 1.66434 0.540771 4
      vertex 1.66434 0.540771 0
      vertex 1.71175 0.363831 4
    endloop
  endfacet
  facet normal -0.987686 -0.15645 0
    outer loop
      vertex 1.7404 0.182922 0
      vertex 1.7404 0.182922 4
      vertex 1.71175 0.363831 0
    endloop
  endfacet
  facet normal -0.987686 -0.15645 -0
    outer loop
      vertex 1.71175 0.363831 4
      vertex 1.71175 0.363831 0
      vertex 1.7404 0.182922 4
    endloop
  endfacet
  facet normal -0.998626 -0.0523971 0
    outer loop
      vertex 1.75 0 0
      vertex 1.75 0 4
      vertex 1.7404 0.182922 0
    endloop
  endfacet
  facet normal -0.998626 -0.0523971 -0
    outer loop
      vertex 1.7404 0.182922 4
      vertex 1.7404 0.182922 0
      vertex 1.75 0 4
    endloop
  endfacet
  facet normal -0.998626 0.0523971 0
    outer loop
      vertex 1.7404 -0.182922 0
      vertex 1.7404 -0.182922 4
      vertex 1.75 0 0
    endloop
  endfacet
  facet normal -0.998626 0.0523971 0
    outer loop
      vertex 1.75 0 4
      vertex 1.75 0 0
      vertex 1.7404 -0.182922 4
    endloop
  endfacet
  facet normal -0.987686 0.15645 0
    outer loop
      vertex 1.71175 -0.363831 0
      vertex 1.71175 -0.363831 4
      vertex 1.7404 -0.182922 0
    endloop
  endfacet
  facet normal -0.987686 0.15645 0
    outer loop
      vertex 1.7404 -0.182922 4
      vertex 1.7404 -0.182922 0
      vertex 1.71175 -0.363831 4
    endloop
  endfacet
  facet normal -0.965929 0.258808 0
    outer loop
      vertex 1.66434 -0.540771 0
      vertex 1.66434 -0.540771 4
      vertex 1.71175 -0.363831 0
    endloop
  endfacet
  facet normal -0.965929 0.258808 0
    outer loop
      vertex 1.71175 -0.363831 4
      vertex 1.71175 -0.363831 0
      vertex 1.66434 -0.540771 4
    endloop
  endfacet
  facet normal -0.933579 0.358371 0
    outer loop
      vertex 1.59869 -0.711777 0
      vertex 1.59869 -0.711777 4
      vertex 1.66434 -0.540771 0
    endloop
  endfacet
  facet normal -0.933579 0.358371 0
    outer loop
      vertex 1.66434 -0.540771 4
      vertex 1.66434 -0.540771 0
      vertex 1.59869 -0.711777 4
    endloop
  endfacet
  facet normal -0.891003 0.453998 0
    outer loop
      vertex 1.51553 -0.874985 0
      vertex 1.51553 -0.874985 4
      vertex 1.59869 -0.711777 0
    endloop
  endfacet
  facet normal -0.891003 0.453998 0
    outer loop
      vertex 1.59869 -0.711777 4
      vertex 1.59869 -0.711777 0
      vertex 1.51553 -0.874985 4
    endloop
  endfacet
  facet normal -0.83868 0.544625 0
    outer loop
      vertex 1.41577 -1.02861 0
      vertex 1.41577 -1.02861 4
      vertex 1.51553 -0.874985 0
    endloop
  endfacet
  facet normal -0.83868 0.544625 0
    outer loop
      vertex 1.51553 -0.874985 4
      vertex 1.51553 -0.874985 0
      vertex 1.41577 -1.02861 4
    endloop
  endfacet
  facet normal -0.777158 0.629306 0
    outer loop
      vertex 1.30049 -1.17097 0
      vertex 1.30049 -1.17097 4
      vertex 1.41577 -1.02861 0
    endloop
  endfacet
  facet normal -0.777158 0.629306 0
    outer loop
      vertex 1.41577 -1.02861 4
      vertex 1.41577 -1.02861 0
      vertex 1.30049 -1.17097 4
    endloop
  endfacet
  facet normal -0.707107 0.707107 0
    outer loop
      vertex 1.17097 -1.30049 0
      vertex 1.17097 -1.30049 4
      vertex 1.30049 -1.17097 0
    endloop
  endfacet
  facet normal -0.707107 0.707107 0
    outer loop
      vertex 1.30049 -1.17097 4
      vertex 1.30049 -1.17097 0
      vertex 1.17097 -1.30049 4
    endloop
  endfacet
  facet normal -0.629306 0.777158 0
    outer loop
      vertex 1.02861 -1.41577 0
      vertex 1.02861 -1.41577 4
      vertex 1.17097 -1.30049 0
    endloop
  endfacet
  facet normal -0.629306 0.777158 0
    outer loop
      vertex 1.17097 -1.30049 4
      vertex 1.17097 -1.30049 0
      vertex 1.02861 -1.41577 4
    endloop
  endfacet
  facet normal -0.544663 0.838655 0
    outer loop
      vertex 0.875 -1.51553 0
      vertex 0.875 -1.51553 4
      vertex 1.02861 -1.41577 0
    endloop
  endfacet
  facet normal -0.544663 0.838655 0
    outer loop
      vertex 1.02861 -1.41577 4
      vertex 1.02861 -1.41577 0
      vertex 0.875 -1.51553 4
    endloop
  endfacet
  facet normal -0.453964 0.89102 0
    outer loop
      vertex 0.711777 -1.59869 0
      vertex 0.711777 -1.59869 4
      vertex 0.875 -1.51553 0
    endloop
  endfacet
  facet normal -0.453964 0.89102 0
    outer loop
      vertex 0.875 -1.51553 4
      vertex 0.875 -1.51553 0
      vertex 0.711777 -1.59869 4
    endloop
  endfacet
  facet normal -0.358371 0.933579 0
    outer loop
      vertex 0.540771 -1.66434 0
      vertex 0.540771 -1.66434 4
      vertex 0.711777 -1.59869 0
    endloop
  endfacet
  facet normal -0.358371 0.933579 0
    outer loop
      vertex 0.711777 -1.59869 4
      vertex 0.711777 -1.59869 0
      vertex 0.540771 -1.66434 4
    endloop
  endfacet
  facet normal -0.258808 0.965929 0
    outer loop
      vertex 0.363831 -1.71175 0
      vertex 0.363831 -1.71175 4
      vertex 0.540771 -1.66434 0
    endloop
  endfacet
  facet normal -0.258808 0.965929 0
    outer loop
      vertex 0.540771 -1.66434 4
      vertex 0.540771 -1.66434 0
      vertex 0.363831 -1.71175 4
    endloop
  endfacet
  facet normal -0.15645 0.987686 0
    outer loop
      vertex 0.182922 -1.7404 0
      vertex 0.182922 -1.7404 4
      vertex 0.363831 -1.71175 0
    endloop
  endfacet
  facet normal -0.15645 0.987686 0
    outer loop
      vertex 0.363831 -1.71175 4
      vertex 0.363831 -1.71175 0
      vertex 0.182922 -1.7404 4
    endloop
  endfacet
  facet normal -0.0523971 0.998626 0
    outer loop
      vertex 0 -1.75 0
      vertex 0 -1.75 4
      vertex 0.182922 -1.7404 0
    endloop
  endfacet
  facet normal -0.0523971 0.998626 0
    outer loop
      vertex 0.182922 -1.7404 4
      vertex 0.182922 -1.7404 0
      vertex 0 -1.75 4
    endloop
  endfacet
  facet normal 0.0523971 0.998626 -0
    outer loop
      vertex -0.182922 -1.7404 0
      vertex -0.182922 -1.7404 4
      vertex 0 -1.75 0
    endloop
  endfacet
  facet normal 0.0523971 0.998626 0
    outer loop
      vertex 0 -1.75 4
      vertex 0 -1.75 0
      vertex -0.182922 -1.7404 4
    endloop
  endfacet
endsolid OpenSCAD_Model
