solid OpenSCAD_Model
  facet normal 0 0 -1
    outer loop
      vertex -5.41176 -20.7532 0
      vertex -7.97464 -20.464 0
      vertex -7.79736 -19.7317 0
    endloop
  endfacet
  facet normal 0 0 -1
    outer loop
      vertex -5.41176 -20.7532 0
      vertex -7.79736 -19.7317 0
      vertex -5.38278 -20.0694 0
    endloop
  endfacet
  facet normal -0 0 -1
    outer loop
      vertex -5.41176 -20.7532 0
      vertex -5.43828 -20.9224 0
      vertex -7.97464 -20.464 0
    endloop
  endfacet
  facet normal -0 0 -1
    outer loop
      vertex -10.5058 -20.5847 0
      vertex -10.6176 -20.7019 0
      vertex -12.574 -19.3906 0
    endloop
  endfacet
  facet normal 0 0 -1
    outer loop
      vertex -12.312 -18.7906 0
      vertex -10.1171 -20.0578 0
      vertex -10.1713 -20.1523 0
    endloop
  endfacet
  facet normal 0 0 -1
    outer loop
      vertex -11.7286 -17.7079 0
      vertex -11.7186 -17.6929 0
      vertex -11.6936 -17.9328 0
    endloop
  endfacet
  facet normal 0 0 -1
    outer loop
      vertex -7.79736 -19.7317 0
      vertex -5.21193 -19.9044 0
      vertex -5.38278 -20.0694 0
    endloop
  endfacet
  facet normal 0 -0 -1
    outer loop
      vertex -7.97464 -20.464 0
      vertex -5.43828 -20.9224 0
      vertex -7.99664 -20.6212 0
    endloop
  endfacet
  facet normal 0 0 -1
    outer loop
      vertex -7.99664 -20.6212 0
      vertex -5.43828 -20.9224 0
      vertex -5.46625 -21.0752 0
    endloop
  endfacet
  facet normal 0 0 -1
    outer loop
      vertex -7.91391 -19.533 0
      vertex -6.14171 -13.7945 0
      vertex -4.66615 -14.3609 0
    endloop
  endfacet
  facet normal 0 0 -1
    outer loop
      vertex -5.4859 -21.1635 0
      vertex -7.99664 -20.6212 0
      vertex -5.46625 -21.0752 0
    endloop
  endfacet
  facet normal -0 0 -1
    outer loop
      vertex -5.4859 -21.1635 0
      vertex -5.5103 -21.2609 0
      vertex -7.99664 -20.6212 0
    endloop
  endfacet
  facet normal 0 0 -1
    outer loop
      vertex -7.99664 -20.6212 0
      vertex -5.5103 -21.2609 0
      vertex -5.5403 -21.3678 0
    endloop
  endfacet
  facet normal 0 0 -1
    outer loop
      vertex -10.8957 -20.9603 0
      vertex -12.6635 -19.7212 0
      vertex -10.7473 -20.8275 0
    endloop
  endfacet
  facet normal 0 0 -1
    outer loop
      vertex 8.55817 17.3258 0
      vertex 6.10625 18.2833 0
      vertex 6.32422 18.5031 0
    endloop
  endfacet
  facet normal -0 0 -1
    outer loop
      vertex -5.2149 -19.9158 0
      vertex -5.38278 -20.0694 0
      vertex -5.21193 -19.9044 0
    endloop
  endfacet
  facet normal 0 0 -1
    outer loop
      vertex 20.9848 5.80367 0
      vertex 21.0711 5.83083 0
      vertex 21.8568 3.38528 0
    endloop
  endfacet
  facet normal 0 -0 -1
    outer loop
      vertex -1.57837 -15.0173 0
      vertex -0.669479 -19.3828 0
      vertex -3.58527 -19.8616 0
    endloop
  endfacet
  facet normal 0 0 -1
    outer loop
      vertex -0.669479 -19.3828 0
      vertex -0.669662 -19.3883 0
      vertex -0.788528 -19.5823 0
    endloop
  endfacet
  facet normal 0 0 -1
    outer loop
      vertex -3.41315 -20.0214 0
      vertex -3.58777 -19.8755 0
      vertex -3.58527 -19.8616 0
    endloop
  endfacet
  facet normal -0 0 -1
    outer loop
      vertex -0.682739 -21.145 0
      vertex -3.18091 -21.4271 0
      vertex -0.671524 -20.9981 0
    endloop
  endfacet
  facet normal 0 0 -1
    outer loop
      vertex -0.717514 -21.4653 0
      vertex -0.742416 -21.6403 0
      vertex -3.00041 -21.8407 0
    endloop
  endfacet
  facet normal 0 0 -1
    outer loop
      vertex -3.0703 -21.6916 0
      vertex -0.717514 -21.4653 0
      vertex -3.00041 -21.8407 0
    endloop
  endfacet
  facet normal 0 0 -1
    outer loop
      vertex -2.92065 -21.9993 0
      vertex -3.00041 -21.8407 0
      vertex -0.742416 -21.6403 0
    endloop
  endfacet
  facet normal 0 0 -1
    outer loop
      vertex -2.83105 -22.1663 0
      vertex -2.92065 -21.9993 0
      vertex -0.773438 -21.8262 0
    endloop
  endfacet
  facet normal 0 0 -1
    outer loop
      vertex -2.7318 -22.3405 0
      vertex -0.773438 -21.8262 0
      vertex -0.811447 -22.0236 0
    endloop
  endfacet
  facet normal 0 0 -1
    outer loop
      vertex -2.62312 -22.5209 0
      vertex -2.7318 -22.3405 0
      vertex -0.811447 -22.0236 0
    endloop
  endfacet
  facet normal -0 0 -1
    outer loop
      vertex -0.857437 -22.2332 0
      vertex -2.62312 -22.5209 0
      vertex -0.811447 -22.0236 0
    endloop
  endfacet
  facet normal 0 0 -1
    outer loop
      vertex -2.7318 -22.3405 0
      vertex -2.83105 -22.1663 0
      vertex -0.773438 -21.8262 0
    endloop
  endfacet
  facet normal 0 0 -1
    outer loop
      vertex -2.62312 -22.5209 0
      vertex -0.857437 -22.2332 0
      vertex -2.50537 -22.7065 0
    endloop
  endfacet
  facet normal 0 0 -1
    outer loop
      vertex -2.50537 -22.7065 0
      vertex -0.857437 -22.2332 0
      vertex -0.912537 -22.4556 0
    endloop
  endfacet
  facet normal 0 0 -1
    outer loop
      vertex -2.37894 -22.8961 0
      vertex -2.50537 -22.7065 0
      vertex -0.912537 -22.4556 0
    endloop
  endfacet
  facet normal -0 0 -1
    outer loop
      vertex -0.977951 -22.6913 0
      vertex -2.37894 -22.8961 0
      vertex -0.912537 -22.4556 0
    endloop
  endfacet
  facet normal 0 0 -1
    outer loop
      vertex -0.977951 -22.6913 0
      vertex -2.24429 -23.0891 0
      vertex -2.37894 -22.8961 0
    endloop
  endfacet
  facet normal 0 0 -1
    outer loop
      vertex -0.977951 -22.6913 0
      vertex -1.05493 -22.9406 0
      vertex -2.24429 -23.0891 0
    endloop
  endfacet
  facet normal 0 0 -1
    outer loop
      vertex -2.24429 -23.0891 0
      vertex -1.05493 -22.9406 0
      vertex -2.06419 -23.3341 0
    endloop
  endfacet
  facet normal 0 0 -1
    outer loop
      vertex -2.06419 -23.3341 0
      vertex -1.05493 -22.9406 0
      vertex -1.14066 -23.1915 0
    endloop
  endfacet
  facet normal -0 0 -1
    outer loop
      vertex -0.773438 -21.8262 0
      vertex -2.92065 -21.9993 0
      vertex -0.742416 -21.6403 0
    endloop
  endfacet
  facet normal 0 0 -1
    outer loop
      vertex -3.0703 -21.6916 0
      vertex -0.697876 -21.3005 0
      vertex -0.717514 -21.4653 0
    endloop
  endfacet
  facet normal 0 0 -1
    outer loop
      vertex -3.0703 -21.6916 0
      vertex -3.13039 -21.5533 0
      vertex -0.697876 -21.3005 0
    endloop
  endfacet
  facet normal -0 0 -1
    outer loop
      vertex -0.697876 -21.3005 0
      vertex -3.13039 -21.5533 0
      vertex -0.682739 -21.145 0
    endloop
  endfacet
  facet normal 0 0 -1
    outer loop
      vertex -0.682739 -21.145 0
      vertex -3.13039 -21.5533 0
      vertex -3.18091 -21.4271 0
    endloop
  endfacet
  facet normal 0 0 -1
    outer loop
      vertex -0.671524 -20.9981 0
      vertex -3.18091 -21.4271 0
      vertex -3.2222 -21.3141 0
    endloop
  endfacet
  facet normal 0 0 -1
    outer loop
      vertex -0.663696 -20.8589 0
      vertex -0.671524 -20.9981 0
      vertex -3.2222 -21.3141 0
    endloop
  endfacet
  facet normal 0 0 -1
    outer loop
      vertex -3.25471 -21.2157 0
      vertex -0.663696 -20.8589 0
      vertex -3.2222 -21.3141 0
    endloop
  endfacet
  facet normal 0 0 -1
    outer loop
      vertex -3.25471 -21.2157 0
      vertex -3.27913 -21.1329 0
      vertex -0.663696 -20.8589 0
    endloop
  endfacet
  facet normal 0 0 -1
    outer loop
      vertex -0.663696 -20.8589 0
      vertex -3.27913 -21.1329 0
      vertex -3.30692 -21.0192 0
    endloop
  endfacet
  facet normal 0 0 -1
    outer loop
      vertex -0.658798 -20.7268 0
      vertex -0.663696 -20.8589 0
      vertex -3.30692 -21.0192 0
    endloop
  endfacet
  facet normal 0 0 -1
    outer loop
      vertex -3.34065 -20.8213 0
      vertex -0.658798 -20.7268 0
      vertex -3.30692 -21.0192 0
    endloop
  endfacet
  facet normal 0 0 -1
    outer loop
      vertex -3.34065 -20.8213 0
      vertex -0.656433 -20.6009 0
      vertex -0.658798 -20.7268 0
    endloop
  endfacet
  facet normal 0 0 -1
    outer loop
      vertex -3.34065 -20.8213 0
      vertex -0.65773 -20.3646 0
      vertex -0.656433 -20.6009 0
    endloop
  endfacet
  facet normal 0 0 -1
    outer loop
      vertex -3.34065 -20.8213 0
      vertex -3.41315 -20.0214 0
      vertex -0.65773 -20.3646 0
    endloop
  endfacet
  facet normal 0 0 -1
    outer loop
      vertex -0.65773 -20.3646 0
      vertex -3.41315 -20.0214 0
      vertex -0.667313 -20.0815 0
    endloop
  endfacet
  facet normal 0 0 -1
    outer loop
      vertex -0.667313 -20.0815 0
      vertex -3.41315 -20.0214 0
      vertex -0.788528 -19.5823 0
    endloop
  endfacet
  facet normal 0 0 -1
    outer loop
      vertex -0.788528 -19.5823 0
      vertex -3.41315 -20.0214 0
      vertex -3.58527 -19.8616 0
    endloop
  endfacet
  facet normal 0 0 -1
    outer loop
      vertex 12.5347 -12.9014 0
      vertex 10.1039 -11.2215 0
      vertex 11.2215 -10.1039 0
    endloop
  endfacet
  facet normal -0 0 -1
    outer loop
      vertex -0.788528 -19.5823 0
      vertex -3.58527 -19.8616 0
      vertex -0.669479 -19.3828 0
    endloop
  endfacet
  facet normal 0 0 -1
    outer loop
      vertex -0.501114 -19.345 0
      vertex 0 -15.1 0
      vertex 0.708801 -18.9973 0
    endloop
  endfacet
  facet normal 0 0 -1
    outer loop
      vertex 0.708801 -18.9973 0
      vertex 0 -15.1 0
      vertex 0.818085 -18.9598 0
    endloop
  endfacet
  facet normal 0 0 -1
    outer loop
      vertex -15.6325 12.9666 0
      vertex -16.5645 10.474 0
      vertex -17.0575 10.6187 0
    endloop
  endfacet
  facet normal 0 0 -1
    outer loop
      vertex 1.02133 -19.0655 0
      vertex 0.818085 -18.9598 0
      vertex 3.75934 -18.0088 0
    endloop
  endfacet
  facet normal 0 0 -1
    outer loop
      vertex 1.02133 -19.0655 0
      vertex 0.818222 -18.9629 0
      vertex 0.818085 -18.9598 0
    endloop
  endfacet
  facet normal 0 0 -1
    outer loop
      vertex 4.04314 -19.3995 0
      vertex 1.55209 -20.2291 0
      vertex 1.4826 -20.1253 0
    endloop
  endfacet
  facet normal 0 0 -1
    outer loop
      vertex 1.71802 -20.4604 0
      vertex 4.06783 -19.7188 0
      vertex 1.81371 -20.5859 0
    endloop
  endfacet
  facet normal 0 0 -1
    outer loop
      vertex 1.81371 -20.5859 0
      vertex 4.07767 -19.8867 0
      vertex 1.91733 -20.7168 0
    endloop
  endfacet
  facet normal 0 0 -1
    outer loop
      vertex 1.91733 -20.7168 0
      vertex 4.07767 -19.8867 0
      vertex 4.08546 -20.0611 0
    endloop
  endfacet
  facet normal 0 0 -1
    outer loop
      vertex 2.02846 -20.8523 0
      vertex 4.08546 -20.0611 0
      vertex 2.1467 -20.9915 0
    endloop
  endfacet
  facet normal 0 0 -1
    outer loop
      vertex 2.1467 -20.9915 0
      vertex 4.09111 -20.2427 0
      vertex 2.27141 -21.1338 0
    endloop
  endfacet
  facet normal 0 0 -1
    outer loop
      vertex 2.27141 -21.1338 0
      vertex 4.09111 -20.2427 0
      vertex 4.09407 -20.4323 0
    endloop
  endfacet
  facet normal 0 0 -1
    outer loop
      vertex 2.40202 -21.2785 0
      vertex 2.27141 -21.1338 0
      vertex 4.09407 -20.4323 0
    endloop
  endfacet
  facet normal -0 0 -1
    outer loop
      vertex 4.09393 -20.6308 0
      vertex 2.40202 -21.2785 0
      vertex 4.09407 -20.4323 0
    endloop
  endfacet
  facet normal 0 0 -1
    outer loop
      vertex 4.09393 -20.6308 0
      vertex 2.53812 -21.425 0
      vertex 2.40202 -21.2785 0
    endloop
  endfacet
  facet normal 0 0 -1
    outer loop
      vertex 4.09393 -20.6308 0
      vertex 4.09026 -20.8389 0
      vertex 2.53812 -21.425 0
    endloop
  endfacet
  facet normal 0 0 -1
    outer loop
      vertex 2.53812 -21.425 0
      vertex 4.09026 -20.8389 0
      vertex 2.67912 -21.5728 0
    endloop
  endfacet
  facet normal 0 0 -1
    outer loop
      vertex 2.67912 -21.5728 0
      vertex 4.09026 -20.8389 0
      vertex 4.08255 -21.0576 0
    endloop
  endfacet
  facet normal 0 0 -1
    outer loop
      vertex 2.82445 -21.7216 0
      vertex 2.67912 -21.5728 0
      vertex 4.08255 -21.0576 0
    endloop
  endfacet
  facet normal 0 0 -1
    outer loop
      vertex 2.97371 -21.8707 0
      vertex 2.82445 -21.7216 0
      vertex 4.07008 -21.2876 0
    endloop
  endfacet
  facet normal -0 0 -1
    outer loop
      vertex 4.05212 -21.5297 0
      vertex 2.97371 -21.8707 0
      vertex 4.07008 -21.2876 0
    endloop
  endfacet
  facet normal 0 0 -1
    outer loop
      vertex 4.05212 -21.5297 0
      vertex 3.14412 -21.9883 0
      vertex 2.97371 -21.8707 0
    endloop
  endfacet
  facet normal 0 0 -1
    outer loop
      vertex 4.05212 -21.5297 0
      vertex 4.04199 -21.6361 0
      vertex 3.14412 -21.9883 0
    endloop
  endfacet
  facet normal 0 0 -1
    outer loop
      vertex 3.10699 -22.0011 0
      vertex 2.97371 -21.8707 0
      vertex 3.14412 -21.9883 0
    endloop
  endfacet
  facet normal -0 0 -1
    outer loop
      vertex 4.07008 -21.2876 0
      vertex 2.82445 -21.7216 0
      vertex 4.08255 -21.0576 0
    endloop
  endfacet
  facet normal 0 0 -1
    outer loop
      vertex 2.1467 -20.9915 0
      vertex 4.08546 -20.0611 0
      vertex 4.09111 -20.2427 0
    endloop
  endfacet
  facet normal 0 0 -1
    outer loop
      vertex 2.02846 -20.8523 0
      vertex 1.91733 -20.7168 0
      vertex 4.08546 -20.0611 0
    endloop
  endfacet
  facet normal 0 0 -1
    outer loop
      vertex 1.81371 -20.5859 0
      vertex 4.06783 -19.7188 0
      vertex 4.07767 -19.8867 0
    endloop
  endfacet
  facet normal 0 0 -1
    outer loop
      vertex 1.71802 -20.4604 0
      vertex 4.04314 -19.3995 0
      vertex 4.06783 -19.7188 0
    endloop
  endfacet
  facet normal 0 0 -1
    outer loop
      vertex 1.71802 -20.4604 0
      vertex 1.63071 -20.3412 0
      vertex 4.04314 -19.3995 0
    endloop
  endfacet
  facet normal 0 0 -1
    outer loop
      vertex 4.04314 -19.3995 0
      vertex 1.63071 -20.3412 0
      vertex 1.55209 -20.2291 0
    endloop
  endfacet
  facet normal 0 -0 -1
    outer loop
      vertex 4.01295 -19.0979 0
      vertex 4.04314 -19.3995 0
      vertex 1.4826 -20.1253 0
    endloop
  endfacet
  facet normal 0 0 -1
    outer loop
      vertex 1.42233 -20.0308 0
      vertex 4.01295 -19.0979 0
      vertex 1.4826 -20.1253 0
    endloop
  endfacet
  facet normal 0 0 -1
    outer loop
      vertex 1.42233 -20.0308 0
      vertex 1.37138 -19.9467 0
      vertex 4.01295 -19.0979 0
    endloop
  endfacet
  facet normal 0 0 -1
    outer loop
      vertex 4.01295 -19.0979 0
      vertex 1.37138 -19.9467 0
      vertex 1.32982 -19.8742 0
    endloop
  endfacet
  facet normal 0 -0 -1
    outer loop
      vertex 3.97842 -18.81 0
      vertex 4.01295 -19.0979 0
      vertex 1.32982 -19.8742 0
    endloop
  endfacet
  facet normal 0 0 -1
    outer loop
      vertex 1.21823 -19.6627 0
      vertex 3.97842 -18.81 0
      vertex 1.32982 -19.8742 0
    endloop
  endfacet
  facet normal 0 0 -1
    outer loop
      vertex 1.21823 -19.6627 0
      vertex 1.02133 -19.0655 0
      vertex 3.97842 -18.81 0
    endloop
  endfacet
  facet normal -0 0 -1
    outer loop
      vertex 3.97842 -18.81 0
      vertex 1.02133 -19.0655 0
      vertex 3.91541 -18.3638 0
    endloop
  endfacet
  facet normal -0 0 -1
    outer loop
      vertex 3.91541 -18.3638 0
      vertex 1.02133 -19.0655 0
      vertex 3.75934 -18.0088 0
    endloop
  endfacet
  facet normal 0 0 -1
    outer loop
      vertex 3.75934 -18.0088 0
      vertex 3.84113 -17.7923 0
      vertex 3.8421 -17.7968 0
    endloop
  endfacet
  facet normal -0 0 -1
    outer loop
      vertex 3.75934 -18.0088 0
      vertex 0.818085 -18.9598 0
      vertex 3.84113 -17.7923 0
    endloop
  endfacet
  facet normal 0 0 -1
    outer loop
      vertex 16.0061 10.1855 0
      vertex 13.7164 12.2601 0
      vertex 16.0006 10.4173 0
    endloop
  endfacet
  facet normal 0 -0 -1
    outer loop
      vertex 9.61908 14.9484 0
      vertex 12.2674 13.2775 0
      vertex 8.87555 12.2162 0
    endloop
  endfacet
  facet normal 0 0 -1
    outer loop
      vertex 17.8698 9.55385 0
      vertex 18.0646 9.67198 0
      vertex 19.7021 7.51756 0
    endloop
  endfacet
  facet normal 0 0 -1
    outer loop
      vertex 5.36493 -17.2626 0
      vertex 6.14171 -13.7945 0
      vertex 8.13617 -15.8046 0
    endloop
  endfacet
  facet normal 0 0 -1
    outer loop
      vertex 5.36493 -17.2626 0
      vertex 5.14964 -17.1888 0
      vertex 5.14909 -17.187 0
    endloop
  endfacet
  facet normal -0 0 -1
    outer loop
      vertex 8.55817 -17.3258 0
      vertex 6.10625 -18.2833 0
      vertex 8.50171 -17.0092 0
    endloop
  endfacet
  facet normal 0 0 -1
    outer loop
      vertex 5.75061 -17.8965 0
      vertex 5.57133 -17.6839 0
      vertex 5.36493 -17.2626 0
    endloop
  endfacet
  facet normal -0 0 -1
    outer loop
      vertex 8.61214 -17.6569 0
      vertex 6.32422 -18.5031 0
      vertex 8.55817 -17.3258 0
    endloop
  endfacet
  facet normal 0 -0 -1
    outer loop
      vertex 8.66312 -18.0033 0
      vertex 8.71051 -18.3676 0
      vertex 7.0925 -19.2172 0
    endloop
  endfacet
  facet normal 0 0 -1
    outer loop
      vertex 7.0925 -19.2172 0
      vertex 8.71051 -18.3676 0
      vertex 7.37801 -19.4655 0
    endloop
  endfacet
  facet normal 0 0 -1
    outer loop
      vertex 7.37801 -19.4655 0
      vertex 8.71051 -18.3676 0
      vertex 8.75346 -18.7542 0
    endloop
  endfacet
  facet normal 0 0 -1
    outer loop
      vertex 7.67703 -19.7178 0
      vertex 7.37801 -19.4655 0
      vertex 8.77296 -18.9575 0
    endloop
  endfacet
  facet normal 0 0 -1
    outer loop
      vertex 8.01471 -19.8008 0
      vertex 7.67703 -19.7178 0
      vertex 8.77296 -18.9575 0
    endloop
  endfacet
  facet normal 0 -0 -1
    outer loop
      vertex 8.79079 -19.1685 0
      vertex 8.80611 -19.38 0
      vertex 8.01471 -19.8008 0
    endloop
  endfacet
  facet normal 0 -0 -1
    outer loop
      vertex 8.77296 -18.9575 0
      vertex 8.79079 -19.1685 0
      vertex 8.01471 -19.8008 0
    endloop
  endfacet
  facet normal 0 0 -1
    outer loop
      vertex 7.86852 -19.8745 0
      vertex 7.67703 -19.7178 0
      vertex 8.01471 -19.8008 0
    endloop
  endfacet
  facet normal -0 0 -1
    outer loop
      vertex 8.77296 -18.9575 0
      vertex 7.37801 -19.4655 0
      vertex 8.75346 -18.7542 0
    endloop
  endfacet
  facet normal 0 0 -1
    outer loop
      vertex 6.82047 -18.9731 0
      vertex 8.66312 -18.0033 0
      vertex 7.0925 -19.2172 0
    endloop
  endfacet
  facet normal 0 0 -1
    outer loop
      vertex 6.82047 -18.9731 0
      vertex 6.56348 -18.7342 0
      vertex 8.66312 -18.0033 0
    endloop
  endfacet
  facet normal -0 0 -1
    outer loop
      vertex 8.66312 -18.0033 0
      vertex 6.56348 -18.7342 0
      vertex 8.61214 -17.6569 0
    endloop
  endfacet
  facet normal 0 0 -1
    outer loop
      vertex 8.61214 -17.6569 0
      vertex 6.56348 -18.7342 0
      vertex 6.32422 -18.5031 0
    endloop
  endfacet
  facet normal 0 0 -1
    outer loop
      vertex 8.55817 -17.3258 0
      vertex 6.32422 -18.5031 0
      vertex 6.10625 -18.2833 0
    endloop
  endfacet
  facet normal 0 0 -1
    outer loop
      vertex 8.50171 -17.0092 0
      vertex 6.10625 -18.2833 0
      vertex 5.91365 -18.0793 0
    endloop
  endfacet
  facet normal 0 -0 -1
    outer loop
      vertex 8.44341 -16.7083 0
      vertex 8.50171 -17.0092 0
      vertex 5.91365 -18.0793 0
    endloop
  endfacet
  facet normal 0 0 -1
    outer loop
      vertex 5.75061 -17.8965 0
      vertex 8.44341 -16.7083 0
      vertex 5.91365 -18.0793 0
    endloop
  endfacet
  facet normal 0 0 -1
    outer loop
      vertex 5.75061 -17.8965 0
      vertex 8.38406 -16.4259 0
      vertex 8.44341 -16.7083 0
    endloop
  endfacet
  facet normal 0 0 -1
    outer loop
      vertex 5.75061 -17.8965 0
      vertex 5.36493 -17.2626 0
      vertex 8.38406 -16.4259 0
    endloop
  endfacet
  facet normal 0 0 -1
    outer loop
      vertex 8.38406 -16.4259 0
      vertex 8.13617 -15.8046 0
      vertex 8.3163 -16.1261 0
    endloop
  endfacet
  facet normal -0 0 -1
    outer loop
      vertex 8.38406 -16.4259 0
      vertex 5.36493 -17.2626 0
      vertex 8.13617 -15.8046 0
    endloop
  endfacet
  facet normal 0 0 -1
    outer loop
      vertex 8.13617 -15.8046 0
      vertex 6.14171 -13.7945 0
      vertex 8.19688 -15.5836 0
    endloop
  endfacet
  facet normal 0 0 -1
    outer loop
      vertex 8.13617 -15.8046 0
      vertex 8.19688 -15.5836 0
      vertex 8.19794 -15.5856 0
    endloop
  endfacet
  facet normal 0 -0 -1
    outer loop
      vertex 18.9997 6.82816 0
      vertex 19.5901 5.91245 0
      vertex 14.3609 4.66615 0
    endloop
  endfacet
  facet normal 0 0 -1
    outer loop
      vertex 12.2162 8.87555 0
      vertex 13.4906 12.225 0
      vertex 16.0061 10.1855 0
    endloop
  endfacet
  facet normal 0 0 -1
    outer loop
      vertex 14.77 3.13947 0
      vertex 14.3609 4.66615 0
      vertex 19.5901 5.91245 0
    endloop
  endfacet
  facet normal 0 0 -1
    outer loop
      vertex 10.1039 -11.2215 0
      vertex 12.3091 -13.052 0
      vertex 12.2674 -13.2775 0
    endloop
  endfacet
  facet normal 0 0 -1
    outer loop
      vertex 10.7255 -16.0745 0
      vertex 10.4796 -15.8673 0
      vertex 12.7806 -14.4298 0
    endloop
  endfacet
  facet normal 0 0 -1
    outer loop
      vertex 10.0332 -15.4738 0
      vertex 9.8075 -15.2652 0
      vertex 9.61908 -14.9484 0
    endloop
  endfacet
  facet normal 0 0 -1
    outer loop
      vertex 10.9853 -16.2868 0
      vertex 10.7255 -16.0745 0
      vertex 12.862 -14.7285 0
    endloop
  endfacet
  facet normal 0 0 -1
    outer loop
      vertex 11.2597 -16.5041 0
      vertex 13.0209 -15.3932 0
      vertex 13.0964 -15.7509 0
    endloop
  endfacet
  facet normal 0 0 -1
    outer loop
      vertex 11.5516 -16.7273 0
      vertex 11.2597 -16.5041 0
      vertex 13.0964 -15.7509 0
    endloop
  endfacet
  facet normal -0 0 -1
    outer loop
      vertex 13.1686 -16.1223 0
      vertex 11.5516 -16.7273 0
      vertex 13.0964 -15.7509 0
    endloop
  endfacet
  facet normal 0 0 -1
    outer loop
      vertex 13.1686 -16.1223 0
      vertex 11.8649 -16.9578 0
      vertex 11.5516 -16.7273 0
    endloop
  endfacet
  facet normal 0 0 -1
    outer loop
      vertex 13.1686 -16.1223 0
      vertex 12.0312 -17.0764 0
      vertex 11.8649 -16.9578 0
    endloop
  endfacet
  facet normal 0 -0 -1
    outer loop
      vertex 13.1686 -16.1223 0
      vertex 13.2376 -16.5074 0
      vertex 12.0312 -17.0764 0
    endloop
  endfacet
  facet normal 0 0 -1
    outer loop
      vertex 12.0312 -17.0764 0
      vertex 13.2376 -16.5074 0
      vertex 12.205 -17.1973 0
    endloop
  endfacet
  facet normal 0 0 -1
    outer loop
      vertex 12.205 -17.1973 0
      vertex 13.2376 -16.5074 0
      vertex 13.2775 -16.7509 0
    endloop
  endfacet
  facet normal 0 0 -1
    outer loop
      vertex 12.3826 -17.3177 0
      vertex 12.205 -17.1973 0
      vertex 13.2775 -16.7509 0
    endloop
  endfacet
  facet normal 0 0 -1
    outer loop
      vertex 11.2597 -16.5041 0
      vertex 12.9426 -15.0512 0
      vertex 13.0209 -15.3932 0
    endloop
  endfacet
  facet normal 0 0 -1
    outer loop
      vertex 11.2597 -16.5041 0
      vertex 10.9853 -16.2868 0
      vertex 12.9426 -15.0512 0
    endloop
  endfacet
  facet normal -0 0 -1
    outer loop
      vertex 12.9426 -15.0512 0
      vertex 10.9853 -16.2868 0
      vertex 12.862 -14.7285 0
    endloop
  endfacet
  facet normal -0 0 -1
    outer loop
      vertex 12.862 -14.7285 0
      vertex 10.7255 -16.0745 0
      vertex 12.7806 -14.4298 0
    endloop
  endfacet
  facet normal -0 0 -1
    outer loop
      vertex 12.7806 -14.4298 0
      vertex 10.4796 -15.8673 0
      vertex 12.7003 -14.161 0
    endloop
  endfacet
  facet normal 0 0 -1
    outer loop
      vertex 12.7003 -14.161 0
      vertex 10.4796 -15.8673 0
      vertex 10.2481 -15.6664 0
    endloop
  endfacet
  facet normal 0 -0 -1
    outer loop
      vertex 12.6236 -13.9285 0
      vertex 12.7003 -14.161 0
      vertex 10.2481 -15.6664 0
    endloop
  endfacet
  facet normal 0 0 -1
    outer loop
      vertex 10.0332 -15.4738 0
      vertex 12.6236 -13.9285 0
      vertex 10.2481 -15.6664 0
    endloop
  endfacet
  facet normal 0 0 -1
    outer loop
      vertex 12.2674 -13.2775 0
      vertex 12.5291 -13.6669 0
      vertex 12.6236 -13.9285 0
    endloop
  endfacet
  facet normal 0 0 -1
    outer loop
      vertex 10.0332 -15.4738 0
      vertex 12.2674 -13.2775 0
      vertex 12.6236 -13.9285 0
    endloop
  endfacet
  facet normal 0 0 -1
    outer loop
      vertex 10.0332 -15.4738 0
      vertex 9.61908 -14.9484 0
      vertex 12.2674 -13.2775 0
    endloop
  endfacet
  facet normal 0 0 -1
    outer loop
      vertex 8.87555 -12.2162 0
      vertex 10.1039 -11.2215 0
      vertex 12.2674 -13.2775 0
    endloop
  endfacet
  facet normal 0 0 -1
    outer loop
      vertex 12.2674 -13.2775 0
      vertex 12.3091 -13.052 0
      vertex 12.3111 -13.0541 0
    endloop
  endfacet
  facet normal 0 0 -1
    outer loop
      vertex 18.9997 6.82816 0
      vertex 14.3609 4.66615 0
      vertex 13.7945 6.14171 0
    endloop
  endfacet
  facet normal -0 -0 -1
    outer loop
      vertex 19.0066 -6.83064 0
      vertex 19.0456 -7.05484 0
      vertex 18.9997 -6.82816 0
    endloop
  endfacet
  facet normal 0 0 -1
    outer loop
      vertex 13.4906 -12.225 0
      vertex 16.0061 -10.1855 0
      vertex 13.7164 -12.2601 0
    endloop
  endfacet
  facet normal 0 -0 -1
    outer loop
      vertex 16.0061 -10.1855 0
      vertex 16.0132 -10.19 0
      vertex 16.0006 -10.4173 0
    endloop
  endfacet
  facet normal 0 -0 -1
    outer loop
      vertex 16.8602 -11.718 0
      vertex 16.9211 -11.8637 0
      vertex 15.0431 -13.3822 0
    endloop
  endfacet
  facet normal 0 0 -1
    outer loop
      vertex 14.1891 -12.7644 0
      vertex 13.9458 -12.5727 0
      vertex 13.7164 -12.2601 0
    endloop
  endfacet
  facet normal -0 0 -1
    outer loop
      vertex 17.0444 -12.1828 0
      vertex 15.3307 -13.5687 0
      vertex 16.9826 -12.0189 0
    endloop
  endfacet
  facet normal 0 0 -1
    outer loop
      vertex 15.6478 -13.7617 0
      vertex 15.4851 -13.6643 0
      vertex 17.1667 -12.534 0
    endloop
  endfacet
  facet normal -0 0 -1
    outer loop
      vertex 17.2267 -12.7195 0
      vertex 15.6478 -13.7617 0
      vertex 17.1667 -12.534 0
    endloop
  endfacet
  facet normal 0 0 -1
    outer loop
      vertex 17.2267 -12.7195 0
      vertex 15.8198 -13.8609 0
      vertex 15.6478 -13.7617 0
    endloop
  endfacet
  facet normal 0 -0 -1
    outer loop
      vertex 17.2267 -12.7195 0
      vertex 17.2855 -12.9106 0
      vertex 15.8198 -13.8609 0
    endloop
  endfacet
  facet normal 0 0 -1
    outer loop
      vertex 15.8198 -13.8609 0
      vertex 17.2855 -12.9106 0
      vertex 16.0019 -13.9617 0
    endloop
  endfacet
  facet normal 0 0 -1
    outer loop
      vertex 16.0019 -13.9617 0
      vertex 17.3431 -13.1066 0
      vertex 16.1951 -14.0644 0
    endloop
  endfacet
  facet normal 0 0 -1
    outer loop
      vertex 16.1951 -14.0644 0
      vertex 17.3431 -13.1066 0
      vertex 17.3992 -13.3068 0
    endloop
  endfacet
  facet normal 0 0 -1
    outer loop
      vertex 16.4005 -14.1686 0
      vertex 16.1951 -14.0644 0
      vertex 17.3992 -13.3068 0
    endloop
  endfacet
  facet normal -0 0 -1
    outer loop
      vertex 17.4538 -13.5107 0
      vertex 16.4005 -14.1686 0
      vertex 17.3992 -13.3068 0
    endloop
  endfacet
  facet normal 0 0 -1
    outer loop
      vertex 17.4538 -13.5107 0
      vertex 16.6192 -14.2741 0
      vertex 16.4005 -14.1686 0
    endloop
  endfacet
  facet normal 0 0 -1
    outer loop
      vertex 17.4538 -13.5107 0
      vertex 16.7504 -14.299 0
      vertex 16.6192 -14.2741 0
    endloop
  endfacet
  facet normal 0 0 -1
    outer loop
      vertex 16.6192 -14.2741 0
      vertex 16.7504 -14.299 0
      vertex 16.7216 -14.3209 0
    endloop
  endfacet
  facet normal 0 -0 -1
    outer loop
      vertex 17.4538 -13.5107 0
      vertex 17.4985 -13.6855 0
      vertex 16.7504 -14.299 0
    endloop
  endfacet
  facet normal 0 0 -1
    outer loop
      vertex 16.0019 -13.9617 0
      vertex 17.2855 -12.9106 0
      vertex 17.3431 -13.1066 0
    endloop
  endfacet
  facet normal -0 0 -1
    outer loop
      vertex 17.1667 -12.534 0
      vertex 15.4851 -13.6643 0
      vertex 17.1058 -12.3548 0
    endloop
  endfacet
  facet normal 0 0 -1
    outer loop
      vertex 17.1058 -12.3548 0
      vertex 15.4851 -13.6643 0
      vertex 15.3307 -13.5687 0
    endloop
  endfacet
  facet normal 0 -0 -1
    outer loop
      vertex 17.0444 -12.1828 0
      vertex 17.1058 -12.3548 0
      vertex 15.3307 -13.5687 0
    endloop
  endfacet
  facet normal 0 0 -1
    outer loop
      vertex 16.9826 -12.0189 0
      vertex 15.3307 -13.5687 0
      vertex 15.1836 -13.4747 0
    endloop
  endfacet
  facet normal 0 -0 -1
    outer loop
      vertex 16.9211 -11.8637 0
      vertex 16.9826 -12.0189 0
      vertex 15.1836 -13.4747 0
    endloop
  endfacet
  facet normal 0 0 -1
    outer loop
      vertex 15.0431 -13.3822 0
      vertex 16.9211 -11.8637 0
      vertex 15.1836 -13.4747 0
    endloop
  endfacet
  facet normal 0 0 -1
    outer loop
      vertex 14.9085 -13.2911 0
      vertex 16.8602 -11.718 0
      vertex 15.0431 -13.3822 0
    endloop
  endfacet
  facet normal 0 0 -1
    outer loop
      vertex 14.9085 -13.2911 0
      vertex 16.8006 -11.5828 0
      vertex 16.8602 -11.718 0
    endloop
  endfacet
  facet normal 0 0 -1
    outer loop
      vertex 14.9085 -13.2911 0
      vertex 14.6539 -13.1123 0
      vertex 16.8006 -11.5828 0
    endloop
  endfacet
  facet normal -0 0 -1
    outer loop
      vertex 16.8006 -11.5828 0
      vertex 14.6539 -13.1123 0
      vertex 16.7429 -11.4587 0
    endloop
  endfacet
  facet normal -0 0 -1
    outer loop
      vertex 16.7429 -11.4587 0
      vertex 14.6539 -13.1123 0
      vertex 16.6877 -11.3466 0
    endloop
  endfacet
  facet normal -0 0 -1
    outer loop
      vertex 16.6877 -11.3466 0
      vertex 14.6539 -13.1123 0
      vertex 16.636 -11.2472 0
    endloop
  endfacet
  facet normal 0 0 -1
    outer loop
      vertex 16.636 -11.2472 0
      vertex 14.6539 -13.1123 0
      vertex 14.4152 -12.9371 0
    endloop
  endfacet
  facet normal 0 -0 -1
    outer loop
      vertex 16.5887 -11.161 0
      vertex 16.636 -11.2472 0
      vertex 14.4152 -12.9371 0
    endloop
  endfacet
  facet normal 0 -0 -1
    outer loop
      vertex 16.511 -11.0309 0
      vertex 16.5887 -11.161 0
      vertex 14.4152 -12.9371 0
    endloop
  endfacet
  facet normal 0 -0 -1
    outer loop
      vertex 16.4193 -10.8864 0
      vertex 16.511 -11.0309 0
      vertex 14.4152 -12.9371 0
    endloop
  endfacet
  facet normal 0 0 -1
    outer loop
      vertex 14.1891 -12.7644 0
      vertex 16.4193 -10.8864 0
      vertex 14.4152 -12.9371 0
    endloop
  endfacet
  facet normal 0 0 -1
    outer loop
      vertex 14.1891 -12.7644 0
      vertex 16.0006 -10.4173 0
      vertex 16.4193 -10.8864 0
    endloop
  endfacet
  facet normal 0 0 -1
    outer loop
      vertex 14.1891 -12.7644 0
      vertex 13.7164 -12.2601 0
      vertex 16.0006 -10.4173 0
    endloop
  endfacet
  facet normal -0 0 -1
    outer loop
      vertex 17.3531 -9.10828 0
      vertex 17.1196 -9.11102 0
      vertex 18.9997 -6.82816 0
    endloop
  endfacet
  facet normal 0 0 -1
    outer loop
      vertex 13.7164 -12.2601 0
      vertex 16.0061 -10.1855 0
      vertex 16.0006 -10.4173 0
    endloop
  endfacet
  facet normal -0 0 -1
    outer loop
      vertex 21.1946 1.30295 0
      vertex 15.1 0 0
      vertex 15.0173 1.57837 0
    endloop
  endfacet
  facet normal 0 -0 -1
    outer loop
      vertex 16.0061 10.1855 0
      vertex 16.4044 9.82729 0
      vertex 13.077 7.54999 0
    endloop
  endfacet
  facet normal -0 0 -1
    outer loop
      vertex 20.072 -5.37308 0
      vertex 19.84 -5.4375 0
      vertex 20.8606 -2.9111 0
    endloop
  endfacet
  facet normal 0 0 -1
    outer loop
      vertex 19.0456 -7.05484 0
      vertex 17.9651 -9.61267 0
      vertex 17.7248 -9.46284 0
    endloop
  endfacet
  facet normal 0 0 -1
    outer loop
      vertex 17.3531 -9.10828 0
      vertex 17.1256 -9.11417 0
      vertex 17.1196 -9.11102 0
    endloop
  endfacet
  facet normal -0 0 -1
    outer loop
      vertex 20.2309 -8.06566 0
      vertex 18.6535 -9.9812 0
      vertex 20.1469 -7.95879 0
    endloop
  endfacet
  facet normal 0 0 -1
    outer loop
      vertex 20.1469 -7.95879 0
      vertex 18.6535 -9.9812 0
      vertex 18.5206 -9.91747 0
    endloop
  endfacet
  facet normal 0 0 -1
    outer loop
      vertex 18.9483 -10.1113 0
      vertex 20.4148 -8.32188 0
      vertex 19.1123 -10.1772 0
    endloop
  endfacet
  facet normal 0 0 -1
    outer loop
      vertex 19.1123 -10.1772 0
      vertex 20.5123 -8.47028 0
      vertex 19.2887 -10.2433 0
    endloop
  endfacet
  facet normal 0 0 -1
    outer loop
      vertex 19.2887 -10.2433 0
      vertex 20.5123 -8.47028 0
      vertex 20.6121 -8.63136 0
    endloop
  endfacet
  facet normal 0 0 -1
    outer loop
      vertex 19.4787 -10.3091 0
      vertex 19.2887 -10.2433 0
      vertex 20.7133 -8.80443 0
    endloop
  endfacet
  facet normal -0 0 -1
    outer loop
      vertex 20.8152 -8.98875 0
      vertex 19.4787 -10.3091 0
      vertex 20.7133 -8.80443 0
    endloop
  endfacet
  facet normal 0 0 -1
    outer loop
      vertex 20.8152 -8.98875 0
      vertex 19.6832 -10.374 0
      vertex 19.4787 -10.3091 0
    endloop
  endfacet
  facet normal 0 -0 -1
    outer loop
      vertex 20.8152 -8.98875 0
      vertex 20.9171 -9.1835 0
      vertex 19.6832 -10.374 0
    endloop
  endfacet
  facet normal 0 0 -1
    outer loop
      vertex 19.6832 -10.374 0
      vertex 20.9171 -9.1835 0
      vertex 19.9034 -10.4375 0
    endloop
  endfacet
  facet normal 0 0 -1
    outer loop
      vertex 19.9034 -10.4375 0
      vertex 20.9171 -9.1835 0
      vertex 21.0181 -9.38785 0
    endloop
  endfacet
  facet normal 0 0 -1
    outer loop
      vertex 20.1402 -10.4987 0
      vertex 19.9034 -10.4375 0
      vertex 21.0181 -9.38785 0
    endloop
  endfacet
  facet normal -0 0 -1
    outer loop
      vertex 20.9282 -10.2868 0
      vertex 20.1402 -10.4987 0
      vertex 21.0181 -9.38785 0
    endloop
  endfacet
  facet normal -0 0 -1
    outer loop
      vertex 21.1179 -9.60092 0
      vertex 20.9282 -10.2868 0
      vertex 21.0181 -9.38785 0
    endloop
  endfacet
  facet normal 0 -0 -1
    outer loop
      vertex 21.1179 -9.60092 0
      vertex 21.2398 -9.87889 0
      vertex 20.9282 -10.2868 0
    endloop
  endfacet
  facet normal 0 0 -1
    outer loop
      vertex 20.3946 -10.5567 0
      vertex 20.1402 -10.4987 0
      vertex 20.9282 -10.2868 0
    endloop
  endfacet
  facet normal 0 0 -1
    outer loop
      vertex 20.6465 -10.6063 0
      vertex 20.3946 -10.5567 0
      vertex 20.9282 -10.2868 0
    endloop
  endfacet
  facet normal -0 0 -1
    outer loop
      vertex 20.7133 -8.80443 0
      vertex 19.2887 -10.2433 0
      vertex 20.6121 -8.63136 0
    endloop
  endfacet
  facet normal 0 0 -1
    outer loop
      vertex 19.1123 -10.1772 0
      vertex 20.4148 -8.32188 0
      vertex 20.5123 -8.47028 0
    endloop
  endfacet
  facet normal 0 0 -1
    outer loop
      vertex 18.9483 -10.1113 0
      vertex 20.3206 -8.18684 0
      vertex 20.4148 -8.32188 0
    endloop
  endfacet
  facet normal 0 0 -1
    outer loop
      vertex 18.9483 -10.1113 0
      vertex 18.7957 -10.0458 0
      vertex 20.3206 -8.18684 0
    endloop
  endfacet
  facet normal -0 0 -1
    outer loop
      vertex 20.3206 -8.18684 0
      vertex 18.7957 -10.0458 0
      vertex 20.2309 -8.06566 0
    endloop
  endfacet
  facet normal 0 0 -1
    outer loop
      vertex 20.2309 -8.06566 0
      vertex 18.7957 -10.0458 0
      vertex 18.6535 -9.9812 0
    endloop
  endfacet
  facet normal -0 0 -1
    outer loop
      vertex 20.1469 -7.95879 0
      vertex 18.5206 -9.91747 0
      vertex 20.0697 -7.86655 0
    endloop
  endfacet
  facet normal 0 0 -1
    outer loop
      vertex 20.0697 -7.86655 0
      vertex 18.5206 -9.91747 0
      vertex 18.3962 -9.85469 0
    endloop
  endfacet
  facet normal 0 -0 -1
    outer loop
      vertex 20.0007 -7.78915 0
      vertex 20.0697 -7.86655 0
      vertex 18.3962 -9.85469 0
    endloop
  endfacet
  facet normal 0 -0 -1
    outer loop
      vertex 19.9412 -7.72664 0
      vertex 20.0007 -7.78915 0
      vertex 18.3962 -9.85469 0
    endloop
  endfacet
  facet normal 0 -0 -1
    outer loop
      vertex 19.8566 -7.64571 0
      vertex 19.9412 -7.72664 0
      vertex 18.3962 -9.85469 0
    endloop
  endfacet
  facet normal 0 0 -1
    outer loop
      vertex 18.2794 -9.79288 0
      vertex 19.8566 -7.64571 0
      vertex 18.3962 -9.85469 0
    endloop
  endfacet
  facet normal 0 0 -1
    outer loop
      vertex 18.2794 -9.79288 0
      vertex 19.7021 -7.51756 0
      vertex 19.8566 -7.64571 0
    endloop
  endfacet
  facet normal 0 0 -1
    outer loop
      vertex 18.2794 -9.79288 0
      vertex 18.1692 -9.73196 0
      vertex 19.7021 -7.51756 0
    endloop
  endfacet
  facet normal 0 0 -1
    outer loop
      vertex 19.7021 -7.51756 0
      vertex 18.1692 -9.73196 0
      vertex 17.9651 -9.61267 0
    endloop
  endfacet
  facet normal 0 -0 -1
    outer loop
      vertex 19.0456 -7.05484 0
      vertex 19.7021 -7.51756 0
      vertex 17.9651 -9.61267 0
    endloop
  endfacet
  facet normal 0 0 -1
    outer loop
      vertex 17.3531 -9.10828 0
      vertex 19.0456 -7.05484 0
      vertex 17.7248 -9.46284 0
    endloop
  endfacet
  facet normal 0 0 -1
    outer loop
      vertex 17.3531 -9.10828 0
      vertex 18.9997 -6.82816 0
      vertex 19.0456 -7.05484 0
    endloop
  endfacet
  facet normal 0 0 -1
    outer loop
      vertex 20.8606 -2.9111 0
      vertex 20.8777 -2.91348 0
      vertex 20.9869 -3.11314 0
    endloop
  endfacet
  facet normal 0 0 -1
    outer loop
      vertex 21.1946 1.30295 0
      vertex 21.3771 -1.16054 0
      vertex 21.1946 -1.30295 0
    endloop
  endfacet
  facet normal 0 0 -1
    outer loop
      vertex 21.1946 1.30295 0
      vertex 21.1998 1.30327 0
      vertex 21.3771 1.16054 0
    endloop
  endfacet
  facet normal -0 0 -1
    outer loop
      vertex 20.996 2.44487 0
      vertex 15.0173 1.57837 0
      vertex 20.8606 2.9111 0
    endloop
  endfacet
  facet normal 0 0 -1
    outer loop
      vertex 13.077 7.54999 0
      vertex 17.1196 9.11102 0
      vertex 13.7945 6.14171 0
    endloop
  endfacet
  facet normal 0 0 -1
    outer loop
      vertex 21.2752 -5.88586 0
      vertex 21.1676 -5.85835 0
      vertex 21.8568 -3.38528 0
    endloop
  endfacet
  facet normal 0 0 -1
    outer loop
      vertex 20.072 -5.37308 0
      vertex 19.855 -5.44164 0
      vertex 19.84 -5.4375 0
    endloop
  endfacet
  facet normal 0 0 -1
    outer loop
      vertex 21.3951 -5.91283 0
      vertex 22.2494 -3.54134 0
      vertex 22.3428 -3.59459 0
    endloop
  endfacet
  facet normal -0 0 -1
    outer loop
      vertex 22.701 -3.83824 0
      vertex 21.8376 -5.98338 0
      vertex 22.5699 -3.74229 0
    endloop
  endfacet
  facet normal -0 0 -1
    outer loop
      vertex 22.8421 -3.94962 0
      vertex 22.0159 -6.0005 0
      vertex 22.701 -3.83824 0
    endloop
  endfacet
  facet normal 0 0 -1
    outer loop
      vertex 22.8421 -3.94962 0
      vertex 22.2109 -6.0126 0
      vertex 22.0159 -6.0005 0
    endloop
  endfacet
  facet normal 0 -0 -1
    outer loop
      vertex 22.8421 -3.94962 0
      vertex 22.9917 -4.07668 0
      vertex 22.2109 -6.0126 0
    endloop
  endfacet
  facet normal 0 0 -1
    outer loop
      vertex 22.2109 -6.0126 0
      vertex 22.9917 -4.07668 0
      vertex 23.1483 -4.21951 0
    endloop
  endfacet
  facet normal 0 0 -1
    outer loop
      vertex 22.4233 -6.01842 0
      vertex 22.2109 -6.0126 0
      vertex 23.1483 -4.21951 0
    endloop
  endfacet
  facet normal 0 0 -1
    outer loop
      vertex 22.701 -3.83824 0
      vertex 22.0159 -6.0005 0
      vertex 21.8376 -5.98338 0
    endloop
  endfacet
  facet normal 0 -0 -1
    outer loop
      vertex 23.1483 -4.21951 0
      vertex 23.3107 -4.37802 0
      vertex 22.4233 -6.01842 0
    endloop
  endfacet
  facet normal 0 0 -1
    outer loop
      vertex 22.4233 -6.01842 0
      vertex 23.3107 -4.37802 0
      vertex 22.6535 -6.01659 0
    endloop
  endfacet
  facet normal 0 0 -1
    outer loop
      vertex 22.6535 -6.01659 0
      vertex 23.3107 -4.37802 0
      vertex 23.4773 -4.55197 0
    endloop
  endfacet
  facet normal -0 0 -1
    outer loop
      vertex 22.902 -6.0056 0
      vertex 22.6535 -6.01659 0
      vertex 23.4773 -4.55197 0
    endloop
  endfacet
  facet normal -0 0 -1
    outer loop
      vertex 23.647 -4.74094 0
      vertex 22.902 -6.0056 0
      vertex 23.4773 -4.55197 0
    endloop
  endfacet
  facet normal 0 0 -1
    outer loop
      vertex 23.647 -4.74094 0
      vertex 23.1687 -5.98392 0
      vertex 22.902 -6.0056 0
    endloop
  endfacet
  facet normal 0 -0 -1
    outer loop
      vertex 23.647 -4.74094 0
      vertex 23.8184 -4.94441 0
      vertex 23.1687 -5.98392 0
    endloop
  endfacet
  facet normal 0 0 -1
    outer loop
      vertex 23.1687 -5.98392 0
      vertex 23.8184 -4.94441 0
      vertex 23.4538 -5.94994 0
    endloop
  endfacet
  facet normal 0 0 -1
    outer loop
      vertex 23.4538 -5.94994 0
      vertex 23.8184 -4.94441 0
      vertex 23.9526 -5.11391 0
    endloop
  endfacet
  facet normal -0 0 -1
    outer loop
      vertex 23.6227 -5.92323 0
      vertex 23.4538 -5.94994 0
      vertex 23.9526 -5.11391 0
    endloop
  endfacet
  facet normal 0 0 -1
    outer loop
      vertex 22.5699 -3.74229 0
      vertex 21.8376 -5.98338 0
      vertex 21.6753 -5.9624 0
    endloop
  endfacet
  facet normal 0 -0 -1
    outer loop
      vertex 22.45 -3.66129 0
      vertex 22.5699 -3.74229 0
      vertex 21.6753 -5.9624 0
    endloop
  endfacet
  facet normal 0 0 -1
    outer loop
      vertex 21.5281 -5.9386 0
      vertex 22.45 -3.66129 0
      vertex 21.6753 -5.9624 0
    endloop
  endfacet
  facet normal 0 0 -1
    outer loop
      vertex 21.5281 -5.9386 0
      vertex 22.3428 -3.59459 0
      vertex 22.45 -3.66129 0
    endloop
  endfacet
  facet normal 0 0 -1
    outer loop
      vertex 21.5281 -5.9386 0
      vertex 21.3951 -5.91283 0
      vertex 22.3428 -3.59459 0
    endloop
  endfacet
  facet normal 0 0 -1
    outer loop
      vertex 21.3951 -5.91283 0
      vertex 22.1709 -3.5005 0
      vertex 22.2494 -3.54134 0
    endloop
  endfacet
  facet normal 0 0 -1
    outer loop
      vertex 21.3951 -5.91283 0
      vertex 21.2752 -5.88586 0
      vertex 22.1709 -3.5005 0
    endloop
  endfacet
  facet normal -0 0 -1
    outer loop
      vertex 22.1709 -3.5005 0
      vertex 21.2752 -5.88586 0
      vertex 22.1081 -3.47093 0
    endloop
  endfacet
  facet normal -0 0 -1
    outer loop
      vertex 22.1081 -3.47093 0
      vertex 21.2752 -5.88586 0
      vertex 22.0254 -3.43744 0
    endloop
  endfacet
  facet normal -0 0 -1
    outer loop
      vertex 22.0254 -3.43744 0
      vertex 21.2752 -5.88586 0
      vertex 21.8568 -3.38528 0
    endloop
  endfacet
  facet normal 0 0 -1
    outer loop
      vertex 21.8568 -3.38528 0
      vertex 21.1676 -5.85835 0
      vertex 21.0711 -5.83083 0
    endloop
  endfacet
  facet normal 0 0 -1
    outer loop
      vertex 20.9848 -5.80367 0
      vertex 21.8568 -3.38528 0
      vertex 21.0711 -5.83083 0
    endloop
  endfacet
  facet normal 0 0 -1
    outer loop
      vertex 20.9848 -5.80367 0
      vertex 20.9075 -5.77716 0
      vertex 21.8568 -3.38528 0
    endloop
  endfacet
  facet normal -0 0 -1
    outer loop
      vertex 21.8568 -3.38528 0
      vertex 20.9075 -5.77716 0
      vertex 21.7097 -3.32576 0
    endloop
  endfacet
  facet normal 0 0 -1
    outer loop
      vertex 21.7097 -3.32576 0
      vertex 20.9075 -5.77716 0
      vertex 20.6787 -5.68987 0
    endloop
  endfacet
  facet normal 0 -0 -1
    outer loop
      vertex 20.9869 -3.11314 0
      vertex 21.7097 -3.32576 0
      vertex 20.6787 -5.68987 0
    endloop
  endfacet
  facet normal 0 0 -1
    outer loop
      vertex 20.072 -5.37308 0
      vertex 20.9869 -3.11314 0
      vertex 20.6787 -5.68987 0
    endloop
  endfacet
  facet normal 0 0 -1
    outer loop
      vertex 20.072 -5.37308 0
      vertex 20.8606 -2.9111 0
      vertex 20.9869 -3.11314 0
    endloop
  endfacet
  facet normal 0 0 -1
    outer loop
      vertex 20.072 5.37308 0
      vertex 19.84 5.4375 0
      vertex 19.855 5.44164 0
    endloop
  endfacet
  facet normal 0 0 -1
    outer loop
      vertex 20.8606 2.9111 0
      vertex 19.84 5.4375 0
      vertex 20.072 5.37308 0
    endloop
  endfacet
  facet normal -0 0 -1
    outer loop
      vertex 17.1196 9.11102 0
      vertex 13.077 7.54999 0
      vertex 16.4044 9.82729 0
    endloop
  endfacet
  facet normal 0 0 -1
    outer loop
      vertex 21.1946 1.30295 0
      vertex 21.3771 1.16054 0
      vertex 21.3771 -1.16054 0
    endloop
  endfacet
  facet normal 0 0 -1
    outer loop
      vertex 22.8144 -1.24272 0
      vertex 22.7064 1.25603 0
      vertex 22.8144 1.24272 0
    endloop
  endfacet
  facet normal 0 0 -1
    outer loop
      vertex 21.3771 -1.16054 0
      vertex 21.1998 -1.30327 0
      vertex 21.1946 -1.30295 0
    endloop
  endfacet
  facet normal -0 0 -1
    outer loop
      vertex 22.9388 -1.22255 0
      vertex 22.8144 -1.24272 0
      vertex 22.8144 1.24272 0
    endloop
  endfacet
  facet normal 0 0 -1
    outer loop
      vertex 23.0797 1.19406 0
      vertex 23.2372 1.15579 0
      vertex 23.2372 -1.15579 0
    endloop
  endfacet
  facet normal 0 0 -1
    outer loop
      vertex 23.2372 1.15579 0
      vertex 23.4108 1.10631 0
      vertex 23.4108 -1.10631 0
    endloop
  endfacet
  facet normal 0 0 -1
    outer loop
      vertex 23.2372 -1.15579 0
      vertex 23.2372 1.15579 0
      vertex 23.4108 -1.10631 0
    endloop
  endfacet
  facet normal -0 0 -1
    outer loop
      vertex 23.6 -1.04416 0
      vertex 23.4108 -1.10631 0
      vertex 23.4108 1.10631 0
    endloop
  endfacet
  facet normal -0 0 -1
    outer loop
      vertex 23.8042 -0.968063 0
      vertex 23.6 -1.04416 0
      vertex 23.6 1.04416 0
    endloop
  endfacet
  facet normal -0 0 -1
    outer loop
      vertex 24.0222 -0.876785 0
      vertex 23.8042 -0.968063 0
      vertex 23.8042 0.968063 0
    endloop
  endfacet
  facet normal -0 -0 -1
    outer loop
      vertex 24.0222 0.876785 0
      vertex 24.0222 -0.876785 0
      vertex 23.8042 0.968063 0
    endloop
  endfacet
  facet normal -0 -0 -1
    outer loop
      vertex 24.253 0.769287 0
      vertex 24.253 -0.769287 0
      vertex 24.0222 0.876785 0
    endloop
  endfacet
  facet normal 0 0 -1
    outer loop
      vertex 24.253 0.769287 0
      vertex 24.4952 -0.644684 0
      vertex 24.253 -0.769287 0
    endloop
  endfacet
  facet normal 0 0 -1
    outer loop
      vertex 24.253 0.769287 0
      vertex 24.4952 0.644684 0
      vertex 24.4952 -0.644684 0
    endloop
  endfacet
  facet normal 0 0 -1
    outer loop
      vertex 24.4952 -0.644684 0
      vertex 24.4952 0.644684 0
      vertex 24.8993 0 0
    endloop
  endfacet
  facet normal 0 0 -1
    outer loop
      vertex 24.0222 0.876785 0
      vertex 24.253 -0.769287 0
      vertex 24.0222 -0.876785 0
    endloop
  endfacet
  facet normal -0 -0 -1
    outer loop
      vertex 24.7475 0.502258 0
      vertex 24.8993 0 0
      vertex 24.4952 0.644684 0
    endloop
  endfacet
  facet normal 0 0 -1
    outer loop
      vertex 24.7475 0.502258 0
      vertex 24.8747 0.423782 0
      vertex 24.8993 0 0
    endloop
  endfacet
  facet normal -0 0 -1
    outer loop
      vertex 24.7475 -0.502258 0
      vertex 24.4952 -0.644684 0
      vertex 24.8993 0 0
    endloop
  endfacet
  facet normal -0 0 -1
    outer loop
      vertex 24.8747 -0.423782 0
      vertex 24.7475 -0.502258 0
      vertex 24.8993 0 0
    endloop
  endfacet
  facet normal -0 -0 -1
    outer loop
      vertex 23.8042 0.968063 0
      vertex 23.8042 -0.968063 0
      vertex 23.6 1.04416 0
    endloop
  endfacet
  facet normal -0 -0 -1
    outer loop
      vertex 23.6 1.04416 0
      vertex 23.6 -1.04416 0
      vertex 23.4108 1.10631 0
    endloop
  endfacet
  facet normal 0 0 -1
    outer loop
      vertex 23.0797 -1.19406 0
      vertex 23.0797 1.19406 0
      vertex 23.2372 -1.15579 0
    endloop
  endfacet
  facet normal 0 0 -1
    outer loop
      vertex 23.0797 -1.19406 0
      vertex 22.9388 1.22255 0
      vertex 23.0797 1.19406 0
    endloop
  endfacet
  facet normal -0 0 -1
    outer loop
      vertex 23.0797 -1.19406 0
      vertex 22.9388 -1.22255 0
      vertex 22.9388 1.22255 0
    endloop
  endfacet
  facet normal -0 -0 -1
    outer loop
      vertex 22.9388 1.22255 0
      vertex 22.9388 -1.22255 0
      vertex 22.8144 1.24272 0
    endloop
  endfacet
  facet normal -0 0 -1
    outer loop
      vertex 22.8144 -1.24272 0
      vertex 22.7064 -1.25603 0
      vertex 22.7064 1.25603 0
    endloop
  endfacet
  facet normal -0 -0 -1
    outer loop
      vertex 22.7064 1.25603 0
      vertex 22.7064 -1.25603 0
      vertex 22.6145 1.26387 0
    endloop
  endfacet
  facet normal 0 0 -1
    outer loop
      vertex 22.6145 1.26387 0
      vertex 22.7064 -1.25603 0
      vertex 22.6145 -1.26387 0
    endloop
  endfacet
  facet normal 0 0 -1
    outer loop
      vertex 22.5381 1.26755 0
      vertex 22.6145 1.26387 0
      vertex 22.6145 -1.26387 0
    endloop
  endfacet
  facet normal 0 0 -1
    outer loop
      vertex 22.5381 -1.26755 0
      vertex 22.5381 1.26755 0
      vertex 22.6145 -1.26387 0
    endloop
  endfacet
  facet normal 0 0 -1
    outer loop
      vertex 22.5381 -1.26755 0
      vertex 22.4292 1.2672 0
      vertex 22.5381 1.26755 0
    endloop
  endfacet
  facet normal 0 0 -1
    outer loop
      vertex 22.5381 -1.26755 0
      vertex 22.4292 -1.2672 0
      vertex 22.4292 1.2672 0
    endloop
  endfacet
  facet normal 0 -0 -1
    outer loop
      vertex 22.4292 1.2672 0
      vertex 22.4292 -1.2672 0
      vertex 22.2241 1.25221 0
    endloop
  endfacet
  facet normal 0 0 -1
    outer loop
      vertex 22.2241 1.25221 0
      vertex 22.4292 -1.2672 0
      vertex 22.2241 -1.25221 0
    endloop
  endfacet
  facet normal 0 0 -1
    outer loop
      vertex 21.3771 1.16054 0
      vertex 22.2241 1.25221 0
      vertex 22.2241 -1.25221 0
    endloop
  endfacet
  facet normal 0 0 -1
    outer loop
      vertex 21.3771 -1.16054 0
      vertex 21.3771 1.16054 0
      vertex 22.2241 -1.25221 0
    endloop
  endfacet
  facet normal 0 0 -1
    outer loop
      vertex 20.6787 5.68987 0
      vertex 21.7097 3.32576 0
      vertex 20.9869 3.11314 0
    endloop
  endfacet
  facet normal 0 0 -1
    outer loop
      vertex 20.072 5.37308 0
      vertex 20.9869 3.11314 0
      vertex 20.8606 2.9111 0
    endloop
  endfacet
  facet normal 0 0 -1
    outer loop
      vertex 21.7097 3.32576 0
      vertex 20.8385 5.7515 0
      vertex 21.8568 3.38528 0
    endloop
  endfacet
  facet normal 0 0 -1
    outer loop
      vertex 20.6787 5.68987 0
      vertex 20.8385 5.7515 0
      vertex 21.7097 3.32576 0
    endloop
  endfacet
  facet normal 0 0 -1
    outer loop
      vertex 21.8568 3.38528 0
      vertex 20.8385 5.7515 0
      vertex 20.9848 5.80367 0
    endloop
  endfacet
  facet normal 0 0 -1
    outer loop
      vertex 22.2494 3.54134 0
      vertex 21.3951 5.91283 0
      vertex 22.3428 3.59459 0
    endloop
  endfacet
  facet normal 0 0 -1
    outer loop
      vertex 20.9869 3.11314 0
      vertex 20.8777 2.91348 0
      vertex 20.8606 2.9111 0
    endloop
  endfacet
  facet normal 0 0 -1
    outer loop
      vertex 22.701 3.83824 0
      vertex 21.8376 5.98338 0
      vertex 22.0159 6.0005 0
    endloop
  endfacet
  facet normal 0 0 -1
    outer loop
      vertex 22.902 6.0056 0
      vertex 23.647 4.74094 0
      vertex 23.4773 4.55197 0
    endloop
  endfacet
  facet normal 0 0 -1
    outer loop
      vertex 21.6753 5.9624 0
      vertex 22.5699 3.74229 0
      vertex 22.45 3.66129 0
    endloop
  endfacet
  facet normal 0 0 -1
    outer loop
      vertex 22.3428 3.59459 0
      vertex 21.5281 5.9386 0
      vertex 22.45 3.66129 0
    endloop
  endfacet
  facet normal 0 0 -1
    outer loop
      vertex 21.8376 5.98338 0
      vertex 22.701 3.83824 0
      vertex 22.5699 3.74229 0
    endloop
  endfacet
  facet normal 0 0 -1
    outer loop
      vertex 22.0159 6.0005 0
      vertex 22.8421 3.94962 0
      vertex 22.701 3.83824 0
    endloop
  endfacet
  facet normal 0 0 -1
    outer loop
      vertex 22.2109 6.0126 0
      vertex 22.9917 4.07668 0
      vertex 22.8421 3.94962 0
    endloop
  endfacet
  facet normal 0 -0 -1
    outer loop
      vertex 22.4233 6.01842 0
      vertex 23.1483 4.21951 0
      vertex 22.2109 6.0126 0
    endloop
  endfacet
  facet normal -0 -0 -1
    outer loop
      vertex 22.6535 6.01659 0
      vertex 23.3107 4.37802 0
      vertex 22.4233 6.01842 0
    endloop
  endfacet
  facet normal 0 0 -1
    outer loop
      vertex 22.6535 6.01659 0
      vertex 23.4773 4.55197 0
      vertex 23.3107 4.37802 0
    endloop
  endfacet
  facet normal 0 0 -1
    outer loop
      vertex 22.6535 6.01659 0
      vertex 22.902 6.0056 0
      vertex 23.4773 4.55197 0
    endloop
  endfacet
  facet normal 0 0 -1
    outer loop
      vertex 22.902 6.0056 0
      vertex 23.1687 5.98392 0
      vertex 23.647 4.74094 0
    endloop
  endfacet
  facet normal -0 0 -1
    outer loop
      vertex 23.3107 4.37802 0
      vertex 23.1483 4.21951 0
      vertex 22.4233 6.01842 0
    endloop
  endfacet
  facet normal -0 0 -1
    outer loop
      vertex 23.1483 4.21951 0
      vertex 22.9917 4.07668 0
      vertex 22.2109 6.0126 0
    endloop
  endfacet
  facet normal 0 0 -1
    outer loop
      vertex 23.1687 5.98392 0
      vertex 23.8184 4.94441 0
      vertex 23.647 4.74094 0
    endloop
  endfacet
  facet normal 0 0 -1
    outer loop
      vertex 23.1687 5.98392 0
      vertex 23.4538 5.94994 0
      vertex 23.8184 4.94441 0
    endloop
  endfacet
  facet normal 0 0 -1
    outer loop
      vertex 23.8184 4.94441 0
      vertex 23.4538 5.94994 0
      vertex 23.9526 5.11391 0
    endloop
  endfacet
  facet normal 0 0 -1
    outer loop
      vertex 23.9526 5.11391 0
      vertex 23.4538 5.94994 0
      vertex 23.6227 5.92323 0
    endloop
  endfacet
  facet normal 0 -0 -1
    outer loop
      vertex 22.2109 6.0126 0
      vertex 22.8421 3.94962 0
      vertex 22.0159 6.0005 0
    endloop
  endfacet
  facet normal 0 0 -1
    outer loop
      vertex 22.5699 3.74229 0
      vertex 21.6753 5.9624 0
      vertex 21.8376 5.98338 0
    endloop
  endfacet
  facet normal 0 0 -1
    outer loop
      vertex 22.45 3.66129 0
      vertex 21.5281 5.9386 0
      vertex 21.6753 5.9624 0
    endloop
  endfacet
  facet normal 0 0 -1
    outer loop
      vertex 22.3428 3.59459 0
      vertex 21.3951 5.91283 0
      vertex 21.5281 5.9386 0
    endloop
  endfacet
  facet normal -0 0 -1
    outer loop
      vertex 22.2494 3.54134 0
      vertex 22.1709 3.5005 0
      vertex 21.3951 5.91283 0
    endloop
  endfacet
  facet normal 0 -0 -1
    outer loop
      vertex 21.3951 5.91283 0
      vertex 22.1709 3.5005 0
      vertex 21.2752 5.88586 0
    endloop
  endfacet
  facet normal 0 0 -1
    outer loop
      vertex 21.2752 5.88586 0
      vertex 22.1709 3.5005 0
      vertex 22.1081 3.47093 0
    endloop
  endfacet
  facet normal 0 0 -1
    outer loop
      vertex 22.0325 3.44016 0
      vertex 21.2752 5.88586 0
      vertex 22.1081 3.47093 0
    endloop
  endfacet
  facet normal -0 0 -1
    outer loop
      vertex 22.0325 3.44016 0
      vertex 21.8568 3.38528 0
      vertex 21.2752 5.88586 0
    endloop
  endfacet
  facet normal 0 -0 -1
    outer loop
      vertex 21.2752 5.88586 0
      vertex 21.8568 3.38528 0
      vertex 21.1676 5.85835 0
    endloop
  endfacet
  facet normal 0 -0 -1
    outer loop
      vertex 21.1676 5.85835 0
      vertex 21.8568 3.38528 0
      vertex 21.0711 5.83083 0
    endloop
  endfacet
  facet normal 0 -0 -1
    outer loop
      vertex 20.6787 5.68987 0
      vertex 20.9869 3.11314 0
      vertex 20.072 5.37308 0
    endloop
  endfacet
  facet normal 0 -0 -1
    outer loop
      vertex 17.1256 9.11417 0
      vertex 17.3531 9.10828 0
      vertex 17.1196 9.11102 0
    endloop
  endfacet
  facet normal 0 0 -1
    outer loop
      vertex 17.1196 9.11102 0
      vertex 17.3531 9.10828 0
      vertex 18.9997 6.82816 0
    endloop
  endfacet
  facet normal 0 0 -1
    outer loop
      vertex 12.2162 8.87555 0
      vertex 16.0061 10.1855 0
      vertex 13.077 7.54999 0
    endloop
  endfacet
  facet normal 0 0 -1
    outer loop
      vertex 17.3531 9.10828 0
      vertex 19.0456 7.05484 0
      vertex 18.9997 6.82816 0
    endloop
  endfacet
  facet normal 0 0 -1
    outer loop
      vertex 11.2215 10.1039 0
      vertex 12.5347 12.9014 0
      vertex 13.4906 12.225 0
    endloop
  endfacet
  facet normal 0 0 -1
    outer loop
      vertex 19.0456 7.05484 0
      vertex 17.3531 9.10828 0
      vertex 17.7248 9.46284 0
    endloop
  endfacet
  facet normal 0 -0 -1
    outer loop
      vertex 17.8698 9.55385 0
      vertex 19.0456 7.05484 0
      vertex 17.7248 9.46284 0
    endloop
  endfacet
  facet normal 0 0 -1
    outer loop
      vertex 18.0646 9.67198 0
      vertex 18.2794 9.79288 0
      vertex 19.7021 7.51756 0
    endloop
  endfacet
  facet normal 0 0 -1
    outer loop
      vertex 17.8698 9.55385 0
      vertex 19.7021 7.51756 0
      vertex 19.0456 7.05484 0
    endloop
  endfacet
  facet normal 0 0 -1
    outer loop
      vertex 20.0697 7.86655 0
      vertex 18.5206 9.91747 0
      vertex 20.1469 7.95879 0
    endloop
  endfacet
  facet normal 0 0 -1
    outer loop
      vertex 19.1123 10.1772 0
      vertex 19.2887 10.2433 0
      vertex 20.5123 8.47028 0
    endloop
  endfacet
  facet normal 0 0 -1
    outer loop
      vertex 19.0456 7.05484 0
      vertex 19.0066 6.83064 0
      vertex 18.9997 6.82816 0
    endloop
  endfacet
  facet normal 0 -0 -1
    outer loop
      vertex 20.3946 10.5567 0
      vertex 20.9282 10.2868 0
      vertex 20.1402 10.4987 0
    endloop
  endfacet
  facet normal 0 0 -1
    outer loop
      vertex 18.9483 10.1113 0
      vertex 19.1123 10.1772 0
      vertex 20.4148 8.32188 0
    endloop
  endfacet
  facet normal 0 0 -1
    outer loop
      vertex 20.3206 8.18684 0
      vertex 18.9483 10.1113 0
      vertex 20.4148 8.32188 0
    endloop
  endfacet
  facet normal -0 0 -1
    outer loop
      vertex 20.5123 8.47028 0
      vertex 20.4148 8.32188 0
      vertex 19.1123 10.1772 0
    endloop
  endfacet
  facet normal -0 0 -1
    outer loop
      vertex 20.6121 8.63136 0
      vertex 20.5123 8.47028 0
      vertex 19.2887 10.2433 0
    endloop
  endfacet
  facet normal 0 0 -1
    outer loop
      vertex 20.7133 8.80443 0
      vertex 19.2887 10.2433 0
      vertex 19.4787 10.3091 0
    endloop
  endfacet
  facet normal 0 0 -1
    outer loop
      vertex 20.8152 8.98875 0
      vertex 19.4787 10.3091 0
      vertex 19.6832 10.374 0
    endloop
  endfacet
  facet normal -0 0 -1
    outer loop
      vertex 20.9171 9.1835 0
      vertex 20.8152 8.98875 0
      vertex 19.6832 10.374 0
    endloop
  endfacet
  facet normal -0 0 -1
    outer loop
      vertex 20.8152 8.98875 0
      vertex 20.7133 8.80443 0
      vertex 19.4787 10.3091 0
    endloop
  endfacet
  facet normal 0 0 -1
    outer loop
      vertex 19.6832 10.374 0
      vertex 19.9034 10.4375 0
      vertex 20.9171 9.1835 0
    endloop
  endfacet
  facet normal 0 0 -1
    outer loop
      vertex 20.9171 9.1835 0
      vertex 19.9034 10.4375 0
      vertex 21.0181 9.38785 0
    endloop
  endfacet
  facet normal 0 0 -1
    outer loop
      vertex 21.0181 9.38785 0
      vertex 19.9034 10.4375 0
      vertex 20.1402 10.4987 0
    endloop
  endfacet
  facet normal -0 -0 -1
    outer loop
      vertex 20.9282 10.2868 0
      vertex 21.0181 9.38785 0
      vertex 20.1402 10.4987 0
    endloop
  endfacet
  facet normal 0 0 -1
    outer loop
      vertex 20.3946 10.5567 0
      vertex 20.6465 10.6063 0
      vertex 20.9282 10.2868 0
    endloop
  endfacet
  facet normal 0 0 -1
    outer loop
      vertex 21.0181 9.38785 0
      vertex 20.9282 10.2868 0
      vertex 21.1179 9.60092 0
    endloop
  endfacet
  facet normal 0 0 -1
    outer loop
      vertex 21.1179 9.60092 0
      vertex 20.9282 10.2868 0
      vertex 21.2398 9.87889 0
    endloop
  endfacet
  facet normal 0 0 -1
    outer loop
      vertex 20.6121 8.63136 0
      vertex 19.2887 10.2433 0
      vertex 20.7133 8.80443 0
    endloop
  endfacet
  facet normal 0 -0 -1
    outer loop
      vertex 18.9483 10.1113 0
      vertex 20.3206 8.18684 0
      vertex 18.7957 10.0458 0
    endloop
  endfacet
  facet normal 0 0 -1
    outer loop
      vertex 18.7957 10.0458 0
      vertex 20.3206 8.18684 0
      vertex 20.2309 8.06566 0
    endloop
  endfacet
  facet normal 0 0 -1
    outer loop
      vertex 18.6535 9.9812 0
      vertex 18.7957 10.0458 0
      vertex 20.2309 8.06566 0
    endloop
  endfacet
  facet normal 0 0 -1
    outer loop
      vertex 20.1469 7.95879 0
      vertex 18.6535 9.9812 0
      vertex 20.2309 8.06566 0
    endloop
  endfacet
  facet normal 0 0 -1
    outer loop
      vertex 20.1469 7.95879 0
      vertex 18.5206 9.91747 0
      vertex 18.6535 9.9812 0
    endloop
  endfacet
  facet normal 0 0 -1
    outer loop
      vertex 20.0697 7.86655 0
      vertex 18.3962 9.85469 0
      vertex 18.5206 9.91747 0
    endloop
  endfacet
  facet normal -0 0 -1
    outer loop
      vertex 20.0697 7.86655 0
      vertex 20.0007 7.78915 0
      vertex 18.3962 9.85469 0
    endloop
  endfacet
  facet normal 0 0 -1
    outer loop
      vertex 18.3962 9.85469 0
      vertex 20.0007 7.78915 0
      vertex 19.9412 7.72664 0
    endloop
  endfacet
  facet normal 0 0 -1
    outer loop
      vertex 19.8566 7.64571 0
      vertex 18.3962 9.85469 0
      vertex 19.9412 7.72664 0
    endloop
  endfacet
  facet normal 0 0 -1
    outer loop
      vertex 19.8566 7.64571 0
      vertex 18.2794 9.79288 0
      vertex 18.3962 9.85469 0
    endloop
  endfacet
  facet normal -0 0 -1
    outer loop
      vertex 19.8566 7.64571 0
      vertex 19.7021 7.51756 0
      vertex 18.2794 9.79288 0
    endloop
  endfacet
  facet normal 0 0 -1
    outer loop
      vertex 11.2215 10.1039 0
      vertex 10.1039 11.2215 0
      vertex 12.5347 12.9014 0
    endloop
  endfacet
  facet normal 0 0 -1
    outer loop
      vertex 10.1039 11.2215 0
      vertex 8.87555 12.2162 0
      vertex 12.2674 13.2775 0
    endloop
  endfacet
  facet normal 0 -0 -1
    outer loop
      vertex 13.7164 12.2601 0
      vertex 16.0061 10.1855 0
      vertex 13.4906 12.225 0
    endloop
  endfacet
  facet normal 0 0 -1
    outer loop
      vertex 19.5901 -5.91245 0
      vertex 14.3609 -4.66615 0
      vertex 14.77 -3.13947 0
    endloop
  endfacet
  facet normal -0 0 -1
    outer loop
      vertex 9.39795 14.8915 0
      vertex 7.54999 13.077 0
      vertex 8.45418 15.4402 0
    endloop
  endfacet
  facet normal 0 0 -1
    outer loop
      vertex 16.0006 10.4173 0
      vertex 13.7164 12.2601 0
      vertex 13.9458 12.5727 0
    endloop
  endfacet
  facet normal 0 0 -1
    outer loop
      vertex 13.9458 12.5727 0
      vertex 14.3008 12.8504 0
      vertex 16.0006 10.4173 0
    endloop
  endfacet
  facet normal -0 0 -1
    outer loop
      vertex 18.9997 -6.82816 0
      vertex 17.1196 -9.11102 0
      vertex 13.7945 -6.14171 0
    endloop
  endfacet
  facet normal 0 -0 -1
    outer loop
      vertex 8.19688 15.5836 0
      vertex 8.45418 15.4402 0
      vertex 7.54999 13.077 0
    endloop
  endfacet
  facet normal 0 -0 -1
    outer loop
      vertex 13.7945 -6.14171 0
      vertex 17.1196 -9.11102 0
      vertex 13.077 -7.54999 0
    endloop
  endfacet
  facet normal 0 0 -1
    outer loop
      vertex 16.6877 11.3466 0
      vertex 14.5328 13.0243 0
      vertex 14.7789 13.2012 0
    endloop
  endfacet
  facet normal 0 -0 -1
    outer loop
      vertex 15.4851 13.6643 0
      vertex 17.1058 12.3548 0
      vertex 15.3307 13.5687 0
    endloop
  endfacet
  facet normal 0 0 -1
    outer loop
      vertex 16.0006 10.4173 0
      vertex 16.0132 10.19 0
      vertex 16.0061 10.1855 0
    endloop
  endfacet
  facet normal 0 0 -1
    outer loop
      vertex 15.6478 13.7617 0
      vertex 15.8198 13.8609 0
      vertex 17.2267 12.7195 0
    endloop
  endfacet
  facet normal 0 0 -1
    outer loop
      vertex 16.8602 11.718 0
      vertex 15.0431 13.3822 0
      vertex 16.9211 11.8637 0
    endloop
  endfacet
  facet normal 0 0 -1
    outer loop
      vertex 16.9211 11.8637 0
      vertex 15.1836 13.4747 0
      vertex 16.9826 12.0189 0
    endloop
  endfacet
  facet normal 0 0 -1
    outer loop
      vertex 16.9826 12.0189 0
      vertex 15.1836 13.4747 0
      vertex 15.3307 13.5687 0
    endloop
  endfacet
  facet normal 0 0 -1
    outer loop
      vertex 17.0444 12.1828 0
      vertex 15.3307 13.5687 0
      vertex 17.1058 12.3548 0
    endloop
  endfacet
  facet normal 0 0 -1
    outer loop
      vertex 15.4851 13.6643 0
      vertex 15.6478 13.7617 0
      vertex 17.1667 12.534 0
    endloop
  endfacet
  facet normal 0 0 -1
    outer loop
      vertex 17.1667 12.534 0
      vertex 15.6478 13.7617 0
      vertex 17.2267 12.7195 0
    endloop
  endfacet
  facet normal 0 0 -1
    outer loop
      vertex 17.2267 12.7195 0
      vertex 15.8198 13.8609 0
      vertex 17.2855 12.9106 0
    endloop
  endfacet
  facet normal 0 0 -1
    outer loop
      vertex 17.2855 12.9106 0
      vertex 15.8198 13.8609 0
      vertex 16.0019 13.9617 0
    endloop
  endfacet
  facet normal -0 0 -1
    outer loop
      vertex 17.3431 13.1066 0
      vertex 17.2855 12.9106 0
      vertex 16.0019 13.9617 0
    endloop
  endfacet
  facet normal 0 -0 -1
    outer loop
      vertex 16.1951 14.0644 0
      vertex 17.3431 13.1066 0
      vertex 16.0019 13.9617 0
    endloop
  endfacet
  facet normal 0 0 -1
    outer loop
      vertex 16.1951 14.0644 0
      vertex 17.3992 13.3068 0
      vertex 17.3431 13.1066 0
    endloop
  endfacet
  facet normal 0 -0 -1
    outer loop
      vertex 16.7216 14.3209 0
      vertex 16.7504 14.299 0
      vertex 16.6192 14.2741 0
    endloop
  endfacet
  facet normal 0 0 -1
    outer loop
      vertex 17.3992 13.3068 0
      vertex 16.1951 14.0644 0
      vertex 16.4005 14.1686 0
    endloop
  endfacet
  facet normal -0 0 -1
    outer loop
      vertex 17.4538 13.5107 0
      vertex 17.3992 13.3068 0
      vertex 16.4005 14.1686 0
    endloop
  endfacet
  facet normal 0 -0 -1
    outer loop
      vertex 16.6192 14.2741 0
      vertex 17.4538 13.5107 0
      vertex 16.4005 14.1686 0
    endloop
  endfacet
  facet normal 0 0 -1
    outer loop
      vertex 16.6192 14.2741 0
      vertex 16.7504 14.299 0
      vertex 17.4538 13.5107 0
    endloop
  endfacet
  facet normal 0 0 -1
    outer loop
      vertex 17.4538 13.5107 0
      vertex 16.7504 14.299 0
      vertex 17.4985 13.6855 0
    endloop
  endfacet
  facet normal 0 0 -1
    outer loop
      vertex 15.4851 13.6643 0
      vertex 17.1667 12.534 0
      vertex 17.1058 12.3548 0
    endloop
  endfacet
  facet normal 0 0 -1
    outer loop
      vertex 15.3307 13.5687 0
      vertex 17.0444 12.1828 0
      vertex 16.9826 12.0189 0
    endloop
  endfacet
  facet normal 0 -0 -1
    outer loop
      vertex 15.1836 13.4747 0
      vertex 16.9211 11.8637 0
      vertex 15.0431 13.3822 0
    endloop
  endfacet
  facet normal 0 -0 -1
    outer loop
      vertex 15.0431 13.3822 0
      vertex 16.8602 11.718 0
      vertex 14.7789 13.2012 0
    endloop
  endfacet
  facet normal 0 0 -1
    outer loop
      vertex 14.7789 13.2012 0
      vertex 16.8602 11.718 0
      vertex 16.8006 11.5828 0
    endloop
  endfacet
  facet normal 0 0 -1
    outer loop
      vertex 16.7429 11.4587 0
      vertex 14.7789 13.2012 0
      vertex 16.8006 11.5828 0
    endloop
  endfacet
  facet normal -0 0 -1
    outer loop
      vertex 16.7429 11.4587 0
      vertex 16.6877 11.3466 0
      vertex 14.7789 13.2012 0
    endloop
  endfacet
  facet normal -0 0 -1
    outer loop
      vertex 16.6877 11.3466 0
      vertex 16.636 11.2472 0
      vertex 14.5328 13.0243 0
    endloop
  endfacet
  facet normal 0 0 -1
    outer loop
      vertex 14.5328 13.0243 0
      vertex 16.636 11.2472 0
      vertex 16.5887 11.161 0
    endloop
  endfacet
  facet normal 0 0 -1
    outer loop
      vertex 16.5466 11.0888 0
      vertex 14.5328 13.0243 0
      vertex 16.5887 11.161 0
    endloop
  endfacet
  facet normal 0 0 -1
    outer loop
      vertex 16.5466 11.0888 0
      vertex 14.3008 12.8504 0
      vertex 14.5328 13.0243 0
    endloop
  endfacet
  facet normal -0 0 -1
    outer loop
      vertex 16.5466 11.0888 0
      vertex 16.4193 10.8864 0
      vertex 14.3008 12.8504 0
    endloop
  endfacet
  facet normal 0 0 -1
    outer loop
      vertex 14.3008 12.8504 0
      vertex 16.4193 10.8864 0
      vertex 16.0006 10.4173 0
    endloop
  endfacet
  facet normal 0 0 -1
    outer loop
      vertex 5.36493 17.2626 0
      vertex 8.13617 15.8046 0
      vertex 6.14171 13.7945 0
    endloop
  endfacet
  facet normal 0 0 -1
    outer loop
      vertex 8.87555 12.2162 0
      vertex 9.39795 14.8915 0
      vertex 9.61908 14.9484 0
    endloop
  endfacet
  facet normal 0 0 -1
    outer loop
      vertex 16.0061 -10.1855 0
      vertex 13.077 -7.54999 0
      vertex 16.4044 -9.82729 0
    endloop
  endfacet
  facet normal 0 -0 -1
    outer loop
      vertex 10.0332 15.4738 0
      vertex 12.2674 13.2775 0
      vertex 9.61908 14.9484 0
    endloop
  endfacet
  facet normal 0 0 -1
    outer loop
      vertex 4.66615 14.3609 0
      vertex 3.13947 14.77 0
      vertex 5.14909 17.187 0
    endloop
  endfacet
  facet normal 0 0 -1
    outer loop
      vertex 10.0332 15.4738 0
      vertex 9.61908 14.9484 0
      vertex 9.8075 15.2652 0
    endloop
  endfacet
  facet normal 0 0 -1
    outer loop
      vertex 12.7003 14.161 0
      vertex 10.4796 15.8673 0
      vertex 12.7806 14.4298 0
    endloop
  endfacet
  facet normal 0 0 -1
    outer loop
      vertex 11.2597 16.5041 0
      vertex 13.0209 15.3932 0
      vertex 12.9426 15.0512 0
    endloop
  endfacet
  facet normal 0 0 -1
    outer loop
      vertex 12.2674 13.2775 0
      vertex 12.3111 13.0541 0
      vertex 12.3091 13.052 0
    endloop
  endfacet
  facet normal 0 -0 -1
    outer loop
      vertex 11.5516 16.7273 0
      vertex 13.0964 15.7509 0
      vertex 11.2597 16.5041 0
    endloop
  endfacet
  facet normal 0 0 -1
    outer loop
      vertex 12.6236 13.9285 0
      vertex 12.5291 13.6669 0
      vertex 12.2674 13.2775 0
    endloop
  endfacet
  facet normal 0 -0 -1
    outer loop
      vertex 10.9853 16.2868 0
      vertex 12.862 14.7285 0
      vertex 10.7255 16.0745 0
    endloop
  endfacet
  facet normal 0 0 -1
    outer loop
      vertex 11.5516 16.7273 0
      vertex 13.1686 16.1223 0
      vertex 13.0964 15.7509 0
    endloop
  endfacet
  facet normal 0 0 -1
    outer loop
      vertex 11.5516 16.7273 0
      vertex 11.8649 16.9578 0
      vertex 13.1686 16.1223 0
    endloop
  endfacet
  facet normal 0 0 -1
    outer loop
      vertex 13.1686 16.1223 0
      vertex 11.8649 16.9578 0
      vertex 12.0312 17.0764 0
    endloop
  endfacet
  facet normal -0 0 -1
    outer loop
      vertex 13.2376 16.5074 0
      vertex 13.1686 16.1223 0
      vertex 12.0312 17.0764 0
    endloop
  endfacet
  facet normal 0 -0 -1
    outer loop
      vertex 12.205 17.1973 0
      vertex 13.2376 16.5074 0
      vertex 12.0312 17.0764 0
    endloop
  endfacet
  facet normal 0 0 -1
    outer loop
      vertex 12.205 17.1973 0
      vertex 13.2775 16.7509 0
      vertex 13.2376 16.5074 0
    endloop
  endfacet
  facet normal 0 0 -1
    outer loop
      vertex 12.205 17.1973 0
      vertex 12.3826 17.3177 0
      vertex 13.2775 16.7509 0
    endloop
  endfacet
  facet normal 0 0 -1
    outer loop
      vertex 11.2597 16.5041 0
      vertex 13.0964 15.7509 0
      vertex 13.0209 15.3932 0
    endloop
  endfacet
  facet normal 0 0 -1
    outer loop
      vertex 10.9853 16.2868 0
      vertex 11.2597 16.5041 0
      vertex 12.9426 15.0512 0
    endloop
  endfacet
  facet normal 0 0 -1
    outer loop
      vertex 12.862 14.7285 0
      vertex 10.9853 16.2868 0
      vertex 12.9426 15.0512 0
    endloop
  endfacet
  facet normal 0 0 -1
    outer loop
      vertex 12.7806 14.4298 0
      vertex 10.7255 16.0745 0
      vertex 12.862 14.7285 0
    endloop
  endfacet
  facet normal 0 0 -1
    outer loop
      vertex 12.7806 14.4298 0
      vertex 10.4796 15.8673 0
      vertex 10.7255 16.0745 0
    endloop
  endfacet
  facet normal 0 0 -1
    outer loop
      vertex 12.7003 14.161 0
      vertex 10.2481 15.6664 0
      vertex 10.4796 15.8673 0
    endloop
  endfacet
  facet normal -0 0 -1
    outer loop
      vertex 12.7003 14.161 0
      vertex 12.6236 13.9285 0
      vertex 10.2481 15.6664 0
    endloop
  endfacet
  facet normal 0 -0 -1
    outer loop
      vertex 10.2481 15.6664 0
      vertex 12.6236 13.9285 0
      vertex 10.0332 15.4738 0
    endloop
  endfacet
  facet normal 0 0 -1
    outer loop
      vertex 10.0332 15.4738 0
      vertex 12.6236 13.9285 0
      vertex 12.2674 13.2775 0
    endloop
  endfacet
  facet normal 0 -0 -1
    outer loop
      vertex 0.708801 18.9973 0
      vertex 0.818085 18.9598 0
      vertex 0 15.1 0
    endloop
  endfacet
  facet normal 0 0 -1
    outer loop
      vertex -17.7552 0.85614 0
      vertex -17.5936 0.693039 0
      vertex -17.5965 0.693146 0
    endloop
  endfacet
  facet normal 0 0 -1
    outer loop
      vertex -14.3609 4.66615 0
      vertex -17.4069 4.80888 0
      vertex -17.3288 5.5695 0
    endloop
  endfacet
  facet normal 0 -0 -1
    outer loop
      vertex 5.14964 17.1888 0
      vertex 5.36493 17.2626 0
      vertex 5.14909 17.187 0
    endloop
  endfacet
  facet normal -0 0 -1
    outer loop
      vertex -14.3609 4.66615 0
      vertex -17.4566 4.13368 0
      vertex -17.4069 4.80888 0
    endloop
  endfacet
  facet normal 0 -0 -1
    outer loop
      vertex 5.36493 17.2626 0
      vertex 6.14171 13.7945 0
      vertex 4.66615 14.3609 0
    endloop
  endfacet
  facet normal 0 0 -1
    outer loop
      vertex -13.077 7.54999 0
      vertex -16.6117 9.70027 0
      vertex -12.2162 8.87555 0
    endloop
  endfacet
  facet normal 0 0 -1
    outer loop
      vertex 5.91365 18.0793 0
      vertex 6.10625 18.2833 0
      vertex 8.50171 17.0092 0
    endloop
  endfacet
  facet normal -0 0 -1
    outer loop
      vertex 8.71051 18.3676 0
      vertex 8.66312 18.0033 0
      vertex 7.0925 19.2172 0
    endloop
  endfacet
  facet normal 0 0 -1
    outer loop
      vertex 8.13617 15.8046 0
      vertex 8.19794 15.5856 0
      vertex 8.19688 15.5836 0
    endloop
  endfacet
  facet normal 0 -0 -1
    outer loop
      vertex 7.37801 19.4655 0
      vertex 8.71051 18.3676 0
      vertex 7.0925 19.2172 0
    endloop
  endfacet
  facet normal 0 0 -1
    outer loop
      vertex 8.38406 16.4259 0
      vertex 8.3163 16.1261 0
      vertex 8.13617 15.8046 0
    endloop
  endfacet
  facet normal -0 0 -1
    outer loop
      vertex 8.61214 17.6569 0
      vertex 8.55817 17.3258 0
      vertex 6.32422 18.5031 0
    endloop
  endfacet
  facet normal 0 0 -1
    outer loop
      vertex 7.37801 19.4655 0
      vertex 8.75346 18.7542 0
      vertex 8.71051 18.3676 0
    endloop
  endfacet
  facet normal 0 0 -1
    outer loop
      vertex 7.37801 19.4655 0
      vertex 8.77296 18.9575 0
      vertex 8.75346 18.7542 0
    endloop
  endfacet
  facet normal -0 0 -1
    outer loop
      vertex 8.01471 19.8008 0
      vertex 7.67703 19.7178 0
      vertex 7.86852 19.8745 0
    endloop
  endfacet
  facet normal 0 0 -1
    outer loop
      vertex 8.77296 18.9575 0
      vertex 7.37801 19.4655 0
      vertex 7.67703 19.7178 0
    endloop
  endfacet
  facet normal 0 -0 -1
    outer loop
      vertex 8.01471 19.8008 0
      vertex 8.77296 18.9575 0
      vertex 7.67703 19.7178 0
    endloop
  endfacet
  facet normal 0 0 -1
    outer loop
      vertex 8.01471 19.8008 0
      vertex 8.79079 19.1685 0
      vertex 8.77296 18.9575 0
    endloop
  endfacet
  facet normal 0 0 -1
    outer loop
      vertex 8.01471 19.8008 0
      vertex 8.80611 19.38 0
      vertex 8.79079 19.1685 0
    endloop
  endfacet
  facet normal 0 -0 -1
    outer loop
      vertex 7.0925 19.2172 0
      vertex 8.66312 18.0033 0
      vertex 6.82047 18.9731 0
    endloop
  endfacet
  facet normal 0 -0 -1
    outer loop
      vertex 6.82047 18.9731 0
      vertex 8.66312 18.0033 0
      vertex 6.56348 18.7342 0
    endloop
  endfacet
  facet normal 0 0 -1
    outer loop
      vertex 6.56348 18.7342 0
      vertex 8.66312 18.0033 0
      vertex 8.61214 17.6569 0
    endloop
  endfacet
  facet normal 0 0 -1
    outer loop
      vertex 6.32422 18.5031 0
      vertex 6.56348 18.7342 0
      vertex 8.61214 17.6569 0
    endloop
  endfacet
  facet normal 0 0 -1
    outer loop
      vertex 6.10625 18.2833 0
      vertex 8.55817 17.3258 0
      vertex 8.50171 17.0092 0
    endloop
  endfacet
  facet normal 0 0 -1
    outer loop
      vertex 5.91365 18.0793 0
      vertex 8.50171 17.0092 0
      vertex 8.44341 16.7083 0
    endloop
  endfacet
  facet normal 0 0 -1
    outer loop
      vertex 5.75061 17.8965 0
      vertex 5.91365 18.0793 0
      vertex 8.44341 16.7083 0
    endloop
  endfacet
  facet normal 0 0 -1
    outer loop
      vertex 8.38406 16.4259 0
      vertex 5.75061 17.8965 0
      vertex 8.44341 16.7083 0
    endloop
  endfacet
  facet normal 0 0 -1
    outer loop
      vertex 5.36493 17.2626 0
      vertex 5.57133 17.6839 0
      vertex 5.75061 17.8965 0
    endloop
  endfacet
  facet normal 0 0 -1
    outer loop
      vertex 8.38406 16.4259 0
      vertex 5.36493 17.2626 0
      vertex 5.75061 17.8965 0
    endloop
  endfacet
  facet normal -0 0 -1
    outer loop
      vertex 8.38406 16.4259 0
      vertex 8.13617 15.8046 0
      vertex 5.36493 17.2626 0
    endloop
  endfacet
  facet normal 0 0 -1
    outer loop
      vertex 5.36493 17.2626 0
      vertex 4.66615 14.3609 0
      vertex 5.14909 17.187 0
    endloop
  endfacet
  facet normal 0 -0 -1
    outer loop
      vertex -12.3088 17.2367 0
      vertex -8.87555 12.2162 0
      vertex -12.9529 16.6122 0
    endloop
  endfacet
  facet normal 0 0 -1
    outer loop
      vertex -13.077 7.54999 0
      vertex -16.8256 8.76978 0
      vertex -16.6117 9.70027 0
    endloop
  endfacet
  facet normal 0 0 -1
    outer loop
      vertex -11.2215 10.1039 0
      vertex -15.3113 13.2642 0
      vertex -14.7018 14.3721 0
    endloop
  endfacet
  facet normal 0 -0 -1
    outer loop
      vertex -15.412 13.0391 0
      vertex -12.2162 8.87555 0
      vertex -16.447 10.2685 0
    endloop
  endfacet
  facet normal 0 0 -1
    outer loop
      vertex 4.05618 19.5567 0
      vertex 1.71802 20.4604 0
      vertex 4.06783 19.7188 0
    endloop
  endfacet
  facet normal -0 -0 -1
    outer loop
      vertex 3.75934 18.0088 0
      vertex 3.84113 17.7923 0
      vertex 0.818085 18.9598 0
    endloop
  endfacet
  facet normal 0 0 -1
    outer loop
      vertex 4.06783 19.7188 0
      vertex 1.71802 20.4604 0
      vertex 1.81371 20.5859 0
    endloop
  endfacet
  facet normal -0 0 -1
    outer loop
      vertex 3.8421 17.7968 0
      vertex 3.84113 17.7923 0
      vertex 3.75934 18.0088 0
    endloop
  endfacet
  facet normal -0 -0 -1
    outer loop
      vertex 4.04199 21.6361 0
      vertex 4.05212 21.5297 0
      vertex 3.14412 21.9883 0
    endloop
  endfacet
  facet normal 0 0 -1
    outer loop
      vertex 2.27141 21.1338 0
      vertex 2.40202 21.2785 0
      vertex 4.09407 20.4323 0
    endloop
  endfacet
  facet normal 0 0 -1
    outer loop
      vertex 3.95973 18.6703 0
      vertex 3.91541 18.3638 0
      vertex 3.75934 18.0088 0
    endloop
  endfacet
  facet normal 0 -0 -1
    outer loop
      vertex 2.02846 20.8523 0
      vertex 4.08546 20.0611 0
      vertex 1.91733 20.7168 0
    endloop
  endfacet
  facet normal 0 0 -1
    outer loop
      vertex 4.09407 20.4323 0
      vertex 2.40202 21.2785 0
      vertex 4.09393 20.6308 0
    endloop
  endfacet
  facet normal 0 0 -1
    outer loop
      vertex 4.09393 20.6308 0
      vertex 2.40202 21.2785 0
      vertex 2.53812 21.425 0
    endloop
  endfacet
  facet normal -0 -0 -1
    outer loop
      vertex 4.09026 20.8389 0
      vertex 4.09393 20.6308 0
      vertex 2.53812 21.425 0
    endloop
  endfacet
  facet normal 0 -0 -1
    outer loop
      vertex 2.67912 21.5728 0
      vertex 4.09026 20.8389 0
      vertex 2.53812 21.425 0
    endloop
  endfacet
  facet normal 0 0 -1
    outer loop
      vertex 2.67912 21.5728 0
      vertex 4.08255 21.0576 0
      vertex 4.09026 20.8389 0
    endloop
  endfacet
  facet normal 0 0 -1
    outer loop
      vertex 2.67912 21.5728 0
      vertex 2.82445 21.7216 0
      vertex 4.08255 21.0576 0
    endloop
  endfacet
  facet normal 0 -0 -1
    outer loop
      vertex 3.10699 22.0011 0
      vertex 3.14412 21.9883 0
      vertex 2.97371 21.8707 0
    endloop
  endfacet
  facet normal -0 -0 -1
    outer loop
      vertex 4.07008 21.2876 0
      vertex 4.08255 21.0576 0
      vertex 2.82445 21.7216 0
    endloop
  endfacet
  facet normal 0 -0 -1
    outer loop
      vertex 2.97371 21.8707 0
      vertex 4.07008 21.2876 0
      vertex 2.82445 21.7216 0
    endloop
  endfacet
  facet normal 0 0 -1
    outer loop
      vertex 2.97371 21.8707 0
      vertex 4.05212 21.5297 0
      vertex 4.07008 21.2876 0
    endloop
  endfacet
  facet normal 0 -0 -1
    outer loop
      vertex 3.14412 21.9883 0
      vertex 4.05212 21.5297 0
      vertex 2.97371 21.8707 0
    endloop
  endfacet
  facet normal 0 0 -1
    outer loop
      vertex 2.27141 21.1338 0
      vertex 4.09407 20.4323 0
      vertex 4.09111 20.2427 0
    endloop
  endfacet
  facet normal 0 0 -1
    outer loop
      vertex 2.1467 20.9915 0
      vertex 2.27141 21.1338 0
      vertex 4.09111 20.2427 0
    endloop
  endfacet
  facet normal 0 0 -1
    outer loop
      vertex 4.08546 20.0611 0
      vertex 2.1467 20.9915 0
      vertex 4.09111 20.2427 0
    endloop
  endfacet
  facet normal 0 0 -1
    outer loop
      vertex 4.08546 20.0611 0
      vertex 2.02846 20.8523 0
      vertex 2.1467 20.9915 0
    endloop
  endfacet
  facet normal 0 0 -1
    outer loop
      vertex 4.07767 19.8867 0
      vertex 1.91733 20.7168 0
      vertex 4.08546 20.0611 0
    endloop
  endfacet
  facet normal 0 0 -1
    outer loop
      vertex 4.07767 19.8867 0
      vertex 1.81371 20.5859 0
      vertex 1.91733 20.7168 0
    endloop
  endfacet
  facet normal -0 0 -1
    outer loop
      vertex 4.07767 19.8867 0
      vertex 4.06783 19.7188 0
      vertex 1.81371 20.5859 0
    endloop
  endfacet
  facet normal 0 0 -1
    outer loop
      vertex 4.05618 19.5567 0
      vertex 1.63071 20.3412 0
      vertex 1.71802 20.4604 0
    endloop
  endfacet
  facet normal -0 0 -1
    outer loop
      vertex 4.05618 19.5567 0
      vertex 4.02867 19.2468 0
      vertex 1.63071 20.3412 0
    endloop
  endfacet
  facet normal 0 -0 -1
    outer loop
      vertex 1.63071 20.3412 0
      vertex 4.02867 19.2468 0
      vertex 1.55209 20.2291 0
    endloop
  endfacet
  facet normal 0 -0 -1
    outer loop
      vertex 1.55209 20.2291 0
      vertex 4.02867 19.2468 0
      vertex 1.4826 20.1253 0
    endloop
  endfacet
  facet normal 0 -0 -1
    outer loop
      vertex 1.4826 20.1253 0
      vertex 4.02867 19.2468 0
      vertex 1.42233 20.0308 0
    endloop
  endfacet
  facet normal 0 0 -1
    outer loop
      vertex 1.42233 20.0308 0
      vertex 4.02867 19.2468 0
      vertex 3.99622 18.9525 0
    endloop
  endfacet
  facet normal 0 0 -1
    outer loop
      vertex 1.37138 19.9467 0
      vertex 1.42233 20.0308 0
      vertex 3.99622 18.9525 0
    endloop
  endfacet
  facet normal 0 0 -1
    outer loop
      vertex 1.29755 19.8145 0
      vertex 1.37138 19.9467 0
      vertex 3.99622 18.9525 0
    endloop
  endfacet
  facet normal 0 0 -1
    outer loop
      vertex 1.21823 19.6627 0
      vertex 1.29755 19.8145 0
      vertex 3.99622 18.9525 0
    endloop
  endfacet
  facet normal 0 0 -1
    outer loop
      vertex 3.95973 18.6703 0
      vertex 1.21823 19.6627 0
      vertex 3.99622 18.9525 0
    endloop
  endfacet
  facet normal 0 0 -1
    outer loop
      vertex 3.95973 18.6703 0
      vertex 1.02133 19.0655 0
      vertex 1.21823 19.6627 0
    endloop
  endfacet
  facet normal -0 0 -1
    outer loop
      vertex 3.95973 18.6703 0
      vertex 3.75934 18.0088 0
      vertex 1.02133 19.0655 0
    endloop
  endfacet
  facet normal 0 -0 -1
    outer loop
      vertex 1.02133 19.0655 0
      vertex 3.75934 18.0088 0
      vertex 0.818085 18.9598 0
    endloop
  endfacet
  facet normal 0 -0 -1
    outer loop
      vertex 0.818222 18.9629 0
      vertex 1.02133 19.0655 0
      vertex 0.818085 18.9598 0
    endloop
  endfacet
  facet normal 0 -0 -1
    outer loop
      vertex -4.25314 19.913 0
      vertex -3.13947 14.77 0
      vertex -4.66615 14.3609 0
    endloop
  endfacet
  facet normal 0 0 -1
    outer loop
      vertex -4.66615 14.3609 0
      vertex -7.91391 19.533 0
      vertex -5.21193 19.9044 0
    endloop
  endfacet
  facet normal 0 0 -1
    outer loop
      vertex -7.91391 19.533 0
      vertex -7.79736 19.7317 0
      vertex -5.21193 19.9044 0
    endloop
  endfacet
  facet normal 0 0 -1
    outer loop
      vertex -7.91391 19.533 0
      vertex -7.91568 19.5373 0
      vertex -7.79736 19.7317 0
    endloop
  endfacet
  facet normal 0 0 -1
    outer loop
      vertex -14.7018 14.3721 0
      vertex -10.1039 11.2215 0
      vertex -11.2215 10.1039 0
    endloop
  endfacet
  facet normal 0 0 -1
    outer loop
      vertex -3.25471 21.2157 0
      vertex -3.2222 21.3141 0
      vertex -0.663696 20.8589 0
    endloop
  endfacet
  facet normal 0 0 -1
    outer loop
      vertex -3.2222 21.3141 0
      vertex -3.18091 21.4271 0
      vertex -0.671524 20.9981 0
    endloop
  endfacet
  facet normal -0 -0 -1
    outer loop
      vertex -0.669662 19.3883 0
      vertex -0.669479 19.3828 0
      vertex -0.788528 19.5823 0
    endloop
  endfacet
  facet normal 0 -0 -1
    outer loop
      vertex -3.00041 21.8407 0
      vertex -0.717514 21.4653 0
      vertex -3.0703 21.6916 0
    endloop
  endfacet
  facet normal 0 0 -1
    outer loop
      vertex -2.92065 21.9993 0
      vertex -0.773438 21.8262 0
      vertex -0.742416 21.6403 0
    endloop
  endfacet
  facet normal 0 0 -1
    outer loop
      vertex -3.18091 21.4271 0
      vertex -0.682739 21.145 0
      vertex -0.671524 20.9981 0
    endloop
  endfacet
  facet normal 0 0 -1
    outer loop
      vertex -0.717514 21.4653 0
      vertex -3.00041 21.8407 0
      vertex -0.742416 21.6403 0
    endloop
  endfacet
  facet normal 0 0 -1
    outer loop
      vertex -2.92065 21.9993 0
      vertex -2.83105 22.1663 0
      vertex -0.773438 21.8262 0
    endloop
  endfacet
  facet normal 0 0 -1
    outer loop
      vertex -0.773438 21.8262 0
      vertex -2.83105 22.1663 0
      vertex -2.7318 22.3405 0
    endloop
  endfacet
  facet normal -0 -0 -1
    outer loop
      vertex -0.811447 22.0236 0
      vertex -0.773438 21.8262 0
      vertex -2.7318 22.3405 0
    endloop
  endfacet
  facet normal 0 -0 -1
    outer loop
      vertex -2.62312 22.5209 0
      vertex -0.811447 22.0236 0
      vertex -2.7318 22.3405 0
    endloop
  endfacet
  facet normal 0 0 -1
    outer loop
      vertex -2.62312 22.5209 0
      vertex -0.857437 22.2332 0
      vertex -0.811447 22.0236 0
    endloop
  endfacet
  facet normal 0 0 -1
    outer loop
      vertex -2.62312 22.5209 0
      vertex -2.50537 22.7065 0
      vertex -0.857437 22.2332 0
    endloop
  endfacet
  facet normal 0 0 -1
    outer loop
      vertex -0.857437 22.2332 0
      vertex -2.50537 22.7065 0
      vertex -0.912537 22.4556 0
    endloop
  endfacet
  facet normal 0 0 -1
    outer loop
      vertex -0.912537 22.4556 0
      vertex -2.50537 22.7065 0
      vertex -2.37894 22.8961 0
    endloop
  endfacet
  facet normal -0 -0 -1
    outer loop
      vertex -0.977951 22.6913 0
      vertex -0.912537 22.4556 0
      vertex -2.37894 22.8961 0
    endloop
  endfacet
  facet normal 0 -0 -1
    outer loop
      vertex -2.24429 23.0891 0
      vertex -0.977951 22.6913 0
      vertex -2.37894 22.8961 0
    endloop
  endfacet
  facet normal 0 0 -1
    outer loop
      vertex -2.24429 23.0891 0
      vertex -1.05493 22.9406 0
      vertex -0.977951 22.6913 0
    endloop
  endfacet
  facet normal 0 0 -1
    outer loop
      vertex -2.24429 23.0891 0
      vertex -2.06419 23.3341 0
      vertex -1.05493 22.9406 0
    endloop
  endfacet
  facet normal 0 0 -1
    outer loop
      vertex -1.05493 22.9406 0
      vertex -2.06419 23.3341 0
      vertex -1.14066 23.1915 0
    endloop
  endfacet
  facet normal 0 0 -1
    outer loop
      vertex -3.00041 21.8407 0
      vertex -2.92065 21.9993 0
      vertex -0.742416 21.6403 0
    endloop
  endfacet
  facet normal 0 0 -1
    outer loop
      vertex -3.0703 21.6916 0
      vertex -0.717514 21.4653 0
      vertex -0.697876 21.3005 0
    endloop
  endfacet
  facet normal 0 0 -1
    outer loop
      vertex -3.13039 21.5533 0
      vertex -3.0703 21.6916 0
      vertex -0.697876 21.3005 0
    endloop
  endfacet
  facet normal 0 0 -1
    outer loop
      vertex -0.682739 21.145 0
      vertex -3.13039 21.5533 0
      vertex -0.697876 21.3005 0
    endloop
  endfacet
  facet normal 0 0 -1
    outer loop
      vertex -0.682739 21.145 0
      vertex -3.18091 21.4271 0
      vertex -3.13039 21.5533 0
    endloop
  endfacet
  facet normal 0 0 -1
    outer loop
      vertex -0.663696 20.8589 0
      vertex -3.2222 21.3141 0
      vertex -0.671524 20.9981 0
    endloop
  endfacet
  facet normal 0 0 -1
    outer loop
      vertex -3.27913 21.1329 0
      vertex -3.25471 21.2157 0
      vertex -0.663696 20.8589 0
    endloop
  endfacet
  facet normal 0 0 -1
    outer loop
      vertex -3.30692 21.0192 0
      vertex -3.27913 21.1329 0
      vertex -0.663696 20.8589 0
    endloop
  endfacet
  facet normal 0 0 -1
    outer loop
      vertex -0.658798 20.7268 0
      vertex -3.30692 21.0192 0
      vertex -0.663696 20.8589 0
    endloop
  endfacet
  facet normal 0 0 -1
    outer loop
      vertex -0.658798 20.7268 0
      vertex -3.34065 20.8213 0
      vertex -3.30692 21.0192 0
    endloop
  endfacet
  facet normal -0 -0 -1
    outer loop
      vertex -0.658798 20.7268 0
      vertex -0.656433 20.6009 0
      vertex -3.34065 20.8213 0
    endloop
  endfacet
  facet normal 0 0 -1
    outer loop
      vertex -3.34065 20.8213 0
      vertex -0.656433 20.6009 0
      vertex -0.65773 20.3646 0
    endloop
  endfacet
  facet normal 0 0 -1
    outer loop
      vertex -3.41315 20.0214 0
      vertex -3.34065 20.8213 0
      vertex -0.65773 20.3646 0
    endloop
  endfacet
  facet normal -0 0 -1
    outer loop
      vertex -0.667313 20.0815 0
      vertex -3.41315 20.0214 0
      vertex -0.65773 20.3646 0
    endloop
  endfacet
  facet normal 0 0 -1
    outer loop
      vertex -0.667313 20.0815 0
      vertex -0.788528 19.5823 0
      vertex -3.41315 20.0214 0
    endloop
  endfacet
  facet normal 0 -0 -1
    outer loop
      vertex -3.41315 20.0214 0
      vertex -0.788528 19.5823 0
      vertex -3.58527 19.8616 0
    endloop
  endfacet
  facet normal 0 0 -1
    outer loop
      vertex -3.58777 19.8755 0
      vertex -3.41315 20.0214 0
      vertex -3.58527 19.8616 0
    endloop
  endfacet
  facet normal 0 -0 -1
    outer loop
      vertex -15.3113 13.2642 0
      vertex -11.2215 10.1039 0
      vertex -15.412 13.0391 0
    endloop
  endfacet
  facet normal -0 0 -1
    outer loop
      vertex -6.14171 13.7945 0
      vertex -7.54999 13.077 0
      vertex -9.46446 18.9976 0
    endloop
  endfacet
  facet normal 0 0 -1
    outer loop
      vertex -5.57687 21.4851 0
      vertex -8.05389 20.9508 0
      vertex -8.0578 21.0392 0
    endloop
  endfacet
  facet normal 0 0 -1
    outer loop
      vertex -12.3088 17.2367 0
      vertex -11.7186 17.6929 0
      vertex -8.87555 12.2162 0
    endloop
  endfacet
  facet normal 0 0 -1
    outer loop
      vertex -3.58527 19.8616 0
      vertex -0.788528 19.5823 0
      vertex -0.669479 19.3828 0
    endloop
  endfacet
  facet normal 0 -0 -1
    outer loop
      vertex -5.57687 21.4851 0
      vertex -5.5403 21.3678 0
      vertex -8.05389 20.9508 0
    endloop
  endfacet
  facet normal -0 -0 -1
    outer loop
      vertex -5.2149 19.9158 0
      vertex -5.21193 19.9044 0
      vertex -5.38278 20.0694 0
    endloop
  endfacet
  facet normal 0 0 -1
    outer loop
      vertex -8.04399 21.4172 0
      vertex -8.02647 21.5788 0
      vertex -5.73705 21.9037 0
    endloop
  endfacet
  facet normal -0 0 -1
    outer loop
      vertex -5.73705 21.9037 0
      vertex -8.02647 21.5788 0
      vertex -5.81137 22.0666 0
    endloop
  endfacet
  facet normal -0 0 -1
    outer loop
      vertex -5.81137 22.0666 0
      vertex -8.00056 21.7566 0
      vertex -5.89839 22.2415 0
    endloop
  endfacet
  facet normal 0 0 -1
    outer loop
      vertex -5.89839 22.2415 0
      vertex -8.00056 21.7566 0
      vertex -7.96532 21.9497 0
    endloop
  endfacet
  facet normal 0 -0 -1
    outer loop
      vertex -7.91995 22.1568 0
      vertex -5.89839 22.2415 0
      vertex -7.96532 21.9497 0
    endloop
  endfacet
  facet normal 0 0 -1
    outer loop
      vertex -7.91995 22.1568 0
      vertex -5.99953 22.4284 0
      vertex -5.89839 22.2415 0
    endloop
  endfacet
  facet normal 0 0 -1
    outer loop
      vertex -7.91995 22.1568 0
      vertex -7.86386 22.3767 0
      vertex -5.99953 22.4284 0
    endloop
  endfacet
  facet normal 0 0 -1
    outer loop
      vertex -5.81137 22.0666 0
      vertex -8.02647 21.5788 0
      vertex -8.00056 21.7566 0
    endloop
  endfacet
  facet normal 0 -0 -1
    outer loop
      vertex -6.11624 22.6268 0
      vertex -5.99953 22.4284 0
      vertex -7.86386 22.3767 0
    endloop
  endfacet
  facet normal 0 -0 -1
    outer loop
      vertex -7.79654 22.608 0
      vertex -6.11624 22.6268 0
      vertex -7.86386 22.3767 0
    endloop
  endfacet
  facet normal 0 0 -1
    outer loop
      vertex -7.79654 22.608 0
      vertex -6.24997 22.8365 0
      vertex -6.11624 22.6268 0
    endloop
  endfacet
  facet normal 0 0 -1
    outer loop
      vertex -7.79654 22.608 0
      vertex -7.71771 22.8494 0
      vertex -6.24997 22.8365 0
    endloop
  endfacet
  facet normal 0 0 -1
    outer loop
      vertex -6.24997 22.8365 0
      vertex -7.71771 22.8494 0
      vertex -6.40215 23.0567 0
    endloop
  endfacet
  facet normal -0 0 -1
    outer loop
      vertex -6.40215 23.0567 0
      vertex -7.71771 22.8494 0
      vertex -7.31577 23.3508 0
    endloop
  endfacet
  facet normal 0 -0 -1
    outer loop
      vertex -7.54666 23.3026 0
      vertex -7.31577 23.3508 0
      vertex -7.62721 23.0995 0
    endloop
  endfacet
  facet normal 0 -0 -1
    outer loop
      vertex -7.62721 23.0995 0
      vertex -7.31577 23.3508 0
      vertex -7.71771 22.8494 0
    endloop
  endfacet
  facet normal 0 0 -1
    outer loop
      vertex -6.40215 23.0567 0
      vertex -7.31577 23.3508 0
      vertex -6.57408 23.2865 0
    endloop
  endfacet
  facet normal 0 0 -1
    outer loop
      vertex -6.57408 23.2865 0
      vertex -7.31577 23.3508 0
      vertex -6.67944 23.4167 0
    endloop
  endfacet
  facet normal -0 0 -1
    outer loop
      vertex -5.67406 21.7526 0
      vertex -8.04399 21.4172 0
      vertex -5.73705 21.9037 0
    endloop
  endfacet
  facet normal 0 0 -1
    outer loop
      vertex -5.67406 21.7526 0
      vertex -8.05423 21.2729 0
      vertex -8.04399 21.4172 0
    endloop
  endfacet
  facet normal 0 -0 -1
    outer loop
      vertex -5.67406 21.7526 0
      vertex -5.62108 21.6132 0
      vertex -8.05423 21.2729 0
    endloop
  endfacet
  facet normal 0 -0 -1
    outer loop
      vertex -8.05423 21.2729 0
      vertex -5.62108 21.6132 0
      vertex -8.05838 21.1467 0
    endloop
  endfacet
  facet normal 0 0 -1
    outer loop
      vertex -8.05838 21.1467 0
      vertex -5.62108 21.6132 0
      vertex -5.57687 21.4851 0
    endloop
  endfacet
  facet normal 0 0 -1
    outer loop
      vertex -8.0578 21.0392 0
      vertex -8.05838 21.1467 0
      vertex -5.57687 21.4851 0
    endloop
  endfacet
  facet normal 0 0 -1
    outer loop
      vertex -8.05389 20.9508 0
      vertex -5.5403 21.3678 0
      vertex -8.04814 20.8817 0
    endloop
  endfacet
  facet normal 0 0 -1
    outer loop
      vertex -8.04814 20.8817 0
      vertex -5.5403 21.3678 0
      vertex -8.03578 20.7933 0
    endloop
  endfacet
  facet normal 0 0 -1
    outer loop
      vertex -8.03578 20.7933 0
      vertex -5.5403 21.3678 0
      vertex -7.99664 20.6212 0
    endloop
  endfacet
  facet normal 0 0 -1
    outer loop
      vertex -7.99664 20.6212 0
      vertex -5.5403 21.3678 0
      vertex -5.5103 21.2609 0
    endloop
  endfacet
  facet normal -0 0 -1
    outer loop
      vertex -5.4859 21.1635 0
      vertex -7.99664 20.6212 0
      vertex -5.5103 21.2609 0
    endloop
  endfacet
  facet normal 0 -0 -1
    outer loop
      vertex -5.4859 21.1635 0
      vertex -5.46625 21.0752 0
      vertex -7.99664 20.6212 0
    endloop
  endfacet
  facet normal 0 0 -1
    outer loop
      vertex -7.99664 20.6212 0
      vertex -5.46625 21.0752 0
      vertex -5.45059 20.9951 0
    endloop
  endfacet
  facet normal 0 0 -1
    outer loop
      vertex -12.4834 19.1365 0
      vertex -10.3309 20.3792 0
      vertex -10.2654 20.2923 0
    endloop
  endfacet
  facet normal 0 0 -1
    outer loop
      vertex -11.6936 17.9328 0
      vertex -11.7186 17.6929 0
      vertex -11.7286 17.7079 0
    endloop
  endfacet
  facet normal 0 -0 -1
    outer loop
      vertex -12.9529 16.6122 0
      vertex -10.1039 11.2215 0
      vertex -14.6357 14.4698 0
    endloop
  endfacet
  facet normal 0 0 -1
    outer loop
      vertex -7.97464 20.464 0
      vertex -7.99664 20.6212 0
      vertex -5.45059 20.9951 0
    endloop
  endfacet
  facet normal -0 0 -1
    outer loop
      vertex -5.41176 20.7532 0
      vertex -7.97464 20.464 0
      vertex -5.45059 20.9951 0
    endloop
  endfacet
  facet normal 0 0 -1
    outer loop
      vertex -5.41176 20.7532 0
      vertex -7.79736 19.7317 0
      vertex -7.97464 20.464 0
    endloop
  endfacet
  facet normal 0 -0 -1
    outer loop
      vertex -5.41176 20.7532 0
      vertex -5.38278 20.0694 0
      vertex -7.79736 19.7317 0
    endloop
  endfacet
  facet normal 0 0 -1
    outer loop
      vertex -8.87555 12.2162 0
      vertex -11.7186 17.6929 0
      vertex -7.54999 13.077 0
    endloop
  endfacet
  facet normal 0 0 -1
    outer loop
      vertex -7.79736 19.7317 0
      vertex -5.38278 20.0694 0
      vertex -5.21193 19.9044 0
    endloop
  endfacet
  facet normal 0 0 -1
    outer loop
      vertex -14.6357 14.4698 0
      vertex -14.6892 14.6963 0
      vertex -12.9529 16.6122 0
    endloop
  endfacet
  facet normal -0 0 -1
    outer loop
      vertex -9.46446 18.9976 0
      vertex -11.7186 17.6929 0
      vertex -9.68346 19.0934 0
    endloop
  endfacet
  facet normal 0 0 -1
    outer loop
      vertex -14.6357 14.4698 0
      vertex -14.6401 14.4741 0
      vertex -14.6892 14.6963 0
    endloop
  endfacet
  facet normal 0 0 -1
    outer loop
      vertex -12.5282 19.2543 0
      vertex -10.4106 20.4769 0
      vertex -12.4834 19.1365 0
    endloop
  endfacet
  facet normal -0 -0 -1
    outer loop
      vertex -9.47124 19.0112 0
      vertex -9.46446 18.9976 0
      vertex -9.68346 19.0934 0
    endloop
  endfacet
  facet normal 0 0 -1
    outer loop
      vertex -12.8059 20.8912 0
      vertex -11.6893 21.5358 0
      vertex -12.7927 20.6191 0
    endloop
  endfacet
  facet normal 0 0 -1
    outer loop
      vertex -12.6195 19.5461 0
      vertex -10.6176 20.7019 0
      vertex -12.574 19.3906 0
    endloop
  endfacet
  facet normal 0 0 -1
    outer loop
      vertex -12.6635 19.7212 0
      vertex -10.7473 20.8275 0
      vertex -12.6195 19.5461 0
    endloop
  endfacet
  facet normal 0 0 -1
    outer loop
      vertex -12.6195 19.5461 0
      vertex -10.7473 20.8275 0
      vertex -10.6176 20.7019 0
    endloop
  endfacet
  facet normal -0 0 -1
    outer loop
      vertex -10.7473 20.8275 0
      vertex -12.6635 19.7212 0
      vertex -10.8957 20.9603 0
    endloop
  endfacet
  facet normal 0 0 -1
    outer loop
      vertex -10.8957 20.9603 0
      vertex -12.7043 19.9161 0
      vertex -12.7404 20.131 0
    endloop
  endfacet
  facet normal -0 0 -1
    outer loop
      vertex -11.0637 21.099 0
      vertex -12.7404 20.131 0
      vertex -11.2518 21.2422 0
    endloop
  endfacet
  facet normal 0 0 -1
    outer loop
      vertex -11.2518 21.2422 0
      vertex -12.7404 20.131 0
      vertex -12.7704 20.3654 0
    endloop
  endfacet
  facet normal 0 0 -1
    outer loop
      vertex -12.7927 20.6191 0
      vertex -11.2518 21.2422 0
      vertex -12.7704 20.3654 0
    endloop
  endfacet
  facet normal 0 0 -1
    outer loop
      vertex -12.7927 20.6191 0
      vertex -11.4603 21.3884 0
      vertex -11.2518 21.2422 0
    endloop
  endfacet
  facet normal 0 0 -1
    outer loop
      vertex -12.7927 20.6191 0
      vertex -11.6893 21.5358 0
      vertex -11.4603 21.3884 0
    endloop
  endfacet
  facet normal -0 0 -1
    outer loop
      vertex -10.8957 20.9603 0
      vertex -12.7404 20.131 0
      vertex -11.0637 21.099 0
    endloop
  endfacet
  facet normal 0 0 -1
    outer loop
      vertex -11.6893 21.5358 0
      vertex -12.8059 20.8912 0
      vertex -12.8087 21.1808 0
    endloop
  endfacet
  facet normal 0 -0 -1
    outer loop
      vertex -11.9388 21.6831 0
      vertex -11.6893 21.5358 0
      vertex -12.8087 21.1808 0
    endloop
  endfacet
  facet normal 0 -0 -1
    outer loop
      vertex -12.8046 21.3245 0
      vertex -11.9388 21.6831 0
      vertex -12.8087 21.1808 0
    endloop
  endfacet
  facet normal 0 0 -1
    outer loop
      vertex -12.8046 21.3245 0
      vertex -12.0821 21.7604 0
      vertex -11.9388 21.6831 0
    endloop
  endfacet
  facet normal 0 0 -1
    outer loop
      vertex -12.6635 19.7212 0
      vertex -12.7043 19.9161 0
      vertex -10.8957 20.9603 0
    endloop
  endfacet
  facet normal 0 -0 -1
    outer loop
      vertex -10.6176 20.7019 0
      vertex -10.5058 20.5847 0
      vertex -12.574 19.3906 0
    endloop
  endfacet
  facet normal 0 0 -1
    outer loop
      vertex -12.574 19.3906 0
      vertex -10.5058 20.5847 0
      vertex -10.4106 20.4769 0
    endloop
  endfacet
  facet normal 0 0 -1
    outer loop
      vertex -12.5282 19.2543 0
      vertex -12.574 19.3906 0
      vertex -10.4106 20.4769 0
    endloop
  endfacet
  facet normal 0 0 -1
    outer loop
      vertex -12.4834 19.1365 0
      vertex -10.4106 20.4769 0
      vertex -10.3309 20.3792 0
    endloop
  endfacet
  facet normal 0 0 -1
    outer loop
      vertex -12.4409 19.0363 0
      vertex -12.4834 19.1365 0
      vertex -10.2654 20.2923 0
    endloop
  endfacet
  facet normal 0 0 -1
    outer loop
      vertex -16.3125 16.2289 0
      vertex -14.8415 17.807 0
      vertex -16.2045 16.0661 0
    endloop
  endfacet
  facet normal 0 0 -1
    outer loop
      vertex -16.4559 10.2741 0
      vertex -16.5645 10.474 0
      vertex -16.447 10.2685 0
    endloop
  endfacet
  facet normal 0 -0 -1
    outer loop
      vertex -15.6325 12.9666 0
      vertex -15.412 13.0391 0
      vertex -16.5645 10.474 0
    endloop
  endfacet
  facet normal -0 0 -1
    outer loop
      vertex -10.2127 20.2166 0
      vertex -12.4409 19.0363 0
      vertex -10.2654 20.2923 0
    endloop
  endfacet
  facet normal 0 0 -1
    outer loop
      vertex -10.2127 20.2166 0
      vertex -12.4018 18.9528 0
      vertex -12.4409 19.0363 0
    endloop
  endfacet
  facet normal 0 0 -1
    outer loop
      vertex -10.2127 20.2166 0
      vertex -12.3668 18.8848 0
      vertex -12.4018 18.9528 0
    endloop
  endfacet
  facet normal 0 -0 -1
    outer loop
      vertex -10.2127 20.2166 0
      vertex -10.1713 20.1523 0
      vertex -12.3668 18.8848 0
    endloop
  endfacet
  facet normal 0 0 -1
    outer loop
      vertex -12.3668 18.8848 0
      vertex -10.1713 20.1523 0
      vertex -12.312 18.7906 0
    endloop
  endfacet
  facet normal 0 0 -1
    outer loop
      vertex -12.312 18.7906 0
      vertex -10.1713 20.1523 0
      vertex -10.1171 20.0578 0
    endloop
  endfacet
  facet normal 0 0 -1
    outer loop
      vertex -12.1965 18.6205 0
      vertex -12.312 18.7906 0
      vertex -10.1171 20.0578 0
    endloop
  endfacet
  facet normal -0 0 -1
    outer loop
      vertex -10.0276 19.8728 0
      vertex -12.1965 18.6205 0
      vertex -10.1171 20.0578 0
    endloop
  endfacet
  facet normal 0 0 -1
    outer loop
      vertex -10.0276 19.8728 0
      vertex -11.6936 17.9328 0
      vertex -12.1965 18.6205 0
    endloop
  endfacet
  facet normal 0 -0 -1
    outer loop
      vertex -10.0276 19.8728 0
      vertex -9.68346 19.0934 0
      vertex -11.6936 17.9328 0
    endloop
  endfacet
  facet normal 0 -0 -1
    outer loop
      vertex -13.1895 16.6186 0
      vertex -12.9529 16.6122 0
      vertex -14.6892 14.6963 0
    endloop
  endfacet
  facet normal 0 -0 -1
    outer loop
      vertex -11.6936 17.9328 0
      vertex -9.68346 19.0934 0
      vertex -11.7186 17.6929 0
    endloop
  endfacet
  facet normal 0 0 -1
    outer loop
      vertex -16.6117 9.70027 0
      vertex -16.447 10.2685 0
      vertex -12.2162 8.87555 0
    endloop
  endfacet
  facet normal -0 0 -1
    outer loop
      vertex -14.117 17.4503 0
      vertex -15.8182 15.5723 0
      vertex -14.1916 17.4979 0
    endloop
  endfacet
  facet normal 0 -0 -1
    outer loop
      vertex -12.962 16.6239 0
      vertex -12.9529 16.6122 0
      vertex -13.1895 16.6186 0
    endloop
  endfacet
  facet normal 0 0 -1
    outer loop
      vertex -16.652 16.8309 0
      vertex -16.7666 17.0728 0
      vertex -15.9293 18.1084 0
    endloop
  endfacet
  facet normal -0 0 -1
    outer loop
      vertex -14.3958 17.6116 0
      vertex -16.0013 15.7902 0
      vertex -14.5258 17.6749 0
    endloop
  endfacet
  facet normal 0 -0 -1
    outer loop
      vertex -14.3958 17.6116 0
      vertex -14.2844 17.5521 0
      vertex -15.907 15.6746 0
    endloop
  endfacet
  facet normal -0 0 -1
    outer loop
      vertex -14.5258 17.6749 0
      vertex -16.1006 15.9203 0
      vertex -14.6745 17.7405 0
    endloop
  endfacet
  facet normal -0 0 -1
    outer loop
      vertex -14.6745 17.7405 0
      vertex -16.2045 16.0661 0
      vertex -14.8415 17.807 0
    endloop
  endfacet
  facet normal -0 0 -1
    outer loop
      vertex -14.8415 17.807 0
      vertex -16.3125 16.2289 0
      vertex -15.0263 17.873 0
    endloop
  endfacet
  facet normal 0 0 -1
    outer loop
      vertex -16.3125 16.2289 0
      vertex -16.4238 16.4099 0
      vertex -15.2284 17.9373 0
    endloop
  endfacet
  facet normal 0 0 -1
    outer loop
      vertex -16.5373 16.6102 0
      vertex -15.6808 18.056 0
      vertex -15.4468 17.9986 0
    endloop
  endfacet
  facet normal 0 0 -1
    outer loop
      vertex -16.5373 16.6102 0
      vertex -16.652 16.8309 0
      vertex -15.6808 18.056 0
    endloop
  endfacet
  facet normal -0 0 -1
    outer loop
      vertex -15.6808 18.056 0
      vertex -16.652 16.8309 0
      vertex -15.9293 18.1084 0
    endloop
  endfacet
  facet normal -0 0 -1
    outer loop
      vertex -15.9293 18.1084 0
      vertex -16.7666 17.0728 0
      vertex -16.1912 18.1551 0
    endloop
  endfacet
  facet normal 0 0 -1
    outer loop
      vertex -16.5373 16.6102 0
      vertex -15.4468 17.9986 0
      vertex -16.4238 16.4099 0
    endloop
  endfacet
  facet normal 0 0 -1
    outer loop
      vertex -16.4238 16.4099 0
      vertex -15.4468 17.9986 0
      vertex -15.2284 17.9373 0
    endloop
  endfacet
  facet normal 0 -0 -1
    outer loop
      vertex -16.895 17.5849 0
      vertex -16.8797 17.3366 0
      vertex -16.9461 17.5094 0
    endloop
  endfacet
  facet normal 0 0 -1
    outer loop
      vertex -16.1912 18.1551 0
      vertex -16.7666 17.0728 0
      vertex -16.8797 17.3366 0
    endloop
  endfacet
  facet normal 0 0 -1
    outer loop
      vertex -16.895 17.5849 0
      vertex -16.1912 18.1551 0
      vertex -16.8797 17.3366 0
    endloop
  endfacet
  facet normal 0 0 -1
    outer loop
      vertex -16.895 17.5849 0
      vertex -16.3953 18.1852 0
      vertex -16.1912 18.1551 0
    endloop
  endfacet
  facet normal 0 0 -1
    outer loop
      vertex -16.3125 16.2289 0
      vertex -15.2284 17.9373 0
      vertex -15.0263 17.873 0
    endloop
  endfacet
  facet normal 0 0 -1
    outer loop
      vertex -16.8256 8.76978 0
      vertex -17.4757 5.74869 0
      vertex -17.0219 8.64825 0
    endloop
  endfacet
  facet normal 0 0 -1
    outer loop
      vertex -16.2045 16.0661 0
      vertex -14.6745 17.7405 0
      vertex -16.1006 15.9203 0
    endloop
  endfacet
  facet normal 0 0 -1
    outer loop
      vertex -16.1006 15.9203 0
      vertex -14.5258 17.6749 0
      vertex -16.0013 15.7902 0
    endloop
  endfacet
  facet normal 0 0 -1
    outer loop
      vertex -16.0013 15.7902 0
      vertex -14.3958 17.6116 0
      vertex -15.907 15.6746 0
    endloop
  endfacet
  facet normal 0 0 -1
    outer loop
      vertex -15.907 15.6746 0
      vertex -14.2844 17.5521 0
      vertex -15.8182 15.5723 0
    endloop
  endfacet
  facet normal 0 0 -1
    outer loop
      vertex -15.8182 15.5723 0
      vertex -14.2844 17.5521 0
      vertex -14.1916 17.4979 0
    endloop
  endfacet
  facet normal 0 0 -1
    outer loop
      vertex -15.7349 15.482 0
      vertex -15.8182 15.5723 0
      vertex -14.117 17.4503 0
    endloop
  endfacet
  facet normal -0 0 -1
    outer loop
      vertex -14.06 17.4107 0
      vertex -15.7349 15.482 0
      vertex -14.117 17.4503 0
    endloop
  endfacet
  facet normal 0 -0 -1
    outer loop
      vertex -14.06 17.4107 0
      vertex -13.9955 17.3606 0
      vertex -15.7349 15.482 0
    endloop
  endfacet
  facet normal 0 0 -1
    outer loop
      vertex -15.7349 15.482 0
      vertex -13.9955 17.3606 0
      vertex -13.8602 17.2359 0
    endloop
  endfacet
  facet normal 0 0 -1
    outer loop
      vertex -15.6573 15.4025 0
      vertex -15.7349 15.482 0
      vertex -13.8602 17.2359 0
    endloop
  endfacet
  facet normal 0 0 -1
    outer loop
      vertex -15.5852 15.3327 0
      vertex -15.6573 15.4025 0
      vertex -13.8602 17.2359 0
    endloop
  endfacet
  facet normal 0 0 -1
    outer loop
      vertex -15.5185 15.2715 0
      vertex -15.5852 15.3327 0
      vertex -13.8602 17.2359 0
    endloop
  endfacet
  facet normal 0 0 -1
    outer loop
      vertex -15.4002 15.1709 0
      vertex -15.5185 15.2715 0
      vertex -13.8602 17.2359 0
    endloop
  endfacet
  facet normal -0 0 -1
    outer loop
      vertex -13.735 17.1383 0
      vertex -15.4002 15.1709 0
      vertex -13.8602 17.2359 0
    endloop
  endfacet
  facet normal 0 0 -1
    outer loop
      vertex -13.735 17.1383 0
      vertex -15.2669 15.0633 0
      vertex -15.4002 15.1709 0
    endloop
  endfacet
  facet normal 0 -0 -1
    outer loop
      vertex -13.735 17.1383 0
      vertex -13.1895 16.6186 0
      vertex -15.2669 15.0633 0
    endloop
  endfacet
  facet normal 0 0 -1
    outer loop
      vertex -14.6892 14.6963 0
      vertex -15.2669 15.0633 0
      vertex -13.1895 16.6186 0
    endloop
  endfacet
  facet normal 0 0 -1
    outer loop
      vertex -16.5645 10.474 0
      vertex -15.412 13.0391 0
      vertex -16.447 10.2685 0
    endloop
  endfacet
  facet normal 0 0 -1
    outer loop
      vertex -15.0173 1.57837 0
      vertex -17.6323 3.98514 0
      vertex -14.77 3.13947 0
    endloop
  endfacet
  facet normal 0 0 -1
    outer loop
      vertex -17.3288 5.5695 0
      vertex -16.8256 8.76978 0
      vertex -13.7945 6.14171 0
    endloop
  endfacet
  facet normal 0 0 -1
    outer loop
      vertex -16.8475 13.4476 0
      vertex -17.7325 11.0043 0
      vertex -17.8491 11.0806 0
    endloop
  endfacet
  facet normal 0 0 -1
    outer loop
      vertex -15.6325 12.9666 0
      vertex -15.4188 13.0449 0
      vertex -15.412 13.0391 0
    endloop
  endfacet
  facet normal 0 0 -1
    outer loop
      vertex -18.3698 11.4631 0
      vertex -17.4144 13.5188 0
      vertex -18.2308 11.354 0
    endloop
  endfacet
  facet normal 0 0 -1
    outer loop
      vertex -18.3698 11.4631 0
      vertex -17.5916 13.529 0
      vertex -17.4144 13.5188 0
    endloop
  endfacet
  facet normal 0 -0 -1
    outer loop
      vertex -17.4144 13.5188 0
      vertex -17.2503 13.5048 0
      vertex -18.2308 11.354 0
    endloop
  endfacet
  facet normal 0 0 -1
    outer loop
      vertex -18.5153 11.5829 0
      vertex -17.781 13.5349 0
      vertex -17.5916 13.529 0
    endloop
  endfacet
  facet normal 0 0 -1
    outer loop
      vertex -18.6673 11.7145 0
      vertex -17.9815 13.5361 0
      vertex -18.5153 11.5829 0
    endloop
  endfacet
  facet normal 0 0 -1
    outer loop
      vertex -18.6673 11.7145 0
      vertex -18.1921 13.5322 0
      vertex -17.9815 13.5361 0
    endloop
  endfacet
  facet normal 0 0 -1
    outer loop
      vertex -18.6673 11.7145 0
      vertex -18.8258 11.8592 0
      vertex -18.1921 13.5322 0
    endloop
  endfacet
  facet normal 0 0 -1
    outer loop
      vertex -18.5153 11.5829 0
      vertex -17.9815 13.5361 0
      vertex -17.781 13.5349 0
    endloop
  endfacet
  facet normal 0 -0 -1
    outer loop
      vertex -18.4117 13.5229 0
      vertex -18.1921 13.5322 0
      vertex -18.8258 11.8592 0
    endloop
  endfacet
  facet normal 0 0 -1
    outer loop
      vertex -18.9908 12.0181 0
      vertex -18.4117 13.5229 0
      vertex -18.8258 11.8592 0
    endloop
  endfacet
  facet normal 0 0 -1
    outer loop
      vertex -18.9908 12.0181 0
      vertex -18.6392 13.5083 0
      vertex -18.4117 13.5229 0
    endloop
  endfacet
  facet normal 0 0 -1
    outer loop
      vertex -18.9908 12.0181 0
      vertex -19.1622 12.1926 0
      vertex -18.6392 13.5083 0
    endloop
  endfacet
  facet normal 0 0 -1
    outer loop
      vertex -18.6392 13.5083 0
      vertex -19.1622 12.1926 0
      vertex -18.8736 13.4882 0
    endloop
  endfacet
  facet normal 0 0 -1
    outer loop
      vertex -18.8736 13.4882 0
      vertex -19.1622 12.1926 0
      vertex -19.3397 12.3839 0
    endloop
  endfacet
  facet normal 0 -0 -1
    outer loop
      vertex -19.114 13.4625 0
      vertex -18.8736 13.4882 0
      vertex -19.3397 12.3839 0
    endloop
  endfacet
  facet normal 0 0 -1
    outer loop
      vertex -19.5069 12.5754 0
      vertex -19.114 13.4625 0
      vertex -19.3397 12.3839 0
    endloop
  endfacet
  facet normal 0 0 -1
    outer loop
      vertex -19.5069 12.5754 0
      vertex -19.1896 13.4529 0
      vertex -19.114 13.4625 0
    endloop
  endfacet
  facet normal 0 0 -1
    outer loop
      vertex -18.3698 11.4631 0
      vertex -18.5153 11.5829 0
      vertex -17.5916 13.529 0
    endloop
  endfacet
  facet normal 0 0 -1
    outer loop
      vertex 3.13947 14.77 0
      vertex 4.16939 17.6494 0
      vertex 5.14909 17.187 0
    endloop
  endfacet
  facet normal 0 0 -1
    outer loop
      vertex -18.0583 8.78362 0
      vertex -18.5458 6.07364 0
      vertex -18.1703 8.77867 0
    endloop
  endfacet
  facet normal 0 0 -1
    outer loop
      vertex -18.2308 11.354 0
      vertex -17.2503 13.5048 0
      vertex -18.0978 11.2546 0
    endloop
  endfacet
  facet normal 0 0 -1
    outer loop
      vertex -19.4162 6.49243 0
      vertex -19.5762 6.57832 0
      vertex -19.2525 8.63663 0
    endloop
  endfacet
  facet normal 0 0 -1
    outer loop
      vertex -18.0978 11.2546 0
      vertex -17.2503 13.5048 0
      vertex -17.1005 13.4877 0
    endloop
  endfacet
  facet normal 0 0 -1
    outer loop
      vertex -17.9707 11.1638 0
      vertex -18.0978 11.2546 0
      vertex -17.1005 13.4877 0
    endloop
  endfacet
  facet normal -0 0 -1
    outer loop
      vertex -16.9659 13.4683 0
      vertex -17.9707 11.1638 0
      vertex -17.1005 13.4877 0
    endloop
  endfacet
  facet normal 0 0 -1
    outer loop
      vertex -16.9659 13.4683 0
      vertex -17.8491 11.0806 0
      vertex -17.9707 11.1638 0
    endloop
  endfacet
  facet normal 0 -0 -1
    outer loop
      vertex -16.9659 13.4683 0
      vertex -16.8475 13.4476 0
      vertex -17.8491 11.0806 0
    endloop
  endfacet
  facet normal 0 0 -1
    outer loop
      vertex -17.0219 8.64825 0
      vertex -16.8315 8.77284 0
      vertex -16.8256 8.76978 0
    endloop
  endfacet
  facet normal 0 -0 -1
    outer loop
      vertex -16.8475 13.4476 0
      vertex -16.7459 13.4265 0
      vertex -17.7325 11.0043 0
    endloop
  endfacet
  facet normal 0 0 -1
    outer loop
      vertex -17.7325 11.0043 0
      vertex -16.7459 13.4265 0
      vertex -16.6621 13.4063 0
    endloop
  endfacet
  facet normal -0 0 -1
    outer loop
      vertex -16.5497 13.3735 0
      vertex -17.7325 11.0043 0
      vertex -16.6621 13.4063 0
    endloop
  endfacet
  facet normal 0 0 -1
    outer loop
      vertex -16.5497 13.3735 0
      vertex -17.6206 10.934 0
      vertex -17.7325 11.0043 0
    endloop
  endfacet
  facet normal 0 -0 -1
    outer loop
      vertex -16.5497 13.3735 0
      vertex -16.3615 13.3038 0
      vertex -17.6206 10.934 0
    endloop
  endfacet
  facet normal 0 0 -1
    outer loop
      vertex -17.6206 10.934 0
      vertex -16.3615 13.3038 0
      vertex -17.4085 10.8084 0
    endloop
  endfacet
  facet normal 0 0 -1
    outer loop
      vertex -17.4085 10.8084 0
      vertex -16.3615 13.3038 0
      vertex -17.2088 10.6988 0
    endloop
  endfacet
  facet normal 0 0 -1
    outer loop
      vertex -17.2088 10.6988 0
      vertex -16.3615 13.3038 0
      vertex -15.6325 12.9666 0
    endloop
  endfacet
  facet normal 0 0 -1
    outer loop
      vertex -17.0575 10.6187 0
      vertex -17.2088 10.6988 0
      vertex -15.6325 12.9666 0
    endloop
  endfacet
  facet normal 0 0 -1
    outer loop
      vertex -14.3609 4.66615 0
      vertex -17.3288 5.5695 0
      vertex -13.7945 6.14171 0
    endloop
  endfacet
  facet normal -0 0 -1
    outer loop
      vertex -14.3609 -4.66615 0
      vertex -17.4069 -4.80888 0
      vertex -17.4566 -4.13368 0
    endloop
  endfacet
  facet normal 0 0 -1
    outer loop
      vertex -15.0173 1.57837 0
      vertex -17.5936 0.693039 0
      vertex -17.7552 0.85614 0
    endloop
  endfacet
  facet normal 0 0 -1
    outer loop
      vertex -17.0219 8.64825 0
      vertex -17.4757 5.74869 0
      vertex -17.8612 5.79103 0
    endloop
  endfacet
  facet normal 0 0 -1
    outer loop
      vertex -17.4757 5.74869 0
      vertex -16.8256 8.76978 0
      vertex -17.3288 5.5695 0
    endloop
  endfacet
  facet normal 0 0 -1
    outer loop
      vertex -17.4757 5.74869 0
      vertex -17.3288 5.5695 0
      vertex -17.3335 5.57103 0
    endloop
  endfacet
  facet normal 0 0 -1
    outer loop
      vertex -18.5782 8.74234 0
      vertex -19.1109 6.33656 0
      vertex -18.7348 8.72223 0
    endloop
  endfacet
  facet normal 0 0 -1
    outer loop
      vertex -18.7348 8.72223 0
      vertex -19.2612 6.41199 0
      vertex -18.9 8.69795 0
    endloop
  endfacet
  facet normal 0 0 -1
    outer loop
      vertex -18.9 8.69795 0
      vertex -19.2612 6.41199 0
      vertex -19.4162 6.49243 0
    endloop
  endfacet
  facet normal 0 0 -1
    outer loop
      vertex -19.0728 8.66943 0
      vertex -19.4162 6.49243 0
      vertex -19.2525 8.63663 0
    endloop
  endfacet
  facet normal 0 0 -1
    outer loop
      vertex -19.2525 8.63663 0
      vertex -19.5762 6.57832 0
      vertex -19.4381 8.59978 0
    endloop
  endfacet
  facet normal 0 0 -1
    outer loop
      vertex -19.9138 6.76993 0
      vertex -19.6287 8.55902 0
      vertex -19.7419 6.67056 0
    endloop
  endfacet
  facet normal 0 0 -1
    outer loop
      vertex -19.7419 6.67056 0
      vertex -19.4381 8.59978 0
      vertex -19.5762 6.57832 0
    endloop
  endfacet
  facet normal 0 0 -1
    outer loop
      vertex -19.9138 6.76993 0
      vertex -19.8237 8.51442 0
      vertex -19.6287 8.55902 0
    endloop
  endfacet
  facet normal 0 0 -1
    outer loop
      vertex -19.9138 6.76993 0
      vertex -20.0922 6.8772 0
      vertex -19.8237 8.51442 0
    endloop
  endfacet
  facet normal 0 0 -1
    outer loop
      vertex -19.8237 8.51442 0
      vertex -20.0922 6.8772 0
      vertex -20.0222 8.46622 0
    endloop
  endfacet
  facet normal 0 0 -1
    outer loop
      vertex -20.0222 8.46622 0
      vertex -20.0922 6.8772 0
      vertex -20.2777 6.99318 0
    endloop
  endfacet
  facet normal 0 0 -1
    outer loop
      vertex -20.69 7.81252 0
      vertex -20.0222 8.46622 0
      vertex -20.2777 6.99318 0
    endloop
  endfacet
  facet normal 0 0 -1
    outer loop
      vertex -20.4706 7.11897 0
      vertex -20.69 7.81252 0
      vertex -20.2777 6.99318 0
    endloop
  endfacet
  facet normal 0 -0 -1
    outer loop
      vertex -20.69 7.81252 0
      vertex -20.6713 7.2556 0
      vertex -20.7581 7.31738 0
    endloop
  endfacet
  facet normal 0 0 -1
    outer loop
      vertex -20.69 7.81252 0
      vertex -20.4706 7.11897 0
      vertex -20.6713 7.2556 0
    endloop
  endfacet
  facet normal 0 0 -1
    outer loop
      vertex -20.69 7.81252 0
      vertex -20.2236 8.41472 0
      vertex -20.0222 8.46622 0
    endloop
  endfacet
  facet normal 0 0 -1
    outer loop
      vertex -20.69 7.81252 0
      vertex -20.4275 8.36005 0
      vertex -20.2236 8.41472 0
    endloop
  endfacet
  facet normal 0 0 -1
    outer loop
      vertex -20.69 7.81252 0
      vertex -20.6003 8.31166 0
      vertex -20.4275 8.36005 0
    endloop
  endfacet
  facet normal 0 0 -1
    outer loop
      vertex -19.7419 6.67056 0
      vertex -19.6287 8.55902 0
      vertex -19.4381 8.59978 0
    endloop
  endfacet
  facet normal 0 0 -1
    outer loop
      vertex -13.077 -7.54999 0
      vertex -16.6117 -9.70027 0
      vertex -16.8256 -8.76978 0
    endloop
  endfacet
  facet normal 0 -0 -1
    outer loop
      vertex -19.0728 8.66943 0
      vertex -18.9 8.69795 0
      vertex -19.4162 6.49243 0
    endloop
  endfacet
  facet normal 0 0 -1
    outer loop
      vertex -18.7348 8.72223 0
      vertex -19.1109 6.33656 0
      vertex -19.2612 6.41199 0
    endloop
  endfacet
  facet normal 0 0 -1
    outer loop
      vertex -18.5782 8.74234 0
      vertex -18.822 6.19829 0
      vertex -19.1109 6.33656 0
    endloop
  endfacet
  facet normal 0 -0 -1
    outer loop
      vertex -18.5782 8.74234 0
      vertex -18.4313 8.75833 0
      vertex -18.822 6.19829 0
    endloop
  endfacet
  facet normal 0 0 -1
    outer loop
      vertex -18.822 6.19829 0
      vertex -18.4313 8.75833 0
      vertex -18.295 8.7704 0
    endloop
  endfacet
  facet normal 0 0 -1
    outer loop
      vertex -18.1703 8.77867 0
      vertex -18.822 6.19829 0
      vertex -18.295 8.7704 0
    endloop
  endfacet
  facet normal 0 0 -1
    outer loop
      vertex -18.1703 8.77867 0
      vertex -18.5458 6.07364 0
      vertex -18.822 6.19829 0
    endloop
  endfacet
  facet normal 0 -0 -1
    outer loop
      vertex -18.0583 8.78362 0
      vertex -17.96 8.78568 0
      vertex -18.5458 6.07364 0
    endloop
  endfacet
  facet normal 0 0 -1
    outer loop
      vertex -18.5458 6.07364 0
      vertex -17.96 8.78568 0
      vertex -17.8765 8.78542 0
    endloop
  endfacet
  facet normal 0 0 -1
    outer loop
      vertex -18.2792 5.95959 0
      vertex -18.5458 6.07364 0
      vertex -17.8765 8.78542 0
    endloop
  endfacet
  facet normal -0 0 -1
    outer loop
      vertex -17.6375 8.77632 0
      vertex -18.2792 5.95959 0
      vertex -17.8765 8.78542 0
    endloop
  endfacet
  facet normal 0 0 -1
    outer loop
      vertex -18.2792 5.95959 0
      vertex -17.6375 8.77632 0
      vertex -17.0219 8.64825 0
    endloop
  endfacet
  facet normal 0 0 -1
    outer loop
      vertex -17.8612 5.79103 0
      vertex -18.2792 5.95959 0
      vertex -17.0219 8.64825 0
    endloop
  endfacet
  facet normal 0 0 -1
    outer loop
      vertex -17.5936 -0.693039 0
      vertex -17.5999 0 0
      vertex -15.1 0 0
    endloop
  endfacet
  facet normal 0 0 -1
    outer loop
      vertex -15.1 0 0
      vertex -17.5999 0 0
      vertex -17.5936 0.693039 0
    endloop
  endfacet
  facet normal 0 0 -1
    outer loop
      vertex -15.1 0 0
      vertex -17.5936 0.693039 0
      vertex -15.0173 1.57837 0
    endloop
  endfacet
  facet normal 0 0 -1
    outer loop
      vertex -0.501114 19.345 0
      vertex 0.708801 18.9973 0
      vertex 0 15.1 0
    endloop
  endfacet
  facet normal 0 0 -1
    outer loop
      vertex -18.6915 1.04193 0
      vertex -18.9813 1.14191 0
      vertex -18.6139 3.91824 0
    endloop
  endfacet
  facet normal 0 -0 -1
    outer loop
      vertex -17.4608 4.13467 0
      vertex -17.4566 4.13368 0
      vertex -17.6323 3.98514 0
    endloop
  endfacet
  facet normal 0 0 -1
    outer loop
      vertex -20.1889 3.46632 0
      vertex -19.8414 3.57982 0
      vertex -19.9229 1.49915 0
    endloop
  endfacet
  facet normal 0 -0 -1
    outer loop
      vertex -18.1004 4.01704 0
      vertex -17.6323 3.98514 0
      vertex -18.3742 3.96809 0
    endloop
  endfacet
  facet normal 0 0 -1
    outer loop
      vertex -19.1862 3.77461 0
      vertex -19.2837 1.25133 0
      vertex -19.5974 1.37012 0
    endloop
  endfacet
  facet normal 0 0 -1
    outer loop
      vertex -20.2621 1.64027 0
      vertex -20.1889 3.46632 0
      vertex -19.9229 1.49915 0
    endloop
  endfacet
  facet normal 0 0 -1
    outer loop
      vertex -20.6183 1.79636 0
      vertex -20.5466 3.3432 0
      vertex -20.2621 1.64027 0
    endloop
  endfacet
  facet normal 0 0 -1
    outer loop
      vertex -20.6183 1.79636 0
      vertex -21.1732 2.53308 0
      vertex -20.5466 3.3432 0
    endloop
  endfacet
  facet normal 0 0 -1
    outer loop
      vertex -20.8042 1.88112 0
      vertex -20.9958 1.97122 0
      vertex -21.1732 2.53308 0
    endloop
  endfacet
  facet normal 0 0 -1
    outer loop
      vertex -20.8042 1.88112 0
      vertex -21.1732 2.53308 0
      vertex -20.6183 1.79636 0
    endloop
  endfacet
  facet normal 0 -0 -1
    outer loop
      vertex -21.1732 2.53308 0
      vertex -20.9958 1.97122 0
      vertex -21.1864 2.06355 0
    endloop
  endfacet
  facet normal 0 0 -1
    outer loop
      vertex -21.1732 2.53308 0
      vertex -20.9146 3.21037 0
      vertex -20.5466 3.3432 0
    endloop
  endfacet
  facet normal 0 0 -1
    outer loop
      vertex -21.1732 2.53308 0
      vertex -21.1441 3.12364 0
      vertex -20.9146 3.21037 0
    endloop
  endfacet
  facet normal 0 0 -1
    outer loop
      vertex -20.5466 3.3432 0
      vertex -20.1889 3.46632 0
      vertex -20.2621 1.64027 0
    endloop
  endfacet
  facet normal -0 0 -1
    outer loop
      vertex 5.14909 -17.187 0
      vertex 4.16939 -17.6494 0
      vertex 3.13947 -14.77 0
    endloop
  endfacet
  facet normal 0 0 -1
    outer loop
      vertex -11.2215 -10.1039 0
      vertex -14.7018 -14.3721 0
      vertex -15.3113 -13.2642 0
    endloop
  endfacet
  facet normal 0 -0 -1
    outer loop
      vertex -19.8414 3.57982 0
      vertex -19.506 3.68295 0
      vertex -19.9229 1.49915 0
    endloop
  endfacet
  facet normal 0 0 -1
    outer loop
      vertex -19.9229 1.49915 0
      vertex -19.506 3.68295 0
      vertex -19.5974 1.37012 0
    endloop
  endfacet
  facet normal 0 0 -1
    outer loop
      vertex -19.5974 1.37012 0
      vertex -19.506 3.68295 0
      vertex -19.1862 3.77461 0
    endloop
  endfacet
  facet normal 0 0 -1
    outer loop
      vertex -19.2837 1.25133 0
      vertex -19.1862 3.77461 0
      vertex -18.8869 3.85345 0
    endloop
  endfacet
  facet normal 0 0 -1
    outer loop
      vertex -18.9813 1.14191 0
      vertex -19.2837 1.25133 0
      vertex -18.8869 3.85345 0
    endloop
  endfacet
  facet normal 0 0 -1
    outer loop
      vertex -18.6139 3.91824 0
      vertex -18.9813 1.14191 0
      vertex -18.8869 3.85345 0
    endloop
  endfacet
  facet normal 0 0 -1
    outer loop
      vertex -18.3742 3.96809 0
      vertex -18.6915 1.04193 0
      vertex -18.6139 3.91824 0
    endloop
  endfacet
  facet normal 0 0 -1
    outer loop
      vertex -18.3742 3.96809 0
      vertex -18.4173 0.952148 0
      vertex -18.6915 1.04193 0
    endloop
  endfacet
  facet normal 0 0 -1
    outer loop
      vertex -18.4173 0.952148 0
      vertex -18.3742 3.96809 0
      vertex -17.6323 3.98514 0
    endloop
  endfacet
  facet normal 0 0 -1
    outer loop
      vertex -18.1238 0.860931 0
      vertex -18.4173 0.952148 0
      vertex -17.7552 0.85614 0
    endloop
  endfacet
  facet normal 0 0 -1
    outer loop
      vertex -17.7552 0.85614 0
      vertex -18.4173 0.952148 0
      vertex -17.6323 3.98514 0
    endloop
  endfacet
  facet normal 0 0 -1
    outer loop
      vertex -17.7552 0.85614 0
      vertex -17.6323 3.98514 0
      vertex -15.0173 1.57837 0
    endloop
  endfacet
  facet normal 0 0 -1
    outer loop
      vertex -17.4608 -4.13467 0
      vertex -17.6323 -3.98514 0
      vertex -17.4566 -4.13368 0
    endloop
  endfacet
  facet normal 0 0 -1
    outer loop
      vertex -13.7945 -6.14171 0
      vertex -17.3288 -5.5695 0
      vertex -14.3609 -4.66615 0
    endloop
  endfacet
  facet normal 0 0 -1
    outer loop
      vertex -17.4566 -4.13368 0
      vertex -14.77 -3.13947 0
      vertex -14.3609 -4.66615 0
    endloop
  endfacet
  facet normal 0 -0 -1
    outer loop
      vertex -18.6915 -1.04193 0
      vertex -18.6139 -3.91824 0
      vertex -18.9813 -1.14191 0
    endloop
  endfacet
  facet normal 0 -0 -1
    outer loop
      vertex -17.5965 -0.693146 0
      vertex -17.5936 -0.693039 0
      vertex -17.7552 -0.85614 0
    endloop
  endfacet
  facet normal -0 0 -1
    outer loop
      vertex -16.8256 -8.76978 0
      vertex -16.8315 -8.77284 0
      vertex -17.0219 -8.64825 0
    endloop
  endfacet
  facet normal 0 -0 -1
    outer loop
      vertex -18.1238 -0.860931 0
      vertex -17.7552 -0.85614 0
      vertex -18.4173 -0.952148 0
    endloop
  endfacet
  facet normal 0 -0 -1
    outer loop
      vertex -19.2837 -1.25133 0
      vertex -19.1862 -3.77461 0
      vertex -19.5974 -1.37012 0
    endloop
  endfacet
  facet normal 0 0 -1
    outer loop
      vertex -19.8414 -3.57982 0
      vertex -20.1889 -3.46632 0
      vertex -19.9229 -1.49915 0
    endloop
  endfacet
  facet normal 0 0 -1
    outer loop
      vertex -20.1889 -3.46632 0
      vertex -20.5466 -3.3432 0
      vertex -20.2621 -1.64027 0
    endloop
  endfacet
  facet normal 0 0 -1
    outer loop
      vertex -20.2621 -1.64027 0
      vertex -20.5466 -3.3432 0
      vertex -20.6183 -1.79636 0
    endloop
  endfacet
  facet normal 0 -0 -1
    outer loop
      vertex -20.6183 -1.79636 0
      vertex -20.5466 -3.3432 0
      vertex -21.1732 -2.53308 0
    endloop
  endfacet
  facet normal 0 0 -1
    outer loop
      vertex -21.1732 -2.53308 0
      vertex -20.5466 -3.3432 0
      vertex -20.9146 -3.21037 0
    endloop
  endfacet
  facet normal 0 0 -1
    outer loop
      vertex -20.1889 -3.46632 0
      vertex -20.2621 -1.64027 0
      vertex -19.9229 -1.49915 0
    endloop
  endfacet
  facet normal 0 0 -1
    outer loop
      vertex -21.1441 -3.12364 0
      vertex -21.1732 -2.53308 0
      vertex -20.9146 -3.21037 0
    endloop
  endfacet
  facet normal 0 0 -1
    outer loop
      vertex -20.6183 -1.79636 0
      vertex -21.1732 -2.53308 0
      vertex -20.8042 -1.88112 0
    endloop
  endfacet
  facet normal 0 0 -1
    outer loop
      vertex -20.8042 -1.88112 0
      vertex -21.1732 -2.53308 0
      vertex -20.9958 -1.97122 0
    endloop
  endfacet
  facet normal 0 0 -1
    outer loop
      vertex -20.9958 -1.97122 0
      vertex -21.1732 -2.53308 0
      vertex -21.1864 -2.06355 0
    endloop
  endfacet
  facet normal 0 0 -1
    outer loop
      vertex -19.8414 -3.57982 0
      vertex -19.9229 -1.49915 0
      vertex -19.506 -3.68295 0
    endloop
  endfacet
  facet normal 0 0 -1
    outer loop
      vertex -14.7018 -14.3721 0
      vertex -11.2215 -10.1039 0
      vertex -10.1039 -11.2215 0
    endloop
  endfacet
  facet normal 0 0 -1
    outer loop
      vertex -14.6357 -14.4698 0
      vertex -10.1039 -11.2215 0
      vertex -12.9529 -16.6122 0
    endloop
  endfacet
  facet normal 0 0 -1
    outer loop
      vertex -19.506 -3.68295 0
      vertex -19.9229 -1.49915 0
      vertex -19.5974 -1.37012 0
    endloop
  endfacet
  facet normal 0 0 -1
    outer loop
      vertex -18.7348 -8.72223 0
      vertex -19.2612 -6.41199 0
      vertex -19.1109 -6.33656 0
    endloop
  endfacet
  facet normal 0 0 -1
    outer loop
      vertex -19.1862 -3.77461 0
      vertex -19.506 -3.68295 0
      vertex -19.5974 -1.37012 0
    endloop
  endfacet
  facet normal 0 0 -1
    outer loop
      vertex -18.8869 -3.85345 0
      vertex -19.1862 -3.77461 0
      vertex -19.2837 -1.25133 0
    endloop
  endfacet
  facet normal 0 0 -1
    outer loop
      vertex -17.4757 -5.74869 0
      vertex -17.3335 -5.57103 0
      vertex -17.3288 -5.5695 0
    endloop
  endfacet
  facet normal 0 -0 -1
    outer loop
      vertex -18.9813 -1.14191 0
      vertex -18.8869 -3.85345 0
      vertex -19.2837 -1.25133 0
    endloop
  endfacet
  facet normal 0 0 -1
    outer loop
      vertex -18.9813 -1.14191 0
      vertex -18.6139 -3.91824 0
      vertex -18.8869 -3.85345 0
    endloop
  endfacet
  facet normal 0 0 -1
    outer loop
      vertex -18.6915 -1.04193 0
      vertex -18.3742 -3.96809 0
      vertex -18.6139 -3.91824 0
    endloop
  endfacet
  facet normal 0 0 -1
    outer loop
      vertex -18.6915 -1.04193 0
      vertex -18.4173 -0.952148 0
      vertex -18.3742 -3.96809 0
    endloop
  endfacet
  facet normal 0 0 -1
    outer loop
      vertex -18.3742 -3.96809 0
      vertex -17.6323 -3.98514 0
      vertex -18.1004 -4.01704 0
    endloop
  endfacet
  facet normal 0 0 -1
    outer loop
      vertex -18.3742 -3.96809 0
      vertex -18.4173 -0.952148 0
      vertex -17.6323 -3.98514 0
    endloop
  endfacet
  facet normal 0 0 -1
    outer loop
      vertex -17.6323 -3.98514 0
      vertex -18.4173 -0.952148 0
      vertex -17.7552 -0.85614 0
    endloop
  endfacet
  facet normal 0 0 -1
    outer loop
      vertex 5.14909 -17.187 0
      vertex 4.66615 -14.3609 0
      vertex 5.36493 -17.2626 0
    endloop
  endfacet
  facet normal 0 0 -1
    outer loop
      vertex -17.6323 -3.98514 0
      vertex -14.77 -3.13947 0
      vertex -17.4566 -4.13368 0
    endloop
  endfacet
  facet normal 0 0 -1
    outer loop
      vertex -15.3113 -13.2642 0
      vertex -15.412 -13.0391 0
      vertex -11.2215 -10.1039 0
    endloop
  endfacet
  facet normal 0 0 -1
    outer loop
      vertex 8.87555 -12.2162 0
      vertex 12.2674 -13.2775 0
      vertex 9.61908 -14.9484 0
    endloop
  endfacet
  facet normal 0 0 -1
    outer loop
      vertex -17.6323 -3.98514 0
      vertex -15.0173 -1.57837 0
      vertex -14.77 -3.13947 0
    endloop
  endfacet
  facet normal 0 0 -1
    outer loop
      vertex -18.295 -8.7704 0
      vertex -18.4313 -8.75833 0
      vertex -18.6825 -6.13445 0
    endloop
  endfacet
  facet normal 0 0 -1
    outer loop
      vertex -18.1488 -5.90591 0
      vertex -17.8612 -5.79103 0
      vertex -17.4757 -5.74869 0
    endloop
  endfacet
  facet normal 0 0 -1
    outer loop
      vertex -19.0728 -8.66943 0
      vertex -19.4162 -6.49243 0
      vertex -18.9 -8.69795 0
    endloop
  endfacet
  facet normal 0 0 -1
    outer loop
      vertex -19.7419 -6.67056 0
      vertex -19.5762 -6.57832 0
      vertex -19.4381 -8.59978 0
    endloop
  endfacet
  facet normal 0 0 -1
    outer loop
      vertex -19.9138 -6.76993 0
      vertex -19.7419 -6.67056 0
      vertex -19.6287 -8.55902 0
    endloop
  endfacet
  facet normal 0 0 -1
    outer loop
      vertex -19.8237 -8.51442 0
      vertex -19.9138 -6.76993 0
      vertex -19.6287 -8.55902 0
    endloop
  endfacet
  facet normal 0 0 -1
    outer loop
      vertex -20.0922 -6.8772 0
      vertex -19.8237 -8.51442 0
      vertex -20.0222 -8.46622 0
    endloop
  endfacet
  facet normal 0 -0 -1
    outer loop
      vertex -19.9138 -6.76993 0
      vertex -19.8237 -8.51442 0
      vertex -20.0922 -6.8772 0
    endloop
  endfacet
  facet normal 0 0 -1
    outer loop
      vertex -20.2777 -6.99318 0
      vertex -20.0922 -6.8772 0
      vertex -20.0222 -8.46622 0
    endloop
  endfacet
  facet normal 0 0 -1
    outer loop
      vertex -20.69 -7.81252 0
      vertex -20.2777 -6.99318 0
      vertex -20.0222 -8.46622 0
    endloop
  endfacet
  facet normal 0 0 -1
    outer loop
      vertex -20.2236 -8.41472 0
      vertex -20.69 -7.81252 0
      vertex -20.0222 -8.46622 0
    endloop
  endfacet
  facet normal 0 0 -1
    outer loop
      vertex -20.69 -7.81252 0
      vertex -20.4275 -8.36005 0
      vertex -20.6003 -8.31166 0
    endloop
  endfacet
  facet normal 0 0 -1
    outer loop
      vertex -20.69 -7.81252 0
      vertex -20.2236 -8.41472 0
      vertex -20.4275 -8.36005 0
    endloop
  endfacet
  facet normal 0 0 -1
    outer loop
      vertex -19.4381 -8.59978 0
      vertex -19.6287 -8.55902 0
      vertex -19.7419 -6.67056 0
    endloop
  endfacet
  facet normal 0 0 -1
    outer loop
      vertex -20.2777 -6.99318 0
      vertex -20.69 -7.81252 0
      vertex -20.4706 -7.11897 0
    endloop
  endfacet
  facet normal 0 0 -1
    outer loop
      vertex -20.69 -7.81252 0
      vertex -20.7581 -7.31738 0
      vertex -20.6713 -7.2556 0
    endloop
  endfacet
  facet normal 0 0 -1
    outer loop
      vertex -20.4706 -7.11897 0
      vertex -20.69 -7.81252 0
      vertex -20.6713 -7.2556 0
    endloop
  endfacet
  facet normal 0 0 -1
    outer loop
      vertex -19.2525 -8.63663 0
      vertex -19.4381 -8.59978 0
      vertex -19.5762 -6.57832 0
    endloop
  endfacet
  facet normal -0 0 -1
    outer loop
      vertex -0.501114 -19.345 0
      vertex -0.669479 -19.3828 0
      vertex -1.57837 -15.0173 0
    endloop
  endfacet
  facet normal 0 0 -1
    outer loop
      vertex -16.5645 -10.474 0
      vertex -16.447 -10.2685 0
      vertex -15.412 -13.0391 0
    endloop
  endfacet
  facet normal 0 -0 -1
    outer loop
      vertex -19.4162 -6.49243 0
      vertex -19.2525 -8.63663 0
      vertex -19.5762 -6.57832 0
    endloop
  endfacet
  facet normal -0 0 -1
    outer loop
      vertex -16.7459 -13.4265 0
      vertex -16.8475 -13.4476 0
      vertex -17.7325 -11.0043 0
    endloop
  endfacet
  facet normal 0 0 -1
    outer loop
      vertex -19.4162 -6.49243 0
      vertex -19.0728 -8.66943 0
      vertex -19.2525 -8.63663 0
    endloop
  endfacet
  facet normal 0 -0 -1
    outer loop
      vertex -19.2612 -6.41199 0
      vertex -18.9 -8.69795 0
      vertex -19.4162 -6.49243 0
    endloop
  endfacet
  facet normal 0 0 -1
    outer loop
      vertex -19.2612 -6.41199 0
      vertex -18.7348 -8.72223 0
      vertex -18.9 -8.69795 0
    endloop
  endfacet
  facet normal 0 0 -1
    outer loop
      vertex -16.5645 -10.474 0
      vertex -16.4559 -10.2741 0
      vertex -16.447 -10.2685 0
    endloop
  endfacet
  facet normal 0 0 -1
    outer loop
      vertex -18.5782 -8.74234 0
      vertex -18.7348 -8.72223 0
      vertex -19.1109 -6.33656 0
    endloop
  endfacet
  facet normal 0 -0 -1
    outer loop
      vertex -18.9647 -6.26556 0
      vertex -18.5782 -8.74234 0
      vertex -19.1109 -6.33656 0
    endloop
  endfacet
  facet normal 0 0 -1
    outer loop
      vertex -18.9647 -6.26556 0
      vertex -18.4313 -8.75833 0
      vertex -18.5782 -8.74234 0
    endloop
  endfacet
  facet normal 0 0 -1
    outer loop
      vertex -18.9647 -6.26556 0
      vertex -18.6825 -6.13445 0
      vertex -18.4313 -8.75833 0
    endloop
  endfacet
  facet normal 0 0 -1
    outer loop
      vertex -18.6825 -6.13445 0
      vertex -18.1703 -8.77867 0
      vertex -18.295 -8.7704 0
    endloop
  endfacet
  facet normal 0 0 -1
    outer loop
      vertex -18.6825 -6.13445 0
      vertex -18.0583 -8.78362 0
      vertex -18.1703 -8.77867 0
    endloop
  endfacet
  facet normal 0 0 -1
    outer loop
      vertex -18.6825 -6.13445 0
      vertex -18.4114 -6.0154 0
      vertex -18.0583 -8.78362 0
    endloop
  endfacet
  facet normal 0 0 -1
    outer loop
      vertex -18.0583 -8.78362 0
      vertex -18.4114 -6.0154 0
      vertex -17.96 -8.78568 0
    endloop
  endfacet
  facet normal 0 0 -1
    outer loop
      vertex -17.96 -8.78568 0
      vertex -18.4114 -6.0154 0
      vertex -17.8086 -8.78351 0
    endloop
  endfacet
  facet normal 0 0 -1
    outer loop
      vertex -17.8086 -8.78351 0
      vertex -18.4114 -6.0154 0
      vertex -17.6375 -8.77632 0
    endloop
  endfacet
  facet normal 0 0 -1
    outer loop
      vertex -17.6375 -8.77632 0
      vertex -18.4114 -6.0154 0
      vertex -18.1488 -5.90591 0
    endloop
  endfacet
  facet normal -0 0 -1
    outer loop
      vertex -17.0219 -8.64825 0
      vertex -17.6375 -8.77632 0
      vertex -18.1488 -5.90591 0
    endloop
  endfacet
  facet normal 0 -0 -1
    outer loop
      vertex -17.4757 -5.74869 0
      vertex -17.0219 -8.64825 0
      vertex -18.1488 -5.90591 0
    endloop
  endfacet
  facet normal 0 0 -1
    outer loop
      vertex -17.4757 -5.74869 0
      vertex -16.8256 -8.76978 0
      vertex -17.0219 -8.64825 0
    endloop
  endfacet
  facet normal 0 0 -1
    outer loop
      vertex -1.57837 -15.0173 0
      vertex 0 -15.1 0
      vertex -0.501114 -19.345 0
    endloop
  endfacet
  facet normal 0 0 -1
    outer loop
      vertex 0.818085 -18.9598 0
      vertex 1.57837 -15.0173 0
      vertex 3.84113 -17.7923 0
    endloop
  endfacet
  facet normal 0 0 -1
    outer loop
      vertex -16.8256 -8.76978 0
      vertex -17.4757 -5.74869 0
      vertex -17.3288 -5.5695 0
    endloop
  endfacet
  facet normal -0 0 -1
    outer loop
      vertex -16.6621 -13.4063 0
      vertex -16.7459 -13.4265 0
      vertex -17.7325 -11.0043 0
    endloop
  endfacet
  facet normal -0 0 -1
    outer loop
      vertex -17.5916 -13.529 0
      vertex -17.781 -13.5349 0
      vertex -18.5153 -11.5829 0
    endloop
  endfacet
  facet normal 0 -0 -1
    outer loop
      vertex -17.8491 -11.0806 0
      vertex -16.9659 -13.4683 0
      vertex -17.9707 -11.1638 0
    endloop
  endfacet
  facet normal 0 0 -1
    outer loop
      vertex -18.3698 -11.4631 0
      vertex -18.2308 -11.354 0
      vertex -17.4144 -13.5188 0
    endloop
  endfacet
  facet normal 0 0 -1
    outer loop
      vertex -18.5153 -11.5829 0
      vertex -17.781 -13.5349 0
      vertex -17.9815 -13.5361 0
    endloop
  endfacet
  facet normal 0 0 -1
    outer loop
      vertex -18.6673 -11.7145 0
      vertex -18.5153 -11.5829 0
      vertex -17.9815 -13.5361 0
    endloop
  endfacet
  facet normal 0 0 -1
    outer loop
      vertex -18.1921 -13.5322 0
      vertex -18.6673 -11.7145 0
      vertex -17.9815 -13.5361 0
    endloop
  endfacet
  facet normal 0 0 -1
    outer loop
      vertex -18.1921 -13.5322 0
      vertex -18.8258 -11.8592 0
      vertex -18.6673 -11.7145 0
    endloop
  endfacet
  facet normal 0 0 -1
    outer loop
      vertex -18.1921 -13.5322 0
      vertex -18.4117 -13.5229 0
      vertex -18.8258 -11.8592 0
    endloop
  endfacet
  facet normal 0 0 -1
    outer loop
      vertex -18.6392 -13.5083 0
      vertex -18.9908 -12.0181 0
      vertex -18.4117 -13.5229 0
    endloop
  endfacet
  facet normal 0 0 -1
    outer loop
      vertex -18.9908 -12.0181 0
      vertex -18.8258 -11.8592 0
      vertex -18.4117 -13.5229 0
    endloop
  endfacet
  facet normal 0 0 -1
    outer loop
      vertex -18.6392 -13.5083 0
      vertex -19.1622 -12.1926 0
      vertex -18.9908 -12.0181 0
    endloop
  endfacet
  facet normal 0 0 -1
    outer loop
      vertex -18.6392 -13.5083 0
      vertex -18.8736 -13.4882 0
      vertex -19.1622 -12.1926 0
    endloop
  endfacet
  facet normal 0 -0 -1
    outer loop
      vertex -19.1622 -12.1926 0
      vertex -18.8736 -13.4882 0
      vertex -19.3397 -12.3839 0
    endloop
  endfacet
  facet normal 0 0 -1
    outer loop
      vertex -19.3397 -12.3839 0
      vertex -18.8736 -13.4882 0
      vertex -19.114 -13.4625 0
    endloop
  endfacet
  facet normal 0 0 -1
    outer loop
      vertex -19.5069 -12.5754 0
      vertex -19.3397 -12.3839 0
      vertex -19.114 -13.4625 0
    endloop
  endfacet
  facet normal 0 0 -1
    outer loop
      vertex -19.1896 -13.4529 0
      vertex -19.5069 -12.5754 0
      vertex -19.114 -13.4625 0
    endloop
  endfacet
  facet normal 0 0 -1
    outer loop
      vertex -18.5153 -11.5829 0
      vertex -18.3698 -11.4631 0
      vertex -17.5916 -13.529 0
    endloop
  endfacet
  facet normal 0 -0 -1
    outer loop
      vertex -8.87555 -12.2162 0
      vertex -7.54999 -13.077 0
      vertex -11.7186 -17.6929 0
    endloop
  endfacet
  facet normal 0 0 -1
    outer loop
      vertex -11.7186 -17.6929 0
      vertex -7.54999 -13.077 0
      vertex -9.46446 -18.9976 0
    endloop
  endfacet
  facet normal 0 0 -1
    outer loop
      vertex -17.5916 -13.529 0
      vertex -18.3698 -11.4631 0
      vertex -17.4144 -13.5188 0
    endloop
  endfacet
  facet normal -0 0 -1
    outer loop
      vertex -14.6745 -17.7405 0
      vertex -14.8415 -17.807 0
      vertex -16.2045 -16.0661 0
    endloop
  endfacet
  facet normal 0 0 -1
    outer loop
      vertex -17.4144 -13.5188 0
      vertex -18.2308 -11.354 0
      vertex -17.2503 -13.5048 0
    endloop
  endfacet
  facet normal -0 0 -1
    outer loop
      vertex -14.5258 -17.6749 0
      vertex -14.6745 -17.7405 0
      vertex -16.1006 -15.9203 0
    endloop
  endfacet
  facet normal 0 0 -1
    outer loop
      vertex -17.2503 -13.5048 0
      vertex -18.2308 -11.354 0
      vertex -18.0978 -11.2546 0
    endloop
  endfacet
  facet normal -0 0 -1
    outer loop
      vertex -17.1005 -13.4877 0
      vertex -17.2503 -13.5048 0
      vertex -18.0978 -11.2546 0
    endloop
  endfacet
  facet normal 0 0 -1
    outer loop
      vertex -14.6892 -14.6963 0
      vertex -14.6401 -14.4741 0
      vertex -14.6357 -14.4698 0
    endloop
  endfacet
  facet normal 0 -0 -1
    outer loop
      vertex -17.9707 -11.1638 0
      vertex -17.1005 -13.4877 0
      vertex -18.0978 -11.2546 0
    endloop
  endfacet
  facet normal 0 0 -1
    outer loop
      vertex -17.9707 -11.1638 0
      vertex -16.9659 -13.4683 0
      vertex -17.1005 -13.4877 0
    endloop
  endfacet
  facet normal 0 0 -1
    outer loop
      vertex -17.8491 -11.0806 0
      vertex -16.8475 -13.4476 0
      vertex -16.9659 -13.4683 0
    endloop
  endfacet
  facet normal 0 0 -1
    outer loop
      vertex -17.8491 -11.0806 0
      vertex -17.7325 -11.0043 0
      vertex -16.8475 -13.4476 0
    endloop
  endfacet
  facet normal 0 0 -1
    outer loop
      vertex -16.6621 -13.4063 0
      vertex -17.7325 -11.0043 0
      vertex -16.5497 -13.3735 0
    endloop
  endfacet
  facet normal 0 0 -1
    outer loop
      vertex -16.5497 -13.3735 0
      vertex -17.7325 -11.0043 0
      vertex -17.6206 -10.934 0
    endloop
  endfacet
  facet normal -0 0 -1
    outer loop
      vertex -16.3615 -13.3038 0
      vertex -16.5497 -13.3735 0
      vertex -17.6206 -10.934 0
    endloop
  endfacet
  facet normal 0 -0 -1
    outer loop
      vertex -17.5127 -10.869 0
      vertex -16.3615 -13.3038 0
      vertex -17.6206 -10.934 0
    endloop
  endfacet
  facet normal 0 0 -1
    outer loop
      vertex -17.5127 -10.869 0
      vertex -17.3074 -10.7519 0
      vertex -16.3615 -13.3038 0
    endloop
  endfacet
  facet normal 0 0 -1
    outer loop
      vertex -16.3615 -13.3038 0
      vertex -17.3074 -10.7519 0
      vertex -15.6325 -12.9666 0
    endloop
  endfacet
  facet normal 0 0 -1
    outer loop
      vertex -15.6325 -12.9666 0
      vertex -17.3074 -10.7519 0
      vertex -17.0575 -10.6187 0
    endloop
  endfacet
  facet normal 0 -0 -1
    outer loop
      vertex -16.5645 -10.474 0
      vertex -15.6325 -12.9666 0
      vertex -17.0575 -10.6187 0
    endloop
  endfacet
  facet normal 0 0 -1
    outer loop
      vertex -16.5645 -10.474 0
      vertex -15.412 -13.0391 0
      vertex -15.6325 -12.9666 0
    endloop
  endfacet
  facet normal 0 0 -1
    outer loop
      vertex -15.6325 -12.9666 0
      vertex -15.412 -13.0391 0
      vertex -15.4188 -13.0449 0
    endloop
  endfacet
  facet normal 0 0 -1
    outer loop
      vertex -3.58527 -19.8616 0
      vertex -3.13947 -14.77 0
      vertex -1.57837 -15.0173 0
    endloop
  endfacet
  facet normal 0 0 -1
    outer loop
      vertex 0.818085 -18.9598 0
      vertex 0 -15.1 0
      vertex 1.57837 -15.0173 0
    endloop
  endfacet
  facet normal 0 0 -1
    outer loop
      vertex -9.46446 -18.9976 0
      vertex -6.14171 -13.7945 0
      vertex -9.15964 -19.1364 0
    endloop
  endfacet
  facet normal 0 0 -1
    outer loop
      vertex -13.8602 -17.2359 0
      vertex -15.7349 -15.482 0
      vertex -15.6573 -15.4025 0
    endloop
  endfacet
  facet normal 0 0 -1
    outer loop
      vertex -13.9896 -17.3558 0
      vertex -15.7349 -15.482 0
      vertex -13.8602 -17.2359 0
    endloop
  endfacet
  facet normal 0 0 -1
    outer loop
      vertex -15.9293 -18.1084 0
      vertex -16.652 -16.8309 0
      vertex -15.6808 -18.056 0
    endloop
  endfacet
  facet normal 0 -0 -1
    outer loop
      vertex -16.2045 -16.0661 0
      vertex -14.8415 -17.807 0
      vertex -16.3125 -16.2289 0
    endloop
  endfacet
  facet normal 0 0 -1
    outer loop
      vertex -16.3125 -16.2289 0
      vertex -14.8415 -17.807 0
      vertex -15.0263 -17.873 0
    endloop
  endfacet
  facet normal 0 0 -1
    outer loop
      vertex -15.2284 -17.9373 0
      vertex -16.3125 -16.2289 0
      vertex -15.0263 -17.873 0
    endloop
  endfacet
  facet normal 0 0 -1
    outer loop
      vertex -15.2284 -17.9373 0
      vertex -16.4238 -16.4099 0
      vertex -16.3125 -16.2289 0
    endloop
  endfacet
  facet normal 0 -0 -1
    outer loop
      vertex -16.1006 -15.9203 0
      vertex -14.6745 -17.7405 0
      vertex -16.2045 -16.0661 0
    endloop
  endfacet
  facet normal 0 0 -1
    outer loop
      vertex -16.4238 -16.4099 0
      vertex -15.2284 -17.9373 0
      vertex -15.4468 -17.9986 0
    endloop
  endfacet
  facet normal 0 0 -1
    outer loop
      vertex -16.5373 -16.6102 0
      vertex -16.4238 -16.4099 0
      vertex -15.4468 -17.9986 0
    endloop
  endfacet
  facet normal 0 -0 -1
    outer loop
      vertex -16.5373 -16.6102 0
      vertex -15.6808 -18.056 0
      vertex -16.652 -16.8309 0
    endloop
  endfacet
  facet normal -0 0 -1
    outer loop
      vertex -15.4468 -17.9986 0
      vertex -15.6808 -18.056 0
      vertex -16.5373 -16.6102 0
    endloop
  endfacet
  facet normal 0 -0 -1
    outer loop
      vertex -16.652 -16.8309 0
      vertex -15.9293 -18.1084 0
      vertex -16.7666 -17.0728 0
    endloop
  endfacet
  facet normal 0 0 -1
    outer loop
      vertex -16.7666 -17.0728 0
      vertex -15.9293 -18.1084 0
      vertex -16.1912 -18.1551 0
    endloop
  endfacet
  facet normal 0 0 -1
    outer loop
      vertex -16.8797 -17.3366 0
      vertex -16.7666 -17.0728 0
      vertex -16.1912 -18.1551 0
    endloop
  endfacet
  facet normal 0 0 -1
    outer loop
      vertex -16.895 -17.5849 0
      vertex -16.8797 -17.3366 0
      vertex -16.1912 -18.1551 0
    endloop
  endfacet
  facet normal 0 0 -1
    outer loop
      vertex -16.3953 -18.1852 0
      vertex -16.895 -17.5849 0
      vertex -16.1912 -18.1551 0
    endloop
  endfacet
  facet normal 0 0 -1
    outer loop
      vertex -16.8797 -17.3366 0
      vertex -16.895 -17.5849 0
      vertex -16.9461 -17.5094 0
    endloop
  endfacet
  facet normal 0 -0 -1
    outer loop
      vertex -16.0013 -15.7902 0
      vertex -14.5258 -17.6749 0
      vertex -16.1006 -15.9203 0
    endloop
  endfacet
  facet normal 0 0 -1
    outer loop
      vertex -7.98303 -19.5186 0
      vertex -9.15964 -19.1364 0
      vertex -6.14171 -13.7945 0
    endloop
  endfacet
  facet normal 0 0 -1
    outer loop
      vertex -10.6176 -20.7019 0
      vertex -12.6195 -19.5461 0
      vertex -12.574 -19.3906 0
    endloop
  endfacet
  facet normal 0 0 -1
    outer loop
      vertex -16.0013 -15.7902 0
      vertex -14.3958 -17.6116 0
      vertex -14.5258 -17.6749 0
    endloop
  endfacet
  facet normal 0 0 -1
    outer loop
      vertex -11.2518 -21.2422 0
      vertex -12.7404 -20.131 0
      vertex -11.0637 -21.099 0
    endloop
  endfacet
  facet normal 0 0 -1
    outer loop
      vertex -16.0013 -15.7902 0
      vertex -15.907 -15.6746 0
      vertex -14.3958 -17.6116 0
    endloop
  endfacet
  facet normal 0 0 -1
    outer loop
      vertex -14.3958 -17.6116 0
      vertex -15.907 -15.6746 0
      vertex -14.2844 -17.5521 0
    endloop
  endfacet
  facet normal 0 0 -1
    outer loop
      vertex -14.2844 -17.5521 0
      vertex -15.907 -15.6746 0
      vertex -15.8182 -15.5723 0
    endloop
  endfacet
  facet normal -0 0 -1
    outer loop
      vertex -14.1916 -17.4979 0
      vertex -14.2844 -17.5521 0
      vertex -15.8182 -15.5723 0
    endloop
  endfacet
  facet normal -0 0 -1
    outer loop
      vertex -14.117 -17.4503 0
      vertex -14.1916 -17.4979 0
      vertex -15.8182 -15.5723 0
    endloop
  endfacet
  facet normal 0 0 -1
    outer loop
      vertex -12.7404 -20.131 0
      vertex -12.7043 -19.9161 0
      vertex -10.8957 -20.9603 0
    endloop
  endfacet
  facet normal 0 -0 -1
    outer loop
      vertex -15.7349 -15.482 0
      vertex -14.117 -17.4503 0
      vertex -15.8182 -15.5723 0
    endloop
  endfacet
  facet normal 0 0 -1
    outer loop
      vertex -12.6635 -19.7212 0
      vertex -12.6195 -19.5461 0
      vertex -10.7473 -20.8275 0
    endloop
  endfacet
  facet normal 0 0 -1
    outer loop
      vertex -15.7349 -15.482 0
      vertex -14.06 -17.4107 0
      vertex -14.117 -17.4503 0
    endloop
  endfacet
  facet normal 0 0 -1
    outer loop
      vertex -15.7349 -15.482 0
      vertex -13.9896 -17.3558 0
      vertex -14.06 -17.4107 0
    endloop
  endfacet
  facet normal 0 0 -1
    outer loop
      vertex -13.8602 -17.2359 0
      vertex -15.6573 -15.4025 0
      vertex -15.5852 -15.3327 0
    endloop
  endfacet
  facet normal 0 -0 -1
    outer loop
      vertex -15.5185 -15.2715 0
      vertex -13.8602 -17.2359 0
      vertex -15.5852 -15.3327 0
    endloop
  endfacet
  facet normal 0 0 -1
    outer loop
      vertex -15.5185 -15.2715 0
      vertex -15.4569 -15.2179 0
      vertex -13.8602 -17.2359 0
    endloop
  endfacet
  facet normal 0 0 -1
    outer loop
      vertex -13.8602 -17.2359 0
      vertex -15.4569 -15.2179 0
      vertex -13.735 -17.1383 0
    endloop
  endfacet
  facet normal 0 0 -1
    outer loop
      vertex -13.735 -17.1383 0
      vertex -15.4569 -15.2179 0
      vertex -15.2669 -15.0633 0
    endloop
  endfacet
  facet normal -0 0 -1
    outer loop
      vertex -13.1895 -16.6186 0
      vertex -13.735 -17.1383 0
      vertex -15.2669 -15.0633 0
    endloop
  endfacet
  facet normal 0 -0 -1
    outer loop
      vertex -14.6892 -14.6963 0
      vertex -13.1895 -16.6186 0
      vertex -15.2669 -15.0633 0
    endloop
  endfacet
  facet normal 0 0 -1
    outer loop
      vertex -14.6892 -14.6963 0
      vertex -12.9529 -16.6122 0
      vertex -13.1895 -16.6186 0
    endloop
  endfacet
  facet normal 0 0 -1
    outer loop
      vertex -13.1895 -16.6186 0
      vertex -12.9529 -16.6122 0
      vertex -12.962 -16.6239 0
    endloop
  endfacet
  facet normal 0 0 -1
    outer loop
      vertex -14.6892 -14.6963 0
      vertex -14.6357 -14.4698 0
      vertex -12.9529 -16.6122 0
    endloop
  endfacet
  facet normal 0 0 -1
    outer loop
      vertex -6.14171 -13.7945 0
      vertex -7.91391 -19.533 0
      vertex -7.98303 -19.5186 0
    endloop
  endfacet
  facet normal 0 0 -1
    outer loop
      vertex -11.2518 -21.2422 0
      vertex -12.7704 -20.3654 0
      vertex -12.7404 -20.131 0
    endloop
  endfacet
  facet normal 0 0 -1
    outer loop
      vertex -8.03697 -20.8008 0
      vertex -7.99664 -20.6212 0
      vertex -5.5403 -21.3678 0
    endloop
  endfacet
  facet normal 0 0 -1
    outer loop
      vertex -12.7043 -19.9161 0
      vertex -12.6635 -19.7212 0
      vertex -10.8957 -20.9603 0
    endloop
  endfacet
  facet normal 0 0 -1
    outer loop
      vertex -10.7473 -20.8275 0
      vertex -12.6195 -19.5461 0
      vertex -10.6176 -20.7019 0
    endloop
  endfacet
  facet normal 0 0 -1
    outer loop
      vertex -12.7927 -20.6191 0
      vertex -12.7704 -20.3654 0
      vertex -11.2518 -21.2422 0
    endloop
  endfacet
  facet normal 0 0 -1
    outer loop
      vertex -11.4603 -21.3884 0
      vertex -12.7927 -20.6191 0
      vertex -11.2518 -21.2422 0
    endloop
  endfacet
  facet normal 0 0 -1
    outer loop
      vertex -12.7404 -20.131 0
      vertex -10.8957 -20.9603 0
      vertex -11.0637 -21.099 0
    endloop
  endfacet
  facet normal 0 -0 -1
    outer loop
      vertex -8.03697 -20.8008 0
      vertex -5.5403 -21.3678 0
      vertex -8.04814 -20.8817 0
    endloop
  endfacet
  facet normal 0 0 -1
    outer loop
      vertex -11.6893 -21.5358 0
      vertex -12.7927 -20.6191 0
      vertex -11.4603 -21.3884 0
    endloop
  endfacet
  facet normal 0 -0 -1
    outer loop
      vertex -8.04814 -20.8817 0
      vertex -5.5403 -21.3678 0
      vertex -8.05389 -20.9508 0
    endloop
  endfacet
  facet normal 0 -0 -1
    outer loop
      vertex -12.7927 -20.6191 0
      vertex -11.6893 -21.5358 0
      vertex -12.8059 -20.8912 0
    endloop
  endfacet
  facet normal 0 0 -1
    outer loop
      vertex -8.05389 -20.9508 0
      vertex -5.5403 -21.3678 0
      vertex -5.57687 -21.4851 0
    endloop
  endfacet
  facet normal 0 0 -1
    outer loop
      vertex -12.8087 -21.1808 0
      vertex -12.8059 -20.8912 0
      vertex -11.6893 -21.5358 0
    endloop
  endfacet
  facet normal 0 0 -1
    outer loop
      vertex -12.8046 -21.3245 0
      vertex -12.8087 -21.1808 0
      vertex -11.9388 -21.6831 0
    endloop
  endfacet
  facet normal 0 0 -1
    outer loop
      vertex -12.8087 -21.1808 0
      vertex -11.6893 -21.5358 0
      vertex -11.9388 -21.6831 0
    endloop
  endfacet
  facet normal -0 0 -1
    outer loop
      vertex -5.57687 -21.4851 0
      vertex -5.62108 -21.6132 0
      vertex -8.05838 -21.1467 0
    endloop
  endfacet
  facet normal -0 0 -1
    outer loop
      vertex -11.9388 -21.6831 0
      vertex -12.0821 -21.7604 0
      vertex -12.8046 -21.3245 0
    endloop
  endfacet
  facet normal 0 0 -1
    outer loop
      vertex -8.05838 -21.1467 0
      vertex -5.62108 -21.6132 0
      vertex -8.05423 -21.2729 0
    endloop
  endfacet
  facet normal 0 0 -1
    outer loop
      vertex -8.04399 -21.4172 0
      vertex -8.05423 -21.2729 0
      vertex -5.67406 -21.7526 0
    endloop
  endfacet
  facet normal -0 0 -1
    outer loop
      vertex -10.4106 -20.4769 0
      vertex -10.5058 -20.5847 0
      vertex -12.574 -19.3906 0
    endloop
  endfacet
  facet normal 0 -0 -1
    outer loop
      vertex -12.5282 -19.2543 0
      vertex -10.4106 -20.4769 0
      vertex -12.574 -19.3906 0
    endloop
  endfacet
  facet normal 0 0 -1
    outer loop
      vertex -12.5282 -19.2543 0
      vertex -12.4834 -19.1365 0
      vertex -10.4106 -20.4769 0
    endloop
  endfacet
  facet normal 0 0 -1
    outer loop
      vertex -10.4106 -20.4769 0
      vertex -12.4834 -19.1365 0
      vertex -10.3309 -20.3792 0
    endloop
  endfacet
  facet normal 0 0 -1
    outer loop
      vertex -10.3309 -20.3792 0
      vertex -12.4834 -19.1365 0
      vertex -10.2654 -20.2923 0
    endloop
  endfacet
  facet normal 0 0 -1
    outer loop
      vertex -10.2654 -20.2923 0
      vertex -12.4834 -19.1365 0
      vertex -12.4409 -19.0363 0
    endloop
  endfacet
  facet normal -0 0 -1
    outer loop
      vertex -10.2127 -20.2166 0
      vertex -10.2654 -20.2923 0
      vertex -12.4409 -19.0363 0
    endloop
  endfacet
  facet normal 0 -0 -1
    outer loop
      vertex -12.4018 -18.9528 0
      vertex -10.2127 -20.2166 0
      vertex -12.4409 -19.0363 0
    endloop
  endfacet
  facet normal 0 0 -1
    outer loop
      vertex -12.4018 -18.9528 0
      vertex -12.3668 -18.8848 0
      vertex -10.2127 -20.2166 0
    endloop
  endfacet
  facet normal 0 0 -1
    outer loop
      vertex -10.2127 -20.2166 0
      vertex -12.3668 -18.8848 0
      vertex -10.1713 -20.1523 0
    endloop
  endfacet
  facet normal 0 0 -1
    outer loop
      vertex -10.1713 -20.1523 0
      vertex -12.3668 -18.8848 0
      vertex -12.312 -18.7906 0
    endloop
  endfacet
  facet normal 0 0 -1
    outer loop
      vertex -10.1171 -20.0578 0
      vertex -12.312 -18.7906 0
      vertex -12.1965 -18.6205 0
    endloop
  endfacet
  facet normal 0 -0 -1
    outer loop
      vertex -4.66615 -14.3609 0
      vertex -4.25314 -19.913 0
      vertex -5.21193 -19.9044 0
    endloop
  endfacet
  facet normal 0 0 -1
    outer loop
      vertex -12.1965 -18.6205 0
      vertex -10.0276 -19.8728 0
      vertex -10.1171 -20.0578 0
    endloop
  endfacet
  facet normal 0 0 -1
    outer loop
      vertex -12.1965 -18.6205 0
      vertex -11.6936 -17.9328 0
      vertex -10.0276 -19.8728 0
    endloop
  endfacet
  facet normal 0 0 -1
    outer loop
      vertex -10.0276 -19.8728 0
      vertex -11.6936 -17.9328 0
      vertex -9.68346 -19.0934 0
    endloop
  endfacet
  facet normal 0 0 -1
    outer loop
      vertex -9.68346 -19.0934 0
      vertex -11.6936 -17.9328 0
      vertex -11.7186 -17.6929 0
    endloop
  endfacet
  facet normal -0 0 -1
    outer loop
      vertex -9.47124 -19.0112 0
      vertex -9.68346 -19.0934 0
      vertex -9.46446 -18.9976 0
    endloop
  endfacet
  facet normal 0 0 -1
    outer loop
      vertex -5.21193 -19.9044 0
      vertex -7.91391 -19.533 0
      vertex -4.66615 -14.3609 0
    endloop
  endfacet
  facet normal -0 0 -1
    outer loop
      vertex -9.46446 -18.9976 0
      vertex -9.68346 -19.0934 0
      vertex -11.7186 -17.6929 0
    endloop
  endfacet
  facet normal 0 0 -1
    outer loop
      vertex -4.66615 -14.3609 0
      vertex -3.13947 -14.77 0
      vertex -4.25314 -19.913 0
    endloop
  endfacet
  facet normal 0 0 -1
    outer loop
      vertex -7.91568 -19.5373 0
      vertex -7.91391 -19.533 0
      vertex -7.79736 -19.7317 0
    endloop
  endfacet
  facet normal 0 0 -1
    outer loop
      vertex -4.25314 -19.913 0
      vertex -3.13947 -14.77 0
      vertex -3.58527 -19.8616 0
    endloop
  endfacet
  facet normal 0 0 -1
    outer loop
      vertex -7.91391 -19.533 0
      vertex -5.21193 -19.9044 0
      vertex -7.79736 -19.7317 0
    endloop
  endfacet
  facet normal 0 0 -1
    outer loop
      vertex -5.67406 -21.7526 0
      vertex -8.05423 -21.2729 0
      vertex -5.62108 -21.6132 0
    endloop
  endfacet
  facet normal 0 0 -1
    outer loop
      vertex -8.05838 -21.1467 0
      vertex -8.0578 -21.0392 0
      vertex -5.57687 -21.4851 0
    endloop
  endfacet
  facet normal 0 0 -1
    outer loop
      vertex -8.0578 -21.0392 0
      vertex -8.05389 -20.9508 0
      vertex -5.57687 -21.4851 0
    endloop
  endfacet
  facet normal 0 0 -1
    outer loop
      vertex -5.73705 -21.9037 0
      vertex -8.04399 -21.4172 0
      vertex -5.67406 -21.7526 0
    endloop
  endfacet
  facet normal 0 0 -1
    outer loop
      vertex -5.73705 -21.9037 0
      vertex -8.02647 -21.5788 0
      vertex -8.04399 -21.4172 0
    endloop
  endfacet
  facet normal -0 0 -1
    outer loop
      vertex -5.73705 -21.9037 0
      vertex -5.81137 -22.0666 0
      vertex -8.02647 -21.5788 0
    endloop
  endfacet
  facet normal 0 0 -1
    outer loop
      vertex -8.02647 -21.5788 0
      vertex -5.81137 -22.0666 0
      vertex -8.00056 -21.7566 0
    endloop
  endfacet
  facet normal 0 0 -1
    outer loop
      vertex -8.00056 -21.7566 0
      vertex -5.81137 -22.0666 0
      vertex -5.89839 -22.2415 0
    endloop
  endfacet
  facet normal 0 0 -1
    outer loop
      vertex -7.96532 -21.9497 0
      vertex -8.00056 -21.7566 0
      vertex -5.89839 -22.2415 0
    endloop
  endfacet
  facet normal 0 0 -1
    outer loop
      vertex -7.91995 -22.1568 0
      vertex -7.96532 -21.9497 0
      vertex -5.89839 -22.2415 0
    endloop
  endfacet
  facet normal 0 0 -1
    outer loop
      vertex -5.99953 -22.4284 0
      vertex -7.91995 -22.1568 0
      vertex -5.89839 -22.2415 0
    endloop
  endfacet
  facet normal 0 0 -1
    outer loop
      vertex -5.99953 -22.4284 0
      vertex -7.86386 -22.3767 0
      vertex -7.91995 -22.1568 0
    endloop
  endfacet
  facet normal -0 0 -1
    outer loop
      vertex -5.99953 -22.4284 0
      vertex -6.11624 -22.6268 0
      vertex -7.86386 -22.3767 0
    endloop
  endfacet
  facet normal 0 0 -1
    outer loop
      vertex -7.86386 -22.3767 0
      vertex -6.11624 -22.6268 0
      vertex -7.79654 -22.608 0
    endloop
  endfacet
  facet normal 0 0 -1
    outer loop
      vertex -7.79654 -22.608 0
      vertex -6.11624 -22.6268 0
      vertex -6.24997 -22.8365 0
    endloop
  endfacet
  facet normal 0 0 -1
    outer loop
      vertex -7.71771 -22.8494 0
      vertex -7.79654 -22.608 0
      vertex -6.24997 -22.8365 0
    endloop
  endfacet
  facet normal 0 0 -1
    outer loop
      vertex -6.40215 -23.0567 0
      vertex -7.71771 -22.8494 0
      vertex -6.24997 -22.8365 0
    endloop
  endfacet
  facet normal 0 0 -1
    outer loop
      vertex -7.31577 -23.3508 0
      vertex -7.62721 -23.0995 0
      vertex -7.71771 -22.8494 0
    endloop
  endfacet
  facet normal -0 0 -1
    outer loop
      vertex -6.40215 -23.0567 0
      vertex -7.31577 -23.3508 0
      vertex -7.71771 -22.8494 0
    endloop
  endfacet
  facet normal 0 0 -1
    outer loop
      vertex -7.62721 -23.0995 0
      vertex -7.31577 -23.3508 0
      vertex -7.54666 -23.3026 0
    endloop
  endfacet
  facet normal 0 0 -1
    outer loop
      vertex -6.40215 -23.0567 0
      vertex -6.57408 -23.2865 0
      vertex -7.31577 -23.3508 0
    endloop
  endfacet
  facet normal 0 0 -1
    outer loop
      vertex -7.31577 -23.3508 0
      vertex -6.57408 -23.2865 0
      vertex -6.67944 -23.4167 0
    endloop
  endfacet
  facet normal 0 0 -1
    outer loop
      vertex 7.54999 -13.077 0
      vertex 8.45418 -15.4402 0
      vertex 8.19688 -15.5836 0
    endloop
  endfacet
  facet normal 0 0 -1
    outer loop
      vertex -12.2162 -8.87555 0
      vertex -16.447 -10.2685 0
      vertex -16.6117 -9.70027 0
    endloop
  endfacet
  facet normal 0 0 -1
    outer loop
      vertex -11.7186 -17.6929 0
      vertex -12.3088 -17.2367 0
      vertex -8.87555 -12.2162 0
    endloop
  endfacet
  facet normal -0 0 -1
    outer loop
      vertex -6.14171 -13.7945 0
      vertex -9.46446 -18.9976 0
      vertex -7.54999 -13.077 0
    endloop
  endfacet
  facet normal 0 0 -1
    outer loop
      vertex -8.87555 -12.2162 0
      vertex -12.3088 -17.2367 0
      vertex -12.9529 -16.6122 0
    endloop
  endfacet
  facet normal 0 -0 -1
    outer loop
      vertex -10.1039 -11.2215 0
      vertex -8.87555 -12.2162 0
      vertex -12.9529 -16.6122 0
    endloop
  endfacet
  facet normal 0 0 -1
    outer loop
      vertex -14.7018 -14.3721 0
      vertex -10.1039 -11.2215 0
      vertex -14.6357 -14.4698 0
    endloop
  endfacet
  facet normal -0 0 -1
    outer loop
      vertex -11.2215 -10.1039 0
      vertex -15.412 -13.0391 0
      vertex -12.2162 -8.87555 0
    endloop
  endfacet
  facet normal 0 0 -1
    outer loop
      vertex -12.2162 -8.87555 0
      vertex -15.412 -13.0391 0
      vertex -16.447 -10.2685 0
    endloop
  endfacet
  facet normal 0 -0 -1
    outer loop
      vertex -13.077 -7.54999 0
      vertex -12.2162 -8.87555 0
      vertex -16.6117 -9.70027 0
    endloop
  endfacet
  facet normal 0 0 -1
    outer loop
      vertex -16.8256 -8.76978 0
      vertex -13.7945 -6.14171 0
      vertex -13.077 -7.54999 0
    endloop
  endfacet
  facet normal 0 0 -1
    outer loop
      vertex -16.8256 -8.76978 0
      vertex -17.3288 -5.5695 0
      vertex -13.7945 -6.14171 0
    endloop
  endfacet
  facet normal 0 0 -1
    outer loop
      vertex -17.3288 -5.5695 0
      vertex -17.4069 -4.80888 0
      vertex -14.3609 -4.66615 0
    endloop
  endfacet
  facet normal -0 0 -1
    outer loop
      vertex -15.0173 -1.57837 0
      vertex -17.6323 -3.98514 0
      vertex -17.7552 -0.85614 0
    endloop
  endfacet
  facet normal 0 0 -1
    outer loop
      vertex -17.5936 -0.693039 0
      vertex -15.1 0 0
      vertex -15.0173 -1.57837 0
    endloop
  endfacet
  facet normal 0 -0 -1
    outer loop
      vertex -17.5936 -0.693039 0
      vertex -15.0173 -1.57837 0
      vertex -17.7552 -0.85614 0
    endloop
  endfacet
  facet normal 0 0 -1
    outer loop
      vertex -3.58527 19.8616 0
      vertex -1.57837 15.0173 0
      vertex -3.13947 14.77 0
    endloop
  endfacet
  facet normal 0 0 -1
    outer loop
      vertex -14.77 3.13947 0
      vertex -17.6323 3.98514 0
      vertex -17.4566 4.13368 0
    endloop
  endfacet
  facet normal 0 0 -1
    outer loop
      vertex -3.13947 14.77 0
      vertex -4.25314 19.913 0
      vertex -3.58527 19.8616 0
    endloop
  endfacet
  facet normal 0 0 -1
    outer loop
      vertex -14.3609 4.66615 0
      vertex -14.77 3.13947 0
      vertex -17.4566 4.13368 0
    endloop
  endfacet
  facet normal 0 -0 -1
    outer loop
      vertex -7.98303 19.5186 0
      vertex -6.14171 13.7945 0
      vertex -9.15964 19.1364 0
    endloop
  endfacet
  facet normal 0 0 -1
    outer loop
      vertex -9.46446 18.9976 0
      vertex -9.15964 19.1364 0
      vertex -6.14171 13.7945 0
    endloop
  endfacet
  facet normal -0 0 -1
    outer loop
      vertex -13.077 7.54999 0
      vertex -13.7945 6.14171 0
      vertex -16.8256 8.76978 0
    endloop
  endfacet
  facet normal -0 0 -1
    outer loop
      vertex -11.2215 10.1039 0
      vertex -12.2162 8.87555 0
      vertex -15.412 13.0391 0
    endloop
  endfacet
  facet normal 0 0 -1
    outer loop
      vertex -10.1039 11.2215 0
      vertex -14.7018 14.3721 0
      vertex -14.6357 14.4698 0
    endloop
  endfacet
  facet normal -0 0 -1
    outer loop
      vertex -8.87555 12.2162 0
      vertex -10.1039 11.2215 0
      vertex -12.9529 16.6122 0
    endloop
  endfacet
  facet normal 0 0 -1
    outer loop
      vertex -7.54999 13.077 0
      vertex -11.7186 17.6929 0
      vertex -9.46446 18.9976 0
    endloop
  endfacet
  facet normal 0 0 -1
    outer loop
      vertex -7.98303 19.5186 0
      vertex -7.91391 19.533 0
      vertex -6.14171 13.7945 0
    endloop
  endfacet
  facet normal 0 0 -1
    outer loop
      vertex -6.14171 13.7945 0
      vertex -7.91391 19.533 0
      vertex -4.66615 14.3609 0
    endloop
  endfacet
  facet normal 0 0 -1
    outer loop
      vertex -4.25314 19.913 0
      vertex -4.66615 14.3609 0
      vertex -5.21193 19.9044 0
    endloop
  endfacet
  facet normal 0 0 -1
    outer loop
      vertex -3.58527 19.8616 0
      vertex -0.669479 19.3828 0
      vertex -1.57837 15.0173 0
    endloop
  endfacet
  facet normal 0 0 -1
    outer loop
      vertex -1.57837 15.0173 0
      vertex -0.669479 19.3828 0
      vertex -0.501114 19.345 0
    endloop
  endfacet
  facet normal 0 -0 -1
    outer loop
      vertex -0.501114 19.345 0
      vertex 0 15.1 0
      vertex -1.57837 15.0173 0
    endloop
  endfacet
  facet normal 0 0 -1
    outer loop
      vertex 1.57837 15.0173 0
      vertex 0 15.1 0
      vertex 0.818085 18.9598 0
    endloop
  endfacet
  facet normal 0 0 -1
    outer loop
      vertex 3.84113 17.7923 0
      vertex 3.13947 14.77 0
      vertex 1.57837 15.0173 0
    endloop
  endfacet
  facet normal -0 0 -1
    outer loop
      vertex 3.84113 17.7923 0
      vertex 1.57837 15.0173 0
      vertex 0.818085 18.9598 0
    endloop
  endfacet
  facet normal 0 -0 -1
    outer loop
      vertex 3.84113 17.7923 0
      vertex 4.16939 17.6494 0
      vertex 3.13947 14.77 0
    endloop
  endfacet
  facet normal 0 0 -1
    outer loop
      vertex 6.14171 13.7945 0
      vertex 8.13617 15.8046 0
      vertex 8.19688 15.5836 0
    endloop
  endfacet
  facet normal 0 0 -1
    outer loop
      vertex 7.54999 13.077 0
      vertex 6.14171 13.7945 0
      vertex 8.19688 15.5836 0
    endloop
  endfacet
  facet normal 0 0 -1
    outer loop
      vertex 9.39795 14.8915 0
      vertex 8.87555 12.2162 0
      vertex 7.54999 13.077 0
    endloop
  endfacet
  facet normal -0 0 -1
    outer loop
      vertex 12.3091 13.052 0
      vertex 10.1039 11.2215 0
      vertex 12.2674 13.2775 0
    endloop
  endfacet
  facet normal 0 -0 -1
    outer loop
      vertex 12.3091 13.052 0
      vertex 12.5347 12.9014 0
      vertex 10.1039 11.2215 0
    endloop
  endfacet
  facet normal 0 0 -1
    outer loop
      vertex 12.2162 8.87555 0
      vertex 11.2215 10.1039 0
      vertex 13.4906 12.225 0
    endloop
  endfacet
  facet normal -0 0 -1
    outer loop
      vertex 21.1946 -1.30295 0
      vertex 15.0173 -1.57837 0
      vertex 15.1 0 0
    endloop
  endfacet
  facet normal 0 0 -1
    outer loop
      vertex 13.7945 6.14171 0
      vertex 17.1196 9.11102 0
      vertex 18.9997 6.82816 0
    endloop
  endfacet
  facet normal 0 0 -1
    outer loop
      vertex 14.77 3.13947 0
      vertex 19.84 5.4375 0
      vertex 20.8606 2.9111 0
    endloop
  endfacet
  facet normal 0 -0 -1
    outer loop
      vertex 19.5901 5.91245 0
      vertex 19.84 5.4375 0
      vertex 14.77 3.13947 0
    endloop
  endfacet
  facet normal 0 0 -1
    outer loop
      vertex 15.0173 1.57837 0
      vertex 20.996 2.44487 0
      vertex 21.1946 1.30295 0
    endloop
  endfacet
  facet normal 0 0 -1
    outer loop
      vertex 14.77 3.13947 0
      vertex 20.8606 2.9111 0
      vertex 15.0173 1.57837 0
    endloop
  endfacet
  facet normal 0 -0 -1
    outer loop
      vertex 21.1946 1.30295 0
      vertex 21.1946 -1.30295 0
      vertex 15.1 0 0
    endloop
  endfacet
  facet normal 0 0 -1
    outer loop
      vertex 21.1946 -1.30295 0
      vertex 20.996 -2.44487 0
      vertex 15.0173 -1.57837 0
    endloop
  endfacet
  facet normal 0 0 -1
    outer loop
      vertex 14.77 -3.13947 0
      vertex 15.0173 -1.57837 0
      vertex 20.8606 -2.9111 0
    endloop
  endfacet
  facet normal 0 0 -1
    outer loop
      vertex 15.0173 -1.57837 0
      vertex 20.996 -2.44487 0
      vertex 20.8606 -2.9111 0
    endloop
  endfacet
  facet normal 0 0 -1
    outer loop
      vertex 19.5901 -5.91245 0
      vertex 14.77 -3.13947 0
      vertex 19.84 -5.4375 0
    endloop
  endfacet
  facet normal 0 0 -1
    outer loop
      vertex 14.77 -3.13947 0
      vertex 20.8606 -2.9111 0
      vertex 19.84 -5.4375 0
    endloop
  endfacet
  facet normal 0 0 -1
    outer loop
      vertex 18.9997 -6.82816 0
      vertex 14.3609 -4.66615 0
      vertex 19.5901 -5.91245 0
    endloop
  endfacet
  facet normal 0 0 -1
    outer loop
      vertex 18.9997 -6.82816 0
      vertex 13.7945 -6.14171 0
      vertex 14.3609 -4.66615 0
    endloop
  endfacet
  facet normal 0 0 -1
    outer loop
      vertex 13.077 -7.54999 0
      vertex 17.1196 -9.11102 0
      vertex 16.4044 -9.82729 0
    endloop
  endfacet
  facet normal 0 0 -1
    outer loop
      vertex 12.2162 -8.87555 0
      vertex 13.077 -7.54999 0
      vertex 16.0061 -10.1855 0
    endloop
  endfacet
  facet normal 0 0 -1
    outer loop
      vertex 13.4906 -12.225 0
      vertex 11.2215 -10.1039 0
      vertex 12.2162 -8.87555 0
    endloop
  endfacet
  facet normal 0 0 -1
    outer loop
      vertex 13.4906 -12.225 0
      vertex 12.2162 -8.87555 0
      vertex 16.0061 -10.1855 0
    endloop
  endfacet
  facet normal -0 0 -1
    outer loop
      vertex 13.4906 -12.225 0
      vertex 12.5347 -12.9014 0
      vertex 11.2215 -10.1039 0
    endloop
  endfacet
  facet normal -0 0 -1
    outer loop
      vertex 12.5347 -12.9014 0
      vertex 12.3091 -13.052 0
      vertex 10.1039 -11.2215 0
    endloop
  endfacet
  facet normal 0 0 -1
    outer loop
      vertex 9.61908 -14.9484 0
      vertex 9.39795 -14.8915 0
      vertex 8.87555 -12.2162 0
    endloop
  endfacet
  facet normal 0 -0 -1
    outer loop
      vertex 8.87555 -12.2162 0
      vertex 9.39795 -14.8915 0
      vertex 7.54999 -13.077 0
    endloop
  endfacet
  facet normal 0 0 -1
    outer loop
      vertex 7.54999 -13.077 0
      vertex 9.39795 -14.8915 0
      vertex 8.45418 -15.4402 0
    endloop
  endfacet
  facet normal 0 0 -1
    outer loop
      vertex 6.14171 -13.7945 0
      vertex 7.54999 -13.077 0
      vertex 8.19688 -15.5836 0
    endloop
  endfacet
  facet normal 0 0 -1
    outer loop
      vertex 4.66615 -14.3609 0
      vertex 6.14171 -13.7945 0
      vertex 5.36493 -17.2626 0
    endloop
  endfacet
  facet normal 0 0 -1
    outer loop
      vertex 3.13947 -14.77 0
      vertex 4.66615 -14.3609 0
      vertex 5.14909 -17.187 0
    endloop
  endfacet
  facet normal 0 0 -1
    outer loop
      vertex 3.84113 -17.7923 0
      vertex 3.13947 -14.77 0
      vertex 4.16939 -17.6494 0
    endloop
  endfacet
  facet normal 0 0 -1
    outer loop
      vertex 3.84113 -17.7923 0
      vertex 1.57837 -15.0173 0
      vertex 3.13947 -14.77 0
    endloop
  endfacet
  facet normal 0 0 1
    outer loop
      vertex -7.79736 -19.7317 8
      vertex -7.97464 -20.464 8
      vertex -5.41176 -20.7532 8
    endloop
  endfacet
  facet normal 0 0 1
    outer loop
      vertex -5.38278 -20.0694 8
      vertex -7.79736 -19.7317 8
      vertex -5.41176 -20.7532 8
    endloop
  endfacet
  facet normal 0 0 1
    outer loop
      vertex -7.97464 -20.464 8
      vertex -5.43828 -20.9224 8
      vertex -5.41176 -20.7532 8
    endloop
  endfacet
  facet normal 0 0 1
    outer loop
      vertex -12.574 -19.3906 8
      vertex -10.6176 -20.7019 8
      vertex -10.5058 -20.5847 8
    endloop
  endfacet
  facet normal 0 -0 1
    outer loop
      vertex -10.1713 -20.1523 8
      vertex -10.1171 -20.0578 8
      vertex -12.312 -18.7906 8
    endloop
  endfacet
  facet normal 0 0 1
    outer loop
      vertex -11.6936 -17.9328 8
      vertex -11.7186 -17.6929 8
      vertex -11.7286 -17.7079 8
    endloop
  endfacet
  facet normal 0 -0 1
    outer loop
      vertex -5.38278 -20.0694 8
      vertex -5.21193 -19.9044 8
      vertex -7.79736 -19.7317 8
    endloop
  endfacet
  facet normal -0 0 1
    outer loop
      vertex -7.99664 -20.6212 8
      vertex -5.43828 -20.9224 8
      vertex -7.97464 -20.464 8
    endloop
  endfacet
  facet normal 0 -0 1
    outer loop
      vertex -5.46625 -21.0752 8
      vertex -5.43828 -20.9224 8
      vertex -7.99664 -20.6212 8
    endloop
  endfacet
  facet normal 0 0 1
    outer loop
      vertex -4.66615 -14.3609 8
      vertex -6.14171 -13.7945 8
      vertex -7.91391 -19.533 8
    endloop
  endfacet
  facet normal 0 0 1
    outer loop
      vertex -5.46625 -21.0752 8
      vertex -7.99664 -20.6212 8
      vertex -5.4859 -21.1635 8
    endloop
  endfacet
  facet normal 0 0 1
    outer loop
      vertex -7.99664 -20.6212 8
      vertex -5.5103 -21.2609 8
      vertex -5.4859 -21.1635 8
    endloop
  endfacet
  facet normal 0 -0 1
    outer loop
      vertex -5.5403 -21.3678 8
      vertex -5.5103 -21.2609 8
      vertex -7.99664 -20.6212 8
    endloop
  endfacet
  facet normal 0 0 1
    outer loop
      vertex -10.7473 -20.8275 8
      vertex -12.6635 -19.7212 8
      vertex -10.8957 -20.9603 8
    endloop
  endfacet
  facet normal 0 0 1
    outer loop
      vertex 6.32422 18.5031 8
      vertex 6.10625 18.2833 8
      vertex 8.55817 17.3258 8
    endloop
  endfacet
  facet normal 0 0 1
    outer loop
      vertex -5.21193 -19.9044 8
      vertex -5.38278 -20.0694 8
      vertex -5.2149 -19.9158 8
    endloop
  endfacet
  facet normal 0 0 1
    outer loop
      vertex 21.8568 3.38528 8
      vertex 21.0711 5.83083 8
      vertex 20.9848 5.80367 8
    endloop
  endfacet
  facet normal 0 0 1
    outer loop
      vertex -3.58527 -19.8616 8
      vertex -0.669479 -19.3828 8
      vertex -1.57837 -15.0173 8
    endloop
  endfacet
  facet normal 0 0 1
    outer loop
      vertex -0.788528 -19.5823 8
      vertex -0.669662 -19.3883 8
      vertex -0.669479 -19.3828 8
    endloop
  endfacet
  facet normal 0 0 1
    outer loop
      vertex -3.58527 -19.8616 8
      vertex -3.58777 -19.8755 8
      vertex -3.41315 -20.0214 8
    endloop
  endfacet
  facet normal 0 0 1
    outer loop
      vertex -0.671524 -20.9981 8
      vertex -3.18091 -21.4271 8
      vertex -0.682739 -21.145 8
    endloop
  endfacet
  facet normal 0 0 1
    outer loop
      vertex -3.00041 -21.8407 8
      vertex -0.742416 -21.6403 8
      vertex -0.717514 -21.4653 8
    endloop
  endfacet
  facet normal 0 -0 1
    outer loop
      vertex -3.00041 -21.8407 8
      vertex -0.717514 -21.4653 8
      vertex -3.0703 -21.6916 8
    endloop
  endfacet
  facet normal 0 0 1
    outer loop
      vertex -0.742416 -21.6403 8
      vertex -3.00041 -21.8407 8
      vertex -2.92065 -21.9993 8
    endloop
  endfacet
  facet normal 0 0 1
    outer loop
      vertex -0.773438 -21.8262 8
      vertex -2.92065 -21.9993 8
      vertex -2.83105 -22.1663 8
    endloop
  endfacet
  facet normal 0 -0 1
    outer loop
      vertex -0.811447 -22.0236 8
      vertex -0.773438 -21.8262 8
      vertex -2.7318 -22.3405 8
    endloop
  endfacet
  facet normal 0 0 1
    outer loop
      vertex -0.811447 -22.0236 8
      vertex -2.7318 -22.3405 8
      vertex -2.62312 -22.5209 8
    endloop
  endfacet
  facet normal 0 0 1
    outer loop
      vertex -0.811447 -22.0236 8
      vertex -2.62312 -22.5209 8
      vertex -0.857437 -22.2332 8
    endloop
  endfacet
  facet normal 0 0 1
    outer loop
      vertex -0.773438 -21.8262 8
      vertex -2.83105 -22.1663 8
      vertex -2.7318 -22.3405 8
    endloop
  endfacet
  facet normal 0 -0 1
    outer loop
      vertex -2.50537 -22.7065 8
      vertex -0.857437 -22.2332 8
      vertex -2.62312 -22.5209 8
    endloop
  endfacet
  facet normal 0 -0 1
    outer loop
      vertex -0.912537 -22.4556 8
      vertex -0.857437 -22.2332 8
      vertex -2.50537 -22.7065 8
    endloop
  endfacet
  facet normal 0 0 1
    outer loop
      vertex -0.912537 -22.4556 8
      vertex -2.50537 -22.7065 8
      vertex -2.37894 -22.8961 8
    endloop
  endfacet
  facet normal 0 0 1
    outer loop
      vertex -0.912537 -22.4556 8
      vertex -2.37894 -22.8961 8
      vertex -0.977951 -22.6913 8
    endloop
  endfacet
  facet normal -0 0 1
    outer loop
      vertex -2.37894 -22.8961 8
      vertex -2.24429 -23.0891 8
      vertex -0.977951 -22.6913 8
    endloop
  endfacet
  facet normal 0 0 1
    outer loop
      vertex -2.24429 -23.0891 8
      vertex -1.05493 -22.9406 8
      vertex -0.977951 -22.6913 8
    endloop
  endfacet
  facet normal 0 -0 1
    outer loop
      vertex -2.06419 -23.3341 8
      vertex -1.05493 -22.9406 8
      vertex -2.24429 -23.0891 8
    endloop
  endfacet
  facet normal 0 -0 1
    outer loop
      vertex -1.14066 -23.1915 8
      vertex -1.05493 -22.9406 8
      vertex -2.06419 -23.3341 8
    endloop
  endfacet
  facet normal 0 0 1
    outer loop
      vertex -0.742416 -21.6403 8
      vertex -2.92065 -21.9993 8
      vertex -0.773438 -21.8262 8
    endloop
  endfacet
  facet normal 0 -0 1
    outer loop
      vertex -0.717514 -21.4653 8
      vertex -0.697876 -21.3005 8
      vertex -3.0703 -21.6916 8
    endloop
  endfacet
  facet normal 0 0 1
    outer loop
      vertex -0.697876 -21.3005 8
      vertex -3.13039 -21.5533 8
      vertex -3.0703 -21.6916 8
    endloop
  endfacet
  facet normal 0 0 1
    outer loop
      vertex -0.682739 -21.145 8
      vertex -3.13039 -21.5533 8
      vertex -0.697876 -21.3005 8
    endloop
  endfacet
  facet normal -0 0 1
    outer loop
      vertex -3.18091 -21.4271 8
      vertex -3.13039 -21.5533 8
      vertex -0.682739 -21.145 8
    endloop
  endfacet
  facet normal -0 0 1
    outer loop
      vertex -3.2222 -21.3141 8
      vertex -3.18091 -21.4271 8
      vertex -0.671524 -20.9981 8
    endloop
  endfacet
  facet normal 0 0 1
    outer loop
      vertex -3.2222 -21.3141 8
      vertex -0.671524 -20.9981 8
      vertex -0.663696 -20.8589 8
    endloop
  endfacet
  facet normal 0 -0 1
    outer loop
      vertex -3.2222 -21.3141 8
      vertex -0.663696 -20.8589 8
      vertex -3.25471 -21.2157 8
    endloop
  endfacet
  facet normal 0 0 1
    outer loop
      vertex -0.663696 -20.8589 8
      vertex -3.27913 -21.1329 8
      vertex -3.25471 -21.2157 8
    endloop
  endfacet
  facet normal -0 0 1
    outer loop
      vertex -3.30692 -21.0192 8
      vertex -3.27913 -21.1329 8
      vertex -0.663696 -20.8589 8
    endloop
  endfacet
  facet normal 0 0 1
    outer loop
      vertex -3.30692 -21.0192 8
      vertex -0.663696 -20.8589 8
      vertex -0.658798 -20.7268 8
    endloop
  endfacet
  facet normal 0 -0 1
    outer loop
      vertex -3.30692 -21.0192 8
      vertex -0.658798 -20.7268 8
      vertex -3.34065 -20.8213 8
    endloop
  endfacet
  facet normal 0 -0 1
    outer loop
      vertex -0.658798 -20.7268 8
      vertex -0.656433 -20.6009 8
      vertex -3.34065 -20.8213 8
    endloop
  endfacet
  facet normal 0 0 1
    outer loop
      vertex -0.656433 -20.6009 8
      vertex -0.65773 -20.3646 8
      vertex -3.34065 -20.8213 8
    endloop
  endfacet
  facet normal 0 0 1
    outer loop
      vertex -0.65773 -20.3646 8
      vertex -3.41315 -20.0214 8
      vertex -3.34065 -20.8213 8
    endloop
  endfacet
  facet normal 0 0 1
    outer loop
      vertex -0.667313 -20.0815 8
      vertex -3.41315 -20.0214 8
      vertex -0.65773 -20.3646 8
    endloop
  endfacet
  facet normal 0 0 1
    outer loop
      vertex -0.788528 -19.5823 8
      vertex -3.41315 -20.0214 8
      vertex -0.667313 -20.0815 8
    endloop
  endfacet
  facet normal -0 0 1
    outer loop
      vertex -3.58527 -19.8616 8
      vertex -3.41315 -20.0214 8
      vertex -0.788528 -19.5823 8
    endloop
  endfacet
  facet normal 0 0 1
    outer loop
      vertex 11.2215 -10.1039 8
      vertex 10.1039 -11.2215 8
      vertex 12.5347 -12.9014 8
    endloop
  endfacet
  facet normal 0 0 1
    outer loop
      vertex -0.669479 -19.3828 8
      vertex -3.58527 -19.8616 8
      vertex -0.788528 -19.5823 8
    endloop
  endfacet
  facet normal 0 0 1
    outer loop
      vertex 0.708801 -18.9973 8
      vertex 0 -15.1 8
      vertex -0.501114 -19.345 8
    endloop
  endfacet
  facet normal 0 0 1
    outer loop
      vertex 0.818085 -18.9598 8
      vertex 0 -15.1 8
      vertex 0.708801 -18.9973 8
    endloop
  endfacet
  facet normal -0 0 1
    outer loop
      vertex -17.0575 10.6187 8
      vertex -16.5645 10.474 8
      vertex -15.6325 12.9666 8
    endloop
  endfacet
  facet normal 0 0 1
    outer loop
      vertex 3.75934 -18.0088 8
      vertex 0.818085 -18.9598 8
      vertex 1.02133 -19.0655 8
    endloop
  endfacet
  facet normal 0 0 1
    outer loop
      vertex 0.818085 -18.9598 8
      vertex 0.818222 -18.9629 8
      vertex 1.02133 -19.0655 8
    endloop
  endfacet
  facet normal -0 0 1
    outer loop
      vertex 1.4826 -20.1253 8
      vertex 1.55209 -20.2291 8
      vertex 4.04314 -19.3995 8
    endloop
  endfacet
  facet normal 0 -0 1
    outer loop
      vertex 1.81371 -20.5859 8
      vertex 4.06783 -19.7188 8
      vertex 1.71802 -20.4604 8
    endloop
  endfacet
  facet normal 0 -0 1
    outer loop
      vertex 1.91733 -20.7168 8
      vertex 4.07767 -19.8867 8
      vertex 1.81371 -20.5859 8
    endloop
  endfacet
  facet normal 0 0 1
    outer loop
      vertex 4.08546 -20.0611 8
      vertex 4.07767 -19.8867 8
      vertex 1.91733 -20.7168 8
    endloop
  endfacet
  facet normal 0 -0 1
    outer loop
      vertex 2.1467 -20.9915 8
      vertex 4.08546 -20.0611 8
      vertex 2.02846 -20.8523 8
    endloop
  endfacet
  facet normal 0 -0 1
    outer loop
      vertex 2.27141 -21.1338 8
      vertex 4.09111 -20.2427 8
      vertex 2.1467 -20.9915 8
    endloop
  endfacet
  facet normal 0 0 1
    outer loop
      vertex 4.09407 -20.4323 8
      vertex 4.09111 -20.2427 8
      vertex 2.27141 -21.1338 8
    endloop
  endfacet
  facet normal 0 0 1
    outer loop
      vertex 4.09407 -20.4323 8
      vertex 2.27141 -21.1338 8
      vertex 2.40202 -21.2785 8
    endloop
  endfacet
  facet normal 0 0 1
    outer loop
      vertex 4.09407 -20.4323 8
      vertex 2.40202 -21.2785 8
      vertex 4.09393 -20.6308 8
    endloop
  endfacet
  facet normal -0 0 1
    outer loop
      vertex 2.40202 -21.2785 8
      vertex 2.53812 -21.425 8
      vertex 4.09393 -20.6308 8
    endloop
  endfacet
  facet normal 0 0 1
    outer loop
      vertex 2.53812 -21.425 8
      vertex 4.09026 -20.8389 8
      vertex 4.09393 -20.6308 8
    endloop
  endfacet
  facet normal 0 -0 1
    outer loop
      vertex 2.67912 -21.5728 8
      vertex 4.09026 -20.8389 8
      vertex 2.53812 -21.425 8
    endloop
  endfacet
  facet normal 0 -0 1
    outer loop
      vertex 4.08255 -21.0576 8
      vertex 4.09026 -20.8389 8
      vertex 2.67912 -21.5728 8
    endloop
  endfacet
  facet normal 0 0 1
    outer loop
      vertex 4.08255 -21.0576 8
      vertex 2.67912 -21.5728 8
      vertex 2.82445 -21.7216 8
    endloop
  endfacet
  facet normal 0 0 1
    outer loop
      vertex 4.07008 -21.2876 8
      vertex 2.82445 -21.7216 8
      vertex 2.97371 -21.8707 8
    endloop
  endfacet
  facet normal 0 0 1
    outer loop
      vertex 4.07008 -21.2876 8
      vertex 2.97371 -21.8707 8
      vertex 4.05212 -21.5297 8
    endloop
  endfacet
  facet normal -0 0 1
    outer loop
      vertex 2.97371 -21.8707 8
      vertex 3.14412 -21.9883 8
      vertex 4.05212 -21.5297 8
    endloop
  endfacet
  facet normal 0 0 1
    outer loop
      vertex 3.14412 -21.9883 8
      vertex 4.04199 -21.6361 8
      vertex 4.05212 -21.5297 8
    endloop
  endfacet
  facet normal 0 0 1
    outer loop
      vertex 3.14412 -21.9883 8
      vertex 2.97371 -21.8707 8
      vertex 3.10699 -22.0011 8
    endloop
  endfacet
  facet normal 0 0 1
    outer loop
      vertex 4.08255 -21.0576 8
      vertex 2.82445 -21.7216 8
      vertex 4.07008 -21.2876 8
    endloop
  endfacet
  facet normal 0 0 1
    outer loop
      vertex 4.09111 -20.2427 8
      vertex 4.08546 -20.0611 8
      vertex 2.1467 -20.9915 8
    endloop
  endfacet
  facet normal 0 0 1
    outer loop
      vertex 4.08546 -20.0611 8
      vertex 1.91733 -20.7168 8
      vertex 2.02846 -20.8523 8
    endloop
  endfacet
  facet normal 0 0 1
    outer loop
      vertex 4.07767 -19.8867 8
      vertex 4.06783 -19.7188 8
      vertex 1.81371 -20.5859 8
    endloop
  endfacet
  facet normal 0 0 1
    outer loop
      vertex 4.06783 -19.7188 8
      vertex 4.04314 -19.3995 8
      vertex 1.71802 -20.4604 8
    endloop
  endfacet
  facet normal 0 0 1
    outer loop
      vertex 4.04314 -19.3995 8
      vertex 1.63071 -20.3412 8
      vertex 1.71802 -20.4604 8
    endloop
  endfacet
  facet normal -0 0 1
    outer loop
      vertex 1.55209 -20.2291 8
      vertex 1.63071 -20.3412 8
      vertex 4.04314 -19.3995 8
    endloop
  endfacet
  facet normal 0 0 1
    outer loop
      vertex 1.4826 -20.1253 8
      vertex 4.04314 -19.3995 8
      vertex 4.01295 -19.0979 8
    endloop
  endfacet
  facet normal 0 -0 1
    outer loop
      vertex 1.4826 -20.1253 8
      vertex 4.01295 -19.0979 8
      vertex 1.42233 -20.0308 8
    endloop
  endfacet
  facet normal 0 0 1
    outer loop
      vertex 4.01295 -19.0979 8
      vertex 1.37138 -19.9467 8
      vertex 1.42233 -20.0308 8
    endloop
  endfacet
  facet normal -0 0 1
    outer loop
      vertex 1.32982 -19.8742 8
      vertex 1.37138 -19.9467 8
      vertex 4.01295 -19.0979 8
    endloop
  endfacet
  facet normal 0 0 1
    outer loop
      vertex 1.32982 -19.8742 8
      vertex 4.01295 -19.0979 8
      vertex 3.97842 -18.81 8
    endloop
  endfacet
  facet normal 0 -0 1
    outer loop
      vertex 1.32982 -19.8742 8
      vertex 3.97842 -18.81 8
      vertex 1.21823 -19.6627 8
    endloop
  endfacet
  facet normal 0 0 1
    outer loop
      vertex 3.97842 -18.81 8
      vertex 1.02133 -19.0655 8
      vertex 1.21823 -19.6627 8
    endloop
  endfacet
  facet normal 0 0 1
    outer loop
      vertex 3.91541 -18.3638 8
      vertex 1.02133 -19.0655 8
      vertex 3.97842 -18.81 8
    endloop
  endfacet
  facet normal 0 0 1
    outer loop
      vertex 3.75934 -18.0088 8
      vertex 1.02133 -19.0655 8
      vertex 3.91541 -18.3638 8
    endloop
  endfacet
  facet normal 0 0 1
    outer loop
      vertex 3.8421 -17.7968 8
      vertex 3.84113 -17.7923 8
      vertex 3.75934 -18.0088 8
    endloop
  endfacet
  facet normal 0 0 1
    outer loop
      vertex 3.84113 -17.7923 8
      vertex 0.818085 -18.9598 8
      vertex 3.75934 -18.0088 8
    endloop
  endfacet
  facet normal 0 0 1
    outer loop
      vertex 16.0006 10.4173 8
      vertex 13.7164 12.2601 8
      vertex 16.0061 10.1855 8
    endloop
  endfacet
  facet normal 0 0 1
    outer loop
      vertex 8.87555 12.2162 8
      vertex 12.2674 13.2775 8
      vertex 9.61908 14.9484 8
    endloop
  endfacet
  facet normal 0 0 1
    outer loop
      vertex 19.7021 7.51756 8
      vertex 18.0646 9.67198 8
      vertex 17.8698 9.55385 8
    endloop
  endfacet
  facet normal 0 0 1
    outer loop
      vertex 8.13617 -15.8046 8
      vertex 6.14171 -13.7945 8
      vertex 5.36493 -17.2626 8
    endloop
  endfacet
  facet normal 0 0 1
    outer loop
      vertex 5.14909 -17.187 8
      vertex 5.14964 -17.1888 8
      vertex 5.36493 -17.2626 8
    endloop
  endfacet
  facet normal 0 0 1
    outer loop
      vertex 8.50171 -17.0092 8
      vertex 6.10625 -18.2833 8
      vertex 8.55817 -17.3258 8
    endloop
  endfacet
  facet normal 0 0 1
    outer loop
      vertex 5.36493 -17.2626 8
      vertex 5.57133 -17.6839 8
      vertex 5.75061 -17.8965 8
    endloop
  endfacet
  facet normal 0 0 1
    outer loop
      vertex 8.55817 -17.3258 8
      vertex 6.32422 -18.5031 8
      vertex 8.61214 -17.6569 8
    endloop
  endfacet
  facet normal 0 0 1
    outer loop
      vertex 7.0925 -19.2172 8
      vertex 8.71051 -18.3676 8
      vertex 8.66312 -18.0033 8
    endloop
  endfacet
  facet normal 0 -0 1
    outer loop
      vertex 7.37801 -19.4655 8
      vertex 8.71051 -18.3676 8
      vertex 7.0925 -19.2172 8
    endloop
  endfacet
  facet normal 0 0 1
    outer loop
      vertex 8.75346 -18.7542 8
      vertex 8.71051 -18.3676 8
      vertex 7.37801 -19.4655 8
    endloop
  endfacet
  facet normal 0 0 1
    outer loop
      vertex 8.77296 -18.9575 8
      vertex 7.37801 -19.4655 8
      vertex 7.67703 -19.7178 8
    endloop
  endfacet
  facet normal 0 0 1
    outer loop
      vertex 8.77296 -18.9575 8
      vertex 7.67703 -19.7178 8
      vertex 8.01471 -19.8008 8
    endloop
  endfacet
  facet normal 0 0 1
    outer loop
      vertex 8.01471 -19.8008 8
      vertex 8.80611 -19.38 8
      vertex 8.79079 -19.1685 8
    endloop
  endfacet
  facet normal 0 0 1
    outer loop
      vertex 8.01471 -19.8008 8
      vertex 8.79079 -19.1685 8
      vertex 8.77296 -18.9575 8
    endloop
  endfacet
  facet normal 0 0 1
    outer loop
      vertex 8.01471 -19.8008 8
      vertex 7.67703 -19.7178 8
      vertex 7.86852 -19.8745 8
    endloop
  endfacet
  facet normal 0 0 1
    outer loop
      vertex 8.75346 -18.7542 8
      vertex 7.37801 -19.4655 8
      vertex 8.77296 -18.9575 8
    endloop
  endfacet
  facet normal 0 -0 1
    outer loop
      vertex 7.0925 -19.2172 8
      vertex 8.66312 -18.0033 8
      vertex 6.82047 -18.9731 8
    endloop
  endfacet
  facet normal 0 0 1
    outer loop
      vertex 8.66312 -18.0033 8
      vertex 6.56348 -18.7342 8
      vertex 6.82047 -18.9731 8
    endloop
  endfacet
  facet normal 0 0 1
    outer loop
      vertex 8.61214 -17.6569 8
      vertex 6.56348 -18.7342 8
      vertex 8.66312 -18.0033 8
    endloop
  endfacet
  facet normal -0 0 1
    outer loop
      vertex 6.32422 -18.5031 8
      vertex 6.56348 -18.7342 8
      vertex 8.61214 -17.6569 8
    endloop
  endfacet
  facet normal -0 0 1
    outer loop
      vertex 6.10625 -18.2833 8
      vertex 6.32422 -18.5031 8
      vertex 8.55817 -17.3258 8
    endloop
  endfacet
  facet normal -0 0 1
    outer loop
      vertex 5.91365 -18.0793 8
      vertex 6.10625 -18.2833 8
      vertex 8.50171 -17.0092 8
    endloop
  endfacet
  facet normal 0 0 1
    outer loop
      vertex 5.91365 -18.0793 8
      vertex 8.50171 -17.0092 8
      vertex 8.44341 -16.7083 8
    endloop
  endfacet
  facet normal 0 -0 1
    outer loop
      vertex 5.91365 -18.0793 8
      vertex 8.44341 -16.7083 8
      vertex 5.75061 -17.8965 8
    endloop
  endfacet
  facet normal 0 0 1
    outer loop
      vertex 8.44341 -16.7083 8
      vertex 8.38406 -16.4259 8
      vertex 5.75061 -17.8965 8
    endloop
  endfacet
  facet normal 0 0 1
    outer loop
      vertex 8.38406 -16.4259 8
      vertex 5.36493 -17.2626 8
      vertex 5.75061 -17.8965 8
    endloop
  endfacet
  facet normal 0 0 1
    outer loop
      vertex 8.3163 -16.1261 8
      vertex 8.13617 -15.8046 8
      vertex 8.38406 -16.4259 8
    endloop
  endfacet
  facet normal 0 0 1
    outer loop
      vertex 8.13617 -15.8046 8
      vertex 5.36493 -17.2626 8
      vertex 8.38406 -16.4259 8
    endloop
  endfacet
  facet normal 0 0 1
    outer loop
      vertex 8.19688 -15.5836 8
      vertex 6.14171 -13.7945 8
      vertex 8.13617 -15.8046 8
    endloop
  endfacet
  facet normal 0 0 1
    outer loop
      vertex 8.19794 -15.5856 8
      vertex 8.19688 -15.5836 8
      vertex 8.13617 -15.8046 8
    endloop
  endfacet
  facet normal 0 0 1
    outer loop
      vertex 14.3609 4.66615 8
      vertex 19.5901 5.91245 8
      vertex 18.9997 6.82816 8
    endloop
  endfacet
  facet normal 0 0 1
    outer loop
      vertex 16.0061 10.1855 8
      vertex 13.4906 12.225 8
      vertex 12.2162 8.87555 8
    endloop
  endfacet
  facet normal 0 0 1
    outer loop
      vertex 19.5901 5.91245 8
      vertex 14.3609 4.66615 8
      vertex 14.77 3.13947 8
    endloop
  endfacet
  facet normal 0 -0 1
    outer loop
      vertex 12.2674 -13.2775 8
      vertex 12.3091 -13.052 8
      vertex 10.1039 -11.2215 8
    endloop
  endfacet
  facet normal 0 0 1
    outer loop
      vertex 12.7806 -14.4298 8
      vertex 10.4796 -15.8673 8
      vertex 10.7255 -16.0745 8
    endloop
  endfacet
  facet normal 0 0 1
    outer loop
      vertex 9.61908 -14.9484 8
      vertex 9.8075 -15.2652 8
      vertex 10.0332 -15.4738 8
    endloop
  endfacet
  facet normal 0 0 1
    outer loop
      vertex 12.862 -14.7285 8
      vertex 10.7255 -16.0745 8
      vertex 10.9853 -16.2868 8
    endloop
  endfacet
  facet normal 0 0 1
    outer loop
      vertex 13.0964 -15.7509 8
      vertex 13.0209 -15.3932 8
      vertex 11.2597 -16.5041 8
    endloop
  endfacet
  facet normal 0 0 1
    outer loop
      vertex 13.0964 -15.7509 8
      vertex 11.2597 -16.5041 8
      vertex 11.5516 -16.7273 8
    endloop
  endfacet
  facet normal 0 0 1
    outer loop
      vertex 13.0964 -15.7509 8
      vertex 11.5516 -16.7273 8
      vertex 13.1686 -16.1223 8
    endloop
  endfacet
  facet normal -0 0 1
    outer loop
      vertex 11.5516 -16.7273 8
      vertex 11.8649 -16.9578 8
      vertex 13.1686 -16.1223 8
    endloop
  endfacet
  facet normal -0 0 1
    outer loop
      vertex 11.8649 -16.9578 8
      vertex 12.0312 -17.0764 8
      vertex 13.1686 -16.1223 8
    endloop
  endfacet
  facet normal 0 0 1
    outer loop
      vertex 12.0312 -17.0764 8
      vertex 13.2376 -16.5074 8
      vertex 13.1686 -16.1223 8
    endloop
  endfacet
  facet normal 0 -0 1
    outer loop
      vertex 12.205 -17.1973 8
      vertex 13.2376 -16.5074 8
      vertex 12.0312 -17.0764 8
    endloop
  endfacet
  facet normal 0 0 1
    outer loop
      vertex 13.2775 -16.7509 8
      vertex 13.2376 -16.5074 8
      vertex 12.205 -17.1973 8
    endloop
  endfacet
  facet normal 0 0 1
    outer loop
      vertex 13.2775 -16.7509 8
      vertex 12.205 -17.1973 8
      vertex 12.3826 -17.3177 8
    endloop
  endfacet
  facet normal 0 0 1
    outer loop
      vertex 13.0209 -15.3932 8
      vertex 12.9426 -15.0512 8
      vertex 11.2597 -16.5041 8
    endloop
  endfacet
  facet normal 0 0 1
    outer loop
      vertex 12.9426 -15.0512 8
      vertex 10.9853 -16.2868 8
      vertex 11.2597 -16.5041 8
    endloop
  endfacet
  facet normal 0 0 1
    outer loop
      vertex 12.862 -14.7285 8
      vertex 10.9853 -16.2868 8
      vertex 12.9426 -15.0512 8
    endloop
  endfacet
  facet normal 0 0 1
    outer loop
      vertex 12.7806 -14.4298 8
      vertex 10.7255 -16.0745 8
      vertex 12.862 -14.7285 8
    endloop
  endfacet
  facet normal 0 0 1
    outer loop
      vertex 12.7003 -14.161 8
      vertex 10.4796 -15.8673 8
      vertex 12.7806 -14.4298 8
    endloop
  endfacet
  facet normal -0 0 1
    outer loop
      vertex 10.2481 -15.6664 8
      vertex 10.4796 -15.8673 8
      vertex 12.7003 -14.161 8
    endloop
  endfacet
  facet normal 0 0 1
    outer loop
      vertex 10.2481 -15.6664 8
      vertex 12.7003 -14.161 8
      vertex 12.6236 -13.9285 8
    endloop
  endfacet
  facet normal 0 -0 1
    outer loop
      vertex 10.2481 -15.6664 8
      vertex 12.6236 -13.9285 8
      vertex 10.0332 -15.4738 8
    endloop
  endfacet
  facet normal 0 0 1
    outer loop
      vertex 12.6236 -13.9285 8
      vertex 12.5291 -13.6669 8
      vertex 12.2674 -13.2775 8
    endloop
  endfacet
  facet normal 0 0 1
    outer loop
      vertex 12.6236 -13.9285 8
      vertex 12.2674 -13.2775 8
      vertex 10.0332 -15.4738 8
    endloop
  endfacet
  facet normal 0 0 1
    outer loop
      vertex 12.2674 -13.2775 8
      vertex 9.61908 -14.9484 8
      vertex 10.0332 -15.4738 8
    endloop
  endfacet
  facet normal 0 0 1
    outer loop
      vertex 12.2674 -13.2775 8
      vertex 10.1039 -11.2215 8
      vertex 8.87555 -12.2162 8
    endloop
  endfacet
  facet normal 0 0 1
    outer loop
      vertex 12.3111 -13.0541 8
      vertex 12.3091 -13.052 8
      vertex 12.2674 -13.2775 8
    endloop
  endfacet
  facet normal -0 0 1
    outer loop
      vertex 13.7945 6.14171 8
      vertex 14.3609 4.66615 8
      vertex 18.9997 6.82816 8
    endloop
  endfacet
  facet normal 0 0 1
    outer loop
      vertex 18.9997 -6.82816 8
      vertex 19.0456 -7.05484 8
      vertex 19.0066 -6.83064 8
    endloop
  endfacet
  facet normal 0 -0 1
    outer loop
      vertex 13.7164 -12.2601 8
      vertex 16.0061 -10.1855 8
      vertex 13.4906 -12.225 8
    endloop
  endfacet
  facet normal 0 0 1
    outer loop
      vertex 16.0006 -10.4173 8
      vertex 16.0132 -10.19 8
      vertex 16.0061 -10.1855 8
    endloop
  endfacet
  facet normal 0 0 1
    outer loop
      vertex 15.0431 -13.3822 8
      vertex 16.9211 -11.8637 8
      vertex 16.8602 -11.718 8
    endloop
  endfacet
  facet normal 0 0 1
    outer loop
      vertex 13.7164 -12.2601 8
      vertex 13.9458 -12.5727 8
      vertex 14.1891 -12.7644 8
    endloop
  endfacet
  facet normal 0 0 1
    outer loop
      vertex 16.9826 -12.0189 8
      vertex 15.3307 -13.5687 8
      vertex 17.0444 -12.1828 8
    endloop
  endfacet
  facet normal 0 0 1
    outer loop
      vertex 17.1667 -12.534 8
      vertex 15.4851 -13.6643 8
      vertex 15.6478 -13.7617 8
    endloop
  endfacet
  facet normal 0 0 1
    outer loop
      vertex 17.1667 -12.534 8
      vertex 15.6478 -13.7617 8
      vertex 17.2267 -12.7195 8
    endloop
  endfacet
  facet normal -0 0 1
    outer loop
      vertex 15.6478 -13.7617 8
      vertex 15.8198 -13.8609 8
      vertex 17.2267 -12.7195 8
    endloop
  endfacet
  facet normal 0 0 1
    outer loop
      vertex 15.8198 -13.8609 8
      vertex 17.2855 -12.9106 8
      vertex 17.2267 -12.7195 8
    endloop
  endfacet
  facet normal 0 -0 1
    outer loop
      vertex 16.0019 -13.9617 8
      vertex 17.2855 -12.9106 8
      vertex 15.8198 -13.8609 8
    endloop
  endfacet
  facet normal 0 -0 1
    outer loop
      vertex 16.1951 -14.0644 8
      vertex 17.3431 -13.1066 8
      vertex 16.0019 -13.9617 8
    endloop
  endfacet
  facet normal 0 0 1
    outer loop
      vertex 17.3992 -13.3068 8
      vertex 17.3431 -13.1066 8
      vertex 16.1951 -14.0644 8
    endloop
  endfacet
  facet normal 0 0 1
    outer loop
      vertex 17.3992 -13.3068 8
      vertex 16.1951 -14.0644 8
      vertex 16.4005 -14.1686 8
    endloop
  endfacet
  facet normal 0 0 1
    outer loop
      vertex 17.3992 -13.3068 8
      vertex 16.4005 -14.1686 8
      vertex 17.4538 -13.5107 8
    endloop
  endfacet
  facet normal -0 0 1
    outer loop
      vertex 16.4005 -14.1686 8
      vertex 16.6192 -14.2741 8
      vertex 17.4538 -13.5107 8
    endloop
  endfacet
  facet normal -0 0 1
    outer loop
      vertex 16.6192 -14.2741 8
      vertex 16.7504 -14.299 8
      vertex 17.4538 -13.5107 8
    endloop
  endfacet
  facet normal 0 -0 1
    outer loop
      vertex 16.7216 -14.3209 8
      vertex 16.7504 -14.299 8
      vertex 16.6192 -14.2741 8
    endloop
  endfacet
  facet normal 0 0 1
    outer loop
      vertex 16.7504 -14.299 8
      vertex 17.4985 -13.6855 8
      vertex 17.4538 -13.5107 8
    endloop
  endfacet
  facet normal 0 0 1
    outer loop
      vertex 17.3431 -13.1066 8
      vertex 17.2855 -12.9106 8
      vertex 16.0019 -13.9617 8
    endloop
  endfacet
  facet normal 0 0 1
    outer loop
      vertex 17.1058 -12.3548 8
      vertex 15.4851 -13.6643 8
      vertex 17.1667 -12.534 8
    endloop
  endfacet
  facet normal -0 0 1
    outer loop
      vertex 15.3307 -13.5687 8
      vertex 15.4851 -13.6643 8
      vertex 17.1058 -12.3548 8
    endloop
  endfacet
  facet normal 0 0 1
    outer loop
      vertex 15.3307 -13.5687 8
      vertex 17.1058 -12.3548 8
      vertex 17.0444 -12.1828 8
    endloop
  endfacet
  facet normal -0 0 1
    outer loop
      vertex 15.1836 -13.4747 8
      vertex 15.3307 -13.5687 8
      vertex 16.9826 -12.0189 8
    endloop
  endfacet
  facet normal 0 0 1
    outer loop
      vertex 15.1836 -13.4747 8
      vertex 16.9826 -12.0189 8
      vertex 16.9211 -11.8637 8
    endloop
  endfacet
  facet normal 0 -0 1
    outer loop
      vertex 15.1836 -13.4747 8
      vertex 16.9211 -11.8637 8
      vertex 15.0431 -13.3822 8
    endloop
  endfacet
  facet normal 0 -0 1
    outer loop
      vertex 15.0431 -13.3822 8
      vertex 16.8602 -11.718 8
      vertex 14.9085 -13.2911 8
    endloop
  endfacet
  facet normal 0 0 1
    outer loop
      vertex 16.8602 -11.718 8
      vertex 16.8006 -11.5828 8
      vertex 14.9085 -13.2911 8
    endloop
  endfacet
  facet normal 0 0 1
    outer loop
      vertex 16.8006 -11.5828 8
      vertex 14.6539 -13.1123 8
      vertex 14.9085 -13.2911 8
    endloop
  endfacet
  facet normal 0 0 1
    outer loop
      vertex 16.7429 -11.4587 8
      vertex 14.6539 -13.1123 8
      vertex 16.8006 -11.5828 8
    endloop
  endfacet
  facet normal 0 0 1
    outer loop
      vertex 16.6877 -11.3466 8
      vertex 14.6539 -13.1123 8
      vertex 16.7429 -11.4587 8
    endloop
  endfacet
  facet normal 0 0 1
    outer loop
      vertex 16.636 -11.2472 8
      vertex 14.6539 -13.1123 8
      vertex 16.6877 -11.3466 8
    endloop
  endfacet
  facet normal -0 0 1
    outer loop
      vertex 14.4152 -12.9371 8
      vertex 14.6539 -13.1123 8
      vertex 16.636 -11.2472 8
    endloop
  endfacet
  facet normal 0 0 1
    outer loop
      vertex 14.4152 -12.9371 8
      vertex 16.636 -11.2472 8
      vertex 16.5887 -11.161 8
    endloop
  endfacet
  facet normal 0 0 1
    outer loop
      vertex 14.4152 -12.9371 8
      vertex 16.5887 -11.161 8
      vertex 16.511 -11.0309 8
    endloop
  endfacet
  facet normal 0 0 1
    outer loop
      vertex 14.4152 -12.9371 8
      vertex 16.511 -11.0309 8
      vertex 16.4193 -10.8864 8
    endloop
  endfacet
  facet normal 0 -0 1
    outer loop
      vertex 14.4152 -12.9371 8
      vertex 16.4193 -10.8864 8
      vertex 14.1891 -12.7644 8
    endloop
  endfacet
  facet normal 0 0 1
    outer loop
      vertex 16.4193 -10.8864 8
      vertex 16.0006 -10.4173 8
      vertex 14.1891 -12.7644 8
    endloop
  endfacet
  facet normal 0 0 1
    outer loop
      vertex 16.0006 -10.4173 8
      vertex 13.7164 -12.2601 8
      vertex 14.1891 -12.7644 8
    endloop
  endfacet
  facet normal 0 0 1
    outer loop
      vertex 18.9997 -6.82816 8
      vertex 17.1196 -9.11102 8
      vertex 17.3531 -9.10828 8
    endloop
  endfacet
  facet normal 0 -0 1
    outer loop
      vertex 16.0006 -10.4173 8
      vertex 16.0061 -10.1855 8
      vertex 13.7164 -12.2601 8
    endloop
  endfacet
  facet normal 0 0 1
    outer loop
      vertex 15.0173 1.57837 8
      vertex 15.1 0 8
      vertex 21.1946 1.30295 8
    endloop
  endfacet
  facet normal 0 0 1
    outer loop
      vertex 13.077 7.54999 8
      vertex 16.4044 9.82729 8
      vertex 16.0061 10.1855 8
    endloop
  endfacet
  facet normal 0 0 1
    outer loop
      vertex 20.8606 -2.9111 8
      vertex 19.84 -5.4375 8
      vertex 20.072 -5.37308 8
    endloop
  endfacet
  facet normal -0 0 1
    outer loop
      vertex 17.7248 -9.46284 8
      vertex 17.9651 -9.61267 8
      vertex 19.0456 -7.05484 8
    endloop
  endfacet
  facet normal -0 0 1
    outer loop
      vertex 17.1196 -9.11102 8
      vertex 17.1256 -9.11417 8
      vertex 17.3531 -9.10828 8
    endloop
  endfacet
  facet normal 0 0 1
    outer loop
      vertex 20.1469 -7.95879 8
      vertex 18.6535 -9.9812 8
      vertex 20.2309 -8.06566 8
    endloop
  endfacet
  facet normal -0 0 1
    outer loop
      vertex 18.5206 -9.91747 8
      vertex 18.6535 -9.9812 8
      vertex 20.1469 -7.95879 8
    endloop
  endfacet
  facet normal 0 -0 1
    outer loop
      vertex 19.1123 -10.1772 8
      vertex 20.4148 -8.32188 8
      vertex 18.9483 -10.1113 8
    endloop
  endfacet
  facet normal 0 -0 1
    outer loop
      vertex 19.2887 -10.2433 8
      vertex 20.5123 -8.47028 8
      vertex 19.1123 -10.1772 8
    endloop
  endfacet
  facet normal 0 0 1
    outer loop
      vertex 20.6121 -8.63136 8
      vertex 20.5123 -8.47028 8
      vertex 19.2887 -10.2433 8
    endloop
  endfacet
  facet normal 0 0 1
    outer loop
      vertex 20.7133 -8.80443 8
      vertex 19.2887 -10.2433 8
      vertex 19.4787 -10.3091 8
    endloop
  endfacet
  facet normal 0 0 1
    outer loop
      vertex 20.7133 -8.80443 8
      vertex 19.4787 -10.3091 8
      vertex 20.8152 -8.98875 8
    endloop
  endfacet
  facet normal -0 0 1
    outer loop
      vertex 19.4787 -10.3091 8
      vertex 19.6832 -10.374 8
      vertex 20.8152 -8.98875 8
    endloop
  endfacet
  facet normal 0 0 1
    outer loop
      vertex 19.6832 -10.374 8
      vertex 20.9171 -9.1835 8
      vertex 20.8152 -8.98875 8
    endloop
  endfacet
  facet normal 0 -0 1
    outer loop
      vertex 19.9034 -10.4375 8
      vertex 20.9171 -9.1835 8
      vertex 19.6832 -10.374 8
    endloop
  endfacet
  facet normal 0 0 1
    outer loop
      vertex 21.0181 -9.38785 8
      vertex 20.9171 -9.1835 8
      vertex 19.9034 -10.4375 8
    endloop
  endfacet
  facet normal 0 0 1
    outer loop
      vertex 21.0181 -9.38785 8
      vertex 19.9034 -10.4375 8
      vertex 20.1402 -10.4987 8
    endloop
  endfacet
  facet normal 0 0 1
    outer loop
      vertex 21.0181 -9.38785 8
      vertex 20.1402 -10.4987 8
      vertex 20.9282 -10.2868 8
    endloop
  endfacet
  facet normal 0 0 1
    outer loop
      vertex 21.0181 -9.38785 8
      vertex 20.9282 -10.2868 8
      vertex 21.1179 -9.60092 8
    endloop
  endfacet
  facet normal 0 0 1
    outer loop
      vertex 20.9282 -10.2868 8
      vertex 21.2398 -9.87889 8
      vertex 21.1179 -9.60092 8
    endloop
  endfacet
  facet normal 0 0 1
    outer loop
      vertex 20.9282 -10.2868 8
      vertex 20.1402 -10.4987 8
      vertex 20.3946 -10.5567 8
    endloop
  endfacet
  facet normal 0 0 1
    outer loop
      vertex 20.9282 -10.2868 8
      vertex 20.3946 -10.5567 8
      vertex 20.6465 -10.6063 8
    endloop
  endfacet
  facet normal 0 0 1
    outer loop
      vertex 20.6121 -8.63136 8
      vertex 19.2887 -10.2433 8
      vertex 20.7133 -8.80443 8
    endloop
  endfacet
  facet normal 0 0 1
    outer loop
      vertex 20.5123 -8.47028 8
      vertex 20.4148 -8.32188 8
      vertex 19.1123 -10.1772 8
    endloop
  endfacet
  facet normal 0 0 1
    outer loop
      vertex 20.4148 -8.32188 8
      vertex 20.3206 -8.18684 8
      vertex 18.9483 -10.1113 8
    endloop
  endfacet
  facet normal 0 0 1
    outer loop
      vertex 20.3206 -8.18684 8
      vertex 18.7957 -10.0458 8
      vertex 18.9483 -10.1113 8
    endloop
  endfacet
  facet normal 0 0 1
    outer loop
      vertex 20.2309 -8.06566 8
      vertex 18.7957 -10.0458 8
      vertex 20.3206 -8.18684 8
    endloop
  endfacet
  facet normal -0 0 1
    outer loop
      vertex 18.6535 -9.9812 8
      vertex 18.7957 -10.0458 8
      vertex 20.2309 -8.06566 8
    endloop
  endfacet
  facet normal 0 0 1
    outer loop
      vertex 20.0697 -7.86655 8
      vertex 18.5206 -9.91747 8
      vertex 20.1469 -7.95879 8
    endloop
  endfacet
  facet normal -0 0 1
    outer loop
      vertex 18.3962 -9.85469 8
      vertex 18.5206 -9.91747 8
      vertex 20.0697 -7.86655 8
    endloop
  endfacet
  facet normal 0 0 1
    outer loop
      vertex 18.3962 -9.85469 8
      vertex 20.0697 -7.86655 8
      vertex 20.0007 -7.78915 8
    endloop
  endfacet
  facet normal 0 0 1
    outer loop
      vertex 18.3962 -9.85469 8
      vertex 20.0007 -7.78915 8
      vertex 19.9412 -7.72664 8
    endloop
  endfacet
  facet normal 0 0 1
    outer loop
      vertex 18.3962 -9.85469 8
      vertex 19.9412 -7.72664 8
      vertex 19.8566 -7.64571 8
    endloop
  endfacet
  facet normal 0 -0 1
    outer loop
      vertex 18.3962 -9.85469 8
      vertex 19.8566 -7.64571 8
      vertex 18.2794 -9.79288 8
    endloop
  endfacet
  facet normal 0 0 1
    outer loop
      vertex 19.8566 -7.64571 8
      vertex 19.7021 -7.51756 8
      vertex 18.2794 -9.79288 8
    endloop
  endfacet
  facet normal 0 0 1
    outer loop
      vertex 19.7021 -7.51756 8
      vertex 18.1692 -9.73196 8
      vertex 18.2794 -9.79288 8
    endloop
  endfacet
  facet normal -0 0 1
    outer loop
      vertex 17.9651 -9.61267 8
      vertex 18.1692 -9.73196 8
      vertex 19.7021 -7.51756 8
    endloop
  endfacet
  facet normal 0 0 1
    outer loop
      vertex 17.9651 -9.61267 8
      vertex 19.7021 -7.51756 8
      vertex 19.0456 -7.05484 8
    endloop
  endfacet
  facet normal 0 -0 1
    outer loop
      vertex 17.7248 -9.46284 8
      vertex 19.0456 -7.05484 8
      vertex 17.3531 -9.10828 8
    endloop
  endfacet
  facet normal 0 0 1
    outer loop
      vertex 19.0456 -7.05484 8
      vertex 18.9997 -6.82816 8
      vertex 17.3531 -9.10828 8
    endloop
  endfacet
  facet normal 0 0 1
    outer loop
      vertex 20.9869 -3.11314 8
      vertex 20.8777 -2.91348 8
      vertex 20.8606 -2.9111 8
    endloop
  endfacet
  facet normal 0 0 1
    outer loop
      vertex 21.1946 -1.30295 8
      vertex 21.3771 -1.16054 8
      vertex 21.1946 1.30295 8
    endloop
  endfacet
  facet normal 0 0 1
    outer loop
      vertex 21.3771 1.16054 8
      vertex 21.1998 1.30327 8
      vertex 21.1946 1.30295 8
    endloop
  endfacet
  facet normal 0 0 1
    outer loop
      vertex 20.8606 2.9111 8
      vertex 15.0173 1.57837 8
      vertex 20.996 2.44487 8
    endloop
  endfacet
  facet normal 0 -0 1
    outer loop
      vertex 13.7945 6.14171 8
      vertex 17.1196 9.11102 8
      vertex 13.077 7.54999 8
    endloop
  endfacet
  facet normal 0 0 1
    outer loop
      vertex 21.8568 -3.38528 8
      vertex 21.1676 -5.85835 8
      vertex 21.2752 -5.88586 8
    endloop
  endfacet
  facet normal -0 0 1
    outer loop
      vertex 19.84 -5.4375 8
      vertex 19.855 -5.44164 8
      vertex 20.072 -5.37308 8
    endloop
  endfacet
  facet normal 0 0 1
    outer loop
      vertex 22.3428 -3.59459 8
      vertex 22.2494 -3.54134 8
      vertex 21.3951 -5.91283 8
    endloop
  endfacet
  facet normal 0 0 1
    outer loop
      vertex 22.5699 -3.74229 8
      vertex 21.8376 -5.98338 8
      vertex 22.701 -3.83824 8
    endloop
  endfacet
  facet normal 0 0 1
    outer loop
      vertex 22.701 -3.83824 8
      vertex 22.0159 -6.0005 8
      vertex 22.8421 -3.94962 8
    endloop
  endfacet
  facet normal -0 0 1
    outer loop
      vertex 22.0159 -6.0005 8
      vertex 22.2109 -6.0126 8
      vertex 22.8421 -3.94962 8
    endloop
  endfacet
  facet normal 0 0 1
    outer loop
      vertex 22.2109 -6.0126 8
      vertex 22.9917 -4.07668 8
      vertex 22.8421 -3.94962 8
    endloop
  endfacet
  facet normal 0 0 1
    outer loop
      vertex 23.1483 -4.21951 8
      vertex 22.9917 -4.07668 8
      vertex 22.2109 -6.0126 8
    endloop
  endfacet
  facet normal 0 0 1
    outer loop
      vertex 23.1483 -4.21951 8
      vertex 22.2109 -6.0126 8
      vertex 22.4233 -6.01842 8
    endloop
  endfacet
  facet normal -0 0 1
    outer loop
      vertex 21.8376 -5.98338 8
      vertex 22.0159 -6.0005 8
      vertex 22.701 -3.83824 8
    endloop
  endfacet
  facet normal 0 0 1
    outer loop
      vertex 22.4233 -6.01842 8
      vertex 23.3107 -4.37802 8
      vertex 23.1483 -4.21951 8
    endloop
  endfacet
  facet normal 0 -0 1
    outer loop
      vertex 22.6535 -6.01659 8
      vertex 23.3107 -4.37802 8
      vertex 22.4233 -6.01842 8
    endloop
  endfacet
  facet normal 0 0 1
    outer loop
      vertex 23.4773 -4.55197 8
      vertex 23.3107 -4.37802 8
      vertex 22.6535 -6.01659 8
    endloop
  endfacet
  facet normal 0 0 1
    outer loop
      vertex 23.4773 -4.55197 8
      vertex 22.6535 -6.01659 8
      vertex 22.902 -6.0056 8
    endloop
  endfacet
  facet normal 0 0 1
    outer loop
      vertex 23.4773 -4.55197 8
      vertex 22.902 -6.0056 8
      vertex 23.647 -4.74094 8
    endloop
  endfacet
  facet normal 0 0 1
    outer loop
      vertex 22.902 -6.0056 8
      vertex 23.1687 -5.98392 8
      vertex 23.647 -4.74094 8
    endloop
  endfacet
  facet normal 0 0 1
    outer loop
      vertex 23.1687 -5.98392 8
      vertex 23.8184 -4.94441 8
      vertex 23.647 -4.74094 8
    endloop
  endfacet
  facet normal 0 -0 1
    outer loop
      vertex 23.4538 -5.94994 8
      vertex 23.8184 -4.94441 8
      vertex 23.1687 -5.98392 8
    endloop
  endfacet
  facet normal 0 0 1
    outer loop
      vertex 23.9526 -5.11391 8
      vertex 23.8184 -4.94441 8
      vertex 23.4538 -5.94994 8
    endloop
  endfacet
  facet normal 0 0 1
    outer loop
      vertex 23.9526 -5.11391 8
      vertex 23.4538 -5.94994 8
      vertex 23.6227 -5.92323 8
    endloop
  endfacet
  facet normal -0 0 1
    outer loop
      vertex 21.6753 -5.9624 8
      vertex 21.8376 -5.98338 8
      vertex 22.5699 -3.74229 8
    endloop
  endfacet
  facet normal 0 0 1
    outer loop
      vertex 21.6753 -5.9624 8
      vertex 22.5699 -3.74229 8
      vertex 22.45 -3.66129 8
    endloop
  endfacet
  facet normal 0 -0 1
    outer loop
      vertex 21.6753 -5.9624 8
      vertex 22.45 -3.66129 8
      vertex 21.5281 -5.9386 8
    endloop
  endfacet
  facet normal 0 0 1
    outer loop
      vertex 22.45 -3.66129 8
      vertex 22.3428 -3.59459 8
      vertex 21.5281 -5.9386 8
    endloop
  endfacet
  facet normal 0 0 1
    outer loop
      vertex 22.3428 -3.59459 8
      vertex 21.3951 -5.91283 8
      vertex 21.5281 -5.9386 8
    endloop
  endfacet
  facet normal 0 0 1
    outer loop
      vertex 22.2494 -3.54134 8
      vertex 22.1709 -3.5005 8
      vertex 21.3951 -5.91283 8
    endloop
  endfacet
  facet normal 0 0 1
    outer loop
      vertex 22.1709 -3.5005 8
      vertex 21.2752 -5.88586 8
      vertex 21.3951 -5.91283 8
    endloop
  endfacet
  facet normal 0 0 1
    outer loop
      vertex 22.1081 -3.47093 8
      vertex 21.2752 -5.88586 8
      vertex 22.1709 -3.5005 8
    endloop
  endfacet
  facet normal 0 0 1
    outer loop
      vertex 22.0254 -3.43744 8
      vertex 21.2752 -5.88586 8
      vertex 22.1081 -3.47093 8
    endloop
  endfacet
  facet normal 0 0 1
    outer loop
      vertex 21.8568 -3.38528 8
      vertex 21.2752 -5.88586 8
      vertex 22.0254 -3.43744 8
    endloop
  endfacet
  facet normal -0 0 1
    outer loop
      vertex 21.0711 -5.83083 8
      vertex 21.1676 -5.85835 8
      vertex 21.8568 -3.38528 8
    endloop
  endfacet
  facet normal 0 -0 1
    outer loop
      vertex 21.0711 -5.83083 8
      vertex 21.8568 -3.38528 8
      vertex 20.9848 -5.80367 8
    endloop
  endfacet
  facet normal 0 0 1
    outer loop
      vertex 21.8568 -3.38528 8
      vertex 20.9075 -5.77716 8
      vertex 20.9848 -5.80367 8
    endloop
  endfacet
  facet normal 0 0 1
    outer loop
      vertex 21.7097 -3.32576 8
      vertex 20.9075 -5.77716 8
      vertex 21.8568 -3.38528 8
    endloop
  endfacet
  facet normal -0 0 1
    outer loop
      vertex 20.6787 -5.68987 8
      vertex 20.9075 -5.77716 8
      vertex 21.7097 -3.32576 8
    endloop
  endfacet
  facet normal 0 0 1
    outer loop
      vertex 20.6787 -5.68987 8
      vertex 21.7097 -3.32576 8
      vertex 20.9869 -3.11314 8
    endloop
  endfacet
  facet normal 0 -0 1
    outer loop
      vertex 20.6787 -5.68987 8
      vertex 20.9869 -3.11314 8
      vertex 20.072 -5.37308 8
    endloop
  endfacet
  facet normal 0 0 1
    outer loop
      vertex 20.9869 -3.11314 8
      vertex 20.8606 -2.9111 8
      vertex 20.072 -5.37308 8
    endloop
  endfacet
  facet normal 0 0 1
    outer loop
      vertex 19.855 5.44164 8
      vertex 19.84 5.4375 8
      vertex 20.072 5.37308 8
    endloop
  endfacet
  facet normal 0 0 1
    outer loop
      vertex 20.072 5.37308 8
      vertex 19.84 5.4375 8
      vertex 20.8606 2.9111 8
    endloop
  endfacet
  facet normal 0 0 1
    outer loop
      vertex 16.4044 9.82729 8
      vertex 13.077 7.54999 8
      vertex 17.1196 9.11102 8
    endloop
  endfacet
  facet normal 0 -0 1
    outer loop
      vertex 21.3771 -1.16054 8
      vertex 21.3771 1.16054 8
      vertex 21.1946 1.30295 8
    endloop
  endfacet
  facet normal 0 0 1
    outer loop
      vertex 22.8144 1.24272 8
      vertex 22.7064 1.25603 8
      vertex 22.8144 -1.24272 8
    endloop
  endfacet
  facet normal -0 0 1
    outer loop
      vertex 21.1946 -1.30295 8
      vertex 21.1998 -1.30327 8
      vertex 21.3771 -1.16054 8
    endloop
  endfacet
  facet normal 0 0 1
    outer loop
      vertex 22.8144 1.24272 8
      vertex 22.8144 -1.24272 8
      vertex 22.9388 -1.22255 8
    endloop
  endfacet
  facet normal 0 -0 1
    outer loop
      vertex 23.2372 -1.15579 8
      vertex 23.2372 1.15579 8
      vertex 23.0797 1.19406 8
    endloop
  endfacet
  facet normal 0 -0 1
    outer loop
      vertex 23.4108 -1.10631 8
      vertex 23.4108 1.10631 8
      vertex 23.2372 1.15579 8
    endloop
  endfacet
  facet normal 0 0 1
    outer loop
      vertex 23.4108 -1.10631 8
      vertex 23.2372 1.15579 8
      vertex 23.2372 -1.15579 8
    endloop
  endfacet
  facet normal 0 0 1
    outer loop
      vertex 23.4108 1.10631 8
      vertex 23.4108 -1.10631 8
      vertex 23.6 -1.04416 8
    endloop
  endfacet
  facet normal 0 0 1
    outer loop
      vertex 23.6 1.04416 8
      vertex 23.6 -1.04416 8
      vertex 23.8042 -0.968063 8
    endloop
  endfacet
  facet normal 0 0 1
    outer loop
      vertex 23.8042 0.968063 8
      vertex 23.8042 -0.968063 8
      vertex 24.0222 -0.876785 8
    endloop
  endfacet
  facet normal 0 0 1
    outer loop
      vertex 23.8042 0.968063 8
      vertex 24.0222 -0.876785 8
      vertex 24.0222 0.876785 8
    endloop
  endfacet
  facet normal 0 0 1
    outer loop
      vertex 24.0222 0.876785 8
      vertex 24.253 -0.769287 8
      vertex 24.253 0.769287 8
    endloop
  endfacet
  facet normal 0 0 1
    outer loop
      vertex 24.253 -0.769287 8
      vertex 24.4952 -0.644684 8
      vertex 24.253 0.769287 8
    endloop
  endfacet
  facet normal 0 -0 1
    outer loop
      vertex 24.4952 -0.644684 8
      vertex 24.4952 0.644684 8
      vertex 24.253 0.769287 8
    endloop
  endfacet
  facet normal 0 0 1
    outer loop
      vertex 24.8993 0 8
      vertex 24.4952 0.644684 8
      vertex 24.4952 -0.644684 8
    endloop
  endfacet
  facet normal 0 0 1
    outer loop
      vertex 24.0222 -0.876785 8
      vertex 24.253 -0.769287 8
      vertex 24.0222 0.876785 8
    endloop
  endfacet
  facet normal 0 0 1
    outer loop
      vertex 24.4952 0.644684 8
      vertex 24.8993 0 8
      vertex 24.7475 0.502258 8
    endloop
  endfacet
  facet normal 0 0 1
    outer loop
      vertex 24.8993 0 8
      vertex 24.8747 0.423782 8
      vertex 24.7475 0.502258 8
    endloop
  endfacet
  facet normal 0 0 1
    outer loop
      vertex 24.8993 0 8
      vertex 24.4952 -0.644684 8
      vertex 24.7475 -0.502258 8
    endloop
  endfacet
  facet normal 0 0 1
    outer loop
      vertex 24.8993 0 8
      vertex 24.7475 -0.502258 8
      vertex 24.8747 -0.423782 8
    endloop
  endfacet
  facet normal 0 0 1
    outer loop
      vertex 23.6 1.04416 8
      vertex 23.8042 -0.968063 8
      vertex 23.8042 0.968063 8
    endloop
  endfacet
  facet normal 0 0 1
    outer loop
      vertex 23.4108 1.10631 8
      vertex 23.6 -1.04416 8
      vertex 23.6 1.04416 8
    endloop
  endfacet
  facet normal 0 0 1
    outer loop
      vertex 23.2372 -1.15579 8
      vertex 23.0797 1.19406 8
      vertex 23.0797 -1.19406 8
    endloop
  endfacet
  facet normal 0 0 1
    outer loop
      vertex 23.0797 1.19406 8
      vertex 22.9388 1.22255 8
      vertex 23.0797 -1.19406 8
    endloop
  endfacet
  facet normal 0 0 1
    outer loop
      vertex 22.9388 1.22255 8
      vertex 22.9388 -1.22255 8
      vertex 23.0797 -1.19406 8
    endloop
  endfacet
  facet normal 0 0 1
    outer loop
      vertex 22.8144 1.24272 8
      vertex 22.9388 -1.22255 8
      vertex 22.9388 1.22255 8
    endloop
  endfacet
  facet normal 0 0 1
    outer loop
      vertex 22.7064 1.25603 8
      vertex 22.7064 -1.25603 8
      vertex 22.8144 -1.24272 8
    endloop
  endfacet
  facet normal 0 0 1
    outer loop
      vertex 22.6145 1.26387 8
      vertex 22.7064 -1.25603 8
      vertex 22.7064 1.25603 8
    endloop
  endfacet
  facet normal 0 0 1
    outer loop
      vertex 22.6145 -1.26387 8
      vertex 22.7064 -1.25603 8
      vertex 22.6145 1.26387 8
    endloop
  endfacet
  facet normal 0 -0 1
    outer loop
      vertex 22.6145 -1.26387 8
      vertex 22.6145 1.26387 8
      vertex 22.5381 1.26755 8
    endloop
  endfacet
  facet normal 0 0 1
    outer loop
      vertex 22.6145 -1.26387 8
      vertex 22.5381 1.26755 8
      vertex 22.5381 -1.26755 8
    endloop
  endfacet
  facet normal 0 0 1
    outer loop
      vertex 22.5381 1.26755 8
      vertex 22.4292 1.2672 8
      vertex 22.5381 -1.26755 8
    endloop
  endfacet
  facet normal 0 0 1
    outer loop
      vertex 22.4292 1.2672 8
      vertex 22.4292 -1.2672 8
      vertex 22.5381 -1.26755 8
    endloop
  endfacet
  facet normal -0 0 1
    outer loop
      vertex 22.2241 1.25221 8
      vertex 22.4292 -1.2672 8
      vertex 22.4292 1.2672 8
    endloop
  endfacet
  facet normal -0 0 1
    outer loop
      vertex 22.2241 -1.25221 8
      vertex 22.4292 -1.2672 8
      vertex 22.2241 1.25221 8
    endloop
  endfacet
  facet normal 0 -0 1
    outer loop
      vertex 22.2241 -1.25221 8
      vertex 22.2241 1.25221 8
      vertex 21.3771 1.16054 8
    endloop
  endfacet
  facet normal 0 0 1
    outer loop
      vertex 22.2241 -1.25221 8
      vertex 21.3771 1.16054 8
      vertex 21.3771 -1.16054 8
    endloop
  endfacet
  facet normal 0 -0 1
    outer loop
      vertex 20.9869 3.11314 8
      vertex 21.7097 3.32576 8
      vertex 20.6787 5.68987 8
    endloop
  endfacet
  facet normal 0 -0 1
    outer loop
      vertex 20.8606 2.9111 8
      vertex 20.9869 3.11314 8
      vertex 20.072 5.37308 8
    endloop
  endfacet
  facet normal 0 0 1
    outer loop
      vertex 21.8568 3.38528 8
      vertex 20.8385 5.7515 8
      vertex 21.7097 3.32576 8
    endloop
  endfacet
  facet normal 0 0 1
    outer loop
      vertex 21.7097 3.32576 8
      vertex 20.8385 5.7515 8
      vertex 20.6787 5.68987 8
    endloop
  endfacet
  facet normal 0 0 1
    outer loop
      vertex 20.9848 5.80367 8
      vertex 20.8385 5.7515 8
      vertex 21.8568 3.38528 8
    endloop
  endfacet
  facet normal 0 0 1
    outer loop
      vertex 22.3428 3.59459 8
      vertex 21.3951 5.91283 8
      vertex 22.2494 3.54134 8
    endloop
  endfacet
  facet normal 0 0 1
    outer loop
      vertex 20.8606 2.9111 8
      vertex 20.8777 2.91348 8
      vertex 20.9869 3.11314 8
    endloop
  endfacet
  facet normal 0 0 1
    outer loop
      vertex 22.0159 6.0005 8
      vertex 21.8376 5.98338 8
      vertex 22.701 3.83824 8
    endloop
  endfacet
  facet normal 0 -0 1
    outer loop
      vertex 23.4773 4.55197 8
      vertex 23.647 4.74094 8
      vertex 22.902 6.0056 8
    endloop
  endfacet
  facet normal 0 -0 1
    outer loop
      vertex 22.45 3.66129 8
      vertex 22.5699 3.74229 8
      vertex 21.6753 5.9624 8
    endloop
  endfacet
  facet normal 0 0 1
    outer loop
      vertex 22.45 3.66129 8
      vertex 21.5281 5.9386 8
      vertex 22.3428 3.59459 8
    endloop
  endfacet
  facet normal 0 -0 1
    outer loop
      vertex 22.5699 3.74229 8
      vertex 22.701 3.83824 8
      vertex 21.8376 5.98338 8
    endloop
  endfacet
  facet normal 0 -0 1
    outer loop
      vertex 22.701 3.83824 8
      vertex 22.8421 3.94962 8
      vertex 22.0159 6.0005 8
    endloop
  endfacet
  facet normal 0 -0 1
    outer loop
      vertex 22.8421 3.94962 8
      vertex 22.9917 4.07668 8
      vertex 22.2109 6.0126 8
    endloop
  endfacet
  facet normal -0 0 1
    outer loop
      vertex 22.2109 6.0126 8
      vertex 23.1483 4.21951 8
      vertex 22.4233 6.01842 8
    endloop
  endfacet
  facet normal 0 0 1
    outer loop
      vertex 22.4233 6.01842 8
      vertex 23.3107 4.37802 8
      vertex 22.6535 6.01659 8
    endloop
  endfacet
  facet normal 0 -0 1
    outer loop
      vertex 23.3107 4.37802 8
      vertex 23.4773 4.55197 8
      vertex 22.6535 6.01659 8
    endloop
  endfacet
  facet normal 0 0 1
    outer loop
      vertex 23.4773 4.55197 8
      vertex 22.902 6.0056 8
      vertex 22.6535 6.01659 8
    endloop
  endfacet
  facet normal 0 0 1
    outer loop
      vertex 23.647 4.74094 8
      vertex 23.1687 5.98392 8
      vertex 22.902 6.0056 8
    endloop
  endfacet
  facet normal 0 0 1
    outer loop
      vertex 22.4233 6.01842 8
      vertex 23.1483 4.21951 8
      vertex 23.3107 4.37802 8
    endloop
  endfacet
  facet normal 0 0 1
    outer loop
      vertex 22.2109 6.0126 8
      vertex 22.9917 4.07668 8
      vertex 23.1483 4.21951 8
    endloop
  endfacet
  facet normal 0 -0 1
    outer loop
      vertex 23.647 4.74094 8
      vertex 23.8184 4.94441 8
      vertex 23.1687 5.98392 8
    endloop
  endfacet
  facet normal 0 0 1
    outer loop
      vertex 23.8184 4.94441 8
      vertex 23.4538 5.94994 8
      vertex 23.1687 5.98392 8
    endloop
  endfacet
  facet normal 0 0 1
    outer loop
      vertex 23.9526 5.11391 8
      vertex 23.4538 5.94994 8
      vertex 23.8184 4.94441 8
    endloop
  endfacet
  facet normal 0 0 1
    outer loop
      vertex 23.6227 5.92323 8
      vertex 23.4538 5.94994 8
      vertex 23.9526 5.11391 8
    endloop
  endfacet
  facet normal -0 0 1
    outer loop
      vertex 22.0159 6.0005 8
      vertex 22.8421 3.94962 8
      vertex 22.2109 6.0126 8
    endloop
  endfacet
  facet normal 0 0 1
    outer loop
      vertex 21.8376 5.98338 8
      vertex 21.6753 5.9624 8
      vertex 22.5699 3.74229 8
    endloop
  endfacet
  facet normal 0 0 1
    outer loop
      vertex 21.6753 5.9624 8
      vertex 21.5281 5.9386 8
      vertex 22.45 3.66129 8
    endloop
  endfacet
  facet normal 0 0 1
    outer loop
      vertex 21.5281 5.9386 8
      vertex 21.3951 5.91283 8
      vertex 22.3428 3.59459 8
    endloop
  endfacet
  facet normal 0 0 1
    outer loop
      vertex 21.3951 5.91283 8
      vertex 22.1709 3.5005 8
      vertex 22.2494 3.54134 8
    endloop
  endfacet
  facet normal -0 0 1
    outer loop
      vertex 21.2752 5.88586 8
      vertex 22.1709 3.5005 8
      vertex 21.3951 5.91283 8
    endloop
  endfacet
  facet normal 0 -0 1
    outer loop
      vertex 22.1081 3.47093 8
      vertex 22.1709 3.5005 8
      vertex 21.2752 5.88586 8
    endloop
  endfacet
  facet normal 0 0 1
    outer loop
      vertex 22.1081 3.47093 8
      vertex 21.2752 5.88586 8
      vertex 22.0325 3.44016 8
    endloop
  endfacet
  facet normal 0 0 1
    outer loop
      vertex 21.2752 5.88586 8
      vertex 21.8568 3.38528 8
      vertex 22.0325 3.44016 8
    endloop
  endfacet
  facet normal -0 0 1
    outer loop
      vertex 21.1676 5.85835 8
      vertex 21.8568 3.38528 8
      vertex 21.2752 5.88586 8
    endloop
  endfacet
  facet normal -0 0 1
    outer loop
      vertex 21.0711 5.83083 8
      vertex 21.8568 3.38528 8
      vertex 21.1676 5.85835 8
    endloop
  endfacet
  facet normal -0 0 1
    outer loop
      vertex 20.072 5.37308 8
      vertex 20.9869 3.11314 8
      vertex 20.6787 5.68987 8
    endloop
  endfacet
  facet normal -0 0 1
    outer loop
      vertex 17.1196 9.11102 8
      vertex 17.3531 9.10828 8
      vertex 17.1256 9.11417 8
    endloop
  endfacet
  facet normal 0 0 1
    outer loop
      vertex 18.9997 6.82816 8
      vertex 17.3531 9.10828 8
      vertex 17.1196 9.11102 8
    endloop
  endfacet
  facet normal 0 -0 1
    outer loop
      vertex 13.077 7.54999 8
      vertex 16.0061 10.1855 8
      vertex 12.2162 8.87555 8
    endloop
  endfacet
  facet normal 0 -0 1
    outer loop
      vertex 18.9997 6.82816 8
      vertex 19.0456 7.05484 8
      vertex 17.3531 9.10828 8
    endloop
  endfacet
  facet normal 0 0 1
    outer loop
      vertex 13.4906 12.225 8
      vertex 12.5347 12.9014 8
      vertex 11.2215 10.1039 8
    endloop
  endfacet
  facet normal 0 0 1
    outer loop
      vertex 17.7248 9.46284 8
      vertex 17.3531 9.10828 8
      vertex 19.0456 7.05484 8
    endloop
  endfacet
  facet normal -0 0 1
    outer loop
      vertex 17.7248 9.46284 8
      vertex 19.0456 7.05484 8
      vertex 17.8698 9.55385 8
    endloop
  endfacet
  facet normal 0 0 1
    outer loop
      vertex 19.7021 7.51756 8
      vertex 18.2794 9.79288 8
      vertex 18.0646 9.67198 8
    endloop
  endfacet
  facet normal 0 -0 1
    outer loop
      vertex 19.0456 7.05484 8
      vertex 19.7021 7.51756 8
      vertex 17.8698 9.55385 8
    endloop
  endfacet
  facet normal 0 0 1
    outer loop
      vertex 20.1469 7.95879 8
      vertex 18.5206 9.91747 8
      vertex 20.0697 7.86655 8
    endloop
  endfacet
  facet normal 0 0 1
    outer loop
      vertex 20.5123 8.47028 8
      vertex 19.2887 10.2433 8
      vertex 19.1123 10.1772 8
    endloop
  endfacet
  facet normal 0 0 1
    outer loop
      vertex 18.9997 6.82816 8
      vertex 19.0066 6.83064 8
      vertex 19.0456 7.05484 8
    endloop
  endfacet
  facet normal -0 0 1
    outer loop
      vertex 20.1402 10.4987 8
      vertex 20.9282 10.2868 8
      vertex 20.3946 10.5567 8
    endloop
  endfacet
  facet normal 0 0 1
    outer loop
      vertex 20.4148 8.32188 8
      vertex 19.1123 10.1772 8
      vertex 18.9483 10.1113 8
    endloop
  endfacet
  facet normal 0 0 1
    outer loop
      vertex 20.4148 8.32188 8
      vertex 18.9483 10.1113 8
      vertex 20.3206 8.18684 8
    endloop
  endfacet
  facet normal 0 0 1
    outer loop
      vertex 19.1123 10.1772 8
      vertex 20.4148 8.32188 8
      vertex 20.5123 8.47028 8
    endloop
  endfacet
  facet normal 0 0 1
    outer loop
      vertex 19.2887 10.2433 8
      vertex 20.5123 8.47028 8
      vertex 20.6121 8.63136 8
    endloop
  endfacet
  facet normal 0 0 1
    outer loop
      vertex 19.4787 10.3091 8
      vertex 19.2887 10.2433 8
      vertex 20.7133 8.80443 8
    endloop
  endfacet
  facet normal 0 0 1
    outer loop
      vertex 19.6832 10.374 8
      vertex 19.4787 10.3091 8
      vertex 20.8152 8.98875 8
    endloop
  endfacet
  facet normal 0 0 1
    outer loop
      vertex 19.6832 10.374 8
      vertex 20.8152 8.98875 8
      vertex 20.9171 9.1835 8
    endloop
  endfacet
  facet normal 0 0 1
    outer loop
      vertex 19.4787 10.3091 8
      vertex 20.7133 8.80443 8
      vertex 20.8152 8.98875 8
    endloop
  endfacet
  facet normal 0 0 1
    outer loop
      vertex 20.9171 9.1835 8
      vertex 19.9034 10.4375 8
      vertex 19.6832 10.374 8
    endloop
  endfacet
  facet normal 0 0 1
    outer loop
      vertex 21.0181 9.38785 8
      vertex 19.9034 10.4375 8
      vertex 20.9171 9.1835 8
    endloop
  endfacet
  facet normal 0 0 1
    outer loop
      vertex 20.1402 10.4987 8
      vertex 19.9034 10.4375 8
      vertex 21.0181 9.38785 8
    endloop
  endfacet
  facet normal 0 0 1
    outer loop
      vertex 20.1402 10.4987 8
      vertex 21.0181 9.38785 8
      vertex 20.9282 10.2868 8
    endloop
  endfacet
  facet normal 0 0 1
    outer loop
      vertex 20.9282 10.2868 8
      vertex 20.6465 10.6063 8
      vertex 20.3946 10.5567 8
    endloop
  endfacet
  facet normal 0 0 1
    outer loop
      vertex 21.1179 9.60092 8
      vertex 20.9282 10.2868 8
      vertex 21.0181 9.38785 8
    endloop
  endfacet
  facet normal 0 0 1
    outer loop
      vertex 21.2398 9.87889 8
      vertex 20.9282 10.2868 8
      vertex 21.1179 9.60092 8
    endloop
  endfacet
  facet normal 0 0 1
    outer loop
      vertex 20.7133 8.80443 8
      vertex 19.2887 10.2433 8
      vertex 20.6121 8.63136 8
    endloop
  endfacet
  facet normal -0 0 1
    outer loop
      vertex 18.7957 10.0458 8
      vertex 20.3206 8.18684 8
      vertex 18.9483 10.1113 8
    endloop
  endfacet
  facet normal 0 -0 1
    outer loop
      vertex 20.2309 8.06566 8
      vertex 20.3206 8.18684 8
      vertex 18.7957 10.0458 8
    endloop
  endfacet
  facet normal 0 0 1
    outer loop
      vertex 20.2309 8.06566 8
      vertex 18.7957 10.0458 8
      vertex 18.6535 9.9812 8
    endloop
  endfacet
  facet normal 0 0 1
    outer loop
      vertex 20.2309 8.06566 8
      vertex 18.6535 9.9812 8
      vertex 20.1469 7.95879 8
    endloop
  endfacet
  facet normal 0 0 1
    outer loop
      vertex 18.6535 9.9812 8
      vertex 18.5206 9.91747 8
      vertex 20.1469 7.95879 8
    endloop
  endfacet
  facet normal 0 0 1
    outer loop
      vertex 18.5206 9.91747 8
      vertex 18.3962 9.85469 8
      vertex 20.0697 7.86655 8
    endloop
  endfacet
  facet normal 0 0 1
    outer loop
      vertex 18.3962 9.85469 8
      vertex 20.0007 7.78915 8
      vertex 20.0697 7.86655 8
    endloop
  endfacet
  facet normal 0 -0 1
    outer loop
      vertex 19.9412 7.72664 8
      vertex 20.0007 7.78915 8
      vertex 18.3962 9.85469 8
    endloop
  endfacet
  facet normal 0 0 1
    outer loop
      vertex 19.9412 7.72664 8
      vertex 18.3962 9.85469 8
      vertex 19.8566 7.64571 8
    endloop
  endfacet
  facet normal 0 0 1
    outer loop
      vertex 18.3962 9.85469 8
      vertex 18.2794 9.79288 8
      vertex 19.8566 7.64571 8
    endloop
  endfacet
  facet normal 0 0 1
    outer loop
      vertex 18.2794 9.79288 8
      vertex 19.7021 7.51756 8
      vertex 19.8566 7.64571 8
    endloop
  endfacet
  facet normal 0 0 1
    outer loop
      vertex 12.5347 12.9014 8
      vertex 10.1039 11.2215 8
      vertex 11.2215 10.1039 8
    endloop
  endfacet
  facet normal 0 0 1
    outer loop
      vertex 12.2674 13.2775 8
      vertex 8.87555 12.2162 8
      vertex 10.1039 11.2215 8
    endloop
  endfacet
  facet normal -0 0 1
    outer loop
      vertex 13.4906 12.225 8
      vertex 16.0061 10.1855 8
      vertex 13.7164 12.2601 8
    endloop
  endfacet
  facet normal 0 0 1
    outer loop
      vertex 14.77 -3.13947 8
      vertex 14.3609 -4.66615 8
      vertex 19.5901 -5.91245 8
    endloop
  endfacet
  facet normal 0 0 1
    outer loop
      vertex 8.45418 15.4402 8
      vertex 7.54999 13.077 8
      vertex 9.39795 14.8915 8
    endloop
  endfacet
  facet normal 0 0 1
    outer loop
      vertex 13.9458 12.5727 8
      vertex 13.7164 12.2601 8
      vertex 16.0006 10.4173 8
    endloop
  endfacet
  facet normal 0 0 1
    outer loop
      vertex 16.0006 10.4173 8
      vertex 14.3008 12.8504 8
      vertex 13.9458 12.5727 8
    endloop
  endfacet
  facet normal 0 0 1
    outer loop
      vertex 13.7945 -6.14171 8
      vertex 17.1196 -9.11102 8
      vertex 18.9997 -6.82816 8
    endloop
  endfacet
  facet normal 0 0 1
    outer loop
      vertex 7.54999 13.077 8
      vertex 8.45418 15.4402 8
      vertex 8.19688 15.5836 8
    endloop
  endfacet
  facet normal -0 0 1
    outer loop
      vertex 13.077 -7.54999 8
      vertex 17.1196 -9.11102 8
      vertex 13.7945 -6.14171 8
    endloop
  endfacet
  facet normal 0 0 1
    outer loop
      vertex 14.7789 13.2012 8
      vertex 14.5328 13.0243 8
      vertex 16.6877 11.3466 8
    endloop
  endfacet
  facet normal -0 0 1
    outer loop
      vertex 15.3307 13.5687 8
      vertex 17.1058 12.3548 8
      vertex 15.4851 13.6643 8
    endloop
  endfacet
  facet normal 0 -0 1
    outer loop
      vertex 16.0061 10.1855 8
      vertex 16.0132 10.19 8
      vertex 16.0006 10.4173 8
    endloop
  endfacet
  facet normal 0 0 1
    outer loop
      vertex 17.2267 12.7195 8
      vertex 15.8198 13.8609 8
      vertex 15.6478 13.7617 8
    endloop
  endfacet
  facet normal 0 0 1
    outer loop
      vertex 16.9211 11.8637 8
      vertex 15.0431 13.3822 8
      vertex 16.8602 11.718 8
    endloop
  endfacet
  facet normal 0 0 1
    outer loop
      vertex 16.9826 12.0189 8
      vertex 15.1836 13.4747 8
      vertex 16.9211 11.8637 8
    endloop
  endfacet
  facet normal 0 0 1
    outer loop
      vertex 15.3307 13.5687 8
      vertex 15.1836 13.4747 8
      vertex 16.9826 12.0189 8
    endloop
  endfacet
  facet normal 0 0 1
    outer loop
      vertex 17.1058 12.3548 8
      vertex 15.3307 13.5687 8
      vertex 17.0444 12.1828 8
    endloop
  endfacet
  facet normal 0 0 1
    outer loop
      vertex 17.1667 12.534 8
      vertex 15.6478 13.7617 8
      vertex 15.4851 13.6643 8
    endloop
  endfacet
  facet normal 0 0 1
    outer loop
      vertex 17.2267 12.7195 8
      vertex 15.6478 13.7617 8
      vertex 17.1667 12.534 8
    endloop
  endfacet
  facet normal 0 0 1
    outer loop
      vertex 17.2855 12.9106 8
      vertex 15.8198 13.8609 8
      vertex 17.2267 12.7195 8
    endloop
  endfacet
  facet normal 0 0 1
    outer loop
      vertex 16.0019 13.9617 8
      vertex 15.8198 13.8609 8
      vertex 17.2855 12.9106 8
    endloop
  endfacet
  facet normal 0 0 1
    outer loop
      vertex 16.0019 13.9617 8
      vertex 17.2855 12.9106 8
      vertex 17.3431 13.1066 8
    endloop
  endfacet
  facet normal -0 0 1
    outer loop
      vertex 16.0019 13.9617 8
      vertex 17.3431 13.1066 8
      vertex 16.1951 14.0644 8
    endloop
  endfacet
  facet normal 0 -0 1
    outer loop
      vertex 17.3431 13.1066 8
      vertex 17.3992 13.3068 8
      vertex 16.1951 14.0644 8
    endloop
  endfacet
  facet normal 0 0 1
    outer loop
      vertex 16.6192 14.2741 8
      vertex 16.7504 14.299 8
      vertex 16.7216 14.3209 8
    endloop
  endfacet
  facet normal 0 0 1
    outer loop
      vertex 16.4005 14.1686 8
      vertex 16.1951 14.0644 8
      vertex 17.3992 13.3068 8
    endloop
  endfacet
  facet normal 0 0 1
    outer loop
      vertex 16.4005 14.1686 8
      vertex 17.3992 13.3068 8
      vertex 17.4538 13.5107 8
    endloop
  endfacet
  facet normal -0 0 1
    outer loop
      vertex 16.4005 14.1686 8
      vertex 17.4538 13.5107 8
      vertex 16.6192 14.2741 8
    endloop
  endfacet
  facet normal 0 0 1
    outer loop
      vertex 17.4538 13.5107 8
      vertex 16.7504 14.299 8
      vertex 16.6192 14.2741 8
    endloop
  endfacet
  facet normal 0 0 1
    outer loop
      vertex 17.4985 13.6855 8
      vertex 16.7504 14.299 8
      vertex 17.4538 13.5107 8
    endloop
  endfacet
  facet normal 0 -0 1
    outer loop
      vertex 17.1058 12.3548 8
      vertex 17.1667 12.534 8
      vertex 15.4851 13.6643 8
    endloop
  endfacet
  facet normal 0 -0 1
    outer loop
      vertex 16.9826 12.0189 8
      vertex 17.0444 12.1828 8
      vertex 15.3307 13.5687 8
    endloop
  endfacet
  facet normal -0 0 1
    outer loop
      vertex 15.0431 13.3822 8
      vertex 16.9211 11.8637 8
      vertex 15.1836 13.4747 8
    endloop
  endfacet
  facet normal -0 0 1
    outer loop
      vertex 14.7789 13.2012 8
      vertex 16.8602 11.718 8
      vertex 15.0431 13.3822 8
    endloop
  endfacet
  facet normal 0 -0 1
    outer loop
      vertex 16.8006 11.5828 8
      vertex 16.8602 11.718 8
      vertex 14.7789 13.2012 8
    endloop
  endfacet
  facet normal 0 0 1
    outer loop
      vertex 16.8006 11.5828 8
      vertex 14.7789 13.2012 8
      vertex 16.7429 11.4587 8
    endloop
  endfacet
  facet normal 0 0 1
    outer loop
      vertex 14.7789 13.2012 8
      vertex 16.6877 11.3466 8
      vertex 16.7429 11.4587 8
    endloop
  endfacet
  facet normal 0 0 1
    outer loop
      vertex 14.5328 13.0243 8
      vertex 16.636 11.2472 8
      vertex 16.6877 11.3466 8
    endloop
  endfacet
  facet normal 0 -0 1
    outer loop
      vertex 16.5887 11.161 8
      vertex 16.636 11.2472 8
      vertex 14.5328 13.0243 8
    endloop
  endfacet
  facet normal 0 0 1
    outer loop
      vertex 16.5887 11.161 8
      vertex 14.5328 13.0243 8
      vertex 16.5466 11.0888 8
    endloop
  endfacet
  facet normal 0 0 1
    outer loop
      vertex 14.5328 13.0243 8
      vertex 14.3008 12.8504 8
      vertex 16.5466 11.0888 8
    endloop
  endfacet
  facet normal 0 0 1
    outer loop
      vertex 14.3008 12.8504 8
      vertex 16.4193 10.8864 8
      vertex 16.5466 11.0888 8
    endloop
  endfacet
  facet normal 0 -0 1
    outer loop
      vertex 16.0006 10.4173 8
      vertex 16.4193 10.8864 8
      vertex 14.3008 12.8504 8
    endloop
  endfacet
  facet normal 0 -0 1
    outer loop
      vertex 6.14171 13.7945 8
      vertex 8.13617 15.8046 8
      vertex 5.36493 17.2626 8
    endloop
  endfacet
  facet normal 0 0 1
    outer loop
      vertex 9.61908 14.9484 8
      vertex 9.39795 14.8915 8
      vertex 8.87555 12.2162 8
    endloop
  endfacet
  facet normal 0 0 1
    outer loop
      vertex 16.4044 -9.82729 8
      vertex 13.077 -7.54999 8
      vertex 16.0061 -10.1855 8
    endloop
  endfacet
  facet normal -0 0 1
    outer loop
      vertex 9.61908 14.9484 8
      vertex 12.2674 13.2775 8
      vertex 10.0332 15.4738 8
    endloop
  endfacet
  facet normal 0 0 1
    outer loop
      vertex 5.14909 17.187 8
      vertex 3.13947 14.77 8
      vertex 4.66615 14.3609 8
    endloop
  endfacet
  facet normal -0 0 1
    outer loop
      vertex 9.8075 15.2652 8
      vertex 9.61908 14.9484 8
      vertex 10.0332 15.4738 8
    endloop
  endfacet
  facet normal 0 0 1
    outer loop
      vertex 12.7806 14.4298 8
      vertex 10.4796 15.8673 8
      vertex 12.7003 14.161 8
    endloop
  endfacet
  facet normal 0 -0 1
    outer loop
      vertex 12.9426 15.0512 8
      vertex 13.0209 15.3932 8
      vertex 11.2597 16.5041 8
    endloop
  endfacet
  facet normal 0 -0 1
    outer loop
      vertex 12.3091 13.052 8
      vertex 12.3111 13.0541 8
      vertex 12.2674 13.2775 8
    endloop
  endfacet
  facet normal -0 0 1
    outer loop
      vertex 11.2597 16.5041 8
      vertex 13.0964 15.7509 8
      vertex 11.5516 16.7273 8
    endloop
  endfacet
  facet normal 0 0 1
    outer loop
      vertex 12.2674 13.2775 8
      vertex 12.5291 13.6669 8
      vertex 12.6236 13.9285 8
    endloop
  endfacet
  facet normal -0 0 1
    outer loop
      vertex 10.7255 16.0745 8
      vertex 12.862 14.7285 8
      vertex 10.9853 16.2868 8
    endloop
  endfacet
  facet normal 0 -0 1
    outer loop
      vertex 13.0964 15.7509 8
      vertex 13.1686 16.1223 8
      vertex 11.5516 16.7273 8
    endloop
  endfacet
  facet normal 0 0 1
    outer loop
      vertex 13.1686 16.1223 8
      vertex 11.8649 16.9578 8
      vertex 11.5516 16.7273 8
    endloop
  endfacet
  facet normal 0 0 1
    outer loop
      vertex 12.0312 17.0764 8
      vertex 11.8649 16.9578 8
      vertex 13.1686 16.1223 8
    endloop
  endfacet
  facet normal 0 0 1
    outer loop
      vertex 12.0312 17.0764 8
      vertex 13.1686 16.1223 8
      vertex 13.2376 16.5074 8
    endloop
  endfacet
  facet normal -0 0 1
    outer loop
      vertex 12.0312 17.0764 8
      vertex 13.2376 16.5074 8
      vertex 12.205 17.1973 8
    endloop
  endfacet
  facet normal 0 -0 1
    outer loop
      vertex 13.2376 16.5074 8
      vertex 13.2775 16.7509 8
      vertex 12.205 17.1973 8
    endloop
  endfacet
  facet normal 0 0 1
    outer loop
      vertex 13.2775 16.7509 8
      vertex 12.3826 17.3177 8
      vertex 12.205 17.1973 8
    endloop
  endfacet
  facet normal 0 -0 1
    outer loop
      vertex 13.0209 15.3932 8
      vertex 13.0964 15.7509 8
      vertex 11.2597 16.5041 8
    endloop
  endfacet
  facet normal 0 0 1
    outer loop
      vertex 12.9426 15.0512 8
      vertex 11.2597 16.5041 8
      vertex 10.9853 16.2868 8
    endloop
  endfacet
  facet normal 0 0 1
    outer loop
      vertex 12.9426 15.0512 8
      vertex 10.9853 16.2868 8
      vertex 12.862 14.7285 8
    endloop
  endfacet
  facet normal 0 0 1
    outer loop
      vertex 12.862 14.7285 8
      vertex 10.7255 16.0745 8
      vertex 12.7806 14.4298 8
    endloop
  endfacet
  facet normal 0 0 1
    outer loop
      vertex 10.7255 16.0745 8
      vertex 10.4796 15.8673 8
      vertex 12.7806 14.4298 8
    endloop
  endfacet
  facet normal 0 0 1
    outer loop
      vertex 10.4796 15.8673 8
      vertex 10.2481 15.6664 8
      vertex 12.7003 14.161 8
    endloop
  endfacet
  facet normal 0 0 1
    outer loop
      vertex 10.2481 15.6664 8
      vertex 12.6236 13.9285 8
      vertex 12.7003 14.161 8
    endloop
  endfacet
  facet normal -0 0 1
    outer loop
      vertex 10.0332 15.4738 8
      vertex 12.6236 13.9285 8
      vertex 10.2481 15.6664 8
    endloop
  endfacet
  facet normal 0 -0 1
    outer loop
      vertex 12.2674 13.2775 8
      vertex 12.6236 13.9285 8
      vertex 10.0332 15.4738 8
    endloop
  endfacet
  facet normal 0 0 1
    outer loop
      vertex 0 15.1 8
      vertex 0.818085 18.9598 8
      vertex 0.708801 18.9973 8
    endloop
  endfacet
  facet normal -0 -0 1
    outer loop
      vertex -17.5965 0.693146 8
      vertex -17.5936 0.693039 8
      vertex -17.7552 0.85614 8
    endloop
  endfacet
  facet normal 0 0 1
    outer loop
      vertex -17.3288 5.5695 8
      vertex -17.4069 4.80888 8
      vertex -14.3609 4.66615 8
    endloop
  endfacet
  facet normal 0 0 1
    outer loop
      vertex 5.14909 17.187 8
      vertex 5.36493 17.2626 8
      vertex 5.14964 17.1888 8
    endloop
  endfacet
  facet normal 0 0 1
    outer loop
      vertex -17.4069 4.80888 8
      vertex -17.4566 4.13368 8
      vertex -14.3609 4.66615 8
    endloop
  endfacet
  facet normal -0 0 1
    outer loop
      vertex 4.66615 14.3609 8
      vertex 6.14171 13.7945 8
      vertex 5.36493 17.2626 8
    endloop
  endfacet
  facet normal 0 0 1
    outer loop
      vertex -12.2162 8.87555 8
      vertex -16.6117 9.70027 8
      vertex -13.077 7.54999 8
    endloop
  endfacet
  facet normal 0 0 1
    outer loop
      vertex 8.50171 17.0092 8
      vertex 6.10625 18.2833 8
      vertex 5.91365 18.0793 8
    endloop
  endfacet
  facet normal 0 0 1
    outer loop
      vertex 7.0925 19.2172 8
      vertex 8.66312 18.0033 8
      vertex 8.71051 18.3676 8
    endloop
  endfacet
  facet normal 0 -0 1
    outer loop
      vertex 8.19688 15.5836 8
      vertex 8.19794 15.5856 8
      vertex 8.13617 15.8046 8
    endloop
  endfacet
  facet normal -0 0 1
    outer loop
      vertex 7.0925 19.2172 8
      vertex 8.71051 18.3676 8
      vertex 7.37801 19.4655 8
    endloop
  endfacet
  facet normal 0 0 1
    outer loop
      vertex 8.13617 15.8046 8
      vertex 8.3163 16.1261 8
      vertex 8.38406 16.4259 8
    endloop
  endfacet
  facet normal 0 0 1
    outer loop
      vertex 6.32422 18.5031 8
      vertex 8.55817 17.3258 8
      vertex 8.61214 17.6569 8
    endloop
  endfacet
  facet normal 0 -0 1
    outer loop
      vertex 8.71051 18.3676 8
      vertex 8.75346 18.7542 8
      vertex 7.37801 19.4655 8
    endloop
  endfacet
  facet normal 0 -0 1
    outer loop
      vertex 8.75346 18.7542 8
      vertex 8.77296 18.9575 8
      vertex 7.37801 19.4655 8
    endloop
  endfacet
  facet normal 0 0 1
    outer loop
      vertex 7.86852 19.8745 8
      vertex 7.67703 19.7178 8
      vertex 8.01471 19.8008 8
    endloop
  endfacet
  facet normal 0 0 1
    outer loop
      vertex 7.67703 19.7178 8
      vertex 7.37801 19.4655 8
      vertex 8.77296 18.9575 8
    endloop
  endfacet
  facet normal -0 0 1
    outer loop
      vertex 7.67703 19.7178 8
      vertex 8.77296 18.9575 8
      vertex 8.01471 19.8008 8
    endloop
  endfacet
  facet normal 0 -0 1
    outer loop
      vertex 8.77296 18.9575 8
      vertex 8.79079 19.1685 8
      vertex 8.01471 19.8008 8
    endloop
  endfacet
  facet normal 0 -0 1
    outer loop
      vertex 8.79079 19.1685 8
      vertex 8.80611 19.38 8
      vertex 8.01471 19.8008 8
    endloop
  endfacet
  facet normal -0 0 1
    outer loop
      vertex 6.82047 18.9731 8
      vertex 8.66312 18.0033 8
      vertex 7.0925 19.2172 8
    endloop
  endfacet
  facet normal -0 0 1
    outer loop
      vertex 6.56348 18.7342 8
      vertex 8.66312 18.0033 8
      vertex 6.82047 18.9731 8
    endloop
  endfacet
  facet normal 0 -0 1
    outer loop
      vertex 8.61214 17.6569 8
      vertex 8.66312 18.0033 8
      vertex 6.56348 18.7342 8
    endloop
  endfacet
  facet normal 0 0 1
    outer loop
      vertex 8.61214 17.6569 8
      vertex 6.56348 18.7342 8
      vertex 6.32422 18.5031 8
    endloop
  endfacet
  facet normal 0 -0 1
    outer loop
      vertex 8.50171 17.0092 8
      vertex 8.55817 17.3258 8
      vertex 6.10625 18.2833 8
    endloop
  endfacet
  facet normal 0 -0 1
    outer loop
      vertex 8.44341 16.7083 8
      vertex 8.50171 17.0092 8
      vertex 5.91365 18.0793 8
    endloop
  endfacet
  facet normal 0 0 1
    outer loop
      vertex 8.44341 16.7083 8
      vertex 5.91365 18.0793 8
      vertex 5.75061 17.8965 8
    endloop
  endfacet
  facet normal 0 0 1
    outer loop
      vertex 8.44341 16.7083 8
      vertex 5.75061 17.8965 8
      vertex 8.38406 16.4259 8
    endloop
  endfacet
  facet normal 0 0 1
    outer loop
      vertex 5.75061 17.8965 8
      vertex 5.57133 17.6839 8
      vertex 5.36493 17.2626 8
    endloop
  endfacet
  facet normal 0 0 1
    outer loop
      vertex 5.75061 17.8965 8
      vertex 5.36493 17.2626 8
      vertex 8.38406 16.4259 8
    endloop
  endfacet
  facet normal 0 0 1
    outer loop
      vertex 5.36493 17.2626 8
      vertex 8.13617 15.8046 8
      vertex 8.38406 16.4259 8
    endloop
  endfacet
  facet normal -0 0 1
    outer loop
      vertex 5.14909 17.187 8
      vertex 4.66615 14.3609 8
      vertex 5.36493 17.2626 8
    endloop
  endfacet
  facet normal -0 0 1
    outer loop
      vertex -12.9529 16.6122 8
      vertex -8.87555 12.2162 8
      vertex -12.3088 17.2367 8
    endloop
  endfacet
  facet normal 0 0 1
    outer loop
      vertex -16.6117 9.70027 8
      vertex -16.8256 8.76978 8
      vertex -13.077 7.54999 8
    endloop
  endfacet
  facet normal 0 0 1
    outer loop
      vertex -14.7018 14.3721 8
      vertex -15.3113 13.2642 8
      vertex -11.2215 10.1039 8
    endloop
  endfacet
  facet normal -0 0 1
    outer loop
      vertex -16.447 10.2685 8
      vertex -12.2162 8.87555 8
      vertex -15.412 13.0391 8
    endloop
  endfacet
  facet normal 0 0 1
    outer loop
      vertex 4.06783 19.7188 8
      vertex 1.71802 20.4604 8
      vertex 4.05618 19.5567 8
    endloop
  endfacet
  facet normal 0 0 1
    outer loop
      vertex 0.818085 18.9598 8
      vertex 3.84113 17.7923 8
      vertex 3.75934 18.0088 8
    endloop
  endfacet
  facet normal 0 0 1
    outer loop
      vertex 1.81371 20.5859 8
      vertex 1.71802 20.4604 8
      vertex 4.06783 19.7188 8
    endloop
  endfacet
  facet normal 0 0 1
    outer loop
      vertex 3.75934 18.0088 8
      vertex 3.84113 17.7923 8
      vertex 3.8421 17.7968 8
    endloop
  endfacet
  facet normal 0 0 1
    outer loop
      vertex 3.14412 21.9883 8
      vertex 4.05212 21.5297 8
      vertex 4.04199 21.6361 8
    endloop
  endfacet
  facet normal 0 0 1
    outer loop
      vertex 4.09407 20.4323 8
      vertex 2.40202 21.2785 8
      vertex 2.27141 21.1338 8
    endloop
  endfacet
  facet normal 0 0 1
    outer loop
      vertex 3.75934 18.0088 8
      vertex 3.91541 18.3638 8
      vertex 3.95973 18.6703 8
    endloop
  endfacet
  facet normal -0 0 1
    outer loop
      vertex 1.91733 20.7168 8
      vertex 4.08546 20.0611 8
      vertex 2.02846 20.8523 8
    endloop
  endfacet
  facet normal 0 0 1
    outer loop
      vertex 4.09393 20.6308 8
      vertex 2.40202 21.2785 8
      vertex 4.09407 20.4323 8
    endloop
  endfacet
  facet normal 0 0 1
    outer loop
      vertex 2.53812 21.425 8
      vertex 2.40202 21.2785 8
      vertex 4.09393 20.6308 8
    endloop
  endfacet
  facet normal 0 0 1
    outer loop
      vertex 2.53812 21.425 8
      vertex 4.09393 20.6308 8
      vertex 4.09026 20.8389 8
    endloop
  endfacet
  facet normal -0 0 1
    outer loop
      vertex 2.53812 21.425 8
      vertex 4.09026 20.8389 8
      vertex 2.67912 21.5728 8
    endloop
  endfacet
  facet normal 0 0 1
    outer loop
      vertex 4.09026 20.8389 8
      vertex 4.08255 21.0576 8
      vertex 2.67912 21.5728 8
    endloop
  endfacet
  facet normal 0 0 1
    outer loop
      vertex 4.08255 21.0576 8
      vertex 2.82445 21.7216 8
      vertex 2.67912 21.5728 8
    endloop
  endfacet
  facet normal 0 0 1
    outer loop
      vertex 2.97371 21.8707 8
      vertex 3.14412 21.9883 8
      vertex 3.10699 22.0011 8
    endloop
  endfacet
  facet normal 0 0 1
    outer loop
      vertex 2.82445 21.7216 8
      vertex 4.08255 21.0576 8
      vertex 4.07008 21.2876 8
    endloop
  endfacet
  facet normal -0 0 1
    outer loop
      vertex 2.82445 21.7216 8
      vertex 4.07008 21.2876 8
      vertex 2.97371 21.8707 8
    endloop
  endfacet
  facet normal 0 0 1
    outer loop
      vertex 4.07008 21.2876 8
      vertex 4.05212 21.5297 8
      vertex 2.97371 21.8707 8
    endloop
  endfacet
  facet normal -0 0 1
    outer loop
      vertex 2.97371 21.8707 8
      vertex 4.05212 21.5297 8
      vertex 3.14412 21.9883 8
    endloop
  endfacet
  facet normal 0 -0 1
    outer loop
      vertex 4.09111 20.2427 8
      vertex 4.09407 20.4323 8
      vertex 2.27141 21.1338 8
    endloop
  endfacet
  facet normal 0 0 1
    outer loop
      vertex 4.09111 20.2427 8
      vertex 2.27141 21.1338 8
      vertex 2.1467 20.9915 8
    endloop
  endfacet
  facet normal 0 0 1
    outer loop
      vertex 4.09111 20.2427 8
      vertex 2.1467 20.9915 8
      vertex 4.08546 20.0611 8
    endloop
  endfacet
  facet normal 0 0 1
    outer loop
      vertex 2.1467 20.9915 8
      vertex 2.02846 20.8523 8
      vertex 4.08546 20.0611 8
    endloop
  endfacet
  facet normal 0 0 1
    outer loop
      vertex 4.08546 20.0611 8
      vertex 1.91733 20.7168 8
      vertex 4.07767 19.8867 8
    endloop
  endfacet
  facet normal 0 0 1
    outer loop
      vertex 1.91733 20.7168 8
      vertex 1.81371 20.5859 8
      vertex 4.07767 19.8867 8
    endloop
  endfacet
  facet normal 0 0 1
    outer loop
      vertex 1.81371 20.5859 8
      vertex 4.06783 19.7188 8
      vertex 4.07767 19.8867 8
    endloop
  endfacet
  facet normal 0 0 1
    outer loop
      vertex 1.71802 20.4604 8
      vertex 1.63071 20.3412 8
      vertex 4.05618 19.5567 8
    endloop
  endfacet
  facet normal 0 0 1
    outer loop
      vertex 1.63071 20.3412 8
      vertex 4.02867 19.2468 8
      vertex 4.05618 19.5567 8
    endloop
  endfacet
  facet normal -0 0 1
    outer loop
      vertex 1.55209 20.2291 8
      vertex 4.02867 19.2468 8
      vertex 1.63071 20.3412 8
    endloop
  endfacet
  facet normal -0 0 1
    outer loop
      vertex 1.4826 20.1253 8
      vertex 4.02867 19.2468 8
      vertex 1.55209 20.2291 8
    endloop
  endfacet
  facet normal -0 0 1
    outer loop
      vertex 1.42233 20.0308 8
      vertex 4.02867 19.2468 8
      vertex 1.4826 20.1253 8
    endloop
  endfacet
  facet normal 0 -0 1
    outer loop
      vertex 3.99622 18.9525 8
      vertex 4.02867 19.2468 8
      vertex 1.42233 20.0308 8
    endloop
  endfacet
  facet normal 0 0 1
    outer loop
      vertex 3.99622 18.9525 8
      vertex 1.42233 20.0308 8
      vertex 1.37138 19.9467 8
    endloop
  endfacet
  facet normal 0 0 1
    outer loop
      vertex 3.99622 18.9525 8
      vertex 1.37138 19.9467 8
      vertex 1.29755 19.8145 8
    endloop
  endfacet
  facet normal 0 0 1
    outer loop
      vertex 3.99622 18.9525 8
      vertex 1.29755 19.8145 8
      vertex 1.21823 19.6627 8
    endloop
  endfacet
  facet normal 0 0 1
    outer loop
      vertex 3.99622 18.9525 8
      vertex 1.21823 19.6627 8
      vertex 3.95973 18.6703 8
    endloop
  endfacet
  facet normal 0 0 1
    outer loop
      vertex 1.21823 19.6627 8
      vertex 1.02133 19.0655 8
      vertex 3.95973 18.6703 8
    endloop
  endfacet
  facet normal 0 0 1
    outer loop
      vertex 1.02133 19.0655 8
      vertex 3.75934 18.0088 8
      vertex 3.95973 18.6703 8
    endloop
  endfacet
  facet normal -0 0 1
    outer loop
      vertex 0.818085 18.9598 8
      vertex 3.75934 18.0088 8
      vertex 1.02133 19.0655 8
    endloop
  endfacet
  facet normal 0 0 1
    outer loop
      vertex 0.818085 18.9598 8
      vertex 1.02133 19.0655 8
      vertex 0.818222 18.9629 8
    endloop
  endfacet
  facet normal 0 0 1
    outer loop
      vertex -4.66615 14.3609 8
      vertex -3.13947 14.77 8
      vertex -4.25314 19.913 8
    endloop
  endfacet
  facet normal 0 0 1
    outer loop
      vertex -5.21193 19.9044 8
      vertex -7.91391 19.533 8
      vertex -4.66615 14.3609 8
    endloop
  endfacet
  facet normal 0 0 1
    outer loop
      vertex -5.21193 19.9044 8
      vertex -7.79736 19.7317 8
      vertex -7.91391 19.533 8
    endloop
  endfacet
  facet normal 0 0 1
    outer loop
      vertex -7.79736 19.7317 8
      vertex -7.91568 19.5373 8
      vertex -7.91391 19.533 8
    endloop
  endfacet
  facet normal 0 -0 1
    outer loop
      vertex -11.2215 10.1039 8
      vertex -10.1039 11.2215 8
      vertex -14.7018 14.3721 8
    endloop
  endfacet
  facet normal 0 0 1
    outer loop
      vertex -0.663696 20.8589 8
      vertex -3.2222 21.3141 8
      vertex -3.25471 21.2157 8
    endloop
  endfacet
  facet normal 0 0 1
    outer loop
      vertex -0.671524 20.9981 8
      vertex -3.18091 21.4271 8
      vertex -3.2222 21.3141 8
    endloop
  endfacet
  facet normal 0 0 1
    outer loop
      vertex -0.788528 19.5823 8
      vertex -0.669479 19.3828 8
      vertex -0.669662 19.3883 8
    endloop
  endfacet
  facet normal -0 0 1
    outer loop
      vertex -3.0703 21.6916 8
      vertex -0.717514 21.4653 8
      vertex -3.00041 21.8407 8
    endloop
  endfacet
  facet normal 0 0 1
    outer loop
      vertex -0.742416 21.6403 8
      vertex -0.773438 21.8262 8
      vertex -2.92065 21.9993 8
    endloop
  endfacet
  facet normal 0 0 1
    outer loop
      vertex -0.671524 20.9981 8
      vertex -0.682739 21.145 8
      vertex -3.18091 21.4271 8
    endloop
  endfacet
  facet normal 0 0 1
    outer loop
      vertex -0.742416 21.6403 8
      vertex -3.00041 21.8407 8
      vertex -0.717514 21.4653 8
    endloop
  endfacet
  facet normal 0 0 1
    outer loop
      vertex -0.773438 21.8262 8
      vertex -2.83105 22.1663 8
      vertex -2.92065 21.9993 8
    endloop
  endfacet
  facet normal 0 0 1
    outer loop
      vertex -2.7318 22.3405 8
      vertex -2.83105 22.1663 8
      vertex -0.773438 21.8262 8
    endloop
  endfacet
  facet normal 0 0 1
    outer loop
      vertex -2.7318 22.3405 8
      vertex -0.773438 21.8262 8
      vertex -0.811447 22.0236 8
    endloop
  endfacet
  facet normal -0 0 1
    outer loop
      vertex -2.7318 22.3405 8
      vertex -0.811447 22.0236 8
      vertex -2.62312 22.5209 8
    endloop
  endfacet
  facet normal 0 0 1
    outer loop
      vertex -0.811447 22.0236 8
      vertex -0.857437 22.2332 8
      vertex -2.62312 22.5209 8
    endloop
  endfacet
  facet normal 0 0 1
    outer loop
      vertex -0.857437 22.2332 8
      vertex -2.50537 22.7065 8
      vertex -2.62312 22.5209 8
    endloop
  endfacet
  facet normal 0 0 1
    outer loop
      vertex -0.912537 22.4556 8
      vertex -2.50537 22.7065 8
      vertex -0.857437 22.2332 8
    endloop
  endfacet
  facet normal 0 0 1
    outer loop
      vertex -2.37894 22.8961 8
      vertex -2.50537 22.7065 8
      vertex -0.912537 22.4556 8
    endloop
  endfacet
  facet normal 0 0 1
    outer loop
      vertex -2.37894 22.8961 8
      vertex -0.912537 22.4556 8
      vertex -0.977951 22.6913 8
    endloop
  endfacet
  facet normal -0 0 1
    outer loop
      vertex -2.37894 22.8961 8
      vertex -0.977951 22.6913 8
      vertex -2.24429 23.0891 8
    endloop
  endfacet
  facet normal 0 0 1
    outer loop
      vertex -0.977951 22.6913 8
      vertex -1.05493 22.9406 8
      vertex -2.24429 23.0891 8
    endloop
  endfacet
  facet normal 0 0 1
    outer loop
      vertex -1.05493 22.9406 8
      vertex -2.06419 23.3341 8
      vertex -2.24429 23.0891 8
    endloop
  endfacet
  facet normal 0 0 1
    outer loop
      vertex -1.14066 23.1915 8
      vertex -2.06419 23.3341 8
      vertex -1.05493 22.9406 8
    endloop
  endfacet
  facet normal 0 0 1
    outer loop
      vertex -0.742416 21.6403 8
      vertex -2.92065 21.9993 8
      vertex -3.00041 21.8407 8
    endloop
  endfacet
  facet normal 0 0 1
    outer loop
      vertex -0.697876 21.3005 8
      vertex -0.717514 21.4653 8
      vertex -3.0703 21.6916 8
    endloop
  endfacet
  facet normal 0 0 1
    outer loop
      vertex -0.697876 21.3005 8
      vertex -3.0703 21.6916 8
      vertex -3.13039 21.5533 8
    endloop
  endfacet
  facet normal 0 0 1
    outer loop
      vertex -0.697876 21.3005 8
      vertex -3.13039 21.5533 8
      vertex -0.682739 21.145 8
    endloop
  endfacet
  facet normal 0 0 1
    outer loop
      vertex -3.13039 21.5533 8
      vertex -3.18091 21.4271 8
      vertex -0.682739 21.145 8
    endloop
  endfacet
  facet normal 0 0 1
    outer loop
      vertex -0.671524 20.9981 8
      vertex -3.2222 21.3141 8
      vertex -0.663696 20.8589 8
    endloop
  endfacet
  facet normal 0 0 1
    outer loop
      vertex -0.663696 20.8589 8
      vertex -3.25471 21.2157 8
      vertex -3.27913 21.1329 8
    endloop
  endfacet
  facet normal 0 0 1
    outer loop
      vertex -0.663696 20.8589 8
      vertex -3.27913 21.1329 8
      vertex -3.30692 21.0192 8
    endloop
  endfacet
  facet normal 0 0 1
    outer loop
      vertex -0.663696 20.8589 8
      vertex -3.30692 21.0192 8
      vertex -0.658798 20.7268 8
    endloop
  endfacet
  facet normal 0 0 1
    outer loop
      vertex -3.30692 21.0192 8
      vertex -3.34065 20.8213 8
      vertex -0.658798 20.7268 8
    endloop
  endfacet
  facet normal 0 0 1
    outer loop
      vertex -3.34065 20.8213 8
      vertex -0.656433 20.6009 8
      vertex -0.658798 20.7268 8
    endloop
  endfacet
  facet normal 0 -0 1
    outer loop
      vertex -0.65773 20.3646 8
      vertex -0.656433 20.6009 8
      vertex -3.34065 20.8213 8
    endloop
  endfacet
  facet normal 0 0 1
    outer loop
      vertex -0.65773 20.3646 8
      vertex -3.34065 20.8213 8
      vertex -3.41315 20.0214 8
    endloop
  endfacet
  facet normal 0 0 1
    outer loop
      vertex -0.65773 20.3646 8
      vertex -3.41315 20.0214 8
      vertex -0.667313 20.0815 8
    endloop
  endfacet
  facet normal -0 0 1
    outer loop
      vertex -3.41315 20.0214 8
      vertex -0.788528 19.5823 8
      vertex -0.667313 20.0815 8
    endloop
  endfacet
  facet normal -0 0 1
    outer loop
      vertex -3.58527 19.8616 8
      vertex -0.788528 19.5823 8
      vertex -3.41315 20.0214 8
    endloop
  endfacet
  facet normal 0 -0 1
    outer loop
      vertex -3.58527 19.8616 8
      vertex -3.41315 20.0214 8
      vertex -3.58777 19.8755 8
    endloop
  endfacet
  facet normal -0 0 1
    outer loop
      vertex -15.412 13.0391 8
      vertex -11.2215 10.1039 8
      vertex -15.3113 13.2642 8
    endloop
  endfacet
  facet normal 0 0 1
    outer loop
      vertex -9.46446 18.9976 8
      vertex -7.54999 13.077 8
      vertex -6.14171 13.7945 8
    endloop
  endfacet
  facet normal -0 0 1
    outer loop
      vertex -8.0578 21.0392 8
      vertex -8.05389 20.9508 8
      vertex -5.57687 21.4851 8
    endloop
  endfacet
  facet normal 0 0 1
    outer loop
      vertex -8.87555 12.2162 8
      vertex -11.7186 17.6929 8
      vertex -12.3088 17.2367 8
    endloop
  endfacet
  facet normal 0 0 1
    outer loop
      vertex -0.669479 19.3828 8
      vertex -0.788528 19.5823 8
      vertex -3.58527 19.8616 8
    endloop
  endfacet
  facet normal 0 0 1
    outer loop
      vertex -8.05389 20.9508 8
      vertex -5.5403 21.3678 8
      vertex -5.57687 21.4851 8
    endloop
  endfacet
  facet normal 0 0 1
    outer loop
      vertex -5.38278 20.0694 8
      vertex -5.21193 19.9044 8
      vertex -5.2149 19.9158 8
    endloop
  endfacet
  facet normal 0 0 1
    outer loop
      vertex -5.73705 21.9037 8
      vertex -8.02647 21.5788 8
      vertex -8.04399 21.4172 8
    endloop
  endfacet
  facet normal 0 0 1
    outer loop
      vertex -5.81137 22.0666 8
      vertex -8.02647 21.5788 8
      vertex -5.73705 21.9037 8
    endloop
  endfacet
  facet normal 0 0 1
    outer loop
      vertex -5.89839 22.2415 8
      vertex -8.00056 21.7566 8
      vertex -5.81137 22.0666 8
    endloop
  endfacet
  facet normal -0 0 1
    outer loop
      vertex -7.96532 21.9497 8
      vertex -8.00056 21.7566 8
      vertex -5.89839 22.2415 8
    endloop
  endfacet
  facet normal 0 0 1
    outer loop
      vertex -7.96532 21.9497 8
      vertex -5.89839 22.2415 8
      vertex -7.91995 22.1568 8
    endloop
  endfacet
  facet normal 0 0 1
    outer loop
      vertex -5.89839 22.2415 8
      vertex -5.99953 22.4284 8
      vertex -7.91995 22.1568 8
    endloop
  endfacet
  facet normal 0 0 1
    outer loop
      vertex -5.99953 22.4284 8
      vertex -7.86386 22.3767 8
      vertex -7.91995 22.1568 8
    endloop
  endfacet
  facet normal -0 0 1
    outer loop
      vertex -8.00056 21.7566 8
      vertex -8.02647 21.5788 8
      vertex -5.81137 22.0666 8
    endloop
  endfacet
  facet normal 0 0 1
    outer loop
      vertex -7.86386 22.3767 8
      vertex -5.99953 22.4284 8
      vertex -6.11624 22.6268 8
    endloop
  endfacet
  facet normal 0 0 1
    outer loop
      vertex -7.86386 22.3767 8
      vertex -6.11624 22.6268 8
      vertex -7.79654 22.608 8
    endloop
  endfacet
  facet normal 0 0 1
    outer loop
      vertex -6.11624 22.6268 8
      vertex -6.24997 22.8365 8
      vertex -7.79654 22.608 8
    endloop
  endfacet
  facet normal 0 0 1
    outer loop
      vertex -6.24997 22.8365 8
      vertex -7.71771 22.8494 8
      vertex -7.79654 22.608 8
    endloop
  endfacet
  facet normal 0 0 1
    outer loop
      vertex -6.40215 23.0567 8
      vertex -7.71771 22.8494 8
      vertex -6.24997 22.8365 8
    endloop
  endfacet
  facet normal 0 0 1
    outer loop
      vertex -7.31577 23.3508 8
      vertex -7.71771 22.8494 8
      vertex -6.40215 23.0567 8
    endloop
  endfacet
  facet normal 0 0 1
    outer loop
      vertex -7.62721 23.0995 8
      vertex -7.31577 23.3508 8
      vertex -7.54666 23.3026 8
    endloop
  endfacet
  facet normal 0 0 1
    outer loop
      vertex -7.71771 22.8494 8
      vertex -7.31577 23.3508 8
      vertex -7.62721 23.0995 8
    endloop
  endfacet
  facet normal 0 0 1
    outer loop
      vertex -6.57408 23.2865 8
      vertex -7.31577 23.3508 8
      vertex -6.40215 23.0567 8
    endloop
  endfacet
  facet normal 0 0 1
    outer loop
      vertex -6.67944 23.4167 8
      vertex -7.31577 23.3508 8
      vertex -6.57408 23.2865 8
    endloop
  endfacet
  facet normal 0 0 1
    outer loop
      vertex -5.73705 21.9037 8
      vertex -8.04399 21.4172 8
      vertex -5.67406 21.7526 8
    endloop
  endfacet
  facet normal -0 0 1
    outer loop
      vertex -8.04399 21.4172 8
      vertex -8.05423 21.2729 8
      vertex -5.67406 21.7526 8
    endloop
  endfacet
  facet normal 0 0 1
    outer loop
      vertex -8.05423 21.2729 8
      vertex -5.62108 21.6132 8
      vertex -5.67406 21.7526 8
    endloop
  endfacet
  facet normal 0 0 1
    outer loop
      vertex -8.05838 21.1467 8
      vertex -5.62108 21.6132 8
      vertex -8.05423 21.2729 8
    endloop
  endfacet
  facet normal 0 0 1
    outer loop
      vertex -5.57687 21.4851 8
      vertex -5.62108 21.6132 8
      vertex -8.05838 21.1467 8
    endloop
  endfacet
  facet normal 0 0 1
    outer loop
      vertex -5.57687 21.4851 8
      vertex -8.05838 21.1467 8
      vertex -8.0578 21.0392 8
    endloop
  endfacet
  facet normal 0 -0 1
    outer loop
      vertex -8.04814 20.8817 8
      vertex -5.5403 21.3678 8
      vertex -8.05389 20.9508 8
    endloop
  endfacet
  facet normal 0 -0 1
    outer loop
      vertex -8.03578 20.7933 8
      vertex -5.5403 21.3678 8
      vertex -8.04814 20.8817 8
    endloop
  endfacet
  facet normal 0 -0 1
    outer loop
      vertex -7.99664 20.6212 8
      vertex -5.5403 21.3678 8
      vertex -8.03578 20.7933 8
    endloop
  endfacet
  facet normal 0 0 1
    outer loop
      vertex -5.5103 21.2609 8
      vertex -5.5403 21.3678 8
      vertex -7.99664 20.6212 8
    endloop
  endfacet
  facet normal 0 0 1
    outer loop
      vertex -5.5103 21.2609 8
      vertex -7.99664 20.6212 8
      vertex -5.4859 21.1635 8
    endloop
  endfacet
  facet normal 0 0 1
    outer loop
      vertex -7.99664 20.6212 8
      vertex -5.46625 21.0752 8
      vertex -5.4859 21.1635 8
    endloop
  endfacet
  facet normal 0 0 1
    outer loop
      vertex -5.45059 20.9951 8
      vertex -5.46625 21.0752 8
      vertex -7.99664 20.6212 8
    endloop
  endfacet
  facet normal 0 0 1
    outer loop
      vertex -10.2654 20.2923 8
      vertex -10.3309 20.3792 8
      vertex -12.4834 19.1365 8
    endloop
  endfacet
  facet normal -0 0 1
    outer loop
      vertex -11.7286 17.7079 8
      vertex -11.7186 17.6929 8
      vertex -11.6936 17.9328 8
    endloop
  endfacet
  facet normal -0 0 1
    outer loop
      vertex -14.6357 14.4698 8
      vertex -10.1039 11.2215 8
      vertex -12.9529 16.6122 8
    endloop
  endfacet
  facet normal 0 0 1
    outer loop
      vertex -5.45059 20.9951 8
      vertex -7.99664 20.6212 8
      vertex -7.97464 20.464 8
    endloop
  endfacet
  facet normal 0 0 1
    outer loop
      vertex -5.45059 20.9951 8
      vertex -7.97464 20.464 8
      vertex -5.41176 20.7532 8
    endloop
  endfacet
  facet normal -0 0 1
    outer loop
      vertex -7.97464 20.464 8
      vertex -7.79736 19.7317 8
      vertex -5.41176 20.7532 8
    endloop
  endfacet
  facet normal 0 0 1
    outer loop
      vertex -7.79736 19.7317 8
      vertex -5.38278 20.0694 8
      vertex -5.41176 20.7532 8
    endloop
  endfacet
  facet normal 0 0 1
    outer loop
      vertex -7.54999 13.077 8
      vertex -11.7186 17.6929 8
      vertex -8.87555 12.2162 8
    endloop
  endfacet
  facet normal 0 0 1
    outer loop
      vertex -5.21193 19.9044 8
      vertex -5.38278 20.0694 8
      vertex -7.79736 19.7317 8
    endloop
  endfacet
  facet normal 0 0 1
    outer loop
      vertex -12.9529 16.6122 8
      vertex -14.6892 14.6963 8
      vertex -14.6357 14.4698 8
    endloop
  endfacet
  facet normal 0 0 1
    outer loop
      vertex -9.68346 19.0934 8
      vertex -11.7186 17.6929 8
      vertex -9.46446 18.9976 8
    endloop
  endfacet
  facet normal 0 0 1
    outer loop
      vertex -14.6892 14.6963 8
      vertex -14.6401 14.4741 8
      vertex -14.6357 14.4698 8
    endloop
  endfacet
  facet normal 0 -0 1
    outer loop
      vertex -12.4834 19.1365 8
      vertex -10.4106 20.4769 8
      vertex -12.5282 19.2543 8
    endloop
  endfacet
  facet normal 0 0 1
    outer loop
      vertex -9.68346 19.0934 8
      vertex -9.46446 18.9976 8
      vertex -9.47124 19.0112 8
    endloop
  endfacet
  facet normal 0 -0 1
    outer loop
      vertex -12.7927 20.6191 8
      vertex -11.6893 21.5358 8
      vertex -12.8059 20.8912 8
    endloop
  endfacet
  facet normal 0 -0 1
    outer loop
      vertex -12.574 19.3906 8
      vertex -10.6176 20.7019 8
      vertex -12.6195 19.5461 8
    endloop
  endfacet
  facet normal 0 -0 1
    outer loop
      vertex -12.6195 19.5461 8
      vertex -10.7473 20.8275 8
      vertex -12.6635 19.7212 8
    endloop
  endfacet
  facet normal 0 0 1
    outer loop
      vertex -10.6176 20.7019 8
      vertex -10.7473 20.8275 8
      vertex -12.6195 19.5461 8
    endloop
  endfacet
  facet normal 0 0 1
    outer loop
      vertex -10.8957 20.9603 8
      vertex -12.6635 19.7212 8
      vertex -10.7473 20.8275 8
    endloop
  endfacet
  facet normal -0 0 1
    outer loop
      vertex -12.7404 20.131 8
      vertex -12.7043 19.9161 8
      vertex -10.8957 20.9603 8
    endloop
  endfacet
  facet normal 0 0 1
    outer loop
      vertex -11.2518 21.2422 8
      vertex -12.7404 20.131 8
      vertex -11.0637 21.099 8
    endloop
  endfacet
  facet normal -0 0 1
    outer loop
      vertex -12.7704 20.3654 8
      vertex -12.7404 20.131 8
      vertex -11.2518 21.2422 8
    endloop
  endfacet
  facet normal 0 -0 1
    outer loop
      vertex -12.7704 20.3654 8
      vertex -11.2518 21.2422 8
      vertex -12.7927 20.6191 8
    endloop
  endfacet
  facet normal 0 0 1
    outer loop
      vertex -11.2518 21.2422 8
      vertex -11.4603 21.3884 8
      vertex -12.7927 20.6191 8
    endloop
  endfacet
  facet normal 0 0 1
    outer loop
      vertex -11.4603 21.3884 8
      vertex -11.6893 21.5358 8
      vertex -12.7927 20.6191 8
    endloop
  endfacet
  facet normal 0 0 1
    outer loop
      vertex -11.0637 21.099 8
      vertex -12.7404 20.131 8
      vertex -10.8957 20.9603 8
    endloop
  endfacet
  facet normal -0 0 1
    outer loop
      vertex -12.8087 21.1808 8
      vertex -12.8059 20.8912 8
      vertex -11.6893 21.5358 8
    endloop
  endfacet
  facet normal 0 0 1
    outer loop
      vertex -12.8087 21.1808 8
      vertex -11.6893 21.5358 8
      vertex -11.9388 21.6831 8
    endloop
  endfacet
  facet normal 0 0 1
    outer loop
      vertex -12.8087 21.1808 8
      vertex -11.9388 21.6831 8
      vertex -12.8046 21.3245 8
    endloop
  endfacet
  facet normal 0 0 1
    outer loop
      vertex -11.9388 21.6831 8
      vertex -12.0821 21.7604 8
      vertex -12.8046 21.3245 8
    endloop
  endfacet
  facet normal 0 0 1
    outer loop
      vertex -10.8957 20.9603 8
      vertex -12.7043 19.9161 8
      vertex -12.6635 19.7212 8
    endloop
  endfacet
  facet normal 0 0 1
    outer loop
      vertex -12.574 19.3906 8
      vertex -10.5058 20.5847 8
      vertex -10.6176 20.7019 8
    endloop
  endfacet
  facet normal 0 0 1
    outer loop
      vertex -10.4106 20.4769 8
      vertex -10.5058 20.5847 8
      vertex -12.574 19.3906 8
    endloop
  endfacet
  facet normal 0 0 1
    outer loop
      vertex -10.4106 20.4769 8
      vertex -12.574 19.3906 8
      vertex -12.5282 19.2543 8
    endloop
  endfacet
  facet normal 0 0 1
    outer loop
      vertex -10.3309 20.3792 8
      vertex -10.4106 20.4769 8
      vertex -12.4834 19.1365 8
    endloop
  endfacet
  facet normal 0 0 1
    outer loop
      vertex -10.2654 20.2923 8
      vertex -12.4834 19.1365 8
      vertex -12.4409 19.0363 8
    endloop
  endfacet
  facet normal 0 -0 1
    outer loop
      vertex -16.2045 16.0661 8
      vertex -14.8415 17.807 8
      vertex -16.3125 16.2289 8
    endloop
  endfacet
  facet normal 0 0 1
    outer loop
      vertex -16.447 10.2685 8
      vertex -16.5645 10.474 8
      vertex -16.4559 10.2741 8
    endloop
  endfacet
  facet normal 0 0 1
    outer loop
      vertex -16.5645 10.474 8
      vertex -15.412 13.0391 8
      vertex -15.6325 12.9666 8
    endloop
  endfacet
  facet normal 0 0 1
    outer loop
      vertex -10.2654 20.2923 8
      vertex -12.4409 19.0363 8
      vertex -10.2127 20.2166 8
    endloop
  endfacet
  facet normal -0 0 1
    outer loop
      vertex -12.4409 19.0363 8
      vertex -12.4018 18.9528 8
      vertex -10.2127 20.2166 8
    endloop
  endfacet
  facet normal -0 0 1
    outer loop
      vertex -12.4018 18.9528 8
      vertex -12.3668 18.8848 8
      vertex -10.2127 20.2166 8
    endloop
  endfacet
  facet normal 0 0 1
    outer loop
      vertex -12.3668 18.8848 8
      vertex -10.1713 20.1523 8
      vertex -10.2127 20.2166 8
    endloop
  endfacet
  facet normal 0 -0 1
    outer loop
      vertex -12.312 18.7906 8
      vertex -10.1713 20.1523 8
      vertex -12.3668 18.8848 8
    endloop
  endfacet
  facet normal 0 0 1
    outer loop
      vertex -10.1171 20.0578 8
      vertex -10.1713 20.1523 8
      vertex -12.312 18.7906 8
    endloop
  endfacet
  facet normal 0 0 1
    outer loop
      vertex -10.1171 20.0578 8
      vertex -12.312 18.7906 8
      vertex -12.1965 18.6205 8
    endloop
  endfacet
  facet normal 0 0 1
    outer loop
      vertex -10.1171 20.0578 8
      vertex -12.1965 18.6205 8
      vertex -10.0276 19.8728 8
    endloop
  endfacet
  facet normal -0 0 1
    outer loop
      vertex -12.1965 18.6205 8
      vertex -11.6936 17.9328 8
      vertex -10.0276 19.8728 8
    endloop
  endfacet
  facet normal 0 0 1
    outer loop
      vertex -11.6936 17.9328 8
      vertex -9.68346 19.0934 8
      vertex -10.0276 19.8728 8
    endloop
  endfacet
  facet normal 0 0 1
    outer loop
      vertex -14.6892 14.6963 8
      vertex -12.9529 16.6122 8
      vertex -13.1895 16.6186 8
    endloop
  endfacet
  facet normal 0 0 1
    outer loop
      vertex -11.7186 17.6929 8
      vertex -9.68346 19.0934 8
      vertex -11.6936 17.9328 8
    endloop
  endfacet
  facet normal 0 0 1
    outer loop
      vertex -12.2162 8.87555 8
      vertex -16.447 10.2685 8
      vertex -16.6117 9.70027 8
    endloop
  endfacet
  facet normal 0 0 1
    outer loop
      vertex -14.1916 17.4979 8
      vertex -15.8182 15.5723 8
      vertex -14.117 17.4503 8
    endloop
  endfacet
  facet normal -0 0 1
    outer loop
      vertex -13.1895 16.6186 8
      vertex -12.9529 16.6122 8
      vertex -12.962 16.6239 8
    endloop
  endfacet
  facet normal 0 0 1
    outer loop
      vertex -15.9293 18.1084 8
      vertex -16.7666 17.0728 8
      vertex -16.652 16.8309 8
    endloop
  endfacet
  facet normal 0 0 1
    outer loop
      vertex -14.5258 17.6749 8
      vertex -16.0013 15.7902 8
      vertex -14.3958 17.6116 8
    endloop
  endfacet
  facet normal 0 0 1
    outer loop
      vertex -15.907 15.6746 8
      vertex -14.2844 17.5521 8
      vertex -14.3958 17.6116 8
    endloop
  endfacet
  facet normal 0 0 1
    outer loop
      vertex -14.6745 17.7405 8
      vertex -16.1006 15.9203 8
      vertex -14.5258 17.6749 8
    endloop
  endfacet
  facet normal 0 0 1
    outer loop
      vertex -14.8415 17.807 8
      vertex -16.2045 16.0661 8
      vertex -14.6745 17.7405 8
    endloop
  endfacet
  facet normal 0 0 1
    outer loop
      vertex -15.0263 17.873 8
      vertex -16.3125 16.2289 8
      vertex -14.8415 17.807 8
    endloop
  endfacet
  facet normal 0 0 1
    outer loop
      vertex -15.2284 17.9373 8
      vertex -16.4238 16.4099 8
      vertex -16.3125 16.2289 8
    endloop
  endfacet
  facet normal 0 0 1
    outer loop
      vertex -15.4468 17.9986 8
      vertex -15.6808 18.056 8
      vertex -16.5373 16.6102 8
    endloop
  endfacet
  facet normal 0 0 1
    outer loop
      vertex -15.6808 18.056 8
      vertex -16.652 16.8309 8
      vertex -16.5373 16.6102 8
    endloop
  endfacet
  facet normal 0 0 1
    outer loop
      vertex -15.9293 18.1084 8
      vertex -16.652 16.8309 8
      vertex -15.6808 18.056 8
    endloop
  endfacet
  facet normal 0 0 1
    outer loop
      vertex -16.1912 18.1551 8
      vertex -16.7666 17.0728 8
      vertex -15.9293 18.1084 8
    endloop
  endfacet
  facet normal 0 -0 1
    outer loop
      vertex -16.4238 16.4099 8
      vertex -15.4468 17.9986 8
      vertex -16.5373 16.6102 8
    endloop
  endfacet
  facet normal 0 0 1
    outer loop
      vertex -15.2284 17.9373 8
      vertex -15.4468 17.9986 8
      vertex -16.4238 16.4099 8
    endloop
  endfacet
  facet normal -0 0 1
    outer loop
      vertex -16.9461 17.5094 8
      vertex -16.8797 17.3366 8
      vertex -16.895 17.5849 8
    endloop
  endfacet
  facet normal -0 0 1
    outer loop
      vertex -16.8797 17.3366 8
      vertex -16.7666 17.0728 8
      vertex -16.1912 18.1551 8
    endloop
  endfacet
  facet normal 0 -0 1
    outer loop
      vertex -16.8797 17.3366 8
      vertex -16.1912 18.1551 8
      vertex -16.895 17.5849 8
    endloop
  endfacet
  facet normal 0 0 1
    outer loop
      vertex -16.1912 18.1551 8
      vertex -16.3953 18.1852 8
      vertex -16.895 17.5849 8
    endloop
  endfacet
  facet normal 0 0 1
    outer loop
      vertex -15.0263 17.873 8
      vertex -15.2284 17.9373 8
      vertex -16.3125 16.2289 8
    endloop
  endfacet
  facet normal -0 0 1
    outer loop
      vertex -17.0219 8.64825 8
      vertex -17.4757 5.74869 8
      vertex -16.8256 8.76978 8
    endloop
  endfacet
  facet normal 0 -0 1
    outer loop
      vertex -16.1006 15.9203 8
      vertex -14.6745 17.7405 8
      vertex -16.2045 16.0661 8
    endloop
  endfacet
  facet normal 0 -0 1
    outer loop
      vertex -16.0013 15.7902 8
      vertex -14.5258 17.6749 8
      vertex -16.1006 15.9203 8
    endloop
  endfacet
  facet normal 0 -0 1
    outer loop
      vertex -15.907 15.6746 8
      vertex -14.3958 17.6116 8
      vertex -16.0013 15.7902 8
    endloop
  endfacet
  facet normal 0 -0 1
    outer loop
      vertex -15.8182 15.5723 8
      vertex -14.2844 17.5521 8
      vertex -15.907 15.6746 8
    endloop
  endfacet
  facet normal 0 0 1
    outer loop
      vertex -14.1916 17.4979 8
      vertex -14.2844 17.5521 8
      vertex -15.8182 15.5723 8
    endloop
  endfacet
  facet normal 0 0 1
    outer loop
      vertex -14.117 17.4503 8
      vertex -15.8182 15.5723 8
      vertex -15.7349 15.482 8
    endloop
  endfacet
  facet normal 0 0 1
    outer loop
      vertex -14.117 17.4503 8
      vertex -15.7349 15.482 8
      vertex -14.06 17.4107 8
    endloop
  endfacet
  facet normal 0 0 1
    outer loop
      vertex -15.7349 15.482 8
      vertex -13.9955 17.3606 8
      vertex -14.06 17.4107 8
    endloop
  endfacet
  facet normal 0 0 1
    outer loop
      vertex -13.8602 17.2359 8
      vertex -13.9955 17.3606 8
      vertex -15.7349 15.482 8
    endloop
  endfacet
  facet normal 0 0 1
    outer loop
      vertex -13.8602 17.2359 8
      vertex -15.7349 15.482 8
      vertex -15.6573 15.4025 8
    endloop
  endfacet
  facet normal 0 0 1
    outer loop
      vertex -13.8602 17.2359 8
      vertex -15.6573 15.4025 8
      vertex -15.5852 15.3327 8
    endloop
  endfacet
  facet normal 0 0 1
    outer loop
      vertex -13.8602 17.2359 8
      vertex -15.5852 15.3327 8
      vertex -15.5185 15.2715 8
    endloop
  endfacet
  facet normal 0 0 1
    outer loop
      vertex -13.8602 17.2359 8
      vertex -15.5185 15.2715 8
      vertex -15.4002 15.1709 8
    endloop
  endfacet
  facet normal 0 0 1
    outer loop
      vertex -13.8602 17.2359 8
      vertex -15.4002 15.1709 8
      vertex -13.735 17.1383 8
    endloop
  endfacet
  facet normal -0 0 1
    outer loop
      vertex -15.4002 15.1709 8
      vertex -15.2669 15.0633 8
      vertex -13.735 17.1383 8
    endloop
  endfacet
  facet normal 0 0 1
    outer loop
      vertex -15.2669 15.0633 8
      vertex -13.1895 16.6186 8
      vertex -13.735 17.1383 8
    endloop
  endfacet
  facet normal 0 0 1
    outer loop
      vertex -13.1895 16.6186 8
      vertex -15.2669 15.0633 8
      vertex -14.6892 14.6963 8
    endloop
  endfacet
  facet normal 0 -0 1
    outer loop
      vertex -16.447 10.2685 8
      vertex -15.412 13.0391 8
      vertex -16.5645 10.474 8
    endloop
  endfacet
  facet normal 0 0 1
    outer loop
      vertex -14.77 3.13947 8
      vertex -17.6323 3.98514 8
      vertex -15.0173 1.57837 8
    endloop
  endfacet
  facet normal 0 0 1
    outer loop
      vertex -13.7945 6.14171 8
      vertex -16.8256 8.76978 8
      vertex -17.3288 5.5695 8
    endloop
  endfacet
  facet normal -0 0 1
    outer loop
      vertex -17.8491 11.0806 8
      vertex -17.7325 11.0043 8
      vertex -16.8475 13.4476 8
    endloop
  endfacet
  facet normal 0 0 1
    outer loop
      vertex -15.412 13.0391 8
      vertex -15.4188 13.0449 8
      vertex -15.6325 12.9666 8
    endloop
  endfacet
  facet normal 0 -0 1
    outer loop
      vertex -18.2308 11.354 8
      vertex -17.4144 13.5188 8
      vertex -18.3698 11.4631 8
    endloop
  endfacet
  facet normal 0 0 1
    outer loop
      vertex -17.4144 13.5188 8
      vertex -17.5916 13.529 8
      vertex -18.3698 11.4631 8
    endloop
  endfacet
  facet normal 0 0 1
    outer loop
      vertex -18.2308 11.354 8
      vertex -17.2503 13.5048 8
      vertex -17.4144 13.5188 8
    endloop
  endfacet
  facet normal 0 0 1
    outer loop
      vertex -17.5916 13.529 8
      vertex -17.781 13.5349 8
      vertex -18.5153 11.5829 8
    endloop
  endfacet
  facet normal 0 -0 1
    outer loop
      vertex -18.5153 11.5829 8
      vertex -17.9815 13.5361 8
      vertex -18.6673 11.7145 8
    endloop
  endfacet
  facet normal 0 0 1
    outer loop
      vertex -17.9815 13.5361 8
      vertex -18.1921 13.5322 8
      vertex -18.6673 11.7145 8
    endloop
  endfacet
  facet normal 0 0 1
    outer loop
      vertex -18.1921 13.5322 8
      vertex -18.8258 11.8592 8
      vertex -18.6673 11.7145 8
    endloop
  endfacet
  facet normal 0 0 1
    outer loop
      vertex -17.781 13.5349 8
      vertex -17.9815 13.5361 8
      vertex -18.5153 11.5829 8
    endloop
  endfacet
  facet normal 0 0 1
    outer loop
      vertex -18.8258 11.8592 8
      vertex -18.1921 13.5322 8
      vertex -18.4117 13.5229 8
    endloop
  endfacet
  facet normal 0 -0 1
    outer loop
      vertex -18.8258 11.8592 8
      vertex -18.4117 13.5229 8
      vertex -18.9908 12.0181 8
    endloop
  endfacet
  facet normal 0 0 1
    outer loop
      vertex -18.4117 13.5229 8
      vertex -18.6392 13.5083 8
      vertex -18.9908 12.0181 8
    endloop
  endfacet
  facet normal 0 0 1
    outer loop
      vertex -18.6392 13.5083 8
      vertex -19.1622 12.1926 8
      vertex -18.9908 12.0181 8
    endloop
  endfacet
  facet normal -0 0 1
    outer loop
      vertex -18.8736 13.4882 8
      vertex -19.1622 12.1926 8
      vertex -18.6392 13.5083 8
    endloop
  endfacet
  facet normal -0 0 1
    outer loop
      vertex -19.3397 12.3839 8
      vertex -19.1622 12.1926 8
      vertex -18.8736 13.4882 8
    endloop
  endfacet
  facet normal 0 0 1
    outer loop
      vertex -19.3397 12.3839 8
      vertex -18.8736 13.4882 8
      vertex -19.114 13.4625 8
    endloop
  endfacet
  facet normal 0 -0 1
    outer loop
      vertex -19.3397 12.3839 8
      vertex -19.114 13.4625 8
      vertex -19.5069 12.5754 8
    endloop
  endfacet
  facet normal 0 0 1
    outer loop
      vertex -19.114 13.4625 8
      vertex -19.1896 13.4529 8
      vertex -19.5069 12.5754 8
    endloop
  endfacet
  facet normal 0 0 1
    outer loop
      vertex -17.5916 13.529 8
      vertex -18.5153 11.5829 8
      vertex -18.3698 11.4631 8
    endloop
  endfacet
  facet normal 0 0 1
    outer loop
      vertex 5.14909 17.187 8
      vertex 4.16939 17.6494 8
      vertex 3.13947 14.77 8
    endloop
  endfacet
  facet normal -0 0 1
    outer loop
      vertex -18.1703 8.77867 8
      vertex -18.5458 6.07364 8
      vertex -18.0583 8.78362 8
    endloop
  endfacet
  facet normal 0 -0 1
    outer loop
      vertex -18.0978 11.2546 8
      vertex -17.2503 13.5048 8
      vertex -18.2308 11.354 8
    endloop
  endfacet
  facet normal 0 0 1
    outer loop
      vertex -19.2525 8.63663 8
      vertex -19.5762 6.57832 8
      vertex -19.4162 6.49243 8
    endloop
  endfacet
  facet normal 0 0 1
    outer loop
      vertex -17.1005 13.4877 8
      vertex -17.2503 13.5048 8
      vertex -18.0978 11.2546 8
    endloop
  endfacet
  facet normal 0 0 1
    outer loop
      vertex -17.1005 13.4877 8
      vertex -18.0978 11.2546 8
      vertex -17.9707 11.1638 8
    endloop
  endfacet
  facet normal 0 0 1
    outer loop
      vertex -17.1005 13.4877 8
      vertex -17.9707 11.1638 8
      vertex -16.9659 13.4683 8
    endloop
  endfacet
  facet normal -0 0 1
    outer loop
      vertex -17.9707 11.1638 8
      vertex -17.8491 11.0806 8
      vertex -16.9659 13.4683 8
    endloop
  endfacet
  facet normal 0 0 1
    outer loop
      vertex -17.8491 11.0806 8
      vertex -16.8475 13.4476 8
      vertex -16.9659 13.4683 8
    endloop
  endfacet
  facet normal 0 0 1
    outer loop
      vertex -16.8256 8.76978 8
      vertex -16.8315 8.77284 8
      vertex -17.0219 8.64825 8
    endloop
  endfacet
  facet normal 0 0 1
    outer loop
      vertex -17.7325 11.0043 8
      vertex -16.7459 13.4265 8
      vertex -16.8475 13.4476 8
    endloop
  endfacet
  facet normal 0 0 1
    outer loop
      vertex -16.6621 13.4063 8
      vertex -16.7459 13.4265 8
      vertex -17.7325 11.0043 8
    endloop
  endfacet
  facet normal 0 0 1
    outer loop
      vertex -16.6621 13.4063 8
      vertex -17.7325 11.0043 8
      vertex -16.5497 13.3735 8
    endloop
  endfacet
  facet normal -0 0 1
    outer loop
      vertex -17.7325 11.0043 8
      vertex -17.6206 10.934 8
      vertex -16.5497 13.3735 8
    endloop
  endfacet
  facet normal 0 0 1
    outer loop
      vertex -17.6206 10.934 8
      vertex -16.3615 13.3038 8
      vertex -16.5497 13.3735 8
    endloop
  endfacet
  facet normal 0 -0 1
    outer loop
      vertex -17.4085 10.8084 8
      vertex -16.3615 13.3038 8
      vertex -17.6206 10.934 8
    endloop
  endfacet
  facet normal 0 -0 1
    outer loop
      vertex -17.2088 10.6988 8
      vertex -16.3615 13.3038 8
      vertex -17.4085 10.8084 8
    endloop
  endfacet
  facet normal 0 0 1
    outer loop
      vertex -15.6325 12.9666 8
      vertex -16.3615 13.3038 8
      vertex -17.2088 10.6988 8
    endloop
  endfacet
  facet normal 0 0 1
    outer loop
      vertex -15.6325 12.9666 8
      vertex -17.2088 10.6988 8
      vertex -17.0575 10.6187 8
    endloop
  endfacet
  facet normal 0 0 1
    outer loop
      vertex -13.7945 6.14171 8
      vertex -17.3288 5.5695 8
      vertex -14.3609 4.66615 8
    endloop
  endfacet
  facet normal 0 0 1
    outer loop
      vertex -17.4566 -4.13368 8
      vertex -17.4069 -4.80888 8
      vertex -14.3609 -4.66615 8
    endloop
  endfacet
  facet normal -0 0 1
    outer loop
      vertex -17.7552 0.85614 8
      vertex -17.5936 0.693039 8
      vertex -15.0173 1.57837 8
    endloop
  endfacet
  facet normal -0 0 1
    outer loop
      vertex -17.8612 5.79103 8
      vertex -17.4757 5.74869 8
      vertex -17.0219 8.64825 8
    endloop
  endfacet
  facet normal 0 -0 1
    outer loop
      vertex -17.3288 5.5695 8
      vertex -16.8256 8.76978 8
      vertex -17.4757 5.74869 8
    endloop
  endfacet
  facet normal -0 -0 1
    outer loop
      vertex -17.3335 5.57103 8
      vertex -17.3288 5.5695 8
      vertex -17.4757 5.74869 8
    endloop
  endfacet
  facet normal -0 0 1
    outer loop
      vertex -18.7348 8.72223 8
      vertex -19.1109 6.33656 8
      vertex -18.5782 8.74234 8
    endloop
  endfacet
  facet normal -0 0 1
    outer loop
      vertex -18.9 8.69795 8
      vertex -19.2612 6.41199 8
      vertex -18.7348 8.72223 8
    endloop
  endfacet
  facet normal -0 0 1
    outer loop
      vertex -19.4162 6.49243 8
      vertex -19.2612 6.41199 8
      vertex -18.9 8.69795 8
    endloop
  endfacet
  facet normal -0 0 1
    outer loop
      vertex -19.2525 8.63663 8
      vertex -19.4162 6.49243 8
      vertex -19.0728 8.66943 8
    endloop
  endfacet
  facet normal -0 0 1
    outer loop
      vertex -19.4381 8.59978 8
      vertex -19.5762 6.57832 8
      vertex -19.2525 8.63663 8
    endloop
  endfacet
  facet normal 0 -0 1
    outer loop
      vertex -19.7419 6.67056 8
      vertex -19.6287 8.55902 8
      vertex -19.9138 6.76993 8
    endloop
  endfacet
  facet normal 0 -0 1
    outer loop
      vertex -19.5762 6.57832 8
      vertex -19.4381 8.59978 8
      vertex -19.7419 6.67056 8
    endloop
  endfacet
  facet normal 0 0 1
    outer loop
      vertex -19.6287 8.55902 8
      vertex -19.8237 8.51442 8
      vertex -19.9138 6.76993 8
    endloop
  endfacet
  facet normal 0 0 1
    outer loop
      vertex -19.8237 8.51442 8
      vertex -20.0922 6.8772 8
      vertex -19.9138 6.76993 8
    endloop
  endfacet
  facet normal -0 0 1
    outer loop
      vertex -20.0222 8.46622 8
      vertex -20.0922 6.8772 8
      vertex -19.8237 8.51442 8
    endloop
  endfacet
  facet normal -0 0 1
    outer loop
      vertex -20.2777 6.99318 8
      vertex -20.0922 6.8772 8
      vertex -20.0222 8.46622 8
    endloop
  endfacet
  facet normal 0 -0 1
    outer loop
      vertex -20.2777 6.99318 8
      vertex -20.0222 8.46622 8
      vertex -20.69 7.81252 8
    endloop
  endfacet
  facet normal 0 0 1
    outer loop
      vertex -20.2777 6.99318 8
      vertex -20.69 7.81252 8
      vertex -20.4706 7.11897 8
    endloop
  endfacet
  facet normal -0 0 1
    outer loop
      vertex -20.7581 7.31738 8
      vertex -20.6713 7.2556 8
      vertex -20.69 7.81252 8
    endloop
  endfacet
  facet normal -0 -0 1
    outer loop
      vertex -20.6713 7.2556 8
      vertex -20.4706 7.11897 8
      vertex -20.69 7.81252 8
    endloop
  endfacet
  facet normal 0 0 1
    outer loop
      vertex -20.0222 8.46622 8
      vertex -20.2236 8.41472 8
      vertex -20.69 7.81252 8
    endloop
  endfacet
  facet normal 0 0 1
    outer loop
      vertex -20.2236 8.41472 8
      vertex -20.4275 8.36005 8
      vertex -20.69 7.81252 8
    endloop
  endfacet
  facet normal 0 0 1
    outer loop
      vertex -20.4275 8.36005 8
      vertex -20.6003 8.31166 8
      vertex -20.69 7.81252 8
    endloop
  endfacet
  facet normal 0 0 1
    outer loop
      vertex -19.4381 8.59978 8
      vertex -19.6287 8.55902 8
      vertex -19.7419 6.67056 8
    endloop
  endfacet
  facet normal -0 0 1
    outer loop
      vertex -16.8256 -8.76978 8
      vertex -16.6117 -9.70027 8
      vertex -13.077 -7.54999 8
    endloop
  endfacet
  facet normal 0 0 1
    outer loop
      vertex -19.4162 6.49243 8
      vertex -18.9 8.69795 8
      vertex -19.0728 8.66943 8
    endloop
  endfacet
  facet normal -0 0 1
    outer loop
      vertex -19.2612 6.41199 8
      vertex -19.1109 6.33656 8
      vertex -18.7348 8.72223 8
    endloop
  endfacet
  facet normal -0 0 1
    outer loop
      vertex -19.1109 6.33656 8
      vertex -18.822 6.19829 8
      vertex -18.5782 8.74234 8
    endloop
  endfacet
  facet normal 0 0 1
    outer loop
      vertex -18.822 6.19829 8
      vertex -18.4313 8.75833 8
      vertex -18.5782 8.74234 8
    endloop
  endfacet
  facet normal 0 0 1
    outer loop
      vertex -18.295 8.7704 8
      vertex -18.4313 8.75833 8
      vertex -18.822 6.19829 8
    endloop
  endfacet
  facet normal -0 0 1
    outer loop
      vertex -18.295 8.7704 8
      vertex -18.822 6.19829 8
      vertex -18.1703 8.77867 8
    endloop
  endfacet
  facet normal -0 0 1
    outer loop
      vertex -18.822 6.19829 8
      vertex -18.5458 6.07364 8
      vertex -18.1703 8.77867 8
    endloop
  endfacet
  facet normal 0 0 1
    outer loop
      vertex -18.5458 6.07364 8
      vertex -17.96 8.78568 8
      vertex -18.0583 8.78362 8
    endloop
  endfacet
  facet normal 0 0 1
    outer loop
      vertex -17.8765 8.78542 8
      vertex -17.96 8.78568 8
      vertex -18.5458 6.07364 8
    endloop
  endfacet
  facet normal 0 0 1
    outer loop
      vertex -17.8765 8.78542 8
      vertex -18.5458 6.07364 8
      vertex -18.2792 5.95959 8
    endloop
  endfacet
  facet normal 0 0 1
    outer loop
      vertex -17.8765 8.78542 8
      vertex -18.2792 5.95959 8
      vertex -17.6375 8.77632 8
    endloop
  endfacet
  facet normal 0 0 1
    outer loop
      vertex -17.0219 8.64825 8
      vertex -17.6375 8.77632 8
      vertex -18.2792 5.95959 8
    endloop
  endfacet
  facet normal 0 0 1
    outer loop
      vertex -17.0219 8.64825 8
      vertex -18.2792 5.95959 8
      vertex -17.8612 5.79103 8
    endloop
  endfacet
  facet normal 0 0 1
    outer loop
      vertex -15.1 0 8
      vertex -17.5999 0 8
      vertex -17.5936 -0.693039 8
    endloop
  endfacet
  facet normal 0 0 1
    outer loop
      vertex -17.5936 0.693039 8
      vertex -17.5999 0 8
      vertex -15.1 0 8
    endloop
  endfacet
  facet normal 0 0 1
    outer loop
      vertex -15.0173 1.57837 8
      vertex -17.5936 0.693039 8
      vertex -15.1 0 8
    endloop
  endfacet
  facet normal 0 -0 1
    outer loop
      vertex 0 15.1 8
      vertex 0.708801 18.9973 8
      vertex -0.501114 19.345 8
    endloop
  endfacet
  facet normal 0 0 1
    outer loop
      vertex -18.6139 3.91824 8
      vertex -18.9813 1.14191 8
      vertex -18.6915 1.04193 8
    endloop
  endfacet
  facet normal 0 0 1
    outer loop
      vertex -17.6323 3.98514 8
      vertex -17.4566 4.13368 8
      vertex -17.4608 4.13467 8
    endloop
  endfacet
  facet normal 0 -0 1
    outer loop
      vertex -19.9229 1.49915 8
      vertex -19.8414 3.57982 8
      vertex -20.1889 3.46632 8
    endloop
  endfacet
  facet normal 0 0 1
    outer loop
      vertex -18.3742 3.96809 8
      vertex -17.6323 3.98514 8
      vertex -18.1004 4.01704 8
    endloop
  endfacet
  facet normal -0 0 1
    outer loop
      vertex -19.5974 1.37012 8
      vertex -19.2837 1.25133 8
      vertex -19.1862 3.77461 8
    endloop
  endfacet
  facet normal 0 0 1
    outer loop
      vertex -19.9229 1.49915 8
      vertex -20.1889 3.46632 8
      vertex -20.2621 1.64027 8
    endloop
  endfacet
  facet normal 0 0 1
    outer loop
      vertex -20.2621 1.64027 8
      vertex -20.5466 3.3432 8
      vertex -20.6183 1.79636 8
    endloop
  endfacet
  facet normal 0 0 1
    outer loop
      vertex -20.5466 3.3432 8
      vertex -21.1732 2.53308 8
      vertex -20.6183 1.79636 8
    endloop
  endfacet
  facet normal 0 0 1
    outer loop
      vertex -21.1732 2.53308 8
      vertex -20.9958 1.97122 8
      vertex -20.8042 1.88112 8
    endloop
  endfacet
  facet normal 0 0 1
    outer loop
      vertex -20.6183 1.79636 8
      vertex -21.1732 2.53308 8
      vertex -20.8042 1.88112 8
    endloop
  endfacet
  facet normal -0 0 1
    outer loop
      vertex -21.1864 2.06355 8
      vertex -20.9958 1.97122 8
      vertex -21.1732 2.53308 8
    endloop
  endfacet
  facet normal 0 0 1
    outer loop
      vertex -20.5466 3.3432 8
      vertex -20.9146 3.21037 8
      vertex -21.1732 2.53308 8
    endloop
  endfacet
  facet normal 0 0 1
    outer loop
      vertex -20.9146 3.21037 8
      vertex -21.1441 3.12364 8
      vertex -21.1732 2.53308 8
    endloop
  endfacet
  facet normal 0 -0 1
    outer loop
      vertex -20.2621 1.64027 8
      vertex -20.1889 3.46632 8
      vertex -20.5466 3.3432 8
    endloop
  endfacet
  facet normal 0 0 1
    outer loop
      vertex 3.13947 -14.77 8
      vertex 4.16939 -17.6494 8
      vertex 5.14909 -17.187 8
    endloop
  endfacet
  facet normal -0 0 1
    outer loop
      vertex -15.3113 -13.2642 8
      vertex -14.7018 -14.3721 8
      vertex -11.2215 -10.1039 8
    endloop
  endfacet
  facet normal 0 0 1
    outer loop
      vertex -19.9229 1.49915 8
      vertex -19.506 3.68295 8
      vertex -19.8414 3.57982 8
    endloop
  endfacet
  facet normal 0 -0 1
    outer loop
      vertex -19.5974 1.37012 8
      vertex -19.506 3.68295 8
      vertex -19.9229 1.49915 8
    endloop
  endfacet
  facet normal 0 0 1
    outer loop
      vertex -19.1862 3.77461 8
      vertex -19.506 3.68295 8
      vertex -19.5974 1.37012 8
    endloop
  endfacet
  facet normal 0 0 1
    outer loop
      vertex -18.8869 3.85345 8
      vertex -19.1862 3.77461 8
      vertex -19.2837 1.25133 8
    endloop
  endfacet
  facet normal 0 0 1
    outer loop
      vertex -18.8869 3.85345 8
      vertex -19.2837 1.25133 8
      vertex -18.9813 1.14191 8
    endloop
  endfacet
  facet normal -0 0 1
    outer loop
      vertex -18.8869 3.85345 8
      vertex -18.9813 1.14191 8
      vertex -18.6139 3.91824 8
    endloop
  endfacet
  facet normal -0 0 1
    outer loop
      vertex -18.6139 3.91824 8
      vertex -18.6915 1.04193 8
      vertex -18.3742 3.96809 8
    endloop
  endfacet
  facet normal -0 0 1
    outer loop
      vertex -18.6915 1.04193 8
      vertex -18.4173 0.952148 8
      vertex -18.3742 3.96809 8
    endloop
  endfacet
  facet normal 0 0 1
    outer loop
      vertex -17.6323 3.98514 8
      vertex -18.3742 3.96809 8
      vertex -18.4173 0.952148 8
    endloop
  endfacet
  facet normal 0 0 1
    outer loop
      vertex -17.7552 0.85614 8
      vertex -18.4173 0.952148 8
      vertex -18.1238 0.860931 8
    endloop
  endfacet
  facet normal 0 0 1
    outer loop
      vertex -17.6323 3.98514 8
      vertex -18.4173 0.952148 8
      vertex -17.7552 0.85614 8
    endloop
  endfacet
  facet normal 0 0 1
    outer loop
      vertex -15.0173 1.57837 8
      vertex -17.6323 3.98514 8
      vertex -17.7552 0.85614 8
    endloop
  endfacet
  facet normal 0 0 1
    outer loop
      vertex -17.4566 -4.13368 8
      vertex -17.6323 -3.98514 8
      vertex -17.4608 -4.13467 8
    endloop
  endfacet
  facet normal 0 0 1
    outer loop
      vertex -14.3609 -4.66615 8
      vertex -17.3288 -5.5695 8
      vertex -13.7945 -6.14171 8
    endloop
  endfacet
  facet normal 0 0 1
    outer loop
      vertex -14.3609 -4.66615 8
      vertex -14.77 -3.13947 8
      vertex -17.4566 -4.13368 8
    endloop
  endfacet
  facet normal -0 0 1
    outer loop
      vertex -18.9813 -1.14191 8
      vertex -18.6139 -3.91824 8
      vertex -18.6915 -1.04193 8
    endloop
  endfacet
  facet normal 0 0 1
    outer loop
      vertex -17.7552 -0.85614 8
      vertex -17.5936 -0.693039 8
      vertex -17.5965 -0.693146 8
    endloop
  endfacet
  facet normal 0 0 1
    outer loop
      vertex -17.0219 -8.64825 8
      vertex -16.8315 -8.77284 8
      vertex -16.8256 -8.76978 8
    endloop
  endfacet
  facet normal 0 0 1
    outer loop
      vertex -18.4173 -0.952148 8
      vertex -17.7552 -0.85614 8
      vertex -18.1238 -0.860931 8
    endloop
  endfacet
  facet normal -0 0 1
    outer loop
      vertex -19.5974 -1.37012 8
      vertex -19.1862 -3.77461 8
      vertex -19.2837 -1.25133 8
    endloop
  endfacet
  facet normal 0 0 1
    outer loop
      vertex -19.9229 -1.49915 8
      vertex -20.1889 -3.46632 8
      vertex -19.8414 -3.57982 8
    endloop
  endfacet
  facet normal 0 0 1
    outer loop
      vertex -20.2621 -1.64027 8
      vertex -20.5466 -3.3432 8
      vertex -20.1889 -3.46632 8
    endloop
  endfacet
  facet normal -0 0 1
    outer loop
      vertex -20.6183 -1.79636 8
      vertex -20.5466 -3.3432 8
      vertex -20.2621 -1.64027 8
    endloop
  endfacet
  facet normal -0 0 1
    outer loop
      vertex -21.1732 -2.53308 8
      vertex -20.5466 -3.3432 8
      vertex -20.6183 -1.79636 8
    endloop
  endfacet
  facet normal -0 -0 1
    outer loop
      vertex -20.9146 -3.21037 8
      vertex -20.5466 -3.3432 8
      vertex -21.1732 -2.53308 8
    endloop
  endfacet
  facet normal 0 0 1
    outer loop
      vertex -19.9229 -1.49915 8
      vertex -20.2621 -1.64027 8
      vertex -20.1889 -3.46632 8
    endloop
  endfacet
  facet normal 0 0 1
    outer loop
      vertex -20.9146 -3.21037 8
      vertex -21.1732 -2.53308 8
      vertex -21.1441 -3.12364 8
    endloop
  endfacet
  facet normal -0 0 1
    outer loop
      vertex -20.8042 -1.88112 8
      vertex -21.1732 -2.53308 8
      vertex -20.6183 -1.79636 8
    endloop
  endfacet
  facet normal -0 0 1
    outer loop
      vertex -20.9958 -1.97122 8
      vertex -21.1732 -2.53308 8
      vertex -20.8042 -1.88112 8
    endloop
  endfacet
  facet normal -0 0 1
    outer loop
      vertex -21.1864 -2.06355 8
      vertex -21.1732 -2.53308 8
      vertex -20.9958 -1.97122 8
    endloop
  endfacet
  facet normal 0 0 1
    outer loop
      vertex -19.506 -3.68295 8
      vertex -19.9229 -1.49915 8
      vertex -19.8414 -3.57982 8
    endloop
  endfacet
  facet normal 0 0 1
    outer loop
      vertex -10.1039 -11.2215 8
      vertex -11.2215 -10.1039 8
      vertex -14.7018 -14.3721 8
    endloop
  endfacet
  facet normal 0 -0 1
    outer loop
      vertex -12.9529 -16.6122 8
      vertex -10.1039 -11.2215 8
      vertex -14.6357 -14.4698 8
    endloop
  endfacet
  facet normal 0 0 1
    outer loop
      vertex -19.5974 -1.37012 8
      vertex -19.9229 -1.49915 8
      vertex -19.506 -3.68295 8
    endloop
  endfacet
  facet normal 0 0 1
    outer loop
      vertex -19.1109 -6.33656 8
      vertex -19.2612 -6.41199 8
      vertex -18.7348 -8.72223 8
    endloop
  endfacet
  facet normal 0 0 1
    outer loop
      vertex -19.5974 -1.37012 8
      vertex -19.506 -3.68295 8
      vertex -19.1862 -3.77461 8
    endloop
  endfacet
  facet normal 0 0 1
    outer loop
      vertex -19.2837 -1.25133 8
      vertex -19.1862 -3.77461 8
      vertex -18.8869 -3.85345 8
    endloop
  endfacet
  facet normal 0 0 1
    outer loop
      vertex -17.3288 -5.5695 8
      vertex -17.3335 -5.57103 8
      vertex -17.4757 -5.74869 8
    endloop
  endfacet
  facet normal -0 0 1
    outer loop
      vertex -19.2837 -1.25133 8
      vertex -18.8869 -3.85345 8
      vertex -18.9813 -1.14191 8
    endloop
  endfacet
  facet normal -0 -0 1
    outer loop
      vertex -18.8869 -3.85345 8
      vertex -18.6139 -3.91824 8
      vertex -18.9813 -1.14191 8
    endloop
  endfacet
  facet normal -0 -0 1
    outer loop
      vertex -18.6139 -3.91824 8
      vertex -18.3742 -3.96809 8
      vertex -18.6915 -1.04193 8
    endloop
  endfacet
  facet normal 0 0 1
    outer loop
      vertex -18.3742 -3.96809 8
      vertex -18.4173 -0.952148 8
      vertex -18.6915 -1.04193 8
    endloop
  endfacet
  facet normal 0 -0 1
    outer loop
      vertex -18.1004 -4.01704 8
      vertex -17.6323 -3.98514 8
      vertex -18.3742 -3.96809 8
    endloop
  endfacet
  facet normal 0 0 1
    outer loop
      vertex -17.6323 -3.98514 8
      vertex -18.4173 -0.952148 8
      vertex -18.3742 -3.96809 8
    endloop
  endfacet
  facet normal 0 0 1
    outer loop
      vertex -17.7552 -0.85614 8
      vertex -18.4173 -0.952148 8
      vertex -17.6323 -3.98514 8
    endloop
  endfacet
  facet normal 0 0 1
    outer loop
      vertex 5.36493 -17.2626 8
      vertex 4.66615 -14.3609 8
      vertex 5.14909 -17.187 8
    endloop
  endfacet
  facet normal 0 -0 1
    outer loop
      vertex -17.4566 -4.13368 8
      vertex -14.77 -3.13947 8
      vertex -17.6323 -3.98514 8
    endloop
  endfacet
  facet normal 0 0 1
    outer loop
      vertex -11.2215 -10.1039 8
      vertex -15.412 -13.0391 8
      vertex -15.3113 -13.2642 8
    endloop
  endfacet
  facet normal 0 -0 1
    outer loop
      vertex 9.61908 -14.9484 8
      vertex 12.2674 -13.2775 8
      vertex 8.87555 -12.2162 8
    endloop
  endfacet
  facet normal 0 0 1
    outer loop
      vertex -14.77 -3.13947 8
      vertex -15.0173 -1.57837 8
      vertex -17.6323 -3.98514 8
    endloop
  endfacet
  facet normal 0 0 1
    outer loop
      vertex -18.6825 -6.13445 8
      vertex -18.4313 -8.75833 8
      vertex -18.295 -8.7704 8
    endloop
  endfacet
  facet normal 0 0 1
    outer loop
      vertex -17.4757 -5.74869 8
      vertex -17.8612 -5.79103 8
      vertex -18.1488 -5.90591 8
    endloop
  endfacet
  facet normal 0 0 1
    outer loop
      vertex -18.9 -8.69795 8
      vertex -19.4162 -6.49243 8
      vertex -19.0728 -8.66943 8
    endloop
  endfacet
  facet normal 0 0 1
    outer loop
      vertex -19.4381 -8.59978 8
      vertex -19.5762 -6.57832 8
      vertex -19.7419 -6.67056 8
    endloop
  endfacet
  facet normal 0 0 1
    outer loop
      vertex -19.6287 -8.55902 8
      vertex -19.7419 -6.67056 8
      vertex -19.9138 -6.76993 8
    endloop
  endfacet
  facet normal 0 0 1
    outer loop
      vertex -19.6287 -8.55902 8
      vertex -19.9138 -6.76993 8
      vertex -19.8237 -8.51442 8
    endloop
  endfacet
  facet normal -0 -0 1
    outer loop
      vertex -20.0222 -8.46622 8
      vertex -19.8237 -8.51442 8
      vertex -20.0922 -6.8772 8
    endloop
  endfacet
  facet normal -0 0 1
    outer loop
      vertex -20.0922 -6.8772 8
      vertex -19.8237 -8.51442 8
      vertex -19.9138 -6.76993 8
    endloop
  endfacet
  facet normal 0 0 1
    outer loop
      vertex -20.0222 -8.46622 8
      vertex -20.0922 -6.8772 8
      vertex -20.2777 -6.99318 8
    endloop
  endfacet
  facet normal 0 0 1
    outer loop
      vertex -20.0222 -8.46622 8
      vertex -20.2777 -6.99318 8
      vertex -20.69 -7.81252 8
    endloop
  endfacet
  facet normal 0 0 1
    outer loop
      vertex -20.0222 -8.46622 8
      vertex -20.69 -7.81252 8
      vertex -20.2236 -8.41472 8
    endloop
  endfacet
  facet normal -0 -0 1
    outer loop
      vertex -20.6003 -8.31166 8
      vertex -20.4275 -8.36005 8
      vertex -20.69 -7.81252 8
    endloop
  endfacet
  facet normal -0 -0 1
    outer loop
      vertex -20.4275 -8.36005 8
      vertex -20.2236 -8.41472 8
      vertex -20.69 -7.81252 8
    endloop
  endfacet
  facet normal 0 0 1
    outer loop
      vertex -19.7419 -6.67056 8
      vertex -19.6287 -8.55902 8
      vertex -19.4381 -8.59978 8
    endloop
  endfacet
  facet normal -0 0 1
    outer loop
      vertex -20.4706 -7.11897 8
      vertex -20.69 -7.81252 8
      vertex -20.2777 -6.99318 8
    endloop
  endfacet
  facet normal 0 0 1
    outer loop
      vertex -20.6713 -7.2556 8
      vertex -20.7581 -7.31738 8
      vertex -20.69 -7.81252 8
    endloop
  endfacet
  facet normal -0 0 1
    outer loop
      vertex -20.6713 -7.2556 8
      vertex -20.69 -7.81252 8
      vertex -20.4706 -7.11897 8
    endloop
  endfacet
  facet normal 0 0 1
    outer loop
      vertex -19.5762 -6.57832 8
      vertex -19.4381 -8.59978 8
      vertex -19.2525 -8.63663 8
    endloop
  endfacet
  facet normal 0 0 1
    outer loop
      vertex -1.57837 -15.0173 8
      vertex -0.669479 -19.3828 8
      vertex -0.501114 -19.345 8
    endloop
  endfacet
  facet normal 0 0 1
    outer loop
      vertex -15.412 -13.0391 8
      vertex -16.447 -10.2685 8
      vertex -16.5645 -10.474 8
    endloop
  endfacet
  facet normal -0 0 1
    outer loop
      vertex -19.5762 -6.57832 8
      vertex -19.2525 -8.63663 8
      vertex -19.4162 -6.49243 8
    endloop
  endfacet
  facet normal 0 0 1
    outer loop
      vertex -17.7325 -11.0043 8
      vertex -16.8475 -13.4476 8
      vertex -16.7459 -13.4265 8
    endloop
  endfacet
  facet normal -0 -0 1
    outer loop
      vertex -19.2525 -8.63663 8
      vertex -19.0728 -8.66943 8
      vertex -19.4162 -6.49243 8
    endloop
  endfacet
  facet normal -0 0 1
    outer loop
      vertex -19.4162 -6.49243 8
      vertex -18.9 -8.69795 8
      vertex -19.2612 -6.41199 8
    endloop
  endfacet
  facet normal -0 -0 1
    outer loop
      vertex -18.9 -8.69795 8
      vertex -18.7348 -8.72223 8
      vertex -19.2612 -6.41199 8
    endloop
  endfacet
  facet normal 0 0 1
    outer loop
      vertex -16.447 -10.2685 8
      vertex -16.4559 -10.2741 8
      vertex -16.5645 -10.474 8
    endloop
  endfacet
  facet normal 0 0 1
    outer loop
      vertex -19.1109 -6.33656 8
      vertex -18.7348 -8.72223 8
      vertex -18.5782 -8.74234 8
    endloop
  endfacet
  facet normal -0 0 1
    outer loop
      vertex -19.1109 -6.33656 8
      vertex -18.5782 -8.74234 8
      vertex -18.9647 -6.26556 8
    endloop
  endfacet
  facet normal -0 -0 1
    outer loop
      vertex -18.5782 -8.74234 8
      vertex -18.4313 -8.75833 8
      vertex -18.9647 -6.26556 8
    endloop
  endfacet
  facet normal 0 0 1
    outer loop
      vertex -18.4313 -8.75833 8
      vertex -18.6825 -6.13445 8
      vertex -18.9647 -6.26556 8
    endloop
  endfacet
  facet normal -0 -0 1
    outer loop
      vertex -18.295 -8.7704 8
      vertex -18.1703 -8.77867 8
      vertex -18.6825 -6.13445 8
    endloop
  endfacet
  facet normal -0 -0 1
    outer loop
      vertex -18.1703 -8.77867 8
      vertex -18.0583 -8.78362 8
      vertex -18.6825 -6.13445 8
    endloop
  endfacet
  facet normal 0 0 1
    outer loop
      vertex -18.0583 -8.78362 8
      vertex -18.4114 -6.0154 8
      vertex -18.6825 -6.13445 8
    endloop
  endfacet
  facet normal 0 0 1
    outer loop
      vertex -17.96 -8.78568 8
      vertex -18.4114 -6.0154 8
      vertex -18.0583 -8.78362 8
    endloop
  endfacet
  facet normal 0 0 1
    outer loop
      vertex -17.8086 -8.78351 8
      vertex -18.4114 -6.0154 8
      vertex -17.96 -8.78568 8
    endloop
  endfacet
  facet normal 0 0 1
    outer loop
      vertex -17.6375 -8.77632 8
      vertex -18.4114 -6.0154 8
      vertex -17.8086 -8.78351 8
    endloop
  endfacet
  facet normal 0 0 1
    outer loop
      vertex -18.1488 -5.90591 8
      vertex -18.4114 -6.0154 8
      vertex -17.6375 -8.77632 8
    endloop
  endfacet
  facet normal 0 0 1
    outer loop
      vertex -18.1488 -5.90591 8
      vertex -17.6375 -8.77632 8
      vertex -17.0219 -8.64825 8
    endloop
  endfacet
  facet normal -0 0 1
    outer loop
      vertex -18.1488 -5.90591 8
      vertex -17.0219 -8.64825 8
      vertex -17.4757 -5.74869 8
    endloop
  endfacet
  facet normal -0 -0 1
    outer loop
      vertex -17.0219 -8.64825 8
      vertex -16.8256 -8.76978 8
      vertex -17.4757 -5.74869 8
    endloop
  endfacet
  facet normal 0 -0 1
    outer loop
      vertex -0.501114 -19.345 8
      vertex 0 -15.1 8
      vertex -1.57837 -15.0173 8
    endloop
  endfacet
  facet normal 0 0 1
    outer loop
      vertex 3.84113 -17.7923 8
      vertex 1.57837 -15.0173 8
      vertex 0.818085 -18.9598 8
    endloop
  endfacet
  facet normal 0 0 1
    outer loop
      vertex -17.3288 -5.5695 8
      vertex -17.4757 -5.74869 8
      vertex -16.8256 -8.76978 8
    endloop
  endfacet
  facet normal 0 0 1
    outer loop
      vertex -17.7325 -11.0043 8
      vertex -16.7459 -13.4265 8
      vertex -16.6621 -13.4063 8
    endloop
  endfacet
  facet normal 0 0 1
    outer loop
      vertex -18.5153 -11.5829 8
      vertex -17.781 -13.5349 8
      vertex -17.5916 -13.529 8
    endloop
  endfacet
  facet normal -0 0 1
    outer loop
      vertex -17.9707 -11.1638 8
      vertex -16.9659 -13.4683 8
      vertex -17.8491 -11.0806 8
    endloop
  endfacet
  facet normal 0 0 1
    outer loop
      vertex -17.4144 -13.5188 8
      vertex -18.2308 -11.354 8
      vertex -18.3698 -11.4631 8
    endloop
  endfacet
  facet normal 0 -0 1
    outer loop
      vertex -17.9815 -13.5361 8
      vertex -17.781 -13.5349 8
      vertex -18.5153 -11.5829 8
    endloop
  endfacet
  facet normal 0 0 1
    outer loop
      vertex -17.9815 -13.5361 8
      vertex -18.5153 -11.5829 8
      vertex -18.6673 -11.7145 8
    endloop
  endfacet
  facet normal 0 0 1
    outer loop
      vertex -17.9815 -13.5361 8
      vertex -18.6673 -11.7145 8
      vertex -18.1921 -13.5322 8
    endloop
  endfacet
  facet normal 0 0 1
    outer loop
      vertex -18.6673 -11.7145 8
      vertex -18.8258 -11.8592 8
      vertex -18.1921 -13.5322 8
    endloop
  endfacet
  facet normal 0 0 1
    outer loop
      vertex -18.8258 -11.8592 8
      vertex -18.4117 -13.5229 8
      vertex -18.1921 -13.5322 8
    endloop
  endfacet
  facet normal 0 0 1
    outer loop
      vertex -18.4117 -13.5229 8
      vertex -18.9908 -12.0181 8
      vertex -18.6392 -13.5083 8
    endloop
  endfacet
  facet normal 0 0 1
    outer loop
      vertex -18.4117 -13.5229 8
      vertex -18.8258 -11.8592 8
      vertex -18.9908 -12.0181 8
    endloop
  endfacet
  facet normal 0 0 1
    outer loop
      vertex -18.9908 -12.0181 8
      vertex -19.1622 -12.1926 8
      vertex -18.6392 -13.5083 8
    endloop
  endfacet
  facet normal 0 0 1
    outer loop
      vertex -19.1622 -12.1926 8
      vertex -18.8736 -13.4882 8
      vertex -18.6392 -13.5083 8
    endloop
  endfacet
  facet normal -0 0 1
    outer loop
      vertex -19.3397 -12.3839 8
      vertex -18.8736 -13.4882 8
      vertex -19.1622 -12.1926 8
    endloop
  endfacet
  facet normal -0 -0 1
    outer loop
      vertex -19.114 -13.4625 8
      vertex -18.8736 -13.4882 8
      vertex -19.3397 -12.3839 8
    endloop
  endfacet
  facet normal 0 0 1
    outer loop
      vertex -19.114 -13.4625 8
      vertex -19.3397 -12.3839 8
      vertex -19.5069 -12.5754 8
    endloop
  endfacet
  facet normal 0 0 1
    outer loop
      vertex -19.114 -13.4625 8
      vertex -19.5069 -12.5754 8
      vertex -19.1896 -13.4529 8
    endloop
  endfacet
  facet normal 0 0 1
    outer loop
      vertex -17.5916 -13.529 8
      vertex -18.3698 -11.4631 8
      vertex -18.5153 -11.5829 8
    endloop
  endfacet
  facet normal 0 0 1
    outer loop
      vertex -11.7186 -17.6929 8
      vertex -7.54999 -13.077 8
      vertex -8.87555 -12.2162 8
    endloop
  endfacet
  facet normal 0 -0 1
    outer loop
      vertex -9.46446 -18.9976 8
      vertex -7.54999 -13.077 8
      vertex -11.7186 -17.6929 8
    endloop
  endfacet
  facet normal 0 0 1
    outer loop
      vertex -17.4144 -13.5188 8
      vertex -18.3698 -11.4631 8
      vertex -17.5916 -13.529 8
    endloop
  endfacet
  facet normal 0 0 1
    outer loop
      vertex -16.2045 -16.0661 8
      vertex -14.8415 -17.807 8
      vertex -14.6745 -17.7405 8
    endloop
  endfacet
  facet normal 0 0 1
    outer loop
      vertex -17.2503 -13.5048 8
      vertex -18.2308 -11.354 8
      vertex -17.4144 -13.5188 8
    endloop
  endfacet
  facet normal 0 0 1
    outer loop
      vertex -16.1006 -15.9203 8
      vertex -14.6745 -17.7405 8
      vertex -14.5258 -17.6749 8
    endloop
  endfacet
  facet normal 0 0 1
    outer loop
      vertex -18.0978 -11.2546 8
      vertex -18.2308 -11.354 8
      vertex -17.2503 -13.5048 8
    endloop
  endfacet
  facet normal 0 0 1
    outer loop
      vertex -18.0978 -11.2546 8
      vertex -17.2503 -13.5048 8
      vertex -17.1005 -13.4877 8
    endloop
  endfacet
  facet normal 0 0 1
    outer loop
      vertex -14.6357 -14.4698 8
      vertex -14.6401 -14.4741 8
      vertex -14.6892 -14.6963 8
    endloop
  endfacet
  facet normal -0 0 1
    outer loop
      vertex -18.0978 -11.2546 8
      vertex -17.1005 -13.4877 8
      vertex -17.9707 -11.1638 8
    endloop
  endfacet
  facet normal 0 -0 1
    outer loop
      vertex -17.1005 -13.4877 8
      vertex -16.9659 -13.4683 8
      vertex -17.9707 -11.1638 8
    endloop
  endfacet
  facet normal 0 -0 1
    outer loop
      vertex -16.9659 -13.4683 8
      vertex -16.8475 -13.4476 8
      vertex -17.8491 -11.0806 8
    endloop
  endfacet
  facet normal 0 0 1
    outer loop
      vertex -16.8475 -13.4476 8
      vertex -17.7325 -11.0043 8
      vertex -17.8491 -11.0806 8
    endloop
  endfacet
  facet normal 0 0 1
    outer loop
      vertex -16.5497 -13.3735 8
      vertex -17.7325 -11.0043 8
      vertex -16.6621 -13.4063 8
    endloop
  endfacet
  facet normal 0 0 1
    outer loop
      vertex -17.6206 -10.934 8
      vertex -17.7325 -11.0043 8
      vertex -16.5497 -13.3735 8
    endloop
  endfacet
  facet normal 0 0 1
    outer loop
      vertex -17.6206 -10.934 8
      vertex -16.5497 -13.3735 8
      vertex -16.3615 -13.3038 8
    endloop
  endfacet
  facet normal -0 0 1
    outer loop
      vertex -17.6206 -10.934 8
      vertex -16.3615 -13.3038 8
      vertex -17.5127 -10.869 8
    endloop
  endfacet
  facet normal 0 0 1
    outer loop
      vertex -16.3615 -13.3038 8
      vertex -17.3074 -10.7519 8
      vertex -17.5127 -10.869 8
    endloop
  endfacet
  facet normal 0 0 1
    outer loop
      vertex -15.6325 -12.9666 8
      vertex -17.3074 -10.7519 8
      vertex -16.3615 -13.3038 8
    endloop
  endfacet
  facet normal 0 0 1
    outer loop
      vertex -17.0575 -10.6187 8
      vertex -17.3074 -10.7519 8
      vertex -15.6325 -12.9666 8
    endloop
  endfacet
  facet normal -0 0 1
    outer loop
      vertex -17.0575 -10.6187 8
      vertex -15.6325 -12.9666 8
      vertex -16.5645 -10.474 8
    endloop
  endfacet
  facet normal -0 -0 1
    outer loop
      vertex -15.6325 -12.9666 8
      vertex -15.412 -13.0391 8
      vertex -16.5645 -10.474 8
    endloop
  endfacet
  facet normal 0 -0 1
    outer loop
      vertex -15.4188 -13.0449 8
      vertex -15.412 -13.0391 8
      vertex -15.6325 -12.9666 8
    endloop
  endfacet
  facet normal 0 0 1
    outer loop
      vertex -1.57837 -15.0173 8
      vertex -3.13947 -14.77 8
      vertex -3.58527 -19.8616 8
    endloop
  endfacet
  facet normal 0 0 1
    outer loop
      vertex 1.57837 -15.0173 8
      vertex 0 -15.1 8
      vertex 0.818085 -18.9598 8
    endloop
  endfacet
  facet normal 0 -0 1
    outer loop
      vertex -9.15964 -19.1364 8
      vertex -6.14171 -13.7945 8
      vertex -9.46446 -18.9976 8
    endloop
  endfacet
  facet normal 0 0 1
    outer loop
      vertex -15.6573 -15.4025 8
      vertex -15.7349 -15.482 8
      vertex -13.8602 -17.2359 8
    endloop
  endfacet
  facet normal 0 0 1
    outer loop
      vertex -13.8602 -17.2359 8
      vertex -15.7349 -15.482 8
      vertex -13.9896 -17.3558 8
    endloop
  endfacet
  facet normal 0 0 1
    outer loop
      vertex -15.6808 -18.056 8
      vertex -16.652 -16.8309 8
      vertex -15.9293 -18.1084 8
    endloop
  endfacet
  facet normal -0 0 1
    outer loop
      vertex -16.3125 -16.2289 8
      vertex -14.8415 -17.807 8
      vertex -16.2045 -16.0661 8
    endloop
  endfacet
  facet normal 0 -0 1
    outer loop
      vertex -15.0263 -17.873 8
      vertex -14.8415 -17.807 8
      vertex -16.3125 -16.2289 8
    endloop
  endfacet
  facet normal 0 0 1
    outer loop
      vertex -15.0263 -17.873 8
      vertex -16.3125 -16.2289 8
      vertex -15.2284 -17.9373 8
    endloop
  endfacet
  facet normal 0 0 1
    outer loop
      vertex -16.3125 -16.2289 8
      vertex -16.4238 -16.4099 8
      vertex -15.2284 -17.9373 8
    endloop
  endfacet
  facet normal -0 0 1
    outer loop
      vertex -16.2045 -16.0661 8
      vertex -14.6745 -17.7405 8
      vertex -16.1006 -15.9203 8
    endloop
  endfacet
  facet normal 0 -0 1
    outer loop
      vertex -15.4468 -17.9986 8
      vertex -15.2284 -17.9373 8
      vertex -16.4238 -16.4099 8
    endloop
  endfacet
  facet normal 0 0 1
    outer loop
      vertex -15.4468 -17.9986 8
      vertex -16.4238 -16.4099 8
      vertex -16.5373 -16.6102 8
    endloop
  endfacet
  facet normal -0 0 1
    outer loop
      vertex -16.652 -16.8309 8
      vertex -15.6808 -18.056 8
      vertex -16.5373 -16.6102 8
    endloop
  endfacet
  facet normal 0 0 1
    outer loop
      vertex -16.5373 -16.6102 8
      vertex -15.6808 -18.056 8
      vertex -15.4468 -17.9986 8
    endloop
  endfacet
  facet normal -0 0 1
    outer loop
      vertex -16.7666 -17.0728 8
      vertex -15.9293 -18.1084 8
      vertex -16.652 -16.8309 8
    endloop
  endfacet
  facet normal 0 -0 1
    outer loop
      vertex -16.1912 -18.1551 8
      vertex -15.9293 -18.1084 8
      vertex -16.7666 -17.0728 8
    endloop
  endfacet
  facet normal 0 0 1
    outer loop
      vertex -16.1912 -18.1551 8
      vertex -16.7666 -17.0728 8
      vertex -16.8797 -17.3366 8
    endloop
  endfacet
  facet normal 0 0 1
    outer loop
      vertex -16.1912 -18.1551 8
      vertex -16.8797 -17.3366 8
      vertex -16.895 -17.5849 8
    endloop
  endfacet
  facet normal 0 0 1
    outer loop
      vertex -16.1912 -18.1551 8
      vertex -16.895 -17.5849 8
      vertex -16.3953 -18.1852 8
    endloop
  endfacet
  facet normal -0 0 1
    outer loop
      vertex -16.9461 -17.5094 8
      vertex -16.895 -17.5849 8
      vertex -16.8797 -17.3366 8
    endloop
  endfacet
  facet normal -0 0 1
    outer loop
      vertex -16.1006 -15.9203 8
      vertex -14.5258 -17.6749 8
      vertex -16.0013 -15.7902 8
    endloop
  endfacet
  facet normal 0 0 1
    outer loop
      vertex -6.14171 -13.7945 8
      vertex -9.15964 -19.1364 8
      vertex -7.98303 -19.5186 8
    endloop
  endfacet
  facet normal 0 0 1
    outer loop
      vertex -12.574 -19.3906 8
      vertex -12.6195 -19.5461 8
      vertex -10.6176 -20.7019 8
    endloop
  endfacet
  facet normal 0 -0 1
    outer loop
      vertex -14.5258 -17.6749 8
      vertex -14.3958 -17.6116 8
      vertex -16.0013 -15.7902 8
    endloop
  endfacet
  facet normal 0 0 1
    outer loop
      vertex -11.0637 -21.099 8
      vertex -12.7404 -20.131 8
      vertex -11.2518 -21.2422 8
    endloop
  endfacet
  facet normal 0 0 1
    outer loop
      vertex -14.3958 -17.6116 8
      vertex -15.907 -15.6746 8
      vertex -16.0013 -15.7902 8
    endloop
  endfacet
  facet normal 0 0 1
    outer loop
      vertex -14.2844 -17.5521 8
      vertex -15.907 -15.6746 8
      vertex -14.3958 -17.6116 8
    endloop
  endfacet
  facet normal 0 0 1
    outer loop
      vertex -15.8182 -15.5723 8
      vertex -15.907 -15.6746 8
      vertex -14.2844 -17.5521 8
    endloop
  endfacet
  facet normal 0 0 1
    outer loop
      vertex -15.8182 -15.5723 8
      vertex -14.2844 -17.5521 8
      vertex -14.1916 -17.4979 8
    endloop
  endfacet
  facet normal 0 0 1
    outer loop
      vertex -15.8182 -15.5723 8
      vertex -14.1916 -17.4979 8
      vertex -14.117 -17.4503 8
    endloop
  endfacet
  facet normal 0 0 1
    outer loop
      vertex -10.8957 -20.9603 8
      vertex -12.7043 -19.9161 8
      vertex -12.7404 -20.131 8
    endloop
  endfacet
  facet normal -0 0 1
    outer loop
      vertex -15.8182 -15.5723 8
      vertex -14.117 -17.4503 8
      vertex -15.7349 -15.482 8
    endloop
  endfacet
  facet normal 0 0 1
    outer loop
      vertex -10.7473 -20.8275 8
      vertex -12.6195 -19.5461 8
      vertex -12.6635 -19.7212 8
    endloop
  endfacet
  facet normal 0 -0 1
    outer loop
      vertex -14.117 -17.4503 8
      vertex -14.06 -17.4107 8
      vertex -15.7349 -15.482 8
    endloop
  endfacet
  facet normal 0 -0 1
    outer loop
      vertex -14.06 -17.4107 8
      vertex -13.9896 -17.3558 8
      vertex -15.7349 -15.482 8
    endloop
  endfacet
  facet normal 0 0 1
    outer loop
      vertex -15.5852 -15.3327 8
      vertex -15.6573 -15.4025 8
      vertex -13.8602 -17.2359 8
    endloop
  endfacet
  facet normal -0 0 1
    outer loop
      vertex -15.5852 -15.3327 8
      vertex -13.8602 -17.2359 8
      vertex -15.5185 -15.2715 8
    endloop
  endfacet
  facet normal 0 0 1
    outer loop
      vertex -13.8602 -17.2359 8
      vertex -15.4569 -15.2179 8
      vertex -15.5185 -15.2715 8
    endloop
  endfacet
  facet normal 0 0 1
    outer loop
      vertex -13.735 -17.1383 8
      vertex -15.4569 -15.2179 8
      vertex -13.8602 -17.2359 8
    endloop
  endfacet
  facet normal 0 0 1
    outer loop
      vertex -15.2669 -15.0633 8
      vertex -15.4569 -15.2179 8
      vertex -13.735 -17.1383 8
    endloop
  endfacet
  facet normal 0 0 1
    outer loop
      vertex -15.2669 -15.0633 8
      vertex -13.735 -17.1383 8
      vertex -13.1895 -16.6186 8
    endloop
  endfacet
  facet normal -0 0 1
    outer loop
      vertex -15.2669 -15.0633 8
      vertex -13.1895 -16.6186 8
      vertex -14.6892 -14.6963 8
    endloop
  endfacet
  facet normal 0 -0 1
    outer loop
      vertex -13.1895 -16.6186 8
      vertex -12.9529 -16.6122 8
      vertex -14.6892 -14.6963 8
    endloop
  endfacet
  facet normal 0 -0 1
    outer loop
      vertex -12.962 -16.6239 8
      vertex -12.9529 -16.6122 8
      vertex -13.1895 -16.6186 8
    endloop
  endfacet
  facet normal 0 0 1
    outer loop
      vertex -12.9529 -16.6122 8
      vertex -14.6357 -14.4698 8
      vertex -14.6892 -14.6963 8
    endloop
  endfacet
  facet normal -0 0 1
    outer loop
      vertex -7.98303 -19.5186 8
      vertex -7.91391 -19.533 8
      vertex -6.14171 -13.7945 8
    endloop
  endfacet
  facet normal 0 0 1
    outer loop
      vertex -12.7404 -20.131 8
      vertex -12.7704 -20.3654 8
      vertex -11.2518 -21.2422 8
    endloop
  endfacet
  facet normal 0 0 1
    outer loop
      vertex -5.5403 -21.3678 8
      vertex -7.99664 -20.6212 8
      vertex -8.03697 -20.8008 8
    endloop
  endfacet
  facet normal 0 0 1
    outer loop
      vertex -10.8957 -20.9603 8
      vertex -12.6635 -19.7212 8
      vertex -12.7043 -19.9161 8
    endloop
  endfacet
  facet normal 0 0 1
    outer loop
      vertex -10.6176 -20.7019 8
      vertex -12.6195 -19.5461 8
      vertex -10.7473 -20.8275 8
    endloop
  endfacet
  facet normal 0 0 1
    outer loop
      vertex -11.2518 -21.2422 8
      vertex -12.7704 -20.3654 8
      vertex -12.7927 -20.6191 8
    endloop
  endfacet
  facet normal 0 0 1
    outer loop
      vertex -11.2518 -21.2422 8
      vertex -12.7927 -20.6191 8
      vertex -11.4603 -21.3884 8
    endloop
  endfacet
  facet normal 0 -0 1
    outer loop
      vertex -11.0637 -21.099 8
      vertex -10.8957 -20.9603 8
      vertex -12.7404 -20.131 8
    endloop
  endfacet
  facet normal -0 0 1
    outer loop
      vertex -8.04814 -20.8817 8
      vertex -5.5403 -21.3678 8
      vertex -8.03697 -20.8008 8
    endloop
  endfacet
  facet normal 0 0 1
    outer loop
      vertex -11.4603 -21.3884 8
      vertex -12.7927 -20.6191 8
      vertex -11.6893 -21.5358 8
    endloop
  endfacet
  facet normal -0 0 1
    outer loop
      vertex -8.05389 -20.9508 8
      vertex -5.5403 -21.3678 8
      vertex -8.04814 -20.8817 8
    endloop
  endfacet
  facet normal -0 0 1
    outer loop
      vertex -12.8059 -20.8912 8
      vertex -11.6893 -21.5358 8
      vertex -12.7927 -20.6191 8
    endloop
  endfacet
  facet normal 0 -0 1
    outer loop
      vertex -5.57687 -21.4851 8
      vertex -5.5403 -21.3678 8
      vertex -8.05389 -20.9508 8
    endloop
  endfacet
  facet normal 0 0 1
    outer loop
      vertex -11.6893 -21.5358 8
      vertex -12.8059 -20.8912 8
      vertex -12.8087 -21.1808 8
    endloop
  endfacet
  facet normal 0 0 1
    outer loop
      vertex -11.9388 -21.6831 8
      vertex -12.8087 -21.1808 8
      vertex -12.8046 -21.3245 8
    endloop
  endfacet
  facet normal 0 -0 1
    outer loop
      vertex -11.9388 -21.6831 8
      vertex -11.6893 -21.5358 8
      vertex -12.8087 -21.1808 8
    endloop
  endfacet
  facet normal 0 0 1
    outer loop
      vertex -8.05838 -21.1467 8
      vertex -5.62108 -21.6132 8
      vertex -5.57687 -21.4851 8
    endloop
  endfacet
  facet normal 0 0 1
    outer loop
      vertex -12.8046 -21.3245 8
      vertex -12.0821 -21.7604 8
      vertex -11.9388 -21.6831 8
    endloop
  endfacet
  facet normal -0 -0 1
    outer loop
      vertex -8.05423 -21.2729 8
      vertex -5.62108 -21.6132 8
      vertex -8.05838 -21.1467 8
    endloop
  endfacet
  facet normal 0 0 1
    outer loop
      vertex -5.67406 -21.7526 8
      vertex -8.05423 -21.2729 8
      vertex -8.04399 -21.4172 8
    endloop
  endfacet
  facet normal 0 0 1
    outer loop
      vertex -12.574 -19.3906 8
      vertex -10.5058 -20.5847 8
      vertex -10.4106 -20.4769 8
    endloop
  endfacet
  facet normal -0 0 1
    outer loop
      vertex -12.574 -19.3906 8
      vertex -10.4106 -20.4769 8
      vertex -12.5282 -19.2543 8
    endloop
  endfacet
  facet normal 0 0 1
    outer loop
      vertex -10.4106 -20.4769 8
      vertex -12.4834 -19.1365 8
      vertex -12.5282 -19.2543 8
    endloop
  endfacet
  facet normal 0 0 1
    outer loop
      vertex -10.3309 -20.3792 8
      vertex -12.4834 -19.1365 8
      vertex -10.4106 -20.4769 8
    endloop
  endfacet
  facet normal 0 0 1
    outer loop
      vertex -10.2654 -20.2923 8
      vertex -12.4834 -19.1365 8
      vertex -10.3309 -20.3792 8
    endloop
  endfacet
  facet normal 0 0 1
    outer loop
      vertex -12.4409 -19.0363 8
      vertex -12.4834 -19.1365 8
      vertex -10.2654 -20.2923 8
    endloop
  endfacet
  facet normal 0 0 1
    outer loop
      vertex -12.4409 -19.0363 8
      vertex -10.2654 -20.2923 8
      vertex -10.2127 -20.2166 8
    endloop
  endfacet
  facet normal -0 0 1
    outer loop
      vertex -12.4409 -19.0363 8
      vertex -10.2127 -20.2166 8
      vertex -12.4018 -18.9528 8
    endloop
  endfacet
  facet normal 0 0 1
    outer loop
      vertex -10.2127 -20.2166 8
      vertex -12.3668 -18.8848 8
      vertex -12.4018 -18.9528 8
    endloop
  endfacet
  facet normal 0 0 1
    outer loop
      vertex -10.1713 -20.1523 8
      vertex -12.3668 -18.8848 8
      vertex -10.2127 -20.2166 8
    endloop
  endfacet
  facet normal 0 0 1
    outer loop
      vertex -12.312 -18.7906 8
      vertex -12.3668 -18.8848 8
      vertex -10.1713 -20.1523 8
    endloop
  endfacet
  facet normal 0 0 1
    outer loop
      vertex -12.1965 -18.6205 8
      vertex -12.312 -18.7906 8
      vertex -10.1171 -20.0578 8
    endloop
  endfacet
  facet normal -0 0 1
    outer loop
      vertex -5.21193 -19.9044 8
      vertex -4.25314 -19.913 8
      vertex -4.66615 -14.3609 8
    endloop
  endfacet
  facet normal 0 -0 1
    outer loop
      vertex -10.1171 -20.0578 8
      vertex -10.0276 -19.8728 8
      vertex -12.1965 -18.6205 8
    endloop
  endfacet
  facet normal 0 0 1
    outer loop
      vertex -10.0276 -19.8728 8
      vertex -11.6936 -17.9328 8
      vertex -12.1965 -18.6205 8
    endloop
  endfacet
  facet normal 0 0 1
    outer loop
      vertex -9.68346 -19.0934 8
      vertex -11.6936 -17.9328 8
      vertex -10.0276 -19.8728 8
    endloop
  endfacet
  facet normal 0 0 1
    outer loop
      vertex -11.7186 -17.6929 8
      vertex -11.6936 -17.9328 8
      vertex -9.68346 -19.0934 8
    endloop
  endfacet
  facet normal 0 0 1
    outer loop
      vertex -9.46446 -18.9976 8
      vertex -9.68346 -19.0934 8
      vertex -9.47124 -19.0112 8
    endloop
  endfacet
  facet normal 0 0 1
    outer loop
      vertex -4.66615 -14.3609 8
      vertex -7.91391 -19.533 8
      vertex -5.21193 -19.9044 8
    endloop
  endfacet
  facet normal 0 0 1
    outer loop
      vertex -11.7186 -17.6929 8
      vertex -9.68346 -19.0934 8
      vertex -9.46446 -18.9976 8
    endloop
  endfacet
  facet normal 0 -0 1
    outer loop
      vertex -4.25314 -19.913 8
      vertex -3.13947 -14.77 8
      vertex -4.66615 -14.3609 8
    endloop
  endfacet
  facet normal 0 0 1
    outer loop
      vertex -7.79736 -19.7317 8
      vertex -7.91391 -19.533 8
      vertex -7.91568 -19.5373 8
    endloop
  endfacet
  facet normal 0 -0 1
    outer loop
      vertex -3.58527 -19.8616 8
      vertex -3.13947 -14.77 8
      vertex -4.25314 -19.913 8
    endloop
  endfacet
  facet normal -0 -0 1
    outer loop
      vertex -7.79736 -19.7317 8
      vertex -5.21193 -19.9044 8
      vertex -7.91391 -19.533 8
    endloop
  endfacet
  facet normal 0 0 1
    outer loop
      vertex -5.62108 -21.6132 8
      vertex -8.05423 -21.2729 8
      vertex -5.67406 -21.7526 8
    endloop
  endfacet
  facet normal 0 0 1
    outer loop
      vertex -5.57687 -21.4851 8
      vertex -8.0578 -21.0392 8
      vertex -8.05838 -21.1467 8
    endloop
  endfacet
  facet normal 0 0 1
    outer loop
      vertex -5.57687 -21.4851 8
      vertex -8.05389 -20.9508 8
      vertex -8.0578 -21.0392 8
    endloop
  endfacet
  facet normal 0 0 1
    outer loop
      vertex -5.67406 -21.7526 8
      vertex -8.04399 -21.4172 8
      vertex -5.73705 -21.9037 8
    endloop
  endfacet
  facet normal 0 0 1
    outer loop
      vertex -8.04399 -21.4172 8
      vertex -8.02647 -21.5788 8
      vertex -5.73705 -21.9037 8
    endloop
  endfacet
  facet normal 0 0 1
    outer loop
      vertex -8.02647 -21.5788 8
      vertex -5.81137 -22.0666 8
      vertex -5.73705 -21.9037 8
    endloop
  endfacet
  facet normal -0 -0 1
    outer loop
      vertex -8.00056 -21.7566 8
      vertex -5.81137 -22.0666 8
      vertex -8.02647 -21.5788 8
    endloop
  endfacet
  facet normal 0 -0 1
    outer loop
      vertex -5.89839 -22.2415 8
      vertex -5.81137 -22.0666 8
      vertex -8.00056 -21.7566 8
    endloop
  endfacet
  facet normal 0 0 1
    outer loop
      vertex -5.89839 -22.2415 8
      vertex -8.00056 -21.7566 8
      vertex -7.96532 -21.9497 8
    endloop
  endfacet
  facet normal 0 0 1
    outer loop
      vertex -5.89839 -22.2415 8
      vertex -7.96532 -21.9497 8
      vertex -7.91995 -22.1568 8
    endloop
  endfacet
  facet normal 0 0 1
    outer loop
      vertex -5.89839 -22.2415 8
      vertex -7.91995 -22.1568 8
      vertex -5.99953 -22.4284 8
    endloop
  endfacet
  facet normal 0 0 1
    outer loop
      vertex -7.91995 -22.1568 8
      vertex -7.86386 -22.3767 8
      vertex -5.99953 -22.4284 8
    endloop
  endfacet
  facet normal 0 0 1
    outer loop
      vertex -7.86386 -22.3767 8
      vertex -6.11624 -22.6268 8
      vertex -5.99953 -22.4284 8
    endloop
  endfacet
  facet normal -0 -0 1
    outer loop
      vertex -7.79654 -22.608 8
      vertex -6.11624 -22.6268 8
      vertex -7.86386 -22.3767 8
    endloop
  endfacet
  facet normal 0 -0 1
    outer loop
      vertex -6.24997 -22.8365 8
      vertex -6.11624 -22.6268 8
      vertex -7.79654 -22.608 8
    endloop
  endfacet
  facet normal 0 0 1
    outer loop
      vertex -6.24997 -22.8365 8
      vertex -7.79654 -22.608 8
      vertex -7.71771 -22.8494 8
    endloop
  endfacet
  facet normal 0 0 1
    outer loop
      vertex -6.24997 -22.8365 8
      vertex -7.71771 -22.8494 8
      vertex -6.40215 -23.0567 8
    endloop
  endfacet
  facet normal 0 0 1
    outer loop
      vertex -7.71771 -22.8494 8
      vertex -7.62721 -23.0995 8
      vertex -7.31577 -23.3508 8
    endloop
  endfacet
  facet normal 0 0 1
    outer loop
      vertex -7.71771 -22.8494 8
      vertex -7.31577 -23.3508 8
      vertex -6.40215 -23.0567 8
    endloop
  endfacet
  facet normal -0 -0 1
    outer loop
      vertex -7.54666 -23.3026 8
      vertex -7.31577 -23.3508 8
      vertex -7.62721 -23.0995 8
    endloop
  endfacet
  facet normal 0 0 1
    outer loop
      vertex -7.31577 -23.3508 8
      vertex -6.57408 -23.2865 8
      vertex -6.40215 -23.0567 8
    endloop
  endfacet
  facet normal 0 -0 1
    outer loop
      vertex -6.67944 -23.4167 8
      vertex -6.57408 -23.2865 8
      vertex -7.31577 -23.3508 8
    endloop
  endfacet
  facet normal 0 -0 1
    outer loop
      vertex 8.19688 -15.5836 8
      vertex 8.45418 -15.4402 8
      vertex 7.54999 -13.077 8
    endloop
  endfacet
  facet normal -0 0 1
    outer loop
      vertex -16.6117 -9.70027 8
      vertex -16.447 -10.2685 8
      vertex -12.2162 -8.87555 8
    endloop
  endfacet
  facet normal 0 0 1
    outer loop
      vertex -8.87555 -12.2162 8
      vertex -12.3088 -17.2367 8
      vertex -11.7186 -17.6929 8
    endloop
  endfacet
  facet normal 0 0 1
    outer loop
      vertex -7.54999 -13.077 8
      vertex -9.46446 -18.9976 8
      vertex -6.14171 -13.7945 8
    endloop
  endfacet
  facet normal -0 0 1
    outer loop
      vertex -12.9529 -16.6122 8
      vertex -12.3088 -17.2367 8
      vertex -8.87555 -12.2162 8
    endloop
  endfacet
  facet normal 0 0 1
    outer loop
      vertex -12.9529 -16.6122 8
      vertex -8.87555 -12.2162 8
      vertex -10.1039 -11.2215 8
    endloop
  endfacet
  facet normal 0 -0 1
    outer loop
      vertex -14.6357 -14.4698 8
      vertex -10.1039 -11.2215 8
      vertex -14.7018 -14.3721 8
    endloop
  endfacet
  facet normal 0 0 1
    outer loop
      vertex -12.2162 -8.87555 8
      vertex -15.412 -13.0391 8
      vertex -11.2215 -10.1039 8
    endloop
  endfacet
  facet normal -0 0 1
    outer loop
      vertex -16.447 -10.2685 8
      vertex -15.412 -13.0391 8
      vertex -12.2162 -8.87555 8
    endloop
  endfacet
  facet normal 0 0 1
    outer loop
      vertex -16.6117 -9.70027 8
      vertex -12.2162 -8.87555 8
      vertex -13.077 -7.54999 8
    endloop
  endfacet
  facet normal 0 0 1
    outer loop
      vertex -13.077 -7.54999 8
      vertex -13.7945 -6.14171 8
      vertex -16.8256 -8.76978 8
    endloop
  endfacet
  facet normal 0 0 1
    outer loop
      vertex -13.7945 -6.14171 8
      vertex -17.3288 -5.5695 8
      vertex -16.8256 -8.76978 8
    endloop
  endfacet
  facet normal 0 0 1
    outer loop
      vertex -14.3609 -4.66615 8
      vertex -17.4069 -4.80888 8
      vertex -17.3288 -5.5695 8
    endloop
  endfacet
  facet normal 0 0 1
    outer loop
      vertex -17.7552 -0.85614 8
      vertex -17.6323 -3.98514 8
      vertex -15.0173 -1.57837 8
    endloop
  endfacet
  facet normal 0 0 1
    outer loop
      vertex -15.0173 -1.57837 8
      vertex -15.1 0 8
      vertex -17.5936 -0.693039 8
    endloop
  endfacet
  facet normal -0 0 1
    outer loop
      vertex -17.7552 -0.85614 8
      vertex -15.0173 -1.57837 8
      vertex -17.5936 -0.693039 8
    endloop
  endfacet
  facet normal 0 -0 1
    outer loop
      vertex -3.13947 14.77 8
      vertex -1.57837 15.0173 8
      vertex -3.58527 19.8616 8
    endloop
  endfacet
  facet normal 0 0 1
    outer loop
      vertex -17.4566 4.13368 8
      vertex -17.6323 3.98514 8
      vertex -14.77 3.13947 8
    endloop
  endfacet
  facet normal 0 0 1
    outer loop
      vertex -3.58527 19.8616 8
      vertex -4.25314 19.913 8
      vertex -3.13947 14.77 8
    endloop
  endfacet
  facet normal -0 0 1
    outer loop
      vertex -17.4566 4.13368 8
      vertex -14.77 3.13947 8
      vertex -14.3609 4.66615 8
    endloop
  endfacet
  facet normal -0 0 1
    outer loop
      vertex -9.15964 19.1364 8
      vertex -6.14171 13.7945 8
      vertex -7.98303 19.5186 8
    endloop
  endfacet
  facet normal 0 0 1
    outer loop
      vertex -6.14171 13.7945 8
      vertex -9.15964 19.1364 8
      vertex -9.46446 18.9976 8
    endloop
  endfacet
  facet normal 0 0 1
    outer loop
      vertex -16.8256 8.76978 8
      vertex -13.7945 6.14171 8
      vertex -13.077 7.54999 8
    endloop
  endfacet
  facet normal 0 0 1
    outer loop
      vertex -15.412 13.0391 8
      vertex -12.2162 8.87555 8
      vertex -11.2215 10.1039 8
    endloop
  endfacet
  facet normal 0 0 1
    outer loop
      vertex -14.6357 14.4698 8
      vertex -14.7018 14.3721 8
      vertex -10.1039 11.2215 8
    endloop
  endfacet
  facet normal 0 0 1
    outer loop
      vertex -12.9529 16.6122 8
      vertex -10.1039 11.2215 8
      vertex -8.87555 12.2162 8
    endloop
  endfacet
  facet normal 0 0 1
    outer loop
      vertex -9.46446 18.9976 8
      vertex -11.7186 17.6929 8
      vertex -7.54999 13.077 8
    endloop
  endfacet
  facet normal 0 0 1
    outer loop
      vertex -6.14171 13.7945 8
      vertex -7.91391 19.533 8
      vertex -7.98303 19.5186 8
    endloop
  endfacet
  facet normal 0 0 1
    outer loop
      vertex -4.66615 14.3609 8
      vertex -7.91391 19.533 8
      vertex -6.14171 13.7945 8
    endloop
  endfacet
  facet normal -0 0 1
    outer loop
      vertex -5.21193 19.9044 8
      vertex -4.66615 14.3609 8
      vertex -4.25314 19.913 8
    endloop
  endfacet
  facet normal 0 -0 1
    outer loop
      vertex -1.57837 15.0173 8
      vertex -0.669479 19.3828 8
      vertex -3.58527 19.8616 8
    endloop
  endfacet
  facet normal 0 0 1
    outer loop
      vertex -0.501114 19.345 8
      vertex -0.669479 19.3828 8
      vertex -1.57837 15.0173 8
    endloop
  endfacet
  facet normal 0 0 1
    outer loop
      vertex -1.57837 15.0173 8
      vertex 0 15.1 8
      vertex -0.501114 19.345 8
    endloop
  endfacet
  facet normal 0 0 1
    outer loop
      vertex 0.818085 18.9598 8
      vertex 0 15.1 8
      vertex 1.57837 15.0173 8
    endloop
  endfacet
  facet normal -0 0 1
    outer loop
      vertex 1.57837 15.0173 8
      vertex 3.13947 14.77 8
      vertex 3.84113 17.7923 8
    endloop
  endfacet
  facet normal 0 0 1
    outer loop
      vertex 0.818085 18.9598 8
      vertex 1.57837 15.0173 8
      vertex 3.84113 17.7923 8
    endloop
  endfacet
  facet normal 0 0 1
    outer loop
      vertex 3.13947 14.77 8
      vertex 4.16939 17.6494 8
      vertex 3.84113 17.7923 8
    endloop
  endfacet
  facet normal 0 0 1
    outer loop
      vertex 8.19688 15.5836 8
      vertex 8.13617 15.8046 8
      vertex 6.14171 13.7945 8
    endloop
  endfacet
  facet normal 0 0 1
    outer loop
      vertex 8.19688 15.5836 8
      vertex 6.14171 13.7945 8
      vertex 7.54999 13.077 8
    endloop
  endfacet
  facet normal -0 0 1
    outer loop
      vertex 7.54999 13.077 8
      vertex 8.87555 12.2162 8
      vertex 9.39795 14.8915 8
    endloop
  endfacet
  facet normal 0 0 1
    outer loop
      vertex 12.2674 13.2775 8
      vertex 10.1039 11.2215 8
      vertex 12.3091 13.052 8
    endloop
  endfacet
  facet normal 0 0 1
    outer loop
      vertex 10.1039 11.2215 8
      vertex 12.5347 12.9014 8
      vertex 12.3091 13.052 8
    endloop
  endfacet
  facet normal 0 0 1
    outer loop
      vertex 13.4906 12.225 8
      vertex 11.2215 10.1039 8
      vertex 12.2162 8.87555 8
    endloop
  endfacet
  facet normal 0 0 1
    outer loop
      vertex 15.1 0 8
      vertex 15.0173 -1.57837 8
      vertex 21.1946 -1.30295 8
    endloop
  endfacet
  facet normal 0 0 1
    outer loop
      vertex 18.9997 6.82816 8
      vertex 17.1196 9.11102 8
      vertex 13.7945 6.14171 8
    endloop
  endfacet
  facet normal 0 0 1
    outer loop
      vertex 20.8606 2.9111 8
      vertex 19.84 5.4375 8
      vertex 14.77 3.13947 8
    endloop
  endfacet
  facet normal 0 0 1
    outer loop
      vertex 14.77 3.13947 8
      vertex 19.84 5.4375 8
      vertex 19.5901 5.91245 8
    endloop
  endfacet
  facet normal 0 0 1
    outer loop
      vertex 21.1946 1.30295 8
      vertex 20.996 2.44487 8
      vertex 15.0173 1.57837 8
    endloop
  endfacet
  facet normal 0 -0 1
    outer loop
      vertex 15.0173 1.57837 8
      vertex 20.8606 2.9111 8
      vertex 14.77 3.13947 8
    endloop
  endfacet
  facet normal -0 0 1
    outer loop
      vertex 15.1 0 8
      vertex 21.1946 -1.30295 8
      vertex 21.1946 1.30295 8
    endloop
  endfacet
  facet normal -0 0 1
    outer loop
      vertex 15.0173 -1.57837 8
      vertex 20.996 -2.44487 8
      vertex 21.1946 -1.30295 8
    endloop
  endfacet
  facet normal 0 0 1
    outer loop
      vertex 20.8606 -2.9111 8
      vertex 15.0173 -1.57837 8
      vertex 14.77 -3.13947 8
    endloop
  endfacet
  facet normal 0 -0 1
    outer loop
      vertex 20.8606 -2.9111 8
      vertex 20.996 -2.44487 8
      vertex 15.0173 -1.57837 8
    endloop
  endfacet
  facet normal 0 0 1
    outer loop
      vertex 19.84 -5.4375 8
      vertex 14.77 -3.13947 8
      vertex 19.5901 -5.91245 8
    endloop
  endfacet
  facet normal 0 -0 1
    outer loop
      vertex 19.84 -5.4375 8
      vertex 20.8606 -2.9111 8
      vertex 14.77 -3.13947 8
    endloop
  endfacet
  facet normal 0 0 1
    outer loop
      vertex 19.5901 -5.91245 8
      vertex 14.3609 -4.66615 8
      vertex 18.9997 -6.82816 8
    endloop
  endfacet
  facet normal 0 0 1
    outer loop
      vertex 14.3609 -4.66615 8
      vertex 13.7945 -6.14171 8
      vertex 18.9997 -6.82816 8
    endloop
  endfacet
  facet normal 0 -0 1
    outer loop
      vertex 16.4044 -9.82729 8
      vertex 17.1196 -9.11102 8
      vertex 13.077 -7.54999 8
    endloop
  endfacet
  facet normal 0 0 1
    outer loop
      vertex 16.0061 -10.1855 8
      vertex 13.077 -7.54999 8
      vertex 12.2162 -8.87555 8
    endloop
  endfacet
  facet normal 0 0 1
    outer loop
      vertex 12.2162 -8.87555 8
      vertex 11.2215 -10.1039 8
      vertex 13.4906 -12.225 8
    endloop
  endfacet
  facet normal 0 0 1
    outer loop
      vertex 16.0061 -10.1855 8
      vertex 12.2162 -8.87555 8
      vertex 13.4906 -12.225 8
    endloop
  endfacet
  facet normal 0 0 1
    outer loop
      vertex 11.2215 -10.1039 8
      vertex 12.5347 -12.9014 8
      vertex 13.4906 -12.225 8
    endloop
  endfacet
  facet normal 0 0 1
    outer loop
      vertex 10.1039 -11.2215 8
      vertex 12.3091 -13.052 8
      vertex 12.5347 -12.9014 8
    endloop
  endfacet
  facet normal 0 0 1
    outer loop
      vertex 8.87555 -12.2162 8
      vertex 9.39795 -14.8915 8
      vertex 9.61908 -14.9484 8
    endloop
  endfacet
  facet normal -0 0 1
    outer loop
      vertex 7.54999 -13.077 8
      vertex 9.39795 -14.8915 8
      vertex 8.87555 -12.2162 8
    endloop
  endfacet
  facet normal 0 -0 1
    outer loop
      vertex 8.45418 -15.4402 8
      vertex 9.39795 -14.8915 8
      vertex 7.54999 -13.077 8
    endloop
  endfacet
  facet normal 0 0 1
    outer loop
      vertex 8.19688 -15.5836 8
      vertex 7.54999 -13.077 8
      vertex 6.14171 -13.7945 8
    endloop
  endfacet
  facet normal 0 -0 1
    outer loop
      vertex 5.36493 -17.2626 8
      vertex 6.14171 -13.7945 8
      vertex 4.66615 -14.3609 8
    endloop
  endfacet
  facet normal 0 0 1
    outer loop
      vertex 5.14909 -17.187 8
      vertex 4.66615 -14.3609 8
      vertex 3.13947 -14.77 8
    endloop
  endfacet
  facet normal 0 0 1
    outer loop
      vertex 4.16939 -17.6494 8
      vertex 3.13947 -14.77 8
      vertex 3.84113 -17.7923 8
    endloop
  endfacet
  facet normal 0 0 1
    outer loop
      vertex 3.13947 -14.77 8
      vertex 1.57837 -15.0173 8
      vertex 3.84113 -17.7923 8
    endloop
  endfacet
  facet normal 0.800765 -0.598979 0
    outer loop
      vertex -6.40215 -23.0567 0
      vertex -6.57408 -23.2865 8
      vertex -6.57408 -23.2865 0
    endloop
  endfacet
  facet normal 0.800765 -0.598979 0
    outer loop
      vertex -6.40215 -23.0567 0
      vertex -6.40215 -23.0567 8
      vertex -6.57408 -23.2865 8
    endloop
  endfacet
  facet normal 0.822664 -0.568528 0
    outer loop
      vertex -6.24997 -22.8365 0
      vertex -6.40215 -23.0567 8
      vertex -6.40215 -23.0567 0
    endloop
  endfacet
  facet normal 0.822664 -0.568528 0
    outer loop
      vertex -6.24997 -22.8365 0
      vertex -6.24997 -22.8365 8
      vertex -6.40215 -23.0567 8
    endloop
  endfacet
  facet normal 0.843095 -0.537765 0
    outer loop
      vertex -6.11624 -22.6268 0
      vertex -6.24997 -22.8365 8
      vertex -6.24997 -22.8365 0
    endloop
  endfacet
  facet normal 0.843095 -0.537765 0
    outer loop
      vertex -6.11624 -22.6268 0
      vertex -6.11624 -22.6268 8
      vertex -6.24997 -22.8365 8
    endloop
  endfacet
  facet normal 0.861997 -0.506913 0
    outer loop
      vertex -5.99953 -22.4284 0
      vertex -6.11624 -22.6268 8
      vertex -6.11624 -22.6268 0
    endloop
  endfacet
  facet normal 0.861997 -0.506913 0
    outer loop
      vertex -5.99953 -22.4284 0
      vertex -5.99953 -22.4284 8
      vertex -6.11624 -22.6268 8
    endloop
  endfacet
  facet normal 0.879417 -0.476052 0
    outer loop
      vertex -5.89839 -22.2415 0
      vertex -5.99953 -22.4284 8
      vertex -5.99953 -22.4284 0
    endloop
  endfacet
  facet normal 0.879417 -0.476052 0
    outer loop
      vertex -5.89839 -22.2415 0
      vertex -5.89839 -22.2415 8
      vertex -5.99953 -22.4284 8
    endloop
  endfacet
  facet normal 0.895331 -0.445401 0
    outer loop
      vertex -5.81137 -22.0666 0
      vertex -5.89839 -22.2415 8
      vertex -5.89839 -22.2415 0
    endloop
  endfacet
  facet normal 0.895331 -0.445401 0
    outer loop
      vertex -5.81137 -22.0666 0
      vertex -5.81137 -22.0666 8
      vertex -5.89839 -22.2415 8
    endloop
  endfacet
  facet normal 0.909823 -0.414997 0
    outer loop
      vertex -5.73705 -21.9037 0
      vertex -5.81137 -22.0666 8
      vertex -5.81137 -22.0666 0
    endloop
  endfacet
  facet normal 0.909823 -0.414997 0
    outer loop
      vertex -5.73705 -21.9037 0
      vertex -5.73705 -21.9037 8
      vertex -5.81137 -22.0666 8
    endloop
  endfacet
  facet normal 0.922978 -0.384854 0
    outer loop
      vertex -5.67406 -21.7526 0
      vertex -5.73705 -21.9037 8
      vertex -5.73705 -21.9037 0
    endloop
  endfacet
  facet normal 0.922978 -0.384854 0
    outer loop
      vertex -5.67406 -21.7526 0
      vertex -5.67406 -21.7526 8
      vertex -5.73705 -21.9037 8
    endloop
  endfacet
  facet normal 0.934773 -0.355246 0
    outer loop
      vertex -5.62108 -21.6132 0
      vertex -5.67406 -21.7526 8
      vertex -5.67406 -21.7526 0
    endloop
  endfacet
  facet normal 0.934773 -0.355246 0
    outer loop
      vertex -5.62108 -21.6132 0
      vertex -5.62108 -21.6132 8
      vertex -5.67406 -21.7526 8
    endloop
  endfacet
  facet normal 0.945298 -0.326209 0
    outer loop
      vertex -5.57687 -21.4851 0
      vertex -5.62108 -21.6132 8
      vertex -5.62108 -21.6132 0
    endloop
  endfacet
  facet normal 0.945298 -0.326209 0
    outer loop
      vertex -5.57687 -21.4851 0
      vertex -5.57687 -21.4851 8
      vertex -5.62108 -21.6132 8
    endloop
  endfacet
  facet normal 0.954641 -0.297759 0
    outer loop
      vertex -5.5403 -21.3678 0
      vertex -5.57687 -21.4851 8
      vertex -5.57687 -21.4851 0
    endloop
  endfacet
  facet normal 0.954641 -0.297759 0
    outer loop
      vertex -5.5403 -21.3678 0
      vertex -5.5403 -21.3678 8
      vertex -5.57687 -21.4851 8
    endloop
  endfacet
  facet normal 0.96285 -0.270037 0
    outer loop
      vertex -5.5103 -21.2609 0
      vertex -5.5403 -21.3678 8
      vertex -5.5403 -21.3678 0
    endloop
  endfacet
  facet normal 0.96285 -0.270037 0
    outer loop
      vertex -5.5103 -21.2609 0
      vertex -5.5103 -21.2609 8
      vertex -5.5403 -21.3678 8
    endloop
  endfacet
  facet normal 0.96999 -0.243144 0
    outer loop
      vertex -5.4859 -21.1635 0
      vertex -5.5103 -21.2609 8
      vertex -5.5103 -21.2609 0
    endloop
  endfacet
  facet normal 0.96999 -0.243144 0
    outer loop
      vertex -5.4859 -21.1635 0
      vertex -5.4859 -21.1635 8
      vertex -5.5103 -21.2609 8
    endloop
  endfacet
  facet normal 0.976139 -0.217145 0
    outer loop
      vertex -5.46625 -21.0752 0
      vertex -5.4859 -21.1635 8
      vertex -5.4859 -21.1635 0
    endloop
  endfacet
  facet normal 0.976139 -0.217145 0
    outer loop
      vertex -5.46625 -21.0752 0
      vertex -5.46625 -21.0752 8
      vertex -5.4859 -21.1635 8
    endloop
  endfacet
  facet normal 0.983654 -0.18007 0
    outer loop
      vertex -5.43828 -20.9224 0
      vertex -5.46625 -21.0752 8
      vertex -5.46625 -21.0752 0
    endloop
  endfacet
  facet normal 0.983654 -0.18007 0
    outer loop
      vertex -5.43828 -20.9224 0
      vertex -5.43828 -20.9224 8
      vertex -5.46625 -21.0752 8
    endloop
  endfacet
  facet normal 0.987937 -0.154855 0
    outer loop
      vertex -5.41176 -20.7532 0
      vertex -5.43828 -20.9224 8
      vertex -5.43828 -20.9224 0
    endloop
  endfacet
  facet normal 0.987937 -0.154855 0
    outer loop
      vertex -5.41176 -20.7532 0
      vertex -5.41176 -20.7532 8
      vertex -5.43828 -20.9224 8
    endloop
  endfacet
  facet normal 0.999103 -0.0423381 0
    outer loop
      vertex -5.38278 -20.0694 0
      vertex -5.41176 -20.7532 8
      vertex -5.41176 -20.7532 0
    endloop
  endfacet
  facet normal 0.999103 -0.0423381 0
    outer loop
      vertex -5.38278 -20.0694 0
      vertex -5.38278 -20.0694 8
      vertex -5.41176 -20.7532 8
    endloop
  endfacet
  facet normal 0.675135 -0.737694 0
    outer loop
      vertex -5.2149 -19.9158 0
      vertex -5.38278 -20.0694 8
      vertex -5.38278 -20.0694 0
    endloop
  endfacet
  facet normal 0.675135 -0.737694 0
    outer loop
      vertex -5.2149 -19.9158 0
      vertex -5.2149 -19.9158 8
      vertex -5.38278 -20.0694 8
    endloop
  endfacet
  facet normal 0.967243 -0.253852 0
    outer loop
      vertex -5.21193 -19.9044 0
      vertex -5.2149 -19.9158 8
      vertex -5.2149 -19.9158 0
    endloop
  endfacet
  facet normal 0.967243 -0.253852 0
    outer loop
      vertex -5.21193 -19.9044 0
      vertex -5.21193 -19.9044 8
      vertex -5.2149 -19.9158 8
    endloop
  endfacet
  facet normal -0.00889596 -0.99996 0
    outer loop
      vertex -4.25314 -19.913 0
      vertex -5.21193 -19.9044 8
      vertex -5.21193 -19.9044 0
    endloop
  endfacet
  facet normal -0.00889596 -0.99996 0
    outer loop
      vertex -4.25314 -19.913 0
      vertex -4.25314 -19.913 8
      vertex -5.21193 -19.9044 8
    endloop
  endfacet
  facet normal 0.0766077 -0.997061 0
    outer loop
      vertex -3.58527 -19.8616 0
      vertex -4.25314 -19.913 8
      vertex -4.25314 -19.913 0
    endloop
  endfacet
  facet normal 0.0766077 -0.997061 0
    outer loop
      vertex -3.58527 -19.8616 0
      vertex -3.58527 -19.8616 8
      vertex -4.25314 -19.913 8
    endloop
  endfacet
  facet normal -0.984112 0.177551 0
    outer loop
      vertex -3.58777 -19.8755 0
      vertex -3.58527 -19.8616 8
      vertex -3.58527 -19.8616 0
    endloop
  endfacet
  facet normal -0.984112 0.177551 0
    outer loop
      vertex -3.58777 -19.8755 0
      vertex -3.58777 -19.8755 8
      vertex -3.58527 -19.8616 8
    endloop
  endfacet
  facet normal -0.641186 -0.767385 0
    outer loop
      vertex -3.41315 -20.0214 0
      vertex -3.58777 -19.8755 8
      vertex -3.58777 -19.8755 0
    endloop
  endfacet
  facet normal -0.641186 -0.767385 0
    outer loop
      vertex -3.41315 -20.0214 0
      vertex -3.41315 -20.0214 8
      vertex -3.58777 -19.8755 8
    endloop
  endfacet
  facet normal -0.995918 -0.0902583 0
    outer loop
      vertex -3.34065 -20.8213 0
      vertex -3.41315 -20.0214 8
      vertex -3.41315 -20.0214 0
    endloop
  endfacet
  facet normal -0.995918 -0.0902583 0
    outer loop
      vertex -3.34065 -20.8213 0
      vertex -3.34065 -20.8213 8
      vertex -3.41315 -20.0214 8
    endloop
  endfacet
  facet normal -0.985771 -0.168096 0
    outer loop
      vertex -3.30692 -21.0192 0
      vertex -3.34065 -20.8213 8
      vertex -3.34065 -20.8213 0
    endloop
  endfacet
  facet normal -0.985771 -0.168096 0
    outer loop
      vertex -3.30692 -21.0192 0
      vertex -3.30692 -21.0192 8
      vertex -3.34065 -20.8213 8
    endloop
  endfacet
  facet normal -0.971432 -0.237319 0
    outer loop
      vertex -3.27913 -21.1329 0
      vertex -3.30692 -21.0192 8
      vertex -3.30692 -21.0192 0
    endloop
  endfacet
  facet normal -0.971432 -0.237319 0
    outer loop
      vertex -3.27913 -21.1329 0
      vertex -3.27913 -21.1329 8
      vertex -3.30692 -21.0192 8
    endloop
  endfacet
  facet normal -0.959112 -0.283028 0
    outer loop
      vertex -3.25471 -21.2157 0
      vertex -3.27913 -21.1329 8
      vertex -3.27913 -21.1329 0
    endloop
  endfacet
  facet normal -0.959112 -0.283028 0
    outer loop
      vertex -3.25471 -21.2157 0
      vertex -3.25471 -21.2157 8
      vertex -3.27913 -21.1329 8
    endloop
  endfacet
  facet normal -0.949563 -0.313578 0
    outer loop
      vertex -3.2222 -21.3141 0
      vertex -3.25471 -21.2157 8
      vertex -3.25471 -21.2157 0
    endloop
  endfacet
  facet normal -0.949563 -0.313578 0
    outer loop
      vertex -3.2222 -21.3141 0
      vertex -3.2222 -21.3141 8
      vertex -3.25471 -21.2157 8
    endloop
  endfacet
  facet normal -0.939237 -0.34327 0
    outer loop
      vertex -3.18091 -21.4271 0
      vertex -3.2222 -21.3141 8
      vertex -3.2222 -21.3141 0
    endloop
  endfacet
  facet normal -0.939237 -0.34327 0
    outer loop
      vertex -3.18091 -21.4271 0
      vertex -3.18091 -21.4271 8
      vertex -3.2222 -21.3141 8
    endloop
  endfacet
  facet normal -0.928423 -0.371526 0
    outer loop
      vertex -3.13039 -21.5533 0
      vertex -3.18091 -21.4271 8
      vertex -3.18091 -21.4271 0
    endloop
  endfacet
  facet normal -0.928423 -0.371526 0
    outer loop
      vertex -3.13039 -21.5533 0
      vertex -3.13039 -21.5533 8
      vertex -3.18091 -21.4271 8
    endloop
  endfacet
  facet normal -0.917128 -0.398593 0
    outer loop
      vertex -3.0703 -21.6916 0
      vertex -3.13039 -21.5533 8
      vertex -3.13039 -21.5533 0
    endloop
  endfacet
  facet normal -0.917128 -0.398593 0
    outer loop
      vertex -3.0703 -21.6916 0
      vertex -3.0703 -21.6916 8
      vertex -3.13039 -21.5533 8
    endloop
  endfacet
  facet normal -0.905431 -0.424493 0
    outer loop
      vertex -3.00041 -21.8407 0
      vertex -3.0703 -21.6916 8
      vertex -3.0703 -21.6916 0
    endloop
  endfacet
  facet normal -0.905431 -0.424493 0
    outer loop
      vertex -3.00041 -21.8407 0
      vertex -3.00041 -21.8407 8
      vertex -3.0703 -21.6916 8
    endloop
  endfacet
  facet normal -0.893393 -0.449275 0
    outer loop
      vertex -2.92065 -21.9993 0
      vertex -3.00041 -21.8407 8
      vertex -3.00041 -21.8407 0
    endloop
  endfacet
  facet normal -0.893393 -0.449275 0
    outer loop
      vertex -2.92065 -21.9993 0
      vertex -2.92065 -21.9993 8
      vertex -3.00041 -21.8407 8
    endloop
  endfacet
  facet normal -0.881191 -0.47276 0
    outer loop
      vertex -2.83105 -22.1663 0
      vertex -2.92065 -21.9993 8
      vertex -2.92065 -21.9993 0
    endloop
  endfacet
  facet normal -0.881191 -0.47276 0
    outer loop
      vertex -2.83105 -22.1663 0
      vertex -2.83105 -22.1663 8
      vertex -2.92065 -21.9993 8
    endloop
  endfacet
  facet normal -0.868903 -0.494983 0
    outer loop
      vertex -2.7318 -22.3405 0
      vertex -2.83105 -22.1663 8
      vertex -2.83105 -22.1663 0
    endloop
  endfacet
  facet normal -0.868903 -0.494983 0
    outer loop
      vertex -2.7318 -22.3405 0
      vertex -2.7318 -22.3405 8
      vertex -2.83105 -22.1663 8
    endloop
  endfacet
  facet normal -0.856571 -0.516029 0
    outer loop
      vertex -2.62312 -22.5209 0
      vertex -2.7318 -22.3405 8
      vertex -2.7318 -22.3405 0
    endloop
  endfacet
  facet normal -0.856571 -0.516029 0
    outer loop
      vertex -2.62312 -22.5209 0
      vertex -2.62312 -22.5209 8
      vertex -2.7318 -22.3405 8
    endloop
  endfacet
  facet normal -0.844327 -0.535828 0
    outer loop
      vertex -2.50537 -22.7065 0
      vertex -2.62312 -22.5209 8
      vertex -2.62312 -22.5209 0
    endloop
  endfacet
  facet normal -0.844327 -0.535828 0
    outer loop
      vertex -2.50537 -22.7065 0
      vertex -2.50537 -22.7065 8
      vertex -2.62312 -22.5209 8
    endloop
  endfacet
  facet normal -0.832112 -0.554608 0
    outer loop
      vertex -2.37894 -22.8961 0
      vertex -2.50537 -22.7065 8
      vertex -2.50537 -22.7065 0
    endloop
  endfacet
  facet normal -0.832112 -0.554608 0
    outer loop
      vertex -2.37894 -22.8961 0
      vertex -2.37894 -22.8961 8
      vertex -2.50537 -22.7065 8
    endloop
  endfacet
  facet normal -0.82009 -0.572234 0
    outer loop
      vertex -2.24429 -23.0891 0
      vertex -2.37894 -22.8961 8
      vertex -2.37894 -22.8961 0
    endloop
  endfacet
  facet normal -0.82009 -0.572234 0
    outer loop
      vertex -2.24429 -23.0891 0
      vertex -2.24429 -23.0891 8
      vertex -2.37894 -22.8961 8
    endloop
  endfacet
  facet normal -0.805667 -0.592368 0
    outer loop
      vertex -2.06419 -23.3341 0
      vertex -2.24429 -23.0891 8
      vertex -2.24429 -23.0891 0
    endloop
  endfacet
  facet normal -0.805667 -0.592368 0
    outer loop
      vertex -2.06419 -23.3341 0
      vertex -2.06419 -23.3341 8
      vertex -2.24429 -23.0891 8
    endloop
  endfacet
  facet normal 0.152527 -0.988299 0
    outer loop
      vertex -1.14066 -23.1915 0
      vertex -2.06419 -23.3341 8
      vertex -2.06419 -23.3341 0
    endloop
  endfacet
  facet normal 0.152527 -0.988299 0
    outer loop
      vertex -1.14066 -23.1915 0
      vertex -1.14066 -23.1915 8
      vertex -2.06419 -23.3341 8
    endloop
  endfacet
  facet normal 0.946297 -0.323297 0
    outer loop
      vertex -1.05493 -22.9406 0
      vertex -1.14066 -23.1915 8
      vertex -1.14066 -23.1915 0
    endloop
  endfacet
  facet normal 0.946297 -0.323297 0
    outer loop
      vertex -1.05493 -22.9406 0
      vertex -1.05493 -22.9406 8
      vertex -1.14066 -23.1915 8
    endloop
  endfacet
  facet normal 0.955494 -0.29501 0
    outer loop
      vertex -0.977951 -22.6913 0
      vertex -1.05493 -22.9406 8
      vertex -1.05493 -22.9406 0
    endloop
  endfacet
  facet normal 0.955494 -0.29501 0
    outer loop
      vertex -0.977951 -22.6913 0
      vertex -0.977951 -22.6913 8
      vertex -1.05493 -22.9406 8
    endloop
  endfacet
  facet normal 0.963571 -0.267454 0
    outer loop
      vertex -0.912537 -22.4556 0
      vertex -0.977951 -22.6913 8
      vertex -0.977951 -22.6913 0
    endloop
  endfacet
  facet normal 0.963571 -0.267454 0
    outer loop
      vertex -0.912537 -22.4556 0
      vertex -0.912537 -22.4556 8
      vertex -0.977951 -22.6913 8
    endloop
  endfacet
  facet normal 0.970654 -0.240482 0
    outer loop
      vertex -0.857437 -22.2332 0
      vertex -0.912537 -22.4556 8
      vertex -0.912537 -22.4556 0
    endloop
  endfacet
  facet normal 0.970654 -0.240482 0
    outer loop
      vertex -0.857437 -22.2332 0
      vertex -0.857437 -22.2332 8
      vertex -0.912537 -22.4556 8
    endloop
  endfacet
  facet normal 0.976769 -0.214295 0
    outer loop
      vertex -0.811447 -22.0236 0
      vertex -0.857437 -22.2332 8
      vertex -0.857437 -22.2332 0
    endloop
  endfacet
  facet normal 0.976769 -0.214295 0
    outer loop
      vertex -0.811447 -22.0236 0
      vertex -0.811447 -22.0236 8
      vertex -0.857437 -22.2332 8
    endloop
  endfacet
  facet normal 0.981965 -0.189061 0
    outer loop
      vertex -0.773438 -21.8262 0
      vertex -0.811447 -22.0236 8
      vertex -0.811447 -22.0236 0
    endloop
  endfacet
  facet normal 0.981965 -0.189061 0
    outer loop
      vertex -0.773438 -21.8262 0
      vertex -0.773438 -21.8262 8
      vertex -0.811447 -22.0236 8
    endloop
  endfacet
  facet normal 0.986357 -0.164622 0
    outer loop
      vertex -0.742416 -21.6403 0
      vertex -0.773438 -21.8262 8
      vertex -0.773438 -21.8262 0
    endloop
  endfacet
  facet normal 0.986357 -0.164622 0
    outer loop
      vertex -0.742416 -21.6403 0
      vertex -0.742416 -21.6403 8
      vertex -0.773438 -21.8262 8
    endloop
  endfacet
  facet normal 0.990025 -0.14089 0
    outer loop
      vertex -0.717514 -21.4653 0
      vertex -0.742416 -21.6403 8
      vertex -0.742416 -21.6403 0
    endloop
  endfacet
  facet normal 0.990025 -0.14089 0
    outer loop
      vertex -0.717514 -21.4653 0
      vertex -0.717514 -21.4653 8
      vertex -0.742416 -21.6403 8
    endloop
  endfacet
  facet normal 0.992978 -0.118297 0
    outer loop
      vertex -0.697876 -21.3005 0
      vertex -0.717514 -21.4653 8
      vertex -0.717514 -21.4653 0
    endloop
  endfacet
  facet normal 0.992978 -0.118297 0
    outer loop
      vertex -0.697876 -21.3005 0
      vertex -0.697876 -21.3005 8
      vertex -0.717514 -21.4653 8
    endloop
  endfacet
  facet normal 0.995296 -0.0968829 0
    outer loop
      vertex -0.682739 -21.145 0
      vertex -0.697876 -21.3005 8
      vertex -0.697876 -21.3005 0
    endloop
  endfacet
  facet normal 0.995296 -0.0968829 0
    outer loop
      vertex -0.682739 -21.145 0
      vertex -0.682739 -21.145 8
      vertex -0.697876 -21.3005 8
    endloop
  endfacet
  facet normal 0.997099 -0.0761184 0
    outer loop
      vertex -0.671524 -20.9981 0
      vertex -0.682739 -21.145 8
      vertex -0.682739 -21.145 0
    endloop
  endfacet
  facet normal 0.997099 -0.0761184 0
    outer loop
      vertex -0.671524 -20.9981 0
      vertex -0.671524 -20.9981 8
      vertex -0.682739 -21.145 8
    endloop
  endfacet
  facet normal 0.998421 -0.0561796 0
    outer loop
      vertex -0.663696 -20.8589 0
      vertex -0.671524 -20.9981 8
      vertex -0.671524 -20.9981 0
    endloop
  endfacet
  facet normal 0.998421 -0.0561796 0
    outer loop
      vertex -0.663696 -20.8589 0
      vertex -0.663696 -20.8589 8
      vertex -0.671524 -20.9981 8
    endloop
  endfacet
  facet normal 0.999313 -0.0370501 0
    outer loop
      vertex -0.658798 -20.7268 0
      vertex -0.663696 -20.8589 8
      vertex -0.663696 -20.8589 0
    endloop
  endfacet
  facet normal 0.999313 -0.0370501 0
    outer loop
      vertex -0.658798 -20.7268 0
      vertex -0.658798 -20.7268 8
      vertex -0.663696 -20.8589 8
    endloop
  endfacet
  facet normal 0.999824 -0.0187823 0
    outer loop
      vertex -0.656433 -20.6009 0
      vertex -0.658798 -20.7268 8
      vertex -0.658798 -20.7268 0
    endloop
  endfacet
  facet normal 0.999824 -0.0187823 0
    outer loop
      vertex -0.656433 -20.6009 0
      vertex -0.656433 -20.6009 8
      vertex -0.658798 -20.7268 8
    endloop
  endfacet
  facet normal 0.999985 0.00548733 0
    outer loop
      vertex -0.65773 -20.3646 0
      vertex -0.656433 -20.6009 8
      vertex -0.656433 -20.6009 0
    endloop
  endfacet
  facet normal 0.999985 0.00548733 -0
    outer loop
      vertex -0.65773 -20.3646 0
      vertex -0.65773 -20.3646 8
      vertex -0.656433 -20.6009 8
    endloop
  endfacet
  facet normal 0.999427 0.0338369 0
    outer loop
      vertex -0.667313 -20.0815 0
      vertex -0.65773 -20.3646 8
      vertex -0.65773 -20.3646 0
    endloop
  endfacet
  facet normal 0.999427 0.0338369 -0
    outer loop
      vertex -0.667313 -20.0815 0
      vertex -0.667313 -20.0815 8
      vertex -0.65773 -20.3646 8
    endloop
  endfacet
  facet normal 0.971763 0.23596 0
    outer loop
      vertex -0.788528 -19.5823 0
      vertex -0.667313 -20.0815 8
      vertex -0.667313 -20.0815 0
    endloop
  endfacet
  facet normal 0.971763 0.23596 -0
    outer loop
      vertex -0.788528 -19.5823 0
      vertex -0.788528 -19.5823 8
      vertex -0.667313 -20.0815 8
    endloop
  endfacet
  facet normal 0.852766 -0.522293 0
    outer loop
      vertex -0.669662 -19.3883 0
      vertex -0.788528 -19.5823 8
      vertex -0.788528 -19.5823 0
    endloop
  endfacet
  facet normal 0.852766 -0.522293 0
    outer loop
      vertex -0.669662 -19.3883 0
      vertex -0.669662 -19.3883 8
      vertex -0.788528 -19.5823 8
    endloop
  endfacet
  facet normal 0.999439 -0.0335007 0
    outer loop
      vertex -0.669479 -19.3828 0
      vertex -0.669662 -19.3883 8
      vertex -0.669662 -19.3883 0
    endloop
  endfacet
  facet normal 0.999439 -0.0335007 0
    outer loop
      vertex -0.669479 -19.3828 0
      vertex -0.669479 -19.3828 8
      vertex -0.669662 -19.3883 8
    endloop
  endfacet
  facet normal 0.219037 -0.975717 0
    outer loop
      vertex -0.501114 -19.345 0
      vertex -0.669479 -19.3828 8
      vertex -0.669479 -19.3828 0
    endloop
  endfacet
  facet normal 0.219037 -0.975717 0
    outer loop
      vertex -0.501114 -19.345 0
      vertex -0.501114 -19.345 8
      vertex -0.669479 -19.3828 8
    endloop
  endfacet
  facet normal 0.27621 -0.961097 0
    outer loop
      vertex 0.708801 -18.9973 0
      vertex -0.501114 -19.345 8
      vertex -0.501114 -19.345 0
    endloop
  endfacet
  facet normal 0.27621 -0.961097 0
    outer loop
      vertex 0.708801 -18.9973 0
      vertex 0.708801 -18.9973 8
      vertex -0.501114 -19.345 8
    endloop
  endfacet
  facet normal 0.324615 -0.945846 0
    outer loop
      vertex 0.818085 -18.9598 0
      vertex 0.708801 -18.9973 8
      vertex 0.708801 -18.9973 0
    endloop
  endfacet
  facet normal 0.324615 -0.945846 0
    outer loop
      vertex 0.818085 -18.9598 0
      vertex 0.818085 -18.9598 8
      vertex 0.708801 -18.9973 8
    endloop
  endfacet
  facet normal -0.999038 -0.0438602 0
    outer loop
      vertex 0.818222 -18.9629 0
      vertex 0.818085 -18.9598 8
      vertex 0.818085 -18.9598 0
    endloop
  endfacet
  facet normal -0.999038 -0.0438602 0
    outer loop
      vertex 0.818222 -18.9629 0
      vertex 0.818222 -18.9629 8
      vertex 0.818085 -18.9598 8
    endloop
  endfacet
  facet normal -0.450991 -0.892528 0
    outer loop
      vertex 1.02133 -19.0655 0
      vertex 0.818222 -18.9629 8
      vertex 0.818222 -18.9629 0
    endloop
  endfacet
  facet normal -0.450991 -0.892528 0
    outer loop
      vertex 1.02133 -19.0655 0
      vertex 1.02133 -19.0655 8
      vertex 0.818222 -18.9629 8
    endloop
  endfacet
  facet normal -0.949707 -0.313139 0
    outer loop
      vertex 1.21823 -19.6627 0
      vertex 1.02133 -19.0655 8
      vertex 1.02133 -19.0655 0
    endloop
  endfacet
  facet normal -0.949707 -0.313139 0
    outer loop
      vertex 1.21823 -19.6627 0
      vertex 1.21823 -19.6627 8
      vertex 1.02133 -19.0655 8
    endloop
  endfacet
  facet normal -0.884424 -0.466685 0
    outer loop
      vertex 1.32982 -19.8742 0
      vertex 1.21823 -19.6627 8
      vertex 1.21823 -19.6627 0
    endloop
  endfacet
  facet normal -0.884424 -0.466685 0
    outer loop
      vertex 1.32982 -19.8742 0
      vertex 1.32982 -19.8742 8
      vertex 1.21823 -19.6627 8
    endloop
  endfacet
  facet normal -0.867613 -0.497239 0
    outer loop
      vertex 1.37138 -19.9467 0
      vertex 1.32982 -19.8742 8
      vertex 1.32982 -19.8742 0
    endloop
  endfacet
  facet normal -0.867613 -0.497239 0
    outer loop
      vertex 1.37138 -19.9467 0
      vertex 1.37138 -19.9467 8
      vertex 1.32982 -19.8742 8
    endloop
  endfacet
  facet normal -0.855267 -0.518188 0
    outer loop
      vertex 1.42233 -20.0308 0
      vertex 1.37138 -19.9467 8
      vertex 1.37138 -19.9467 0
    endloop
  endfacet
  facet normal -0.855267 -0.518188 0
    outer loop
      vertex 1.42233 -20.0308 0
      vertex 1.42233 -20.0308 8
      vertex 1.37138 -19.9467 8
    endloop
  endfacet
  facet normal -0.843185 -0.537624 0
    outer loop
      vertex 1.4826 -20.1253 0
      vertex 1.42233 -20.0308 8
      vertex 1.42233 -20.0308 0
    endloop
  endfacet
  facet normal -0.843185 -0.537624 0
    outer loop
      vertex 1.4826 -20.1253 0
      vertex 1.4826 -20.1253 8
      vertex 1.42233 -20.0308 8
    endloop
  endfacet
  facet normal -0.830996 -0.556278 0
    outer loop
      vertex 1.55209 -20.2291 0
      vertex 1.4826 -20.1253 8
      vertex 1.4826 -20.1253 0
    endloop
  endfacet
  facet normal -0.830996 -0.556278 0
    outer loop
      vertex 1.55209 -20.2291 0
      vertex 1.55209 -20.2291 8
      vertex 1.4826 -20.1253 8
    endloop
  endfacet
  facet normal -0.818571 -0.574405 0
    outer loop
      vertex 1.63071 -20.3412 0
      vertex 1.55209 -20.2291 8
      vertex 1.55209 -20.2291 0
    endloop
  endfacet
  facet normal -0.818571 -0.574405 0
    outer loop
      vertex 1.63071 -20.3412 0
      vertex 1.63071 -20.3412 8
      vertex 1.55209 -20.2291 8
    endloop
  endfacet
  facet normal -0.806812 -0.590808 0
    outer loop
      vertex 1.71802 -20.4604 0
      vertex 1.63071 -20.3412 8
      vertex 1.63071 -20.3412 0
    endloop
  endfacet
  facet normal -0.806812 -0.590808 0
    outer loop
      vertex 1.71802 -20.4604 0
      vertex 1.71802 -20.4604 8
      vertex 1.63071 -20.3412 8
    endloop
  endfacet
  facet normal -0.795301 -0.606215 0
    outer loop
      vertex 1.81371 -20.5859 0
      vertex 1.71802 -20.4604 8
      vertex 1.71802 -20.4604 0
    endloop
  endfacet
  facet normal -0.795301 -0.606215 0
    outer loop
      vertex 1.81371 -20.5859 0
      vertex 1.81371 -20.5859 8
      vertex 1.71802 -20.4604 8
    endloop
  endfacet
  facet normal -0.784077 -0.620663 0
    outer loop
      vertex 1.91733 -20.7168 0
      vertex 1.81371 -20.5859 8
      vertex 1.81371 -20.5859 0
    endloop
  endfacet
  facet normal -0.784077 -0.620663 0
    outer loop
      vertex 1.91733 -20.7168 0
      vertex 1.91733 -20.7168 8
      vertex 1.81371 -20.5859 8
    endloop
  endfacet
  facet normal -0.773103 -0.634281 0
    outer loop
      vertex 2.02846 -20.8523 0
      vertex 1.91733 -20.7168 8
      vertex 1.91733 -20.7168 0
    endloop
  endfacet
  facet normal -0.773103 -0.634281 0
    outer loop
      vertex 2.02846 -20.8523 0
      vertex 2.02846 -20.8523 8
      vertex 1.91733 -20.7168 8
    endloop
  endfacet
  facet normal -0.762168 -0.647379 0
    outer loop
      vertex 2.1467 -20.9915 0
      vertex 2.02846 -20.8523 8
      vertex 2.02846 -20.8523 0
    endloop
  endfacet
  facet normal -0.762168 -0.647379 0
    outer loop
      vertex 2.1467 -20.9915 0
      vertex 2.1467 -20.9915 8
      vertex 2.02846 -20.8523 8
    endloop
  endfacet
  facet normal -0.751997 -0.659167 0
    outer loop
      vertex 2.27141 -21.1338 0
      vertex 2.1467 -20.9915 8
      vertex 2.1467 -20.9915 0
    endloop
  endfacet
  facet normal -0.751997 -0.659167 0
    outer loop
      vertex 2.27141 -21.1338 0
      vertex 2.27141 -21.1338 8
      vertex 2.1467 -20.9915 8
    endloop
  endfacet
  facet normal -0.742344 -0.670019 0
    outer loop
      vertex 2.40202 -21.2785 0
      vertex 2.27141 -21.1338 8
      vertex 2.27141 -21.1338 0
    endloop
  endfacet
  facet normal -0.742344 -0.670019 0
    outer loop
      vertex 2.40202 -21.2785 0
      vertex 2.40202 -21.2785 8
      vertex 2.27141 -21.1338 8
    endloop
  endfacet
  facet normal -0.73272 -0.68053 0
    outer loop
      vertex 2.53812 -21.425 0
      vertex 2.40202 -21.2785 8
      vertex 2.40202 -21.2785 0
    endloop
  endfacet
  facet normal -0.73272 -0.68053 0
    outer loop
      vertex 2.53812 -21.425 0
      vertex 2.53812 -21.425 8
      vertex 2.40202 -21.2785 8
    endloop
  endfacet
  facet normal -0.723639 -0.690179 0
    outer loop
      vertex 2.67912 -21.5728 0
      vertex 2.53812 -21.425 8
      vertex 2.53812 -21.425 0
    endloop
  endfacet
  facet normal -0.723639 -0.690179 0
    outer loop
      vertex 2.67912 -21.5728 0
      vertex 2.67912 -21.5728 8
      vertex 2.53812 -21.425 8
    endloop
  endfacet
  facet normal -0.715206 -0.698914 0
    outer loop
      vertex 2.82445 -21.7216 0
      vertex 2.67912 -21.5728 8
      vertex 2.67912 -21.5728 0
    endloop
  endfacet
  facet normal -0.715206 -0.698914 0
    outer loop
      vertex 2.82445 -21.7216 0
      vertex 2.82445 -21.7216 8
      vertex 2.67912 -21.5728 8
    endloop
  endfacet
  facet normal -0.706926 -0.707288 0
    outer loop
      vertex 2.97371 -21.8707 0
      vertex 2.82445 -21.7216 8
      vertex 2.82445 -21.7216 0
    endloop
  endfacet
  facet normal -0.706926 -0.707288 0
    outer loop
      vertex 2.97371 -21.8707 0
      vertex 2.97371 -21.8707 8
      vertex 2.82445 -21.7216 8
    endloop
  endfacet
  facet normal -0.69908 -0.715043 0
    outer loop
      vertex 3.10699 -22.0011 0
      vertex 2.97371 -21.8707 8
      vertex 2.97371 -21.8707 0
    endloop
  endfacet
  facet normal -0.69908 -0.715043 0
    outer loop
      vertex 3.10699 -22.0011 0
      vertex 3.10699 -22.0011 8
      vertex 2.97371 -21.8707 8
    endloop
  endfacet
  facet normal 0.324613 -0.945847 0
    outer loop
      vertex 3.14412 -21.9883 0
      vertex 3.10699 -22.0011 8
      vertex 3.10699 -22.0011 0
    endloop
  endfacet
  facet normal 0.324613 -0.945847 0
    outer loop
      vertex 3.14412 -21.9883 0
      vertex 3.14412 -21.9883 8
      vertex 3.10699 -22.0011 8
    endloop
  endfacet
  facet normal 0.365202 -0.930928 0
    outer loop
      vertex 4.04199 -21.6361 0
      vertex 3.14412 -21.9883 8
      vertex 3.14412 -21.9883 0
    endloop
  endfacet
  facet normal 0.365202 -0.930928 0
    outer loop
      vertex 4.04199 -21.6361 0
      vertex 4.04199 -21.6361 8
      vertex 3.14412 -21.9883 8
    endloop
  endfacet
  facet normal 0.995495 -0.0948091 0
    outer loop
      vertex 4.05212 -21.5297 0
      vertex 4.04199 -21.6361 8
      vertex 4.04199 -21.6361 0
    endloop
  endfacet
  facet normal 0.995495 -0.0948091 0
    outer loop
      vertex 4.05212 -21.5297 0
      vertex 4.05212 -21.5297 8
      vertex 4.04199 -21.6361 8
    endloop
  endfacet
  facet normal 0.997261 -0.0739666 0
    outer loop
      vertex 4.07008 -21.2876 0
      vertex 4.05212 -21.5297 8
      vertex 4.05212 -21.5297 0
    endloop
  endfacet
  facet normal 0.997261 -0.0739666 0
    outer loop
      vertex 4.07008 -21.2876 0
      vertex 4.07008 -21.2876 8
      vertex 4.05212 -21.5297 8
    endloop
  endfacet
  facet normal 0.998534 -0.0541306 0
    outer loop
      vertex 4.08255 -21.0576 0
      vertex 4.07008 -21.2876 8
      vertex 4.07008 -21.2876 0
    endloop
  endfacet
  facet normal 0.998534 -0.0541306 0
    outer loop
      vertex 4.08255 -21.0576 0
      vertex 4.08255 -21.0576 8
      vertex 4.07008 -21.2876 8
    endloop
  endfacet
  facet normal 0.99938 -0.0352213 0
    outer loop
      vertex 4.09026 -20.8389 0
      vertex 4.08255 -21.0576 8
      vertex 4.08255 -21.0576 0
    endloop
  endfacet
  facet normal 0.99938 -0.0352213 0
    outer loop
      vertex 4.09026 -20.8389 0
      vertex 4.09026 -20.8389 8
      vertex 4.08255 -21.0576 8
    endloop
  endfacet
  facet normal 0.999844 -0.0176633 0
    outer loop
      vertex 4.09393 -20.6308 0
      vertex 4.09026 -20.8389 8
      vertex 4.09026 -20.8389 0
    endloop
  endfacet
  facet normal 0.999844 -0.0176633 0
    outer loop
      vertex 4.09393 -20.6308 0
      vertex 4.09393 -20.6308 8
      vertex 4.09026 -20.8389 8
    endloop
  endfacet
  facet normal 1 -0.000691882 0
    outer loop
      vertex 4.09407 -20.4323 0
      vertex 4.09393 -20.6308 8
      vertex 4.09393 -20.6308 0
    endloop
  endfacet
  facet normal 1 -0.000691882 0
    outer loop
      vertex 4.09407 -20.4323 0
      vertex 4.09407 -20.4323 8
      vertex 4.09393 -20.6308 8
    endloop
  endfacet
  facet normal 0.999878 0.0156093 0
    outer loop
      vertex 4.09111 -20.2427 0
      vertex 4.09407 -20.4323 8
      vertex 4.09407 -20.4323 0
    endloop
  endfacet
  facet normal 0.999878 0.0156093 -0
    outer loop
      vertex 4.09111 -20.2427 0
      vertex 4.09111 -20.2427 8
      vertex 4.09407 -20.4323 8
    endloop
  endfacet
  facet normal 0.999517 0.03108 0
    outer loop
      vertex 4.08546 -20.0611 0
      vertex 4.09111 -20.2427 8
      vertex 4.09111 -20.2427 0
    endloop
  endfacet
  facet normal 0.999517 0.03108 -0
    outer loop
      vertex 4.08546 -20.0611 0
      vertex 4.08546 -20.0611 8
      vertex 4.09111 -20.2427 8
    endloop
  endfacet
  facet normal 0.999002 0.0446662 0
    outer loop
      vertex 4.07767 -19.8867 0
      vertex 4.08546 -20.0611 8
      vertex 4.08546 -20.0611 0
    endloop
  endfacet
  facet normal 0.999002 0.0446662 -0
    outer loop
      vertex 4.07767 -19.8867 0
      vertex 4.07767 -19.8867 8
      vertex 4.08546 -20.0611 8
    endloop
  endfacet
  facet normal 0.998287 0.0585146 0
    outer loop
      vertex 4.06783 -19.7188 0
      vertex 4.07767 -19.8867 8
      vertex 4.07767 -19.8867 0
    endloop
  endfacet
  facet normal 0.998287 0.0585146 -0
    outer loop
      vertex 4.06783 -19.7188 0
      vertex 4.06783 -19.7188 8
      vertex 4.07767 -19.8867 8
    endloop
  endfacet
  facet normal 0.997024 0.07709 0
    outer loop
      vertex 4.04314 -19.3995 0
      vertex 4.06783 -19.7188 8
      vertex 4.06783 -19.7188 0
    endloop
  endfacet
  facet normal 0.997024 0.07709 -0
    outer loop
      vertex 4.04314 -19.3995 0
      vertex 4.04314 -19.3995 8
      vertex 4.06783 -19.7188 8
    endloop
  endfacet
  facet normal 0.995029 0.0995885 0
    outer loop
      vertex 4.01295 -19.0979 0
      vertex 4.04314 -19.3995 8
      vertex 4.04314 -19.3995 0
    endloop
  endfacet
  facet normal 0.995029 0.0995885 -0
    outer loop
      vertex 4.01295 -19.0979 0
      vertex 4.01295 -19.0979 8
      vertex 4.04314 -19.3995 8
    endloop
  endfacet
  facet normal 0.992885 0.119079 0
    outer loop
      vertex 3.97842 -18.81 0
      vertex 4.01295 -19.0979 8
      vertex 4.01295 -19.0979 0
    endloop
  endfacet
  facet normal 0.992885 0.119079 -0
    outer loop
      vertex 3.97842 -18.81 0
      vertex 3.97842 -18.81 8
      vertex 4.01295 -19.0979 8
    endloop
  endfacet
  facet normal 0.990176 0.139829 0
    outer loop
      vertex 3.91541 -18.3638 0
      vertex 3.97842 -18.81 8
      vertex 3.97842 -18.81 0
    endloop
  endfacet
  facet normal 0.990176 0.139829 -0
    outer loop
      vertex 3.91541 -18.3638 0
      vertex 3.91541 -18.3638 8
      vertex 3.97842 -18.81 8
    endloop
  endfacet
  facet normal 0.915446 0.402441 0
    outer loop
      vertex 3.75934 -18.0088 0
      vertex 3.91541 -18.3638 8
      vertex 3.91541 -18.3638 0
    endloop
  endfacet
  facet normal 0.915446 0.402441 -0
    outer loop
      vertex 3.75934 -18.0088 0
      vertex 3.75934 -18.0088 8
      vertex 3.91541 -18.3638 8
    endloop
  endfacet
  facet normal 0.931524 -0.363679 0
    outer loop
      vertex 3.8421 -17.7968 0
      vertex 3.75934 -18.0088 8
      vertex 3.75934 -18.0088 0
    endloop
  endfacet
  facet normal 0.931524 -0.363679 0
    outer loop
      vertex 3.8421 -17.7968 0
      vertex 3.8421 -17.7968 8
      vertex 3.75934 -18.0088 8
    endloop
  endfacet
  facet normal 0.977414 0.211333 0
    outer loop
      vertex 3.84113 -17.7923 0
      vertex 3.8421 -17.7968 8
      vertex 3.8421 -17.7968 0
    endloop
  endfacet
  facet normal 0.977414 0.211333 -0
    outer loop
      vertex 3.84113 -17.7923 0
      vertex 3.84113 -17.7923 8
      vertex 3.8421 -17.7968 8
    endloop
  endfacet
  facet normal 0.398996 -0.916953 0
    outer loop
      vertex 4.16939 -17.6494 0
      vertex 3.84113 -17.7923 8
      vertex 3.84113 -17.7923 0
    endloop
  endfacet
  facet normal 0.398996 -0.916953 0
    outer loop
      vertex 4.16939 -17.6494 0
      vertex 4.16939 -17.6494 8
      vertex 3.84113 -17.7923 8
    endloop
  endfacet
  facet normal 0.426862 -0.904317 0
    outer loop
      vertex 5.14909 -17.187 0
      vertex 4.16939 -17.6494 8
      vertex 4.16939 -17.6494 0
    endloop
  endfacet
  facet normal 0.426862 -0.904317 0
    outer loop
      vertex 5.14909 -17.187 0
      vertex 5.14909 -17.187 8
      vertex 4.16939 -17.6494 8
    endloop
  endfacet
  facet normal -0.958478 -0.285167 0
    outer loop
      vertex 5.14964 -17.1888 0
      vertex 5.14909 -17.187 8
      vertex 5.14909 -17.187 0
    endloop
  endfacet
  facet normal -0.958478 -0.285167 0
    outer loop
      vertex 5.14964 -17.1888 0
      vertex 5.14964 -17.1888 8
      vertex 5.14909 -17.187 8
    endloop
  endfacet
  facet normal -0.324242 -0.945974 0
    outer loop
      vertex 5.36493 -17.2626 0
      vertex 5.14964 -17.1888 8
      vertex 5.14964 -17.1888 0
    endloop
  endfacet
  facet normal -0.324242 -0.945974 0
    outer loop
      vertex 5.36493 -17.2626 0
      vertex 5.36493 -17.2626 8
      vertex 5.14964 -17.1888 8
    endloop
  endfacet
  facet normal -0.898034 -0.439927 0
    outer loop
      vertex 5.57133 -17.6839 0
      vertex 5.36493 -17.2626 8
      vertex 5.36493 -17.2626 0
    endloop
  endfacet
  facet normal -0.898034 -0.439927 0
    outer loop
      vertex 5.57133 -17.6839 0
      vertex 5.57133 -17.6839 8
      vertex 5.36493 -17.2626 8
    endloop
  endfacet
  facet normal -0.76448 -0.644648 0
    outer loop
      vertex 5.75061 -17.8965 0
      vertex 5.57133 -17.6839 8
      vertex 5.57133 -17.6839 0
    endloop
  endfacet
  facet normal -0.76448 -0.644648 0
    outer loop
      vertex 5.75061 -17.8965 0
      vertex 5.75061 -17.8965 8
      vertex 5.57133 -17.6839 8
    endloop
  endfacet
  facet normal -0.746126 -0.665805 0
    outer loop
      vertex 5.91365 -18.0793 0
      vertex 5.75061 -17.8965 8
      vertex 5.75061 -17.8965 0
    endloop
  endfacet
  facet normal -0.746126 -0.665805 0
    outer loop
      vertex 5.91365 -18.0793 0
      vertex 5.91365 -18.0793 8
      vertex 5.75061 -17.8965 8
    endloop
  endfacet
  facet normal -0.727155 -0.686473 0
    outer loop
      vertex 6.10625 -18.2833 0
      vertex 5.91365 -18.0793 8
      vertex 5.91365 -18.0793 0
    endloop
  endfacet
  facet normal -0.727155 -0.686473 0
    outer loop
      vertex 6.10625 -18.2833 0
      vertex 6.10625 -18.2833 8
      vertex 5.91365 -18.0793 8
    endloop
  endfacet
  facet normal -0.710107 -0.704094 0
    outer loop
      vertex 6.32422 -18.5031 0
      vertex 6.10625 -18.2833 8
      vertex 6.10625 -18.2833 0
    endloop
  endfacet
  facet normal -0.710107 -0.704094 0
    outer loop
      vertex 6.32422 -18.5031 0
      vertex 6.32422 -18.5031 8
      vertex 6.10625 -18.2833 8
    endloop
  endfacet
  facet normal -0.69473 -0.719271 0
    outer loop
      vertex 6.56348 -18.7342 0
      vertex 6.32422 -18.5031 8
      vertex 6.32422 -18.5031 0
    endloop
  endfacet
  facet normal -0.69473 -0.719271 0
    outer loop
      vertex 6.56348 -18.7342 0
      vertex 6.56348 -18.7342 8
      vertex 6.32422 -18.5031 8
    endloop
  endfacet
  facet normal -0.680801 -0.732468 0
    outer loop
      vertex 6.82047 -18.9731 0
      vertex 6.56348 -18.7342 8
      vertex 6.56348 -18.7342 0
    endloop
  endfacet
  facet normal -0.680801 -0.732468 0
    outer loop
      vertex 6.82047 -18.9731 0
      vertex 6.82047 -18.9731 8
      vertex 6.56348 -18.7342 8
    endloop
  endfacet
  facet normal -0.667968 -0.74419 0
    outer loop
      vertex 7.0925 -19.2172 0
      vertex 6.82047 -18.9731 8
      vertex 6.82047 -18.9731 0
    endloop
  endfacet
  facet normal -0.667968 -0.74419 0
    outer loop
      vertex 7.0925 -19.2172 0
      vertex 7.0925 -19.2172 8
      vertex 6.82047 -18.9731 8
    endloop
  endfacet
  facet normal -0.656192 -0.754594 0
    outer loop
      vertex 7.37801 -19.4655 0
      vertex 7.0925 -19.2172 8
      vertex 7.0925 -19.2172 0
    endloop
  endfacet
  facet normal -0.656192 -0.754594 0
    outer loop
      vertex 7.37801 -19.4655 0
      vertex 7.37801 -19.4655 8
      vertex 7.0925 -19.2172 8
    endloop
  endfacet
  facet normal -0.644826 -0.764329 0
    outer loop
      vertex 7.67703 -19.7178 0
      vertex 7.37801 -19.4655 8
      vertex 7.37801 -19.4655 0
    endloop
  endfacet
  facet normal -0.644826 -0.764329 0
    outer loop
      vertex 7.67703 -19.7178 0
      vertex 7.67703 -19.7178 8
      vertex 7.37801 -19.4655 8
    endloop
  endfacet
  facet normal -0.633372 -0.773847 0
    outer loop
      vertex 7.86852 -19.8745 0
      vertex 7.67703 -19.7178 8
      vertex 7.67703 -19.7178 0
    endloop
  endfacet
  facet normal -0.633372 -0.773847 0
    outer loop
      vertex 7.86852 -19.8745 0
      vertex 7.86852 -19.8745 8
      vertex 7.67703 -19.7178 8
    endloop
  endfacet
  facet normal 0.449933 -0.893062 0
    outer loop
      vertex 8.01471 -19.8008 0
      vertex 7.86852 -19.8745 8
      vertex 7.86852 -19.8745 0
    endloop
  endfacet
  facet normal 0.449933 -0.893062 0
    outer loop
      vertex 8.01471 -19.8008 0
      vertex 8.01471 -19.8008 8
      vertex 7.86852 -19.8745 8
    endloop
  endfacet
  facet normal 0.469523 -0.88292 0
    outer loop
      vertex 8.80611 -19.38 0
      vertex 8.01471 -19.8008 8
      vertex 8.01471 -19.8008 0
    endloop
  endfacet
  facet normal 0.469523 -0.88292 0
    outer loop
      vertex 8.80611 -19.38 0
      vertex 8.80611 -19.38 8
      vertex 8.01471 -19.8008 8
    endloop
  endfacet
  facet normal 0.997386 0.0722597 0
    outer loop
      vertex 8.79079 -19.1685 0
      vertex 8.80611 -19.38 8
      vertex 8.80611 -19.38 0
    endloop
  endfacet
  facet normal 0.997386 0.0722597 -0
    outer loop
      vertex 8.79079 -19.1685 0
      vertex 8.79079 -19.1685 8
      vertex 8.80611 -19.38 8
    endloop
  endfacet
  facet normal 0.996453 0.0841485 0
    outer loop
      vertex 8.77296 -18.9575 0
      vertex 8.79079 -19.1685 8
      vertex 8.79079 -19.1685 0
    endloop
  endfacet
  facet normal 0.996453 0.0841485 -0
    outer loop
      vertex 8.77296 -18.9575 0
      vertex 8.77296 -18.9575 8
      vertex 8.79079 -19.1685 8
    endloop
  endfacet
  facet normal 0.995431 0.095486 0
    outer loop
      vertex 8.75346 -18.7542 0
      vertex 8.77296 -18.9575 8
      vertex 8.77296 -18.9575 0
    endloop
  endfacet
  facet normal 0.995431 0.095486 -0
    outer loop
      vertex 8.75346 -18.7542 0
      vertex 8.75346 -18.7542 8
      vertex 8.77296 -18.9575 8
    endloop
  endfacet
  facet normal 0.993884 0.110432 0
    outer loop
      vertex 8.71051 -18.3676 0
      vertex 8.75346 -18.7542 8
      vertex 8.75346 -18.7542 0
    endloop
  endfacet
  facet normal 0.993884 0.110432 -0
    outer loop
      vertex 8.71051 -18.3676 0
      vertex 8.71051 -18.3676 8
      vertex 8.75346 -18.7542 8
    endloop
  endfacet
  facet normal 0.991646 0.128991 0
    outer loop
      vertex 8.66312 -18.0033 0
      vertex 8.71051 -18.3676 8
      vertex 8.71051 -18.3676 0
    endloop
  endfacet
  facet normal 0.991646 0.128991 -0
    outer loop
      vertex 8.66312 -18.0033 0
      vertex 8.66312 -18.0033 8
      vertex 8.71051 -18.3676 8
    endloop
  endfacet
  facet normal 0.989341 0.145618 0
    outer loop
      vertex 8.61214 -17.6569 0
      vertex 8.66312 -18.0033 8
      vertex 8.66312 -18.0033 0
    endloop
  endfacet
  facet normal 0.989341 0.145618 -0
    outer loop
      vertex 8.61214 -17.6569 0
      vertex 8.61214 -17.6569 8
      vertex 8.66312 -18.0033 8
    endloop
  endfacet
  facet normal 0.986972 0.160894 0
    outer loop
      vertex 8.55817 -17.3258 0
      vertex 8.61214 -17.6569 8
      vertex 8.61214 -17.6569 0
    endloop
  endfacet
  facet normal 0.986972 0.160894 -0
    outer loop
      vertex 8.55817 -17.3258 0
      vertex 8.55817 -17.3258 8
      vertex 8.61214 -17.6569 8
    endloop
  endfacet
  facet normal 0.984469 0.175561 0
    outer loop
      vertex 8.50171 -17.0092 0
      vertex 8.55817 -17.3258 8
      vertex 8.55817 -17.3258 0
    endloop
  endfacet
  facet normal 0.984469 0.175561 -0
    outer loop
      vertex 8.50171 -17.0092 0
      vertex 8.50171 -17.0092 8
      vertex 8.55817 -17.3258 8
    endloop
  endfacet
  facet normal 0.981748 0.190188 0
    outer loop
      vertex 8.44341 -16.7083 0
      vertex 8.50171 -17.0092 8
      vertex 8.50171 -17.0092 0
    endloop
  endfacet
  facet normal 0.981748 0.190188 -0
    outer loop
      vertex 8.44341 -16.7083 0
      vertex 8.44341 -16.7083 8
      vertex 8.50171 -17.0092 8
    endloop
  endfacet
  facet normal 0.978622 0.205667 0
    outer loop
      vertex 8.38406 -16.4259 0
      vertex 8.44341 -16.7083 8
      vertex 8.44341 -16.7083 0
    endloop
  endfacet
  facet normal 0.978622 0.205667 -0
    outer loop
      vertex 8.38406 -16.4259 0
      vertex 8.38406 -16.4259 8
      vertex 8.44341 -16.7083 8
    endloop
  endfacet
  facet normal 0.97539 0.220488 0
    outer loop
      vertex 8.3163 -16.1261 0
      vertex 8.38406 -16.4259 8
      vertex 8.38406 -16.4259 0
    endloop
  endfacet
  facet normal 0.97539 0.220488 -0
    outer loop
      vertex 8.3163 -16.1261 0
      vertex 8.3163 -16.1261 8
      vertex 8.38406 -16.4259 8
    endloop
  endfacet
  facet normal 0.872443 0.488716 0
    outer loop
      vertex 8.13617 -15.8046 0
      vertex 8.3163 -16.1261 8
      vertex 8.3163 -16.1261 0
    endloop
  endfacet
  facet normal 0.872443 0.488716 -0
    outer loop
      vertex 8.13617 -15.8046 0
      vertex 8.13617 -15.8046 8
      vertex 8.3163 -16.1261 8
    endloop
  endfacet
  facet normal 0.96246 -0.271425 0
    outer loop
      vertex 8.19794 -15.5856 0
      vertex 8.13617 -15.8046 8
      vertex 8.13617 -15.8046 0
    endloop
  endfacet
  facet normal 0.96246 -0.271425 0
    outer loop
      vertex 8.19794 -15.5856 0
      vertex 8.19794 -15.5856 8
      vertex 8.13617 -15.8046 8
    endloop
  endfacet
  facet normal 0.884772 0.466025 0
    outer loop
      vertex 8.19688 -15.5836 0
      vertex 8.19794 -15.5856 8
      vertex 8.19794 -15.5856 0
    endloop
  endfacet
  facet normal 0.884772 0.466025 -0
    outer loop
      vertex 8.19688 -15.5836 0
      vertex 8.19688 -15.5836 8
      vertex 8.19794 -15.5856 8
    endloop
  endfacet
  facet normal 0.486681 -0.87358 0
    outer loop
      vertex 8.45418 -15.4402 0
      vertex 8.19688 -15.5836 8
      vertex 8.19688 -15.5836 0
    endloop
  endfacet
  facet normal 0.486681 -0.87358 0
    outer loop
      vertex 8.45418 -15.4402 0
      vertex 8.45418 -15.4402 8
      vertex 8.19688 -15.5836 8
    endloop
  endfacet
  facet normal 0.502632 -0.8645 0
    outer loop
      vertex 9.39795 -14.8915 0
      vertex 8.45418 -15.4402 8
      vertex 8.45418 -15.4402 0
    endloop
  endfacet
  facet normal 0.502632 -0.8645 0
    outer loop
      vertex 9.39795 -14.8915 0
      vertex 9.39795 -14.8915 8
      vertex 8.45418 -15.4402 8
    endloop
  endfacet
  facet normal -0.249322 -0.968421 0
    outer loop
      vertex 9.61908 -14.9484 0
      vertex 9.39795 -14.8915 8
      vertex 9.39795 -14.8915 0
    endloop
  endfacet
  facet normal -0.249322 -0.968421 0
    outer loop
      vertex 9.61908 -14.9484 0
      vertex 9.61908 -14.9484 8
      vertex 9.39795 -14.8915 8
    endloop
  endfacet
  facet normal -0.859459 -0.511204 0
    outer loop
      vertex 9.8075 -15.2652 0
      vertex 9.61908 -14.9484 8
      vertex 9.61908 -14.9484 0
    endloop
  endfacet
  facet normal -0.859459 -0.511204 0
    outer loop
      vertex 9.8075 -15.2652 0
      vertex 9.8075 -15.2652 8
      vertex 9.61908 -14.9484 8
    endloop
  endfacet
  facet normal -0.678629 -0.734482 0
    outer loop
      vertex 10.0332 -15.4738 0
      vertex 9.8075 -15.2652 8
      vertex 9.8075 -15.2652 0
    endloop
  endfacet
  facet normal -0.678629 -0.734482 0
    outer loop
      vertex 10.0332 -15.4738 0
      vertex 10.0332 -15.4738 8
      vertex 9.8075 -15.2652 8
    endloop
  endfacet
  facet normal -0.667447 -0.744657 0
    outer loop
      vertex 10.2481 -15.6664 0
      vertex 10.0332 -15.4738 8
      vertex 10.0332 -15.4738 0
    endloop
  endfacet
  facet normal -0.667447 -0.744657 0
    outer loop
      vertex 10.2481 -15.6664 0
      vertex 10.2481 -15.6664 8
      vertex 10.0332 -15.4738 8
    endloop
  endfacet
  facet normal -0.655578 -0.755127 0
    outer loop
      vertex 10.4796 -15.8673 0
      vertex 10.2481 -15.6664 8
      vertex 10.2481 -15.6664 0
    endloop
  endfacet
  facet normal -0.655578 -0.755127 0
    outer loop
      vertex 10.4796 -15.8673 0
      vertex 10.4796 -15.8673 8
      vertex 10.2481 -15.6664 8
    endloop
  endfacet
  facet normal -0.644273 -0.764796 0
    outer loop
      vertex 10.7255 -16.0745 0
      vertex 10.4796 -15.8673 8
      vertex 10.4796 -15.8673 0
    endloop
  endfacet
  facet normal -0.644273 -0.764796 0
    outer loop
      vertex 10.7255 -16.0745 0
      vertex 10.7255 -16.0745 8
      vertex 10.4796 -15.8673 8
    endloop
  endfacet
  facet normal -0.632827 -0.774294 0
    outer loop
      vertex 10.9853 -16.2868 0
      vertex 10.7255 -16.0745 8
      vertex 10.7255 -16.0745 0
    endloop
  endfacet
  facet normal -0.632827 -0.774294 0
    outer loop
      vertex 10.9853 -16.2868 0
      vertex 10.9853 -16.2868 8
      vertex 10.7255 -16.0745 8
    endloop
  endfacet
  facet normal -0.62077 -0.783993 0
    outer loop
      vertex 11.2597 -16.5041 0
      vertex 10.9853 -16.2868 8
      vertex 10.9853 -16.2868 0
    endloop
  endfacet
  facet normal -0.62077 -0.783993 0
    outer loop
      vertex 11.2597 -16.5041 0
      vertex 11.2597 -16.5041 8
      vertex 10.9853 -16.2868 8
    endloop
  endfacet
  facet normal -0.607529 -0.794298 0
    outer loop
      vertex 11.5516 -16.7273 0
      vertex 11.2597 -16.5041 8
      vertex 11.2597 -16.5041 0
    endloop
  endfacet
  facet normal -0.607529 -0.794298 0
    outer loop
      vertex 11.5516 -16.7273 0
      vertex 11.5516 -16.7273 8
      vertex 11.2597 -16.5041 8
    endloop
  endfacet
  facet normal -0.592599 -0.805497 0
    outer loop
      vertex 11.8649 -16.9578 0
      vertex 11.5516 -16.7273 8
      vertex 11.5516 -16.7273 0
    endloop
  endfacet
  facet normal -0.592599 -0.805497 0
    outer loop
      vertex 11.8649 -16.9578 0
      vertex 11.8649 -16.9578 8
      vertex 11.5516 -16.7273 8
    endloop
  endfacet
  facet normal -0.580446 -0.814298 0
    outer loop
      vertex 12.0312 -17.0764 0
      vertex 11.8649 -16.9578 8
      vertex 11.8649 -16.9578 0
    endloop
  endfacet
  facet normal -0.580446 -0.814298 0
    outer loop
      vertex 12.0312 -17.0764 0
      vertex 12.0312 -17.0764 8
      vertex 11.8649 -16.9578 8
    endloop
  endfacet
  facet normal -0.571018 -0.820938 0
    outer loop
      vertex 12.205 -17.1973 0
      vertex 12.0312 -17.0764 8
      vertex 12.0312 -17.0764 0
    endloop
  endfacet
  facet normal -0.571018 -0.820938 0
    outer loop
      vertex 12.205 -17.1973 0
      vertex 12.205 -17.1973 8
      vertex 12.0312 -17.0764 8
    endloop
  endfacet
  facet normal -0.561314 -0.827603 0
    outer loop
      vertex 12.3826 -17.3177 0
      vertex 12.205 -17.1973 8
      vertex 12.205 -17.1973 0
    endloop
  endfacet
  facet normal -0.561314 -0.827603 0
    outer loop
      vertex 12.3826 -17.3177 0
      vertex 12.3826 -17.3177 8
      vertex 12.205 -17.1973 8
    endloop
  endfacet
  facet normal 0.535095 -0.844792 0
    outer loop
      vertex 13.2775 -16.7509 0
      vertex 12.3826 -17.3177 8
      vertex 12.3826 -17.3177 0
    endloop
  endfacet
  facet normal 0.535095 -0.844792 0
    outer loop
      vertex 13.2775 -16.7509 0
      vertex 13.2775 -16.7509 8
      vertex 12.3826 -17.3177 8
    endloop
  endfacet
  facet normal 0.986851 0.161631 0
    outer loop
      vertex 13.2376 -16.5074 0
      vertex 13.2775 -16.7509 8
      vertex 13.2775 -16.7509 0
    endloop
  endfacet
  facet normal 0.986851 0.161631 -0
    outer loop
      vertex 13.2376 -16.5074 0
      vertex 13.2376 -16.5074 8
      vertex 13.2775 -16.7509 8
    endloop
  endfacet
  facet normal 0.984345 0.176252 0
    outer loop
      vertex 13.1686 -16.1223 0
      vertex 13.2376 -16.5074 8
      vertex 13.2376 -16.5074 0
    endloop
  endfacet
  facet normal 0.984345 0.176252 -0
    outer loop
      vertex 13.1686 -16.1223 0
      vertex 13.1686 -16.1223 8
      vertex 13.2376 -16.5074 8
    endloop
  endfacet
  facet normal 0.981599 0.190956 0
    outer loop
      vertex 13.0964 -15.7509 0
      vertex 13.1686 -16.1223 8
      vertex 13.1686 -16.1223 0
    endloop
  endfacet
  facet normal 0.981599 0.190956 -0
    outer loop
      vertex 13.0964 -15.7509 0
      vertex 13.0964 -15.7509 8
      vertex 13.1686 -16.1223 8
    endloop
  endfacet
  facet normal 0.978463 0.206421 0
    outer loop
      vertex 13.0209 -15.3932 0
      vertex 13.0964 -15.7509 8
      vertex 13.0964 -15.7509 0
    endloop
  endfacet
  facet normal 0.978463 0.206421 -0
    outer loop
      vertex 13.0209 -15.3932 0
      vertex 13.0209 -15.3932 8
      vertex 13.0964 -15.7509 8
    endloop
  endfacet
  facet normal 0.974745 0.223322 0
    outer loop
      vertex 12.9426 -15.0512 0
      vertex 13.0209 -15.3932 8
      vertex 13.0209 -15.3932 0
    endloop
  endfacet
  facet normal 0.974745 0.223322 -0
    outer loop
      vertex 12.9426 -15.0512 0
      vertex 12.9426 -15.0512 8
      vertex 13.0209 -15.3932 8
    endloop
  endfacet
  facet normal 0.970264 0.24205 0
    outer loop
      vertex 12.862 -14.7285 0
      vertex 12.9426 -15.0512 8
      vertex 12.9426 -15.0512 0
    endloop
  endfacet
  facet normal 0.970264 0.24205 -0
    outer loop
      vertex 12.862 -14.7285 0
      vertex 12.862 -14.7285 8
      vertex 12.9426 -15.0512 8
    endloop
  endfacet
  facet normal 0.964818 0.262917 0
    outer loop
      vertex 12.7806 -14.4298 0
      vertex 12.862 -14.7285 8
      vertex 12.862 -14.7285 0
    endloop
  endfacet
  facet normal 0.964818 0.262917 -0
    outer loop
      vertex 12.7806 -14.4298 0
      vertex 12.7806 -14.4298 8
      vertex 12.862 -14.7285 8
    endloop
  endfacet
  facet normal 0.958092 0.28646 0
    outer loop
      vertex 12.7003 -14.161 0
      vertex 12.7806 -14.4298 8
      vertex 12.7806 -14.4298 0
    endloop
  endfacet
  facet normal 0.958092 0.28646 -0
    outer loop
      vertex 12.7003 -14.161 0
      vertex 12.7003 -14.161 8
      vertex 12.7806 -14.4298 8
    endloop
  endfacet
  facet normal 0.949669 0.313254 0
    outer loop
      vertex 12.6236 -13.9285 0
      vertex 12.7003 -14.161 8
      vertex 12.7003 -14.161 0
    endloop
  endfacet
  facet normal 0.949669 0.313254 -0
    outer loop
      vertex 12.6236 -13.9285 0
      vertex 12.6236 -13.9285 8
      vertex 12.7003 -14.161 8
    endloop
  endfacet
  facet normal 0.940504 0.339782 0
    outer loop
      vertex 12.5291 -13.6669 0
      vertex 12.6236 -13.9285 8
      vertex 12.6236 -13.9285 0
    endloop
  endfacet
  facet normal 0.940504 0.339782 -0
    outer loop
      vertex 12.5291 -13.6669 0
      vertex 12.5291 -13.6669 8
      vertex 12.6236 -13.9285 8
    endloop
  endfacet
  facet normal 0.830003 0.557759 0
    outer loop
      vertex 12.2674 -13.2775 0
      vertex 12.5291 -13.6669 8
      vertex 12.5291 -13.6669 0
    endloop
  endfacet
  facet normal 0.830003 0.557759 -0
    outer loop
      vertex 12.2674 -13.2775 0
      vertex 12.2674 -13.2775 8
      vertex 12.5291 -13.6669 8
    endloop
  endfacet
  facet normal 0.981349 -0.192233 0
    outer loop
      vertex 12.3111 -13.0541 0
      vertex 12.2674 -13.2775 8
      vertex 12.2674 -13.2775 0
    endloop
  endfacet
  facet normal 0.981349 -0.192233 0
    outer loop
      vertex 12.3111 -13.0541 0
      vertex 12.3111 -13.0541 8
      vertex 12.2674 -13.2775 8
    endloop
  endfacet
  facet normal 0.727297 0.686323 0
    outer loop
      vertex 12.3091 -13.052 0
      vertex 12.3111 -13.0541 8
      vertex 12.3111 -13.0541 0
    endloop
  endfacet
  facet normal 0.727297 0.686323 -0
    outer loop
      vertex 12.3091 -13.052 0
      vertex 12.3091 -13.052 8
      vertex 12.3111 -13.0541 8
    endloop
  endfacet
  facet normal 0.55518 -0.83173 0
    outer loop
      vertex 12.5347 -12.9014 0
      vertex 12.3091 -13.052 8
      vertex 12.3091 -13.052 0
    endloop
  endfacet
  facet normal 0.55518 -0.83173 0
    outer loop
      vertex 12.5347 -12.9014 0
      vertex 12.5347 -12.9014 8
      vertex 12.3091 -13.052 8
    endloop
  endfacet
  facet normal 0.577601 -0.816319 0
    outer loop
      vertex 13.4906 -12.225 0
      vertex 12.5347 -12.9014 8
      vertex 12.5347 -12.9014 0
    endloop
  endfacet
  facet normal 0.577601 -0.816319 0
    outer loop
      vertex 13.4906 -12.225 0
      vertex 13.4906 -12.225 8
      vertex 12.5347 -12.9014 8
    endloop
  endfacet
  facet normal -0.153407 -0.988163 0
    outer loop
      vertex 13.7164 -12.2601 0
      vertex 13.4906 -12.225 8
      vertex 13.4906 -12.225 0
    endloop
  endfacet
  facet normal -0.153407 -0.988163 0
    outer loop
      vertex 13.7164 -12.2601 0
      vertex 13.7164 -12.2601 8
      vertex 13.4906 -12.225 8
    endloop
  endfacet
  facet normal -0.806269 -0.59155 0
    outer loop
      vertex 13.9458 -12.5727 0
      vertex 13.7164 -12.2601 8
      vertex 13.7164 -12.2601 0
    endloop
  endfacet
  facet normal -0.806269 -0.59155 0
    outer loop
      vertex 13.9458 -12.5727 0
      vertex 13.9458 -12.5727 8
      vertex 13.7164 -12.2601 8
    endloop
  endfacet
  facet normal -0.618802 -0.785547 0
    outer loop
      vertex 14.1891 -12.7644 0
      vertex 13.9458 -12.5727 8
      vertex 13.9458 -12.5727 0
    endloop
  endfacet
  facet normal -0.618802 -0.785547 0
    outer loop
      vertex 14.1891 -12.7644 0
      vertex 14.1891 -12.7644 8
      vertex 13.9458 -12.5727 8
    endloop
  endfacet
  facet normal -0.606895 -0.794782 0
    outer loop
      vertex 14.4152 -12.9371 0
      vertex 14.1891 -12.7644 8
      vertex 14.1891 -12.7644 0
    endloop
  endfacet
  facet normal -0.606895 -0.794782 0
    outer loop
      vertex 14.4152 -12.9371 0
      vertex 14.4152 -12.9371 8
      vertex 14.1891 -12.7644 8
    endloop
  endfacet
  facet normal -0.591897 -0.806013 0
    outer loop
      vertex 14.6539 -13.1123 0
      vertex 14.4152 -12.9371 8
      vertex 14.4152 -12.9371 0
    endloop
  endfacet
  facet normal -0.591897 -0.806013 0
    outer loop
      vertex 14.6539 -13.1123 0
      vertex 14.6539 -13.1123 8
      vertex 14.4152 -12.9371 8
    endloop
  endfacet
  facet normal -0.574663 -0.81839 0
    outer loop
      vertex 14.9085 -13.2911 0
      vertex 14.6539 -13.1123 8
      vertex 14.6539 -13.1123 0
    endloop
  endfacet
  facet normal -0.574663 -0.81839 0
    outer loop
      vertex 14.9085 -13.2911 0
      vertex 14.9085 -13.2911 8
      vertex 14.6539 -13.1123 8
    endloop
  endfacet
  facet normal -0.560707 -0.828014 0
    outer loop
      vertex 15.0431 -13.3822 0
      vertex 14.9085 -13.2911 8
      vertex 14.9085 -13.2911 0
    endloop
  endfacet
  facet normal -0.560707 -0.828014 0
    outer loop
      vertex 15.0431 -13.3822 0
      vertex 15.0431 -13.3822 8
      vertex 14.9085 -13.2911 8
    endloop
  endfacet
  facet normal -0.549791 -0.835302 0
    outer loop
      vertex 15.1836 -13.4747 0
      vertex 15.0431 -13.3822 8
      vertex 15.0431 -13.3822 0
    endloop
  endfacet
  facet normal -0.549791 -0.835302 0
    outer loop
      vertex 15.1836 -13.4747 0
      vertex 15.1836 -13.4747 8
      vertex 15.0431 -13.3822 8
    endloop
  endfacet
  facet normal -0.538193 -0.842822 0
    outer loop
      vertex 15.3307 -13.5687 0
      vertex 15.1836 -13.4747 8
      vertex 15.1836 -13.4747 0
    endloop
  endfacet
  facet normal -0.538193 -0.842822 0
    outer loop
      vertex 15.3307 -13.5687 0
      vertex 15.3307 -13.5687 8
      vertex 15.1836 -13.4747 8
    endloop
  endfacet
  facet normal -0.526635 -0.850091 0
    outer loop
      vertex 15.4851 -13.6643 0
      vertex 15.3307 -13.5687 8
      vertex 15.3307 -13.5687 0
    endloop
  endfacet
  facet normal -0.526635 -0.850091 0
    outer loop
      vertex 15.4851 -13.6643 0
      vertex 15.4851 -13.6643 8
      vertex 15.3307 -13.5687 8
    endloop
  endfacet
  facet normal -0.513525 -0.858075 0
    outer loop
      vertex 15.6478 -13.7617 0
      vertex 15.4851 -13.6643 8
      vertex 15.4851 -13.6643 0
    endloop
  endfacet
  facet normal -0.513525 -0.858075 0
    outer loop
      vertex 15.6478 -13.7617 0
      vertex 15.6478 -13.7617 8
      vertex 15.4851 -13.6643 8
    endloop
  endfacet
  facet normal -0.499438 -0.866349 0
    outer loop
      vertex 15.8198 -13.8609 0
      vertex 15.6478 -13.7617 8
      vertex 15.6478 -13.7617 0
    endloop
  endfacet
  facet normal -0.499438 -0.866349 0
    outer loop
      vertex 15.8198 -13.8609 0
      vertex 15.8198 -13.8609 8
      vertex 15.6478 -13.7617 8
    endloop
  endfacet
  facet normal -0.484547 -0.874765 0
    outer loop
      vertex 16.0019 -13.9617 0
      vertex 15.8198 -13.8609 8
      vertex 15.8198 -13.8609 0
    endloop
  endfacet
  facet normal -0.484547 -0.874765 0
    outer loop
      vertex 16.0019 -13.9617 0
      vertex 16.0019 -13.9617 8
      vertex 15.8198 -13.8609 8
    endloop
  endfacet
  facet normal -0.469256 -0.883062 0
    outer loop
      vertex 16.1951 -14.0644 0
      vertex 16.0019 -13.9617 8
      vertex 16.0019 -13.9617 0
    endloop
  endfacet
  facet normal -0.469256 -0.883062 0
    outer loop
      vertex 16.1951 -14.0644 0
      vertex 16.1951 -14.0644 8
      vertex 16.0019 -13.9617 8
    endloop
  endfacet
  facet normal -0.452374 -0.891828 0
    outer loop
      vertex 16.4005 -14.1686 0
      vertex 16.1951 -14.0644 8
      vertex 16.1951 -14.0644 0
    endloop
  endfacet
  facet normal -0.452374 -0.891828 0
    outer loop
      vertex 16.4005 -14.1686 0
      vertex 16.4005 -14.1686 8
      vertex 16.1951 -14.0644 8
    endloop
  endfacet
  facet normal -0.434524 -0.90066 0
    outer loop
      vertex 16.6192 -14.2741 0
      vertex 16.4005 -14.1686 8
      vertex 16.4005 -14.1686 0
    endloop
  endfacet
  facet normal -0.434524 -0.90066 0
    outer loop
      vertex 16.6192 -14.2741 0
      vertex 16.6192 -14.2741 8
      vertex 16.4005 -14.1686 8
    endloop
  endfacet
  facet normal -0.415721 -0.909492 0
    outer loop
      vertex 16.7216 -14.3209 0
      vertex 16.6192 -14.2741 8
      vertex 16.6192 -14.2741 0
    endloop
  endfacet
  facet normal -0.415721 -0.909492 0
    outer loop
      vertex 16.7216 -14.3209 0
      vertex 16.7216 -14.3209 8
      vertex 16.6192 -14.2741 8
    endloop
  endfacet
  facet normal 0.603906 -0.797055 0
    outer loop
      vertex 16.7504 -14.299 0
      vertex 16.7216 -14.3209 8
      vertex 16.7216 -14.3209 0
    endloop
  endfacet
  facet normal 0.603906 -0.797055 0
    outer loop
      vertex 16.7504 -14.299 0
      vertex 16.7504 -14.299 8
      vertex 16.7216 -14.3209 8
    endloop
  endfacet
  facet normal 0.634203 -0.773166 0
    outer loop
      vertex 17.4985 -13.6855 0
      vertex 16.7504 -14.299 8
      vertex 16.7504 -14.299 0
    endloop
  endfacet
  facet normal 0.634203 -0.773166 0
    outer loop
      vertex 17.4985 -13.6855 0
      vertex 17.4985 -13.6855 8
      vertex 16.7504 -14.299 8
    endloop
  endfacet
  facet normal 0.968784 0.247905 0
    outer loop
      vertex 17.4538 -13.5107 0
      vertex 17.4985 -13.6855 8
      vertex 17.4985 -13.6855 0
    endloop
  endfacet
  facet normal 0.968784 0.247905 -0
    outer loop
      vertex 17.4538 -13.5107 0
      vertex 17.4538 -13.5107 8
      vertex 17.4985 -13.6855 8
    endloop
  endfacet
  facet normal 0.965995 0.258563 0
    outer loop
      vertex 17.3992 -13.3068 0
      vertex 17.4538 -13.5107 8
      vertex 17.4538 -13.5107 0
    endloop
  endfacet
  facet normal 0.965995 0.258563 -0
    outer loop
      vertex 17.3992 -13.3068 0
      vertex 17.3992 -13.3068 8
      vertex 17.4538 -13.5107 8
    endloop
  endfacet
  facet normal 0.962885 0.26991 0
    outer loop
      vertex 17.3431 -13.1066 0
      vertex 17.3992 -13.3068 8
      vertex 17.3992 -13.3068 0
    endloop
  endfacet
  facet normal 0.962885 0.26991 -0
    outer loop
      vertex 17.3431 -13.1066 0
      vertex 17.3431 -13.1066 8
      vertex 17.3992 -13.3068 8
    endloop
  endfacet
  facet normal 0.959538 0.28158 0
    outer loop
      vertex 17.2855 -12.9106 0
      vertex 17.3431 -13.1066 8
      vertex 17.3431 -13.1066 0
    endloop
  endfacet
  facet normal 0.959538 0.28158 -0
    outer loop
      vertex 17.2855 -12.9106 0
      vertex 17.2855 -12.9106 8
      vertex 17.3431 -13.1066 8
    endloop
  endfacet
  facet normal 0.955718 0.294284 0
    outer loop
      vertex 17.2267 -12.7195 0
      vertex 17.2855 -12.9106 8
      vertex 17.2855 -12.9106 0
    endloop
  endfacet
  facet normal 0.955718 0.294284 -0
    outer loop
      vertex 17.2267 -12.7195 0
      vertex 17.2267 -12.7195 8
      vertex 17.2855 -12.9106 8
    endloop
  endfacet
  facet normal 0.951433 0.307856 0
    outer loop
      vertex 17.1667 -12.534 0
      vertex 17.2267 -12.7195 8
      vertex 17.2267 -12.7195 0
    endloop
  endfacet
  facet normal 0.951433 0.307856 -0
    outer loop
      vertex 17.1667 -12.534 0
      vertex 17.1667 -12.534 8
      vertex 17.2267 -12.7195 8
    endloop
  endfacet
  facet normal 0.946837 0.321715 0
    outer loop
      vertex 17.1058 -12.3548 0
      vertex 17.1667 -12.534 8
      vertex 17.1667 -12.534 0
    endloop
  endfacet
  facet normal 0.946837 0.321715 -0
    outer loop
      vertex 17.1058 -12.3548 0
      vertex 17.1058 -12.3548 8
      vertex 17.1667 -12.534 8
    endloop
  endfacet
  facet normal 0.941734 0.336358 0
    outer loop
      vertex 17.0444 -12.1828 0
      vertex 17.1058 -12.3548 8
      vertex 17.1058 -12.3548 0
    endloop
  endfacet
  facet normal 0.941734 0.336358 -0
    outer loop
      vertex 17.0444 -12.1828 0
      vertex 17.0444 -12.1828 8
      vertex 17.1058 -12.3548 8
    endloop
  endfacet
  facet normal 0.935863 0.352364 0
    outer loop
      vertex 16.9826 -12.0189 0
      vertex 17.0444 -12.1828 8
      vertex 17.0444 -12.1828 0
    endloop
  endfacet
  facet normal 0.935863 0.352364 -0
    outer loop
      vertex 16.9826 -12.0189 0
      vertex 16.9826 -12.0189 8
      vertex 17.0444 -12.1828 8
    endloop
  endfacet
  facet normal 0.929526 0.368758 0
    outer loop
      vertex 16.9211 -11.8637 0
      vertex 16.9826 -12.0189 8
      vertex 16.9826 -12.0189 0
    endloop
  endfacet
  facet normal 0.929526 0.368758 -0
    outer loop
      vertex 16.9211 -11.8637 0
      vertex 16.9211 -11.8637 8
      vertex 16.9826 -12.0189 8
    endloop
  endfacet
  facet normal 0.922653 0.385631 0
    outer loop
      vertex 16.8602 -11.718 0
      vertex 16.9211 -11.8637 8
      vertex 16.9211 -11.8637 0
    endloop
  endfacet
  facet normal 0.922653 0.385631 -0
    outer loop
      vertex 16.8602 -11.718 0
      vertex 16.8602 -11.718 8
      vertex 16.9211 -11.8637 8
    endloop
  endfacet
  facet normal 0.915076 0.403282 0
    outer loop
      vertex 16.8006 -11.5828 0
      vertex 16.8602 -11.718 8
      vertex 16.8602 -11.718 0
    endloop
  endfacet
  facet normal 0.915076 0.403282 -0
    outer loop
      vertex 16.8006 -11.5828 0
      vertex 16.8006 -11.5828 8
      vertex 16.8602 -11.718 8
    endloop
  endfacet
  facet normal 0.906735 0.421701 0
    outer loop
      vertex 16.7429 -11.4587 0
      vertex 16.8006 -11.5828 8
      vertex 16.8006 -11.5828 0
    endloop
  endfacet
  facet normal 0.906735 0.421701 -0
    outer loop
      vertex 16.7429 -11.4587 0
      vertex 16.7429 -11.4587 8
      vertex 16.8006 -11.5828 8
    endloop
  endfacet
  facet normal 0.897243 0.441537 0
    outer loop
      vertex 16.6877 -11.3466 0
      vertex 16.7429 -11.4587 8
      vertex 16.7429 -11.4587 0
    endloop
  endfacet
  facet normal 0.897243 0.441537 -0
    outer loop
      vertex 16.6877 -11.3466 0
      vertex 16.6877 -11.3466 8
      vertex 16.7429 -11.4587 8
    endloop
  endfacet
  facet normal 0.887237 0.461314 0
    outer loop
      vertex 16.636 -11.2472 0
      vertex 16.6877 -11.3466 8
      vertex 16.6877 -11.3466 0
    endloop
  endfacet
  facet normal 0.887237 0.461314 -0
    outer loop
      vertex 16.636 -11.2472 0
      vertex 16.636 -11.2472 8
      vertex 16.6877 -11.3466 8
    endloop
  endfacet
  facet normal 0.876337 0.481698 0
    outer loop
      vertex 16.5887 -11.161 0
      vertex 16.636 -11.2472 8
      vertex 16.636 -11.2472 0
    endloop
  endfacet
  facet normal 0.876337 0.481698 -0
    outer loop
      vertex 16.5887 -11.161 0
      vertex 16.5887 -11.161 8
      vertex 16.636 -11.2472 8
    endloop
  endfacet
  facet normal 0.858753 0.51239 0
    outer loop
      vertex 16.511 -11.0309 0
      vertex 16.5887 -11.161 8
      vertex 16.5887 -11.161 0
    endloop
  endfacet
  facet normal 0.858753 0.51239 -0
    outer loop
      vertex 16.511 -11.0309 0
      vertex 16.511 -11.0309 8
      vertex 16.5887 -11.161 8
    endloop
  endfacet
  facet normal 0.844288 0.535889 0
    outer loop
      vertex 16.4193 -10.8864 0
      vertex 16.511 -11.0309 8
      vertex 16.511 -11.0309 0
    endloop
  endfacet
  facet normal 0.844288 0.535889 -0
    outer loop
      vertex 16.4193 -10.8864 0
      vertex 16.4193 -10.8864 8
      vertex 16.511 -11.0309 8
    endloop
  endfacet
  facet normal 0.746035 0.665906 0
    outer loop
      vertex 16.0006 -10.4173 0
      vertex 16.4193 -10.8864 8
      vertex 16.4193 -10.8864 0
    endloop
  endfacet
  facet normal 0.746035 0.665906 -0
    outer loop
      vertex 16.0006 -10.4173 0
      vertex 16.0006 -10.4173 8
      vertex 16.4193 -10.8864 8
    endloop
  endfacet
  facet normal 0.998446 -0.0557188 0
    outer loop
      vertex 16.0132 -10.19 0
      vertex 16.0006 -10.4173 8
      vertex 16.0006 -10.4173 0
    endloop
  endfacet
  facet normal 0.998446 -0.0557188 0
    outer loop
      vertex 16.0132 -10.19 0
      vertex 16.0132 -10.19 8
      vertex 16.0006 -10.4173 8
    endloop
  endfacet
  facet normal 0.536993 0.843587 0
    outer loop
      vertex 16.0061 -10.1855 0
      vertex 16.0132 -10.19 8
      vertex 16.0132 -10.19 0
    endloop
  endfacet
  facet normal 0.536993 0.843587 -0
    outer loop
      vertex 16.0061 -10.1855 0
      vertex 16.0061 -10.1855 8
      vertex 16.0132 -10.19 8
    endloop
  endfacet
  facet normal 0.668818 -0.743426 0
    outer loop
      vertex 16.4044 -9.82729 0
      vertex 16.0061 -10.1855 8
      vertex 16.0061 -10.1855 0
    endloop
  endfacet
  facet normal 0.668818 -0.743426 0
    outer loop
      vertex 16.4044 -9.82729 0
      vertex 16.4044 -9.82729 8
      vertex 16.0061 -10.1855 8
    endloop
  endfacet
  facet normal 0.707589 -0.706624 0
    outer loop
      vertex 17.1196 -9.11102 0
      vertex 16.4044 -9.82729 8
      vertex 16.4044 -9.82729 0
    endloop
  endfacet
  facet normal 0.707589 -0.706624 0
    outer loop
      vertex 17.1196 -9.11102 0
      vertex 17.1196 -9.11102 8
      vertex 16.4044 -9.82729 8
    endloop
  endfacet
  facet normal -0.468933 -0.883234 0
    outer loop
      vertex 17.1256 -9.11417 0
      vertex 17.1196 -9.11102 8
      vertex 17.1196 -9.11102 0
    endloop
  endfacet
  facet normal -0.468933 -0.883234 0
    outer loop
      vertex 17.1256 -9.11417 0
      vertex 17.1256 -9.11417 8
      vertex 17.1196 -9.11102 8
    endloop
  endfacet
  facet normal 0.0258817 -0.999665 0
    outer loop
      vertex 17.3531 -9.10828 0
      vertex 17.1256 -9.11417 8
      vertex 17.1256 -9.11417 0
    endloop
  endfacet
  facet normal 0.0258817 -0.999665 0
    outer loop
      vertex 17.3531 -9.10828 0
      vertex 17.3531 -9.10828 8
      vertex 17.1256 -9.11417 8
    endloop
  endfacet
  facet normal -0.690202 -0.723617 0
    outer loop
      vertex 17.7248 -9.46284 0
      vertex 17.3531 -9.10828 8
      vertex 17.3531 -9.10828 0
    endloop
  endfacet
  facet normal -0.690202 -0.723617 0
    outer loop
      vertex 17.7248 -9.46284 0
      vertex 17.7248 -9.46284 8
      vertex 17.3531 -9.10828 8
    endloop
  endfacet
  facet normal -0.529064 -0.848582 0
    outer loop
      vertex 17.9651 -9.61267 0
      vertex 17.7248 -9.46284 8
      vertex 17.7248 -9.46284 0
    endloop
  endfacet
  facet normal -0.529064 -0.848582 0
    outer loop
      vertex 17.9651 -9.61267 0
      vertex 17.9651 -9.61267 8
      vertex 17.7248 -9.46284 8
    endloop
  endfacet
  facet normal -0.504694 -0.863299 0
    outer loop
      vertex 18.1692 -9.73196 0
      vertex 17.9651 -9.61267 8
      vertex 17.9651 -9.61267 0
    endloop
  endfacet
  facet normal -0.504694 -0.863299 0
    outer loop
      vertex 18.1692 -9.73196 0
      vertex 18.1692 -9.73196 8
      vertex 17.9651 -9.61267 8
    endloop
  endfacet
  facet normal -0.483718 -0.875224 0
    outer loop
      vertex 18.2794 -9.79288 0
      vertex 18.1692 -9.73196 8
      vertex 18.1692 -9.73196 0
    endloop
  endfacet
  facet normal -0.483718 -0.875224 0
    outer loop
      vertex 18.2794 -9.79288 0
      vertex 18.2794 -9.79288 8
      vertex 18.1692 -9.73196 8
    endloop
  endfacet
  facet normal -0.467596 -0.883942 0
    outer loop
      vertex 18.3962 -9.85469 0
      vertex 18.2794 -9.79288 8
      vertex 18.2794 -9.79288 0
    endloop
  endfacet
  facet normal -0.467596 -0.883942 0
    outer loop
      vertex 18.3962 -9.85469 0
      vertex 18.3962 -9.85469 8
      vertex 18.2794 -9.79288 8
    endloop
  endfacet
  facet normal -0.45054 -0.892756 0
    outer loop
      vertex 18.5206 -9.91747 0
      vertex 18.3962 -9.85469 8
      vertex 18.3962 -9.85469 0
    endloop
  endfacet
  facet normal -0.45054 -0.892756 0
    outer loop
      vertex 18.5206 -9.91747 0
      vertex 18.5206 -9.91747 8
      vertex 18.3962 -9.85469 8
    endloop
  endfacet
  facet normal -0.432573 -0.901599 0
    outer loop
      vertex 18.6535 -9.9812 0
      vertex 18.5206 -9.91747 8
      vertex 18.5206 -9.91747 0
    endloop
  endfacet
  facet normal -0.432573 -0.901599 0
    outer loop
      vertex 18.6535 -9.9812 0
      vertex 18.6535 -9.9812 8
      vertex 18.5206 -9.91747 8
    endloop
  endfacet
  facet normal -0.413737 -0.910397 0
    outer loop
      vertex 18.7957 -10.0458 0
      vertex 18.6535 -9.9812 8
      vertex 18.6535 -9.9812 0
    endloop
  endfacet
  facet normal -0.413737 -0.910397 0
    outer loop
      vertex 18.7957 -10.0458 0
      vertex 18.7957 -10.0458 8
      vertex 18.6535 -9.9812 8
    endloop
  endfacet
  facet normal -0.394097 -0.919069 0
    outer loop
      vertex 18.9483 -10.1113 0
      vertex 18.7957 -10.0458 8
      vertex 18.7957 -10.0458 0
    endloop
  endfacet
  facet normal -0.394097 -0.919069 0
    outer loop
      vertex 18.9483 -10.1113 0
      vertex 18.9483 -10.1113 8
      vertex 18.7957 -10.0458 8
    endloop
  endfacet
  facet normal -0.372938 -0.927856 0
    outer loop
      vertex 19.1123 -10.1772 0
      vertex 18.9483 -10.1113 8
      vertex 18.9483 -10.1113 0
    endloop
  endfacet
  facet normal -0.372938 -0.927856 0
    outer loop
      vertex 19.1123 -10.1772 0
      vertex 19.1123 -10.1772 8
      vertex 18.9483 -10.1113 8
    endloop
  endfacet
  facet normal -0.350635 -0.936512 0
    outer loop
      vertex 19.2887 -10.2433 0
      vertex 19.1123 -10.1772 8
      vertex 19.1123 -10.1772 0
    endloop
  endfacet
  facet normal -0.350635 -0.936512 0
    outer loop
      vertex 19.2887 -10.2433 0
      vertex 19.2887 -10.2433 8
      vertex 19.1123 -10.1772 8
    endloop
  endfacet
  facet normal -0.327272 -0.94493 0
    outer loop
      vertex 19.4787 -10.3091 0
      vertex 19.2887 -10.2433 8
      vertex 19.2887 -10.2433 0
    endloop
  endfacet
  facet normal -0.327272 -0.94493 0
    outer loop
      vertex 19.4787 -10.3091 0
      vertex 19.4787 -10.3091 8
      vertex 19.2887 -10.2433 8
    endloop
  endfacet
  facet normal -0.302758 -0.953068 0
    outer loop
      vertex 19.6832 -10.374 0
      vertex 19.4787 -10.3091 8
      vertex 19.4787 -10.3091 0
    endloop
  endfacet
  facet normal -0.302758 -0.953068 0
    outer loop
      vertex 19.6832 -10.374 0
      vertex 19.6832 -10.374 8
      vertex 19.4787 -10.3091 8
    endloop
  endfacet
  facet normal -0.277104 -0.96084 0
    outer loop
      vertex 19.9034 -10.4375 0
      vertex 19.6832 -10.374 8
      vertex 19.6832 -10.374 0
    endloop
  endfacet
  facet normal -0.277104 -0.96084 0
    outer loop
      vertex 19.9034 -10.4375 0
      vertex 19.9034 -10.4375 8
      vertex 19.6832 -10.374 8
    endloop
  endfacet
  facet normal -0.250176 -0.9682 0
    outer loop
      vertex 20.1402 -10.4987 0
      vertex 19.9034 -10.4375 8
      vertex 19.9034 -10.4375 0
    endloop
  endfacet
  facet normal -0.250176 -0.9682 0
    outer loop
      vertex 20.1402 -10.4987 0
      vertex 20.1402 -10.4987 8
      vertex 19.9034 -10.4375 8
    endloop
  endfacet
  facet normal -0.222258 -0.974988 0
    outer loop
      vertex 20.3946 -10.5567 0
      vertex 20.1402 -10.4987 8
      vertex 20.1402 -10.4987 0
    endloop
  endfacet
  facet normal -0.222258 -0.974988 0
    outer loop
      vertex 20.3946 -10.5567 0
      vertex 20.3946 -10.5567 8
      vertex 20.1402 -10.4987 8
    endloop
  endfacet
  facet normal -0.193132 -0.981173 0
    outer loop
      vertex 20.6465 -10.6063 0
      vertex 20.3946 -10.5567 8
      vertex 20.3946 -10.5567 0
    endloop
  endfacet
  facet normal -0.193132 -0.981173 0
    outer loop
      vertex 20.6465 -10.6063 0
      vertex 20.6465 -10.6063 8
      vertex 20.3946 -10.5567 8
    endloop
  endfacet
  facet normal 0.749948 -0.661497 0
    outer loop
      vertex 20.9282 -10.2868 0
      vertex 20.6465 -10.6063 8
      vertex 20.6465 -10.6063 0
    endloop
  endfacet
  facet normal 0.749948 -0.661497 0
    outer loop
      vertex 20.9282 -10.2868 0
      vertex 20.9282 -10.2868 8
      vertex 20.6465 -10.6063 8
    endloop
  endfacet
  facet normal 0.794747 -0.60694 0
    outer loop
      vertex 21.2398 -9.87889 0
      vertex 20.9282 -10.2868 8
      vertex 20.9282 -10.2868 0
    endloop
  endfacet
  facet normal 0.794747 -0.60694 0
    outer loop
      vertex 21.2398 -9.87889 0
      vertex 21.2398 -9.87889 8
      vertex 20.9282 -10.2868 8
    endloop
  endfacet
  facet normal 0.915842 0.401539 0
    outer loop
      vertex 21.1179 -9.60092 0
      vertex 21.2398 -9.87889 8
      vertex 21.2398 -9.87889 0
    endloop
  endfacet
  facet normal 0.915842 0.401539 -0
    outer loop
      vertex 21.1179 -9.60092 0
      vertex 21.1179 -9.60092 8
      vertex 21.2398 -9.87889 8
    endloop
  endfacet
  facet normal 0.905599 0.424135 0
    outer loop
      vertex 21.0181 -9.38785 0
      vertex 21.1179 -9.60092 8
      vertex 21.1179 -9.60092 0
    endloop
  endfacet
  facet normal 0.905599 0.424135 -0
    outer loop
      vertex 21.0181 -9.38785 0
      vertex 21.0181 -9.38785 8
      vertex 21.1179 -9.60092 8
    endloop
  endfacet
  facet normal 0.896347 0.443354 0
    outer loop
      vertex 20.9171 -9.1835 0
      vertex 21.0181 -9.38785 8
      vertex 21.0181 -9.38785 0
    endloop
  endfacet
  facet normal 0.896347 0.443354 -0
    outer loop
      vertex 20.9171 -9.1835 0
      vertex 20.9171 -9.1835 8
      vertex 21.0181 -9.38785 8
    endloop
  endfacet
  facet normal 0.886213 0.463278 0
    outer loop
      vertex 20.8152 -8.98875 0
      vertex 20.9171 -9.1835 8
      vertex 20.9171 -9.1835 0
    endloop
  endfacet
  facet normal 0.886213 0.463278 -0
    outer loop
      vertex 20.8152 -8.98875 0
      vertex 20.8152 -8.98875 8
      vertex 20.9171 -9.1835 8
    endloop
  endfacet
  facet normal 0.875174 0.483809 0
    outer loop
      vertex 20.7133 -8.80443 0
      vertex 20.8152 -8.98875 8
      vertex 20.8152 -8.98875 0
    endloop
  endfacet
  facet normal 0.875174 0.483809 -0
    outer loop
      vertex 20.7133 -8.80443 0
      vertex 20.7133 -8.80443 8
      vertex 20.8152 -8.98875 8
    endloop
  endfacet
  facet normal 0.863088 0.505053 0
    outer loop
      vertex 20.6121 -8.63136 0
      vertex 20.7133 -8.80443 8
      vertex 20.7133 -8.80443 0
    endloop
  endfacet
  facet normal 0.863088 0.505053 -0
    outer loop
      vertex 20.6121 -8.63136 0
      vertex 20.6121 -8.63136 8
      vertex 20.7133 -8.80443 8
    endloop
  endfacet
  facet normal 0.850023 0.526745 0
    outer loop
      vertex 20.5123 -8.47028 0
      vertex 20.6121 -8.63136 8
      vertex 20.6121 -8.63136 0
    endloop
  endfacet
  facet normal 0.850023 0.526745 -0
    outer loop
      vertex 20.5123 -8.47028 0
      vertex 20.5123 -8.47028 8
      vertex 20.6121 -8.63136 8
    endloop
  endfacet
  facet normal 0.835813 0.549015 0
    outer loop
      vertex 20.4148 -8.32188 0
      vertex 20.5123 -8.47028 8
      vertex 20.5123 -8.47028 0
    endloop
  endfacet
  facet normal 0.835813 0.549015 -0
    outer loop
      vertex 20.4148 -8.32188 0
      vertex 20.4148 -8.32188 8
      vertex 20.5123 -8.47028 8
    endloop
  endfacet
  facet normal 0.820319 0.571906 0
    outer loop
      vertex 20.3206 -8.18684 0
      vertex 20.4148 -8.32188 8
      vertex 20.4148 -8.32188 0
    endloop
  endfacet
  facet normal 0.820319 0.571906 -0
    outer loop
      vertex 20.3206 -8.18684 0
      vertex 20.3206 -8.18684 8
      vertex 20.4148 -8.32188 8
    endloop
  endfacet
  facet normal 0.803797 0.594903 0
    outer loop
      vertex 20.2309 -8.06566 0
      vertex 20.3206 -8.18684 8
      vertex 20.3206 -8.18684 0
    endloop
  endfacet
  facet normal 0.803797 0.594903 -0
    outer loop
      vertex 20.2309 -8.06566 0
      vertex 20.2309 -8.06566 8
      vertex 20.3206 -8.18684 8
    endloop
  endfacet
  facet normal 0.785944 0.618297 0
    outer loop
      vertex 20.1469 -7.95879 0
      vertex 20.2309 -8.06566 8
      vertex 20.2309 -8.06566 0
    endloop
  endfacet
  facet normal 0.785944 0.618297 -0
    outer loop
      vertex 20.1469 -7.95879 0
      vertex 20.1469 -7.95879 8
      vertex 20.2309 -8.06566 8
    endloop
  endfacet
  facet normal 0.766878 0.641793 0
    outer loop
      vertex 20.0697 -7.86655 0
      vertex 20.1469 -7.95879 8
      vertex 20.1469 -7.95879 0
    endloop
  endfacet
  facet normal 0.766878 0.641793 -0
    outer loop
      vertex 20.0697 -7.86655 0
      vertex 20.0697 -7.86655 8
      vertex 20.1469 -7.95879 8
    endloop
  endfacet
  facet normal 0.746345 0.665559 0
    outer loop
      vertex 20.0007 -7.78915 0
      vertex 20.0697 -7.86655 8
      vertex 20.0697 -7.86655 0
    endloop
  endfacet
  facet normal 0.746345 0.665559 -0
    outer loop
      vertex 20.0007 -7.78915 0
      vertex 20.0007 -7.78915 8
      vertex 20.0697 -7.86655 8
    endloop
  endfacet
  facet normal 0.724748 0.689014 0
    outer loop
      vertex 19.9412 -7.72664 0
      vertex 20.0007 -7.78915 8
      vertex 20.0007 -7.78915 0
    endloop
  endfacet
  facet normal 0.724748 0.689014 -0
    outer loop
      vertex 19.9412 -7.72664 0
      vertex 19.9412 -7.72664 8
      vertex 20.0007 -7.78915 8
    endloop
  endfacet
  facet normal 0.691229 0.722636 0
    outer loop
      vertex 19.8566 -7.64571 0
      vertex 19.9412 -7.72664 8
      vertex 19.9412 -7.72664 0
    endloop
  endfacet
  facet normal 0.691229 0.722636 -0
    outer loop
      vertex 19.8566 -7.64571 0
      vertex 19.8566 -7.64571 8
      vertex 19.9412 -7.72664 8
    endloop
  endfacet
  facet normal 0.638448 0.769665 0
    outer loop
      vertex 19.7021 -7.51756 0
      vertex 19.8566 -7.64571 8
      vertex 19.8566 -7.64571 0
    endloop
  endfacet
  facet normal 0.638448 0.769665 -0
    outer loop
      vertex 19.7021 -7.51756 0
      vertex 19.7021 -7.51756 8
      vertex 19.8566 -7.64571 8
    endloop
  endfacet
  facet normal 0.576114 0.817369 0
    outer loop
      vertex 19.0456 -7.05484 0
      vertex 19.7021 -7.51756 8
      vertex 19.7021 -7.51756 0
    endloop
  endfacet
  facet normal 0.576114 0.817369 -0
    outer loop
      vertex 19.0456 -7.05484 0
      vertex 19.0456 -7.05484 8
      vertex 19.7021 -7.51756 8
    endloop
  endfacet
  facet normal 0.98517 0.171582 0
    outer loop
      vertex 19.0066 -6.83064 0
      vertex 19.0456 -7.05484 8
      vertex 19.0456 -7.05484 0
    endloop
  endfacet
  facet normal 0.98517 0.171582 -0
    outer loop
      vertex 19.0066 -6.83064 0
      vertex 19.0066 -6.83064 8
      vertex 19.0456 -7.05484 8
    endloop
  endfacet
  facet normal 0.337912 0.941178 0
    outer loop
      vertex 18.9997 -6.82816 0
      vertex 19.0066 -6.83064 8
      vertex 19.0066 -6.83064 0
    endloop
  endfacet
  facet normal 0.337912 0.941178 -0
    outer loop
      vertex 18.9997 -6.82816 0
      vertex 18.9997 -6.82816 8
      vertex 19.0066 -6.83064 8
    endloop
  endfacet
  facet normal 0.840421 -0.541935 0
    outer loop
      vertex 19.5901 -5.91245 0
      vertex 18.9997 -6.82816 8
      vertex 18.9997 -6.82816 0
    endloop
  endfacet
  facet normal 0.840421 -0.541935 0
    outer loop
      vertex 19.5901 -5.91245 0
      vertex 19.5901 -5.91245 8
      vertex 18.9997 -6.82816 8
    endloop
  endfacet
  facet normal 0.885048 -0.465499 0
    outer loop
      vertex 19.84 -5.4375 0
      vertex 19.5901 -5.91245 8
      vertex 19.5901 -5.91245 0
    endloop
  endfacet
  facet normal 0.885048 -0.465499 0
    outer loop
      vertex 19.84 -5.4375 0
      vertex 19.84 -5.4375 8
      vertex 19.5901 -5.91245 8
    endloop
  endfacet
  facet normal -0.264521 -0.96438 0
    outer loop
      vertex 19.855 -5.44164 0
      vertex 19.84 -5.4375 8
      vertex 19.84 -5.4375 0
    endloop
  endfacet
  facet normal -0.264521 -0.96438 0
    outer loop
      vertex 19.855 -5.44164 0
      vertex 19.855 -5.44164 8
      vertex 19.84 -5.4375 8
    endloop
  endfacet
  facet normal 0.301263 -0.953541 0
    outer loop
      vertex 20.072 -5.37308 0
      vertex 19.855 -5.44164 8
      vertex 19.855 -5.44164 0
    endloop
  endfacet
  facet normal 0.301263 -0.953541 0
    outer loop
      vertex 20.072 -5.37308 0
      vertex 20.072 -5.37308 8
      vertex 19.855 -5.44164 8
    endloop
  endfacet
  facet normal -0.462867 -0.886428 0
    outer loop
      vertex 20.6787 -5.68987 0
      vertex 20.072 -5.37308 8
      vertex 20.072 -5.37308 0
    endloop
  endfacet
  facet normal -0.462867 -0.886428 0
    outer loop
      vertex 20.6787 -5.68987 0
      vertex 20.6787 -5.68987 8
      vertex 20.072 -5.37308 8
    endloop
  endfacet
  facet normal -0.356402 -0.934333 0
    outer loop
      vertex 20.9075 -5.77716 0
      vertex 20.6787 -5.68987 8
      vertex 20.6787 -5.68987 0
    endloop
  endfacet
  facet normal -0.356402 -0.934333 0
    outer loop
      vertex 20.9075 -5.77716 0
      vertex 20.9075 -5.77716 8
      vertex 20.6787 -5.68987 8
    endloop
  endfacet
  facet normal -0.324625 -0.945843 0
    outer loop
      vertex 20.9848 -5.80367 0
      vertex 20.9075 -5.77716 8
      vertex 20.9075 -5.77716 0
    endloop
  endfacet
  facet normal -0.324625 -0.945843 0
    outer loop
      vertex 20.9848 -5.80367 0
      vertex 20.9848 -5.80367 8
      vertex 20.9075 -5.77716 8
    endloop
  endfacet
  facet normal -0.30005 -0.953923 0
    outer loop
      vertex 21.0711 -5.83083 0
      vertex 20.9848 -5.80367 8
      vertex 20.9848 -5.80367 0
    endloop
  endfacet
  facet normal -0.30005 -0.953923 0
    outer loop
      vertex 21.0711 -5.83083 0
      vertex 21.0711 -5.83083 8
      vertex 20.9848 -5.80367 8
    endloop
  endfacet
  facet normal -0.27436 -0.961627 0
    outer loop
      vertex 21.1676 -5.85835 0
      vertex 21.0711 -5.83083 8
      vertex 21.0711 -5.83083 0
    endloop
  endfacet
  facet normal -0.27436 -0.961627 0
    outer loop
      vertex 21.1676 -5.85835 0
      vertex 21.1676 -5.85835 8
      vertex 21.0711 -5.83083 8
    endloop
  endfacet
  facet normal -0.247638 -0.968853 0
    outer loop
      vertex 21.2752 -5.88586 0
      vertex 21.1676 -5.85835 8
      vertex 21.1676 -5.85835 0
    endloop
  endfacet
  facet normal -0.247638 -0.968853 0
    outer loop
      vertex 21.2752 -5.88586 0
      vertex 21.2752 -5.88586 8
      vertex 21.1676 -5.85835 8
    endloop
  endfacet
  facet normal -0.219494 -0.975614 0
    outer loop
      vertex 21.3951 -5.91283 0
      vertex 21.2752 -5.88586 8
      vertex 21.2752 -5.88586 0
    endloop
  endfacet
  facet normal -0.219494 -0.975614 0
    outer loop
      vertex 21.3951 -5.91283 0
      vertex 21.3951 -5.91283 8
      vertex 21.2752 -5.88586 8
    endloop
  endfacet
  facet normal -0.1902 -0.981745 0
    outer loop
      vertex 21.5281 -5.9386 0
      vertex 21.3951 -5.91283 8
      vertex 21.3951 -5.91283 0
    endloop
  endfacet
  facet normal -0.1902 -0.981745 0
    outer loop
      vertex 21.5281 -5.9386 0
      vertex 21.5281 -5.9386 8
      vertex 21.3951 -5.91283 8
    endloop
  endfacet
  facet normal -0.159618 -0.987179 0
    outer loop
      vertex 21.6753 -5.9624 0
      vertex 21.5281 -5.9386 8
      vertex 21.5281 -5.9386 0
    endloop
  endfacet
  facet normal -0.159618 -0.987179 0
    outer loop
      vertex 21.6753 -5.9624 0
      vertex 21.6753 -5.9624 8
      vertex 21.5281 -5.9386 8
    endloop
  endfacet
  facet normal -0.128187 -0.99175 0
    outer loop
      vertex 21.8376 -5.98338 0
      vertex 21.6753 -5.9624 8
      vertex 21.6753 -5.9624 0
    endloop
  endfacet
  facet normal -0.128187 -0.99175 0
    outer loop
      vertex 21.8376 -5.98338 0
      vertex 21.8376 -5.98338 8
      vertex 21.6753 -5.9624 8
    endloop
  endfacet
  facet normal -0.095589 -0.995421 0
    outer loop
      vertex 22.0159 -6.0005 0
      vertex 21.8376 -5.98338 8
      vertex 21.8376 -5.98338 0
    endloop
  endfacet
  facet normal -0.095589 -0.995421 0
    outer loop
      vertex 22.0159 -6.0005 0
      vertex 22.0159 -6.0005 8
      vertex 21.8376 -5.98338 8
    endloop
  endfacet
  facet normal -0.0619358 -0.99808 0
    outer loop
      vertex 22.2109 -6.0126 0
      vertex 22.0159 -6.0005 8
      vertex 22.0159 -6.0005 0
    endloop
  endfacet
  facet normal -0.0619358 -0.99808 0
    outer loop
      vertex 22.2109 -6.0126 0
      vertex 22.2109 -6.0126 8
      vertex 22.0159 -6.0005 8
    endloop
  endfacet
  facet normal -0.0273644 -0.999626 0
    outer loop
      vertex 22.4233 -6.01842 0
      vertex 22.2109 -6.0126 8
      vertex 22.2109 -6.0126 0
    endloop
  endfacet
  facet normal -0.0273644 -0.999626 0
    outer loop
      vertex 22.4233 -6.01842 0
      vertex 22.4233 -6.01842 8
      vertex 22.2109 -6.0126 8
    endloop
  endfacet
  facet normal 0.00795256 -0.999968 0
    outer loop
      vertex 22.6535 -6.01659 0
      vertex 22.4233 -6.01842 8
      vertex 22.4233 -6.01842 0
    endloop
  endfacet
  facet normal 0.00795256 -0.999968 0
    outer loop
      vertex 22.6535 -6.01659 0
      vertex 22.6535 -6.01659 8
      vertex 22.4233 -6.01842 8
    endloop
  endfacet
  facet normal 0.0441774 -0.999024 0
    outer loop
      vertex 22.902 -6.0056 0
      vertex 22.6535 -6.01659 8
      vertex 22.6535 -6.01659 0
    endloop
  endfacet
  facet normal 0.0441774 -0.999024 0
    outer loop
      vertex 22.902 -6.0056 0
      vertex 22.902 -6.0056 8
      vertex 22.6535 -6.01659 8
    endloop
  endfacet
  facet normal 0.0810118 -0.996713 0
    outer loop
      vertex 23.1687 -5.98392 0
      vertex 22.902 -6.0056 8
      vertex 22.902 -6.0056 0
    endloop
  endfacet
  facet normal 0.0810118 -0.996713 0
    outer loop
      vertex 23.1687 -5.98392 0
      vertex 23.1687 -5.98392 8
      vertex 22.902 -6.0056 8
    endloop
  endfacet
  facet normal 0.11838 -0.992968 0
    outer loop
      vertex 23.4538 -5.94994 0
      vertex 23.1687 -5.98392 8
      vertex 23.1687 -5.98392 0
    endloop
  endfacet
  facet normal 0.11838 -0.992968 0
    outer loop
      vertex 23.4538 -5.94994 0
      vertex 23.4538 -5.94994 8
      vertex 23.1687 -5.98392 8
    endloop
  endfacet
  facet normal 0.15616 -0.987732 0
    outer loop
      vertex 23.6227 -5.92323 0
      vertex 23.4538 -5.94994 8
      vertex 23.4538 -5.94994 0
    endloop
  endfacet
  facet normal 0.15616 -0.987732 0
    outer loop
      vertex 23.6227 -5.92323 0
      vertex 23.6227 -5.92323 8
      vertex 23.4538 -5.94994 8
    endloop
  endfacet
  facet normal 0.926025 -0.377463 0
    outer loop
      vertex 23.9526 -5.11391 0
      vertex 23.6227 -5.92323 8
      vertex 23.6227 -5.92323 0
    endloop
  endfacet
  facet normal 0.926025 -0.377463 0
    outer loop
      vertex 23.9526 -5.11391 0
      vertex 23.9526 -5.11391 8
      vertex 23.6227 -5.92323 8
    endloop
  endfacet
  facet normal 0.784074 0.620667 0
    outer loop
      vertex 23.8184 -4.94441 0
      vertex 23.9526 -5.11391 8
      vertex 23.9526 -5.11391 0
    endloop
  endfacet
  facet normal 0.784074 0.620667 -0
    outer loop
      vertex 23.8184 -4.94441 0
      vertex 23.8184 -4.94441 8
      vertex 23.9526 -5.11391 8
    endloop
  endfacet
  facet normal 0.764783 0.644288 0
    outer loop
      vertex 23.647 -4.74094 0
      vertex 23.8184 -4.94441 8
      vertex 23.8184 -4.94441 0
    endloop
  endfacet
  facet normal 0.764783 0.644288 -0
    outer loop
      vertex 23.647 -4.74094 0
      vertex 23.647 -4.74094 8
      vertex 23.8184 -4.94441 8
    endloop
  endfacet
  facet normal 0.744118 0.668048 0
    outer loop
      vertex 23.4773 -4.55197 0
      vertex 23.647 -4.74094 8
      vertex 23.647 -4.74094 0
    endloop
  endfacet
  facet normal 0.744118 0.668048 -0
    outer loop
      vertex 23.4773 -4.55197 0
      vertex 23.4773 -4.55197 8
      vertex 23.647 -4.74094 8
    endloop
  endfacet
  facet normal 0.722083 0.691806 0
    outer loop
      vertex 23.3107 -4.37802 0
      vertex 23.4773 -4.55197 8
      vertex 23.4773 -4.55197 0
    endloop
  endfacet
  facet normal 0.722083 0.691806 -0
    outer loop
      vertex 23.3107 -4.37802 0
      vertex 23.3107 -4.37802 8
      vertex 23.4773 -4.55197 8
    endloop
  endfacet
  facet normal 0.698616 0.715497 0
    outer loop
      vertex 23.1483 -4.21951 0
      vertex 23.3107 -4.37802 8
      vertex 23.3107 -4.37802 0
    endloop
  endfacet
  facet normal 0.698616 0.715497 -0
    outer loop
      vertex 23.1483 -4.21951 0
      vertex 23.1483 -4.21951 8
      vertex 23.3107 -4.37802 8
    endloop
  endfacet
  facet normal 0.673715 0.738992 0
    outer loop
      vertex 22.9917 -4.07668 0
      vertex 23.1483 -4.21951 8
      vertex 23.1483 -4.21951 0
    endloop
  endfacet
  facet normal 0.673715 0.738992 -0
    outer loop
      vertex 22.9917 -4.07668 0
      vertex 22.9917 -4.07668 8
      vertex 23.1483 -4.21951 8
    endloop
  endfacet
  facet normal 0.64736 0.762185 0
    outer loop
      vertex 22.8421 -3.94962 0
      vertex 22.9917 -4.07668 8
      vertex 22.9917 -4.07668 0
    endloop
  endfacet
  facet normal 0.64736 0.762185 -0
    outer loop
      vertex 22.8421 -3.94962 0
      vertex 22.8421 -3.94962 8
      vertex 22.9917 -4.07668 8
    endloop
  endfacet
  facet normal 0.619661 0.78487 0
    outer loop
      vertex 22.701 -3.83824 0
      vertex 22.8421 -3.94962 8
      vertex 22.8421 -3.94962 0
    endloop
  endfacet
  facet normal 0.619661 0.78487 -0
    outer loop
      vertex 22.701 -3.83824 0
      vertex 22.701 -3.83824 8
      vertex 22.8421 -3.94962 8
    endloop
  endfacet
  facet normal 0.590447 0.807076 0
    outer loop
      vertex 22.5699 -3.74229 0
      vertex 22.701 -3.83824 8
      vertex 22.701 -3.83824 0
    endloop
  endfacet
  facet normal 0.590447 0.807076 -0
    outer loop
      vertex 22.5699 -3.74229 0
      vertex 22.5699 -3.74229 8
      vertex 22.701 -3.83824 8
    endloop
  endfacet
  facet normal 0.56002 0.828479 0
    outer loop
      vertex 22.45 -3.66129 0
      vertex 22.5699 -3.74229 8
      vertex 22.5699 -3.74229 0
    endloop
  endfacet
  facet normal 0.56002 0.828479 -0
    outer loop
      vertex 22.45 -3.66129 0
      vertex 22.45 -3.66129 8
      vertex 22.5699 -3.74229 8
    endloop
  endfacet
  facet normal 0.528184 0.84913 0
    outer loop
      vertex 22.3428 -3.59459 0
      vertex 22.45 -3.66129 8
      vertex 22.45 -3.66129 0
    endloop
  endfacet
  facet normal 0.528184 0.84913 -0
    outer loop
      vertex 22.3428 -3.59459 0
      vertex 22.3428 -3.59459 8
      vertex 22.45 -3.66129 8
    endloop
  endfacet
  facet normal 0.495313 0.868714 0
    outer loop
      vertex 22.2494 -3.54134 0
      vertex 22.3428 -3.59459 8
      vertex 22.3428 -3.59459 0
    endloop
  endfacet
  facet normal 0.495313 0.868714 -0
    outer loop
      vertex 22.2494 -3.54134 0
      vertex 22.2494 -3.54134 8
      vertex 22.3428 -3.59459 8
    endloop
  endfacet
  facet normal 0.461434 0.887174 0
    outer loop
      vertex 22.1709 -3.5005 0
      vertex 22.2494 -3.54134 8
      vertex 22.2494 -3.54134 0
    endloop
  endfacet
  facet normal 0.461434 0.887174 -0
    outer loop
      vertex 22.1709 -3.5005 0
      vertex 22.1709 -3.5005 8
      vertex 22.2494 -3.54134 8
    endloop
  endfacet
  facet normal 0.426242 0.904609 0
    outer loop
      vertex 22.1081 -3.47093 0
      vertex 22.1709 -3.5005 8
      vertex 22.1709 -3.5005 0
    endloop
  endfacet
  facet normal 0.426242 0.904609 -0
    outer loop
      vertex 22.1081 -3.47093 0
      vertex 22.1081 -3.47093 8
      vertex 22.1709 -3.5005 8
    endloop
  endfacet
  facet normal 0.375249 0.926924 0
    outer loop
      vertex 22.0254 -3.43744 0
      vertex 22.1081 -3.47093 8
      vertex 22.1081 -3.47093 0
    endloop
  endfacet
  facet normal 0.375249 0.926924 -0
    outer loop
      vertex 22.0254 -3.43744 0
      vertex 22.0254 -3.43744 8
      vertex 22.1081 -3.47093 8
    endloop
  endfacet
  facet normal 0.295556 0.955325 0
    outer loop
      vertex 21.8568 -3.38528 0
      vertex 22.0254 -3.43744 8
      vertex 22.0254 -3.43744 0
    endloop
  endfacet
  facet normal 0.295556 0.955325 -0
    outer loop
      vertex 21.8568 -3.38528 0
      vertex 21.8568 -3.38528 8
      vertex 22.0254 -3.43744 8
    endloop
  endfacet
  facet normal 0.375051 0.927004 0
    outer loop
      vertex 21.7097 -3.32576 0
      vertex 21.8568 -3.38528 8
      vertex 21.8568 -3.38528 0
    endloop
  endfacet
  facet normal 0.375051 0.927004 -0
    outer loop
      vertex 21.7097 -3.32576 0
      vertex 21.7097 -3.32576 8
      vertex 21.8568 -3.38528 8
    endloop
  endfacet
  facet normal 0.282197 0.959356 0
    outer loop
      vertex 20.9869 -3.11314 0
      vertex 21.7097 -3.32576 8
      vertex 21.7097 -3.32576 0
    endloop
  endfacet
  facet normal 0.282197 0.959356 -0
    outer loop
      vertex 20.9869 -3.11314 0
      vertex 20.9869 -3.11314 8
      vertex 21.7097 -3.32576 8
    endloop
  endfacet
  facet normal 0.877339 0.479871 0
    outer loop
      vertex 20.8777 -2.91348 0
      vertex 20.9869 -3.11314 8
      vertex 20.9869 -3.11314 0
    endloop
  endfacet
  facet normal 0.877339 0.479871 -0
    outer loop
      vertex 20.8777 -2.91348 0
      vertex 20.8777 -2.91348 8
      vertex 20.9869 -3.11314 8
    endloop
  endfacet
  facet normal 0.137833 0.990455 0
    outer loop
      vertex 20.8606 -2.9111 0
      vertex 20.8777 -2.91348 8
      vertex 20.8777 -2.91348 0
    endloop
  endfacet
  facet normal 0.137833 0.990455 -0
    outer loop
      vertex 20.8606 -2.9111 0
      vertex 20.8606 -2.9111 8
      vertex 20.8777 -2.91348 8
    endloop
  endfacet
  facet normal 0.960311 -0.278932 0
    outer loop
      vertex 20.996 -2.44487 0
      vertex 20.8606 -2.9111 8
      vertex 20.8606 -2.9111 0
    endloop
  endfacet
  facet normal 0.960311 -0.278932 0
    outer loop
      vertex 20.996 -2.44487 0
      vertex 20.996 -2.44487 8
      vertex 20.8606 -2.9111 8
    endloop
  endfacet
  facet normal 0.985212 -0.17134 0
    outer loop
      vertex 21.1946 -1.30295 0
      vertex 20.996 -2.44487 8
      vertex 20.996 -2.44487 0
    endloop
  endfacet
  facet normal 0.985212 -0.17134 0
    outer loop
      vertex 21.1946 -1.30295 0
      vertex 21.1946 -1.30295 8
      vertex 20.996 -2.44487 8
    endloop
  endfacet
  facet normal -0.0611101 -0.998131 0
    outer loop
      vertex 21.1998 -1.30327 0
      vertex 21.1946 -1.30295 8
      vertex 21.1946 -1.30295 0
    endloop
  endfacet
  facet normal -0.0611101 -0.998131 0
    outer loop
      vertex 21.1998 -1.30327 0
      vertex 21.1998 -1.30327 8
      vertex 21.1946 -1.30295 8
    endloop
  endfacet
  facet normal 0.627194 -0.778863 0
    outer loop
      vertex 21.3771 -1.16054 0
      vertex 21.1998 -1.30327 8
      vertex 21.1998 -1.30327 0
    endloop
  endfacet
  facet normal 0.627194 -0.778863 0
    outer loop
      vertex 21.3771 -1.16054 0
      vertex 21.3771 -1.16054 8
      vertex 21.1998 -1.30327 8
    endloop
  endfacet
  facet normal -0.107599 -0.994194 0
    outer loop
      vertex 22.2241 -1.25221 0
      vertex 21.3771 -1.16054 8
      vertex 21.3771 -1.16054 0
    endloop
  endfacet
  facet normal -0.107599 -0.994194 0
    outer loop
      vertex 22.2241 -1.25221 0
      vertex 22.2241 -1.25221 8
      vertex 21.3771 -1.16054 8
    endloop
  endfacet
  facet normal -0.0728874 -0.99734 0
    outer loop
      vertex 22.4292 -1.2672 0
      vertex 22.2241 -1.25221 8
      vertex 22.2241 -1.25221 0
    endloop
  endfacet
  facet normal -0.0728874 -0.99734 0
    outer loop
      vertex 22.4292 -1.2672 0
      vertex 22.4292 -1.2672 8
      vertex 22.2241 -1.25221 8
    endloop
  endfacet
  facet normal -0.00322172 -0.999995 0
    outer loop
      vertex 22.5381 -1.26755 0
      vertex 22.4292 -1.2672 8
      vertex 22.4292 -1.2672 0
    endloop
  endfacet
  facet normal -0.00322172 -0.999995 0
    outer loop
      vertex 22.5381 -1.26755 0
      vertex 22.5381 -1.26755 8
      vertex 22.4292 -1.2672 8
    endloop
  endfacet
  facet normal 0.0480961 -0.998843 0
    outer loop
      vertex 22.6145 -1.26387 0
      vertex 22.5381 -1.26755 8
      vertex 22.5381 -1.26755 0
    endloop
  endfacet
  facet normal 0.0480961 -0.998843 0
    outer loop
      vertex 22.6145 -1.26387 0
      vertex 22.6145 -1.26387 8
      vertex 22.5381 -1.26755 8
    endloop
  endfacet
  facet normal 0.0850164 -0.99638 0
    outer loop
      vertex 22.7064 -1.25603 0
      vertex 22.6145 -1.26387 8
      vertex 22.6145 -1.26387 0
    endloop
  endfacet
  facet normal 0.0850164 -0.99638 0
    outer loop
      vertex 22.7064 -1.25603 0
      vertex 22.7064 -1.25603 8
      vertex 22.6145 -1.26387 8
    endloop
  endfacet
  facet normal 0.122274 -0.992496 0
    outer loop
      vertex 22.8144 -1.24272 0
      vertex 22.7064 -1.25603 8
      vertex 22.7064 -1.25603 0
    endloop
  endfacet
  facet normal 0.122274 -0.992496 0
    outer loop
      vertex 22.8144 -1.24272 0
      vertex 22.8144 -1.24272 8
      vertex 22.7064 -1.25603 8
    endloop
  endfacet
  facet normal 0.160058 -0.987108 0
    outer loop
      vertex 22.9388 -1.22255 0
      vertex 22.8144 -1.24272 8
      vertex 22.8144 -1.24272 0
    endloop
  endfacet
  facet normal 0.160058 -0.987108 0
    outer loop
      vertex 22.9388 -1.22255 0
      vertex 22.9388 -1.22255 8
      vertex 22.8144 -1.24272 8
    endloop
  endfacet
  facet normal 0.198095 -0.980183 0
    outer loop
      vertex 23.0797 -1.19406 0
      vertex 22.9388 -1.22255 8
      vertex 22.9388 -1.22255 0
    endloop
  endfacet
  facet normal 0.198095 -0.980183 0
    outer loop
      vertex 23.0797 -1.19406 0
      vertex 23.0797 -1.19406 8
      vertex 22.9388 -1.22255 8
    endloop
  endfacet
  facet normal 0.236193 -0.971706 0
    outer loop
      vertex 23.2372 -1.15579 0
      vertex 23.0797 -1.19406 8
      vertex 23.0797 -1.19406 0
    endloop
  endfacet
  facet normal 0.236193 -0.971706 0
    outer loop
      vertex 23.2372 -1.15579 0
      vertex 23.2372 -1.15579 8
      vertex 23.0797 -1.19406 8
    endloop
  endfacet
  facet normal 0.274129 -0.961693 0
    outer loop
      vertex 23.4108 -1.10631 0
      vertex 23.2372 -1.15579 8
      vertex 23.2372 -1.15579 0
    endloop
  endfacet
  facet normal 0.274129 -0.961693 0
    outer loop
      vertex 23.4108 -1.10631 0
      vertex 23.4108 -1.10631 8
      vertex 23.2372 -1.15579 8
    endloop
  endfacet
  facet normal 0.311996 -0.950083 0
    outer loop
      vertex 23.6 -1.04416 0
      vertex 23.4108 -1.10631 8
      vertex 23.4108 -1.10631 0
    endloop
  endfacet
  facet normal 0.311996 -0.950083 0
    outer loop
      vertex 23.6 -1.04416 0
      vertex 23.6 -1.04416 8
      vertex 23.4108 -1.10631 8
    endloop
  endfacet
  facet normal 0.349319 -0.937004 0
    outer loop
      vertex 23.8042 -0.968063 0
      vertex 23.6 -1.04416 8
      vertex 23.6 -1.04416 0
    endloop
  endfacet
  facet normal 0.349319 -0.937004 0
    outer loop
      vertex 23.8042 -0.968063 0
      vertex 23.8042 -0.968063 8
      vertex 23.6 -1.04416 8
    endloop
  endfacet
  facet normal 0.386146 -0.922438 0
    outer loop
      vertex 24.0222 -0.876785 0
      vertex 23.8042 -0.968063 8
      vertex 23.8042 -0.968063 0
    endloop
  endfacet
  facet normal 0.386146 -0.922438 0
    outer loop
      vertex 24.0222 -0.876785 0
      vertex 24.0222 -0.876785 8
      vertex 23.8042 -0.968063 8
    endloop
  endfacet
  facet normal 0.422206 -0.9065 0
    outer loop
      vertex 24.253 -0.769287 0
      vertex 24.0222 -0.876785 8
      vertex 24.0222 -0.876785 0
    endloop
  endfacet
  facet normal 0.422206 -0.9065 0
    outer loop
      vertex 24.253 -0.769287 0
      vertex 24.253 -0.769287 8
      vertex 24.0222 -0.876785 8
    endloop
  endfacet
  facet normal 0.457424 -0.889249 0
    outer loop
      vertex 24.4952 -0.644684 0
      vertex 24.253 -0.769287 8
      vertex 24.253 -0.769287 0
    endloop
  endfacet
  facet normal 0.457424 -0.889249 0
    outer loop
      vertex 24.4952 -0.644684 0
      vertex 24.4952 -0.644684 8
      vertex 24.253 -0.769287 8
    endloop
  endfacet
  facet normal 0.491696 -0.870767 0
    outer loop
      vertex 24.7475 -0.502258 0
      vertex 24.4952 -0.644684 8
      vertex 24.4952 -0.644684 0
    endloop
  endfacet
  facet normal 0.491696 -0.870767 0
    outer loop
      vertex 24.7475 -0.502258 0
      vertex 24.7475 -0.502258 8
      vertex 24.4952 -0.644684 8
    endloop
  endfacet
  facet normal 0.524843 -0.851199 0
    outer loop
      vertex 24.8747 -0.423782 0
      vertex 24.7475 -0.502258 8
      vertex 24.7475 -0.502258 0
    endloop
  endfacet
  facet normal 0.524843 -0.851199 0
    outer loop
      vertex 24.8747 -0.423782 0
      vertex 24.8747 -0.423782 8
      vertex 24.7475 -0.502258 8
    endloop
  endfacet
  facet normal 0.99833 -0.0577653 0
    outer loop
      vertex 24.8993 0 0
      vertex 24.8747 -0.423782 8
      vertex 24.8747 -0.423782 0
    endloop
  endfacet
  facet normal 0.99833 -0.0577653 0
    outer loop
      vertex 24.8993 0 0
      vertex 24.8993 0 8
      vertex 24.8747 -0.423782 8
    endloop
  endfacet
  facet normal 0.99833 0.0577653 0
    outer loop
      vertex 24.8747 0.423782 0
      vertex 24.8993 0 8
      vertex 24.8993 0 0
    endloop
  endfacet
  facet normal 0.99833 0.0577653 -0
    outer loop
      vertex 24.8747 0.423782 0
      vertex 24.8747 0.423782 8
      vertex 24.8993 0 8
    endloop
  endfacet
  facet normal 0.524843 0.851199 0
    outer loop
      vertex 24.7475 0.502258 0
      vertex 24.8747 0.423782 8
      vertex 24.8747 0.423782 0
    endloop
  endfacet
  facet normal 0.524843 0.851199 -0
    outer loop
      vertex 24.7475 0.502258 0
      vertex 24.7475 0.502258 8
      vertex 24.8747 0.423782 8
    endloop
  endfacet
  facet normal 0.491696 0.870767 0
    outer loop
      vertex 24.4952 0.644684 0
      vertex 24.7475 0.502258 8
      vertex 24.7475 0.502258 0
    endloop
  endfacet
  facet normal 0.491696 0.870767 -0
    outer loop
      vertex 24.4952 0.644684 0
      vertex 24.4952 0.644684 8
      vertex 24.7475 0.502258 8
    endloop
  endfacet
  facet normal 0.457424 0.889249 0
    outer loop
      vertex 24.253 0.769287 0
      vertex 24.4952 0.644684 8
      vertex 24.4952 0.644684 0
    endloop
  endfacet
  facet normal 0.457424 0.889249 -0
    outer loop
      vertex 24.253 0.769287 0
      vertex 24.253 0.769287 8
      vertex 24.4952 0.644684 8
    endloop
  endfacet
  facet normal 0.422206 0.9065 0
    outer loop
      vertex 24.0222 0.876785 0
      vertex 24.253 0.769287 8
      vertex 24.253 0.769287 0
    endloop
  endfacet
  facet normal 0.422206 0.9065 -0
    outer loop
      vertex 24.0222 0.876785 0
      vertex 24.0222 0.876785 8
      vertex 24.253 0.769287 8
    endloop
  endfacet
  facet normal 0.386146 0.922438 0
    outer loop
      vertex 23.8042 0.968063 0
      vertex 24.0222 0.876785 8
      vertex 24.0222 0.876785 0
    endloop
  endfacet
  facet normal 0.386146 0.922438 -0
    outer loop
      vertex 23.8042 0.968063 0
      vertex 23.8042 0.968063 8
      vertex 24.0222 0.876785 8
    endloop
  endfacet
  facet normal 0.349319 0.937004 0
    outer loop
      vertex 23.6 1.04416 0
      vertex 23.8042 0.968063 8
      vertex 23.8042 0.968063 0
    endloop
  endfacet
  facet normal 0.349319 0.937004 -0
    outer loop
      vertex 23.6 1.04416 0
      vertex 23.6 1.04416 8
      vertex 23.8042 0.968063 8
    endloop
  endfacet
  facet normal 0.311996 0.950083 0
    outer loop
      vertex 23.4108 1.10631 0
      vertex 23.6 1.04416 8
      vertex 23.6 1.04416 0
    endloop
  endfacet
  facet normal 0.311996 0.950083 -0
    outer loop
      vertex 23.4108 1.10631 0
      vertex 23.4108 1.10631 8
      vertex 23.6 1.04416 8
    endloop
  endfacet
  facet normal 0.274129 0.961693 0
    outer loop
      vertex 23.2372 1.15579 0
      vertex 23.4108 1.10631 8
      vertex 23.4108 1.10631 0
    endloop
  endfacet
  facet normal 0.274129 0.961693 -0
    outer loop
      vertex 23.2372 1.15579 0
      vertex 23.2372 1.15579 8
      vertex 23.4108 1.10631 8
    endloop
  endfacet
  facet normal 0.236193 0.971706 0
    outer loop
      vertex 23.0797 1.19406 0
      vertex 23.2372 1.15579 8
      vertex 23.2372 1.15579 0
    endloop
  endfacet
  facet normal 0.236193 0.971706 -0
    outer loop
      vertex 23.0797 1.19406 0
      vertex 23.0797 1.19406 8
      vertex 23.2372 1.15579 8
    endloop
  endfacet
  facet normal 0.198095 0.980183 0
    outer loop
      vertex 22.9388 1.22255 0
      vertex 23.0797 1.19406 8
      vertex 23.0797 1.19406 0
    endloop
  endfacet
  facet normal 0.198095 0.980183 -0
    outer loop
      vertex 22.9388 1.22255 0
      vertex 22.9388 1.22255 8
      vertex 23.0797 1.19406 8
    endloop
  endfacet
  facet normal 0.160058 0.987108 0
    outer loop
      vertex 22.8144 1.24272 0
      vertex 22.9388 1.22255 8
      vertex 22.9388 1.22255 0
    endloop
  endfacet
  facet normal 0.160058 0.987108 -0
    outer loop
      vertex 22.8144 1.24272 0
      vertex 22.8144 1.24272 8
      vertex 22.9388 1.22255 8
    endloop
  endfacet
  facet normal 0.122274 0.992496 0
    outer loop
      vertex 22.7064 1.25603 0
      vertex 22.8144 1.24272 8
      vertex 22.8144 1.24272 0
    endloop
  endfacet
  facet normal 0.122274 0.992496 -0
    outer loop
      vertex 22.7064 1.25603 0
      vertex 22.7064 1.25603 8
      vertex 22.8144 1.24272 8
    endloop
  endfacet
  facet normal 0.0850164 0.99638 0
    outer loop
      vertex 22.6145 1.26387 0
      vertex 22.7064 1.25603 8
      vertex 22.7064 1.25603 0
    endloop
  endfacet
  facet normal 0.0850164 0.99638 -0
    outer loop
      vertex 22.6145 1.26387 0
      vertex 22.6145 1.26387 8
      vertex 22.7064 1.25603 8
    endloop
  endfacet
  facet normal 0.0480961 0.998843 0
    outer loop
      vertex 22.5381 1.26755 0
      vertex 22.6145 1.26387 8
      vertex 22.6145 1.26387 0
    endloop
  endfacet
  facet normal 0.0480961 0.998843 -0
    outer loop
      vertex 22.5381 1.26755 0
      vertex 22.5381 1.26755 8
      vertex 22.6145 1.26387 8
    endloop
  endfacet
  facet normal -0.00322172 0.999995 0
    outer loop
      vertex 22.4292 1.2672 0
      vertex 22.5381 1.26755 8
      vertex 22.5381 1.26755 0
    endloop
  endfacet
  facet normal -0.00322172 0.999995 0
    outer loop
      vertex 22.4292 1.2672 0
      vertex 22.4292 1.2672 8
      vertex 22.5381 1.26755 8
    endloop
  endfacet
  facet normal -0.0728874 0.99734 0
    outer loop
      vertex 22.2241 1.25221 0
      vertex 22.4292 1.2672 8
      vertex 22.4292 1.2672 0
    endloop
  endfacet
  facet normal -0.0728874 0.99734 0
    outer loop
      vertex 22.2241 1.25221 0
      vertex 22.2241 1.25221 8
      vertex 22.4292 1.2672 8
    endloop
  endfacet
  facet normal -0.107599 0.994194 0
    outer loop
      vertex 21.3771 1.16054 0
      vertex 22.2241 1.25221 8
      vertex 22.2241 1.25221 0
    endloop
  endfacet
  facet normal -0.107599 0.994194 0
    outer loop
      vertex 21.3771 1.16054 0
      vertex 21.3771 1.16054 8
      vertex 22.2241 1.25221 8
    endloop
  endfacet
  facet normal 0.627194 0.778863 0
    outer loop
      vertex 21.1998 1.30327 0
      vertex 21.3771 1.16054 8
      vertex 21.3771 1.16054 0
    endloop
  endfacet
  facet normal 0.627194 0.778863 -0
    outer loop
      vertex 21.1998 1.30327 0
      vertex 21.1998 1.30327 8
      vertex 21.3771 1.16054 8
    endloop
  endfacet
  facet normal -0.0611101 0.998131 0
    outer loop
      vertex 21.1946 1.30295 0
      vertex 21.1998 1.30327 8
      vertex 21.1998 1.30327 0
    endloop
  endfacet
  facet normal -0.0611101 0.998131 0
    outer loop
      vertex 21.1946 1.30295 0
      vertex 21.1946 1.30295 8
      vertex 21.1998 1.30327 8
    endloop
  endfacet
  facet normal 0.985212 0.17134 0
    outer loop
      vertex 20.996 2.44487 0
      vertex 21.1946 1.30295 8
      vertex 21.1946 1.30295 0
    endloop
  endfacet
  facet normal 0.985212 0.17134 -0
    outer loop
      vertex 20.996 2.44487 0
      vertex 20.996 2.44487 8
      vertex 21.1946 1.30295 8
    endloop
  endfacet
  facet normal 0.960311 0.278932 0
    outer loop
      vertex 20.8606 2.9111 0
      vertex 20.996 2.44487 8
      vertex 20.996 2.44487 0
    endloop
  endfacet
  facet normal 0.960311 0.278932 -0
    outer loop
      vertex 20.8606 2.9111 0
      vertex 20.8606 2.9111 8
      vertex 20.996 2.44487 8
    endloop
  endfacet
  facet normal 0.137833 -0.990455 0
    outer loop
      vertex 20.8777 2.91348 0
      vertex 20.8606 2.9111 8
      vertex 20.8606 2.9111 0
    endloop
  endfacet
  facet normal 0.137833 -0.990455 0
    outer loop
      vertex 20.8777 2.91348 0
      vertex 20.8777 2.91348 8
      vertex 20.8606 2.9111 8
    endloop
  endfacet
  facet normal 0.877339 -0.479871 0
    outer loop
      vertex 20.9869 3.11314 0
      vertex 20.8777 2.91348 8
      vertex 20.8777 2.91348 0
    endloop
  endfacet
  facet normal 0.877339 -0.479871 0
    outer loop
      vertex 20.9869 3.11314 0
      vertex 20.9869 3.11314 8
      vertex 20.8777 2.91348 8
    endloop
  endfacet
  facet normal 0.282197 -0.959356 0
    outer loop
      vertex 21.7097 3.32576 0
      vertex 20.9869 3.11314 8
      vertex 20.9869 3.11314 0
    endloop
  endfacet
  facet normal 0.282197 -0.959356 0
    outer loop
      vertex 21.7097 3.32576 0
      vertex 21.7097 3.32576 8
      vertex 20.9869 3.11314 8
    endloop
  endfacet
  facet normal 0.375051 -0.927004 0
    outer loop
      vertex 21.8568 3.38528 0
      vertex 21.7097 3.32576 8
      vertex 21.7097 3.32576 0
    endloop
  endfacet
  facet normal 0.375051 -0.927004 0
    outer loop
      vertex 21.8568 3.38528 0
      vertex 21.8568 3.38528 8
      vertex 21.7097 3.32576 8
    endloop
  endfacet
  facet normal 0.298114 -0.95453 0
    outer loop
      vertex 22.0325 3.44016 0
      vertex 21.8568 3.38528 8
      vertex 21.8568 3.38528 0
    endloop
  endfacet
  facet normal 0.298114 -0.95453 0
    outer loop
      vertex 22.0325 3.44016 0
      vertex 22.0325 3.44016 8
      vertex 21.8568 3.38528 8
    endloop
  endfacet
  facet normal 0.376958 -0.92623 0
    outer loop
      vertex 22.1081 3.47093 0
      vertex 22.0325 3.44016 8
      vertex 22.0325 3.44016 0
    endloop
  endfacet
  facet normal 0.376958 -0.92623 0
    outer loop
      vertex 22.1081 3.47093 0
      vertex 22.1081 3.47093 8
      vertex 22.0325 3.44016 8
    endloop
  endfacet
  facet normal 0.426242 -0.904609 0
    outer loop
      vertex 22.1709 3.5005 0
      vertex 22.1081 3.47093 8
      vertex 22.1081 3.47093 0
    endloop
  endfacet
  facet normal 0.426242 -0.904609 0
    outer loop
      vertex 22.1709 3.5005 0
      vertex 22.1709 3.5005 8
      vertex 22.1081 3.47093 8
    endloop
  endfacet
  facet normal 0.461434 -0.887174 0
    outer loop
      vertex 22.2494 3.54134 0
      vertex 22.1709 3.5005 8
      vertex 22.1709 3.5005 0
    endloop
  endfacet
  facet normal 0.461434 -0.887174 0
    outer loop
      vertex 22.2494 3.54134 0
      vertex 22.2494 3.54134 8
      vertex 22.1709 3.5005 8
    endloop
  endfacet
  facet normal 0.495313 -0.868714 0
    outer loop
      vertex 22.3428 3.59459 0
      vertex 22.2494 3.54134 8
      vertex 22.2494 3.54134 0
    endloop
  endfacet
  facet normal 0.495313 -0.868714 0
    outer loop
      vertex 22.3428 3.59459 0
      vertex 22.3428 3.59459 8
      vertex 22.2494 3.54134 8
    endloop
  endfacet
  facet normal 0.528184 -0.84913 0
    outer loop
      vertex 22.45 3.66129 0
      vertex 22.3428 3.59459 8
      vertex 22.3428 3.59459 0
    endloop
  endfacet
  facet normal 0.528184 -0.84913 0
    outer loop
      vertex 22.45 3.66129 0
      vertex 22.45 3.66129 8
      vertex 22.3428 3.59459 8
    endloop
  endfacet
  facet normal 0.56002 -0.828479 0
    outer loop
      vertex 22.5699 3.74229 0
      vertex 22.45 3.66129 8
      vertex 22.45 3.66129 0
    endloop
  endfacet
  facet normal 0.56002 -0.828479 0
    outer loop
      vertex 22.5699 3.74229 0
      vertex 22.5699 3.74229 8
      vertex 22.45 3.66129 8
    endloop
  endfacet
  facet normal 0.590447 -0.807076 0
    outer loop
      vertex 22.701 3.83824 0
      vertex 22.5699 3.74229 8
      vertex 22.5699 3.74229 0
    endloop
  endfacet
  facet normal 0.590447 -0.807076 0
    outer loop
      vertex 22.701 3.83824 0
      vertex 22.701 3.83824 8
      vertex 22.5699 3.74229 8
    endloop
  endfacet
  facet normal 0.619661 -0.78487 0
    outer loop
      vertex 22.8421 3.94962 0
      vertex 22.701 3.83824 8
      vertex 22.701 3.83824 0
    endloop
  endfacet
  facet normal 0.619661 -0.78487 0
    outer loop
      vertex 22.8421 3.94962 0
      vertex 22.8421 3.94962 8
      vertex 22.701 3.83824 8
    endloop
  endfacet
  facet normal 0.64736 -0.762185 0
    outer loop
      vertex 22.9917 4.07668 0
      vertex 22.8421 3.94962 8
      vertex 22.8421 3.94962 0
    endloop
  endfacet
  facet normal 0.64736 -0.762185 0
    outer loop
      vertex 22.9917 4.07668 0
      vertex 22.9917 4.07668 8
      vertex 22.8421 3.94962 8
    endloop
  endfacet
  facet normal 0.673715 -0.738992 0
    outer loop
      vertex 23.1483 4.21951 0
      vertex 22.9917 4.07668 8
      vertex 22.9917 4.07668 0
    endloop
  endfacet
  facet normal 0.673715 -0.738992 0
    outer loop
      vertex 23.1483 4.21951 0
      vertex 23.1483 4.21951 8
      vertex 22.9917 4.07668 8
    endloop
  endfacet
  facet normal 0.698616 -0.715497 0
    outer loop
      vertex 23.3107 4.37802 0
      vertex 23.1483 4.21951 8
      vertex 23.1483 4.21951 0
    endloop
  endfacet
  facet normal 0.698616 -0.715497 0
    outer loop
      vertex 23.3107 4.37802 0
      vertex 23.3107 4.37802 8
      vertex 23.1483 4.21951 8
    endloop
  endfacet
  facet normal 0.722083 -0.691806 0
    outer loop
      vertex 23.4773 4.55197 0
      vertex 23.3107 4.37802 8
      vertex 23.3107 4.37802 0
    endloop
  endfacet
  facet normal 0.722083 -0.691806 0
    outer loop
      vertex 23.4773 4.55197 0
      vertex 23.4773 4.55197 8
      vertex 23.3107 4.37802 8
    endloop
  endfacet
  facet normal 0.744118 -0.668048 0
    outer loop
      vertex 23.647 4.74094 0
      vertex 23.4773 4.55197 8
      vertex 23.4773 4.55197 0
    endloop
  endfacet
  facet normal 0.744118 -0.668048 0
    outer loop
      vertex 23.647 4.74094 0
      vertex 23.647 4.74094 8
      vertex 23.4773 4.55197 8
    endloop
  endfacet
  facet normal 0.764783 -0.644288 0
    outer loop
      vertex 23.8184 4.94441 0
      vertex 23.647 4.74094 8
      vertex 23.647 4.74094 0
    endloop
  endfacet
  facet normal 0.764783 -0.644288 0
    outer loop
      vertex 23.8184 4.94441 0
      vertex 23.8184 4.94441 8
      vertex 23.647 4.74094 8
    endloop
  endfacet
  facet normal 0.784074 -0.620667 0
    outer loop
      vertex 23.9526 5.11391 0
      vertex 23.8184 4.94441 8
      vertex 23.8184 4.94441 0
    endloop
  endfacet
  facet normal 0.784074 -0.620667 0
    outer loop
      vertex 23.9526 5.11391 0
      vertex 23.9526 5.11391 8
      vertex 23.8184 4.94441 8
    endloop
  endfacet
  facet normal 0.926025 0.377463 0
    outer loop
      vertex 23.6227 5.92323 0
      vertex 23.9526 5.11391 8
      vertex 23.9526 5.11391 0
    endloop
  endfacet
  facet normal 0.926025 0.377463 -0
    outer loop
      vertex 23.6227 5.92323 0
      vertex 23.6227 5.92323 8
      vertex 23.9526 5.11391 8
    endloop
  endfacet
  facet normal 0.15616 0.987732 0
    outer loop
      vertex 23.4538 5.94994 0
      vertex 23.6227 5.92323 8
      vertex 23.6227 5.92323 0
    endloop
  endfacet
  facet normal 0.15616 0.987732 -0
    outer loop
      vertex 23.4538 5.94994 0
      vertex 23.4538 5.94994 8
      vertex 23.6227 5.92323 8
    endloop
  endfacet
  facet normal 0.11838 0.992968 0
    outer loop
      vertex 23.1687 5.98392 0
      vertex 23.4538 5.94994 8
      vertex 23.4538 5.94994 0
    endloop
  endfacet
  facet normal 0.11838 0.992968 -0
    outer loop
      vertex 23.1687 5.98392 0
      vertex 23.1687 5.98392 8
      vertex 23.4538 5.94994 8
    endloop
  endfacet
  facet normal 0.0810118 0.996713 0
    outer loop
      vertex 22.902 6.0056 0
      vertex 23.1687 5.98392 8
      vertex 23.1687 5.98392 0
    endloop
  endfacet
  facet normal 0.0810118 0.996713 -0
    outer loop
      vertex 22.902 6.0056 0
      vertex 22.902 6.0056 8
      vertex 23.1687 5.98392 8
    endloop
  endfacet
  facet normal 0.0441774 0.999024 0
    outer loop
      vertex 22.6535 6.01659 0
      vertex 22.902 6.0056 8
      vertex 22.902 6.0056 0
    endloop
  endfacet
  facet normal 0.0441774 0.999024 -0
    outer loop
      vertex 22.6535 6.01659 0
      vertex 22.6535 6.01659 8
      vertex 22.902 6.0056 8
    endloop
  endfacet
  facet normal 0.00795256 0.999968 0
    outer loop
      vertex 22.4233 6.01842 0
      vertex 22.6535 6.01659 8
      vertex 22.6535 6.01659 0
    endloop
  endfacet
  facet normal 0.00795256 0.999968 -0
    outer loop
      vertex 22.4233 6.01842 0
      vertex 22.4233 6.01842 8
      vertex 22.6535 6.01659 8
    endloop
  endfacet
  facet normal -0.0273644 0.999626 0
    outer loop
      vertex 22.2109 6.0126 0
      vertex 22.4233 6.01842 8
      vertex 22.4233 6.01842 0
    endloop
  endfacet
  facet normal -0.0273644 0.999626 0
    outer loop
      vertex 22.2109 6.0126 0
      vertex 22.2109 6.0126 8
      vertex 22.4233 6.01842 8
    endloop
  endfacet
  facet normal -0.0619358 0.99808 0
    outer loop
      vertex 22.0159 6.0005 0
      vertex 22.2109 6.0126 8
      vertex 22.2109 6.0126 0
    endloop
  endfacet
  facet normal -0.0619358 0.99808 0
    outer loop
      vertex 22.0159 6.0005 0
      vertex 22.0159 6.0005 8
      vertex 22.2109 6.0126 8
    endloop
  endfacet
  facet normal -0.095589 0.995421 0
    outer loop
      vertex 21.8376 5.98338 0
      vertex 22.0159 6.0005 8
      vertex 22.0159 6.0005 0
    endloop
  endfacet
  facet normal -0.095589 0.995421 0
    outer loop
      vertex 21.8376 5.98338 0
      vertex 21.8376 5.98338 8
      vertex 22.0159 6.0005 8
    endloop
  endfacet
  facet normal -0.128187 0.99175 0
    outer loop
      vertex 21.6753 5.9624 0
      vertex 21.8376 5.98338 8
      vertex 21.8376 5.98338 0
    endloop
  endfacet
  facet normal -0.128187 0.99175 0
    outer loop
      vertex 21.6753 5.9624 0
      vertex 21.6753 5.9624 8
      vertex 21.8376 5.98338 8
    endloop
  endfacet
  facet normal -0.159618 0.987179 0
    outer loop
      vertex 21.5281 5.9386 0
      vertex 21.6753 5.9624 8
      vertex 21.6753 5.9624 0
    endloop
  endfacet
  facet normal -0.159618 0.987179 0
    outer loop
      vertex 21.5281 5.9386 0
      vertex 21.5281 5.9386 8
      vertex 21.6753 5.9624 8
    endloop
  endfacet
  facet normal -0.1902 0.981745 0
    outer loop
      vertex 21.3951 5.91283 0
      vertex 21.5281 5.9386 8
      vertex 21.5281 5.9386 0
    endloop
  endfacet
  facet normal -0.1902 0.981745 0
    outer loop
      vertex 21.3951 5.91283 0
      vertex 21.3951 5.91283 8
      vertex 21.5281 5.9386 8
    endloop
  endfacet
  facet normal -0.219494 0.975614 0
    outer loop
      vertex 21.2752 5.88586 0
      vertex 21.3951 5.91283 8
      vertex 21.3951 5.91283 0
    endloop
  endfacet
  facet normal -0.219494 0.975614 0
    outer loop
      vertex 21.2752 5.88586 0
      vertex 21.2752 5.88586 8
      vertex 21.3951 5.91283 8
    endloop
  endfacet
  facet normal -0.247638 0.968853 0
    outer loop
      vertex 21.1676 5.85835 0
      vertex 21.2752 5.88586 8
      vertex 21.2752 5.88586 0
    endloop
  endfacet
  facet normal -0.247638 0.968853 0
    outer loop
      vertex 21.1676 5.85835 0
      vertex 21.1676 5.85835 8
      vertex 21.2752 5.88586 8
    endloop
  endfacet
  facet normal -0.27436 0.961627 0
    outer loop
      vertex 21.0711 5.83083 0
      vertex 21.1676 5.85835 8
      vertex 21.1676 5.85835 0
    endloop
  endfacet
  facet normal -0.27436 0.961627 0
    outer loop
      vertex 21.0711 5.83083 0
      vertex 21.0711 5.83083 8
      vertex 21.1676 5.85835 8
    endloop
  endfacet
  facet normal -0.30005 0.953923 0
    outer loop
      vertex 20.9848 5.80367 0
      vertex 21.0711 5.83083 8
      vertex 21.0711 5.83083 0
    endloop
  endfacet
  facet normal -0.30005 0.953923 0
    outer loop
      vertex 20.9848 5.80367 0
      vertex 20.9848 5.80367 8
      vertex 21.0711 5.83083 8
    endloop
  endfacet
  facet normal -0.335845 0.941917 0
    outer loop
      vertex 20.8385 5.7515 0
      vertex 20.9848 5.80367 8
      vertex 20.9848 5.80367 0
    endloop
  endfacet
  facet normal -0.335845 0.941917 0
    outer loop
      vertex 20.8385 5.7515 0
      vertex 20.8385 5.7515 8
      vertex 20.9848 5.80367 8
    endloop
  endfacet
  facet normal -0.359916 0.932985 0
    outer loop
      vertex 20.6787 5.68987 0
      vertex 20.8385 5.7515 8
      vertex 20.8385 5.7515 0
    endloop
  endfacet
  facet normal -0.359916 0.932985 0
    outer loop
      vertex 20.6787 5.68987 0
      vertex 20.6787 5.68987 8
      vertex 20.8385 5.7515 8
    endloop
  endfacet
  facet normal -0.462867 0.886428 0
    outer loop
      vertex 20.072 5.37308 0
      vertex 20.6787 5.68987 8
      vertex 20.6787 5.68987 0
    endloop
  endfacet
  facet normal -0.462867 0.886428 0
    outer loop
      vertex 20.072 5.37308 0
      vertex 20.072 5.37308 8
      vertex 20.6787 5.68987 8
    endloop
  endfacet
  facet normal 0.301263 0.953541 0
    outer loop
      vertex 19.855 5.44164 0
      vertex 20.072 5.37308 8
      vertex 20.072 5.37308 0
    endloop
  endfacet
  facet normal 0.301263 0.953541 -0
    outer loop
      vertex 19.855 5.44164 0
      vertex 19.855 5.44164 8
      vertex 20.072 5.37308 8
    endloop
  endfacet
  facet normal -0.264521 0.96438 0
    outer loop
      vertex 19.84 5.4375 0
      vertex 19.855 5.44164 8
      vertex 19.855 5.44164 0
    endloop
  endfacet
  facet normal -0.264521 0.96438 0
    outer loop
      vertex 19.84 5.4375 0
      vertex 19.84 5.4375 8
      vertex 19.855 5.44164 8
    endloop
  endfacet
  facet normal 0.885048 0.465499 0
    outer loop
      vertex 19.5901 5.91245 0
      vertex 19.84 5.4375 8
      vertex 19.84 5.4375 0
    endloop
  endfacet
  facet normal 0.885048 0.465499 -0
    outer loop
      vertex 19.5901 5.91245 0
      vertex 19.5901 5.91245 8
      vertex 19.84 5.4375 8
    endloop
  endfacet
  facet normal 0.840421 0.541935 0
    outer loop
      vertex 18.9997 6.82816 0
      vertex 19.5901 5.91245 8
      vertex 19.5901 5.91245 0
    endloop
  endfacet
  facet normal 0.840421 0.541935 -0
    outer loop
      vertex 18.9997 6.82816 0
      vertex 18.9997 6.82816 8
      vertex 19.5901 5.91245 8
    endloop
  endfacet
  facet normal 0.337912 -0.941178 0
    outer loop
      vertex 19.0066 6.83064 0
      vertex 18.9997 6.82816 8
      vertex 18.9997 6.82816 0
    endloop
  endfacet
  facet normal 0.337912 -0.941178 0
    outer loop
      vertex 19.0066 6.83064 0
      vertex 19.0066 6.83064 8
      vertex 18.9997 6.82816 8
    endloop
  endfacet
  facet normal 0.98517 -0.171582 0
    outer loop
      vertex 19.0456 7.05484 0
      vertex 19.0066 6.83064 8
      vertex 19.0066 6.83064 0
    endloop
  endfacet
  facet normal 0.98517 -0.171582 0
    outer loop
      vertex 19.0456 7.05484 0
      vertex 19.0456 7.05484 8
      vertex 19.0066 6.83064 8
    endloop
  endfacet
  facet normal 0.576114 -0.817369 0
    outer loop
      vertex 19.7021 7.51756 0
      vertex 19.0456 7.05484 8
      vertex 19.0456 7.05484 0
    endloop
  endfacet
  facet normal 0.576114 -0.817369 0
    outer loop
      vertex 19.7021 7.51756 0
      vertex 19.7021 7.51756 8
      vertex 19.0456 7.05484 8
    endloop
  endfacet
  facet normal 0.638448 -0.769665 0
    outer loop
      vertex 19.8566 7.64571 0
      vertex 19.7021 7.51756 8
      vertex 19.7021 7.51756 0
    endloop
  endfacet
  facet normal 0.638448 -0.769665 0
    outer loop
      vertex 19.8566 7.64571 0
      vertex 19.8566 7.64571 8
      vertex 19.7021 7.51756 8
    endloop
  endfacet
  facet normal 0.691229 -0.722636 0
    outer loop
      vertex 19.9412 7.72664 0
      vertex 19.8566 7.64571 8
      vertex 19.8566 7.64571 0
    endloop
  endfacet
  facet normal 0.691229 -0.722636 0
    outer loop
      vertex 19.9412 7.72664 0
      vertex 19.9412 7.72664 8
      vertex 19.8566 7.64571 8
    endloop
  endfacet
  facet normal 0.724748 -0.689014 0
    outer loop
      vertex 20.0007 7.78915 0
      vertex 19.9412 7.72664 8
      vertex 19.9412 7.72664 0
    endloop
  endfacet
  facet normal 0.724748 -0.689014 0
    outer loop
      vertex 20.0007 7.78915 0
      vertex 20.0007 7.78915 8
      vertex 19.9412 7.72664 8
    endloop
  endfacet
  facet normal 0.746345 -0.665559 0
    outer loop
      vertex 20.0697 7.86655 0
      vertex 20.0007 7.78915 8
      vertex 20.0007 7.78915 0
    endloop
  endfacet
  facet normal 0.746345 -0.665559 0
    outer loop
      vertex 20.0697 7.86655 0
      vertex 20.0697 7.86655 8
      vertex 20.0007 7.78915 8
    endloop
  endfacet
  facet normal 0.766878 -0.641793 0
    outer loop
      vertex 20.1469 7.95879 0
      vertex 20.0697 7.86655 8
      vertex 20.0697 7.86655 0
    endloop
  endfacet
  facet normal 0.766878 -0.641793 0
    outer loop
      vertex 20.1469 7.95879 0
      vertex 20.1469 7.95879 8
      vertex 20.0697 7.86655 8
    endloop
  endfacet
  facet normal 0.785944 -0.618297 0
    outer loop
      vertex 20.2309 8.06566 0
      vertex 20.1469 7.95879 8
      vertex 20.1469 7.95879 0
    endloop
  endfacet
  facet normal 0.785944 -0.618297 0
    outer loop
      vertex 20.2309 8.06566 0
      vertex 20.2309 8.06566 8
      vertex 20.1469 7.95879 8
    endloop
  endfacet
  facet normal 0.803797 -0.594903 0
    outer loop
      vertex 20.3206 8.18684 0
      vertex 20.2309 8.06566 8
      vertex 20.2309 8.06566 0
    endloop
  endfacet
  facet normal 0.803797 -0.594903 0
    outer loop
      vertex 20.3206 8.18684 0
      vertex 20.3206 8.18684 8
      vertex 20.2309 8.06566 8
    endloop
  endfacet
  facet normal 0.820319 -0.571906 0
    outer loop
      vertex 20.4148 8.32188 0
      vertex 20.3206 8.18684 8
      vertex 20.3206 8.18684 0
    endloop
  endfacet
  facet normal 0.820319 -0.571906 0
    outer loop
      vertex 20.4148 8.32188 0
      vertex 20.4148 8.32188 8
      vertex 20.3206 8.18684 8
    endloop
  endfacet
  facet normal 0.835813 -0.549015 0
    outer loop
      vertex 20.5123 8.47028 0
      vertex 20.4148 8.32188 8
      vertex 20.4148 8.32188 0
    endloop
  endfacet
  facet normal 0.835813 -0.549015 0
    outer loop
      vertex 20.5123 8.47028 0
      vertex 20.5123 8.47028 8
      vertex 20.4148 8.32188 8
    endloop
  endfacet
  facet normal 0.850023 -0.526745 0
    outer loop
      vertex 20.6121 8.63136 0
      vertex 20.5123 8.47028 8
      vertex 20.5123 8.47028 0
    endloop
  endfacet
  facet normal 0.850023 -0.526745 0
    outer loop
      vertex 20.6121 8.63136 0
      vertex 20.6121 8.63136 8
      vertex 20.5123 8.47028 8
    endloop
  endfacet
  facet normal 0.863088 -0.505053 0
    outer loop
      vertex 20.7133 8.80443 0
      vertex 20.6121 8.63136 8
      vertex 20.6121 8.63136 0
    endloop
  endfacet
  facet normal 0.863088 -0.505053 0
    outer loop
      vertex 20.7133 8.80443 0
      vertex 20.7133 8.80443 8
      vertex 20.6121 8.63136 8
    endloop
  endfacet
  facet normal 0.875174 -0.483809 0
    outer loop
      vertex 20.8152 8.98875 0
      vertex 20.7133 8.80443 8
      vertex 20.7133 8.80443 0
    endloop
  endfacet
  facet normal 0.875174 -0.483809 0
    outer loop
      vertex 20.8152 8.98875 0
      vertex 20.8152 8.98875 8
      vertex 20.7133 8.80443 8
    endloop
  endfacet
  facet normal 0.886213 -0.463278 0
    outer loop
      vertex 20.9171 9.1835 0
      vertex 20.8152 8.98875 8
      vertex 20.8152 8.98875 0
    endloop
  endfacet
  facet normal 0.886213 -0.463278 0
    outer loop
      vertex 20.9171 9.1835 0
      vertex 20.9171 9.1835 8
      vertex 20.8152 8.98875 8
    endloop
  endfacet
  facet normal 0.896347 -0.443354 0
    outer loop
      vertex 21.0181 9.38785 0
      vertex 20.9171 9.1835 8
      vertex 20.9171 9.1835 0
    endloop
  endfacet
  facet normal 0.896347 -0.443354 0
    outer loop
      vertex 21.0181 9.38785 0
      vertex 21.0181 9.38785 8
      vertex 20.9171 9.1835 8
    endloop
  endfacet
  facet normal 0.905599 -0.424135 0
    outer loop
      vertex 21.1179 9.60092 0
      vertex 21.0181 9.38785 8
      vertex 21.0181 9.38785 0
    endloop
  endfacet
  facet normal 0.905599 -0.424135 0
    outer loop
      vertex 21.1179 9.60092 0
      vertex 21.1179 9.60092 8
      vertex 21.0181 9.38785 8
    endloop
  endfacet
  facet normal 0.915842 -0.401539 0
    outer loop
      vertex 21.2398 9.87889 0
      vertex 21.1179 9.60092 8
      vertex 21.1179 9.60092 0
    endloop
  endfacet
  facet normal 0.915842 -0.401539 0
    outer loop
      vertex 21.2398 9.87889 0
      vertex 21.2398 9.87889 8
      vertex 21.1179 9.60092 8
    endloop
  endfacet
  facet normal 0.794747 0.60694 0
    outer loop
      vertex 20.9282 10.2868 0
      vertex 21.2398 9.87889 8
      vertex 21.2398 9.87889 0
    endloop
  endfacet
  facet normal 0.794747 0.60694 -0
    outer loop
      vertex 20.9282 10.2868 0
      vertex 20.9282 10.2868 8
      vertex 21.2398 9.87889 8
    endloop
  endfacet
  facet normal 0.749948 0.661497 0
    outer loop
      vertex 20.6465 10.6063 0
      vertex 20.9282 10.2868 8
      vertex 20.9282 10.2868 0
    endloop
  endfacet
  facet normal 0.749948 0.661497 -0
    outer loop
      vertex 20.6465 10.6063 0
      vertex 20.6465 10.6063 8
      vertex 20.9282 10.2868 8
    endloop
  endfacet
  facet normal -0.193132 0.981173 0
    outer loop
      vertex 20.3946 10.5567 0
      vertex 20.6465 10.6063 8
      vertex 20.6465 10.6063 0
    endloop
  endfacet
  facet normal -0.193132 0.981173 0
    outer loop
      vertex 20.3946 10.5567 0
      vertex 20.3946 10.5567 8
      vertex 20.6465 10.6063 8
    endloop
  endfacet
  facet normal -0.222258 0.974988 0
    outer loop
      vertex 20.1402 10.4987 0
      vertex 20.3946 10.5567 8
      vertex 20.3946 10.5567 0
    endloop
  endfacet
  facet normal -0.222258 0.974988 0
    outer loop
      vertex 20.1402 10.4987 0
      vertex 20.1402 10.4987 8
      vertex 20.3946 10.5567 8
    endloop
  endfacet
  facet normal -0.250176 0.9682 0
    outer loop
      vertex 19.9034 10.4375 0
      vertex 20.1402 10.4987 8
      vertex 20.1402 10.4987 0
    endloop
  endfacet
  facet normal -0.250176 0.9682 0
    outer loop
      vertex 19.9034 10.4375 0
      vertex 19.9034 10.4375 8
      vertex 20.1402 10.4987 8
    endloop
  endfacet
  facet normal -0.277104 0.96084 0
    outer loop
      vertex 19.6832 10.374 0
      vertex 19.9034 10.4375 8
      vertex 19.9034 10.4375 0
    endloop
  endfacet
  facet normal -0.277104 0.96084 0
    outer loop
      vertex 19.6832 10.374 0
      vertex 19.6832 10.374 8
      vertex 19.9034 10.4375 8
    endloop
  endfacet
  facet normal -0.302758 0.953068 0
    outer loop
      vertex 19.4787 10.3091 0
      vertex 19.6832 10.374 8
      vertex 19.6832 10.374 0
    endloop
  endfacet
  facet normal -0.302758 0.953068 0
    outer loop
      vertex 19.4787 10.3091 0
      vertex 19.4787 10.3091 8
      vertex 19.6832 10.374 8
    endloop
  endfacet
  facet normal -0.327272 0.94493 0
    outer loop
      vertex 19.2887 10.2433 0
      vertex 19.4787 10.3091 8
      vertex 19.4787 10.3091 0
    endloop
  endfacet
  facet normal -0.327272 0.94493 0
    outer loop
      vertex 19.2887 10.2433 0
      vertex 19.2887 10.2433 8
      vertex 19.4787 10.3091 8
    endloop
  endfacet
  facet normal -0.350635 0.936512 0
    outer loop
      vertex 19.1123 10.1772 0
      vertex 19.2887 10.2433 8
      vertex 19.2887 10.2433 0
    endloop
  endfacet
  facet normal -0.350635 0.936512 0
    outer loop
      vertex 19.1123 10.1772 0
      vertex 19.1123 10.1772 8
      vertex 19.2887 10.2433 8
    endloop
  endfacet
  facet normal -0.372938 0.927856 0
    outer loop
      vertex 18.9483 10.1113 0
      vertex 19.1123 10.1772 8
      vertex 19.1123 10.1772 0
    endloop
  endfacet
  facet normal -0.372938 0.927856 0
    outer loop
      vertex 18.9483 10.1113 0
      vertex 18.9483 10.1113 8
      vertex 19.1123 10.1772 8
    endloop
  endfacet
  facet normal -0.394097 0.919069 0
    outer loop
      vertex 18.7957 10.0458 0
      vertex 18.9483 10.1113 8
      vertex 18.9483 10.1113 0
    endloop
  endfacet
  facet normal -0.394097 0.919069 0
    outer loop
      vertex 18.7957 10.0458 0
      vertex 18.7957 10.0458 8
      vertex 18.9483 10.1113 8
    endloop
  endfacet
  facet normal -0.413737 0.910397 0
    outer loop
      vertex 18.6535 9.9812 0
      vertex 18.7957 10.0458 8
      vertex 18.7957 10.0458 0
    endloop
  endfacet
  facet normal -0.413737 0.910397 0
    outer loop
      vertex 18.6535 9.9812 0
      vertex 18.6535 9.9812 8
      vertex 18.7957 10.0458 8
    endloop
  endfacet
  facet normal -0.432573 0.901599 0
    outer loop
      vertex 18.5206 9.91747 0
      vertex 18.6535 9.9812 8
      vertex 18.6535 9.9812 0
    endloop
  endfacet
  facet normal -0.432573 0.901599 0
    outer loop
      vertex 18.5206 9.91747 0
      vertex 18.5206 9.91747 8
      vertex 18.6535 9.9812 8
    endloop
  endfacet
  facet normal -0.45054 0.892756 0
    outer loop
      vertex 18.3962 9.85469 0
      vertex 18.5206 9.91747 8
      vertex 18.5206 9.91747 0
    endloop
  endfacet
  facet normal -0.45054 0.892756 0
    outer loop
      vertex 18.3962 9.85469 0
      vertex 18.3962 9.85469 8
      vertex 18.5206 9.91747 8
    endloop
  endfacet
  facet normal -0.467596 0.883942 0
    outer loop
      vertex 18.2794 9.79288 0
      vertex 18.3962 9.85469 8
      vertex 18.3962 9.85469 0
    endloop
  endfacet
  facet normal -0.467596 0.883942 0
    outer loop
      vertex 18.2794 9.79288 0
      vertex 18.2794 9.79288 8
      vertex 18.3962 9.85469 8
    endloop
  endfacet
  facet normal -0.490588 0.871392 0
    outer loop
      vertex 18.0646 9.67198 0
      vertex 18.2794 9.79288 8
      vertex 18.2794 9.79288 0
    endloop
  endfacet
  facet normal -0.490588 0.871392 0
    outer loop
      vertex 18.0646 9.67198 0
      vertex 18.0646 9.67198 8
      vertex 18.2794 9.79288 8
    endloop
  endfacet
  facet normal -0.518548 0.855048 0
    outer loop
      vertex 17.8698 9.55385 0
      vertex 18.0646 9.67198 8
      vertex 18.0646 9.67198 0
    endloop
  endfacet
  facet normal -0.518548 0.855048 0
    outer loop
      vertex 17.8698 9.55385 0
      vertex 17.8698 9.55385 8
      vertex 18.0646 9.67198 8
    endloop
  endfacet
  facet normal -0.531456 0.847086 0
    outer loop
      vertex 17.7248 9.46284 0
      vertex 17.8698 9.55385 8
      vertex 17.8698 9.55385 0
    endloop
  endfacet
  facet normal -0.531456 0.847086 0
    outer loop
      vertex 17.7248 9.46284 0
      vertex 17.7248 9.46284 8
      vertex 17.8698 9.55385 8
    endloop
  endfacet
  facet normal -0.690202 0.723617 0
    outer loop
      vertex 17.3531 9.10828 0
      vertex 17.7248 9.46284 8
      vertex 17.7248 9.46284 0
    endloop
  endfacet
  facet normal -0.690202 0.723617 0
    outer loop
      vertex 17.3531 9.10828 0
      vertex 17.3531 9.10828 8
      vertex 17.7248 9.46284 8
    endloop
  endfacet
  facet normal 0.0258817 0.999665 0
    outer loop
      vertex 17.1256 9.11417 0
      vertex 17.3531 9.10828 8
      vertex 17.3531 9.10828 0
    endloop
  endfacet
  facet normal 0.0258817 0.999665 -0
    outer loop
      vertex 17.1256 9.11417 0
      vertex 17.1256 9.11417 8
      vertex 17.3531 9.10828 8
    endloop
  endfacet
  facet normal -0.468933 0.883234 0
    outer loop
      vertex 17.1196 9.11102 0
      vertex 17.1256 9.11417 8
      vertex 17.1256 9.11417 0
    endloop
  endfacet
  facet normal -0.468933 0.883234 0
    outer loop
      vertex 17.1196 9.11102 0
      vertex 17.1196 9.11102 8
      vertex 17.1256 9.11417 8
    endloop
  endfacet
  facet normal 0.707589 0.706624 0
    outer loop
      vertex 16.4044 9.82729 0
      vertex 17.1196 9.11102 8
      vertex 17.1196 9.11102 0
    endloop
  endfacet
  facet normal 0.707589 0.706624 -0
    outer loop
      vertex 16.4044 9.82729 0
      vertex 16.4044 9.82729 8
      vertex 17.1196 9.11102 8
    endloop
  endfacet
  facet normal 0.668818 0.743426 0
    outer loop
      vertex 16.0061 10.1855 0
      vertex 16.4044 9.82729 8
      vertex 16.4044 9.82729 0
    endloop
  endfacet
  facet normal 0.668818 0.743426 -0
    outer loop
      vertex 16.0061 10.1855 0
      vertex 16.0061 10.1855 8
      vertex 16.4044 9.82729 8
    endloop
  endfacet
  facet normal 0.536993 -0.843587 0
    outer loop
      vertex 16.0132 10.19 0
      vertex 16.0061 10.1855 8
      vertex 16.0061 10.1855 0
    endloop
  endfacet
  facet normal 0.536993 -0.843587 0
    outer loop
      vertex 16.0132 10.19 0
      vertex 16.0132 10.19 8
      vertex 16.0061 10.1855 8
    endloop
  endfacet
  facet normal 0.998446 0.0557188 0
    outer loop
      vertex 16.0006 10.4173 0
      vertex 16.0132 10.19 8
      vertex 16.0132 10.19 0
    endloop
  endfacet
  facet normal 0.998446 0.0557188 -0
    outer loop
      vertex 16.0006 10.4173 0
      vertex 16.0006 10.4173 8
      vertex 16.0132 10.19 8
    endloop
  endfacet
  facet normal 0.746035 -0.665906 0
    outer loop
      vertex 16.4193 10.8864 0
      vertex 16.0006 10.4173 8
      vertex 16.0006 10.4173 0
    endloop
  endfacet
  facet normal 0.746035 -0.665906 0
    outer loop
      vertex 16.4193 10.8864 0
      vertex 16.4193 10.8864 8
      vertex 16.0006 10.4173 8
    endloop
  endfacet
  facet normal 0.846388 -0.532566 0
    outer loop
      vertex 16.5466 11.0888 0
      vertex 16.4193 10.8864 8
      vertex 16.4193 10.8864 0
    endloop
  endfacet
  facet normal 0.846388 -0.532566 0
    outer loop
      vertex 16.5466 11.0888 0
      vertex 16.5466 11.0888 8
      vertex 16.4193 10.8864 8
    endloop
  endfacet
  facet normal 0.86442 -0.50277 0
    outer loop
      vertex 16.5887 11.161 0
      vertex 16.5466 11.0888 8
      vertex 16.5466 11.0888 0
    endloop
  endfacet
  facet normal 0.86442 -0.50277 0
    outer loop
      vertex 16.5887 11.161 0
      vertex 16.5887 11.161 8
      vertex 16.5466 11.0888 8
    endloop
  endfacet
  facet normal 0.876337 -0.481698 0
    outer loop
      vertex 16.636 11.2472 0
      vertex 16.5887 11.161 8
      vertex 16.5887 11.161 0
    endloop
  endfacet
  facet normal 0.876337 -0.481698 0
    outer loop
      vertex 16.636 11.2472 0
      vertex 16.636 11.2472 8
      vertex 16.5887 11.161 8
    endloop
  endfacet
  facet normal 0.887237 -0.461314 0
    outer loop
      vertex 16.6877 11.3466 0
      vertex 16.636 11.2472 8
      vertex 16.636 11.2472 0
    endloop
  endfacet
  facet normal 0.887237 -0.461314 0
    outer loop
      vertex 16.6877 11.3466 0
      vertex 16.6877 11.3466 8
      vertex 16.636 11.2472 8
    endloop
  endfacet
  facet normal 0.897243 -0.441537 0
    outer loop
      vertex 16.7429 11.4587 0
      vertex 16.6877 11.3466 8
      vertex 16.6877 11.3466 0
    endloop
  endfacet
  facet normal 0.897243 -0.441537 0
    outer loop
      vertex 16.7429 11.4587 0
      vertex 16.7429 11.4587 8
      vertex 16.6877 11.3466 8
    endloop
  endfacet
  facet normal 0.906735 -0.421701 0
    outer loop
      vertex 16.8006 11.5828 0
      vertex 16.7429 11.4587 8
      vertex 16.7429 11.4587 0
    endloop
  endfacet
  facet normal 0.906735 -0.421701 0
    outer loop
      vertex 16.8006 11.5828 0
      vertex 16.8006 11.5828 8
      vertex 16.7429 11.4587 8
    endloop
  endfacet
  facet normal 0.915076 -0.403282 0
    outer loop
      vertex 16.8602 11.718 0
      vertex 16.8006 11.5828 8
      vertex 16.8006 11.5828 0
    endloop
  endfacet
  facet normal 0.915076 -0.403282 0
    outer loop
      vertex 16.8602 11.718 0
      vertex 16.8602 11.718 8
      vertex 16.8006 11.5828 8
    endloop
  endfacet
  facet normal 0.922653 -0.385631 0
    outer loop
      vertex 16.9211 11.8637 0
      vertex 16.8602 11.718 8
      vertex 16.8602 11.718 0
    endloop
  endfacet
  facet normal 0.922653 -0.385631 0
    outer loop
      vertex 16.9211 11.8637 0
      vertex 16.9211 11.8637 8
      vertex 16.8602 11.718 8
    endloop
  endfacet
  facet normal 0.929526 -0.368758 0
    outer loop
      vertex 16.9826 12.0189 0
      vertex 16.9211 11.8637 8
      vertex 16.9211 11.8637 0
    endloop
  endfacet
  facet normal 0.929526 -0.368758 0
    outer loop
      vertex 16.9826 12.0189 0
      vertex 16.9826 12.0189 8
      vertex 16.9211 11.8637 8
    endloop
  endfacet
  facet normal 0.935863 -0.352364 0
    outer loop
      vertex 17.0444 12.1828 0
      vertex 16.9826 12.0189 8
      vertex 16.9826 12.0189 0
    endloop
  endfacet
  facet normal 0.935863 -0.352364 0
    outer loop
      vertex 17.0444 12.1828 0
      vertex 17.0444 12.1828 8
      vertex 16.9826 12.0189 8
    endloop
  endfacet
  facet normal 0.941734 -0.336358 0
    outer loop
      vertex 17.1058 12.3548 0
      vertex 17.0444 12.1828 8
      vertex 17.0444 12.1828 0
    endloop
  endfacet
  facet normal 0.941734 -0.336358 0
    outer loop
      vertex 17.1058 12.3548 0
      vertex 17.1058 12.3548 8
      vertex 17.0444 12.1828 8
    endloop
  endfacet
  facet normal 0.946837 -0.321715 0
    outer loop
      vertex 17.1667 12.534 0
      vertex 17.1058 12.3548 8
      vertex 17.1058 12.3548 0
    endloop
  endfacet
  facet normal 0.946837 -0.321715 0
    outer loop
      vertex 17.1667 12.534 0
      vertex 17.1667 12.534 8
      vertex 17.1058 12.3548 8
    endloop
  endfacet
  facet normal 0.951433 -0.307856 0
    outer loop
      vertex 17.2267 12.7195 0
      vertex 17.1667 12.534 8
      vertex 17.1667 12.534 0
    endloop
  endfacet
  facet normal 0.951433 -0.307856 0
    outer loop
      vertex 17.2267 12.7195 0
      vertex 17.2267 12.7195 8
      vertex 17.1667 12.534 8
    endloop
  endfacet
  facet normal 0.955718 -0.294284 0
    outer loop
      vertex 17.2855 12.9106 0
      vertex 17.2267 12.7195 8
      vertex 17.2267 12.7195 0
    endloop
  endfacet
  facet normal 0.955718 -0.294284 0
    outer loop
      vertex 17.2855 12.9106 0
      vertex 17.2855 12.9106 8
      vertex 17.2267 12.7195 8
    endloop
  endfacet
  facet normal 0.959538 -0.28158 0
    outer loop
      vertex 17.3431 13.1066 0
      vertex 17.2855 12.9106 8
      vertex 17.2855 12.9106 0
    endloop
  endfacet
  facet normal 0.959538 -0.28158 0
    outer loop
      vertex 17.3431 13.1066 0
      vertex 17.3431 13.1066 8
      vertex 17.2855 12.9106 8
    endloop
  endfacet
  facet normal 0.962885 -0.26991 0
    outer loop
      vertex 17.3992 13.3068 0
      vertex 17.3431 13.1066 8
      vertex 17.3431 13.1066 0
    endloop
  endfacet
  facet normal 0.962885 -0.26991 0
    outer loop
      vertex 17.3992 13.3068 0
      vertex 17.3992 13.3068 8
      vertex 17.3431 13.1066 8
    endloop
  endfacet
  facet normal 0.965995 -0.258563 0
    outer loop
      vertex 17.4538 13.5107 0
      vertex 17.3992 13.3068 8
      vertex 17.3992 13.3068 0
    endloop
  endfacet
  facet normal 0.965995 -0.258563 0
    outer loop
      vertex 17.4538 13.5107 0
      vertex 17.4538 13.5107 8
      vertex 17.3992 13.3068 8
    endloop
  endfacet
  facet normal 0.968784 -0.247905 0
    outer loop
      vertex 17.4985 13.6855 0
      vertex 17.4538 13.5107 8
      vertex 17.4538 13.5107 0
    endloop
  endfacet
  facet normal 0.968784 -0.247905 0
    outer loop
      vertex 17.4985 13.6855 0
      vertex 17.4985 13.6855 8
      vertex 17.4538 13.5107 8
    endloop
  endfacet
  facet normal 0.634203 0.773166 0
    outer loop
      vertex 16.7504 14.299 0
      vertex 17.4985 13.6855 8
      vertex 17.4985 13.6855 0
    endloop
  endfacet
  facet normal 0.634203 0.773166 -0
    outer loop
      vertex 16.7504 14.299 0
      vertex 16.7504 14.299 8
      vertex 17.4985 13.6855 8
    endloop
  endfacet
  facet normal 0.603906 0.797055 0
    outer loop
      vertex 16.7216 14.3209 0
      vertex 16.7504 14.299 8
      vertex 16.7504 14.299 0
    endloop
  endfacet
  facet normal 0.603906 0.797055 -0
    outer loop
      vertex 16.7216 14.3209 0
      vertex 16.7216 14.3209 8
      vertex 16.7504 14.299 8
    endloop
  endfacet
  facet normal -0.415721 0.909492 0
    outer loop
      vertex 16.6192 14.2741 0
      vertex 16.7216 14.3209 8
      vertex 16.7216 14.3209 0
    endloop
  endfacet
  facet normal -0.415721 0.909492 0
    outer loop
      vertex 16.6192 14.2741 0
      vertex 16.6192 14.2741 8
      vertex 16.7216 14.3209 8
    endloop
  endfacet
  facet normal -0.434524 0.90066 0
    outer loop
      vertex 16.4005 14.1686 0
      vertex 16.6192 14.2741 8
      vertex 16.6192 14.2741 0
    endloop
  endfacet
  facet normal -0.434524 0.90066 0
    outer loop
      vertex 16.4005 14.1686 0
      vertex 16.4005 14.1686 8
      vertex 16.6192 14.2741 8
    endloop
  endfacet
  facet normal -0.452374 0.891828 0
    outer loop
      vertex 16.1951 14.0644 0
      vertex 16.4005 14.1686 8
      vertex 16.4005 14.1686 0
    endloop
  endfacet
  facet normal -0.452374 0.891828 0
    outer loop
      vertex 16.1951 14.0644 0
      vertex 16.1951 14.0644 8
      vertex 16.4005 14.1686 8
    endloop
  endfacet
  facet normal -0.469256 0.883062 0
    outer loop
      vertex 16.0019 13.9617 0
      vertex 16.1951 14.0644 8
      vertex 16.1951 14.0644 0
    endloop
  endfacet
  facet normal -0.469256 0.883062 0
    outer loop
      vertex 16.0019 13.9617 0
      vertex 16.0019 13.9617 8
      vertex 16.1951 14.0644 8
    endloop
  endfacet
  facet normal -0.484547 0.874765 0
    outer loop
      vertex 15.8198 13.8609 0
      vertex 16.0019 13.9617 8
      vertex 16.0019 13.9617 0
    endloop
  endfacet
  facet normal -0.484547 0.874765 0
    outer loop
      vertex 15.8198 13.8609 0
      vertex 15.8198 13.8609 8
      vertex 16.0019 13.9617 8
    endloop
  endfacet
  facet normal -0.499438 0.866349 0
    outer loop
      vertex 15.6478 13.7617 0
      vertex 15.8198 13.8609 8
      vertex 15.8198 13.8609 0
    endloop
  endfacet
  facet normal -0.499438 0.866349 0
    outer loop
      vertex 15.6478 13.7617 0
      vertex 15.6478 13.7617 8
      vertex 15.8198 13.8609 8
    endloop
  endfacet
  facet normal -0.513525 0.858075 0
    outer loop
      vertex 15.4851 13.6643 0
      vertex 15.6478 13.7617 8
      vertex 15.6478 13.7617 0
    endloop
  endfacet
  facet normal -0.513525 0.858075 0
    outer loop
      vertex 15.4851 13.6643 0
      vertex 15.4851 13.6643 8
      vertex 15.6478 13.7617 8
    endloop
  endfacet
  facet normal -0.526635 0.850091 0
    outer loop
      vertex 15.3307 13.5687 0
      vertex 15.4851 13.6643 8
      vertex 15.4851 13.6643 0
    endloop
  endfacet
  facet normal -0.526635 0.850091 0
    outer loop
      vertex 15.3307 13.5687 0
      vertex 15.3307 13.5687 8
      vertex 15.4851 13.6643 8
    endloop
  endfacet
  facet normal -0.538193 0.842822 0
    outer loop
      vertex 15.1836 13.4747 0
      vertex 15.3307 13.5687 8
      vertex 15.3307 13.5687 0
    endloop
  endfacet
  facet normal -0.538193 0.842822 0
    outer loop
      vertex 15.1836 13.4747 0
      vertex 15.1836 13.4747 8
      vertex 15.3307 13.5687 8
    endloop
  endfacet
  facet normal -0.549791 0.835302 0
    outer loop
      vertex 15.0431 13.3822 0
      vertex 15.1836 13.4747 8
      vertex 15.1836 13.4747 0
    endloop
  endfacet
  facet normal -0.549791 0.835302 0
    outer loop
      vertex 15.0431 13.3822 0
      vertex 15.0431 13.3822 8
      vertex 15.1836 13.4747 8
    endloop
  endfacet
  facet normal -0.565287 0.824895 0
    outer loop
      vertex 14.7789 13.2012 0
      vertex 15.0431 13.3822 8
      vertex 15.0431 13.3822 0
    endloop
  endfacet
  facet normal -0.565287 0.824895 0
    outer loop
      vertex 14.7789 13.2012 0
      vertex 14.7789 13.2012 8
      vertex 15.0431 13.3822 8
    endloop
  endfacet
  facet normal -0.58375 0.811933 0
    outer loop
      vertex 14.5328 13.0243 0
      vertex 14.7789 13.2012 8
      vertex 14.7789 13.2012 0
    endloop
  endfacet
  facet normal -0.58375 0.811933 0
    outer loop
      vertex 14.5328 13.0243 0
      vertex 14.5328 13.0243 8
      vertex 14.7789 13.2012 8
    endloop
  endfacet
  facet normal -0.599571 0.800322 0
    outer loop
      vertex 14.3008 12.8504 0
      vertex 14.5328 13.0243 8
      vertex 14.5328 13.0243 0
    endloop
  endfacet
  facet normal -0.599571 0.800322 0
    outer loop
      vertex 14.3008 12.8504 0
      vertex 14.3008 12.8504 8
      vertex 14.5328 13.0243 8
    endloop
  endfacet
  facet normal -0.616169 0.787614 0
    outer loop
      vertex 13.9458 12.5727 0
      vertex 14.3008 12.8504 8
      vertex 14.3008 12.8504 0
    endloop
  endfacet
  facet normal -0.616169 0.787614 0
    outer loop
      vertex 13.9458 12.5727 0
      vertex 13.9458 12.5727 8
      vertex 14.3008 12.8504 8
    endloop
  endfacet
  facet normal -0.806269 0.59155 0
    outer loop
      vertex 13.7164 12.2601 0
      vertex 13.9458 12.5727 8
      vertex 13.9458 12.5727 0
    endloop
  endfacet
  facet normal -0.806269 0.59155 0
    outer loop
      vertex 13.7164 12.2601 0
      vertex 13.7164 12.2601 8
      vertex 13.9458 12.5727 8
    endloop
  endfacet
  facet normal -0.153407 0.988163 0
    outer loop
      vertex 13.4906 12.225 0
      vertex 13.7164 12.2601 8
      vertex 13.7164 12.2601 0
    endloop
  endfacet
  facet normal -0.153407 0.988163 0
    outer loop
      vertex 13.4906 12.225 0
      vertex 13.4906 12.225 8
      vertex 13.7164 12.2601 8
    endloop
  endfacet
  facet normal 0.577601 0.816319 0
    outer loop
      vertex 12.5347 12.9014 0
      vertex 13.4906 12.225 8
      vertex 13.4906 12.225 0
    endloop
  endfacet
  facet normal 0.577601 0.816319 -0
    outer loop
      vertex 12.5347 12.9014 0
      vertex 12.5347 12.9014 8
      vertex 13.4906 12.225 8
    endloop
  endfacet
  facet normal 0.55518 0.83173 0
    outer loop
      vertex 12.3091 13.052 0
      vertex 12.5347 12.9014 8
      vertex 12.5347 12.9014 0
    endloop
  endfacet
  facet normal 0.55518 0.83173 -0
    outer loop
      vertex 12.3091 13.052 0
      vertex 12.3091 13.052 8
      vertex 12.5347 12.9014 8
    endloop
  endfacet
  facet normal 0.727297 -0.686323 0
    outer loop
      vertex 12.3111 13.0541 0
      vertex 12.3091 13.052 8
      vertex 12.3091 13.052 0
    endloop
  endfacet
  facet normal 0.727297 -0.686323 0
    outer loop
      vertex 12.3111 13.0541 0
      vertex 12.3111 13.0541 8
      vertex 12.3091 13.052 8
    endloop
  endfacet
  facet normal 0.981349 0.192233 0
    outer loop
      vertex 12.2674 13.2775 0
      vertex 12.3111 13.0541 8
      vertex 12.3111 13.0541 0
    endloop
  endfacet
  facet normal 0.981349 0.192233 -0
    outer loop
      vertex 12.2674 13.2775 0
      vertex 12.2674 13.2775 8
      vertex 12.3111 13.0541 8
    endloop
  endfacet
  facet normal 0.830003 -0.557759 0
    outer loop
      vertex 12.5291 13.6669 0
      vertex 12.2674 13.2775 8
      vertex 12.2674 13.2775 0
    endloop
  endfacet
  facet normal 0.830003 -0.557759 0
    outer loop
      vertex 12.5291 13.6669 0
      vertex 12.5291 13.6669 8
      vertex 12.2674 13.2775 8
    endloop
  endfacet
  facet normal 0.940504 -0.339782 0
    outer loop
      vertex 12.6236 13.9285 0
      vertex 12.5291 13.6669 8
      vertex 12.5291 13.6669 0
    endloop
  endfacet
  facet normal 0.940504 -0.339782 0
    outer loop
      vertex 12.6236 13.9285 0
      vertex 12.6236 13.9285 8
      vertex 12.5291 13.6669 8
    endloop
  endfacet
  facet normal 0.949669 -0.313254 0
    outer loop
      vertex 12.7003 14.161 0
      vertex 12.6236 13.9285 8
      vertex 12.6236 13.9285 0
    endloop
  endfacet
  facet normal 0.949669 -0.313254 0
    outer loop
      vertex 12.7003 14.161 0
      vertex 12.7003 14.161 8
      vertex 12.6236 13.9285 8
    endloop
  endfacet
  facet normal 0.958092 -0.28646 0
    outer loop
      vertex 12.7806 14.4298 0
      vertex 12.7003 14.161 8
      vertex 12.7003 14.161 0
    endloop
  endfacet
  facet normal 0.958092 -0.28646 0
    outer loop
      vertex 12.7806 14.4298 0
      vertex 12.7806 14.4298 8
      vertex 12.7003 14.161 8
    endloop
  endfacet
  facet normal 0.964818 -0.262917 0
    outer loop
      vertex 12.862 14.7285 0
      vertex 12.7806 14.4298 8
      vertex 12.7806 14.4298 0
    endloop
  endfacet
  facet normal 0.964818 -0.262917 0
    outer loop
      vertex 12.862 14.7285 0
      vertex 12.862 14.7285 8
      vertex 12.7806 14.4298 8
    endloop
  endfacet
  facet normal 0.970264 -0.24205 0
    outer loop
      vertex 12.9426 15.0512 0
      vertex 12.862 14.7285 8
      vertex 12.862 14.7285 0
    endloop
  endfacet
  facet normal 0.970264 -0.24205 0
    outer loop
      vertex 12.9426 15.0512 0
      vertex 12.9426 15.0512 8
      vertex 12.862 14.7285 8
    endloop
  endfacet
  facet normal 0.974745 -0.223322 0
    outer loop
      vertex 13.0209 15.3932 0
      vertex 12.9426 15.0512 8
      vertex 12.9426 15.0512 0
    endloop
  endfacet
  facet normal 0.974745 -0.223322 0
    outer loop
      vertex 13.0209 15.3932 0
      vertex 13.0209 15.3932 8
      vertex 12.9426 15.0512 8
    endloop
  endfacet
  facet normal 0.978463 -0.206421 0
    outer loop
      vertex 13.0964 15.7509 0
      vertex 13.0209 15.3932 8
      vertex 13.0209 15.3932 0
    endloop
  endfacet
  facet normal 0.978463 -0.206421 0
    outer loop
      vertex 13.0964 15.7509 0
      vertex 13.0964 15.7509 8
      vertex 13.0209 15.3932 8
    endloop
  endfacet
  facet normal 0.981599 -0.190956 0
    outer loop
      vertex 13.1686 16.1223 0
      vertex 13.0964 15.7509 8
      vertex 13.0964 15.7509 0
    endloop
  endfacet
  facet normal 0.981599 -0.190956 0
    outer loop
      vertex 13.1686 16.1223 0
      vertex 13.1686 16.1223 8
      vertex 13.0964 15.7509 8
    endloop
  endfacet
  facet normal 0.984345 -0.176252 0
    outer loop
      vertex 13.2376 16.5074 0
      vertex 13.1686 16.1223 8
      vertex 13.1686 16.1223 0
    endloop
  endfacet
  facet normal 0.984345 -0.176252 0
    outer loop
      vertex 13.2376 16.5074 0
      vertex 13.2376 16.5074 8
      vertex 13.1686 16.1223 8
    endloop
  endfacet
  facet normal 0.986851 -0.161631 0
    outer loop
      vertex 13.2775 16.7509 0
      vertex 13.2376 16.5074 8
      vertex 13.2376 16.5074 0
    endloop
  endfacet
  facet normal 0.986851 -0.161631 0
    outer loop
      vertex 13.2775 16.7509 0
      vertex 13.2775 16.7509 8
      vertex 13.2376 16.5074 8
    endloop
  endfacet
  facet normal 0.535095 0.844792 0
    outer loop
      vertex 12.3826 17.3177 0
      vertex 13.2775 16.7509 8
      vertex 13.2775 16.7509 0
    endloop
  endfacet
  facet normal 0.535095 0.844792 -0
    outer loop
      vertex 12.3826 17.3177 0
      vertex 12.3826 17.3177 8
      vertex 13.2775 16.7509 8
    endloop
  endfacet
  facet normal -0.561314 0.827603 0
    outer loop
      vertex 12.205 17.1973 0
      vertex 12.3826 17.3177 8
      vertex 12.3826 17.3177 0
    endloop
  endfacet
  facet normal -0.561314 0.827603 0
    outer loop
      vertex 12.205 17.1973 0
      vertex 12.205 17.1973 8
      vertex 12.3826 17.3177 8
    endloop
  endfacet
  facet normal -0.571018 0.820938 0
    outer loop
      vertex 12.0312 17.0764 0
      vertex 12.205 17.1973 8
      vertex 12.205 17.1973 0
    endloop
  endfacet
  facet normal -0.571018 0.820938 0
    outer loop
      vertex 12.0312 17.0764 0
      vertex 12.0312 17.0764 8
      vertex 12.205 17.1973 8
    endloop
  endfacet
  facet normal -0.580446 0.814298 0
    outer loop
      vertex 11.8649 16.9578 0
      vertex 12.0312 17.0764 8
      vertex 12.0312 17.0764 0
    endloop
  endfacet
  facet normal -0.580446 0.814298 0
    outer loop
      vertex 11.8649 16.9578 0
      vertex 11.8649 16.9578 8
      vertex 12.0312 17.0764 8
    endloop
  endfacet
  facet normal -0.592599 0.805497 0
    outer loop
      vertex 11.5516 16.7273 0
      vertex 11.8649 16.9578 8
      vertex 11.8649 16.9578 0
    endloop
  endfacet
  facet normal -0.592599 0.805497 0
    outer loop
      vertex 11.5516 16.7273 0
      vertex 11.5516 16.7273 8
      vertex 11.8649 16.9578 8
    endloop
  endfacet
  facet normal -0.607529 0.794298 0
    outer loop
      vertex 11.2597 16.5041 0
      vertex 11.5516 16.7273 8
      vertex 11.5516 16.7273 0
    endloop
  endfacet
  facet normal -0.607529 0.794298 0
    outer loop
      vertex 11.2597 16.5041 0
      vertex 11.2597 16.5041 8
      vertex 11.5516 16.7273 8
    endloop
  endfacet
  facet normal -0.62077 0.783993 0
    outer loop
      vertex 10.9853 16.2868 0
      vertex 11.2597 16.5041 8
      vertex 11.2597 16.5041 0
    endloop
  endfacet
  facet normal -0.62077 0.783993 0
    outer loop
      vertex 10.9853 16.2868 0
      vertex 10.9853 16.2868 8
      vertex 11.2597 16.5041 8
    endloop
  endfacet
  facet normal -0.632827 0.774294 0
    outer loop
      vertex 10.7255 16.0745 0
      vertex 10.9853 16.2868 8
      vertex 10.9853 16.2868 0
    endloop
  endfacet
  facet normal -0.632827 0.774294 0
    outer loop
      vertex 10.7255 16.0745 0
      vertex 10.7255 16.0745 8
      vertex 10.9853 16.2868 8
    endloop
  endfacet
  facet normal -0.644273 0.764796 0
    outer loop
      vertex 10.4796 15.8673 0
      vertex 10.7255 16.0745 8
      vertex 10.7255 16.0745 0
    endloop
  endfacet
  facet normal -0.644273 0.764796 0
    outer loop
      vertex 10.4796 15.8673 0
      vertex 10.4796 15.8673 8
      vertex 10.7255 16.0745 8
    endloop
  endfacet
  facet normal -0.655578 0.755127 0
    outer loop
      vertex 10.2481 15.6664 0
      vertex 10.4796 15.8673 8
      vertex 10.4796 15.8673 0
    endloop
  endfacet
  facet normal -0.655578 0.755127 0
    outer loop
      vertex 10.2481 15.6664 0
      vertex 10.2481 15.6664 8
      vertex 10.4796 15.8673 8
    endloop
  endfacet
  facet normal -0.667447 0.744657 0
    outer loop
      vertex 10.0332 15.4738 0
      vertex 10.2481 15.6664 8
      vertex 10.2481 15.6664 0
    endloop
  endfacet
  facet normal -0.667447 0.744657 0
    outer loop
      vertex 10.0332 15.4738 0
      vertex 10.0332 15.4738 8
      vertex 10.2481 15.6664 8
    endloop
  endfacet
  facet normal -0.678629 0.734482 0
    outer loop
      vertex 9.8075 15.2652 0
      vertex 10.0332 15.4738 8
      vertex 10.0332 15.4738 0
    endloop
  endfacet
  facet normal -0.678629 0.734482 0
    outer loop
      vertex 9.8075 15.2652 0
      vertex 9.8075 15.2652 8
      vertex 10.0332 15.4738 8
    endloop
  endfacet
  facet normal -0.859459 0.511204 0
    outer loop
      vertex 9.61908 14.9484 0
      vertex 9.8075 15.2652 8
      vertex 9.8075 15.2652 0
    endloop
  endfacet
  facet normal -0.859459 0.511204 0
    outer loop
      vertex 9.61908 14.9484 0
      vertex 9.61908 14.9484 8
      vertex 9.8075 15.2652 8
    endloop
  endfacet
  facet normal -0.249322 0.968421 0
    outer loop
      vertex 9.39795 14.8915 0
      vertex 9.61908 14.9484 8
      vertex 9.61908 14.9484 0
    endloop
  endfacet
  facet normal -0.249322 0.968421 0
    outer loop
      vertex 9.39795 14.8915 0
      vertex 9.39795 14.8915 8
      vertex 9.61908 14.9484 8
    endloop
  endfacet
  facet normal 0.502632 0.8645 0
    outer loop
      vertex 8.45418 15.4402 0
      vertex 9.39795 14.8915 8
      vertex 9.39795 14.8915 0
    endloop
  endfacet
  facet normal 0.502632 0.8645 -0
    outer loop
      vertex 8.45418 15.4402 0
      vertex 8.45418 15.4402 8
      vertex 9.39795 14.8915 8
    endloop
  endfacet
  facet normal 0.486681 0.87358 0
    outer loop
      vertex 8.19688 15.5836 0
      vertex 8.45418 15.4402 8
      vertex 8.45418 15.4402 0
    endloop
  endfacet
  facet normal 0.486681 0.87358 -0
    outer loop
      vertex 8.19688 15.5836 0
      vertex 8.19688 15.5836 8
      vertex 8.45418 15.4402 8
    endloop
  endfacet
  facet normal 0.884772 -0.466025 0
    outer loop
      vertex 8.19794 15.5856 0
      vertex 8.19688 15.5836 8
      vertex 8.19688 15.5836 0
    endloop
  endfacet
  facet normal 0.884772 -0.466025 0
    outer loop
      vertex 8.19794 15.5856 0
      vertex 8.19794 15.5856 8
      vertex 8.19688 15.5836 8
    endloop
  endfacet
  facet normal 0.96246 0.271425 0
    outer loop
      vertex 8.13617 15.8046 0
      vertex 8.19794 15.5856 8
      vertex 8.19794 15.5856 0
    endloop
  endfacet
  facet normal 0.96246 0.271425 -0
    outer loop
      vertex 8.13617 15.8046 0
      vertex 8.13617 15.8046 8
      vertex 8.19794 15.5856 8
    endloop
  endfacet
  facet normal 0.872443 -0.488716 0
    outer loop
      vertex 8.3163 16.1261 0
      vertex 8.13617 15.8046 8
      vertex 8.13617 15.8046 0
    endloop
  endfacet
  facet normal 0.872443 -0.488716 0
    outer loop
      vertex 8.3163 16.1261 0
      vertex 8.3163 16.1261 8
      vertex 8.13617 15.8046 8
    endloop
  endfacet
  facet normal 0.97539 -0.220488 0
    outer loop
      vertex 8.38406 16.4259 0
      vertex 8.3163 16.1261 8
      vertex 8.3163 16.1261 0
    endloop
  endfacet
  facet normal 0.97539 -0.220488 0
    outer loop
      vertex 8.38406 16.4259 0
      vertex 8.38406 16.4259 8
      vertex 8.3163 16.1261 8
    endloop
  endfacet
  facet normal 0.978622 -0.205667 0
    outer loop
      vertex 8.44341 16.7083 0
      vertex 8.38406 16.4259 8
      vertex 8.38406 16.4259 0
    endloop
  endfacet
  facet normal 0.978622 -0.205667 0
    outer loop
      vertex 8.44341 16.7083 0
      vertex 8.44341 16.7083 8
      vertex 8.38406 16.4259 8
    endloop
  endfacet
  facet normal 0.981748 -0.190188 0
    outer loop
      vertex 8.50171 17.0092 0
      vertex 8.44341 16.7083 8
      vertex 8.44341 16.7083 0
    endloop
  endfacet
  facet normal 0.981748 -0.190188 0
    outer loop
      vertex 8.50171 17.0092 0
      vertex 8.50171 17.0092 8
      vertex 8.44341 16.7083 8
    endloop
  endfacet
  facet normal 0.984469 -0.175561 0
    outer loop
      vertex 8.55817 17.3258 0
      vertex 8.50171 17.0092 8
      vertex 8.50171 17.0092 0
    endloop
  endfacet
  facet normal 0.984469 -0.175561 0
    outer loop
      vertex 8.55817 17.3258 0
      vertex 8.55817 17.3258 8
      vertex 8.50171 17.0092 8
    endloop
  endfacet
  facet normal 0.986972 -0.160894 0
    outer loop
      vertex 8.61214 17.6569 0
      vertex 8.55817 17.3258 8
      vertex 8.55817 17.3258 0
    endloop
  endfacet
  facet normal 0.986972 -0.160894 0
    outer loop
      vertex 8.61214 17.6569 0
      vertex 8.61214 17.6569 8
      vertex 8.55817 17.3258 8
    endloop
  endfacet
  facet normal 0.989341 -0.145618 0
    outer loop
      vertex 8.66312 18.0033 0
      vertex 8.61214 17.6569 8
      vertex 8.61214 17.6569 0
    endloop
  endfacet
  facet normal 0.989341 -0.145618 0
    outer loop
      vertex 8.66312 18.0033 0
      vertex 8.66312 18.0033 8
      vertex 8.61214 17.6569 8
    endloop
  endfacet
  facet normal 0.991646 -0.128991 0
    outer loop
      vertex 8.71051 18.3676 0
      vertex 8.66312 18.0033 8
      vertex 8.66312 18.0033 0
    endloop
  endfacet
  facet normal 0.991646 -0.128991 0
    outer loop
      vertex 8.71051 18.3676 0
      vertex 8.71051 18.3676 8
      vertex 8.66312 18.0033 8
    endloop
  endfacet
  facet normal 0.993884 -0.110432 0
    outer loop
      vertex 8.75346 18.7542 0
      vertex 8.71051 18.3676 8
      vertex 8.71051 18.3676 0
    endloop
  endfacet
  facet normal 0.993884 -0.110432 0
    outer loop
      vertex 8.75346 18.7542 0
      vertex 8.75346 18.7542 8
      vertex 8.71051 18.3676 8
    endloop
  endfacet
  facet normal 0.995431 -0.095486 0
    outer loop
      vertex 8.77296 18.9575 0
      vertex 8.75346 18.7542 8
      vertex 8.75346 18.7542 0
    endloop
  endfacet
  facet normal 0.995431 -0.095486 0
    outer loop
      vertex 8.77296 18.9575 0
      vertex 8.77296 18.9575 8
      vertex 8.75346 18.7542 8
    endloop
  endfacet
  facet normal 0.996453 -0.0841485 0
    outer loop
      vertex 8.79079 19.1685 0
      vertex 8.77296 18.9575 8
      vertex 8.77296 18.9575 0
    endloop
  endfacet
  facet normal 0.996453 -0.0841485 0
    outer loop
      vertex 8.79079 19.1685 0
      vertex 8.79079 19.1685 8
      vertex 8.77296 18.9575 8
    endloop
  endfacet
  facet normal 0.997386 -0.0722597 0
    outer loop
      vertex 8.80611 19.38 0
      vertex 8.79079 19.1685 8
      vertex 8.79079 19.1685 0
    endloop
  endfacet
  facet normal 0.997386 -0.0722597 0
    outer loop
      vertex 8.80611 19.38 0
      vertex 8.80611 19.38 8
      vertex 8.79079 19.1685 8
    endloop
  endfacet
  facet normal 0.469523 0.88292 0
    outer loop
      vertex 8.01471 19.8008 0
      vertex 8.80611 19.38 8
      vertex 8.80611 19.38 0
    endloop
  endfacet
  facet normal 0.469523 0.88292 -0
    outer loop
      vertex 8.01471 19.8008 0
      vertex 8.01471 19.8008 8
      vertex 8.80611 19.38 8
    endloop
  endfacet
  facet normal 0.449933 0.893062 0
    outer loop
      vertex 7.86852 19.8745 0
      vertex 8.01471 19.8008 8
      vertex 8.01471 19.8008 0
    endloop
  endfacet
  facet normal 0.449933 0.893062 -0
    outer loop
      vertex 7.86852 19.8745 0
      vertex 7.86852 19.8745 8
      vertex 8.01471 19.8008 8
    endloop
  endfacet
  facet normal -0.633372 0.773847 0
    outer loop
      vertex 7.67703 19.7178 0
      vertex 7.86852 19.8745 8
      vertex 7.86852 19.8745 0
    endloop
  endfacet
  facet normal -0.633372 0.773847 0
    outer loop
      vertex 7.67703 19.7178 0
      vertex 7.67703 19.7178 8
      vertex 7.86852 19.8745 8
    endloop
  endfacet
  facet normal -0.644826 0.764329 0
    outer loop
      vertex 7.37801 19.4655 0
      vertex 7.67703 19.7178 8
      vertex 7.67703 19.7178 0
    endloop
  endfacet
  facet normal -0.644826 0.764329 0
    outer loop
      vertex 7.37801 19.4655 0
      vertex 7.37801 19.4655 8
      vertex 7.67703 19.7178 8
    endloop
  endfacet
  facet normal -0.656192 0.754594 0
    outer loop
      vertex 7.0925 19.2172 0
      vertex 7.37801 19.4655 8
      vertex 7.37801 19.4655 0
    endloop
  endfacet
  facet normal -0.656192 0.754594 0
    outer loop
      vertex 7.0925 19.2172 0
      vertex 7.0925 19.2172 8
      vertex 7.37801 19.4655 8
    endloop
  endfacet
  facet normal -0.667968 0.74419 0
    outer loop
      vertex 6.82047 18.9731 0
      vertex 7.0925 19.2172 8
      vertex 7.0925 19.2172 0
    endloop
  endfacet
  facet normal -0.667968 0.74419 0
    outer loop
      vertex 6.82047 18.9731 0
      vertex 6.82047 18.9731 8
      vertex 7.0925 19.2172 8
    endloop
  endfacet
  facet normal -0.680801 0.732468 0
    outer loop
      vertex 6.56348 18.7342 0
      vertex 6.82047 18.9731 8
      vertex 6.82047 18.9731 0
    endloop
  endfacet
  facet normal -0.680801 0.732468 0
    outer loop
      vertex 6.56348 18.7342 0
      vertex 6.56348 18.7342 8
      vertex 6.82047 18.9731 8
    endloop
  endfacet
  facet normal -0.69473 0.719271 0
    outer loop
      vertex 6.32422 18.5031 0
      vertex 6.56348 18.7342 8
      vertex 6.56348 18.7342 0
    endloop
  endfacet
  facet normal -0.69473 0.719271 0
    outer loop
      vertex 6.32422 18.5031 0
      vertex 6.32422 18.5031 8
      vertex 6.56348 18.7342 8
    endloop
  endfacet
  facet normal -0.710107 0.704094 0
    outer loop
      vertex 6.10625 18.2833 0
      vertex 6.32422 18.5031 8
      vertex 6.32422 18.5031 0
    endloop
  endfacet
  facet normal -0.710107 0.704094 0
    outer loop
      vertex 6.10625 18.2833 0
      vertex 6.10625 18.2833 8
      vertex 6.32422 18.5031 8
    endloop
  endfacet
  facet normal -0.727155 0.686473 0
    outer loop
      vertex 5.91365 18.0793 0
      vertex 6.10625 18.2833 8
      vertex 6.10625 18.2833 0
    endloop
  endfacet
  facet normal -0.727155 0.686473 0
    outer loop
      vertex 5.91365 18.0793 0
      vertex 5.91365 18.0793 8
      vertex 6.10625 18.2833 8
    endloop
  endfacet
  facet normal -0.746126 0.665805 0
    outer loop
      vertex 5.75061 17.8965 0
      vertex 5.91365 18.0793 8
      vertex 5.91365 18.0793 0
    endloop
  endfacet
  facet normal -0.746126 0.665805 0
    outer loop
      vertex 5.75061 17.8965 0
      vertex 5.75061 17.8965 8
      vertex 5.91365 18.0793 8
    endloop
  endfacet
  facet normal -0.76448 0.644648 0
    outer loop
      vertex 5.57133 17.6839 0
      vertex 5.75061 17.8965 8
      vertex 5.75061 17.8965 0
    endloop
  endfacet
  facet normal -0.76448 0.644648 0
    outer loop
      vertex 5.57133 17.6839 0
      vertex 5.57133 17.6839 8
      vertex 5.75061 17.8965 8
    endloop
  endfacet
  facet normal -0.898034 0.439927 0
    outer loop
      vertex 5.36493 17.2626 0
      vertex 5.57133 17.6839 8
      vertex 5.57133 17.6839 0
    endloop
  endfacet
  facet normal -0.898034 0.439927 0
    outer loop
      vertex 5.36493 17.2626 0
      vertex 5.36493 17.2626 8
      vertex 5.57133 17.6839 8
    endloop
  endfacet
  facet normal -0.324242 0.945974 0
    outer loop
      vertex 5.14964 17.1888 0
      vertex 5.36493 17.2626 8
      vertex 5.36493 17.2626 0
    endloop
  endfacet
  facet normal -0.324242 0.945974 0
    outer loop
      vertex 5.14964 17.1888 0
      vertex 5.14964 17.1888 8
      vertex 5.36493 17.2626 8
    endloop
  endfacet
  facet normal -0.958478 0.285167 0
    outer loop
      vertex 5.14909 17.187 0
      vertex 5.14964 17.1888 8
      vertex 5.14964 17.1888 0
    endloop
  endfacet
  facet normal -0.958478 0.285167 0
    outer loop
      vertex 5.14909 17.187 0
      vertex 5.14909 17.187 8
      vertex 5.14964 17.1888 8
    endloop
  endfacet
  facet normal 0.426862 0.904317 0
    outer loop
      vertex 4.16939 17.6494 0
      vertex 5.14909 17.187 8
      vertex 5.14909 17.187 0
    endloop
  endfacet
  facet normal 0.426862 0.904317 -0
    outer loop
      vertex 4.16939 17.6494 0
      vertex 4.16939 17.6494 8
      vertex 5.14909 17.187 8
    endloop
  endfacet
  facet normal 0.398996 0.916953 0
    outer loop
      vertex 3.84113 17.7923 0
      vertex 4.16939 17.6494 8
      vertex 4.16939 17.6494 0
    endloop
  endfacet
  facet normal 0.398996 0.916953 -0
    outer loop
      vertex 3.84113 17.7923 0
      vertex 3.84113 17.7923 8
      vertex 4.16939 17.6494 8
    endloop
  endfacet
  facet normal 0.977414 -0.211333 0
    outer loop
      vertex 3.8421 17.7968 0
      vertex 3.84113 17.7923 8
      vertex 3.84113 17.7923 0
    endloop
  endfacet
  facet normal 0.977414 -0.211333 0
    outer loop
      vertex 3.8421 17.7968 0
      vertex 3.8421 17.7968 8
      vertex 3.84113 17.7923 8
    endloop
  endfacet
  facet normal 0.931524 0.363679 0
    outer loop
      vertex 3.75934 18.0088 0
      vertex 3.8421 17.7968 8
      vertex 3.8421 17.7968 0
    endloop
  endfacet
  facet normal 0.931524 0.363679 -0
    outer loop
      vertex 3.75934 18.0088 0
      vertex 3.75934 18.0088 8
      vertex 3.8421 17.7968 8
    endloop
  endfacet
  facet normal 0.915446 -0.402441 0
    outer loop
      vertex 3.91541 18.3638 0
      vertex 3.75934 18.0088 8
      vertex 3.75934 18.0088 0
    endloop
  endfacet
  facet normal 0.915446 -0.402441 0
    outer loop
      vertex 3.91541 18.3638 0
      vertex 3.91541 18.3638 8
      vertex 3.75934 18.0088 8
    endloop
  endfacet
  facet normal 0.989707 -0.143111 0
    outer loop
      vertex 3.95973 18.6703 0
      vertex 3.91541 18.3638 8
      vertex 3.91541 18.3638 0
    endloop
  endfacet
  facet normal 0.989707 -0.143111 0
    outer loop
      vertex 3.95973 18.6703 0
      vertex 3.95973 18.6703 8
      vertex 3.91541 18.3638 8
    endloop
  endfacet
  facet normal 0.991743 -0.128239 0
    outer loop
      vertex 3.99622 18.9525 0
      vertex 3.95973 18.6703 8
      vertex 3.95973 18.6703 0
    endloop
  endfacet
  facet normal 0.991743 -0.128239 0
    outer loop
      vertex 3.99622 18.9525 0
      vertex 3.99622 18.9525 8
      vertex 3.95973 18.6703 8
    endloop
  endfacet
  facet normal 0.993975 -0.109611 0
    outer loop
      vertex 4.02867 19.2468 0
      vertex 3.99622 18.9525 8
      vertex 3.99622 18.9525 0
    endloop
  endfacet
  facet normal 0.993975 -0.109611 0
    outer loop
      vertex 4.02867 19.2468 0
      vertex 4.02867 19.2468 8
      vertex 3.99622 18.9525 8
    endloop
  endfacet
  facet normal 0.996082 -0.0884349 0
    outer loop
      vertex 4.05618 19.5567 0
      vertex 4.02867 19.2468 8
      vertex 4.02867 19.2468 0
    endloop
  endfacet
  facet normal 0.996082 -0.0884349 0
    outer loop
      vertex 4.05618 19.5567 0
      vertex 4.05618 19.5567 8
      vertex 4.02867 19.2468 8
    endloop
  endfacet
  facet normal 0.997432 -0.0716139 0
    outer loop
      vertex 4.06783 19.7188 0
      vertex 4.05618 19.5567 8
      vertex 4.05618 19.5567 0
    endloop
  endfacet
  facet normal 0.997432 -0.0716139 0
    outer loop
      vertex 4.06783 19.7188 0
      vertex 4.06783 19.7188 8
      vertex 4.05618 19.5567 8
    endloop
  endfacet
  facet normal 0.998287 -0.0585146 0
    outer loop
      vertex 4.07767 19.8867 0
      vertex 4.06783 19.7188 8
      vertex 4.06783 19.7188 0
    endloop
  endfacet
  facet normal 0.998287 -0.0585146 0
    outer loop
      vertex 4.07767 19.8867 0
      vertex 4.07767 19.8867 8
      vertex 4.06783 19.7188 8
    endloop
  endfacet
  facet normal 0.999002 -0.0446662 0
    outer loop
      vertex 4.08546 20.0611 0
      vertex 4.07767 19.8867 8
      vertex 4.07767 19.8867 0
    endloop
  endfacet
  facet normal 0.999002 -0.0446662 0
    outer loop
      vertex 4.08546 20.0611 0
      vertex 4.08546 20.0611 8
      vertex 4.07767 19.8867 8
    endloop
  endfacet
  facet normal 0.999517 -0.03108 0
    outer loop
      vertex 4.09111 20.2427 0
      vertex 4.08546 20.0611 8
      vertex 4.08546 20.0611 0
    endloop
  endfacet
  facet normal 0.999517 -0.03108 0
    outer loop
      vertex 4.09111 20.2427 0
      vertex 4.09111 20.2427 8
      vertex 4.08546 20.0611 8
    endloop
  endfacet
  facet normal 0.999878 -0.0156093 0
    outer loop
      vertex 4.09407 20.4323 0
      vertex 4.09111 20.2427 8
      vertex 4.09111 20.2427 0
    endloop
  endfacet
  facet normal 0.999878 -0.0156093 0
    outer loop
      vertex 4.09407 20.4323 0
      vertex 4.09407 20.4323 8
      vertex 4.09111 20.2427 8
    endloop
  endfacet
  facet normal 1 0.000691882 0
    outer loop
      vertex 4.09393 20.6308 0
      vertex 4.09407 20.4323 8
      vertex 4.09407 20.4323 0
    endloop
  endfacet
  facet normal 1 0.000691882 -0
    outer loop
      vertex 4.09393 20.6308 0
      vertex 4.09393 20.6308 8
      vertex 4.09407 20.4323 8
    endloop
  endfacet
  facet normal 0.999844 0.0176633 0
    outer loop
      vertex 4.09026 20.8389 0
      vertex 4.09393 20.6308 8
      vertex 4.09393 20.6308 0
    endloop
  endfacet
  facet normal 0.999844 0.0176633 -0
    outer loop
      vertex 4.09026 20.8389 0
      vertex 4.09026 20.8389 8
      vertex 4.09393 20.6308 8
    endloop
  endfacet
  facet normal 0.99938 0.0352213 0
    outer loop
      vertex 4.08255 21.0576 0
      vertex 4.09026 20.8389 8
      vertex 4.09026 20.8389 0
    endloop
  endfacet
  facet normal 0.99938 0.0352213 -0
    outer loop
      vertex 4.08255 21.0576 0
      vertex 4.08255 21.0576 8
      vertex 4.09026 20.8389 8
    endloop
  endfacet
  facet normal 0.998534 0.0541306 0
    outer loop
      vertex 4.07008 21.2876 0
      vertex 4.08255 21.0576 8
      vertex 4.08255 21.0576 0
    endloop
  endfacet
  facet normal 0.998534 0.0541306 -0
    outer loop
      vertex 4.07008 21.2876 0
      vertex 4.07008 21.2876 8
      vertex 4.08255 21.0576 8
    endloop
  endfacet
  facet normal 0.997261 0.0739666 0
    outer loop
      vertex 4.05212 21.5297 0
      vertex 4.07008 21.2876 8
      vertex 4.07008 21.2876 0
    endloop
  endfacet
  facet normal 0.997261 0.0739666 -0
    outer loop
      vertex 4.05212 21.5297 0
      vertex 4.05212 21.5297 8
      vertex 4.07008 21.2876 8
    endloop
  endfacet
  facet normal 0.995495 0.0948091 0
    outer loop
      vertex 4.04199 21.6361 0
      vertex 4.05212 21.5297 8
      vertex 4.05212 21.5297 0
    endloop
  endfacet
  facet normal 0.995495 0.0948091 -0
    outer loop
      vertex 4.04199 21.6361 0
      vertex 4.04199 21.6361 8
      vertex 4.05212 21.5297 8
    endloop
  endfacet
  facet normal 0.365202 0.930928 0
    outer loop
      vertex 3.14412 21.9883 0
      vertex 4.04199 21.6361 8
      vertex 4.04199 21.6361 0
    endloop
  endfacet
  facet normal 0.365202 0.930928 -0
    outer loop
      vertex 3.14412 21.9883 0
      vertex 3.14412 21.9883 8
      vertex 4.04199 21.6361 8
    endloop
  endfacet
  facet normal 0.324613 0.945847 0
    outer loop
      vertex 3.10699 22.0011 0
      vertex 3.14412 21.9883 8
      vertex 3.14412 21.9883 0
    endloop
  endfacet
  facet normal 0.324613 0.945847 -0
    outer loop
      vertex 3.10699 22.0011 0
      vertex 3.10699 22.0011 8
      vertex 3.14412 21.9883 8
    endloop
  endfacet
  facet normal -0.69908 0.715043 0
    outer loop
      vertex 2.97371 21.8707 0
      vertex 3.10699 22.0011 8
      vertex 3.10699 22.0011 0
    endloop
  endfacet
  facet normal -0.69908 0.715043 0
    outer loop
      vertex 2.97371 21.8707 0
      vertex 2.97371 21.8707 8
      vertex 3.10699 22.0011 8
    endloop
  endfacet
  facet normal -0.706926 0.707288 0
    outer loop
      vertex 2.82445 21.7216 0
      vertex 2.97371 21.8707 8
      vertex 2.97371 21.8707 0
    endloop
  endfacet
  facet normal -0.706926 0.707288 0
    outer loop
      vertex 2.82445 21.7216 0
      vertex 2.82445 21.7216 8
      vertex 2.97371 21.8707 8
    endloop
  endfacet
  facet normal -0.715206 0.698914 0
    outer loop
      vertex 2.67912 21.5728 0
      vertex 2.82445 21.7216 8
      vertex 2.82445 21.7216 0
    endloop
  endfacet
  facet normal -0.715206 0.698914 0
    outer loop
      vertex 2.67912 21.5728 0
      vertex 2.67912 21.5728 8
      vertex 2.82445 21.7216 8
    endloop
  endfacet
  facet normal -0.723639 0.690179 0
    outer loop
      vertex 2.53812 21.425 0
      vertex 2.67912 21.5728 8
      vertex 2.67912 21.5728 0
    endloop
  endfacet
  facet normal -0.723639 0.690179 0
    outer loop
      vertex 2.53812 21.425 0
      vertex 2.53812 21.425 8
      vertex 2.67912 21.5728 8
    endloop
  endfacet
  facet normal -0.73272 0.68053 0
    outer loop
      vertex 2.40202 21.2785 0
      vertex 2.53812 21.425 8
      vertex 2.53812 21.425 0
    endloop
  endfacet
  facet normal -0.73272 0.68053 0
    outer loop
      vertex 2.40202 21.2785 0
      vertex 2.40202 21.2785 8
      vertex 2.53812 21.425 8
    endloop
  endfacet
  facet normal -0.742344 0.670019 0
    outer loop
      vertex 2.27141 21.1338 0
      vertex 2.40202 21.2785 8
      vertex 2.40202 21.2785 0
    endloop
  endfacet
  facet normal -0.742344 0.670019 0
    outer loop
      vertex 2.27141 21.1338 0
      vertex 2.27141 21.1338 8
      vertex 2.40202 21.2785 8
    endloop
  endfacet
  facet normal -0.751997 0.659167 0
    outer loop
      vertex 2.1467 20.9915 0
      vertex 2.27141 21.1338 8
      vertex 2.27141 21.1338 0
    endloop
  endfacet
  facet normal -0.751997 0.659167 0
    outer loop
      vertex 2.1467 20.9915 0
      vertex 2.1467 20.9915 8
      vertex 2.27141 21.1338 8
    endloop
  endfacet
  facet normal -0.762168 0.647379 0
    outer loop
      vertex 2.02846 20.8523 0
      vertex 2.1467 20.9915 8
      vertex 2.1467 20.9915 0
    endloop
  endfacet
  facet normal -0.762168 0.647379 0
    outer loop
      vertex 2.02846 20.8523 0
      vertex 2.02846 20.8523 8
      vertex 2.1467 20.9915 8
    endloop
  endfacet
  facet normal -0.773103 0.634281 0
    outer loop
      vertex 1.91733 20.7168 0
      vertex 2.02846 20.8523 8
      vertex 2.02846 20.8523 0
    endloop
  endfacet
  facet normal -0.773103 0.634281 0
    outer loop
      vertex 1.91733 20.7168 0
      vertex 1.91733 20.7168 8
      vertex 2.02846 20.8523 8
    endloop
  endfacet
  facet normal -0.784077 0.620663 0
    outer loop
      vertex 1.81371 20.5859 0
      vertex 1.91733 20.7168 8
      vertex 1.91733 20.7168 0
    endloop
  endfacet
  facet normal -0.784077 0.620663 0
    outer loop
      vertex 1.81371 20.5859 0
      vertex 1.81371 20.5859 8
      vertex 1.91733 20.7168 8
    endloop
  endfacet
  facet normal -0.795301 0.606215 0
    outer loop
      vertex 1.71802 20.4604 0
      vertex 1.81371 20.5859 8
      vertex 1.81371 20.5859 0
    endloop
  endfacet
  facet normal -0.795301 0.606215 0
    outer loop
      vertex 1.71802 20.4604 0
      vertex 1.71802 20.4604 8
      vertex 1.81371 20.5859 8
    endloop
  endfacet
  facet normal -0.806812 0.590808 0
    outer loop
      vertex 1.63071 20.3412 0
      vertex 1.71802 20.4604 8
      vertex 1.71802 20.4604 0
    endloop
  endfacet
  facet normal -0.806812 0.590808 0
    outer loop
      vertex 1.63071 20.3412 0
      vertex 1.63071 20.3412 8
      vertex 1.71802 20.4604 8
    endloop
  endfacet
  facet normal -0.818571 0.574405 0
    outer loop
      vertex 1.55209 20.2291 0
      vertex 1.63071 20.3412 8
      vertex 1.63071 20.3412 0
    endloop
  endfacet
  facet normal -0.818571 0.574405 0
    outer loop
      vertex 1.55209 20.2291 0
      vertex 1.55209 20.2291 8
      vertex 1.63071 20.3412 8
    endloop
  endfacet
  facet normal -0.830996 0.556278 0
    outer loop
      vertex 1.4826 20.1253 0
      vertex 1.55209 20.2291 8
      vertex 1.55209 20.2291 0
    endloop
  endfacet
  facet normal -0.830996 0.556278 0
    outer loop
      vertex 1.4826 20.1253 0
      vertex 1.4826 20.1253 8
      vertex 1.55209 20.2291 8
    endloop
  endfacet
  facet normal -0.843185 0.537624 0
    outer loop
      vertex 1.42233 20.0308 0
      vertex 1.4826 20.1253 8
      vertex 1.4826 20.1253 0
    endloop
  endfacet
  facet normal -0.843185 0.537624 0
    outer loop
      vertex 1.42233 20.0308 0
      vertex 1.42233 20.0308 8
      vertex 1.4826 20.1253 8
    endloop
  endfacet
  facet normal -0.855267 0.518188 0
    outer loop
      vertex 1.37138 19.9467 0
      vertex 1.42233 20.0308 8
      vertex 1.42233 20.0308 0
    endloop
  endfacet
  facet normal -0.855267 0.518188 0
    outer loop
      vertex 1.37138 19.9467 0
      vertex 1.37138 19.9467 8
      vertex 1.42233 20.0308 8
    endloop
  endfacet
  facet normal -0.873105 0.487532 0
    outer loop
      vertex 1.29755 19.8145 0
      vertex 1.37138 19.9467 8
      vertex 1.37138 19.9467 0
    endloop
  endfacet
  facet normal -0.873105 0.487532 0
    outer loop
      vertex 1.29755 19.8145 0
      vertex 1.29755 19.8145 8
      vertex 1.37138 19.9467 8
    endloop
  endfacet
  facet normal -0.886264 0.463181 0
    outer loop
      vertex 1.21823 19.6627 0
      vertex 1.29755 19.8145 8
      vertex 1.29755 19.8145 0
    endloop
  endfacet
  facet normal -0.886264 0.463181 0
    outer loop
      vertex 1.21823 19.6627 0
      vertex 1.21823 19.6627 8
      vertex 1.29755 19.8145 8
    endloop
  endfacet
  facet normal -0.949707 0.313139 0
    outer loop
      vertex 1.02133 19.0655 0
      vertex 1.21823 19.6627 8
      vertex 1.21823 19.6627 0
    endloop
  endfacet
  facet normal -0.949707 0.313139 0
    outer loop
      vertex 1.02133 19.0655 0
      vertex 1.02133 19.0655 8
      vertex 1.21823 19.6627 8
    endloop
  endfacet
  facet normal -0.450991 0.892528 0
    outer loop
      vertex 0.818222 18.9629 0
      vertex 1.02133 19.0655 8
      vertex 1.02133 19.0655 0
    endloop
  endfacet
  facet normal -0.450991 0.892528 0
    outer loop
      vertex 0.818222 18.9629 0
      vertex 0.818222 18.9629 8
      vertex 1.02133 19.0655 8
    endloop
  endfacet
  facet normal -0.999038 0.0438602 0
    outer loop
      vertex 0.818085 18.9598 0
      vertex 0.818222 18.9629 8
      vertex 0.818222 18.9629 0
    endloop
  endfacet
  facet normal -0.999038 0.0438602 0
    outer loop
      vertex 0.818085 18.9598 0
      vertex 0.818085 18.9598 8
      vertex 0.818222 18.9629 8
    endloop
  endfacet
  facet normal 0.324615 0.945846 0
    outer loop
      vertex 0.708801 18.9973 0
      vertex 0.818085 18.9598 8
      vertex 0.818085 18.9598 0
    endloop
  endfacet
  facet normal 0.324615 0.945846 -0
    outer loop
      vertex 0.708801 18.9973 0
      vertex 0.708801 18.9973 8
      vertex 0.818085 18.9598 8
    endloop
  endfacet
  facet normal 0.27621 0.961097 0
    outer loop
      vertex -0.501114 19.345 0
      vertex 0.708801 18.9973 8
      vertex 0.708801 18.9973 0
    endloop
  endfacet
  facet normal 0.27621 0.961097 -0
    outer loop
      vertex -0.501114 19.345 0
      vertex -0.501114 19.345 8
      vertex 0.708801 18.9973 8
    endloop
  endfacet
  facet normal 0.219037 0.975717 0
    outer loop
      vertex -0.669479 19.3828 0
      vertex -0.501114 19.345 8
      vertex -0.501114 19.345 0
    endloop
  endfacet
  facet normal 0.219037 0.975717 -0
    outer loop
      vertex -0.669479 19.3828 0
      vertex -0.669479 19.3828 8
      vertex -0.501114 19.345 8
    endloop
  endfacet
  facet normal 0.999439 0.0335007 0
    outer loop
      vertex -0.669662 19.3883 0
      vertex -0.669479 19.3828 8
      vertex -0.669479 19.3828 0
    endloop
  endfacet
  facet normal 0.999439 0.0335007 -0
    outer loop
      vertex -0.669662 19.3883 0
      vertex -0.669662 19.3883 8
      vertex -0.669479 19.3828 8
    endloop
  endfacet
  facet normal 0.852766 0.522293 0
    outer loop
      vertex -0.788528 19.5823 0
      vertex -0.669662 19.3883 8
      vertex -0.669662 19.3883 0
    endloop
  endfacet
  facet normal 0.852766 0.522293 -0
    outer loop
      vertex -0.788528 19.5823 0
      vertex -0.788528 19.5823 8
      vertex -0.669662 19.3883 8
    endloop
  endfacet
  facet normal 0.971763 -0.23596 0
    outer loop
      vertex -0.667313 20.0815 0
      vertex -0.788528 19.5823 8
      vertex -0.788528 19.5823 0
    endloop
  endfacet
  facet normal 0.971763 -0.23596 0
    outer loop
      vertex -0.667313 20.0815 0
      vertex -0.667313 20.0815 8
      vertex -0.788528 19.5823 8
    endloop
  endfacet
  facet normal 0.999427 -0.0338369 0
    outer loop
      vertex -0.65773 20.3646 0
      vertex -0.667313 20.0815 8
      vertex -0.667313 20.0815 0
    endloop
  endfacet
  facet normal 0.999427 -0.0338369 0
    outer loop
      vertex -0.65773 20.3646 0
      vertex -0.65773 20.3646 8
      vertex -0.667313 20.0815 8
    endloop
  endfacet
  facet normal 0.999985 -0.00548733 0
    outer loop
      vertex -0.656433 20.6009 0
      vertex -0.65773 20.3646 8
      vertex -0.65773 20.3646 0
    endloop
  endfacet
  facet normal 0.999985 -0.00548733 0
    outer loop
      vertex -0.656433 20.6009 0
      vertex -0.656433 20.6009 8
      vertex -0.65773 20.3646 8
    endloop
  endfacet
  facet normal 0.999824 0.0187823 0
    outer loop
      vertex -0.658798 20.7268 0
      vertex -0.656433 20.6009 8
      vertex -0.656433 20.6009 0
    endloop
  endfacet
  facet normal 0.999824 0.0187823 -0
    outer loop
      vertex -0.658798 20.7268 0
      vertex -0.658798 20.7268 8
      vertex -0.656433 20.6009 8
    endloop
  endfacet
  facet normal 0.999313 0.0370501 0
    outer loop
      vertex -0.663696 20.8589 0
      vertex -0.658798 20.7268 8
      vertex -0.658798 20.7268 0
    endloop
  endfacet
  facet normal 0.999313 0.0370501 -0
    outer loop
      vertex -0.663696 20.8589 0
      vertex -0.663696 20.8589 8
      vertex -0.658798 20.7268 8
    endloop
  endfacet
  facet normal 0.998421 0.0561796 0
    outer loop
      vertex -0.671524 20.9981 0
      vertex -0.663696 20.8589 8
      vertex -0.663696 20.8589 0
    endloop
  endfacet
  facet normal 0.998421 0.0561796 -0
    outer loop
      vertex -0.671524 20.9981 0
      vertex -0.671524 20.9981 8
      vertex -0.663696 20.8589 8
    endloop
  endfacet
  facet normal 0.997099 0.0761184 0
    outer loop
      vertex -0.682739 21.145 0
      vertex -0.671524 20.9981 8
      vertex -0.671524 20.9981 0
    endloop
  endfacet
  facet normal 0.997099 0.0761184 -0
    outer loop
      vertex -0.682739 21.145 0
      vertex -0.682739 21.145 8
      vertex -0.671524 20.9981 8
    endloop
  endfacet
  facet normal 0.995296 0.0968829 0
    outer loop
      vertex -0.697876 21.3005 0
      vertex -0.682739 21.145 8
      vertex -0.682739 21.145 0
    endloop
  endfacet
  facet normal 0.995296 0.0968829 -0
    outer loop
      vertex -0.697876 21.3005 0
      vertex -0.697876 21.3005 8
      vertex -0.682739 21.145 8
    endloop
  endfacet
  facet normal 0.992978 0.118297 0
    outer loop
      vertex -0.717514 21.4653 0
      vertex -0.697876 21.3005 8
      vertex -0.697876 21.3005 0
    endloop
  endfacet
  facet normal 0.992978 0.118297 -0
    outer loop
      vertex -0.717514 21.4653 0
      vertex -0.717514 21.4653 8
      vertex -0.697876 21.3005 8
    endloop
  endfacet
  facet normal 0.990025 0.14089 0
    outer loop
      vertex -0.742416 21.6403 0
      vertex -0.717514 21.4653 8
      vertex -0.717514 21.4653 0
    endloop
  endfacet
  facet normal 0.990025 0.14089 -0
    outer loop
      vertex -0.742416 21.6403 0
      vertex -0.742416 21.6403 8
      vertex -0.717514 21.4653 8
    endloop
  endfacet
  facet normal 0.986357 0.164622 0
    outer loop
      vertex -0.773438 21.8262 0
      vertex -0.742416 21.6403 8
      vertex -0.742416 21.6403 0
    endloop
  endfacet
  facet normal 0.986357 0.164622 -0
    outer loop
      vertex -0.773438 21.8262 0
      vertex -0.773438 21.8262 8
      vertex -0.742416 21.6403 8
    endloop
  endfacet
  facet normal 0.981965 0.189061 0
    outer loop
      vertex -0.811447 22.0236 0
      vertex -0.773438 21.8262 8
      vertex -0.773438 21.8262 0
    endloop
  endfacet
  facet normal 0.981965 0.189061 -0
    outer loop
      vertex -0.811447 22.0236 0
      vertex -0.811447 22.0236 8
      vertex -0.773438 21.8262 8
    endloop
  endfacet
  facet normal 0.976769 0.214295 0
    outer loop
      vertex -0.857437 22.2332 0
      vertex -0.811447 22.0236 8
      vertex -0.811447 22.0236 0
    endloop
  endfacet
  facet normal 0.976769 0.214295 -0
    outer loop
      vertex -0.857437 22.2332 0
      vertex -0.857437 22.2332 8
      vertex -0.811447 22.0236 8
    endloop
  endfacet
  facet normal 0.970654 0.240482 0
    outer loop
      vertex -0.912537 22.4556 0
      vertex -0.857437 22.2332 8
      vertex -0.857437 22.2332 0
    endloop
  endfacet
  facet normal 0.970654 0.240482 -0
    outer loop
      vertex -0.912537 22.4556 0
      vertex -0.912537 22.4556 8
      vertex -0.857437 22.2332 8
    endloop
  endfacet
  facet normal 0.963571 0.267454 0
    outer loop
      vertex -0.977951 22.6913 0
      vertex -0.912537 22.4556 8
      vertex -0.912537 22.4556 0
    endloop
  endfacet
  facet normal 0.963571 0.267454 -0
    outer loop
      vertex -0.977951 22.6913 0
      vertex -0.977951 22.6913 8
      vertex -0.912537 22.4556 8
    endloop
  endfacet
  facet normal 0.955494 0.29501 0
    outer loop
      vertex -1.05493 22.9406 0
      vertex -0.977951 22.6913 8
      vertex -0.977951 22.6913 0
    endloop
  endfacet
  facet normal 0.955494 0.29501 -0
    outer loop
      vertex -1.05493 22.9406 0
      vertex -1.05493 22.9406 8
      vertex -0.977951 22.6913 8
    endloop
  endfacet
  facet normal 0.946297 0.323297 0
    outer loop
      vertex -1.14066 23.1915 0
      vertex -1.05493 22.9406 8
      vertex -1.05493 22.9406 0
    endloop
  endfacet
  facet normal 0.946297 0.323297 -0
    outer loop
      vertex -1.14066 23.1915 0
      vertex -1.14066 23.1915 8
      vertex -1.05493 22.9406 8
    endloop
  endfacet
  facet normal 0.152527 0.988299 0
    outer loop
      vertex -2.06419 23.3341 0
      vertex -1.14066 23.1915 8
      vertex -1.14066 23.1915 0
    endloop
  endfacet
  facet normal 0.152527 0.988299 -0
    outer loop
      vertex -2.06419 23.3341 0
      vertex -2.06419 23.3341 8
      vertex -1.14066 23.1915 8
    endloop
  endfacet
  facet normal -0.805667 0.592368 0
    outer loop
      vertex -2.24429 23.0891 0
      vertex -2.06419 23.3341 8
      vertex -2.06419 23.3341 0
    endloop
  endfacet
  facet normal -0.805667 0.592368 0
    outer loop
      vertex -2.24429 23.0891 0
      vertex -2.24429 23.0891 8
      vertex -2.06419 23.3341 8
    endloop
  endfacet
  facet normal -0.82009 0.572234 0
    outer loop
      vertex -2.37894 22.8961 0
      vertex -2.24429 23.0891 8
      vertex -2.24429 23.0891 0
    endloop
  endfacet
  facet normal -0.82009 0.572234 0
    outer loop
      vertex -2.37894 22.8961 0
      vertex -2.37894 22.8961 8
      vertex -2.24429 23.0891 8
    endloop
  endfacet
  facet normal -0.832112 0.554608 0
    outer loop
      vertex -2.50537 22.7065 0
      vertex -2.37894 22.8961 8
      vertex -2.37894 22.8961 0
    endloop
  endfacet
  facet normal -0.832112 0.554608 0
    outer loop
      vertex -2.50537 22.7065 0
      vertex -2.50537 22.7065 8
      vertex -2.37894 22.8961 8
    endloop
  endfacet
  facet normal -0.844327 0.535828 0
    outer loop
      vertex -2.62312 22.5209 0
      vertex -2.50537 22.7065 8
      vertex -2.50537 22.7065 0
    endloop
  endfacet
  facet normal -0.844327 0.535828 0
    outer loop
      vertex -2.62312 22.5209 0
      vertex -2.62312 22.5209 8
      vertex -2.50537 22.7065 8
    endloop
  endfacet
  facet normal -0.856571 0.516029 0
    outer loop
      vertex -2.7318 22.3405 0
      vertex -2.62312 22.5209 8
      vertex -2.62312 22.5209 0
    endloop
  endfacet
  facet normal -0.856571 0.516029 0
    outer loop
      vertex -2.7318 22.3405 0
      vertex -2.7318 22.3405 8
      vertex -2.62312 22.5209 8
    endloop
  endfacet
  facet normal -0.868903 0.494983 0
    outer loop
      vertex -2.83105 22.1663 0
      vertex -2.7318 22.3405 8
      vertex -2.7318 22.3405 0
    endloop
  endfacet
  facet normal -0.868903 0.494983 0
    outer loop
      vertex -2.83105 22.1663 0
      vertex -2.83105 22.1663 8
      vertex -2.7318 22.3405 8
    endloop
  endfacet
  facet normal -0.881191 0.47276 0
    outer loop
      vertex -2.92065 21.9993 0
      vertex -2.83105 22.1663 8
      vertex -2.83105 22.1663 0
    endloop
  endfacet
  facet normal -0.881191 0.47276 0
    outer loop
      vertex -2.92065 21.9993 0
      vertex -2.92065 21.9993 8
      vertex -2.83105 22.1663 8
    endloop
  endfacet
  facet normal -0.893393 0.449275 0
    outer loop
      vertex -3.00041 21.8407 0
      vertex -2.92065 21.9993 8
      vertex -2.92065 21.9993 0
    endloop
  endfacet
  facet normal -0.893393 0.449275 0
    outer loop
      vertex -3.00041 21.8407 0
      vertex -3.00041 21.8407 8
      vertex -2.92065 21.9993 8
    endloop
  endfacet
  facet normal -0.905431 0.424493 0
    outer loop
      vertex -3.0703 21.6916 0
      vertex -3.00041 21.8407 8
      vertex -3.00041 21.8407 0
    endloop
  endfacet
  facet normal -0.905431 0.424493 0
    outer loop
      vertex -3.0703 21.6916 0
      vertex -3.0703 21.6916 8
      vertex -3.00041 21.8407 8
    endloop
  endfacet
  facet normal -0.917128 0.398593 0
    outer loop
      vertex -3.13039 21.5533 0
      vertex -3.0703 21.6916 8
      vertex -3.0703 21.6916 0
    endloop
  endfacet
  facet normal -0.917128 0.398593 0
    outer loop
      vertex -3.13039 21.5533 0
      vertex -3.13039 21.5533 8
      vertex -3.0703 21.6916 8
    endloop
  endfacet
  facet normal -0.928423 0.371526 0
    outer loop
      vertex -3.18091 21.4271 0
      vertex -3.13039 21.5533 8
      vertex -3.13039 21.5533 0
    endloop
  endfacet
  facet normal -0.928423 0.371526 0
    outer loop
      vertex -3.18091 21.4271 0
      vertex -3.18091 21.4271 8
      vertex -3.13039 21.5533 8
    endloop
  endfacet
  facet normal -0.939237 0.34327 0
    outer loop
      vertex -3.2222 21.3141 0
      vertex -3.18091 21.4271 8
      vertex -3.18091 21.4271 0
    endloop
  endfacet
  facet normal -0.939237 0.34327 0
    outer loop
      vertex -3.2222 21.3141 0
      vertex -3.2222 21.3141 8
      vertex -3.18091 21.4271 8
    endloop
  endfacet
  facet normal -0.949563 0.313578 0
    outer loop
      vertex -3.25471 21.2157 0
      vertex -3.2222 21.3141 8
      vertex -3.2222 21.3141 0
    endloop
  endfacet
  facet normal -0.949563 0.313578 0
    outer loop
      vertex -3.25471 21.2157 0
      vertex -3.25471 21.2157 8
      vertex -3.2222 21.3141 8
    endloop
  endfacet
  facet normal -0.959112 0.283028 0
    outer loop
      vertex -3.27913 21.1329 0
      vertex -3.25471 21.2157 8
      vertex -3.25471 21.2157 0
    endloop
  endfacet
  facet normal -0.959112 0.283028 0
    outer loop
      vertex -3.27913 21.1329 0
      vertex -3.27913 21.1329 8
      vertex -3.25471 21.2157 8
    endloop
  endfacet
  facet normal -0.971432 0.237319 0
    outer loop
      vertex -3.30692 21.0192 0
      vertex -3.27913 21.1329 8
      vertex -3.27913 21.1329 0
    endloop
  endfacet
  facet normal -0.971432 0.237319 0
    outer loop
      vertex -3.30692 21.0192 0
      vertex -3.30692 21.0192 8
      vertex -3.27913 21.1329 8
    endloop
  endfacet
  facet normal -0.985771 0.168096 0
    outer loop
      vertex -3.34065 20.8213 0
      vertex -3.30692 21.0192 8
      vertex -3.30692 21.0192 0
    endloop
  endfacet
  facet normal -0.985771 0.168096 0
    outer loop
      vertex -3.34065 20.8213 0
      vertex -3.34065 20.8213 8
      vertex -3.30692 21.0192 8
    endloop
  endfacet
  facet normal -0.995918 0.0902583 0
    outer loop
      vertex -3.41315 20.0214 0
      vertex -3.34065 20.8213 8
      vertex -3.34065 20.8213 0
    endloop
  endfacet
  facet normal -0.995918 0.0902583 0
    outer loop
      vertex -3.41315 20.0214 0
      vertex -3.41315 20.0214 8
      vertex -3.34065 20.8213 8
    endloop
  endfacet
  facet normal -0.641186 0.767385 0
    outer loop
      vertex -3.58777 19.8755 0
      vertex -3.41315 20.0214 8
      vertex -3.41315 20.0214 0
    endloop
  endfacet
  facet normal -0.641186 0.767385 0
    outer loop
      vertex -3.58777 19.8755 0
      vertex -3.58777 19.8755 8
      vertex -3.41315 20.0214 8
    endloop
  endfacet
  facet normal -0.984112 -0.177551 0
    outer loop
      vertex -3.58527 19.8616 0
      vertex -3.58777 19.8755 8
      vertex -3.58777 19.8755 0
    endloop
  endfacet
  facet normal -0.984112 -0.177551 0
    outer loop
      vertex -3.58527 19.8616 0
      vertex -3.58527 19.8616 8
      vertex -3.58777 19.8755 8
    endloop
  endfacet
  facet normal 0.0766077 0.997061 0
    outer loop
      vertex -4.25314 19.913 0
      vertex -3.58527 19.8616 8
      vertex -3.58527 19.8616 0
    endloop
  endfacet
  facet normal 0.0766077 0.997061 -0
    outer loop
      vertex -4.25314 19.913 0
      vertex -4.25314 19.913 8
      vertex -3.58527 19.8616 8
    endloop
  endfacet
  facet normal -0.00889596 0.99996 0
    outer loop
      vertex -5.21193 19.9044 0
      vertex -4.25314 19.913 8
      vertex -4.25314 19.913 0
    endloop
  endfacet
  facet normal -0.00889596 0.99996 0
    outer loop
      vertex -5.21193 19.9044 0
      vertex -5.21193 19.9044 8
      vertex -4.25314 19.913 8
    endloop
  endfacet
  facet normal 0.967243 0.253852 0
    outer loop
      vertex -5.2149 19.9158 0
      vertex -5.21193 19.9044 8
      vertex -5.21193 19.9044 0
    endloop
  endfacet
  facet normal 0.967243 0.253852 -0
    outer loop
      vertex -5.2149 19.9158 0
      vertex -5.2149 19.9158 8
      vertex -5.21193 19.9044 8
    endloop
  endfacet
  facet normal 0.675135 0.737694 0
    outer loop
      vertex -5.38278 20.0694 0
      vertex -5.2149 19.9158 8
      vertex -5.2149 19.9158 0
    endloop
  endfacet
  facet normal 0.675135 0.737694 -0
    outer loop
      vertex -5.38278 20.0694 0
      vertex -5.38278 20.0694 8
      vertex -5.2149 19.9158 8
    endloop
  endfacet
  facet normal 0.999103 0.0423381 0
    outer loop
      vertex -5.41176 20.7532 0
      vertex -5.38278 20.0694 8
      vertex -5.38278 20.0694 0
    endloop
  endfacet
  facet normal 0.999103 0.0423381 -0
    outer loop
      vertex -5.41176 20.7532 0
      vertex -5.41176 20.7532 8
      vertex -5.38278 20.0694 8
    endloop
  endfacet
  facet normal 0.987353 0.158537 0
    outer loop
      vertex -5.45059 20.9951 0
      vertex -5.41176 20.7532 8
      vertex -5.41176 20.7532 0
    endloop
  endfacet
  facet normal 0.987353 0.158537 -0
    outer loop
      vertex -5.45059 20.9951 0
      vertex -5.45059 20.9951 8
      vertex -5.41176 20.7532 8
    endloop
  endfacet
  facet normal 0.981441 0.191765 0
    outer loop
      vertex -5.46625 21.0752 0
      vertex -5.45059 20.9951 8
      vertex -5.45059 20.9951 0
    endloop
  endfacet
  facet normal 0.981441 0.191765 -0
    outer loop
      vertex -5.46625 21.0752 0
      vertex -5.46625 21.0752 8
      vertex -5.45059 20.9951 8
    endloop
  endfacet
  facet normal 0.976139 0.217145 0
    outer loop
      vertex -5.4859 21.1635 0
      vertex -5.46625 21.0752 8
      vertex -5.46625 21.0752 0
    endloop
  endfacet
  facet normal 0.976139 0.217145 -0
    outer loop
      vertex -5.4859 21.1635 0
      vertex -5.4859 21.1635 8
      vertex -5.46625 21.0752 8
    endloop
  endfacet
  facet normal 0.96999 0.243144 0
    outer loop
      vertex -5.5103 21.2609 0
      vertex -5.4859 21.1635 8
      vertex -5.4859 21.1635 0
    endloop
  endfacet
  facet normal 0.96999 0.243144 -0
    outer loop
      vertex -5.5103 21.2609 0
      vertex -5.5103 21.2609 8
      vertex -5.4859 21.1635 8
    endloop
  endfacet
  facet normal 0.96285 0.270037 0
    outer loop
      vertex -5.5403 21.3678 0
      vertex -5.5103 21.2609 8
      vertex -5.5103 21.2609 0
    endloop
  endfacet
  facet normal 0.96285 0.270037 -0
    outer loop
      vertex -5.5403 21.3678 0
      vertex -5.5403 21.3678 8
      vertex -5.5103 21.2609 8
    endloop
  endfacet
  facet normal 0.954641 0.297759 0
    outer loop
      vertex -5.57687 21.4851 0
      vertex -5.5403 21.3678 8
      vertex -5.5403 21.3678 0
    endloop
  endfacet
  facet normal 0.954641 0.297759 -0
    outer loop
      vertex -5.57687 21.4851 0
      vertex -5.57687 21.4851 8
      vertex -5.5403 21.3678 8
    endloop
  endfacet
  facet normal 0.945298 0.326209 0
    outer loop
      vertex -5.62108 21.6132 0
      vertex -5.57687 21.4851 8
      vertex -5.57687 21.4851 0
    endloop
  endfacet
  facet normal 0.945298 0.326209 -0
    outer loop
      vertex -5.62108 21.6132 0
      vertex -5.62108 21.6132 8
      vertex -5.57687 21.4851 8
    endloop
  endfacet
  facet normal 0.934773 0.355246 0
    outer loop
      vertex -5.67406 21.7526 0
      vertex -5.62108 21.6132 8
      vertex -5.62108 21.6132 0
    endloop
  endfacet
  facet normal 0.934773 0.355246 -0
    outer loop
      vertex -5.67406 21.7526 0
      vertex -5.67406 21.7526 8
      vertex -5.62108 21.6132 8
    endloop
  endfacet
  facet normal 0.922978 0.384854 0
    outer loop
      vertex -5.73705 21.9037 0
      vertex -5.67406 21.7526 8
      vertex -5.67406 21.7526 0
    endloop
  endfacet
  facet normal 0.922978 0.384854 -0
    outer loop
      vertex -5.73705 21.9037 0
      vertex -5.73705 21.9037 8
      vertex -5.67406 21.7526 8
    endloop
  endfacet
  facet normal 0.909823 0.414997 0
    outer loop
      vertex -5.81137 22.0666 0
      vertex -5.73705 21.9037 8
      vertex -5.73705 21.9037 0
    endloop
  endfacet
  facet normal 0.909823 0.414997 -0
    outer loop
      vertex -5.81137 22.0666 0
      vertex -5.81137 22.0666 8
      vertex -5.73705 21.9037 8
    endloop
  endfacet
  facet normal 0.895331 0.445401 0
    outer loop
      vertex -5.89839 22.2415 0
      vertex -5.81137 22.0666 8
      vertex -5.81137 22.0666 0
    endloop
  endfacet
  facet normal 0.895331 0.445401 -0
    outer loop
      vertex -5.89839 22.2415 0
      vertex -5.89839 22.2415 8
      vertex -5.81137 22.0666 8
    endloop
  endfacet
  facet normal 0.879417 0.476052 0
    outer loop
      vertex -5.99953 22.4284 0
      vertex -5.89839 22.2415 8
      vertex -5.89839 22.2415 0
    endloop
  endfacet
  facet normal 0.879417 0.476052 -0
    outer loop
      vertex -5.99953 22.4284 0
      vertex -5.99953 22.4284 8
      vertex -5.89839 22.2415 8
    endloop
  endfacet
  facet normal 0.861997 0.506913 0
    outer loop
      vertex -6.11624 22.6268 0
      vertex -5.99953 22.4284 8
      vertex -5.99953 22.4284 0
    endloop
  endfacet
  facet normal 0.861997 0.506913 -0
    outer loop
      vertex -6.11624 22.6268 0
      vertex -6.11624 22.6268 8
      vertex -5.99953 22.4284 8
    endloop
  endfacet
  facet normal 0.843095 0.537765 0
    outer loop
      vertex -6.24997 22.8365 0
      vertex -6.11624 22.6268 8
      vertex -6.11624 22.6268 0
    endloop
  endfacet
  facet normal 0.843095 0.537765 -0
    outer loop
      vertex -6.24997 22.8365 0
      vertex -6.24997 22.8365 8
      vertex -6.11624 22.6268 8
    endloop
  endfacet
  facet normal 0.822664 0.568528 0
    outer loop
      vertex -6.40215 23.0567 0
      vertex -6.24997 22.8365 8
      vertex -6.24997 22.8365 0
    endloop
  endfacet
  facet normal 0.822664 0.568528 -0
    outer loop
      vertex -6.40215 23.0567 0
      vertex -6.40215 23.0567 8
      vertex -6.24997 22.8365 8
    endloop
  endfacet
  facet normal 0.800765 0.598979 0
    outer loop
      vertex -6.57408 23.2865 0
      vertex -6.40215 23.0567 8
      vertex -6.40215 23.0567 0
    endloop
  endfacet
  facet normal 0.800765 0.598979 -0
    outer loop
      vertex -6.57408 23.2865 0
      vertex -6.57408 23.2865 8
      vertex -6.40215 23.0567 8
    endloop
  endfacet
  facet normal 0.777328 0.629096 0
    outer loop
      vertex -6.67944 23.4167 0
      vertex -6.57408 23.2865 8
      vertex -6.57408 23.2865 0
    endloop
  endfacet
  facet normal 0.777328 0.629096 -0
    outer loop
      vertex -6.67944 23.4167 0
      vertex -6.67944 23.4167 8
      vertex -6.57408 23.2865 8
    endloop
  endfacet
  facet normal -0.103135 0.994667 0
    outer loop
      vertex -7.31577 23.3508 0
      vertex -6.67944 23.4167 8
      vertex -6.67944 23.4167 0
    endloop
  endfacet
  facet normal -0.103135 0.994667 0
    outer loop
      vertex -7.31577 23.3508 0
      vertex -7.31577 23.3508 8
      vertex -6.67944 23.4167 8
    endloop
  endfacet
  facet normal -0.204047 0.978961 0
    outer loop
      vertex -7.54666 23.3026 0
      vertex -7.31577 23.3508 8
      vertex -7.31577 23.3508 0
    endloop
  endfacet
  facet normal -0.204047 0.978961 0
    outer loop
      vertex -7.54666 23.3026 0
      vertex -7.54666 23.3026 8
      vertex -7.31577 23.3508 8
    endloop
  endfacet
  facet normal -0.929547 0.368704 0
    outer loop
      vertex -7.62721 23.0995 0
      vertex -7.54666 23.3026 8
      vertex -7.54666 23.3026 0
    endloop
  endfacet
  facet normal -0.929547 0.368704 0
    outer loop
      vertex -7.62721 23.0995 0
      vertex -7.62721 23.0995 8
      vertex -7.54666 23.3026 8
    endloop
  endfacet
  facet normal -0.940366 0.340163 0
    outer loop
      vertex -7.71771 22.8494 0
      vertex -7.62721 23.0995 8
      vertex -7.62721 23.0995 0
    endloop
  endfacet
  facet normal -0.940366 0.340163 0
    outer loop
      vertex -7.71771 22.8494 0
      vertex -7.71771 22.8494 8
      vertex -7.62721 23.0995 8
    endloop
  endfacet
  facet normal -0.950606 0.3104 0
    outer loop
      vertex -7.79654 22.608 0
      vertex -7.71771 22.8494 8
      vertex -7.71771 22.8494 0
    endloop
  endfacet
  facet normal -0.950606 0.3104 0
    outer loop
      vertex -7.79654 22.608 0
      vertex -7.79654 22.608 8
      vertex -7.71771 22.8494 8
    endloop
  endfacet
  facet normal -0.960155 0.27947 0
    outer loop
      vertex -7.86386 22.3767 0
      vertex -7.79654 22.608 8
      vertex -7.79654 22.608 0
    endloop
  endfacet
  facet normal -0.960155 0.27947 0
    outer loop
      vertex -7.86386 22.3767 0
      vertex -7.86386 22.3767 8
      vertex -7.79654 22.608 8
    endloop
  endfacet
  facet normal -0.96896 0.247217 0
    outer loop
      vertex -7.91995 22.1568 0
      vertex -7.86386 22.3767 8
      vertex -7.86386 22.3767 0
    endloop
  endfacet
  facet normal -0.96896 0.247217 0
    outer loop
      vertex -7.91995 22.1568 0
      vertex -7.91995 22.1568 8
      vertex -7.86386 22.3767 8
    endloop
  endfacet
  facet normal -0.976841 0.213965 0
    outer loop
      vertex -7.96532 21.9497 0
      vertex -7.91995 22.1568 8
      vertex -7.91995 22.1568 0
    endloop
  endfacet
  facet normal -0.976841 0.213965 0
    outer loop
      vertex -7.96532 21.9497 0
      vertex -7.96532 21.9497 8
      vertex -7.91995 22.1568 8
    endloop
  endfacet
  facet normal -0.983743 0.179583 0
    outer loop
      vertex -8.00056 21.7566 0
      vertex -7.96532 21.9497 8
      vertex -7.96532 21.9497 0
    endloop
  endfacet
  facet normal -0.983743 0.179583 0
    outer loop
      vertex -8.00056 21.7566 0
      vertex -8.00056 21.7566 8
      vertex -7.96532 21.9497 8
    endloop
  endfacet
  facet normal -0.989555 0.144154 0
    outer loop
      vertex -8.02647 21.5788 0
      vertex -8.00056 21.7566 8
      vertex -8.00056 21.7566 0
    endloop
  endfacet
  facet normal -0.989555 0.144154 0
    outer loop
      vertex -8.02647 21.5788 0
      vertex -8.02647 21.5788 8
      vertex -8.00056 21.7566 8
    endloop
  endfacet
  facet normal -0.994173 0.107793 0
    outer loop
      vertex -8.04399 21.4172 0
      vertex -8.02647 21.5788 8
      vertex -8.02647 21.5788 0
    endloop
  endfacet
  facet normal -0.994173 0.107793 0
    outer loop
      vertex -8.04399 21.4172 0
      vertex -8.04399 21.4172 8
      vertex -8.02647 21.5788 8
    endloop
  endfacet
  facet normal -0.997491 0.0707897 0
    outer loop
      vertex -8.05423 21.2729 0
      vertex -8.04399 21.4172 8
      vertex -8.04399 21.4172 0
    endloop
  endfacet
  facet normal -0.997491 0.0707897 0
    outer loop
      vertex -8.05423 21.2729 0
      vertex -8.05423 21.2729 8
      vertex -8.04399 21.4172 8
    endloop
  endfacet
  facet normal -0.99946 0.0328642 0
    outer loop
      vertex -8.05838 21.1467 0
      vertex -8.05423 21.2729 8
      vertex -8.05423 21.2729 0
    endloop
  endfacet
  facet normal -0.99946 0.0328642 0
    outer loop
      vertex -8.05838 21.1467 0
      vertex -8.05838 21.1467 8
      vertex -8.05423 21.2729 8
    endloop
  endfacet
  facet normal -0.999985 -0.00539382 0
    outer loop
      vertex -8.0578 21.0392 0
      vertex -8.05838 21.1467 8
      vertex -8.05838 21.1467 0
    endloop
  endfacet
  facet normal -0.999985 -0.00539382 0
    outer loop
      vertex -8.0578 21.0392 0
      vertex -8.0578 21.0392 8
      vertex -8.05838 21.1467 8
    endloop
  endfacet
  facet normal -0.999025 -0.0441406 0
    outer loop
      vertex -8.05389 20.9508 0
      vertex -8.0578 21.0392 8
      vertex -8.0578 21.0392 0
    endloop
  endfacet
  facet normal -0.999025 -0.0441406 0
    outer loop
      vertex -8.05389 20.9508 0
      vertex -8.05389 20.9508 8
      vertex -8.0578 21.0392 8
    endloop
  endfacet
  facet normal -0.996556 -0.0829181 0
    outer loop
      vertex -8.04814 20.8817 0
      vertex -8.05389 20.9508 8
      vertex -8.05389 20.9508 0
    endloop
  endfacet
  facet normal -0.996556 -0.0829181 0
    outer loop
      vertex -8.04814 20.8817 0
      vertex -8.04814 20.8817 8
      vertex -8.05389 20.9508 8
    endloop
  endfacet
  facet normal -0.990366 -0.138477 0
    outer loop
      vertex -8.03578 20.7933 0
      vertex -8.04814 20.8817 8
      vertex -8.04814 20.8817 0
    endloop
  endfacet
  facet normal -0.990366 -0.138477 0
    outer loop
      vertex -8.03578 20.7933 0
      vertex -8.03578 20.7933 8
      vertex -8.04814 20.8817 8
    endloop
  endfacet
  facet normal -0.975095 -0.221789 0
    outer loop
      vertex -7.99664 20.6212 0
      vertex -8.03578 20.7933 8
      vertex -8.03578 20.7933 0
    endloop
  endfacet
  facet normal -0.975095 -0.221789 0
    outer loop
      vertex -7.99664 20.6212 0
      vertex -7.99664 20.6212 8
      vertex -8.03578 20.7933 8
    endloop
  endfacet
  facet normal -0.990342 -0.138648 0
    outer loop
      vertex -7.97464 20.464 0
      vertex -7.99664 20.6212 8
      vertex -7.99664 20.6212 0
    endloop
  endfacet
  facet normal -0.990342 -0.138648 0
    outer loop
      vertex -7.97464 20.464 0
      vertex -7.97464 20.464 8
      vertex -7.99664 20.6212 8
    endloop
  endfacet
  facet normal -0.971926 -0.235286 0
    outer loop
      vertex -7.79736 19.7317 0
      vertex -7.97464 20.464 8
      vertex -7.97464 20.464 0
    endloop
  endfacet
  facet normal -0.971926 -0.235286 0
    outer loop
      vertex -7.79736 19.7317 0
      vertex -7.79736 19.7317 8
      vertex -7.97464 20.464 8
    endloop
  endfacet
  facet normal -0.854222 0.519909 0
    outer loop
      vertex -7.91568 19.5373 0
      vertex -7.79736 19.7317 8
      vertex -7.79736 19.7317 0
    endloop
  endfacet
  facet normal -0.854222 0.519909 0
    outer loop
      vertex -7.91568 19.5373 0
      vertex -7.91568 19.5373 8
      vertex -7.79736 19.7317 8
    endloop
  endfacet
  facet normal -0.927134 -0.37473 0
    outer loop
      vertex -7.91391 19.533 0
      vertex -7.91568 19.5373 8
      vertex -7.91568 19.5373 0
    endloop
  endfacet
  facet normal -0.927134 -0.37473 0
    outer loop
      vertex -7.91391 19.533 0
      vertex -7.91391 19.533 8
      vertex -7.91568 19.5373 8
    endloop
  endfacet
  facet normal -0.203799 0.979013 0
    outer loop
      vertex -7.98303 19.5186 0
      vertex -7.91391 19.533 8
      vertex -7.91391 19.533 0
    endloop
  endfacet
  facet normal -0.203799 0.979013 0
    outer loop
      vertex -7.98303 19.5186 0
      vertex -7.98303 19.5186 8
      vertex -7.91391 19.533 8
    endloop
  endfacet
  facet normal -0.308899 0.951095 0
    outer loop
      vertex -9.15964 19.1364 0
      vertex -7.98303 19.5186 8
      vertex -7.98303 19.5186 0
    endloop
  endfacet
  facet normal -0.308899 0.951095 0
    outer loop
      vertex -9.15964 19.1364 0
      vertex -9.15964 19.1364 8
      vertex -7.98303 19.5186 8
    endloop
  endfacet
  facet normal -0.414465 0.910065 0
    outer loop
      vertex -9.46446 18.9976 0
      vertex -9.15964 19.1364 8
      vertex -9.15964 19.1364 0
    endloop
  endfacet
  facet normal -0.414465 0.910065 0
    outer loop
      vertex -9.46446 18.9976 0
      vertex -9.46446 18.9976 8
      vertex -9.15964 19.1364 8
    endloop
  endfacet
  facet normal 0.895229 0.445607 0
    outer loop
      vertex -9.47124 19.0112 0
      vertex -9.46446 18.9976 8
      vertex -9.46446 18.9976 0
    endloop
  endfacet
  facet normal 0.895229 0.445607 -0
    outer loop
      vertex -9.47124 19.0112 0
      vertex -9.47124 19.0112 8
      vertex -9.46446 18.9976 8
    endloop
  endfacet
  facet normal 0.360951 0.932585 0
    outer loop
      vertex -9.68346 19.0934 0
      vertex -9.47124 19.0112 8
      vertex -9.47124 19.0112 0
    endloop
  endfacet
  facet normal 0.360951 0.932585 -0
    outer loop
      vertex -9.68346 19.0934 0
      vertex -9.68346 19.0934 8
      vertex -9.47124 19.0112 8
    endloop
  endfacet
  facet normal 0.914791 0.403927 0
    outer loop
      vertex -10.0276 19.8728 0
      vertex -9.68346 19.0934 8
      vertex -9.68346 19.0934 0
    endloop
  endfacet
  facet normal 0.914791 0.403927 -0
    outer loop
      vertex -10.0276 19.8728 0
      vertex -10.0276 19.8728 8
      vertex -9.68346 19.0934 8
    endloop
  endfacet
  facet normal 0.900171 0.435538 0
    outer loop
      vertex -10.1171 20.0578 0
      vertex -10.0276 19.8728 8
      vertex -10.0276 19.8728 0
    endloop
  endfacet
  facet normal 0.900171 0.435538 -0
    outer loop
      vertex -10.1171 20.0578 0
      vertex -10.1171 20.0578 8
      vertex -10.0276 19.8728 8
    endloop
  endfacet
  facet normal 0.867665 0.497149 0
    outer loop
      vertex -10.1713 20.1523 0
      vertex -10.1171 20.0578 8
      vertex -10.1171 20.0578 0
    endloop
  endfacet
  facet normal 0.867665 0.497149 -0
    outer loop
      vertex -10.1713 20.1523 0
      vertex -10.1713 20.1523 8
      vertex -10.1171 20.0578 8
    endloop
  endfacet
  facet normal 0.840906 0.541181 0
    outer loop
      vertex -10.2127 20.2166 0
      vertex -10.1713 20.1523 8
      vertex -10.1713 20.1523 0
    endloop
  endfacet
  facet normal 0.840906 0.541181 -0
    outer loop
      vertex -10.2127 20.2166 0
      vertex -10.2127 20.2166 8
      vertex -10.1713 20.1523 8
    endloop
  endfacet
  facet normal 0.82045 0.571718 0
    outer loop
      vertex -10.2654 20.2923 0
      vertex -10.2127 20.2166 8
      vertex -10.2127 20.2166 0
    endloop
  endfacet
  facet normal 0.82045 0.571718 -0
    outer loop
      vertex -10.2654 20.2923 0
      vertex -10.2654 20.2923 8
      vertex -10.2127 20.2166 8
    endloop
  endfacet
  facet normal 0.798365 0.602174 0
    outer loop
      vertex -10.3309 20.3792 0
      vertex -10.2654 20.2923 8
      vertex -10.2654 20.2923 0
    endloop
  endfacet
  facet normal 0.798365 0.602174 -0
    outer loop
      vertex -10.3309 20.3792 0
      vertex -10.3309 20.3792 8
      vertex -10.2654 20.2923 8
    endloop
  endfacet
  facet normal 0.774809 0.632196 0
    outer loop
      vertex -10.4106 20.4769 0
      vertex -10.3309 20.3792 8
      vertex -10.3309 20.3792 0
    endloop
  endfacet
  facet normal 0.774809 0.632196 -0
    outer loop
      vertex -10.4106 20.4769 0
      vertex -10.4106 20.4769 8
      vertex -10.3309 20.3792 8
    endloop
  endfacet
  facet normal 0.749869 0.661587 0
    outer loop
      vertex -10.5058 20.5847 0
      vertex -10.4106 20.4769 8
      vertex -10.4106 20.4769 0
    endloop
  endfacet
  facet normal 0.749869 0.661587 -0
    outer loop
      vertex -10.5058 20.5847 0
      vertex -10.5058 20.5847 8
      vertex -10.4106 20.4769 8
    endloop
  endfacet
  facet normal 0.723396 0.690433 0
    outer loop
      vertex -10.6176 20.7019 0
      vertex -10.5058 20.5847 8
      vertex -10.5058 20.5847 0
    endloop
  endfacet
  facet normal 0.723396 0.690433 -0
    outer loop
      vertex -10.6176 20.7019 0
      vertex -10.6176 20.7019 8
      vertex -10.5058 20.5847 8
    endloop
  endfacet
  facet normal 0.695733 0.718301 0
    outer loop
      vertex -10.7473 20.8275 0
      vertex -10.6176 20.7019 8
      vertex -10.6176 20.7019 0
    endloop
  endfacet
  facet normal 0.695733 0.718301 -0
    outer loop
      vertex -10.7473 20.8275 0
      vertex -10.7473 20.8275 8
      vertex -10.6176 20.7019 8
    endloop
  endfacet
  facet normal 0.666837 0.745203 0
    outer loop
      vertex -10.8957 20.9603 0
      vertex -10.7473 20.8275 8
      vertex -10.7473 20.8275 0
    endloop
  endfacet
  facet normal 0.666837 0.745203 -0
    outer loop
      vertex -10.8957 20.9603 0
      vertex -10.8957 20.9603 8
      vertex -10.7473 20.8275 8
    endloop
  endfacet
  facet normal 0.636816 0.771016 0
    outer loop
      vertex -11.0637 21.099 0
      vertex -10.8957 20.9603 8
      vertex -10.8957 20.9603 0
    endloop
  endfacet
  facet normal 0.636816 0.771016 -0
    outer loop
      vertex -11.0637 21.099 0
      vertex -11.0637 21.099 8
      vertex -10.8957 20.9603 8
    endloop
  endfacet
  facet normal 0.605779 0.795633 0
    outer loop
      vertex -11.2518 21.2422 0
      vertex -11.0637 21.099 8
      vertex -11.0637 21.099 0
    endloop
  endfacet
  facet normal 0.605779 0.795633 -0
    outer loop
      vertex -11.2518 21.2422 0
      vertex -11.2518 21.2422 8
      vertex -11.0637 21.099 8
    endloop
  endfacet
  facet normal 0.573953 0.818888 0
    outer loop
      vertex -11.4603 21.3884 0
      vertex -11.2518 21.2422 8
      vertex -11.2518 21.2422 0
    endloop
  endfacet
  facet normal 0.573953 0.818888 -0
    outer loop
      vertex -11.4603 21.3884 0
      vertex -11.4603 21.3884 8
      vertex -11.2518 21.2422 8
    endloop
  endfacet
  facet normal 0.54138 0.840778 0
    outer loop
      vertex -11.6893 21.5358 0
      vertex -11.4603 21.3884 8
      vertex -11.4603 21.3884 0
    endloop
  endfacet
  facet normal 0.54138 0.840778 -0
    outer loop
      vertex -11.6893 21.5358 0
      vertex -11.6893 21.5358 8
      vertex -11.4603 21.3884 8
    endloop
  endfacet
  facet normal 0.508254 0.861207 0
    outer loop
      vertex -11.9388 21.6831 0
      vertex -11.6893 21.5358 8
      vertex -11.6893 21.5358 0
    endloop
  endfacet
  facet normal 0.508254 0.861207 -0
    outer loop
      vertex -11.9388 21.6831 0
      vertex -11.9388 21.6831 8
      vertex -11.6893 21.5358 8
    endloop
  endfacet
  facet normal 0.47477 0.88011 0
    outer loop
      vertex -12.0821 21.7604 0
      vertex -11.9388 21.6831 8
      vertex -11.9388 21.6831 0
    endloop
  endfacet
  facet normal 0.47477 0.88011 -0
    outer loop
      vertex -12.0821 21.7604 0
      vertex -12.0821 21.7604 8
      vertex -11.9388 21.6831 8
    endloop
  endfacet
  facet normal -0.516598 0.856228 0
    outer loop
      vertex -12.8046 21.3245 0
      vertex -12.0821 21.7604 8
      vertex -12.0821 21.7604 0
    endloop
  endfacet
  facet normal -0.516598 0.856228 0
    outer loop
      vertex -12.8046 21.3245 0
      vertex -12.8046 21.3245 8
      vertex -12.0821 21.7604 8
    endloop
  endfacet
  facet normal -0.999583 0.028875 0
    outer loop
      vertex -12.8087 21.1808 0
      vertex -12.8046 21.3245 8
      vertex -12.8046 21.3245 0
    endloop
  endfacet
  facet normal -0.999583 0.028875 0
    outer loop
      vertex -12.8087 21.1808 0
      vertex -12.8087 21.1808 8
      vertex -12.8046 21.3245 8
    endloop
  endfacet
  facet normal -0.999955 -0.00953492 0
    outer loop
      vertex -12.8059 20.8912 0
      vertex -12.8087 21.1808 8
      vertex -12.8087 21.1808 0
    endloop
  endfacet
  facet normal -0.999955 -0.00953492 0
    outer loop
      vertex -12.8059 20.8912 0
      vertex -12.8059 20.8912 8
      vertex -12.8087 21.1808 8
    endloop
  endfacet
  facet normal -0.998823 -0.0485072 0
    outer loop
      vertex -12.7927 20.6191 0
      vertex -12.8059 20.8912 8
      vertex -12.8059 20.8912 0
    endloop
  endfacet
  facet normal -0.998823 -0.0485072 0
    outer loop
      vertex -12.7927 20.6191 0
      vertex -12.7927 20.6191 8
      vertex -12.8059 20.8912 8
    endloop
  endfacet
  facet normal -0.996159 -0.087558 0
    outer loop
      vertex -12.7704 20.3654 0
      vertex -12.7927 20.6191 8
      vertex -12.7927 20.6191 0
    endloop
  endfacet
  facet normal -0.996159 -0.087558 0
    outer loop
      vertex -12.7704 20.3654 0
      vertex -12.7704 20.3654 8
      vertex -12.7927 20.6191 8
    endloop
  endfacet
  facet normal -0.991922 -0.126847 0
    outer loop
      vertex -12.7404 20.131 0
      vertex -12.7704 20.3654 8
      vertex -12.7704 20.3654 0
    endloop
  endfacet
  facet normal -0.991922 -0.126847 0
    outer loop
      vertex -12.7404 20.131 0
      vertex -12.7404 20.131 8
      vertex -12.7704 20.3654 8
    endloop
  endfacet
  facet normal -0.986137 -0.165932 0
    outer loop
      vertex -12.7043 19.9161 0
      vertex -12.7404 20.131 8
      vertex -12.7404 20.131 0
    endloop
  endfacet
  facet normal -0.986137 -0.165932 0
    outer loop
      vertex -12.7043 19.9161 0
      vertex -12.7043 19.9161 8
      vertex -12.7404 20.131 8
    endloop
  endfacet
  facet normal -0.978779 -0.204918 0
    outer loop
      vertex -12.6635 19.7212 0
      vertex -12.7043 19.9161 8
      vertex -12.7043 19.9161 0
    endloop
  endfacet
  facet normal -0.978779 -0.204918 0
    outer loop
      vertex -12.6635 19.7212 0
      vertex -12.6635 19.7212 8
      vertex -12.7043 19.9161 8
    endloop
  endfacet
  facet normal -0.969918 -0.24343 0
    outer loop
      vertex -12.6195 19.5461 0
      vertex -12.6635 19.7212 8
      vertex -12.6635 19.7212 0
    endloop
  endfacet
  facet normal -0.969918 -0.24343 0
    outer loop
      vertex -12.6195 19.5461 0
      vertex -12.6195 19.5461 8
      vertex -12.6635 19.7212 8
    endloop
  endfacet
  facet normal -0.959614 -0.28132 0
    outer loop
      vertex -12.574 19.3906 0
      vertex -12.6195 19.5461 8
      vertex -12.6195 19.5461 0
    endloop
  endfacet
  facet normal -0.959614 -0.28132 0
    outer loop
      vertex -12.574 19.3906 0
      vertex -12.574 19.3906 8
      vertex -12.6195 19.5461 8
    endloop
  endfacet
  facet normal -0.947917 -0.318519 0
    outer loop
      vertex -12.5282 19.2543 0
      vertex -12.574 19.3906 8
      vertex -12.574 19.3906 0
    endloop
  endfacet
  facet normal -0.947917 -0.318519 0
    outer loop
      vertex -12.5282 19.2543 0
      vertex -12.5282 19.2543 8
      vertex -12.574 19.3906 8
    endloop
  endfacet
  facet normal -0.934878 -0.354968 0
    outer loop
      vertex -12.4834 19.1365 0
      vertex -12.5282 19.2543 8
      vertex -12.5282 19.2543 0
    endloop
  endfacet
  facet normal -0.934878 -0.354968 0
    outer loop
      vertex -12.4834 19.1365 0
      vertex -12.4834 19.1365 8
      vertex -12.5282 19.2543 8
    endloop
  endfacet
  facet normal -0.92069 -0.390294 0
    outer loop
      vertex -12.4409 19.0363 0
      vertex -12.4834 19.1365 8
      vertex -12.4834 19.1365 0
    endloop
  endfacet
  facet normal -0.92069 -0.390294 0
    outer loop
      vertex -12.4409 19.0363 0
      vertex -12.4409 19.0363 8
      vertex -12.4834 19.1365 8
    endloop
  endfacet
  facet normal -0.905391 -0.424578 0
    outer loop
      vertex -12.4018 18.9528 0
      vertex -12.4409 19.0363 8
      vertex -12.4409 19.0363 0
    endloop
  endfacet
  facet normal -0.905391 -0.424578 0
    outer loop
      vertex -12.4018 18.9528 0
      vertex -12.4018 18.9528 8
      vertex -12.4409 19.0363 8
    endloop
  endfacet
  facet normal -0.889098 -0.457718 0
    outer loop
      vertex -12.3668 18.8848 0
      vertex -12.4018 18.9528 8
      vertex -12.4018 18.9528 0
    endloop
  endfacet
  facet normal -0.889098 -0.457718 0
    outer loop
      vertex -12.3668 18.8848 0
      vertex -12.3668 18.8848 8
      vertex -12.4018 18.9528 8
    endloop
  endfacet
  facet normal -0.864373 -0.502852 0
    outer loop
      vertex -12.312 18.7906 0
      vertex -12.3668 18.8848 8
      vertex -12.3668 18.8848 0
    endloop
  endfacet
  facet normal -0.864373 -0.502852 0
    outer loop
      vertex -12.312 18.7906 0
      vertex -12.312 18.7906 8
      vertex -12.3668 18.8848 8
    endloop
  endfacet
  facet normal -0.827258 -0.561823 0
    outer loop
      vertex -12.1965 18.6205 0
      vertex -12.312 18.7906 8
      vertex -12.312 18.7906 0
    endloop
  endfacet
  facet normal -0.827258 -0.561823 0
    outer loop
      vertex -12.1965 18.6205 0
      vertex -12.1965 18.6205 8
      vertex -12.312 18.7906 8
    endloop
  endfacet
  facet normal -0.807205 -0.590271 0
    outer loop
      vertex -11.6936 17.9328 0
      vertex -12.1965 18.6205 8
      vertex -12.1965 18.6205 0
    endloop
  endfacet
  facet normal -0.807205 -0.590271 0
    outer loop
      vertex -11.6936 17.9328 0
      vertex -11.6936 17.9328 8
      vertex -12.1965 18.6205 8
    endloop
  endfacet
  facet normal -0.988109 0.153755 0
    outer loop
      vertex -11.7286 17.7079 0
      vertex -11.6936 17.9328 8
      vertex -11.6936 17.9328 0
    endloop
  endfacet
  facet normal -0.988109 0.153755 0
    outer loop
      vertex -11.7286 17.7079 0
      vertex -11.7286 17.7079 8
      vertex -11.6936 17.9328 8
    endloop
  endfacet
  facet normal -0.833606 -0.552359 0
    outer loop
      vertex -11.7186 17.6929 0
      vertex -11.7286 17.7079 8
      vertex -11.7286 17.7079 0
    endloop
  endfacet
  facet normal -0.833606 -0.552359 0
    outer loop
      vertex -11.7186 17.6929 0
      vertex -11.7186 17.6929 8
      vertex -11.7286 17.7079 8
    endloop
  endfacet
  facet normal -0.611513 0.791234 0
    outer loop
      vertex -12.3088 17.2367 0
      vertex -11.7186 17.6929 8
      vertex -11.7186 17.6929 0
    endloop
  endfacet
  facet normal -0.611513 0.791234 0
    outer loop
      vertex -12.3088 17.2367 0
      vertex -12.3088 17.2367 8
      vertex -11.7186 17.6929 8
    endloop
  endfacet
  facet normal -0.696146 0.7179 0
    outer loop
      vertex -12.9529 16.6122 0
      vertex -12.3088 17.2367 8
      vertex -12.3088 17.2367 0
    endloop
  endfacet
  facet normal -0.696146 0.7179 0
    outer loop
      vertex -12.9529 16.6122 0
      vertex -12.9529 16.6122 8
      vertex -12.3088 17.2367 8
    endloop
  endfacet
  facet normal 0.788352 0.615224 0
    outer loop
      vertex -12.962 16.6239 0
      vertex -12.9529 16.6122 8
      vertex -12.9529 16.6122 0
    endloop
  endfacet
  facet normal 0.788352 0.615224 -0
    outer loop
      vertex -12.962 16.6239 0
      vertex -12.962 16.6239 8
      vertex -12.9529 16.6122 8
    endloop
  endfacet
  facet normal -0.0231326 0.999732 0
    outer loop
      vertex -13.1895 16.6186 0
      vertex -12.962 16.6239 8
      vertex -12.962 16.6239 0
    endloop
  endfacet
  facet normal -0.0231326 0.999732 0
    outer loop
      vertex -13.1895 16.6186 0
      vertex -13.1895 16.6186 8
      vertex -12.962 16.6239 8
    endloop
  endfacet
  facet normal 0.689724 0.724072 0
    outer loop
      vertex -13.735 17.1383 0
      vertex -13.1895 16.6186 8
      vertex -13.1895 16.6186 0
    endloop
  endfacet
  facet normal 0.689724 0.724072 -0
    outer loop
      vertex -13.735 17.1383 0
      vertex -13.735 17.1383 8
      vertex -13.1895 16.6186 8
    endloop
  endfacet
  facet normal 0.615258 0.788326 0
    outer loop
      vertex -13.8602 17.2359 0
      vertex -13.735 17.1383 8
      vertex -13.735 17.1383 0
    endloop
  endfacet
  facet normal 0.615258 0.788326 -0
    outer loop
      vertex -13.8602 17.2359 0
      vertex -13.8602 17.2359 8
      vertex -13.735 17.1383 8
    endloop
  endfacet
  facet normal 0.677626 0.735407 0
    outer loop
      vertex -13.9955 17.3606 0
      vertex -13.8602 17.2359 8
      vertex -13.8602 17.2359 0
    endloop
  endfacet
  facet normal 0.677626 0.735407 -0
    outer loop
      vertex -13.9955 17.3606 0
      vertex -13.9955 17.3606 8
      vertex -13.8602 17.2359 8
    endloop
  endfacet
  facet normal 0.613695 0.789543 0
    outer loop
      vertex -14.06 17.4107 0
      vertex -13.9955 17.3606 8
      vertex -13.9955 17.3606 0
    endloop
  endfacet
  facet normal 0.613695 0.789543 -0
    outer loop
      vertex -14.06 17.4107 0
      vertex -14.06 17.4107 8
      vertex -13.9955 17.3606 8
    endloop
  endfacet
  facet normal 0.570136 0.82155 0
    outer loop
      vertex -14.117 17.4503 0
      vertex -14.06 17.4107 8
      vertex -14.06 17.4107 0
    endloop
  endfacet
  facet normal 0.570136 0.82155 -0
    outer loop
      vertex -14.117 17.4503 0
      vertex -14.117 17.4503 8
      vertex -14.06 17.4107 8
    endloop
  endfacet
  facet normal 0.537634 0.843178 0
    outer loop
      vertex -14.1916 17.4979 0
      vertex -14.117 17.4503 8
      vertex -14.117 17.4503 0
    endloop
  endfacet
  facet normal 0.537634 0.843178 -0
    outer loop
      vertex -14.1916 17.4979 0
      vertex -14.1916 17.4979 8
      vertex -14.117 17.4503 8
    endloop
  endfacet
  facet normal 0.504736 0.863274 0
    outer loop
      vertex -14.2844 17.5521 0
      vertex -14.1916 17.4979 8
      vertex -14.1916 17.4979 0
    endloop
  endfacet
  facet normal 0.504736 0.863274 -0
    outer loop
      vertex -14.2844 17.5521 0
      vertex -14.2844 17.5521 8
      vertex -14.1916 17.4979 8
    endloop
  endfacet
  facet normal 0.471215 0.882018 0
    outer loop
      vertex -14.3958 17.6116 0
      vertex -14.2844 17.5521 8
      vertex -14.2844 17.5521 0
    endloop
  endfacet
  facet normal 0.471215 0.882018 -0
    outer loop
      vertex -14.3958 17.6116 0
      vertex -14.3958 17.6116 8
      vertex -14.2844 17.5521 8
    endloop
  endfacet
  facet normal 0.437482 0.899227 0
    outer loop
      vertex -14.5258 17.6749 0
      vertex -14.3958 17.6116 8
      vertex -14.3958 17.6116 0
    endloop
  endfacet
  facet normal 0.437482 0.899227 -0
    outer loop
      vertex -14.5258 17.6749 0
      vertex -14.5258 17.6749 8
      vertex -14.3958 17.6116 8
    endloop
  endfacet
  facet normal 0.403689 0.914896 0
    outer loop
      vertex -14.6745 17.7405 0
      vertex -14.5258 17.6749 8
      vertex -14.5258 17.6749 0
    endloop
  endfacet
  facet normal 0.403689 0.914896 -0
    outer loop
      vertex -14.6745 17.7405 0
      vertex -14.6745 17.7405 8
      vertex -14.5258 17.6749 8
    endloop
  endfacet
  facet normal 0.369956 0.929049 0
    outer loop
      vertex -14.8415 17.807 0
      vertex -14.6745 17.7405 8
      vertex -14.6745 17.7405 0
    endloop
  endfacet
  facet normal 0.369956 0.929049 -0
    outer loop
      vertex -14.8415 17.807 0
      vertex -14.8415 17.807 8
      vertex -14.6745 17.7405 8
    endloop
  endfacet
  facet normal 0.3364 0.941719 0
    outer loop
      vertex -15.0263 17.873 0
      vertex -14.8415 17.807 8
      vertex -14.8415 17.807 0
    endloop
  endfacet
  facet normal 0.3364 0.941719 -0
    outer loop
      vertex -15.0263 17.873 0
      vertex -15.0263 17.873 8
      vertex -14.8415 17.807 8
    endloop
  endfacet
  facet normal 0.30307 0.952968 0
    outer loop
      vertex -15.2284 17.9373 0
      vertex -15.0263 17.873 8
      vertex -15.0263 17.873 0
    endloop
  endfacet
  facet normal 0.30307 0.952968 -0
    outer loop
      vertex -15.2284 17.9373 0
      vertex -15.2284 17.9373 8
      vertex -15.0263 17.873 8
    endloop
  endfacet
  facet normal 0.270348 0.962763 0
    outer loop
      vertex -15.4468 17.9986 0
      vertex -15.2284 17.9373 8
      vertex -15.2284 17.9373 0
    endloop
  endfacet
  facet normal 0.270348 0.962763 -0
    outer loop
      vertex -15.4468 17.9986 0
      vertex -15.4468 17.9986 8
      vertex -15.2284 17.9373 8
    endloop
  endfacet
  facet normal 0.238092 0.971243 0
    outer loop
      vertex -15.6808 18.056 0
      vertex -15.4468 17.9986 8
      vertex -15.4468 17.9986 0
    endloop
  endfacet
  facet normal 0.238092 0.971243 -0
    outer loop
      vertex -15.6808 18.056 0
      vertex -15.6808 18.056 8
      vertex -15.4468 17.9986 8
    endloop
  endfacet
  facet normal 0.206516 0.978443 0
    outer loop
      vertex -15.9293 18.1084 0
      vertex -15.6808 18.056 8
      vertex -15.6808 18.056 0
    endloop
  endfacet
  facet normal 0.206516 0.978443 -0
    outer loop
      vertex -15.9293 18.1084 0
      vertex -15.9293 18.1084 8
      vertex -15.6808 18.056 8
    endloop
  endfacet
  facet normal 0.175558 0.984469 0
    outer loop
      vertex -16.1912 18.1551 0
      vertex -15.9293 18.1084 8
      vertex -15.9293 18.1084 0
    endloop
  endfacet
  facet normal 0.175558 0.984469 -0
    outer loop
      vertex -16.1912 18.1551 0
      vertex -16.1912 18.1551 8
      vertex -15.9293 18.1084 8
    endloop
  endfacet
  facet normal 0.14553 0.989354 0
    outer loop
      vertex -16.3953 18.1852 0
      vertex -16.1912 18.1551 8
      vertex -16.1912 18.1551 0
    endloop
  endfacet
  facet normal 0.14553 0.989354 -0
    outer loop
      vertex -16.3953 18.1852 0
      vertex -16.3953 18.1852 8
      vertex -16.1912 18.1551 8
    endloop
  endfacet
  facet normal -0.768561 0.639777 0
    outer loop
      vertex -16.895 17.5849 0
      vertex -16.3953 18.1852 8
      vertex -16.3953 18.1852 0
    endloop
  endfacet
  facet normal -0.768561 0.639777 0
    outer loop
      vertex -16.895 17.5849 0
      vertex -16.895 17.5849 8
      vertex -16.3953 18.1852 8
    endloop
  endfacet
  facet normal -0.8284 0.560137 0
    outer loop
      vertex -16.9461 17.5094 0
      vertex -16.895 17.5849 8
      vertex -16.895 17.5849 0
    endloop
  endfacet
  facet normal -0.8284 0.560137 0
    outer loop
      vertex -16.9461 17.5094 0
      vertex -16.9461 17.5094 8
      vertex -16.895 17.5849 8
    endloop
  endfacet
  facet normal -0.933477 -0.358637 0
    outer loop
      vertex -16.8797 17.3366 0
      vertex -16.9461 17.5094 8
      vertex -16.9461 17.5094 0
    endloop
  endfacet
  facet normal -0.933477 -0.358637 0
    outer loop
      vertex -16.8797 17.3366 0
      vertex -16.8797 17.3366 8
      vertex -16.9461 17.5094 8
    endloop
  endfacet
  facet normal -0.919134 -0.393945 0
    outer loop
      vertex -16.7666 17.0728 0
      vertex -16.8797 17.3366 8
      vertex -16.8797 17.3366 0
    endloop
  endfacet
  facet normal -0.919134 -0.393945 0
    outer loop
      vertex -16.7666 17.0728 0
      vertex -16.7666 17.0728 8
      vertex -16.8797 17.3366 8
    endloop
  endfacet
  facet normal -0.90368 -0.428209 0
    outer loop
      vertex -16.652 16.8309 0
      vertex -16.7666 17.0728 8
      vertex -16.7666 17.0728 0
    endloop
  endfacet
  facet normal -0.90368 -0.428209 0
    outer loop
      vertex -16.652 16.8309 0
      vertex -16.652 16.8309 8
      vertex -16.7666 17.0728 8
    endloop
  endfacet
  facet normal -0.887247 -0.461295 0
    outer loop
      vertex -16.5373 16.6102 0
      vertex -16.652 16.8309 8
      vertex -16.652 16.8309 0
    endloop
  endfacet
  facet normal -0.887247 -0.461295 0
    outer loop
      vertex -16.5373 16.6102 0
      vertex -16.5373 16.6102 8
      vertex -16.652 16.8309 8
    endloop
  endfacet
  facet normal -0.869999 -0.493053 0
    outer loop
      vertex -16.4238 16.4099 0
      vertex -16.5373 16.6102 8
      vertex -16.5373 16.6102 0
    endloop
  endfacet
  facet normal -0.869999 -0.493053 0
    outer loop
      vertex -16.4238 16.4099 0
      vertex -16.4238 16.4099 8
      vertex -16.5373 16.6102 8
    endloop
  endfacet
  facet normal -0.852021 -0.523508 0
    outer loop
      vertex -16.3125 16.2289 0
      vertex -16.4238 16.4099 8
      vertex -16.4238 16.4099 0
    endloop
  endfacet
  facet normal -0.852021 -0.523508 0
    outer loop
      vertex -16.3125 16.2289 0
      vertex -16.3125 16.2289 8
      vertex -16.4238 16.4099 8
    endloop
  endfacet
  facet normal -0.833358 -0.552734 0
    outer loop
      vertex -16.2045 16.0661 0
      vertex -16.3125 16.2289 8
      vertex -16.3125 16.2289 0
    endloop
  endfacet
  facet normal -0.833358 -0.552734 0
    outer loop
      vertex -16.2045 16.0661 0
      vertex -16.2045 16.0661 8
      vertex -16.3125 16.2289 8
    endloop
  endfacet
  facet normal -0.814303 -0.58044 0
    outer loop
      vertex -16.1006 15.9203 0
      vertex -16.2045 16.0661 8
      vertex -16.2045 16.0661 0
    endloop
  endfacet
  facet normal -0.814303 -0.58044 0
    outer loop
      vertex -16.1006 15.9203 0
      vertex -16.1006 15.9203 8
      vertex -16.2045 16.0661 8
    endloop
  endfacet
  facet normal -0.794813 -0.606855 0
    outer loop
      vertex -16.0013 15.7902 0
      vertex -16.1006 15.9203 8
      vertex -16.1006 15.9203 0
    endloop
  endfacet
  facet normal -0.794813 -0.606855 0
    outer loop
      vertex -16.0013 15.7902 0
      vertex -16.0013 15.7902 8
      vertex -16.1006 15.9203 8
    endloop
  endfacet
  facet normal -0.775046 -0.631905 0
    outer loop
      vertex -15.907 15.6746 0
      vertex -16.0013 15.7902 8
      vertex -16.0013 15.7902 0
    endloop
  endfacet
  facet normal -0.775046 -0.631905 0
    outer loop
      vertex -15.907 15.6746 0
      vertex -15.907 15.6746 8
      vertex -16.0013 15.7902 8
    endloop
  endfacet
  facet normal -0.755124 -0.655582 0
    outer loop
      vertex -15.8182 15.5723 0
      vertex -15.907 15.6746 8
      vertex -15.907 15.6746 0
    endloop
  endfacet
  facet normal -0.755124 -0.655582 0
    outer loop
      vertex -15.8182 15.5723 0
      vertex -15.8182 15.5723 8
      vertex -15.907 15.6746 8
    endloop
  endfacet
  facet normal -0.735222 -0.677826 0
    outer loop
      vertex -15.7349 15.482 0
      vertex -15.8182 15.5723 8
      vertex -15.8182 15.5723 0
    endloop
  endfacet
  facet normal -0.735222 -0.677826 0
    outer loop
      vertex -15.7349 15.482 0
      vertex -15.7349 15.482 8
      vertex -15.8182 15.5723 8
    endloop
  endfacet
  facet normal -0.715231 -0.698888 0
    outer loop
      vertex -15.6573 15.4025 0
      vertex -15.7349 15.482 8
      vertex -15.7349 15.482 0
    endloop
  endfacet
  facet normal -0.715231 -0.698888 0
    outer loop
      vertex -15.6573 15.4025 0
      vertex -15.6573 15.4025 8
      vertex -15.7349 15.482 8
    endloop
  endfacet
  facet normal -0.695609 -0.718421 0
    outer loop
      vertex -15.5852 15.3327 0
      vertex -15.6573 15.4025 8
      vertex -15.6573 15.4025 0
    endloop
  endfacet
  facet normal -0.695609 -0.718421 0
    outer loop
      vertex -15.5852 15.3327 0
      vertex -15.5852 15.3327 8
      vertex -15.6573 15.4025 8
    endloop
  endfacet
  facet normal -0.676114 -0.736797 0
    outer loop
      vertex -15.5185 15.2715 0
      vertex -15.5852 15.3327 8
      vertex -15.5852 15.3327 0
    endloop
  endfacet
  facet normal -0.676114 -0.736797 0
    outer loop
      vertex -15.5185 15.2715 0
      vertex -15.5185 15.2715 8
      vertex -15.5852 15.3327 8
    endloop
  endfacet
  facet normal -0.647777 -0.76183 0
    outer loop
      vertex -15.4002 15.1709 0
      vertex -15.5185 15.2715 8
      vertex -15.5185 15.2715 0
    endloop
  endfacet
  facet normal -0.647777 -0.76183 0
    outer loop
      vertex -15.4002 15.1709 0
      vertex -15.4002 15.1709 8
      vertex -15.5185 15.2715 8
    endloop
  endfacet
  facet normal -0.628036 -0.778184 0
    outer loop
      vertex -15.2669 15.0633 0
      vertex -15.4002 15.1709 8
      vertex -15.4002 15.1709 0
    endloop
  endfacet
  facet normal -0.628036 -0.778184 0
    outer loop
      vertex -15.2669 15.0633 0
      vertex -15.2669 15.0633 8
      vertex -15.4002 15.1709 8
    endloop
  endfacet
  facet normal -0.536229 -0.844073 0
    outer loop
      vertex -14.6892 14.6963 0
      vertex -15.2669 15.0633 8
      vertex -15.2669 15.0633 0
    endloop
  endfacet
  facet normal -0.536229 -0.844073 0
    outer loop
      vertex -14.6892 14.6963 0
      vertex -14.6892 14.6963 8
      vertex -15.2669 15.0633 8
    endloop
  endfacet
  facet normal -0.976428 -0.215844 0
    outer loop
      vertex -14.6401 14.4741 0
      vertex -14.6892 14.6963 8
      vertex -14.6892 14.6963 0
    endloop
  endfacet
  facet normal -0.976428 -0.215844 0
    outer loop
      vertex -14.6401 14.4741 0
      vertex -14.6401 14.4741 8
      vertex -14.6892 14.6963 8
    endloop
  endfacet
  facet normal -0.703382 -0.710812 0
    outer loop
      vertex -14.6357 14.4698 0
      vertex -14.6401 14.4741 8
      vertex -14.6401 14.4741 0
    endloop
  endfacet
  facet normal -0.703382 -0.710812 0
    outer loop
      vertex -14.6357 14.4698 0
      vertex -14.6357 14.4698 8
      vertex -14.6401 14.4741 8
    endloop
  endfacet
  facet normal -0.828449 0.560064 0
    outer loop
      vertex -14.7018 14.3721 0
      vertex -14.6357 14.4698 8
      vertex -14.6357 14.4698 0
    endloop
  endfacet
  facet normal -0.828449 0.560064 0
    outer loop
      vertex -14.7018 14.3721 0
      vertex -14.7018 14.3721 8
      vertex -14.6357 14.4698 8
    endloop
  endfacet
  facet normal -0.876147 0.482044 0
    outer loop
      vertex -15.3113 13.2642 0
      vertex -14.7018 14.3721 8
      vertex -14.7018 14.3721 0
    endloop
  endfacet
  facet normal -0.876147 0.482044 0
    outer loop
      vertex -15.3113 13.2642 0
      vertex -15.3113 13.2642 8
      vertex -14.7018 14.3721 8
    endloop
  endfacet
  facet normal -0.912924 0.40813 0
    outer loop
      vertex -15.412 13.0391 0
      vertex -15.3113 13.2642 8
      vertex -15.3113 13.2642 0
    endloop
  endfacet
  facet normal -0.912924 0.40813 0
    outer loop
      vertex -15.412 13.0391 0
      vertex -15.412 13.0391 8
      vertex -15.3113 13.2642 8
    endloop
  endfacet
  facet normal 0.645866 0.763451 0
    outer loop
      vertex -15.4188 13.0449 0
      vertex -15.412 13.0391 8
      vertex -15.412 13.0391 0
    endloop
  endfacet
  facet normal 0.645866 0.763451 -0
    outer loop
      vertex -15.4188 13.0449 0
      vertex -15.4188 13.0449 8
      vertex -15.412 13.0391 8
    endloop
  endfacet
  facet normal -0.343971 0.93898 0
    outer loop
      vertex -15.6325 12.9666 0
      vertex -15.4188 13.0449 8
      vertex -15.4188 13.0449 0
    endloop
  endfacet
  facet normal -0.343971 0.93898 0
    outer loop
      vertex -15.6325 12.9666 0
      vertex -15.6325 12.9666 8
      vertex -15.4188 13.0449 8
    endloop
  endfacet
  facet normal 0.419801 0.907616 0
    outer loop
      vertex -16.3615 13.3038 0
      vertex -15.6325 12.9666 8
      vertex -15.6325 12.9666 0
    endloop
  endfacet
  facet normal 0.419801 0.907616 -0
    outer loop
      vertex -16.3615 13.3038 0
      vertex -16.3615 13.3038 8
      vertex -15.6325 12.9666 8
    endloop
  endfacet
  facet normal 0.347347 0.937737 0
    outer loop
      vertex -16.5497 13.3735 0
      vertex -16.3615 13.3038 8
      vertex -16.3615 13.3038 0
    endloop
  endfacet
  facet normal 0.347347 0.937737 -0
    outer loop
      vertex -16.5497 13.3735 0
      vertex -16.5497 13.3735 8
      vertex -16.3615 13.3038 8
    endloop
  endfacet
  facet normal 0.28019 0.959945 0
    outer loop
      vertex -16.6621 13.4063 0
      vertex -16.5497 13.3735 8
      vertex -16.5497 13.3735 0
    endloop
  endfacet
  facet normal 0.28019 0.959945 -0
    outer loop
      vertex -16.6621 13.4063 0
      vertex -16.6621 13.4063 8
      vertex -16.5497 13.3735 8
    endloop
  endfacet
  facet normal 0.23437 0.972148 0
    outer loop
      vertex -16.7459 13.4265 0
      vertex -16.6621 13.4063 8
      vertex -16.6621 13.4063 0
    endloop
  endfacet
  facet normal 0.23437 0.972148 -0
    outer loop
      vertex -16.7459 13.4265 0
      vertex -16.7459 13.4265 8
      vertex -16.6621 13.4063 8
    endloop
  endfacet
  facet normal 0.203243 0.979128 0
    outer loop
      vertex -16.8475 13.4476 0
      vertex -16.7459 13.4265 8
      vertex -16.7459 13.4265 0
    endloop
  endfacet
  facet normal 0.203243 0.979128 -0
    outer loop
      vertex -16.8475 13.4476 0
      vertex -16.8475 13.4476 8
      vertex -16.7459 13.4265 8
    endloop
  endfacet
  facet normal 0.172396 0.985028 0
    outer loop
      vertex -16.9659 13.4683 0
      vertex -16.8475 13.4476 8
      vertex -16.8475 13.4476 0
    endloop
  endfacet
  facet normal 0.172396 0.985028 -0
    outer loop
      vertex -16.9659 13.4683 0
      vertex -16.9659 13.4683 8
      vertex -16.8475 13.4476 8
    endloop
  endfacet
  facet normal 0.142395 0.98981 0
    outer loop
      vertex -17.1005 13.4877 0
      vertex -16.9659 13.4683 8
      vertex -16.9659 13.4683 0
    endloop
  endfacet
  facet normal 0.142395 0.98981 -0
    outer loop
      vertex -17.1005 13.4877 0
      vertex -17.1005 13.4877 8
      vertex -16.9659 13.4683 8
    endloop
  endfacet
  facet normal 0.113352 0.993555 0
    outer loop
      vertex -17.2503 13.5048 0
      vertex -17.1005 13.4877 8
      vertex -17.1005 13.4877 0
    endloop
  endfacet
  facet normal 0.113352 0.993555 -0
    outer loop
      vertex -17.2503 13.5048 0
      vertex -17.2503 13.5048 8
      vertex -17.1005 13.4877 8
    endloop
  endfacet
  facet normal 0.0850935 0.996373 0
    outer loop
      vertex -17.4144 13.5188 0
      vertex -17.2503 13.5048 8
      vertex -17.2503 13.5048 0
    endloop
  endfacet
  facet normal 0.0850935 0.996373 -0
    outer loop
      vertex -17.4144 13.5188 0
      vertex -17.4144 13.5188 8
      vertex -17.2503 13.5048 8
    endloop
  endfacet
  facet normal 0.0575834 0.998341 0
    outer loop
      vertex -17.5916 13.529 0
      vertex -17.4144 13.5188 8
      vertex -17.4144 13.5188 0
    endloop
  endfacet
  facet normal 0.0575834 0.998341 -0
    outer loop
      vertex -17.5916 13.529 0
      vertex -17.5916 13.529 8
      vertex -17.4144 13.5188 8
    endloop
  endfacet
  facet normal 0.0312398 0.999512 0
    outer loop
      vertex -17.781 13.5349 0
      vertex -17.5916 13.529 8
      vertex -17.5916 13.529 0
    endloop
  endfacet
  facet normal 0.0312398 0.999512 -0
    outer loop
      vertex -17.781 13.5349 0
      vertex -17.781 13.5349 8
      vertex -17.5916 13.529 8
    endloop
  endfacet
  facet normal 0.00578333 0.999983 0
    outer loop
      vertex -17.9815 13.5361 0
      vertex -17.781 13.5349 8
      vertex -17.781 13.5349 0
    endloop
  endfacet
  facet normal 0.00578333 0.999983 -0
    outer loop
      vertex -17.9815 13.5361 0
      vertex -17.9815 13.5361 8
      vertex -17.781 13.5349 8
    endloop
  endfacet
  facet normal -0.01862 0.999827 0
    outer loop
      vertex -18.1921 13.5322 0
      vertex -17.9815 13.5361 8
      vertex -17.9815 13.5361 0
    endloop
  endfacet
  facet normal -0.01862 0.999827 0
    outer loop
      vertex -18.1921 13.5322 0
      vertex -18.1921 13.5322 8
      vertex -17.9815 13.5361 8
    endloop
  endfacet
  facet normal -0.0418703 0.999123 0
    outer loop
      vertex -18.4117 13.5229 0
      vertex -18.1921 13.5322 8
      vertex -18.1921 13.5322 0
    endloop
  endfacet
  facet normal -0.0418703 0.999123 0
    outer loop
      vertex -18.4117 13.5229 0
      vertex -18.4117 13.5229 8
      vertex -18.1921 13.5322 8
    endloop
  endfacet
  facet normal -0.0642533 0.997934 0
    outer loop
      vertex -18.6392 13.5083 0
      vertex -18.4117 13.5229 8
      vertex -18.4117 13.5229 0
    endloop
  endfacet
  facet normal -0.0642533 0.997934 0
    outer loop
      vertex -18.6392 13.5083 0
      vertex -18.6392 13.5083 8
      vertex -18.4117 13.5229 8
    endloop
  endfacet
  facet normal -0.0855354 0.996335 0
    outer loop
      vertex -18.8736 13.4882 0
      vertex -18.6392 13.5083 8
      vertex -18.6392 13.5083 0
    endloop
  endfacet
  facet normal -0.0855354 0.996335 0
    outer loop
      vertex -18.8736 13.4882 0
      vertex -18.8736 13.4882 8
      vertex -18.6392 13.5083 8
    endloop
  endfacet
  facet normal -0.106212 0.994343 0
    outer loop
      vertex -19.114 13.4625 0
      vertex -18.8736 13.4882 8
      vertex -18.8736 13.4882 0
    endloop
  endfacet
  facet normal -0.106212 0.994343 0
    outer loop
      vertex -19.114 13.4625 0
      vertex -19.114 13.4625 8
      vertex -18.8736 13.4882 8
    endloop
  endfacet
  facet normal -0.125538 0.992089 0
    outer loop
      vertex -19.1896 13.4529 0
      vertex -19.114 13.4625 8
      vertex -19.114 13.4625 0
    endloop
  endfacet
  facet normal -0.125538 0.992089 0
    outer loop
      vertex -19.1896 13.4529 0
      vertex -19.1896 13.4529 8
      vertex -19.114 13.4625 8
    endloop
  endfacet
  facet normal -0.940417 0.340023 0
    outer loop
      vertex -19.5069 12.5754 0
      vertex -19.1896 13.4529 8
      vertex -19.1896 13.4529 0
    endloop
  endfacet
  facet normal -0.940417 0.340023 0
    outer loop
      vertex -19.5069 12.5754 0
      vertex -19.5069 12.5754 8
      vertex -19.1896 13.4529 8
    endloop
  endfacet
  facet normal -0.753156 -0.657841 0
    outer loop
      vertex -19.3397 12.3839 0
      vertex -19.5069 12.5754 8
      vertex -19.5069 12.5754 0
    endloop
  endfacet
  facet normal -0.753156 -0.657841 0
    outer loop
      vertex -19.3397 12.3839 0
      vertex -19.3397 12.3839 8
      vertex -19.5069 12.5754 8
    endloop
  endfacet
  facet normal -0.733239 -0.679971 0
    outer loop
      vertex -19.1622 12.1926 0
      vertex -19.3397 12.3839 8
      vertex -19.3397 12.3839 0
    endloop
  endfacet
  facet normal -0.733239 -0.679971 0
    outer loop
      vertex -19.1622 12.1926 0
      vertex -19.1622 12.1926 8
      vertex -19.3397 12.3839 8
    endloop
  endfacet
  facet normal -0.713349 -0.700809 0
    outer loop
      vertex -18.9908 12.0181 0
      vertex -19.1622 12.1926 8
      vertex -19.1622 12.1926 0
    endloop
  endfacet
  facet normal -0.713349 -0.700809 0
    outer loop
      vertex -18.9908 12.0181 0
      vertex -18.9908 12.0181 8
      vertex -19.1622 12.1926 8
    endloop
  endfacet
  facet normal -0.693628 -0.720334 0
    outer loop
      vertex -18.8258 11.8592 0
      vertex -18.9908 12.0181 8
      vertex -18.9908 12.0181 0
    endloop
  endfacet
  facet normal -0.693628 -0.720334 0
    outer loop
      vertex -18.8258 11.8592 0
      vertex -18.8258 11.8592 8
      vertex -18.9908 12.0181 8
    endloop
  endfacet
  facet normal -0.674016 -0.738716 0
    outer loop
      vertex -18.6673 11.7145 0
      vertex -18.8258 11.8592 8
      vertex -18.8258 11.8592 0
    endloop
  endfacet
  facet normal -0.674016 -0.738716 0
    outer loop
      vertex -18.6673 11.7145 0
      vertex -18.6673 11.7145 8
      vertex -18.8258 11.8592 8
    endloop
  endfacet
  facet normal -0.65467 -0.755914 0
    outer loop
      vertex -18.5153 11.5829 0
      vertex -18.6673 11.7145 8
      vertex -18.6673 11.7145 0
    endloop
  endfacet
  facet normal -0.65467 -0.755914 0
    outer loop
      vertex -18.5153 11.5829 0
      vertex -18.5153 11.5829 8
      vertex -18.6673 11.7145 8
    endloop
  endfacet
  facet normal -0.635713 -0.771926 0
    outer loop
      vertex -18.3698 11.4631 0
      vertex -18.5153 11.5829 8
      vertex -18.5153 11.5829 0
    endloop
  endfacet
  facet normal -0.635713 -0.771926 0
    outer loop
      vertex -18.3698 11.4631 0
      vertex -18.3698 11.4631 8
      vertex -18.5153 11.5829 8
    endloop
  endfacet
  facet normal -0.617085 -0.786896 0
    outer loop
      vertex -18.2308 11.354 0
      vertex -18.3698 11.4631 8
      vertex -18.3698 11.4631 0
    endloop
  endfacet
  facet normal -0.617085 -0.786896 0
    outer loop
      vertex -18.2308 11.354 0
      vertex -18.2308 11.354 8
      vertex -18.3698 11.4631 8
    endloop
  endfacet
  facet normal -0.598896 -0.800826 0
    outer loop
      vertex -18.0978 11.2546 0
      vertex -18.2308 11.354 8
      vertex -18.2308 11.354 0
    endloop
  endfacet
  facet normal -0.598896 -0.800826 0
    outer loop
      vertex -18.0978 11.2546 0
      vertex -18.0978 11.2546 8
      vertex -18.2308 11.354 8
    endloop
  endfacet
  facet normal -0.581561 -0.813502 0
    outer loop
      vertex -17.9707 11.1638 0
      vertex -18.0978 11.2546 8
      vertex -18.0978 11.2546 0
    endloop
  endfacet
  facet normal -0.581561 -0.813502 0
    outer loop
      vertex -17.9707 11.1638 0
      vertex -17.9707 11.1638 8
      vertex -18.0978 11.2546 8
    endloop
  endfacet
  facet normal -0.564532 -0.825411 0
    outer loop
      vertex -17.8491 11.0806 0
      vertex -17.9707 11.1638 8
      vertex -17.9707 11.1638 0
    endloop
  endfacet
  facet normal -0.564532 -0.825411 0
    outer loop
      vertex -17.8491 11.0806 0
      vertex -17.8491 11.0806 8
      vertex -17.9707 11.1638 8
    endloop
  endfacet
  facet normal -0.547807 -0.836605 0
    outer loop
      vertex -17.7325 11.0043 0
      vertex -17.8491 11.0806 8
      vertex -17.8491 11.0806 0
    endloop
  endfacet
  facet normal -0.547807 -0.836605 0
    outer loop
      vertex -17.7325 11.0043 0
      vertex -17.7325 11.0043 8
      vertex -17.8491 11.0806 8
    endloop
  endfacet
  facet normal -0.53172 -0.84692 0
    outer loop
      vertex -17.6206 10.934 0
      vertex -17.7325 11.0043 8
      vertex -17.7325 11.0043 0
    endloop
  endfacet
  facet normal -0.53172 -0.84692 0
    outer loop
      vertex -17.6206 10.934 0
      vertex -17.6206 10.934 8
      vertex -17.7325 11.0043 8
    endloop
  endfacet
  facet normal -0.509397 -0.860532 0
    outer loop
      vertex -17.4085 10.8084 0
      vertex -17.6206 10.934 8
      vertex -17.6206 10.934 0
    endloop
  endfacet
  facet normal -0.509397 -0.860532 0
    outer loop
      vertex -17.4085 10.8084 0
      vertex -17.4085 10.8084 8
      vertex -17.6206 10.934 8
    endloop
  endfacet
  facet normal -0.481206 -0.876607 0
    outer loop
      vertex -17.2088 10.6988 0
      vertex -17.4085 10.8084 8
      vertex -17.4085 10.8084 0
    endloop
  endfacet
  facet normal -0.481206 -0.876607 0
    outer loop
      vertex -17.2088 10.6988 0
      vertex -17.2088 10.6988 8
      vertex -17.4085 10.8084 8
    endloop
  endfacet
  facet normal -0.467839 -0.883814 0
    outer loop
      vertex -17.0575 10.6187 0
      vertex -17.2088 10.6988 8
      vertex -17.2088 10.6988 0
    endloop
  endfacet
  facet normal -0.467839 -0.883814 0
    outer loop
      vertex -17.0575 10.6187 0
      vertex -17.0575 10.6187 8
      vertex -17.2088 10.6988 8
    endloop
  endfacet
  facet normal -0.281579 -0.959538 0
    outer loop
      vertex -16.5645 10.474 0
      vertex -17.0575 10.6187 8
      vertex -17.0575 10.6187 0
    endloop
  endfacet
  facet normal -0.281579 -0.959538 0
    outer loop
      vertex -16.5645 10.474 0
      vertex -16.5645 10.474 8
      vertex -17.0575 10.6187 8
    endloop
  endfacet
  facet normal -0.878689 -0.477395 0
    outer loop
      vertex -16.4559 10.2741 0
      vertex -16.5645 10.474 8
      vertex -16.5645 10.474 0
    endloop
  endfacet
  facet normal -0.878689 -0.477395 0
    outer loop
      vertex -16.4559 10.2741 0
      vertex -16.4559 10.2741 8
      vertex -16.5645 10.474 8
    endloop
  endfacet
  facet normal -0.528954 -0.848651 0
    outer loop
      vertex -16.447 10.2685 0
      vertex -16.4559 10.2741 8
      vertex -16.4559 10.2741 0
    endloop
  endfacet
  facet normal -0.528954 -0.848651 0
    outer loop
      vertex -16.447 10.2685 0
      vertex -16.447 10.2685 8
      vertex -16.4559 10.2741 8
    endloop
  endfacet
  facet normal -0.960463 0.278408 0
    outer loop
      vertex -16.6117 9.70027 0
      vertex -16.447 10.2685 8
      vertex -16.447 10.2685 0
    endloop
  endfacet
  facet normal -0.960463 0.278408 0
    outer loop
      vertex -16.6117 9.70027 0
      vertex -16.6117 9.70027 8
      vertex -16.447 10.2685 8
    endloop
  endfacet
  facet normal -0.974582 0.224032 0
    outer loop
      vertex -16.8256 8.76978 0
      vertex -16.6117 9.70027 8
      vertex -16.6117 9.70027 0
    endloop
  endfacet
  facet normal -0.974582 0.224032 0
    outer loop
      vertex -16.8256 8.76978 0
      vertex -16.8256 8.76978 8
      vertex -16.6117 9.70027 8
    endloop
  endfacet
  facet normal 0.462802 0.886462 0
    outer loop
      vertex -16.8315 8.77284 0
      vertex -16.8256 8.76978 8
      vertex -16.8256 8.76978 0
    endloop
  endfacet
  facet normal 0.462802 0.886462 -0
    outer loop
      vertex -16.8315 8.77284 0
      vertex -16.8315 8.77284 8
      vertex -16.8256 8.76978 8
    endloop
  endfacet
  facet normal -0.547453 0.836836 0
    outer loop
      vertex -17.0219 8.64825 0
      vertex -16.8315 8.77284 8
      vertex -16.8315 8.77284 0
    endloop
  endfacet
  facet normal -0.547453 0.836836 0
    outer loop
      vertex -17.0219 8.64825 0
      vertex -17.0219 8.64825 8
      vertex -16.8315 8.77284 8
    endloop
  endfacet
  facet normal 0.203675 0.979039 0
    outer loop
      vertex -17.6375 8.77632 0
      vertex -17.0219 8.64825 8
      vertex -17.0219 8.64825 0
    endloop
  endfacet
  facet normal 0.203675 0.979039 -0
    outer loop
      vertex -17.6375 8.77632 0
      vertex -17.6375 8.77632 8
      vertex -17.0219 8.64825 8
    endloop
  endfacet
  facet normal 0.0380312 0.999277 0
    outer loop
      vertex -17.8765 8.78542 0
      vertex -17.6375 8.77632 8
      vertex -17.6375 8.77632 0
    endloop
  endfacet
  facet normal 0.0380312 0.999277 -0
    outer loop
      vertex -17.8765 8.78542 0
      vertex -17.8765 8.78542 8
      vertex -17.6375 8.77632 8
    endloop
  endfacet
  facet normal 0.00310387 0.999995 0
    outer loop
      vertex -17.96 8.78568 0
      vertex -17.8765 8.78542 8
      vertex -17.8765 8.78542 0
    endloop
  endfacet
  facet normal 0.00310387 0.999995 -0
    outer loop
      vertex -17.96 8.78568 0
      vertex -17.96 8.78568 8
      vertex -17.8765 8.78542 8
    endloop
  endfacet
  facet normal -0.0209484 0.999781 0
    outer loop
      vertex -18.0583 8.78362 0
      vertex -17.96 8.78568 8
      vertex -17.96 8.78568 0
    endloop
  endfacet
  facet normal -0.0209484 0.999781 0
    outer loop
      vertex -18.0583 8.78362 0
      vertex -18.0583 8.78362 8
      vertex -17.96 8.78568 8
    endloop
  endfacet
  facet normal -0.0441047 0.999027 0
    outer loop
      vertex -18.1703 8.77867 0
      vertex -18.0583 8.78362 8
      vertex -18.0583 8.78362 0
    endloop
  endfacet
  facet normal -0.0441047 0.999027 0
    outer loop
      vertex -18.1703 8.77867 0
      vertex -18.1703 8.77867 8
      vertex -18.0583 8.78362 8
    endloop
  endfacet
  facet normal -0.0661948 0.997807 0
    outer loop
      vertex -18.295 8.7704 0
      vertex -18.1703 8.77867 8
      vertex -18.1703 8.77867 0
    endloop
  endfacet
  facet normal -0.0661948 0.997807 0
    outer loop
      vertex -18.295 8.7704 0
      vertex -18.295 8.7704 8
      vertex -18.1703 8.77867 8
    endloop
  endfacet
  facet normal -0.088203 0.996103 0
    outer loop
      vertex -18.4313 8.75833 0
      vertex -18.295 8.7704 8
      vertex -18.295 8.7704 0
    endloop
  endfacet
  facet normal -0.088203 0.996103 0
    outer loop
      vertex -18.4313 8.75833 0
      vertex -18.4313 8.75833 8
      vertex -18.295 8.7704 8
    endloop
  endfacet
  facet normal -0.108199 0.994129 0
    outer loop
      vertex -18.5782 8.74234 0
      vertex -18.4313 8.75833 8
      vertex -18.4313 8.75833 0
    endloop
  endfacet
  facet normal -0.108199 0.994129 0
    outer loop
      vertex -18.5782 8.74234 0
      vertex -18.5782 8.74234 8
      vertex -18.4313 8.75833 8
    endloop
  endfacet
  facet normal -0.127413 0.99185 0
    outer loop
      vertex -18.7348 8.72223 0
      vertex -18.5782 8.74234 8
      vertex -18.5782 8.74234 0
    endloop
  endfacet
  facet normal -0.127413 0.99185 0
    outer loop
      vertex -18.7348 8.72223 0
      vertex -18.7348 8.72223 8
      vertex -18.5782 8.74234 8
    endloop
  endfacet
  facet normal -0.145412 0.989371 0
    outer loop
      vertex -18.9 8.69795 0
      vertex -18.7348 8.72223 8
      vertex -18.7348 8.72223 0
    endloop
  endfacet
  facet normal -0.145412 0.989371 0
    outer loop
      vertex -18.9 8.69795 0
      vertex -18.9 8.69795 8
      vertex -18.7348 8.72223 8
    endloop
  endfacet
  facet normal -0.162775 0.986663 0
    outer loop
      vertex -19.0728 8.66943 0
      vertex -18.9 8.69795 8
      vertex -18.9 8.69795 0
    endloop
  endfacet
  facet normal -0.162775 0.986663 0
    outer loop
      vertex -19.0728 8.66943 0
      vertex -19.0728 8.66943 8
      vertex -18.9 8.69795 8
    endloop
  endfacet
  facet normal -0.179621 0.983736 0
    outer loop
      vertex -19.2525 8.63663 0
      vertex -19.0728 8.66943 8
      vertex -19.0728 8.66943 0
    endloop
  endfacet
  facet normal -0.179621 0.983736 0
    outer loop
      vertex -19.2525 8.63663 0
      vertex -19.2525 8.63663 8
      vertex -19.0728 8.66943 8
    endloop
  endfacet
  facet normal -0.194767 0.98085 0
    outer loop
      vertex -19.4381 8.59978 0
      vertex -19.2525 8.63663 8
      vertex -19.2525 8.63663 0
    endloop
  endfacet
  facet normal -0.194767 0.98085 0
    outer loop
      vertex -19.4381 8.59978 0
      vertex -19.4381 8.59978 8
      vertex -19.2525 8.63663 8
    endloop
  endfacet
  facet normal -0.209075 0.9779 0
    outer loop
      vertex -19.6287 8.55902 0
      vertex -19.4381 8.59978 8
      vertex -19.4381 8.59978 0
    endloop
  endfacet
  facet normal -0.209075 0.9779 0
    outer loop
      vertex -19.6287 8.55902 0
      vertex -19.6287 8.55902 8
      vertex -19.4381 8.59978 8
    endloop
  endfacet
  facet normal -0.223026 0.974813 0
    outer loop
      vertex -19.8237 8.51442 0
      vertex -19.6287 8.55902 8
      vertex -19.6287 8.55902 0
    endloop
  endfacet
  facet normal -0.223026 0.974813 0
    outer loop
      vertex -19.8237 8.51442 0
      vertex -19.8237 8.51442 8
      vertex -19.6287 8.55902 8
    endloop
  endfacet
  facet normal -0.235923 0.971772 0
    outer loop
      vertex -20.0222 8.46622 0
      vertex -19.8237 8.51442 8
      vertex -19.8237 8.51442 0
    endloop
  endfacet
  facet normal -0.235923 0.971772 0
    outer loop
      vertex -20.0222 8.46622 0
      vertex -20.0222 8.46622 8
      vertex -19.8237 8.51442 8
    endloop
  endfacet
  facet normal -0.247678 0.968842 0
    outer loop
      vertex -20.2236 8.41472 0
      vertex -20.0222 8.46622 8
      vertex -20.0222 8.46622 0
    endloop
  endfacet
  facet normal -0.247678 0.968842 0
    outer loop
      vertex -20.2236 8.41472 0
      vertex -20.2236 8.41472 8
      vertex -20.0222 8.46622 8
    endloop
  endfacet
  facet normal -0.259071 0.965858 0
    outer loop
      vertex -20.4275 8.36005 0
      vertex -20.2236 8.41472 8
      vertex -20.2236 8.41472 0
    endloop
  endfacet
  facet normal -0.259071 0.965858 0
    outer loop
      vertex -20.4275 8.36005 0
      vertex -20.4275 8.36005 8
      vertex -20.2236 8.41472 8
    endloop
  endfacet
  facet normal -0.269652 0.962958 0
    outer loop
      vertex -20.6003 8.31166 0
      vertex -20.4275 8.36005 8
      vertex -20.4275 8.36005 0
    endloop
  endfacet
  facet normal -0.269652 0.962958 0
    outer loop
      vertex -20.6003 8.31166 0
      vertex -20.6003 8.31166 8
      vertex -20.4275 8.36005 8
    endloop
  endfacet
  facet normal -0.984237 0.176857 0
    outer loop
      vertex -20.69 7.81252 0
      vertex -20.6003 8.31166 8
      vertex -20.6003 8.31166 0
    endloop
  endfacet
  facet normal -0.984237 0.176857 0
    outer loop
      vertex -20.69 7.81252 0
      vertex -20.69 7.81252 8
      vertex -20.6003 8.31166 8
    endloop
  endfacet
  facet normal -0.990649 0.136436 0
    outer loop
      vertex -20.7581 7.31738 0
      vertex -20.69 7.81252 8
      vertex -20.69 7.81252 0
    endloop
  endfacet
  facet normal -0.990649 0.136436 0
    outer loop
      vertex -20.7581 7.31738 0
      vertex -20.7581 7.31738 8
      vertex -20.69 7.81252 8
    endloop
  endfacet
  facet normal -0.579788 -0.814767 0
    outer loop
      vertex -20.6713 7.2556 0
      vertex -20.7581 7.31738 8
      vertex -20.7581 7.31738 0
    endloop
  endfacet
  facet normal -0.579788 -0.814767 0
    outer loop
      vertex -20.6713 7.2556 0
      vertex -20.6713 7.2556 8
      vertex -20.7581 7.31738 8
    endloop
  endfacet
  facet normal -0.562709 -0.826655 0
    outer loop
      vertex -20.4706 7.11897 0
      vertex -20.6713 7.2556 8
      vertex -20.6713 7.2556 0
    endloop
  endfacet
  facet normal -0.562709 -0.826655 0
    outer loop
      vertex -20.4706 7.11897 0
      vertex -20.4706 7.11897 8
      vertex -20.6713 7.2556 8
    endloop
  endfacet
  facet normal -0.546171 -0.837674 0
    outer loop
      vertex -20.2777 6.99318 0
      vertex -20.4706 7.11897 8
      vertex -20.4706 7.11897 0
    endloop
  endfacet
  facet normal -0.546171 -0.837674 0
    outer loop
      vertex -20.2777 6.99318 0
      vertex -20.2777 6.99318 8
      vertex -20.4706 7.11897 8
    endloop
  endfacet
  facet normal -0.530174 -0.847889 0
    outer loop
      vertex -20.0922 6.8772 0
      vertex -20.2777 6.99318 8
      vertex -20.2777 6.99318 0
    endloop
  endfacet
  facet normal -0.530174 -0.847889 0
    outer loop
      vertex -20.0922 6.8772 0
      vertex -20.0922 6.8772 8
      vertex -20.2777 6.99318 8
    endloop
  endfacet
  facet normal -0.515228 -0.857053 0
    outer loop
      vertex -19.9138 6.76993 0
      vertex -20.0922 6.8772 8
      vertex -20.0922 6.8772 0
    endloop
  endfacet
  facet normal -0.515228 -0.857053 0
    outer loop
      vertex -19.9138 6.76993 0
      vertex -19.9138 6.76993 8
      vertex -20.0922 6.8772 8
    endloop
  endfacet
  facet normal -0.500603 -0.865677 0
    outer loop
      vertex -19.7419 6.67056 0
      vertex -19.9138 6.76993 8
      vertex -19.9138 6.76993 0
    endloop
  endfacet
  facet normal -0.500603 -0.865677 0
    outer loop
      vertex -19.7419 6.67056 0
      vertex -19.7419 6.67056 8
      vertex -19.9138 6.76993 8
    endloop
  endfacet
  facet normal -0.486394 -0.873739 0
    outer loop
      vertex -19.5762 6.57832 0
      vertex -19.7419 6.67056 8
      vertex -19.7419 6.67056 0
    endloop
  endfacet
  facet normal -0.486394 -0.873739 0
    outer loop
      vertex -19.5762 6.57832 0
      vertex -19.5762 6.57832 8
      vertex -19.7419 6.67056 8
    endloop
  endfacet
  facet normal -0.472832 -0.881153 0
    outer loop
      vertex -19.4162 6.49243 0
      vertex -19.5762 6.57832 8
      vertex -19.5762 6.57832 0
    endloop
  endfacet
  facet normal -0.472832 -0.881153 0
    outer loop
      vertex -19.4162 6.49243 0
      vertex -19.4162 6.49243 8
      vertex -19.5762 6.57832 8
    endloop
  endfacet
  facet normal -0.460797 -0.887506 0
    outer loop
      vertex -19.2612 6.41199 0
      vertex -19.4162 6.49243 8
      vertex -19.4162 6.49243 0
    endloop
  endfacet
  facet normal -0.460797 -0.887506 0
    outer loop
      vertex -19.2612 6.41199 0
      vertex -19.2612 6.41199 8
      vertex -19.4162 6.49243 8
    endloop
  endfacet
  facet normal -0.448447 -0.893809 0
    outer loop
      vertex -19.1109 6.33656 0
      vertex -19.2612 6.41199 8
      vertex -19.2612 6.41199 0
    endloop
  endfacet
  facet normal -0.448447 -0.893809 0
    outer loop
      vertex -19.1109 6.33656 0
      vertex -19.1109 6.33656 8
      vertex -19.2612 6.41199 8
    endloop
  endfacet
  facet normal -0.431749 -0.901994 0
    outer loop
      vertex -18.822 6.19829 0
      vertex -19.1109 6.33656 8
      vertex -19.1109 6.33656 0
    endloop
  endfacet
  facet normal -0.431749 -0.901994 0
    outer loop
      vertex -18.822 6.19829 0
      vertex -18.822 6.19829 8
      vertex -19.1109 6.33656 8
    endloop
  endfacet
  facet normal -0.411313 -0.911494 0
    outer loop
      vertex -18.5458 6.07364 0
      vertex -18.822 6.19829 8
      vertex -18.822 6.19829 0
    endloop
  endfacet
  facet normal -0.411313 -0.911494 0
    outer loop
      vertex -18.5458 6.07364 0
      vertex -18.5458 6.07364 8
      vertex -18.822 6.19829 8
    endloop
  endfacet
  facet normal -0.393278 -0.91942 0
    outer loop
      vertex -18.2792 5.95959 0
      vertex -18.5458 6.07364 8
      vertex -18.5458 6.07364 0
    endloop
  endfacet
  facet normal -0.393278 -0.91942 0
    outer loop
      vertex -18.2792 5.95959 0
      vertex -18.2792 5.95959 8
      vertex -18.5458 6.07364 8
    endloop
  endfacet
  facet normal -0.37401 -0.927425 0
    outer loop
      vertex -17.8612 5.79103 0
      vertex -18.2792 5.95959 8
      vertex -18.2792 5.95959 0
    endloop
  endfacet
  facet normal -0.37401 -0.927425 0
    outer loop
      vertex -17.8612 5.79103 0
      vertex -17.8612 5.79103 8
      vertex -18.2792 5.95959 8
    endloop
  endfacet
  facet normal -0.109188 -0.994021 0
    outer loop
      vertex -17.4757 5.74869 0
      vertex -17.8612 5.79103 8
      vertex -17.8612 5.79103 0
    endloop
  endfacet
  facet normal -0.109188 -0.994021 0
    outer loop
      vertex -17.4757 5.74869 0
      vertex -17.4757 5.74869 8
      vertex -17.8612 5.79103 8
    endloop
  endfacet
  facet normal -0.780718 -0.624883 0
    outer loop
      vertex -17.3335 5.57103 0
      vertex -17.4757 5.74869 8
      vertex -17.4757 5.74869 0
    endloop
  endfacet
  facet normal -0.780718 -0.624883 0
    outer loop
      vertex -17.3335 5.57103 0
      vertex -17.3335 5.57103 8
      vertex -17.4757 5.74869 8
    endloop
  endfacet
  facet normal -0.305219 -0.952282 0
    outer loop
      vertex -17.3288 5.5695 0
      vertex -17.3335 5.57103 8
      vertex -17.3335 5.57103 0
    endloop
  endfacet
  facet normal -0.305219 -0.952282 0
    outer loop
      vertex -17.3288 5.5695 0
      vertex -17.3288 5.5695 8
      vertex -17.3335 5.57103 8
    endloop
  endfacet
  facet normal -0.994762 0.102214 0
    outer loop
      vertex -17.4069 4.80888 0
      vertex -17.3288 5.5695 8
      vertex -17.3288 5.5695 0
    endloop
  endfacet
  facet normal -0.994762 0.102214 0
    outer loop
      vertex -17.4069 4.80888 0
      vertex -17.4069 4.80888 8
      vertex -17.3288 5.5695 8
    endloop
  endfacet
  facet normal -0.997299 0.0734508 0
    outer loop
      vertex -17.4566 4.13368 0
      vertex -17.4069 4.80888 8
      vertex -17.4069 4.80888 0
    endloop
  endfacet
  facet normal -0.997299 0.0734508 0
    outer loop
      vertex -17.4566 4.13368 0
      vertex -17.4566 4.13368 8
      vertex -17.4069 4.80888 8
    endloop
  endfacet
  facet normal 0.232426 0.972614 0
    outer loop
      vertex -17.4608 4.13467 0
      vertex -17.4566 4.13368 8
      vertex -17.4566 4.13368 0
    endloop
  endfacet
  facet normal 0.232426 0.972614 -0
    outer loop
      vertex -17.4608 4.13467 0
      vertex -17.4608 4.13467 8
      vertex -17.4566 4.13368 8
    endloop
  endfacet
  facet normal -0.657141 0.753768 0
    outer loop
      vertex -17.6323 3.98514 0
      vertex -17.4608 4.13467 8
      vertex -17.4608 4.13467 0
    endloop
  endfacet
  facet normal -0.657141 0.753768 0
    outer loop
      vertex -17.6323 3.98514 0
      vertex -17.6323 3.98514 8
      vertex -17.4608 4.13467 8
    endloop
  endfacet
  facet normal 0.0680018 0.997685 0
    outer loop
      vertex -18.1004 4.01704 0
      vertex -17.6323 3.98514 8
      vertex -17.6323 3.98514 0
    endloop
  endfacet
  facet normal 0.0680018 0.997685 -0
    outer loop
      vertex -18.1004 4.01704 0
      vertex -18.1004 4.01704 8
      vertex -17.6323 3.98514 8
    endloop
  endfacet
  facet normal -0.176017 0.984387 0
    outer loop
      vertex -18.3742 3.96809 0
      vertex -18.1004 4.01704 8
      vertex -18.1004 4.01704 0
    endloop
  endfacet
  facet normal -0.176017 0.984387 0
    outer loop
      vertex -18.3742 3.96809 0
      vertex -18.3742 3.96809 8
      vertex -18.1004 4.01704 8
    endloop
  endfacet
  facet normal -0.203576 0.979059 0
    outer loop
      vertex -18.6139 3.91824 0
      vertex -18.3742 3.96809 8
      vertex -18.3742 3.96809 0
    endloop
  endfacet
  facet normal -0.203576 0.979059 0
    outer loop
      vertex -18.6139 3.91824 0
      vertex -18.6139 3.91824 8
      vertex -18.3742 3.96809 8
    endloop
  endfacet
  facet normal -0.230924 0.972972 0
    outer loop
      vertex -18.8869 3.85345 0
      vertex -18.6139 3.91824 8
      vertex -18.6139 3.91824 0
    endloop
  endfacet
  facet normal -0.230924 0.972972 0
    outer loop
      vertex -18.8869 3.85345 0
      vertex -18.8869 3.85345 8
      vertex -18.6139 3.91824 8
    endloop
  endfacet
  facet normal -0.254695 0.967022 0
    outer loop
      vertex -19.1862 3.77461 0
      vertex -18.8869 3.85345 8
      vertex -18.8869 3.85345 0
    endloop
  endfacet
  facet normal -0.254695 0.967022 0
    outer loop
      vertex -19.1862 3.77461 0
      vertex -19.1862 3.77461 8
      vertex -18.8869 3.85345 8
    endloop
  endfacet
  facet normal -0.275539 0.96129 0
    outer loop
      vertex -19.506 3.68295 0
      vertex -19.1862 3.77461 8
      vertex -19.1862 3.77461 0
    endloop
  endfacet
  facet normal -0.275539 0.96129 0
    outer loop
      vertex -19.506 3.68295 0
      vertex -19.506 3.68295 8
      vertex -19.1862 3.77461 8
    endloop
  endfacet
  facet normal -0.293948 0.955821 0
    outer loop
      vertex -19.8414 3.57982 0
      vertex -19.506 3.68295 8
      vertex -19.506 3.68295 0
    endloop
  endfacet
  facet normal -0.293948 0.955821 0
    outer loop
      vertex -19.8414 3.57982 0
      vertex -19.8414 3.57982 8
      vertex -19.506 3.68295 8
    endloop
  endfacet
  facet normal -0.310486 0.950578 0
    outer loop
      vertex -20.1889 3.46632 0
      vertex -19.8414 3.57982 8
      vertex -19.8414 3.57982 0
    endloop
  endfacet
  facet normal -0.310486 0.950578 0
    outer loop
      vertex -20.1889 3.46632 0
      vertex -20.1889 3.46632 8
      vertex -19.8414 3.57982 8
    endloop
  endfacet
  facet normal -0.32542 0.94557 0
    outer loop
      vertex -20.5466 3.3432 0
      vertex -20.1889 3.46632 8
      vertex -20.1889 3.46632 0
    endloop
  endfacet
  facet normal -0.32542 0.94557 0
    outer loop
      vertex -20.5466 3.3432 0
      vertex -20.5466 3.3432 8
      vertex -20.1889 3.46632 8
    endloop
  endfacet
  facet normal -0.339509 0.940603 0
    outer loop
      vertex -20.9146 3.21037 0
      vertex -20.5466 3.3432 8
      vertex -20.5466 3.3432 0
    endloop
  endfacet
  facet normal -0.339509 0.940603 0
    outer loop
      vertex -20.9146 3.21037 0
      vertex -20.9146 3.21037 8
      vertex -20.5466 3.3432 8
    endloop
  endfacet
  facet normal -0.353501 0.935434 0
    outer loop
      vertex -21.1441 3.12364 0
      vertex -20.9146 3.21037 8
      vertex -20.9146 3.21037 0
    endloop
  endfacet
  facet normal -0.353501 0.935434 0
    outer loop
      vertex -21.1441 3.12364 0
      vertex -21.1441 3.12364 8
      vertex -20.9146 3.21037 8
    endloop
  endfacet
  facet normal -0.998791 0.0491615 0
    outer loop
      vertex -21.1732 2.53308 0
      vertex -21.1441 3.12364 8
      vertex -21.1441 3.12364 0
    endloop
  endfacet
  facet normal -0.998791 0.0491615 0
    outer loop
      vertex -21.1732 2.53308 0
      vertex -21.1732 2.53308 8
      vertex -21.1441 3.12364 8
    endloop
  endfacet
  facet normal -0.999604 0.0281322 0
    outer loop
      vertex -21.1864 2.06355 0
      vertex -21.1732 2.53308 8
      vertex -21.1732 2.53308 0
    endloop
  endfacet
  facet normal -0.999604 0.0281322 0
    outer loop
      vertex -21.1864 2.06355 0
      vertex -21.1864 2.06355 8
      vertex -21.1732 2.53308 8
    endloop
  endfacet
  facet normal -0.436024 -0.899935 0
    outer loop
      vertex -20.9958 1.97122 0
      vertex -21.1864 2.06355 8
      vertex -21.1864 2.06355 0
    endloop
  endfacet
  facet normal -0.436024 -0.899935 0
    outer loop
      vertex -20.9958 1.97122 0
      vertex -20.9958 1.97122 8
      vertex -21.1864 2.06355 8
    endloop
  endfacet
  facet normal -0.425412 -0.905 0
    outer loop
      vertex -20.8042 1.88112 0
      vertex -20.9958 1.97122 8
      vertex -20.9958 1.97122 0
    endloop
  endfacet
  facet normal -0.425412 -0.905 0
    outer loop
      vertex -20.8042 1.88112 0
      vertex -20.8042 1.88112 8
      vertex -20.9958 1.97122 8
    endloop
  endfacet
  facet normal -0.415041 -0.909803 0
    outer loop
      vertex -20.6183 1.79636 0
      vertex -20.8042 1.88112 8
      vertex -20.8042 1.88112 0
    endloop
  endfacet
  facet normal -0.415041 -0.909803 0
    outer loop
      vertex -20.6183 1.79636 0
      vertex -20.6183 1.79636 8
      vertex -20.8042 1.88112 8
    endloop
  endfacet
  facet normal -0.401274 -0.915958 0
    outer loop
      vertex -20.2621 1.64027 0
      vertex -20.6183 1.79636 8
      vertex -20.6183 1.79636 0
    endloop
  endfacet
  facet normal -0.401274 -0.915958 0
    outer loop
      vertex -20.2621 1.64027 0
      vertex -20.2621 1.64027 8
      vertex -20.6183 1.79636 8
    endloop
  endfacet
  facet normal -0.384123 -0.923282 0
    outer loop
      vertex -19.9229 1.49915 0
      vertex -20.2621 1.64027 8
      vertex -20.2621 1.64027 0
    endloop
  endfacet
  facet normal -0.384123 -0.923282 0
    outer loop
      vertex -19.9229 1.49915 0
      vertex -19.9229 1.49915 8
      vertex -20.2621 1.64027 8
    endloop
  endfacet
  facet normal -0.368548 -0.929609 0
    outer loop
      vertex -19.5974 1.37012 0
      vertex -19.9229 1.49915 8
      vertex -19.9229 1.49915 0
    endloop
  endfacet
  facet normal -0.368548 -0.929609 0
    outer loop
      vertex -19.5974 1.37012 0
      vertex -19.5974 1.37012 8
      vertex -19.9229 1.49915 8
    endloop
  endfacet
  facet normal -0.354143 -0.935191 0
    outer loop
      vertex -19.2837 1.25133 0
      vertex -19.5974 1.37012 8
      vertex -19.5974 1.37012 0
    endloop
  endfacet
  facet normal -0.354143 -0.935191 0
    outer loop
      vertex -19.2837 1.25133 0
      vertex -19.2837 1.25133 8
      vertex -19.5974 1.37012 8
    endloop
  endfacet
  facet normal -0.340253 -0.940334 0
    outer loop
      vertex -18.9813 1.14191 0
      vertex -19.2837 1.25133 8
      vertex -19.2837 1.25133 0
    endloop
  endfacet
  facet normal -0.340253 -0.940334 0
    outer loop
      vertex -18.9813 1.14191 0
      vertex -18.9813 1.14191 8
      vertex -19.2837 1.25133 8
    endloop
  endfacet
  facet normal -0.32611 -0.945332 0
    outer loop
      vertex -18.6915 1.04193 0
      vertex -18.9813 1.14191 8
      vertex -18.9813 1.14191 0
    endloop
  endfacet
  facet normal -0.32611 -0.945332 0
    outer loop
      vertex -18.6915 1.04193 0
      vertex -18.6915 1.04193 8
      vertex -18.9813 1.14191 8
    endloop
  endfacet
  facet normal -0.311178 -0.950352 0
    outer loop
      vertex -18.4173 0.952148 0
      vertex -18.6915 1.04193 8
      vertex -18.6915 1.04193 0
    endloop
  endfacet
  facet normal -0.311178 -0.950352 0
    outer loop
      vertex -18.4173 0.952148 0
      vertex -18.4173 0.952148 8
      vertex -18.6915 1.04193 8
    endloop
  endfacet
  facet normal -0.296799 -0.95494 0
    outer loop
      vertex -18.1238 0.860931 0
      vertex -18.4173 0.952148 8
      vertex -18.4173 0.952148 0
    endloop
  endfacet
  facet normal -0.296799 -0.95494 0
    outer loop
      vertex -18.1238 0.860931 0
      vertex -18.1238 0.860931 8
      vertex -18.4173 0.952148 8
    endloop
  endfacet
  facet normal -0.0129988 -0.999916 0
    outer loop
      vertex -17.7552 0.85614 0
      vertex -18.1238 0.860931 8
      vertex -18.1238 0.860931 0
    endloop
  endfacet
  facet normal -0.0129988 -0.999916 0
    outer loop
      vertex -17.7552 0.85614 0
      vertex -17.7552 0.85614 8
      vertex -18.1238 0.860931 8
    endloop
  endfacet
  facet normal -0.716267 -0.697827 0
    outer loop
      vertex -17.5965 0.693146 0
      vertex -17.7552 0.85614 8
      vertex -17.7552 0.85614 0
    endloop
  endfacet
  facet normal -0.716267 -0.697827 0
    outer loop
      vertex -17.5965 0.693146 0
      vertex -17.5965 0.693146 8
      vertex -17.7552 0.85614 8
    endloop
  endfacet
  facet normal -0.0372083 -0.999308 0
    outer loop
      vertex -17.5936 0.693039 0
      vertex -17.5965 0.693146 8
      vertex -17.5965 0.693146 0
    endloop
  endfacet
  facet normal -0.0372083 -0.999308 0
    outer loop
      vertex -17.5936 0.693039 0
      vertex -17.5936 0.693039 8
      vertex -17.5965 0.693146 8
    endloop
  endfacet
  facet normal -0.999958 0.00913676 0
    outer loop
      vertex -17.5999 0 0
      vertex -17.5936 0.693039 8
      vertex -17.5936 0.693039 0
    endloop
  endfacet
  facet normal -0.999958 0.00913676 0
    outer loop
      vertex -17.5999 0 0
      vertex -17.5999 0 8
      vertex -17.5936 0.693039 8
    endloop
  endfacet
  facet normal -0.999958 -0.00913676 0
    outer loop
      vertex -17.5936 -0.693039 0
      vertex -17.5999 0 8
      vertex -17.5999 0 0
    endloop
  endfacet
  facet normal -0.999958 -0.00913676 0
    outer loop
      vertex -17.5936 -0.693039 0
      vertex -17.5936 -0.693039 8
      vertex -17.5999 0 8
    endloop
  endfacet
  facet normal -0.0372083 0.999308 0
    outer loop
      vertex -17.5965 -0.693146 0
      vertex -17.5936 -0.693039 8
      vertex -17.5936 -0.693039 0
    endloop
  endfacet
  facet normal -0.0372083 0.999308 0
    outer loop
      vertex -17.5965 -0.693146 0
      vertex -17.5965 -0.693146 8
      vertex -17.5936 -0.693039 8
    endloop
  endfacet
  facet normal -0.716267 0.697827 0
    outer loop
      vertex -17.7552 -0.85614 0
      vertex -17.5965 -0.693146 8
      vertex -17.5965 -0.693146 0
    endloop
  endfacet
  facet normal -0.716267 0.697827 0
    outer loop
      vertex -17.7552 -0.85614 0
      vertex -17.7552 -0.85614 8
      vertex -17.5965 -0.693146 8
    endloop
  endfacet
  facet normal -0.0129988 0.999916 0
    outer loop
      vertex -18.1238 -0.860931 0
      vertex -17.7552 -0.85614 8
      vertex -17.7552 -0.85614 0
    endloop
  endfacet
  facet normal -0.0129988 0.999916 0
    outer loop
      vertex -18.1238 -0.860931 0
      vertex -18.1238 -0.860931 8
      vertex -17.7552 -0.85614 8
    endloop
  endfacet
  facet normal -0.296799 0.95494 0
    outer loop
      vertex -18.4173 -0.952148 0
      vertex -18.1238 -0.860931 8
      vertex -18.1238 -0.860931 0
    endloop
  endfacet
  facet normal -0.296799 0.95494 0
    outer loop
      vertex -18.4173 -0.952148 0
      vertex -18.4173 -0.952148 8
      vertex -18.1238 -0.860931 8
    endloop
  endfacet
  facet normal -0.311178 0.950352 0
    outer loop
      vertex -18.6915 -1.04193 0
      vertex -18.4173 -0.952148 8
      vertex -18.4173 -0.952148 0
    endloop
  endfacet
  facet normal -0.311178 0.950352 0
    outer loop
      vertex -18.6915 -1.04193 0
      vertex -18.6915 -1.04193 8
      vertex -18.4173 -0.952148 8
    endloop
  endfacet
  facet normal -0.32611 0.945332 0
    outer loop
      vertex -18.9813 -1.14191 0
      vertex -18.6915 -1.04193 8
      vertex -18.6915 -1.04193 0
    endloop
  endfacet
  facet normal -0.32611 0.945332 0
    outer loop
      vertex -18.9813 -1.14191 0
      vertex -18.9813 -1.14191 8
      vertex -18.6915 -1.04193 8
    endloop
  endfacet
  facet normal -0.340253 0.940334 0
    outer loop
      vertex -19.2837 -1.25133 0
      vertex -18.9813 -1.14191 8
      vertex -18.9813 -1.14191 0
    endloop
  endfacet
  facet normal -0.340253 0.940334 0
    outer loop
      vertex -19.2837 -1.25133 0
      vertex -19.2837 -1.25133 8
      vertex -18.9813 -1.14191 8
    endloop
  endfacet
  facet normal -0.354143 0.935191 0
    outer loop
      vertex -19.5974 -1.37012 0
      vertex -19.2837 -1.25133 8
      vertex -19.2837 -1.25133 0
    endloop
  endfacet
  facet normal -0.354143 0.935191 0
    outer loop
      vertex -19.5974 -1.37012 0
      vertex -19.5974 -1.37012 8
      vertex -19.2837 -1.25133 8
    endloop
  endfacet
  facet normal -0.368548 0.929609 0
    outer loop
      vertex -19.9229 -1.49915 0
      vertex -19.5974 -1.37012 8
      vertex -19.5974 -1.37012 0
    endloop
  endfacet
  facet normal -0.368548 0.929609 0
    outer loop
      vertex -19.9229 -1.49915 0
      vertex -19.9229 -1.49915 8
      vertex -19.5974 -1.37012 8
    endloop
  endfacet
  facet normal -0.384123 0.923282 0
    outer loop
      vertex -20.2621 -1.64027 0
      vertex -19.9229 -1.49915 8
      vertex -19.9229 -1.49915 0
    endloop
  endfacet
  facet normal -0.384123 0.923282 0
    outer loop
      vertex -20.2621 -1.64027 0
      vertex -20.2621 -1.64027 8
      vertex -19.9229 -1.49915 8
    endloop
  endfacet
  facet normal -0.401274 0.915958 0
    outer loop
      vertex -20.6183 -1.79636 0
      vertex -20.2621 -1.64027 8
      vertex -20.2621 -1.64027 0
    endloop
  endfacet
  facet normal -0.401274 0.915958 0
    outer loop
      vertex -20.6183 -1.79636 0
      vertex -20.6183 -1.79636 8
      vertex -20.2621 -1.64027 8
    endloop
  endfacet
  facet normal -0.415041 0.909803 0
    outer loop
      vertex -20.8042 -1.88112 0
      vertex -20.6183 -1.79636 8
      vertex -20.6183 -1.79636 0
    endloop
  endfacet
  facet normal -0.415041 0.909803 0
    outer loop
      vertex -20.8042 -1.88112 0
      vertex -20.8042 -1.88112 8
      vertex -20.6183 -1.79636 8
    endloop
  endfacet
  facet normal -0.425412 0.905 0
    outer loop
      vertex -20.9958 -1.97122 0
      vertex -20.8042 -1.88112 8
      vertex -20.8042 -1.88112 0
    endloop
  endfacet
  facet normal -0.425412 0.905 0
    outer loop
      vertex -20.9958 -1.97122 0
      vertex -20.9958 -1.97122 8
      vertex -20.8042 -1.88112 8
    endloop
  endfacet
  facet normal -0.436024 0.899935 0
    outer loop
      vertex -21.1864 -2.06355 0
      vertex -20.9958 -1.97122 8
      vertex -20.9958 -1.97122 0
    endloop
  endfacet
  facet normal -0.436024 0.899935 0
    outer loop
      vertex -21.1864 -2.06355 0
      vertex -21.1864 -2.06355 8
      vertex -20.9958 -1.97122 8
    endloop
  endfacet
  facet normal -0.999604 -0.0281322 0
    outer loop
      vertex -21.1732 -2.53308 0
      vertex -21.1864 -2.06355 8
      vertex -21.1864 -2.06355 0
    endloop
  endfacet
  facet normal -0.999604 -0.0281322 0
    outer loop
      vertex -21.1732 -2.53308 0
      vertex -21.1732 -2.53308 8
      vertex -21.1864 -2.06355 8
    endloop
  endfacet
  facet normal -0.998791 -0.0491615 0
    outer loop
      vertex -21.1441 -3.12364 0
      vertex -21.1732 -2.53308 8
      vertex -21.1732 -2.53308 0
    endloop
  endfacet
  facet normal -0.998791 -0.0491615 0
    outer loop
      vertex -21.1441 -3.12364 0
      vertex -21.1441 -3.12364 8
      vertex -21.1732 -2.53308 8
    endloop
  endfacet
  facet normal -0.353501 -0.935434 0
    outer loop
      vertex -20.9146 -3.21037 0
      vertex -21.1441 -3.12364 8
      vertex -21.1441 -3.12364 0
    endloop
  endfacet
  facet normal -0.353501 -0.935434 0
    outer loop
      vertex -20.9146 -3.21037 0
      vertex -20.9146 -3.21037 8
      vertex -21.1441 -3.12364 8
    endloop
  endfacet
  facet normal -0.339509 -0.940603 0
    outer loop
      vertex -20.5466 -3.3432 0
      vertex -20.9146 -3.21037 8
      vertex -20.9146 -3.21037 0
    endloop
  endfacet
  facet normal -0.339509 -0.940603 0
    outer loop
      vertex -20.5466 -3.3432 0
      vertex -20.5466 -3.3432 8
      vertex -20.9146 -3.21037 8
    endloop
  endfacet
  facet normal -0.32542 -0.94557 0
    outer loop
      vertex -20.1889 -3.46632 0
      vertex -20.5466 -3.3432 8
      vertex -20.5466 -3.3432 0
    endloop
  endfacet
  facet normal -0.32542 -0.94557 0
    outer loop
      vertex -20.1889 -3.46632 0
      vertex -20.1889 -3.46632 8
      vertex -20.5466 -3.3432 8
    endloop
  endfacet
  facet normal -0.310486 -0.950578 0
    outer loop
      vertex -19.8414 -3.57982 0
      vertex -20.1889 -3.46632 8
      vertex -20.1889 -3.46632 0
    endloop
  endfacet
  facet normal -0.310486 -0.950578 0
    outer loop
      vertex -19.8414 -3.57982 0
      vertex -19.8414 -3.57982 8
      vertex -20.1889 -3.46632 8
    endloop
  endfacet
  facet normal -0.293948 -0.955821 0
    outer loop
      vertex -19.506 -3.68295 0
      vertex -19.8414 -3.57982 8
      vertex -19.8414 -3.57982 0
    endloop
  endfacet
  facet normal -0.293948 -0.955821 0
    outer loop
      vertex -19.506 -3.68295 0
      vertex -19.506 -3.68295 8
      vertex -19.8414 -3.57982 8
    endloop
  endfacet
  facet normal -0.275539 -0.96129 0
    outer loop
      vertex -19.1862 -3.77461 0
      vertex -19.506 -3.68295 8
      vertex -19.506 -3.68295 0
    endloop
  endfacet
  facet normal -0.275539 -0.96129 0
    outer loop
      vertex -19.1862 -3.77461 0
      vertex -19.1862 -3.77461 8
      vertex -19.506 -3.68295 8
    endloop
  endfacet
  facet normal -0.254695 -0.967022 0
    outer loop
      vertex -18.8869 -3.85345 0
      vertex -19.1862 -3.77461 8
      vertex -19.1862 -3.77461 0
    endloop
  endfacet
  facet normal -0.254695 -0.967022 0
    outer loop
      vertex -18.8869 -3.85345 0
      vertex -18.8869 -3.85345 8
      vertex -19.1862 -3.77461 8
    endloop
  endfacet
  facet normal -0.230924 -0.972972 0
    outer loop
      vertex -18.6139 -3.91824 0
      vertex -18.8869 -3.85345 8
      vertex -18.8869 -3.85345 0
    endloop
  endfacet
  facet normal -0.230924 -0.972972 0
    outer loop
      vertex -18.6139 -3.91824 0
      vertex -18.6139 -3.91824 8
      vertex -18.8869 -3.85345 8
    endloop
  endfacet
  facet normal -0.203576 -0.979059 0
    outer loop
      vertex -18.3742 -3.96809 0
      vertex -18.6139 -3.91824 8
      vertex -18.6139 -3.91824 0
    endloop
  endfacet
  facet normal -0.203576 -0.979059 0
    outer loop
      vertex -18.3742 -3.96809 0
      vertex -18.3742 -3.96809 8
      vertex -18.6139 -3.91824 8
    endloop
  endfacet
  facet normal -0.176017 -0.984387 0
    outer loop
      vertex -18.1004 -4.01704 0
      vertex -18.3742 -3.96809 8
      vertex -18.3742 -3.96809 0
    endloop
  endfacet
  facet normal -0.176017 -0.984387 0
    outer loop
      vertex -18.1004 -4.01704 0
      vertex -18.1004 -4.01704 8
      vertex -18.3742 -3.96809 8
    endloop
  endfacet
  facet normal 0.0680018 -0.997685 0
    outer loop
      vertex -17.6323 -3.98514 0
      vertex -18.1004 -4.01704 8
      vertex -18.1004 -4.01704 0
    endloop
  endfacet
  facet normal 0.0680018 -0.997685 0
    outer loop
      vertex -17.6323 -3.98514 0
      vertex -17.6323 -3.98514 8
      vertex -18.1004 -4.01704 8
    endloop
  endfacet
  facet normal -0.657141 -0.753768 0
    outer loop
      vertex -17.4608 -4.13467 0
      vertex -17.6323 -3.98514 8
      vertex -17.6323 -3.98514 0
    endloop
  endfacet
  facet normal -0.657141 -0.753768 0
    outer loop
      vertex -17.4608 -4.13467 0
      vertex -17.4608 -4.13467 8
      vertex -17.6323 -3.98514 8
    endloop
  endfacet
  facet normal 0.232426 -0.972614 0
    outer loop
      vertex -17.4566 -4.13368 0
      vertex -17.4608 -4.13467 8
      vertex -17.4608 -4.13467 0
    endloop
  endfacet
  facet normal 0.232426 -0.972614 0
    outer loop
      vertex -17.4566 -4.13368 0
      vertex -17.4566 -4.13368 8
      vertex -17.4608 -4.13467 8
    endloop
  endfacet
  facet normal -0.997299 -0.0734508 0
    outer loop
      vertex -17.4069 -4.80888 0
      vertex -17.4566 -4.13368 8
      vertex -17.4566 -4.13368 0
    endloop
  endfacet
  facet normal -0.997299 -0.0734508 0
    outer loop
      vertex -17.4069 -4.80888 0
      vertex -17.4069 -4.80888 8
      vertex -17.4566 -4.13368 8
    endloop
  endfacet
  facet normal -0.994762 -0.102214 0
    outer loop
      vertex -17.3288 -5.5695 0
      vertex -17.4069 -4.80888 8
      vertex -17.4069 -4.80888 0
    endloop
  endfacet
  facet normal -0.994762 -0.102214 0
    outer loop
      vertex -17.3288 -5.5695 0
      vertex -17.3288 -5.5695 8
      vertex -17.4069 -4.80888 8
    endloop
  endfacet
  facet normal -0.305219 0.952282 0
    outer loop
      vertex -17.3335 -5.57103 0
      vertex -17.3288 -5.5695 8
      vertex -17.3288 -5.5695 0
    endloop
  endfacet
  facet normal -0.305219 0.952282 0
    outer loop
      vertex -17.3335 -5.57103 0
      vertex -17.3335 -5.57103 8
      vertex -17.3288 -5.5695 8
    endloop
  endfacet
  facet normal -0.780718 0.624883 0
    outer loop
      vertex -17.4757 -5.74869 0
      vertex -17.3335 -5.57103 8
      vertex -17.3335 -5.57103 0
    endloop
  endfacet
  facet normal -0.780718 0.624883 0
    outer loop
      vertex -17.4757 -5.74869 0
      vertex -17.4757 -5.74869 8
      vertex -17.3335 -5.57103 8
    endloop
  endfacet
  facet normal -0.109188 0.994021 0
    outer loop
      vertex -17.8612 -5.79103 0
      vertex -17.4757 -5.74869 8
      vertex -17.4757 -5.74869 0
    endloop
  endfacet
  facet normal -0.109188 0.994021 0
    outer loop
      vertex -17.8612 -5.79103 0
      vertex -17.8612 -5.79103 8
      vertex -17.4757 -5.74869 8
    endloop
  endfacet
  facet normal -0.37089 0.928677 0
    outer loop
      vertex -18.1488 -5.90591 0
      vertex -17.8612 -5.79103 8
      vertex -17.8612 -5.79103 0
    endloop
  endfacet
  facet normal -0.37089 0.928677 0
    outer loop
      vertex -18.1488 -5.90591 0
      vertex -18.1488 -5.90591 8
      vertex -17.8612 -5.79103 8
    endloop
  endfacet
  facet normal -0.384825 0.92299 0
    outer loop
      vertex -18.4114 -6.0154 0
      vertex -18.1488 -5.90591 8
      vertex -18.1488 -5.90591 0
    endloop
  endfacet
  facet normal -0.384825 0.92299 0
    outer loop
      vertex -18.4114 -6.0154 0
      vertex -18.4114 -6.0154 8
      vertex -18.1488 -5.90591 8
    endloop
  endfacet
  facet normal -0.40207 0.915609 0
    outer loop
      vertex -18.6825 -6.13445 0
      vertex -18.4114 -6.0154 8
      vertex -18.4114 -6.0154 0
    endloop
  endfacet
  facet normal -0.40207 0.915609 0
    outer loop
      vertex -18.6825 -6.13445 0
      vertex -18.6825 -6.13445 8
      vertex -18.4114 -6.0154 8
    endloop
  endfacet
  facet normal -0.421467 0.906844 0
    outer loop
      vertex -18.9647 -6.26556 0
      vertex -18.6825 -6.13445 8
      vertex -18.6825 -6.13445 0
    endloop
  endfacet
  facet normal -0.421467 0.906844 0
    outer loop
      vertex -18.9647 -6.26556 0
      vertex -18.9647 -6.26556 8
      vertex -18.6825 -6.13445 8
    endloop
  endfacet
  facet normal -0.436746 0.899585 0
    outer loop
      vertex -19.1109 -6.33656 0
      vertex -18.9647 -6.26556 8
      vertex -18.9647 -6.26556 0
    endloop
  endfacet
  facet normal -0.436746 0.899585 0
    outer loop
      vertex -19.1109 -6.33656 0
      vertex -19.1109 -6.33656 8
      vertex -18.9647 -6.26556 8
    endloop
  endfacet
  facet normal -0.448447 0.893809 0
    outer loop
      vertex -19.2612 -6.41199 0
      vertex -19.1109 -6.33656 8
      vertex -19.1109 -6.33656 0
    endloop
  endfacet
  facet normal -0.448447 0.893809 0
    outer loop
      vertex -19.2612 -6.41199 0
      vertex -19.2612 -6.41199 8
      vertex -19.1109 -6.33656 8
    endloop
  endfacet
  facet normal -0.460797 0.887506 0
    outer loop
      vertex -19.4162 -6.49243 0
      vertex -19.2612 -6.41199 8
      vertex -19.2612 -6.41199 0
    endloop
  endfacet
  facet normal -0.460797 0.887506 0
    outer loop
      vertex -19.4162 -6.49243 0
      vertex -19.4162 -6.49243 8
      vertex -19.2612 -6.41199 8
    endloop
  endfacet
  facet normal -0.472832 0.881153 0
    outer loop
      vertex -19.5762 -6.57832 0
      vertex -19.4162 -6.49243 8
      vertex -19.4162 -6.49243 0
    endloop
  endfacet
  facet normal -0.472832 0.881153 0
    outer loop
      vertex -19.5762 -6.57832 0
      vertex -19.5762 -6.57832 8
      vertex -19.4162 -6.49243 8
    endloop
  endfacet
  facet normal -0.486394 0.873739 0
    outer loop
      vertex -19.7419 -6.67056 0
      vertex -19.5762 -6.57832 8
      vertex -19.5762 -6.57832 0
    endloop
  endfacet
  facet normal -0.486394 0.873739 0
    outer loop
      vertex -19.7419 -6.67056 0
      vertex -19.7419 -6.67056 8
      vertex -19.5762 -6.57832 8
    endloop
  endfacet
  facet normal -0.500603 0.865677 0
    outer loop
      vertex -19.9138 -6.76993 0
      vertex -19.7419 -6.67056 8
      vertex -19.7419 -6.67056 0
    endloop
  endfacet
  facet normal -0.500603 0.865677 0
    outer loop
      vertex -19.9138 -6.76993 0
      vertex -19.9138 -6.76993 8
      vertex -19.7419 -6.67056 8
    endloop
  endfacet
  facet normal -0.515228 0.857053 0
    outer loop
      vertex -20.0922 -6.8772 0
      vertex -19.9138 -6.76993 8
      vertex -19.9138 -6.76993 0
    endloop
  endfacet
  facet normal -0.515228 0.857053 0
    outer loop
      vertex -20.0922 -6.8772 0
      vertex -20.0922 -6.8772 8
      vertex -19.9138 -6.76993 8
    endloop
  endfacet
  facet normal -0.530174 0.847889 0
    outer loop
      vertex -20.2777 -6.99318 0
      vertex -20.0922 -6.8772 8
      vertex -20.0922 -6.8772 0
    endloop
  endfacet
  facet normal -0.530174 0.847889 0
    outer loop
      vertex -20.2777 -6.99318 0
      vertex -20.2777 -6.99318 8
      vertex -20.0922 -6.8772 8
    endloop
  endfacet
  facet normal -0.546171 0.837674 0
    outer loop
      vertex -20.4706 -7.11897 0
      vertex -20.2777 -6.99318 8
      vertex -20.2777 -6.99318 0
    endloop
  endfacet
  facet normal -0.546171 0.837674 0
    outer loop
      vertex -20.4706 -7.11897 0
      vertex -20.4706 -7.11897 8
      vertex -20.2777 -6.99318 8
    endloop
  endfacet
  facet normal -0.562709 0.826655 0
    outer loop
      vertex -20.6713 -7.2556 0
      vertex -20.4706 -7.11897 8
      vertex -20.4706 -7.11897 0
    endloop
  endfacet
  facet normal -0.562709 0.826655 0
    outer loop
      vertex -20.6713 -7.2556 0
      vertex -20.6713 -7.2556 8
      vertex -20.4706 -7.11897 8
    endloop
  endfacet
  facet normal -0.579788 0.814767 0
    outer loop
      vertex -20.7581 -7.31738 0
      vertex -20.6713 -7.2556 8
      vertex -20.6713 -7.2556 0
    endloop
  endfacet
  facet normal -0.579788 0.814767 0
    outer loop
      vertex -20.7581 -7.31738 0
      vertex -20.7581 -7.31738 8
      vertex -20.6713 -7.2556 8
    endloop
  endfacet
  facet normal -0.990649 -0.136436 0
    outer loop
      vertex -20.69 -7.81252 0
      vertex -20.7581 -7.31738 8
      vertex -20.7581 -7.31738 0
    endloop
  endfacet
  facet normal -0.990649 -0.136436 0
    outer loop
      vertex -20.69 -7.81252 0
      vertex -20.69 -7.81252 8
      vertex -20.7581 -7.31738 8
    endloop
  endfacet
  facet normal -0.984237 -0.176857 0
    outer loop
      vertex -20.6003 -8.31166 0
      vertex -20.69 -7.81252 8
      vertex -20.69 -7.81252 0
    endloop
  endfacet
  facet normal -0.984237 -0.176857 0
    outer loop
      vertex -20.6003 -8.31166 0
      vertex -20.6003 -8.31166 8
      vertex -20.69 -7.81252 8
    endloop
  endfacet
  facet normal -0.269652 -0.962958 0
    outer loop
      vertex -20.4275 -8.36005 0
      vertex -20.6003 -8.31166 8
      vertex -20.6003 -8.31166 0
    endloop
  endfacet
  facet normal -0.269652 -0.962958 0
    outer loop
      vertex -20.4275 -8.36005 0
      vertex -20.4275 -8.36005 8
      vertex -20.6003 -8.31166 8
    endloop
  endfacet
  facet normal -0.259071 -0.965858 0
    outer loop
      vertex -20.2236 -8.41472 0
      vertex -20.4275 -8.36005 8
      vertex -20.4275 -8.36005 0
    endloop
  endfacet
  facet normal -0.259071 -0.965858 0
    outer loop
      vertex -20.2236 -8.41472 0
      vertex -20.2236 -8.41472 8
      vertex -20.4275 -8.36005 8
    endloop
  endfacet
  facet normal -0.247678 -0.968842 0
    outer loop
      vertex -20.0222 -8.46622 0
      vertex -20.2236 -8.41472 8
      vertex -20.2236 -8.41472 0
    endloop
  endfacet
  facet normal -0.247678 -0.968842 0
    outer loop
      vertex -20.0222 -8.46622 0
      vertex -20.0222 -8.46622 8
      vertex -20.2236 -8.41472 8
    endloop
  endfacet
  facet normal -0.235923 -0.971772 0
    outer loop
      vertex -19.8237 -8.51442 0
      vertex -20.0222 -8.46622 8
      vertex -20.0222 -8.46622 0
    endloop
  endfacet
  facet normal -0.235923 -0.971772 0
    outer loop
      vertex -19.8237 -8.51442 0
      vertex -19.8237 -8.51442 8
      vertex -20.0222 -8.46622 8
    endloop
  endfacet
  facet normal -0.223026 -0.974813 0
    outer loop
      vertex -19.6287 -8.55902 0
      vertex -19.8237 -8.51442 8
      vertex -19.8237 -8.51442 0
    endloop
  endfacet
  facet normal -0.223026 -0.974813 0
    outer loop
      vertex -19.6287 -8.55902 0
      vertex -19.6287 -8.55902 8
      vertex -19.8237 -8.51442 8
    endloop
  endfacet
  facet normal -0.209075 -0.9779 0
    outer loop
      vertex -19.4381 -8.59978 0
      vertex -19.6287 -8.55902 8
      vertex -19.6287 -8.55902 0
    endloop
  endfacet
  facet normal -0.209075 -0.9779 0
    outer loop
      vertex -19.4381 -8.59978 0
      vertex -19.4381 -8.59978 8
      vertex -19.6287 -8.55902 8
    endloop
  endfacet
  facet normal -0.194767 -0.98085 0
    outer loop
      vertex -19.2525 -8.63663 0
      vertex -19.4381 -8.59978 8
      vertex -19.4381 -8.59978 0
    endloop
  endfacet
  facet normal -0.194767 -0.98085 0
    outer loop
      vertex -19.2525 -8.63663 0
      vertex -19.2525 -8.63663 8
      vertex -19.4381 -8.59978 8
    endloop
  endfacet
  facet normal -0.179621 -0.983736 0
    outer loop
      vertex -19.0728 -8.66943 0
      vertex -19.2525 -8.63663 8
      vertex -19.2525 -8.63663 0
    endloop
  endfacet
  facet normal -0.179621 -0.983736 0
    outer loop
      vertex -19.0728 -8.66943 0
      vertex -19.0728 -8.66943 8
      vertex -19.2525 -8.63663 8
    endloop
  endfacet
  facet normal -0.162775 -0.986663 0
    outer loop
      vertex -18.9 -8.69795 0
      vertex -19.0728 -8.66943 8
      vertex -19.0728 -8.66943 0
    endloop
  endfacet
  facet normal -0.162775 -0.986663 0
    outer loop
      vertex -18.9 -8.69795 0
      vertex -18.9 -8.69795 8
      vertex -19.0728 -8.66943 8
    endloop
  endfacet
  facet normal -0.145412 -0.989371 0
    outer loop
      vertex -18.7348 -8.72223 0
      vertex -18.9 -8.69795 8
      vertex -18.9 -8.69795 0
    endloop
  endfacet
  facet normal -0.145412 -0.989371 0
    outer loop
      vertex -18.7348 -8.72223 0
      vertex -18.7348 -8.72223 8
      vertex -18.9 -8.69795 8
    endloop
  endfacet
  facet normal -0.127413 -0.99185 0
    outer loop
      vertex -18.5782 -8.74234 0
      vertex -18.7348 -8.72223 8
      vertex -18.7348 -8.72223 0
    endloop
  endfacet
  facet normal -0.127413 -0.99185 0
    outer loop
      vertex -18.5782 -8.74234 0
      vertex -18.5782 -8.74234 8
      vertex -18.7348 -8.72223 8
    endloop
  endfacet
  facet normal -0.108199 -0.994129 0
    outer loop
      vertex -18.4313 -8.75833 0
      vertex -18.5782 -8.74234 8
      vertex -18.5782 -8.74234 0
    endloop
  endfacet
  facet normal -0.108199 -0.994129 0
    outer loop
      vertex -18.4313 -8.75833 0
      vertex -18.4313 -8.75833 8
      vertex -18.5782 -8.74234 8
    endloop
  endfacet
  facet normal -0.088203 -0.996103 0
    outer loop
      vertex -18.295 -8.7704 0
      vertex -18.4313 -8.75833 8
      vertex -18.4313 -8.75833 0
    endloop
  endfacet
  facet normal -0.088203 -0.996103 0
    outer loop
      vertex -18.295 -8.7704 0
      vertex -18.295 -8.7704 8
      vertex -18.4313 -8.75833 8
    endloop
  endfacet
  facet normal -0.0661948 -0.997807 0
    outer loop
      vertex -18.1703 -8.77867 0
      vertex -18.295 -8.7704 8
      vertex -18.295 -8.7704 0
    endloop
  endfacet
  facet normal -0.0661948 -0.997807 0
    outer loop
      vertex -18.1703 -8.77867 0
      vertex -18.1703 -8.77867 8
      vertex -18.295 -8.7704 8
    endloop
  endfacet
  facet normal -0.0441047 -0.999027 0
    outer loop
      vertex -18.0583 -8.78362 0
      vertex -18.1703 -8.77867 8
      vertex -18.1703 -8.77867 0
    endloop
  endfacet
  facet normal -0.0441047 -0.999027 0
    outer loop
      vertex -18.0583 -8.78362 0
      vertex -18.0583 -8.78362 8
      vertex -18.1703 -8.77867 8
    endloop
  endfacet
  facet normal -0.0209484 -0.999781 0
    outer loop
      vertex -17.96 -8.78568 0
      vertex -18.0583 -8.78362 8
      vertex -18.0583 -8.78362 0
    endloop
  endfacet
  facet normal -0.0209484 -0.999781 0
    outer loop
      vertex -17.96 -8.78568 0
      vertex -17.96 -8.78568 8
      vertex -18.0583 -8.78362 8
    endloop
  endfacet
  facet normal 0.0143073 -0.999898 0
    outer loop
      vertex -17.8086 -8.78351 0
      vertex -17.96 -8.78568 8
      vertex -17.96 -8.78568 0
    endloop
  endfacet
  facet normal 0.0143073 -0.999898 0
    outer loop
      vertex -17.8086 -8.78351 0
      vertex -17.8086 -8.78351 8
      vertex -17.96 -8.78568 8
    endloop
  endfacet
  facet normal 0.0419678 -0.999119 0
    outer loop
      vertex -17.6375 -8.77632 0
      vertex -17.8086 -8.78351 8
      vertex -17.8086 -8.78351 0
    endloop
  endfacet
  facet normal 0.0419678 -0.999119 0
    outer loop
      vertex -17.6375 -8.77632 0
      vertex -17.6375 -8.77632 8
      vertex -17.8086 -8.78351 8
    endloop
  endfacet
  facet normal 0.203675 -0.979039 0
    outer loop
      vertex -17.0219 -8.64825 0
      vertex -17.6375 -8.77632 8
      vertex -17.6375 -8.77632 0
    endloop
  endfacet
  facet normal 0.203675 -0.979039 0
    outer loop
      vertex -17.0219 -8.64825 0
      vertex -17.0219 -8.64825 8
      vertex -17.6375 -8.77632 8
    endloop
  endfacet
  facet normal -0.547453 -0.836836 0
    outer loop
      vertex -16.8315 -8.77284 0
      vertex -17.0219 -8.64825 8
      vertex -17.0219 -8.64825 0
    endloop
  endfacet
  facet normal -0.547453 -0.836836 0
    outer loop
      vertex -16.8315 -8.77284 0
      vertex -16.8315 -8.77284 8
      vertex -17.0219 -8.64825 8
    endloop
  endfacet
  facet normal 0.462802 -0.886462 0
    outer loop
      vertex -16.8256 -8.76978 0
      vertex -16.8315 -8.77284 8
      vertex -16.8315 -8.77284 0
    endloop
  endfacet
  facet normal 0.462802 -0.886462 0
    outer loop
      vertex -16.8256 -8.76978 0
      vertex -16.8256 -8.76978 8
      vertex -16.8315 -8.77284 8
    endloop
  endfacet
  facet normal -0.974582 -0.224032 0
    outer loop
      vertex -16.6117 -9.70027 0
      vertex -16.8256 -8.76978 8
      vertex -16.8256 -8.76978 0
    endloop
  endfacet
  facet normal -0.974582 -0.224032 0
    outer loop
      vertex -16.6117 -9.70027 0
      vertex -16.6117 -9.70027 8
      vertex -16.8256 -8.76978 8
    endloop
  endfacet
  facet normal -0.960463 -0.278408 0
    outer loop
      vertex -16.447 -10.2685 0
      vertex -16.6117 -9.70027 8
      vertex -16.6117 -9.70027 0
    endloop
  endfacet
  facet normal -0.960463 -0.278408 0
    outer loop
      vertex -16.447 -10.2685 0
      vertex -16.447 -10.2685 8
      vertex -16.6117 -9.70027 8
    endloop
  endfacet
  facet normal -0.528954 0.848651 0
    outer loop
      vertex -16.4559 -10.2741 0
      vertex -16.447 -10.2685 8
      vertex -16.447 -10.2685 0
    endloop
  endfacet
  facet normal -0.528954 0.848651 0
    outer loop
      vertex -16.4559 -10.2741 0
      vertex -16.4559 -10.2741 8
      vertex -16.447 -10.2685 8
    endloop
  endfacet
  facet normal -0.878689 0.477395 0
    outer loop
      vertex -16.5645 -10.474 0
      vertex -16.4559 -10.2741 8
      vertex -16.4559 -10.2741 0
    endloop
  endfacet
  facet normal -0.878689 0.477395 0
    outer loop
      vertex -16.5645 -10.474 0
      vertex -16.5645 -10.474 8
      vertex -16.4559 -10.2741 8
    endloop
  endfacet
  facet normal -0.281579 0.959538 0
    outer loop
      vertex -17.0575 -10.6187 0
      vertex -16.5645 -10.474 8
      vertex -16.5645 -10.474 0
    endloop
  endfacet
  facet normal -0.281579 0.959538 0
    outer loop
      vertex -17.0575 -10.6187 0
      vertex -17.0575 -10.6187 8
      vertex -16.5645 -10.474 8
    endloop
  endfacet
  facet normal -0.470339 0.882486 0
    outer loop
      vertex -17.3074 -10.7519 0
      vertex -17.0575 -10.6187 8
      vertex -17.0575 -10.6187 0
    endloop
  endfacet
  facet normal -0.470339 0.882486 0
    outer loop
      vertex -17.3074 -10.7519 0
      vertex -17.3074 -10.7519 8
      vertex -17.0575 -10.6187 8
    endloop
  endfacet
  facet normal -0.495277 0.868735 0
    outer loop
      vertex -17.5127 -10.869 0
      vertex -17.3074 -10.7519 8
      vertex -17.3074 -10.7519 0
    endloop
  endfacet
  facet normal -0.495277 0.868735 0
    outer loop
      vertex -17.5127 -10.869 0
      vertex -17.5127 -10.869 8
      vertex -17.3074 -10.7519 8
    endloop
  endfacet
  facet normal -0.516205 0.856465 0
    outer loop
      vertex -17.6206 -10.934 0
      vertex -17.5127 -10.869 8
      vertex -17.5127 -10.869 0
    endloop
  endfacet
  facet normal -0.516205 0.856465 0
    outer loop
      vertex -17.6206 -10.934 0
      vertex -17.6206 -10.934 8
      vertex -17.5127 -10.869 8
    endloop
  endfacet
  facet normal -0.53172 0.84692 0
    outer loop
      vertex -17.7325 -11.0043 0
      vertex -17.6206 -10.934 8
      vertex -17.6206 -10.934 0
    endloop
  endfacet
  facet normal -0.53172 0.84692 0
    outer loop
      vertex -17.7325 -11.0043 0
      vertex -17.7325 -11.0043 8
      vertex -17.6206 -10.934 8
    endloop
  endfacet
  facet normal -0.547807 0.836605 0
    outer loop
      vertex -17.8491 -11.0806 0
      vertex -17.7325 -11.0043 8
      vertex -17.7325 -11.0043 0
    endloop
  endfacet
  facet normal -0.547807 0.836605 0
    outer loop
      vertex -17.8491 -11.0806 0
      vertex -17.8491 -11.0806 8
      vertex -17.7325 -11.0043 8
    endloop
  endfacet
  facet normal -0.564532 0.825411 0
    outer loop
      vertex -17.9707 -11.1638 0
      vertex -17.8491 -11.0806 8
      vertex -17.8491 -11.0806 0
    endloop
  endfacet
  facet normal -0.564532 0.825411 0
    outer loop
      vertex -17.9707 -11.1638 0
      vertex -17.9707 -11.1638 8
      vertex -17.8491 -11.0806 8
    endloop
  endfacet
  facet normal -0.581561 0.813502 0
    outer loop
      vertex -18.0978 -11.2546 0
      vertex -17.9707 -11.1638 8
      vertex -17.9707 -11.1638 0
    endloop
  endfacet
  facet normal -0.581561 0.813502 0
    outer loop
      vertex -18.0978 -11.2546 0
      vertex -18.0978 -11.2546 8
      vertex -17.9707 -11.1638 8
    endloop
  endfacet
  facet normal -0.598896 0.800826 0
    outer loop
      vertex -18.2308 -11.354 0
      vertex -18.0978 -11.2546 8
      vertex -18.0978 -11.2546 0
    endloop
  endfacet
  facet normal -0.598896 0.800826 0
    outer loop
      vertex -18.2308 -11.354 0
      vertex -18.2308 -11.354 8
      vertex -18.0978 -11.2546 8
    endloop
  endfacet
  facet normal -0.617085 0.786896 0
    outer loop
      vertex -18.3698 -11.4631 0
      vertex -18.2308 -11.354 8
      vertex -18.2308 -11.354 0
    endloop
  endfacet
  facet normal -0.617085 0.786896 0
    outer loop
      vertex -18.3698 -11.4631 0
      vertex -18.3698 -11.4631 8
      vertex -18.2308 -11.354 8
    endloop
  endfacet
  facet normal -0.635713 0.771926 0
    outer loop
      vertex -18.5153 -11.5829 0
      vertex -18.3698 -11.4631 8
      vertex -18.3698 -11.4631 0
    endloop
  endfacet
  facet normal -0.635713 0.771926 0
    outer loop
      vertex -18.5153 -11.5829 0
      vertex -18.5153 -11.5829 8
      vertex -18.3698 -11.4631 8
    endloop
  endfacet
  facet normal -0.65467 0.755914 0
    outer loop
      vertex -18.6673 -11.7145 0
      vertex -18.5153 -11.5829 8
      vertex -18.5153 -11.5829 0
    endloop
  endfacet
  facet normal -0.65467 0.755914 0
    outer loop
      vertex -18.6673 -11.7145 0
      vertex -18.6673 -11.7145 8
      vertex -18.5153 -11.5829 8
    endloop
  endfacet
  facet normal -0.674016 0.738716 0
    outer loop
      vertex -18.8258 -11.8592 0
      vertex -18.6673 -11.7145 8
      vertex -18.6673 -11.7145 0
    endloop
  endfacet
  facet normal -0.674016 0.738716 0
    outer loop
      vertex -18.8258 -11.8592 0
      vertex -18.8258 -11.8592 8
      vertex -18.6673 -11.7145 8
    endloop
  endfacet
  facet normal -0.693628 0.720334 0
    outer loop
      vertex -18.9908 -12.0181 0
      vertex -18.8258 -11.8592 8
      vertex -18.8258 -11.8592 0
    endloop
  endfacet
  facet normal -0.693628 0.720334 0
    outer loop
      vertex -18.9908 -12.0181 0
      vertex -18.9908 -12.0181 8
      vertex -18.8258 -11.8592 8
    endloop
  endfacet
  facet normal -0.713349 0.700809 0
    outer loop
      vertex -19.1622 -12.1926 0
      vertex -18.9908 -12.0181 8
      vertex -18.9908 -12.0181 0
    endloop
  endfacet
  facet normal -0.713349 0.700809 0
    outer loop
      vertex -19.1622 -12.1926 0
      vertex -19.1622 -12.1926 8
      vertex -18.9908 -12.0181 8
    endloop
  endfacet
  facet normal -0.733239 0.679971 0
    outer loop
      vertex -19.3397 -12.3839 0
      vertex -19.1622 -12.1926 8
      vertex -19.1622 -12.1926 0
    endloop
  endfacet
  facet normal -0.733239 0.679971 0
    outer loop
      vertex -19.3397 -12.3839 0
      vertex -19.3397 -12.3839 8
      vertex -19.1622 -12.1926 8
    endloop
  endfacet
  facet normal -0.753156 0.657841 0
    outer loop
      vertex -19.5069 -12.5754 0
      vertex -19.3397 -12.3839 8
      vertex -19.3397 -12.3839 0
    endloop
  endfacet
  facet normal -0.753156 0.657841 0
    outer loop
      vertex -19.5069 -12.5754 0
      vertex -19.5069 -12.5754 8
      vertex -19.3397 -12.3839 8
    endloop
  endfacet
  facet normal -0.940417 -0.340023 0
    outer loop
      vertex -19.1896 -13.4529 0
      vertex -19.5069 -12.5754 8
      vertex -19.5069 -12.5754 0
    endloop
  endfacet
  facet normal -0.940417 -0.340023 0
    outer loop
      vertex -19.1896 -13.4529 0
      vertex -19.1896 -13.4529 8
      vertex -19.5069 -12.5754 8
    endloop
  endfacet
  facet normal -0.125538 -0.992089 0
    outer loop
      vertex -19.114 -13.4625 0
      vertex -19.1896 -13.4529 8
      vertex -19.1896 -13.4529 0
    endloop
  endfacet
  facet normal -0.125538 -0.992089 0
    outer loop
      vertex -19.114 -13.4625 0
      vertex -19.114 -13.4625 8
      vertex -19.1896 -13.4529 8
    endloop
  endfacet
  facet normal -0.106212 -0.994343 0
    outer loop
      vertex -18.8736 -13.4882 0
      vertex -19.114 -13.4625 8
      vertex -19.114 -13.4625 0
    endloop
  endfacet
  facet normal -0.106212 -0.994343 0
    outer loop
      vertex -18.8736 -13.4882 0
      vertex -18.8736 -13.4882 8
      vertex -19.114 -13.4625 8
    endloop
  endfacet
  facet normal -0.0855354 -0.996335 0
    outer loop
      vertex -18.6392 -13.5083 0
      vertex -18.8736 -13.4882 8
      vertex -18.8736 -13.4882 0
    endloop
  endfacet
  facet normal -0.0855354 -0.996335 0
    outer loop
      vertex -18.6392 -13.5083 0
      vertex -18.6392 -13.5083 8
      vertex -18.8736 -13.4882 8
    endloop
  endfacet
  facet normal -0.0642533 -0.997934 0
    outer loop
      vertex -18.4117 -13.5229 0
      vertex -18.6392 -13.5083 8
      vertex -18.6392 -13.5083 0
    endloop
  endfacet
  facet normal -0.0642533 -0.997934 0
    outer loop
      vertex -18.4117 -13.5229 0
      vertex -18.4117 -13.5229 8
      vertex -18.6392 -13.5083 8
    endloop
  endfacet
  facet normal -0.0418703 -0.999123 0
    outer loop
      vertex -18.1921 -13.5322 0
      vertex -18.4117 -13.5229 8
      vertex -18.4117 -13.5229 0
    endloop
  endfacet
  facet normal -0.0418703 -0.999123 0
    outer loop
      vertex -18.1921 -13.5322 0
      vertex -18.1921 -13.5322 8
      vertex -18.4117 -13.5229 8
    endloop
  endfacet
  facet normal -0.01862 -0.999827 0
    outer loop
      vertex -17.9815 -13.5361 0
      vertex -18.1921 -13.5322 8
      vertex -18.1921 -13.5322 0
    endloop
  endfacet
  facet normal -0.01862 -0.999827 0
    outer loop
      vertex -17.9815 -13.5361 0
      vertex -17.9815 -13.5361 8
      vertex -18.1921 -13.5322 8
    endloop
  endfacet
  facet normal 0.00578333 -0.999983 0
    outer loop
      vertex -17.781 -13.5349 0
      vertex -17.9815 -13.5361 8
      vertex -17.9815 -13.5361 0
    endloop
  endfacet
  facet normal 0.00578333 -0.999983 0
    outer loop
      vertex -17.781 -13.5349 0
      vertex -17.781 -13.5349 8
      vertex -17.9815 -13.5361 8
    endloop
  endfacet
  facet normal 0.0312398 -0.999512 0
    outer loop
      vertex -17.5916 -13.529 0
      vertex -17.781 -13.5349 8
      vertex -17.781 -13.5349 0
    endloop
  endfacet
  facet normal 0.0312398 -0.999512 0
    outer loop
      vertex -17.5916 -13.529 0
      vertex -17.5916 -13.529 8
      vertex -17.781 -13.5349 8
    endloop
  endfacet
  facet normal 0.0575834 -0.998341 0
    outer loop
      vertex -17.4144 -13.5188 0
      vertex -17.5916 -13.529 8
      vertex -17.5916 -13.529 0
    endloop
  endfacet
  facet normal 0.0575834 -0.998341 0
    outer loop
      vertex -17.4144 -13.5188 0
      vertex -17.4144 -13.5188 8
      vertex -17.5916 -13.529 8
    endloop
  endfacet
  facet normal 0.0850935 -0.996373 0
    outer loop
      vertex -17.2503 -13.5048 0
      vertex -17.4144 -13.5188 8
      vertex -17.4144 -13.5188 0
    endloop
  endfacet
  facet normal 0.0850935 -0.996373 0
    outer loop
      vertex -17.2503 -13.5048 0
      vertex -17.2503 -13.5048 8
      vertex -17.4144 -13.5188 8
    endloop
  endfacet
  facet normal 0.113352 -0.993555 0
    outer loop
      vertex -17.1005 -13.4877 0
      vertex -17.2503 -13.5048 8
      vertex -17.2503 -13.5048 0
    endloop
  endfacet
  facet normal 0.113352 -0.993555 0
    outer loop
      vertex -17.1005 -13.4877 0
      vertex -17.1005 -13.4877 8
      vertex -17.2503 -13.5048 8
    endloop
  endfacet
  facet normal 0.142395 -0.98981 0
    outer loop
      vertex -16.9659 -13.4683 0
      vertex -17.1005 -13.4877 8
      vertex -17.1005 -13.4877 0
    endloop
  endfacet
  facet normal 0.142395 -0.98981 0
    outer loop
      vertex -16.9659 -13.4683 0
      vertex -16.9659 -13.4683 8
      vertex -17.1005 -13.4877 8
    endloop
  endfacet
  facet normal 0.172396 -0.985028 0
    outer loop
      vertex -16.8475 -13.4476 0
      vertex -16.9659 -13.4683 8
      vertex -16.9659 -13.4683 0
    endloop
  endfacet
  facet normal 0.172396 -0.985028 0
    outer loop
      vertex -16.8475 -13.4476 0
      vertex -16.8475 -13.4476 8
      vertex -16.9659 -13.4683 8
    endloop
  endfacet
  facet normal 0.203243 -0.979128 0
    outer loop
      vertex -16.7459 -13.4265 0
      vertex -16.8475 -13.4476 8
      vertex -16.8475 -13.4476 0
    endloop
  endfacet
  facet normal 0.203243 -0.979128 0
    outer loop
      vertex -16.7459 -13.4265 0
      vertex -16.7459 -13.4265 8
      vertex -16.8475 -13.4476 8
    endloop
  endfacet
  facet normal 0.23437 -0.972148 0
    outer loop
      vertex -16.6621 -13.4063 0
      vertex -16.7459 -13.4265 8
      vertex -16.7459 -13.4265 0
    endloop
  endfacet
  facet normal 0.23437 -0.972148 0
    outer loop
      vertex -16.6621 -13.4063 0
      vertex -16.6621 -13.4063 8
      vertex -16.7459 -13.4265 8
    endloop
  endfacet
  facet normal 0.28019 -0.959945 0
    outer loop
      vertex -16.5497 -13.3735 0
      vertex -16.6621 -13.4063 8
      vertex -16.6621 -13.4063 0
    endloop
  endfacet
  facet normal 0.28019 -0.959945 0
    outer loop
      vertex -16.5497 -13.3735 0
      vertex -16.5497 -13.3735 8
      vertex -16.6621 -13.4063 8
    endloop
  endfacet
  facet normal 0.347347 -0.937737 0
    outer loop
      vertex -16.3615 -13.3038 0
      vertex -16.5497 -13.3735 8
      vertex -16.5497 -13.3735 0
    endloop
  endfacet
  facet normal 0.347347 -0.937737 0
    outer loop
      vertex -16.3615 -13.3038 0
      vertex -16.3615 -13.3038 8
      vertex -16.5497 -13.3735 8
    endloop
  endfacet
  facet normal 0.419801 -0.907616 0
    outer loop
      vertex -15.6325 -12.9666 0
      vertex -16.3615 -13.3038 8
      vertex -16.3615 -13.3038 0
    endloop
  endfacet
  facet normal 0.419801 -0.907616 0
    outer loop
      vertex -15.6325 -12.9666 0
      vertex -15.6325 -12.9666 8
      vertex -16.3615 -13.3038 8
    endloop
  endfacet
  facet normal -0.343971 -0.93898 0
    outer loop
      vertex -15.4188 -13.0449 0
      vertex -15.6325 -12.9666 8
      vertex -15.6325 -12.9666 0
    endloop
  endfacet
  facet normal -0.343971 -0.93898 0
    outer loop
      vertex -15.4188 -13.0449 0
      vertex -15.4188 -13.0449 8
      vertex -15.6325 -12.9666 8
    endloop
  endfacet
  facet normal 0.645866 -0.763451 0
    outer loop
      vertex -15.412 -13.0391 0
      vertex -15.4188 -13.0449 8
      vertex -15.4188 -13.0449 0
    endloop
  endfacet
  facet normal 0.645866 -0.763451 0
    outer loop
      vertex -15.412 -13.0391 0
      vertex -15.412 -13.0391 8
      vertex -15.4188 -13.0449 8
    endloop
  endfacet
  facet normal -0.912924 -0.40813 0
    outer loop
      vertex -15.3113 -13.2642 0
      vertex -15.412 -13.0391 8
      vertex -15.412 -13.0391 0
    endloop
  endfacet
  facet normal -0.912924 -0.40813 0
    outer loop
      vertex -15.3113 -13.2642 0
      vertex -15.3113 -13.2642 8
      vertex -15.412 -13.0391 8
    endloop
  endfacet
  facet normal -0.876147 -0.482044 0
    outer loop
      vertex -14.7018 -14.3721 0
      vertex -15.3113 -13.2642 8
      vertex -15.3113 -13.2642 0
    endloop
  endfacet
  facet normal -0.876147 -0.482044 0
    outer loop
      vertex -14.7018 -14.3721 0
      vertex -14.7018 -14.3721 8
      vertex -15.3113 -13.2642 8
    endloop
  endfacet
  facet normal -0.828449 -0.560064 0
    outer loop
      vertex -14.6357 -14.4698 0
      vertex -14.7018 -14.3721 8
      vertex -14.7018 -14.3721 0
    endloop
  endfacet
  facet normal -0.828449 -0.560064 0
    outer loop
      vertex -14.6357 -14.4698 0
      vertex -14.6357 -14.4698 8
      vertex -14.7018 -14.3721 8
    endloop
  endfacet
  facet normal -0.703382 0.710812 0
    outer loop
      vertex -14.6401 -14.4741 0
      vertex -14.6357 -14.4698 8
      vertex -14.6357 -14.4698 0
    endloop
  endfacet
  facet normal -0.703382 0.710812 0
    outer loop
      vertex -14.6401 -14.4741 0
      vertex -14.6401 -14.4741 8
      vertex -14.6357 -14.4698 8
    endloop
  endfacet
  facet normal -0.976428 0.215844 0
    outer loop
      vertex -14.6892 -14.6963 0
      vertex -14.6401 -14.4741 8
      vertex -14.6401 -14.4741 0
    endloop
  endfacet
  facet normal -0.976428 0.215844 0
    outer loop
      vertex -14.6892 -14.6963 0
      vertex -14.6892 -14.6963 8
      vertex -14.6401 -14.4741 8
    endloop
  endfacet
  facet normal -0.536229 0.844073 0
    outer loop
      vertex -15.2669 -15.0633 0
      vertex -14.6892 -14.6963 8
      vertex -14.6892 -14.6963 0
    endloop
  endfacet
  facet normal -0.536229 0.844073 0
    outer loop
      vertex -15.2669 -15.0633 0
      vertex -15.2669 -15.0633 8
      vertex -14.6892 -14.6963 8
    endloop
  endfacet
  facet normal -0.630965 0.775811 0
    outer loop
      vertex -15.4569 -15.2179 0
      vertex -15.2669 -15.0633 8
      vertex -15.2669 -15.0633 0
    endloop
  endfacet
  facet normal -0.630965 0.775811 0
    outer loop
      vertex -15.4569 -15.2179 0
      vertex -15.4569 -15.2179 8
      vertex -15.2669 -15.0633 8
    endloop
  endfacet
  facet normal -0.656743 0.754114 0
    outer loop
      vertex -15.5185 -15.2715 0
      vertex -15.4569 -15.2179 8
      vertex -15.4569 -15.2179 0
    endloop
  endfacet
  facet normal -0.656743 0.754114 0
    outer loop
      vertex -15.5185 -15.2715 0
      vertex -15.5185 -15.2715 8
      vertex -15.4569 -15.2179 8
    endloop
  endfacet
  facet normal -0.676114 0.736797 0
    outer loop
      vertex -15.5852 -15.3327 0
      vertex -15.5185 -15.2715 8
      vertex -15.5185 -15.2715 0
    endloop
  endfacet
  facet normal -0.676114 0.736797 0
    outer loop
      vertex -15.5852 -15.3327 0
      vertex -15.5852 -15.3327 8
      vertex -15.5185 -15.2715 8
    endloop
  endfacet
  facet normal -0.695609 0.718421 0
    outer loop
      vertex -15.6573 -15.4025 0
      vertex -15.5852 -15.3327 8
      vertex -15.5852 -15.3327 0
    endloop
  endfacet
  facet normal -0.695609 0.718421 0
    outer loop
      vertex -15.6573 -15.4025 0
      vertex -15.6573 -15.4025 8
      vertex -15.5852 -15.3327 8
    endloop
  endfacet
  facet normal -0.715231 0.698888 0
    outer loop
      vertex -15.7349 -15.482 0
      vertex -15.6573 -15.4025 8
      vertex -15.6573 -15.4025 0
    endloop
  endfacet
  facet normal -0.715231 0.698888 0
    outer loop
      vertex -15.7349 -15.482 0
      vertex -15.7349 -15.482 8
      vertex -15.6573 -15.4025 8
    endloop
  endfacet
  facet normal -0.735222 0.677826 0
    outer loop
      vertex -15.8182 -15.5723 0
      vertex -15.7349 -15.482 8
      vertex -15.7349 -15.482 0
    endloop
  endfacet
  facet normal -0.735222 0.677826 0
    outer loop
      vertex -15.8182 -15.5723 0
      vertex -15.8182 -15.5723 8
      vertex -15.7349 -15.482 8
    endloop
  endfacet
  facet normal -0.755124 0.655582 0
    outer loop
      vertex -15.907 -15.6746 0
      vertex -15.8182 -15.5723 8
      vertex -15.8182 -15.5723 0
    endloop
  endfacet
  facet normal -0.755124 0.655582 0
    outer loop
      vertex -15.907 -15.6746 0
      vertex -15.907 -15.6746 8
      vertex -15.8182 -15.5723 8
    endloop
  endfacet
  facet normal -0.775046 0.631905 0
    outer loop
      vertex -16.0013 -15.7902 0
      vertex -15.907 -15.6746 8
      vertex -15.907 -15.6746 0
    endloop
  endfacet
  facet normal -0.775046 0.631905 0
    outer loop
      vertex -16.0013 -15.7902 0
      vertex -16.0013 -15.7902 8
      vertex -15.907 -15.6746 8
    endloop
  endfacet
  facet normal -0.794813 0.606855 0
    outer loop
      vertex -16.1006 -15.9203 0
      vertex -16.0013 -15.7902 8
      vertex -16.0013 -15.7902 0
    endloop
  endfacet
  facet normal -0.794813 0.606855 0
    outer loop
      vertex -16.1006 -15.9203 0
      vertex -16.1006 -15.9203 8
      vertex -16.0013 -15.7902 8
    endloop
  endfacet
  facet normal -0.814303 0.58044 0
    outer loop
      vertex -16.2045 -16.0661 0
      vertex -16.1006 -15.9203 8
      vertex -16.1006 -15.9203 0
    endloop
  endfacet
  facet normal -0.814303 0.58044 0
    outer loop
      vertex -16.2045 -16.0661 0
      vertex -16.2045 -16.0661 8
      vertex -16.1006 -15.9203 8
    endloop
  endfacet
  facet normal -0.833358 0.552734 0
    outer loop
      vertex -16.3125 -16.2289 0
      vertex -16.2045 -16.0661 8
      vertex -16.2045 -16.0661 0
    endloop
  endfacet
  facet normal -0.833358 0.552734 0
    outer loop
      vertex -16.3125 -16.2289 0
      vertex -16.3125 -16.2289 8
      vertex -16.2045 -16.0661 8
    endloop
  endfacet
  facet normal -0.852021 0.523508 0
    outer loop
      vertex -16.4238 -16.4099 0
      vertex -16.3125 -16.2289 8
      vertex -16.3125 -16.2289 0
    endloop
  endfacet
  facet normal -0.852021 0.523508 0
    outer loop
      vertex -16.4238 -16.4099 0
      vertex -16.4238 -16.4099 8
      vertex -16.3125 -16.2289 8
    endloop
  endfacet
  facet normal -0.869999 0.493053 0
    outer loop
      vertex -16.5373 -16.6102 0
      vertex -16.4238 -16.4099 8
      vertex -16.4238 -16.4099 0
    endloop
  endfacet
  facet normal -0.869999 0.493053 0
    outer loop
      vertex -16.5373 -16.6102 0
      vertex -16.5373 -16.6102 8
      vertex -16.4238 -16.4099 8
    endloop
  endfacet
  facet normal -0.887247 0.461295 0
    outer loop
      vertex -16.652 -16.8309 0
      vertex -16.5373 -16.6102 8
      vertex -16.5373 -16.6102 0
    endloop
  endfacet
  facet normal -0.887247 0.461295 0
    outer loop
      vertex -16.652 -16.8309 0
      vertex -16.652 -16.8309 8
      vertex -16.5373 -16.6102 8
    endloop
  endfacet
  facet normal -0.90368 0.428209 0
    outer loop
      vertex -16.7666 -17.0728 0
      vertex -16.652 -16.8309 8
      vertex -16.652 -16.8309 0
    endloop
  endfacet
  facet normal -0.90368 0.428209 0
    outer loop
      vertex -16.7666 -17.0728 0
      vertex -16.7666 -17.0728 8
      vertex -16.652 -16.8309 8
    endloop
  endfacet
  facet normal -0.919134 0.393945 0
    outer loop
      vertex -16.8797 -17.3366 0
      vertex -16.7666 -17.0728 8
      vertex -16.7666 -17.0728 0
    endloop
  endfacet
  facet normal -0.919134 0.393945 0
    outer loop
      vertex -16.8797 -17.3366 0
      vertex -16.8797 -17.3366 8
      vertex -16.7666 -17.0728 8
    endloop
  endfacet
  facet normal -0.933477 0.358637 0
    outer loop
      vertex -16.9461 -17.5094 0
      vertex -16.8797 -17.3366 8
      vertex -16.8797 -17.3366 0
    endloop
  endfacet
  facet normal -0.933477 0.358637 0
    outer loop
      vertex -16.9461 -17.5094 0
      vertex -16.9461 -17.5094 8
      vertex -16.8797 -17.3366 8
    endloop
  endfacet
  facet normal -0.8284 -0.560137 0
    outer loop
      vertex -16.895 -17.5849 0
      vertex -16.9461 -17.5094 8
      vertex -16.9461 -17.5094 0
    endloop
  endfacet
  facet normal -0.8284 -0.560137 0
    outer loop
      vertex -16.895 -17.5849 0
      vertex -16.895 -17.5849 8
      vertex -16.9461 -17.5094 8
    endloop
  endfacet
  facet normal -0.768561 -0.639777 0
    outer loop
      vertex -16.3953 -18.1852 0
      vertex -16.895 -17.5849 8
      vertex -16.895 -17.5849 0
    endloop
  endfacet
  facet normal -0.768561 -0.639777 0
    outer loop
      vertex -16.3953 -18.1852 0
      vertex -16.3953 -18.1852 8
      vertex -16.895 -17.5849 8
    endloop
  endfacet
  facet normal 0.14553 -0.989354 0
    outer loop
      vertex -16.1912 -18.1551 0
      vertex -16.3953 -18.1852 8
      vertex -16.3953 -18.1852 0
    endloop
  endfacet
  facet normal 0.14553 -0.989354 0
    outer loop
      vertex -16.1912 -18.1551 0
      vertex -16.1912 -18.1551 8
      vertex -16.3953 -18.1852 8
    endloop
  endfacet
  facet normal 0.175558 -0.984469 0
    outer loop
      vertex -15.9293 -18.1084 0
      vertex -16.1912 -18.1551 8
      vertex -16.1912 -18.1551 0
    endloop
  endfacet
  facet normal 0.175558 -0.984469 0
    outer loop
      vertex -15.9293 -18.1084 0
      vertex -15.9293 -18.1084 8
      vertex -16.1912 -18.1551 8
    endloop
  endfacet
  facet normal 0.206516 -0.978443 0
    outer loop
      vertex -15.6808 -18.056 0
      vertex -15.9293 -18.1084 8
      vertex -15.9293 -18.1084 0
    endloop
  endfacet
  facet normal 0.206516 -0.978443 0
    outer loop
      vertex -15.6808 -18.056 0
      vertex -15.6808 -18.056 8
      vertex -15.9293 -18.1084 8
    endloop
  endfacet
  facet normal 0.238092 -0.971243 0
    outer loop
      vertex -15.4468 -17.9986 0
      vertex -15.6808 -18.056 8
      vertex -15.6808 -18.056 0
    endloop
  endfacet
  facet normal 0.238092 -0.971243 0
    outer loop
      vertex -15.4468 -17.9986 0
      vertex -15.4468 -17.9986 8
      vertex -15.6808 -18.056 8
    endloop
  endfacet
  facet normal 0.270348 -0.962763 0
    outer loop
      vertex -15.2284 -17.9373 0
      vertex -15.4468 -17.9986 8
      vertex -15.4468 -17.9986 0
    endloop
  endfacet
  facet normal 0.270348 -0.962763 0
    outer loop
      vertex -15.2284 -17.9373 0
      vertex -15.2284 -17.9373 8
      vertex -15.4468 -17.9986 8
    endloop
  endfacet
  facet normal 0.30307 -0.952968 0
    outer loop
      vertex -15.0263 -17.873 0
      vertex -15.2284 -17.9373 8
      vertex -15.2284 -17.9373 0
    endloop
  endfacet
  facet normal 0.30307 -0.952968 0
    outer loop
      vertex -15.0263 -17.873 0
      vertex -15.0263 -17.873 8
      vertex -15.2284 -17.9373 8
    endloop
  endfacet
  facet normal 0.3364 -0.941719 0
    outer loop
      vertex -14.8415 -17.807 0
      vertex -15.0263 -17.873 8
      vertex -15.0263 -17.873 0
    endloop
  endfacet
  facet normal 0.3364 -0.941719 0
    outer loop
      vertex -14.8415 -17.807 0
      vertex -14.8415 -17.807 8
      vertex -15.0263 -17.873 8
    endloop
  endfacet
  facet normal 0.369956 -0.929049 0
    outer loop
      vertex -14.6745 -17.7405 0
      vertex -14.8415 -17.807 8
      vertex -14.8415 -17.807 0
    endloop
  endfacet
  facet normal 0.369956 -0.929049 0
    outer loop
      vertex -14.6745 -17.7405 0
      vertex -14.6745 -17.7405 8
      vertex -14.8415 -17.807 8
    endloop
  endfacet
  facet normal 0.403689 -0.914896 0
    outer loop
      vertex -14.5258 -17.6749 0
      vertex -14.6745 -17.7405 8
      vertex -14.6745 -17.7405 0
    endloop
  endfacet
  facet normal 0.403689 -0.914896 0
    outer loop
      vertex -14.5258 -17.6749 0
      vertex -14.5258 -17.6749 8
      vertex -14.6745 -17.7405 8
    endloop
  endfacet
  facet normal 0.437482 -0.899227 0
    outer loop
      vertex -14.3958 -17.6116 0
      vertex -14.5258 -17.6749 8
      vertex -14.5258 -17.6749 0
    endloop
  endfacet
  facet normal 0.437482 -0.899227 0
    outer loop
      vertex -14.3958 -17.6116 0
      vertex -14.3958 -17.6116 8
      vertex -14.5258 -17.6749 8
    endloop
  endfacet
  facet normal 0.471215 -0.882018 0
    outer loop
      vertex -14.2844 -17.5521 0
      vertex -14.3958 -17.6116 8
      vertex -14.3958 -17.6116 0
    endloop
  endfacet
  facet normal 0.471215 -0.882018 0
    outer loop
      vertex -14.2844 -17.5521 0
      vertex -14.2844 -17.5521 8
      vertex -14.3958 -17.6116 8
    endloop
  endfacet
  facet normal 0.504736 -0.863274 0
    outer loop
      vertex -14.1916 -17.4979 0
      vertex -14.2844 -17.5521 8
      vertex -14.2844 -17.5521 0
    endloop
  endfacet
  facet normal 0.504736 -0.863274 0
    outer loop
      vertex -14.1916 -17.4979 0
      vertex -14.1916 -17.4979 8
      vertex -14.2844 -17.5521 8
    endloop
  endfacet
  facet normal 0.537634 -0.843178 0
    outer loop
      vertex -14.117 -17.4503 0
      vertex -14.1916 -17.4979 8
      vertex -14.1916 -17.4979 0
    endloop
  endfacet
  facet normal 0.537634 -0.843178 0
    outer loop
      vertex -14.117 -17.4503 0
      vertex -14.117 -17.4503 8
      vertex -14.1916 -17.4979 8
    endloop
  endfacet
  facet normal 0.570136 -0.82155 0
    outer loop
      vertex -14.06 -17.4107 0
      vertex -14.117 -17.4503 8
      vertex -14.117 -17.4503 0
    endloop
  endfacet
  facet normal 0.570136 -0.82155 0
    outer loop
      vertex -14.06 -17.4107 0
      vertex -14.06 -17.4107 8
      vertex -14.117 -17.4503 8
    endloop
  endfacet
  facet normal 0.6151 -0.788449 0
    outer loop
      vertex -13.9896 -17.3558 0
      vertex -14.06 -17.4107 8
      vertex -14.06 -17.4107 0
    endloop
  endfacet
  facet normal 0.6151 -0.788449 0
    outer loop
      vertex -13.9896 -17.3558 0
      vertex -13.9896 -17.3558 8
      vertex -14.06 -17.4107 8
    endloop
  endfacet
  facet normal 0.679615 -0.733569 0
    outer loop
      vertex -13.8602 -17.2359 0
      vertex -13.9896 -17.3558 8
      vertex -13.9896 -17.3558 0
    endloop
  endfacet
  facet normal 0.679615 -0.733569 0
    outer loop
      vertex -13.8602 -17.2359 0
      vertex -13.8602 -17.2359 8
      vertex -13.9896 -17.3558 8
    endloop
  endfacet
  facet normal 0.615258 -0.788326 0
    outer loop
      vertex -13.735 -17.1383 0
      vertex -13.8602 -17.2359 8
      vertex -13.8602 -17.2359 0
    endloop
  endfacet
  facet normal 0.615258 -0.788326 0
    outer loop
      vertex -13.735 -17.1383 0
      vertex -13.735 -17.1383 8
      vertex -13.8602 -17.2359 8
    endloop
  endfacet
  facet normal 0.689724 -0.724072 0
    outer loop
      vertex -13.1895 -16.6186 0
      vertex -13.735 -17.1383 8
      vertex -13.735 -17.1383 0
    endloop
  endfacet
  facet normal 0.689724 -0.724072 0
    outer loop
      vertex -13.1895 -16.6186 0
      vertex -13.1895 -16.6186 8
      vertex -13.735 -17.1383 8
    endloop
  endfacet
  facet normal -0.0231326 -0.999732 0
    outer loop
      vertex -12.962 -16.6239 0
      vertex -13.1895 -16.6186 8
      vertex -13.1895 -16.6186 0
    endloop
  endfacet
  facet normal -0.0231326 -0.999732 0
    outer loop
      vertex -12.962 -16.6239 0
      vertex -12.962 -16.6239 8
      vertex -13.1895 -16.6186 8
    endloop
  endfacet
  facet normal 0.788352 -0.615224 0
    outer loop
      vertex -12.9529 -16.6122 0
      vertex -12.962 -16.6239 8
      vertex -12.962 -16.6239 0
    endloop
  endfacet
  facet normal 0.788352 -0.615224 0
    outer loop
      vertex -12.9529 -16.6122 0
      vertex -12.9529 -16.6122 8
      vertex -12.962 -16.6239 8
    endloop
  endfacet
  facet normal -0.696146 -0.7179 0
    outer loop
      vertex -12.3088 -17.2367 0
      vertex -12.9529 -16.6122 8
      vertex -12.9529 -16.6122 0
    endloop
  endfacet
  facet normal -0.696146 -0.7179 0
    outer loop
      vertex -12.3088 -17.2367 0
      vertex -12.3088 -17.2367 8
      vertex -12.9529 -16.6122 8
    endloop
  endfacet
  facet normal -0.611513 -0.791234 0
    outer loop
      vertex -11.7186 -17.6929 0
      vertex -12.3088 -17.2367 8
      vertex -12.3088 -17.2367 0
    endloop
  endfacet
  facet normal -0.611513 -0.791234 0
    outer loop
      vertex -11.7186 -17.6929 0
      vertex -11.7186 -17.6929 8
      vertex -12.3088 -17.2367 8
    endloop
  endfacet
  facet normal -0.833606 0.552359 0
    outer loop
      vertex -11.7286 -17.7079 0
      vertex -11.7186 -17.6929 8
      vertex -11.7186 -17.6929 0
    endloop
  endfacet
  facet normal -0.833606 0.552359 0
    outer loop
      vertex -11.7286 -17.7079 0
      vertex -11.7286 -17.7079 8
      vertex -11.7186 -17.6929 8
    endloop
  endfacet
  facet normal -0.988109 -0.153755 0
    outer loop
      vertex -11.6936 -17.9328 0
      vertex -11.7286 -17.7079 8
      vertex -11.7286 -17.7079 0
    endloop
  endfacet
  facet normal -0.988109 -0.153755 0
    outer loop
      vertex -11.6936 -17.9328 0
      vertex -11.6936 -17.9328 8
      vertex -11.7286 -17.7079 8
    endloop
  endfacet
  facet normal -0.807205 0.590271 0
    outer loop
      vertex -12.1965 -18.6205 0
      vertex -11.6936 -17.9328 8
      vertex -11.6936 -17.9328 0
    endloop
  endfacet
  facet normal -0.807205 0.590271 0
    outer loop
      vertex -12.1965 -18.6205 0
      vertex -12.1965 -18.6205 8
      vertex -11.6936 -17.9328 8
    endloop
  endfacet
  facet normal -0.827258 0.561823 0
    outer loop
      vertex -12.312 -18.7906 0
      vertex -12.1965 -18.6205 8
      vertex -12.1965 -18.6205 0
    endloop
  endfacet
  facet normal -0.827258 0.561823 0
    outer loop
      vertex -12.312 -18.7906 0
      vertex -12.312 -18.7906 8
      vertex -12.1965 -18.6205 8
    endloop
  endfacet
  facet normal -0.864373 0.502852 0
    outer loop
      vertex -12.3668 -18.8848 0
      vertex -12.312 -18.7906 8
      vertex -12.312 -18.7906 0
    endloop
  endfacet
  facet normal -0.864373 0.502852 0
    outer loop
      vertex -12.3668 -18.8848 0
      vertex -12.3668 -18.8848 8
      vertex -12.312 -18.7906 8
    endloop
  endfacet
  facet normal -0.889098 0.457718 0
    outer loop
      vertex -12.4018 -18.9528 0
      vertex -12.3668 -18.8848 8
      vertex -12.3668 -18.8848 0
    endloop
  endfacet
  facet normal -0.889098 0.457718 0
    outer loop
      vertex -12.4018 -18.9528 0
      vertex -12.4018 -18.9528 8
      vertex -12.3668 -18.8848 8
    endloop
  endfacet
  facet normal -0.905391 0.424578 0
    outer loop
      vertex -12.4409 -19.0363 0
      vertex -12.4018 -18.9528 8
      vertex -12.4018 -18.9528 0
    endloop
  endfacet
  facet normal -0.905391 0.424578 0
    outer loop
      vertex -12.4409 -19.0363 0
      vertex -12.4409 -19.0363 8
      vertex -12.4018 -18.9528 8
    endloop
  endfacet
  facet normal -0.92069 0.390294 0
    outer loop
      vertex -12.4834 -19.1365 0
      vertex -12.4409 -19.0363 8
      vertex -12.4409 -19.0363 0
    endloop
  endfacet
  facet normal -0.92069 0.390294 0
    outer loop
      vertex -12.4834 -19.1365 0
      vertex -12.4834 -19.1365 8
      vertex -12.4409 -19.0363 8
    endloop
  endfacet
  facet normal -0.934878 0.354968 0
    outer loop
      vertex -12.5282 -19.2543 0
      vertex -12.4834 -19.1365 8
      vertex -12.4834 -19.1365 0
    endloop
  endfacet
  facet normal -0.934878 0.354968 0
    outer loop
      vertex -12.5282 -19.2543 0
      vertex -12.5282 -19.2543 8
      vertex -12.4834 -19.1365 8
    endloop
  endfacet
  facet normal -0.947917 0.318519 0
    outer loop
      vertex -12.574 -19.3906 0
      vertex -12.5282 -19.2543 8
      vertex -12.5282 -19.2543 0
    endloop
  endfacet
  facet normal -0.947917 0.318519 0
    outer loop
      vertex -12.574 -19.3906 0
      vertex -12.574 -19.3906 8
      vertex -12.5282 -19.2543 8
    endloop
  endfacet
  facet normal -0.959614 0.28132 0
    outer loop
      vertex -12.6195 -19.5461 0
      vertex -12.574 -19.3906 8
      vertex -12.574 -19.3906 0
    endloop
  endfacet
  facet normal -0.959614 0.28132 0
    outer loop
      vertex -12.6195 -19.5461 0
      vertex -12.6195 -19.5461 8
      vertex -12.574 -19.3906 8
    endloop
  endfacet
  facet normal -0.969918 0.24343 0
    outer loop
      vertex -12.6635 -19.7212 0
      vertex -12.6195 -19.5461 8
      vertex -12.6195 -19.5461 0
    endloop
  endfacet
  facet normal -0.969918 0.24343 0
    outer loop
      vertex -12.6635 -19.7212 0
      vertex -12.6635 -19.7212 8
      vertex -12.6195 -19.5461 8
    endloop
  endfacet
  facet normal -0.978779 0.204918 0
    outer loop
      vertex -12.7043 -19.9161 0
      vertex -12.6635 -19.7212 8
      vertex -12.6635 -19.7212 0
    endloop
  endfacet
  facet normal -0.978779 0.204918 0
    outer loop
      vertex -12.7043 -19.9161 0
      vertex -12.7043 -19.9161 8
      vertex -12.6635 -19.7212 8
    endloop
  endfacet
  facet normal -0.986137 0.165932 0
    outer loop
      vertex -12.7404 -20.131 0
      vertex -12.7043 -19.9161 8
      vertex -12.7043 -19.9161 0
    endloop
  endfacet
  facet normal -0.986137 0.165932 0
    outer loop
      vertex -12.7404 -20.131 0
      vertex -12.7404 -20.131 8
      vertex -12.7043 -19.9161 8
    endloop
  endfacet
  facet normal -0.991922 0.126847 0
    outer loop
      vertex -12.7704 -20.3654 0
      vertex -12.7404 -20.131 8
      vertex -12.7404 -20.131 0
    endloop
  endfacet
  facet normal -0.991922 0.126847 0
    outer loop
      vertex -12.7704 -20.3654 0
      vertex -12.7704 -20.3654 8
      vertex -12.7404 -20.131 8
    endloop
  endfacet
  facet normal -0.996159 0.087558 0
    outer loop
      vertex -12.7927 -20.6191 0
      vertex -12.7704 -20.3654 8
      vertex -12.7704 -20.3654 0
    endloop
  endfacet
  facet normal -0.996159 0.087558 0
    outer loop
      vertex -12.7927 -20.6191 0
      vertex -12.7927 -20.6191 8
      vertex -12.7704 -20.3654 8
    endloop
  endfacet
  facet normal -0.998823 0.0485072 0
    outer loop
      vertex -12.8059 -20.8912 0
      vertex -12.7927 -20.6191 8
      vertex -12.7927 -20.6191 0
    endloop
  endfacet
  facet normal -0.998823 0.0485072 0
    outer loop
      vertex -12.8059 -20.8912 0
      vertex -12.8059 -20.8912 8
      vertex -12.7927 -20.6191 8
    endloop
  endfacet
  facet normal -0.999955 0.00953492 0
    outer loop
      vertex -12.8087 -21.1808 0
      vertex -12.8059 -20.8912 8
      vertex -12.8059 -20.8912 0
    endloop
  endfacet
  facet normal -0.999955 0.00953492 0
    outer loop
      vertex -12.8087 -21.1808 0
      vertex -12.8087 -21.1808 8
      vertex -12.8059 -20.8912 8
    endloop
  endfacet
  facet normal -0.999583 -0.028875 0
    outer loop
      vertex -12.8046 -21.3245 0
      vertex -12.8087 -21.1808 8
      vertex -12.8087 -21.1808 0
    endloop
  endfacet
  facet normal -0.999583 -0.028875 0
    outer loop
      vertex -12.8046 -21.3245 0
      vertex -12.8046 -21.3245 8
      vertex -12.8087 -21.1808 8
    endloop
  endfacet
  facet normal -0.516598 -0.856228 0
    outer loop
      vertex -12.0821 -21.7604 0
      vertex -12.8046 -21.3245 8
      vertex -12.8046 -21.3245 0
    endloop
  endfacet
  facet normal -0.516598 -0.856228 0
    outer loop
      vertex -12.0821 -21.7604 0
      vertex -12.0821 -21.7604 8
      vertex -12.8046 -21.3245 8
    endloop
  endfacet
  facet normal 0.47477 -0.88011 0
    outer loop
      vertex -11.9388 -21.6831 0
      vertex -12.0821 -21.7604 8
      vertex -12.0821 -21.7604 0
    endloop
  endfacet
  facet normal 0.47477 -0.88011 0
    outer loop
      vertex -11.9388 -21.6831 0
      vertex -11.9388 -21.6831 8
      vertex -12.0821 -21.7604 8
    endloop
  endfacet
  facet normal 0.508254 -0.861207 0
    outer loop
      vertex -11.6893 -21.5358 0
      vertex -11.9388 -21.6831 8
      vertex -11.9388 -21.6831 0
    endloop
  endfacet
  facet normal 0.508254 -0.861207 0
    outer loop
      vertex -11.6893 -21.5358 0
      vertex -11.6893 -21.5358 8
      vertex -11.9388 -21.6831 8
    endloop
  endfacet
  facet normal 0.54138 -0.840778 0
    outer loop
      vertex -11.4603 -21.3884 0
      vertex -11.6893 -21.5358 8
      vertex -11.6893 -21.5358 0
    endloop
  endfacet
  facet normal 0.54138 -0.840778 0
    outer loop
      vertex -11.4603 -21.3884 0
      vertex -11.4603 -21.3884 8
      vertex -11.6893 -21.5358 8
    endloop
  endfacet
  facet normal 0.573953 -0.818888 0
    outer loop
      vertex -11.2518 -21.2422 0
      vertex -11.4603 -21.3884 8
      vertex -11.4603 -21.3884 0
    endloop
  endfacet
  facet normal 0.573953 -0.818888 0
    outer loop
      vertex -11.2518 -21.2422 0
      vertex -11.2518 -21.2422 8
      vertex -11.4603 -21.3884 8
    endloop
  endfacet
  facet normal 0.605779 -0.795633 0
    outer loop
      vertex -11.0637 -21.099 0
      vertex -11.2518 -21.2422 8
      vertex -11.2518 -21.2422 0
    endloop
  endfacet
  facet normal 0.605779 -0.795633 0
    outer loop
      vertex -11.0637 -21.099 0
      vertex -11.0637 -21.099 8
      vertex -11.2518 -21.2422 8
    endloop
  endfacet
  facet normal 0.636816 -0.771016 0
    outer loop
      vertex -10.8957 -20.9603 0
      vertex -11.0637 -21.099 8
      vertex -11.0637 -21.099 0
    endloop
  endfacet
  facet normal 0.636816 -0.771016 0
    outer loop
      vertex -10.8957 -20.9603 0
      vertex -10.8957 -20.9603 8
      vertex -11.0637 -21.099 8
    endloop
  endfacet
  facet normal 0.666837 -0.745203 0
    outer loop
      vertex -10.7473 -20.8275 0
      vertex -10.8957 -20.9603 8
      vertex -10.8957 -20.9603 0
    endloop
  endfacet
  facet normal 0.666837 -0.745203 0
    outer loop
      vertex -10.7473 -20.8275 0
      vertex -10.7473 -20.8275 8
      vertex -10.8957 -20.9603 8
    endloop
  endfacet
  facet normal 0.695733 -0.718301 0
    outer loop
      vertex -10.6176 -20.7019 0
      vertex -10.7473 -20.8275 8
      vertex -10.7473 -20.8275 0
    endloop
  endfacet
  facet normal 0.695733 -0.718301 0
    outer loop
      vertex -10.6176 -20.7019 0
      vertex -10.6176 -20.7019 8
      vertex -10.7473 -20.8275 8
    endloop
  endfacet
  facet normal 0.723396 -0.690433 0
    outer loop
      vertex -10.5058 -20.5847 0
      vertex -10.6176 -20.7019 8
      vertex -10.6176 -20.7019 0
    endloop
  endfacet
  facet normal 0.723396 -0.690433 0
    outer loop
      vertex -10.5058 -20.5847 0
      vertex -10.5058 -20.5847 8
      vertex -10.6176 -20.7019 8
    endloop
  endfacet
  facet normal 0.749869 -0.661587 0
    outer loop
      vertex -10.4106 -20.4769 0
      vertex -10.5058 -20.5847 8
      vertex -10.5058 -20.5847 0
    endloop
  endfacet
  facet normal 0.749869 -0.661587 0
    outer loop
      vertex -10.4106 -20.4769 0
      vertex -10.4106 -20.4769 8
      vertex -10.5058 -20.5847 8
    endloop
  endfacet
  facet normal 0.774809 -0.632196 0
    outer loop
      vertex -10.3309 -20.3792 0
      vertex -10.4106 -20.4769 8
      vertex -10.4106 -20.4769 0
    endloop
  endfacet
  facet normal 0.774809 -0.632196 0
    outer loop
      vertex -10.3309 -20.3792 0
      vertex -10.3309 -20.3792 8
      vertex -10.4106 -20.4769 8
    endloop
  endfacet
  facet normal 0.798365 -0.602174 0
    outer loop
      vertex -10.2654 -20.2923 0
      vertex -10.3309 -20.3792 8
      vertex -10.3309 -20.3792 0
    endloop
  endfacet
  facet normal 0.798365 -0.602174 0
    outer loop
      vertex -10.2654 -20.2923 0
      vertex -10.2654 -20.2923 8
      vertex -10.3309 -20.3792 8
    endloop
  endfacet
  facet normal 0.82045 -0.571718 0
    outer loop
      vertex -10.2127 -20.2166 0
      vertex -10.2654 -20.2923 8
      vertex -10.2654 -20.2923 0
    endloop
  endfacet
  facet normal 0.82045 -0.571718 0
    outer loop
      vertex -10.2127 -20.2166 0
      vertex -10.2127 -20.2166 8
      vertex -10.2654 -20.2923 8
    endloop
  endfacet
  facet normal 0.840906 -0.541181 0
    outer loop
      vertex -10.1713 -20.1523 0
      vertex -10.2127 -20.2166 8
      vertex -10.2127 -20.2166 0
    endloop
  endfacet
  facet normal 0.840906 -0.541181 0
    outer loop
      vertex -10.1713 -20.1523 0
      vertex -10.1713 -20.1523 8
      vertex -10.2127 -20.2166 8
    endloop
  endfacet
  facet normal 0.867665 -0.497149 0
    outer loop
      vertex -10.1171 -20.0578 0
      vertex -10.1713 -20.1523 8
      vertex -10.1713 -20.1523 0
    endloop
  endfacet
  facet normal 0.867665 -0.497149 0
    outer loop
      vertex -10.1171 -20.0578 0
      vertex -10.1171 -20.0578 8
      vertex -10.1713 -20.1523 8
    endloop
  endfacet
  facet normal 0.900171 -0.435538 0
    outer loop
      vertex -10.0276 -19.8728 0
      vertex -10.1171 -20.0578 8
      vertex -10.1171 -20.0578 0
    endloop
  endfacet
  facet normal 0.900171 -0.435538 0
    outer loop
      vertex -10.0276 -19.8728 0
      vertex -10.0276 -19.8728 8
      vertex -10.1171 -20.0578 8
    endloop
  endfacet
  facet normal 0.914791 -0.403927 0
    outer loop
      vertex -9.68346 -19.0934 0
      vertex -10.0276 -19.8728 8
      vertex -10.0276 -19.8728 0
    endloop
  endfacet
  facet normal 0.914791 -0.403927 0
    outer loop
      vertex -9.68346 -19.0934 0
      vertex -9.68346 -19.0934 8
      vertex -10.0276 -19.8728 8
    endloop
  endfacet
  facet normal 0.360951 -0.932585 0
    outer loop
      vertex -9.47124 -19.0112 0
      vertex -9.68346 -19.0934 8
      vertex -9.68346 -19.0934 0
    endloop
  endfacet
  facet normal 0.360951 -0.932585 0
    outer loop
      vertex -9.47124 -19.0112 0
      vertex -9.47124 -19.0112 8
      vertex -9.68346 -19.0934 8
    endloop
  endfacet
  facet normal 0.895229 -0.445607 0
    outer loop
      vertex -9.46446 -18.9976 0
      vertex -9.47124 -19.0112 8
      vertex -9.47124 -19.0112 0
    endloop
  endfacet
  facet normal 0.895229 -0.445607 0
    outer loop
      vertex -9.46446 -18.9976 0
      vertex -9.46446 -18.9976 8
      vertex -9.47124 -19.0112 8
    endloop
  endfacet
  facet normal -0.414465 -0.910065 0
    outer loop
      vertex -9.15964 -19.1364 0
      vertex -9.46446 -18.9976 8
      vertex -9.46446 -18.9976 0
    endloop
  endfacet
  facet normal -0.414465 -0.910065 0
    outer loop
      vertex -9.15964 -19.1364 0
      vertex -9.15964 -19.1364 8
      vertex -9.46446 -18.9976 8
    endloop
  endfacet
  facet normal -0.308899 -0.951095 0
    outer loop
      vertex -7.98303 -19.5186 0
      vertex -9.15964 -19.1364 8
      vertex -9.15964 -19.1364 0
    endloop
  endfacet
  facet normal -0.308899 -0.951095 0
    outer loop
      vertex -7.98303 -19.5186 0
      vertex -7.98303 -19.5186 8
      vertex -9.15964 -19.1364 8
    endloop
  endfacet
  facet normal -0.203799 -0.979013 0
    outer loop
      vertex -7.91391 -19.533 0
      vertex -7.98303 -19.5186 8
      vertex -7.98303 -19.5186 0
    endloop
  endfacet
  facet normal -0.203799 -0.979013 0
    outer loop
      vertex -7.91391 -19.533 0
      vertex -7.91391 -19.533 8
      vertex -7.98303 -19.5186 8
    endloop
  endfacet
  facet normal -0.927134 0.37473 0
    outer loop
      vertex -7.91568 -19.5373 0
      vertex -7.91391 -19.533 8
      vertex -7.91391 -19.533 0
    endloop
  endfacet
  facet normal -0.927134 0.37473 0
    outer loop
      vertex -7.91568 -19.5373 0
      vertex -7.91568 -19.5373 8
      vertex -7.91391 -19.533 8
    endloop
  endfacet
  facet normal -0.854222 -0.519909 0
    outer loop
      vertex -7.79736 -19.7317 0
      vertex -7.91568 -19.5373 8
      vertex -7.91568 -19.5373 0
    endloop
  endfacet
  facet normal -0.854222 -0.519909 0
    outer loop
      vertex -7.79736 -19.7317 0
      vertex -7.79736 -19.7317 8
      vertex -7.91568 -19.5373 8
    endloop
  endfacet
  facet normal -0.971926 0.235286 0
    outer loop
      vertex -7.97464 -20.464 0
      vertex -7.79736 -19.7317 8
      vertex -7.79736 -19.7317 0
    endloop
  endfacet
  facet normal -0.971926 0.235286 0
    outer loop
      vertex -7.97464 -20.464 0
      vertex -7.97464 -20.464 8
      vertex -7.79736 -19.7317 8
    endloop
  endfacet
  facet normal -0.990342 0.138648 0
    outer loop
      vertex -7.99664 -20.6212 0
      vertex -7.97464 -20.464 8
      vertex -7.97464 -20.464 0
    endloop
  endfacet
  facet normal -0.990342 0.138648 0
    outer loop
      vertex -7.99664 -20.6212 0
      vertex -7.99664 -20.6212 8
      vertex -7.97464 -20.464 8
    endloop
  endfacet
  facet normal -0.975703 0.219098 0
    outer loop
      vertex -8.03697 -20.8008 0
      vertex -7.99664 -20.6212 8
      vertex -7.99664 -20.6212 0
    endloop
  endfacet
  facet normal -0.975703 0.219098 0
    outer loop
      vertex -8.03697 -20.8008 0
      vertex -8.03697 -20.8008 8
      vertex -7.99664 -20.6212 8
    endloop
  endfacet
  facet normal -0.990597 0.136814 0
    outer loop
      vertex -8.04814 -20.8817 0
      vertex -8.03697 -20.8008 8
      vertex -8.03697 -20.8008 0
    endloop
  endfacet
  facet normal -0.990597 0.136814 0
    outer loop
      vertex -8.04814 -20.8817 0
      vertex -8.04814 -20.8817 8
      vertex -8.03697 -20.8008 8
    endloop
  endfacet
  facet normal -0.996556 0.0829181 0
    outer loop
      vertex -8.05389 -20.9508 0
      vertex -8.04814 -20.8817 8
      vertex -8.04814 -20.8817 0
    endloop
  endfacet
  facet normal -0.996556 0.0829181 0
    outer loop
      vertex -8.05389 -20.9508 0
      vertex -8.05389 -20.9508 8
      vertex -8.04814 -20.8817 8
    endloop
  endfacet
  facet normal -0.999025 0.0441406 0
    outer loop
      vertex -8.0578 -21.0392 0
      vertex -8.05389 -20.9508 8
      vertex -8.05389 -20.9508 0
    endloop
  endfacet
  facet normal -0.999025 0.0441406 0
    outer loop
      vertex -8.0578 -21.0392 0
      vertex -8.0578 -21.0392 8
      vertex -8.05389 -20.9508 8
    endloop
  endfacet
  facet normal -0.999985 0.00539382 0
    outer loop
      vertex -8.05838 -21.1467 0
      vertex -8.0578 -21.0392 8
      vertex -8.0578 -21.0392 0
    endloop
  endfacet
  facet normal -0.999985 0.00539382 0
    outer loop
      vertex -8.05838 -21.1467 0
      vertex -8.05838 -21.1467 8
      vertex -8.0578 -21.0392 8
    endloop
  endfacet
  facet normal -0.99946 -0.0328642 0
    outer loop
      vertex -8.05423 -21.2729 0
      vertex -8.05838 -21.1467 8
      vertex -8.05838 -21.1467 0
    endloop
  endfacet
  facet normal -0.99946 -0.0328642 0
    outer loop
      vertex -8.05423 -21.2729 0
      vertex -8.05423 -21.2729 8
      vertex -8.05838 -21.1467 8
    endloop
  endfacet
  facet normal -0.997491 -0.0707897 0
    outer loop
      vertex -8.04399 -21.4172 0
      vertex -8.05423 -21.2729 8
      vertex -8.05423 -21.2729 0
    endloop
  endfacet
  facet normal -0.997491 -0.0707897 0
    outer loop
      vertex -8.04399 -21.4172 0
      vertex -8.04399 -21.4172 8
      vertex -8.05423 -21.2729 8
    endloop
  endfacet
  facet normal -0.994173 -0.107793 0
    outer loop
      vertex -8.02647 -21.5788 0
      vertex -8.04399 -21.4172 8
      vertex -8.04399 -21.4172 0
    endloop
  endfacet
  facet normal -0.994173 -0.107793 0
    outer loop
      vertex -8.02647 -21.5788 0
      vertex -8.02647 -21.5788 8
      vertex -8.04399 -21.4172 8
    endloop
  endfacet
  facet normal -0.989555 -0.144154 0
    outer loop
      vertex -8.00056 -21.7566 0
      vertex -8.02647 -21.5788 8
      vertex -8.02647 -21.5788 0
    endloop
  endfacet
  facet normal -0.989555 -0.144154 0
    outer loop
      vertex -8.00056 -21.7566 0
      vertex -8.00056 -21.7566 8
      vertex -8.02647 -21.5788 8
    endloop
  endfacet
  facet normal -0.983743 -0.179583 0
    outer loop
      vertex -7.96532 -21.9497 0
      vertex -8.00056 -21.7566 8
      vertex -8.00056 -21.7566 0
    endloop
  endfacet
  facet normal -0.983743 -0.179583 0
    outer loop
      vertex -7.96532 -21.9497 0
      vertex -7.96532 -21.9497 8
      vertex -8.00056 -21.7566 8
    endloop
  endfacet
  facet normal -0.976841 -0.213965 0
    outer loop
      vertex -7.91995 -22.1568 0
      vertex -7.96532 -21.9497 8
      vertex -7.96532 -21.9497 0
    endloop
  endfacet
  facet normal -0.976841 -0.213965 0
    outer loop
      vertex -7.91995 -22.1568 0
      vertex -7.91995 -22.1568 8
      vertex -7.96532 -21.9497 8
    endloop
  endfacet
  facet normal -0.96896 -0.247217 0
    outer loop
      vertex -7.86386 -22.3767 0
      vertex -7.91995 -22.1568 8
      vertex -7.91995 -22.1568 0
    endloop
  endfacet
  facet normal -0.96896 -0.247217 0
    outer loop
      vertex -7.86386 -22.3767 0
      vertex -7.86386 -22.3767 8
      vertex -7.91995 -22.1568 8
    endloop
  endfacet
  facet normal -0.960155 -0.27947 0
    outer loop
      vertex -7.79654 -22.608 0
      vertex -7.86386 -22.3767 8
      vertex -7.86386 -22.3767 0
    endloop
  endfacet
  facet normal -0.960155 -0.27947 0
    outer loop
      vertex -7.79654 -22.608 0
      vertex -7.79654 -22.608 8
      vertex -7.86386 -22.3767 8
    endloop
  endfacet
  facet normal -0.950606 -0.3104 0
    outer loop
      vertex -7.71771 -22.8494 0
      vertex -7.79654 -22.608 8
      vertex -7.79654 -22.608 0
    endloop
  endfacet
  facet normal -0.950606 -0.3104 0
    outer loop
      vertex -7.71771 -22.8494 0
      vertex -7.71771 -22.8494 8
      vertex -7.79654 -22.608 8
    endloop
  endfacet
  facet normal -0.940366 -0.340163 0
    outer loop
      vertex -7.62721 -23.0995 0
      vertex -7.71771 -22.8494 8
      vertex -7.71771 -22.8494 0
    endloop
  endfacet
  facet normal -0.940366 -0.340163 0
    outer loop
      vertex -7.62721 -23.0995 0
      vertex -7.62721 -23.0995 8
      vertex -7.71771 -22.8494 8
    endloop
  endfacet
  facet normal -0.929547 -0.368704 0
    outer loop
      vertex -7.54666 -23.3026 0
      vertex -7.62721 -23.0995 8
      vertex -7.62721 -23.0995 0
    endloop
  endfacet
  facet normal -0.929547 -0.368704 0
    outer loop
      vertex -7.54666 -23.3026 0
      vertex -7.54666 -23.3026 8
      vertex -7.62721 -23.0995 8
    endloop
  endfacet
  facet normal -0.204047 -0.978961 0
    outer loop
      vertex -7.31577 -23.3508 0
      vertex -7.54666 -23.3026 8
      vertex -7.54666 -23.3026 0
    endloop
  endfacet
  facet normal -0.204047 -0.978961 0
    outer loop
      vertex -7.31577 -23.3508 0
      vertex -7.31577 -23.3508 8
      vertex -7.54666 -23.3026 8
    endloop
  endfacet
  facet normal -0.103135 -0.994667 0
    outer loop
      vertex -6.67944 -23.4167 0
      vertex -7.31577 -23.3508 8
      vertex -7.31577 -23.3508 0
    endloop
  endfacet
  facet normal -0.103135 -0.994667 0
    outer loop
      vertex -6.67944 -23.4167 0
      vertex -6.67944 -23.4167 8
      vertex -7.31577 -23.3508 8
    endloop
  endfacet
  facet normal 0.777328 -0.629096 0
    outer loop
      vertex -6.57408 -23.2865 0
      vertex -6.67944 -23.4167 8
      vertex -6.67944 -23.4167 0
    endloop
  endfacet
  facet normal 0.777328 -0.629096 0
    outer loop
      vertex -6.57408 -23.2865 0
      vertex -6.57408 -23.2865 8
      vertex -6.67944 -23.4167 8
    endloop
  endfacet
  facet normal 0.156435 0.987688 -0
    outer loop
      vertex -3.13947 -14.77 0
      vertex -3.13947 -14.77 8
      vertex -1.57837 -15.0173 0
    endloop
  endfacet
  facet normal 0.156435 0.987688 0
    outer loop
      vertex -1.57837 -15.0173 8
      vertex -1.57837 -15.0173 0
      vertex -3.13947 -14.77 8
    endloop
  endfacet
  facet normal 0.258818 0.965926 -0
    outer loop
      vertex -4.66615 -14.3609 0
      vertex -4.66615 -14.3609 8
      vertex -3.13947 -14.77 0
    endloop
  endfacet
  facet normal 0.258818 0.965926 0
    outer loop
      vertex -3.13947 -14.77 8
      vertex -3.13947 -14.77 0
      vertex -4.66615 -14.3609 8
    endloop
  endfacet
  facet normal 0.358373 0.933579 -0
    outer loop
      vertex -6.14171 -13.7945 0
      vertex -6.14171 -13.7945 8
      vertex -4.66615 -14.3609 0
    endloop
  endfacet
  facet normal 0.358373 0.933579 0
    outer loop
      vertex -4.66615 -14.3609 8
      vertex -4.66615 -14.3609 0
      vertex -6.14171 -13.7945 8
    endloop
  endfacet
  facet normal 0.453986 0.891009 -0
    outer loop
      vertex -7.54999 -13.077 0
      vertex -7.54999 -13.077 8
      vertex -6.14171 -13.7945 0
    endloop
  endfacet
  facet normal 0.453986 0.891009 0
    outer loop
      vertex -6.14171 -13.7945 8
      vertex -6.14171 -13.7945 0
      vertex -7.54999 -13.077 8
    endloop
  endfacet
  facet normal 0.544637 0.838672 -0
    outer loop
      vertex -8.87555 -12.2162 0
      vertex -8.87555 -12.2162 8
      vertex -7.54999 -13.077 0
    endloop
  endfacet
  facet normal 0.544637 0.838672 0
    outer loop
      vertex -7.54999 -13.077 8
      vertex -7.54999 -13.077 0
      vertex -8.87555 -12.2162 8
    endloop
  endfacet
  facet normal 0.629322 0.777145 -0
    outer loop
      vertex -10.1039 -11.2215 0
      vertex -10.1039 -11.2215 8
      vertex -8.87555 -12.2162 0
    endloop
  endfacet
  facet normal 0.629322 0.777145 0
    outer loop
      vertex -8.87555 -12.2162 8
      vertex -8.87555 -12.2162 0
      vertex -10.1039 -11.2215 8
    endloop
  endfacet
  facet normal 0.707107 0.707107 -0
    outer loop
      vertex -11.2215 -10.1039 0
      vertex -11.2215 -10.1039 8
      vertex -10.1039 -11.2215 0
    endloop
  endfacet
  facet normal 0.707107 0.707107 0
    outer loop
      vertex -10.1039 -11.2215 8
      vertex -10.1039 -11.2215 0
      vertex -11.2215 -10.1039 8
    endloop
  endfacet
  facet normal 0.777145 0.629322 -0
    outer loop
      vertex -12.2162 -8.87555 0
      vertex -12.2162 -8.87555 8
      vertex -11.2215 -10.1039 0
    endloop
  endfacet
  facet normal 0.777145 0.629322 0
    outer loop
      vertex -11.2215 -10.1039 8
      vertex -11.2215 -10.1039 0
      vertex -12.2162 -8.87555 8
    endloop
  endfacet
  facet normal 0.838672 0.544637 -0
    outer loop
      vertex -13.077 -7.54999 0
      vertex -13.077 -7.54999 8
      vertex -12.2162 -8.87555 0
    endloop
  endfacet
  facet normal 0.838672 0.544637 0
    outer loop
      vertex -12.2162 -8.87555 8
      vertex -12.2162 -8.87555 0
      vertex -13.077 -7.54999 8
    endloop
  endfacet
  facet normal 0.891009 0.453986 -0
    outer loop
      vertex -13.7945 -6.14171 0
      vertex -13.7945 -6.14171 8
      vertex -13.077 -7.54999 0
    endloop
  endfacet
  facet normal 0.891009 0.453986 0
    outer loop
      vertex -13.077 -7.54999 8
      vertex -13.077 -7.54999 0
      vertex -13.7945 -6.14171 8
    endloop
  endfacet
  facet normal 0.933579 0.358373 -0
    outer loop
      vertex -14.3609 -4.66615 0
      vertex -14.3609 -4.66615 8
      vertex -13.7945 -6.14171 0
    endloop
  endfacet
  facet normal 0.933579 0.358373 0
    outer loop
      vertex -13.7945 -6.14171 8
      vertex -13.7945 -6.14171 0
      vertex -14.3609 -4.66615 8
    endloop
  endfacet
  facet normal 0.965926 0.258818 -0
    outer loop
      vertex -14.77 -3.13947 0
      vertex -14.77 -3.13947 8
      vertex -14.3609 -4.66615 0
    endloop
  endfacet
  facet normal 0.965926 0.258818 0
    outer loop
      vertex -14.3609 -4.66615 8
      vertex -14.3609 -4.66615 0
      vertex -14.77 -3.13947 8
    endloop
  endfacet
  facet normal 0.987688 0.156435 -0
    outer loop
      vertex -15.0173 -1.57837 0
      vertex -15.0173 -1.57837 8
      vertex -14.77 -3.13947 0
    endloop
  endfacet
  facet normal 0.987688 0.156435 0
    outer loop
      vertex -14.77 -3.13947 8
      vertex -14.77 -3.13947 0
      vertex -15.0173 -1.57837 8
    endloop
  endfacet
  facet normal 0.99863 0.0523354 -0
    outer loop
      vertex -15.1 0 0
      vertex -15.1 0 8
      vertex -15.0173 -1.57837 0
    endloop
  endfacet
  facet normal 0.99863 0.0523354 0
    outer loop
      vertex -15.0173 -1.57837 8
      vertex -15.0173 -1.57837 0
      vertex -15.1 0 8
    endloop
  endfacet
  facet normal 0.99863 -0.0523354 0
    outer loop
      vertex -15.0173 1.57837 0
      vertex -15.0173 1.57837 8
      vertex -15.1 0 0
    endloop
  endfacet
  facet normal 0.99863 -0.0523354 0
    outer loop
      vertex -15.1 0 8
      vertex -15.1 0 0
      vertex -15.0173 1.57837 8
    endloop
  endfacet
  facet normal 0.987688 -0.156435 0
    outer loop
      vertex -14.77 3.13947 0
      vertex -14.77 3.13947 8
      vertex -15.0173 1.57837 0
    endloop
  endfacet
  facet normal 0.987688 -0.156435 0
    outer loop
      vertex -15.0173 1.57837 8
      vertex -15.0173 1.57837 0
      vertex -14.77 3.13947 8
    endloop
  endfacet
  facet normal 0.965926 -0.258818 0
    outer loop
      vertex -14.3609 4.66615 0
      vertex -14.3609 4.66615 8
      vertex -14.77 3.13947 0
    endloop
  endfacet
  facet normal 0.965926 -0.258818 0
    outer loop
      vertex -14.77 3.13947 8
      vertex -14.77 3.13947 0
      vertex -14.3609 4.66615 8
    endloop
  endfacet
  facet normal 0.933579 -0.358373 0
    outer loop
      vertex -13.7945 6.14171 0
      vertex -13.7945 6.14171 8
      vertex -14.3609 4.66615 0
    endloop
  endfacet
  facet normal 0.933579 -0.358373 0
    outer loop
      vertex -14.3609 4.66615 8
      vertex -14.3609 4.66615 0
      vertex -13.7945 6.14171 8
    endloop
  endfacet
  facet normal 0.891009 -0.453986 0
    outer loop
      vertex -13.077 7.54999 0
      vertex -13.077 7.54999 8
      vertex -13.7945 6.14171 0
    endloop
  endfacet
  facet normal 0.891009 -0.453986 0
    outer loop
      vertex -13.7945 6.14171 8
      vertex -13.7945 6.14171 0
      vertex -13.077 7.54999 8
    endloop
  endfacet
  facet normal 0.838672 -0.544637 0
    outer loop
      vertex -12.2162 8.87555 0
      vertex -12.2162 8.87555 8
      vertex -13.077 7.54999 0
    endloop
  endfacet
  facet normal 0.838672 -0.544637 0
    outer loop
      vertex -13.077 7.54999 8
      vertex -13.077 7.54999 0
      vertex -12.2162 8.87555 8
    endloop
  endfacet
  facet normal 0.777145 -0.629322 0
    outer loop
      vertex -11.2215 10.1039 0
      vertex -11.2215 10.1039 8
      vertex -12.2162 8.87555 0
    endloop
  endfacet
  facet normal 0.777145 -0.629322 0
    outer loop
      vertex -12.2162 8.87555 8
      vertex -12.2162 8.87555 0
      vertex -11.2215 10.1039 8
    endloop
  endfacet
  facet normal 0.707107 -0.707107 0
    outer loop
      vertex -10.1039 11.2215 0
      vertex -10.1039 11.2215 8
      vertex -11.2215 10.1039 0
    endloop
  endfacet
  facet normal 0.707107 -0.707107 0
    outer loop
      vertex -11.2215 10.1039 8
      vertex -11.2215 10.1039 0
      vertex -10.1039 11.2215 8
    endloop
  endfacet
  facet normal 0.629322 -0.777145 0
    outer loop
      vertex -8.87555 12.2162 0
      vertex -8.87555 12.2162 8
      vertex -10.1039 11.2215 0
    endloop
  endfacet
  facet normal 0.629322 -0.777145 0
    outer loop
      vertex -10.1039 11.2215 8
      vertex -10.1039 11.2215 0
      vertex -8.87555 12.2162 8
    endloop
  endfacet
  facet normal 0.544637 -0.838672 0
    outer loop
      vertex -7.54999 13.077 0
      vertex -7.54999 13.077 8
      vertex -8.87555 12.2162 0
    endloop
  endfacet
  facet normal 0.544637 -0.838672 0
    outer loop
      vertex -8.87555 12.2162 8
      vertex -8.87555 12.2162 0
      vertex -7.54999 13.077 8
    endloop
  endfacet
  facet normal 0.453986 -0.891009 0
    outer loop
      vertex -6.14171 13.7945 0
      vertex -6.14171 13.7945 8
      vertex -7.54999 13.077 0
    endloop
  endfacet
  facet normal 0.453986 -0.891009 0
    outer loop
      vertex -7.54999 13.077 8
      vertex -7.54999 13.077 0
      vertex -6.14171 13.7945 8
    endloop
  endfacet
  facet normal 0.358373 -0.933579 0
    outer loop
      vertex -4.66615 14.3609 0
      vertex -4.66615 14.3609 8
      vertex -6.14171 13.7945 0
    endloop
  endfacet
  facet normal 0.358373 -0.933579 0
    outer loop
      vertex -6.14171 13.7945 8
      vertex -6.14171 13.7945 0
      vertex -4.66615 14.3609 8
    endloop
  endfacet
  facet normal 0.258818 -0.965926 0
    outer loop
      vertex -3.13947 14.77 0
      vertex -3.13947 14.77 8
      vertex -4.66615 14.3609 0
    endloop
  endfacet
  facet normal 0.258818 -0.965926 0
    outer loop
      vertex -4.66615 14.3609 8
      vertex -4.66615 14.3609 0
      vertex -3.13947 14.77 8
    endloop
  endfacet
  facet normal 0.156435 -0.987688 0
    outer loop
      vertex -1.57837 15.0173 0
      vertex -1.57837 15.0173 8
      vertex -3.13947 14.77 0
    endloop
  endfacet
  facet normal 0.156435 -0.987688 0
    outer loop
      vertex -3.13947 14.77 8
      vertex -3.13947 14.77 0
      vertex -1.57837 15.0173 8
    endloop
  endfacet
  facet normal 0.0523354 -0.99863 0
    outer loop
      vertex 0 15.1 0
      vertex 0 15.1 8
      vertex -1.57837 15.0173 0
    endloop
  endfacet
  facet normal 0.0523354 -0.99863 0
    outer loop
      vertex -1.57837 15.0173 8
      vertex -1.57837 15.0173 0
      vertex 0 15.1 8
    endloop
  endfacet
  facet normal -0.0523354 -0.99863 0
    outer loop
      vertex 1.57837 15.0173 0
      vertex 1.57837 15.0173 8
      vertex 0 15.1 0
    endloop
  endfacet
  facet normal -0.0523354 -0.99863 -0
    outer loop
      vertex 0 15.1 8
      vertex 0 15.1 0
      vertex 1.57837 15.0173 8
    endloop
  endfacet
  facet normal -0.156435 -0.987688 0
    outer loop
      vertex 3.13947 14.77 0
      vertex 3.13947 14.77 8
      vertex 1.57837 15.0173 0
    endloop
  endfacet
  facet normal -0.156435 -0.987688 -0
    outer loop
      vertex 1.57837 15.0173 8
      vertex 1.57837 15.0173 0
      vertex 3.13947 14.77 8
    endloop
  endfacet
  facet normal -0.258818 -0.965926 0
    outer loop
      vertex 4.66615 14.3609 0
      vertex 4.66615 14.3609 8
      vertex 3.13947 14.77 0
    endloop
  endfacet
  facet normal -0.258818 -0.965926 -0
    outer loop
      vertex 3.13947 14.77 8
      vertex 3.13947 14.77 0
      vertex 4.66615 14.3609 8
    endloop
  endfacet
  facet normal -0.358373 -0.933579 0
    outer loop
      vertex 6.14171 13.7945 0
      vertex 6.14171 13.7945 8
      vertex 4.66615 14.3609 0
    endloop
  endfacet
  facet normal -0.358373 -0.933579 -0
    outer loop
      vertex 4.66615 14.3609 8
      vertex 4.66615 14.3609 0
      vertex 6.14171 13.7945 8
    endloop
  endfacet
  facet normal -0.453986 -0.891009 0
    outer loop
      vertex 7.54999 13.077 0
      vertex 7.54999 13.077 8
      vertex 6.14171 13.7945 0
    endloop
  endfacet
  facet normal -0.453986 -0.891009 -0
    outer loop
      vertex 6.14171 13.7945 8
      vertex 6.14171 13.7945 0
      vertex 7.54999 13.077 8
    endloop
  endfacet
  facet normal -0.544637 -0.838672 0
    outer loop
      vertex 8.87555 12.2162 0
      vertex 8.87555 12.2162 8
      vertex 7.54999 13.077 0
    endloop
  endfacet
  facet normal -0.544637 -0.838672 -0
    outer loop
      vertex 7.54999 13.077 8
      vertex 7.54999 13.077 0
      vertex 8.87555 12.2162 8
    endloop
  endfacet
  facet normal -0.629322 -0.777145 0
    outer loop
      vertex 10.1039 11.2215 0
      vertex 10.1039 11.2215 8
      vertex 8.87555 12.2162 0
    endloop
  endfacet
  facet normal -0.629322 -0.777145 -0
    outer loop
      vertex 8.87555 12.2162 8
      vertex 8.87555 12.2162 0
      vertex 10.1039 11.2215 8
    endloop
  endfacet
  facet normal -0.707107 -0.707107 0
    outer loop
      vertex 11.2215 10.1039 0
      vertex 11.2215 10.1039 8
      vertex 10.1039 11.2215 0
    endloop
  endfacet
  facet normal -0.707107 -0.707107 -0
    outer loop
      vertex 10.1039 11.2215 8
      vertex 10.1039 11.2215 0
      vertex 11.2215 10.1039 8
    endloop
  endfacet
  facet normal -0.777145 -0.629322 0
    outer loop
      vertex 12.2162 8.87555 0
      vertex 12.2162 8.87555 8
      vertex 11.2215 10.1039 0
    endloop
  endfacet
  facet normal -0.777145 -0.629322 -0
    outer loop
      vertex 11.2215 10.1039 8
      vertex 11.2215 10.1039 0
      vertex 12.2162 8.87555 8
    endloop
  endfacet
  facet normal -0.838672 -0.544637 0
    outer loop
      vertex 13.077 7.54999 0
      vertex 13.077 7.54999 8
      vertex 12.2162 8.87555 0
    endloop
  endfacet
  facet normal -0.838672 -0.544637 -0
    outer loop
      vertex 12.2162 8.87555 8
      vertex 12.2162 8.87555 0
      vertex 13.077 7.54999 8
    endloop
  endfacet
  facet normal -0.891009 -0.453986 0
    outer loop
      vertex 13.7945 6.14171 0
      vertex 13.7945 6.14171 8
      vertex 13.077 7.54999 0
    endloop
  endfacet
  facet normal -0.891009 -0.453986 -0
    outer loop
      vertex 13.077 7.54999 8
      vertex 13.077 7.54999 0
      vertex 13.7945 6.14171 8
    endloop
  endfacet
  facet normal -0.933579 -0.358373 0
    outer loop
      vertex 14.3609 4.66615 0
      vertex 14.3609 4.66615 8
      vertex 13.7945 6.14171 0
    endloop
  endfacet
  facet normal -0.933579 -0.358373 -0
    outer loop
      vertex 13.7945 6.14171 8
      vertex 13.7945 6.14171 0
      vertex 14.3609 4.66615 8
    endloop
  endfacet
  facet normal -0.965926 -0.258818 0
    outer loop
      vertex 14.77 3.13947 0
      vertex 14.77 3.13947 8
      vertex 14.3609 4.66615 0
    endloop
  endfacet
  facet normal -0.965926 -0.258818 -0
    outer loop
      vertex 14.3609 4.66615 8
      vertex 14.3609 4.66615 0
      vertex 14.77 3.13947 8
    endloop
  endfacet
  facet normal -0.987688 -0.156435 0
    outer loop
      vertex 15.0173 1.57837 0
      vertex 15.0173 1.57837 8
      vertex 14.77 3.13947 0
    endloop
  endfacet
  facet normal -0.987688 -0.156435 -0
    outer loop
      vertex 14.77 3.13947 8
      vertex 14.77 3.13947 0
      vertex 15.0173 1.57837 8
    endloop
  endfacet
  facet normal -0.99863 -0.0523354 0
    outer loop
      vertex 15.1 0 0
      vertex 15.1 0 8
      vertex 15.0173 1.57837 0
    endloop
  endfacet
  facet normal -0.99863 -0.0523354 -0
    outer loop
      vertex 15.0173 1.57837 8
      vertex 15.0173 1.57837 0
      vertex 15.1 0 8
    endloop
  endfacet
  facet normal -0.99863 0.0523354 0
    outer loop
      vertex 15.0173 -1.57837 0
      vertex 15.0173 -1.57837 8
      vertex 15.1 0 0
    endloop
  endfacet
  facet normal -0.99863 0.0523354 0
    outer loop
      vertex 15.1 0 8
      vertex 15.1 0 0
      vertex 15.0173 -1.57837 8
    endloop
  endfacet
  facet normal -0.987688 0.156435 0
    outer loop
      vertex 14.77 -3.13947 0
      vertex 14.77 -3.13947 8
      vertex 15.0173 -1.57837 0
    endloop
  endfacet
  facet normal -0.987688 0.156435 0
    outer loop
      vertex 15.0173 -1.57837 8
      vertex 15.0173 -1.57837 0
      vertex 14.77 -3.13947 8
    endloop
  endfacet
  facet normal -0.965926 0.258818 0
    outer loop
      vertex 14.3609 -4.66615 0
      vertex 14.3609 -4.66615 8
      vertex 14.77 -3.13947 0
    endloop
  endfacet
  facet normal -0.965926 0.258818 0
    outer loop
      vertex 14.77 -3.13947 8
      vertex 14.77 -3.13947 0
      vertex 14.3609 -4.66615 8
    endloop
  endfacet
  facet normal -0.933579 0.358373 0
    outer loop
      vertex 13.7945 -6.14171 0
      vertex 13.7945 -6.14171 8
      vertex 14.3609 -4.66615 0
    endloop
  endfacet
  facet normal -0.933579 0.358373 0
    outer loop
      vertex 14.3609 -4.66615 8
      vertex 14.3609 -4.66615 0
      vertex 13.7945 -6.14171 8
    endloop
  endfacet
  facet normal -0.891009 0.453986 0
    outer loop
      vertex 13.077 -7.54999 0
      vertex 13.077 -7.54999 8
      vertex 13.7945 -6.14171 0
    endloop
  endfacet
  facet normal -0.891009 0.453986 0
    outer loop
      vertex 13.7945 -6.14171 8
      vertex 13.7945 -6.14171 0
      vertex 13.077 -7.54999 8
    endloop
  endfacet
  facet normal -0.838672 0.544637 0
    outer loop
      vertex 12.2162 -8.87555 0
      vertex 12.2162 -8.87555 8
      vertex 13.077 -7.54999 0
    endloop
  endfacet
  facet normal -0.838672 0.544637 0
    outer loop
      vertex 13.077 -7.54999 8
      vertex 13.077 -7.54999 0
      vertex 12.2162 -8.87555 8
    endloop
  endfacet
  facet normal -0.777145 0.629322 0
    outer loop
      vertex 11.2215 -10.1039 0
      vertex 11.2215 -10.1039 8
      vertex 12.2162 -8.87555 0
    endloop
  endfacet
  facet normal -0.777145 0.629322 0
    outer loop
      vertex 12.2162 -8.87555 8
      vertex 12.2162 -8.87555 0
      vertex 11.2215 -10.1039 8
    endloop
  endfacet
  facet normal -0.707107 0.707107 0
    outer loop
      vertex 10.1039 -11.2215 0
      vertex 10.1039 -11.2215 8
      vertex 11.2215 -10.1039 0
    endloop
  endfacet
  facet normal -0.707107 0.707107 0
    outer loop
      vertex 11.2215 -10.1039 8
      vertex 11.2215 -10.1039 0
      vertex 10.1039 -11.2215 8
    endloop
  endfacet
  facet normal -0.629322 0.777145 0
    outer loop
      vertex 8.87555 -12.2162 0
      vertex 8.87555 -12.2162 8
      vertex 10.1039 -11.2215 0
    endloop
  endfacet
  facet normal -0.629322 0.777145 0
    outer loop
      vertex 10.1039 -11.2215 8
      vertex 10.1039 -11.2215 0
      vertex 8.87555 -12.2162 8
    endloop
  endfacet
  facet normal -0.544637 0.838672 0
    outer loop
      vertex 7.54999 -13.077 0
      vertex 7.54999 -13.077 8
      vertex 8.87555 -12.2162 0
    endloop
  endfacet
  facet normal -0.544637 0.838672 0
    outer loop
      vertex 8.87555 -12.2162 8
      vertex 8.87555 -12.2162 0
      vertex 7.54999 -13.077 8
    endloop
  endfacet
  facet normal -0.453986 0.891009 0
    outer loop
      vertex 6.14171 -13.7945 0
      vertex 6.14171 -13.7945 8
      vertex 7.54999 -13.077 0
    endloop
  endfacet
  facet normal -0.453986 0.891009 0
    outer loop
      vertex 7.54999 -13.077 8
      vertex 7.54999 -13.077 0
      vertex 6.14171 -13.7945 8
    endloop
  endfacet
  facet normal -0.358373 0.933579 0
    outer loop
      vertex 4.66615 -14.3609 0
      vertex 4.66615 -14.3609 8
      vertex 6.14171 -13.7945 0
    endloop
  endfacet
  facet normal -0.358373 0.933579 0
    outer loop
      vertex 6.14171 -13.7945 8
      vertex 6.14171 -13.7945 0
      vertex 4.66615 -14.3609 8
    endloop
  endfacet
  facet normal -0.258818 0.965926 0
    outer loop
      vertex 3.13947 -14.77 0
      vertex 3.13947 -14.77 8
      vertex 4.66615 -14.3609 0
    endloop
  endfacet
  facet normal -0.258818 0.965926 0
    outer loop
      vertex 4.66615 -14.3609 8
      vertex 4.66615 -14.3609 0
      vertex 3.13947 -14.77 8
    endloop
  endfacet
  facet normal -0.156435 0.987688 0
    outer loop
      vertex 1.57837 -15.0173 0
      vertex 1.57837 -15.0173 8
      vertex 3.13947 -14.77 0
    endloop
  endfacet
  facet normal -0.156435 0.987688 0
    outer loop
      vertex 3.13947 -14.77 8
      vertex 3.13947 -14.77 0
      vertex 1.57837 -15.0173 8
    endloop
  endfacet
  facet normal -0.0523354 0.99863 0
    outer loop
      vertex 0 -15.1 0
      vertex 0 -15.1 8
      vertex 1.57837 -15.0173 0
    endloop
  endfacet
  facet normal -0.0523354 0.99863 0
    outer loop
      vertex 1.57837 -15.0173 8
      vertex 1.57837 -15.0173 0
      vertex 0 -15.1 8
    endloop
  endfacet
  facet normal 0.0523354 0.99863 -0
    outer loop
      vertex -1.57837 -15.0173 0
      vertex -1.57837 -15.0173 8
      vertex 0 -15.1 0
    endloop
  endfacet
  facet normal 0.0523354 0.99863 0
    outer loop
      vertex 0 -15.1 8
      vertex 0 -15.1 0
      vertex -1.57837 -15.0173 8
    endloop
  endfacet
endsolid OpenSCAD_Model
