solid OpenSCAD_Model
  facet normal -0.629319 0.777147 0
    outer loop
      vertex 18.116 3.71136 0
      vertex 17.7429 3.40918 6
      vertex 18.116 3.71136 6
    endloop
  endfacet
  facet normal -0.629319 0.777147 0
    outer loop
      vertex 17.7429 3.40918 6
      vertex 18.116 3.71136 0
      vertex 17.7429 3.40918 0
    endloop
  endfacet
  facet normal -0.358369 0.93358 0
    outer loop
      vertex 19.3949 4.36297 0
      vertex 18.9466 4.19089 6
      vertex 19.3949 4.36297 6
    endloop
  endfacet
  facet normal -0.358369 0.93358 0
    outer loop
      vertex 18.9466 4.19089 6
      vertex 19.3949 4.36297 0
      vertex 18.9466 4.19089 0
    endloop
  endfacet
  facet normal -0.83867 -0.544639 0
    outer loop
      vertex 17.1011 -2.69646 0
      vertex 16.8396 -2.29375 6
      vertex 16.8396 -2.29375 0
    endloop
  endfacet
  facet normal -0.83867 -0.544639 0
    outer loop
      vertex 16.8396 -2.29375 6
      vertex 17.1011 -2.69646 0
      vertex 17.1011 -2.69646 6
    endloop
  endfacet
  facet normal -0.777147 0.629319 0
    outer loop
      vertex 17.1937 2.81083 0
      vertex 17.4033 3.06964 6
      vertex 17.4033 3.06964 0
    endloop
  endfacet
  facet normal -0.777147 0.629319 0
    outer loop
      vertex 17.4033 3.06964 6
      vertex 17.1937 2.81083 0
      vertex 17.1937 2.81083 6
    endloop
  endfacet
  facet normal -0.45399 0.891007 0
    outer loop
      vertex 18.9466 4.19089 0
      vertex 18.5187 3.97289 6
      vertex 18.9466 4.19089 6
    endloop
  endfacet
  facet normal -0.45399 0.891007 0
    outer loop
      vertex 18.5187 3.97289 6
      vertex 18.9466 4.19089 0
      vertex 18.5187 3.97289 0
    endloop
  endfacet
  facet normal -0.358369 -0.93358 0
    outer loop
      vertex 18.9466 -4.19089 0
      vertex 19.3949 -4.36297 6
      vertex 18.9466 -4.19089 6
    endloop
  endfacet
  facet normal -0.358369 -0.93358 -0
    outer loop
      vertex 19.3949 -4.36297 6
      vertex 18.9466 -4.19089 0
      vertex 19.3949 -4.36297 0
    endloop
  endfacet
  facet normal -0.54464 -0.83867 0
    outer loop
      vertex 18.116 -3.71136 0
      vertex 18.5187 -3.97289 6
      vertex 18.116 -3.71136 6
    endloop
  endfacet
  facet normal -0.54464 -0.83867 -0
    outer loop
      vertex 18.5187 -3.97289 6
      vertex 18.116 -3.71136 0
      vertex 18.5187 -3.97289 0
    endloop
  endfacet
  facet normal -0.891004 -0.453995 0
    outer loop
      vertex 16.8396 -2.29375 0
      vertex 16.7988 -2.21368 6
      vertex 16.7988 -2.21368 0
    endloop
  endfacet
  facet normal -0.891004 -0.453995 0
    outer loop
      vertex 16.7988 -2.21368 6
      vertex 16.8396 -2.29375 0
      vertex 16.8396 -2.29375 6
    endloop
  endfacet
  facet normal -0.958798 0.284088 0
    outer loop
      vertex 16.5312 1.63046 0
      vertex 16.5312 1.63047 6
      vertex 16.5312 1.63047 0
    endloop
  endfacet
  facet normal -0.958798 0.284088 0
    outer loop
      vertex 16.5312 1.63047 6
      vertex 16.5312 1.63046 0
      vertex 16.5312 1.63046 6
    endloop
  endfacet
  facet normal -0.0523362 0.99863 0
    outer loop
      vertex 20.674 4.58024 0
      vertex 20.333 4.56237 6
      vertex 20.674 4.58024 6
    endloop
  endfacet
  facet normal -0.0523362 0.99863 0
    outer loop
      vertex 20.333 4.56237 6
      vertex 20.674 4.58024 0
      vertex 20.333 4.56237 0
    endloop
  endfacet
  facet normal -0.258818 0.965926 0
    outer loop
      vertex 19.8587 4.48725 0
      vertex 19.3949 4.36297 6
      vertex 19.8587 4.48725 6
    endloop
  endfacet
  facet normal -0.258818 0.965926 0
    outer loop
      vertex 19.3949 4.36297 6
      vertex 19.8587 4.48725 0
      vertex 19.3949 4.36297 0
    endloop
  endfacet
  facet normal -0.156435 0.987688 0
    outer loop
      vertex 20.333 4.56237 0
      vertex 19.8587 4.48725 6
      vertex 20.333 4.56237 6
    endloop
  endfacet
  facet normal -0.156435 0.987688 0
    outer loop
      vertex 19.8587 4.48725 6
      vertex 20.333 4.56237 0
      vertex 19.8587 4.48725 0
    endloop
  endfacet
  facet normal -0.156435 -0.987688 0
    outer loop
      vertex 19.8587 -4.48725 0
      vertex 20.333 -4.56237 6
      vertex 19.8587 -4.48725 6
    endloop
  endfacet
  facet normal -0.156435 -0.987688 -0
    outer loop
      vertex 20.333 -4.56237 6
      vertex 19.8587 -4.48725 0
      vertex 20.333 -4.56237 0
    endloop
  endfacet
  facet normal -0.707107 -0.707107 0
    outer loop
      vertex 17.7429 -3.40918 0
      vertex 17.4033 -3.06964 6
      vertex 17.4033 -3.06964 0
    endloop
  endfacet
  facet normal -0.707107 -0.707107 0
    outer loop
      vertex 17.4033 -3.06964 6
      vertex 17.7429 -3.40918 0
      vertex 17.7429 -3.40918 6
    endloop
  endfacet
  facet normal -0.45399 -0.891007 0
    outer loop
      vertex 18.5187 -3.97289 0
      vertex 18.9466 -4.19089 6
      vertex 18.5187 -3.97289 6
    endloop
  endfacet
  facet normal -0.45399 -0.891007 -0
    outer loop
      vertex 18.9466 -4.19089 6
      vertex 18.5187 -3.97289 0
      vertex 18.9466 -4.19089 0
    endloop
  endfacet
  facet normal -0.0523362 -0.99863 0
    outer loop
      vertex 20.333 -4.56237 0
      vertex 20.674 -4.58024 6
      vertex 20.333 -4.56237 6
    endloop
  endfacet
  facet normal -0.0523362 -0.99863 -0
    outer loop
      vertex 20.674 -4.58024 6
      vertex 20.333 -4.56237 0
      vertex 20.674 -4.58024 0
    endloop
  endfacet
  facet normal -0.629319 -0.777147 0
    outer loop
      vertex 17.7429 -3.40918 0
      vertex 18.116 -3.71136 6
      vertex 17.7429 -3.40918 6
    endloop
  endfacet
  facet normal -0.629319 -0.777147 -0
    outer loop
      vertex 18.116 -3.71136 6
      vertex 17.7429 -3.40918 0
      vertex 18.116 -3.71136 0
    endloop
  endfacet
  facet normal -0.777148 -0.629318 0
    outer loop
      vertex 17.4033 -3.06964 0
      vertex 17.1011 -2.69646 6
      vertex 17.1011 -2.69646 0
    endloop
  endfacet
  facet normal -0.777148 -0.629318 0
    outer loop
      vertex 17.1011 -2.69646 6
      vertex 17.4033 -3.06964 0
      vertex 17.4033 -3.06964 6
    endloop
  endfacet
  facet normal -0 0 -1
    outer loop
      vertex 3.04401 -10.7335 0
      vertex 2.86539 -10.8054 0
      vertex 3.04346 -10.7316 0
    endloop
  endfacet
  facet normal -0 0 -1
    outer loop
      vertex 6.80324 -11.8444 0
      vertex 6.6438 -11.9524 0
      vertex 6.80078 -11.8401 0
    endloop
  endfacet
  facet normal 0 0 -1
    outer loop
      vertex 8.20088 -12.7536 0
      vertex 10.59 -12.7853 0
      vertex 10.5515 -13.0039 0
    endloop
  endfacet
  facet normal -0 0 -1
    outer loop
      vertex 10.7222 -12.1712 0
      vertex 10.5872 -12.3085 0
      vertex 10.713 -12.1608 0
    endloop
  endfacet
  facet normal 0 0 -1
    outer loop
      vertex 12.3059 -12.9154 0
      vertex 14.6202 -12.5151 0
      vertex 14.6217 -12.667 0
    endloop
  endfacet
  facet normal 0 0 -1
    outer loop
      vertex 12.3964 -13.1833 0
      vertex 14.6217 -12.667 0
      vertex 14.6154 -12.8555 0
    endloop
  endfacet
  facet normal 0 0 -1
    outer loop
      vertex 12.3059 -12.9154 0
      vertex 14.6217 -12.667 0
      vertex 12.3315 -12.9978 0
    endloop
  endfacet
  facet normal 0 0 -1
    outer loop
      vertex 12.4357 -13.2859 0
      vertex 14.6154 -12.8555 0
      vertex 14.5986 -13.0785 0
    endloop
  endfacet
  facet normal 0 0 -1
    outer loop
      vertex 12.5288 -13.5103 0
      vertex 14.5986 -13.0785 0
      vertex 14.5688 -13.3341 0
    endloop
  endfacet
  facet normal 0 0 -1
    outer loop
      vertex 12.6442 -13.759 0
      vertex 14.5688 -13.3341 0
      vertex 14.5485 -13.4734 0
    endloop
  endfacet
  facet normal 0 0 -1
    outer loop
      vertex 14.6154 -12.8555 0
      vertex 12.4357 -13.2859 0
      vertex 12.3964 -13.1833 0
    endloop
  endfacet
  facet normal 0 0 -1
    outer loop
      vertex 12.711 -13.8921 0
      vertex 14.5485 -13.4734 0
      vertex 14.4957 -13.7744 0
    endloop
  endfacet
  facet normal 0 0 -1
    outer loop
      vertex 14.5138 -11.8827 0
      vertex 14.6056 -11.7107 0
      vertex 14.6189 -11.7213 0
    endloop
  endfacet
  facet normal 0 0 -1
    outer loop
      vertex 12.2039 -12.2288 0
      vertex 14.6056 -11.7107 0
      vertex 14.5138 -11.8827 0
    endloop
  endfacet
  facet normal 0 0 -1
    outer loop
      vertex 12.8627 -14.1753 0
      vertex 14.4957 -13.7744 0
      vertex 14.4243 -14.1036 0
    endloop
  endfacet
  facet normal 0 0 -1
    outer loop
      vertex 14.5986 -13.0785 0
      vertex 12.5288 -13.5103 0
      vertex 12.4357 -13.2859 0
    endloop
  endfacet
  facet normal 0 0 -1
    outer loop
      vertex 13.0423 -14.4801 0
      vertex 14.4243 -14.1036 0
      vertex 14.3305 -14.46 0
    endloop
  endfacet
  facet normal 0 0 -1
    outer loop
      vertex 13.2523 -14.8052 0
      vertex 14.3305 -14.46 0
      vertex 14.2756 -14.6478 0
    endloop
  endfacet
  facet normal 0 0 -1
    outer loop
      vertex 13.2523 -14.8052 0
      vertex 14.2756 -14.6478 0
      vertex 14.1913 -14.9107 0
    endloop
  endfacet
  facet normal 0 0 -1
    outer loop
      vertex 14.6056 -11.7107 0
      vertex 12.2039 -12.2288 0
      vertex 12.0454 -12.0946 0
    endloop
  endfacet
  facet normal 0 0 -1
    outer loop
      vertex 13.2523 -14.8052 0
      vertex 14.1913 -14.9107 0
      vertex 13.4096 -15.0294 0
    endloop
  endfacet
  facet normal 0 0 -1
    outer loop
      vertex 14.3305 -14.46 0
      vertex 13.2523 -14.8052 0
      vertex 13.0423 -14.4801 0
    endloop
  endfacet
  facet normal 0 0 -1
    outer loop
      vertex 14.4243 -14.1036 0
      vertex 13.0423 -14.4801 0
      vertex 12.8627 -14.1753 0
    endloop
  endfacet
  facet normal 0 0 -1
    outer loop
      vertex 14.4957 -13.7744 0
      vertex 12.8627 -14.1753 0
      vertex 12.7839 -14.0309 0
    endloop
  endfacet
  facet normal 0 0 -1
    outer loop
      vertex 14.4957 -13.7744 0
      vertex 12.7839 -14.0309 0
      vertex 12.711 -13.8921 0
    endloop
  endfacet
  facet normal 0 0 -1
    outer loop
      vertex 14.5485 -13.4734 0
      vertex 12.711 -13.8921 0
      vertex 12.6442 -13.759 0
    endloop
  endfacet
  facet normal 0 0 -1
    outer loop
      vertex 14.5688 -13.3341 0
      vertex 12.6442 -13.759 0
      vertex 12.5288 -13.5103 0
    endloop
  endfacet
  facet normal 0 0 -1
    outer loop
      vertex 14.6217 -12.667 0
      vertex 12.3964 -13.1833 0
      vertex 12.3315 -12.9978 0
    endloop
  endfacet
  facet normal -0 0 -1
    outer loop
      vertex 14.6202 -12.5151 0
      vertex 12.3059 -12.9154 0
      vertex 14.6165 -12.4537 0
    endloop
  endfacet
  facet normal 0 0 -1
    outer loop
      vertex 12.2448 -12.7006 0
      vertex 14.6165 -12.4537 0
      vertex 12.3059 -12.9154 0
    endloop
  endfacet
  facet normal -0 0 -1
    outer loop
      vertex 14.6165 -12.4537 0
      vertex 12.2448 -12.7006 0
      vertex 14.6154 -12.3703 0
    endloop
  endfacet
  facet normal -0 0 -1
    outer loop
      vertex 14.6154 -12.3703 0
      vertex 12.2448 -12.7006 0
      vertex 14.5138 -11.8827 0
    endloop
  endfacet
  facet normal 0 0 -1
    outer loop
      vertex 14.6056 -11.7107 0
      vertex 13.4215 -8.40771 0
      vertex 14.5658 -8.14754 0
    endloop
  endfacet
  facet normal 0 0 -1
    outer loop
      vertex 14.5138 -11.8827 0
      vertex 12.2448 -12.7006 0
      vertex 12.2039 -12.2288 0
    endloop
  endfacet
  facet normal 0 -0 -1
    outer loop
      vertex 12.297 -8.57848 0
      vertex 14.6056 -11.7107 0
      vertex 12.0454 -12.0946 0
    endloop
  endfacet
  facet normal 0 0 -1
    outer loop
      vertex 12.0454 -12.0946 0
      vertex 12.2039 -12.2288 0
      vertex 12.0561 -12.1054 0
    endloop
  endfacet
  facet normal 0 0 -1
    outer loop
      vertex 14.6056 -11.7107 0
      vertex 12.297 -8.57848 0
      vertex 13.4215 -8.40771 0
    endloop
  endfacet
  facet normal 0 0 -1
    outer loop
      vertex 11.2056 -8.66811 0
      vertex 12.0454 -12.0946 0
      vertex 11.3747 -12.1497 0
    endloop
  endfacet
  facet normal 0 0 -1
    outer loop
      vertex 12.0454 -12.0946 0
      vertex 11.2056 -8.66811 0
      vertex 12.297 -8.57848 0
    endloop
  endfacet
  facet normal 0 0 -1
    outer loop
      vertex 10.713 -12.1608 0
      vertex 11.2056 -8.66811 0
      vertex 11.3747 -12.1497 0
    endloop
  endfacet
  facet normal 0 0 -1
    outer loop
      vertex 8.24744 -12.193 0
      vertex 10.713 -12.1608 0
      vertex 10.5872 -12.3085 0
    endloop
  endfacet
  facet normal 0 0 -1
    outer loop
      vertex 8.21875 -12.9771 0
      vertex 10.5515 -13.0039 0
      vertex 10.5126 -13.1789 0
    endloop
  endfacet
  facet normal 0 0 -1
    outer loop
      vertex 8.24577 -13.1682 0
      vertex 10.5126 -13.1789 0
      vertex 10.458 -13.3834 0
    endloop
  endfacet
  facet normal 0 0 -1
    outer loop
      vertex 8.26276 -13.2755 0
      vertex 10.458 -13.3834 0
      vertex 10.4253 -13.4962 0
    endloop
  endfacet
  facet normal 0 0 -1
    outer loop
      vertex 8.28452 -13.3905 0
      vertex 10.4253 -13.4962 0
      vertex 10.3457 -13.742 0
    endloop
  endfacet
  facet normal 0 0 -1
    outer loop
      vertex 8.33987 -13.6427 0
      vertex 10.3457 -13.742 0
      vertex 10.2967 -13.8747 0
    endloop
  endfacet
  facet normal 0 0 -1
    outer loop
      vertex 10.5126 -13.1789 0
      vertex 8.24577 -13.1682 0
      vertex 8.21875 -12.9771 0
    endloop
  endfacet
  facet normal 0 0 -1
    outer loop
      vertex 8.37386 -13.7794 0
      vertex 10.2967 -13.8747 0
      vertex 10.1865 -14.1589 0
    endloop
  endfacet
  facet normal -0 0 -1
    outer loop
      vertex 10.713 -12.1608 0
      vertex 8.24744 -12.193 0
      vertex 8.12097 -12.0344 0
    endloop
  endfacet
  facet normal 0 0 -1
    outer loop
      vertex 8.50607 -14.2301 0
      vertex 10.1865 -14.1589 0
      vertex 10.0503 -14.4672 0
    endloop
  endfacet
  facet normal 0 0 -1
    outer loop
      vertex 8.62126 -14.5627 0
      vertex 10.0503 -14.4672 0
      vertex 9.97411 -14.63 0
    endloop
  endfacet
  facet normal 0 0 -1
    outer loop
      vertex 8.62126 -14.5627 0
      vertex 9.97411 -14.63 0
      vertex 9.88889 -14.7984 0
    endloop
  endfacet
  facet normal 0 0 -1
    outer loop
      vertex 8.68842 -14.7382 0
      vertex 9.88889 -14.7984 0
      vertex 9.79822 -14.9722 0
    endloop
  endfacet
  facet normal 0 0 -1
    outer loop
      vertex 8.76161 -14.9196 0
      vertex 9.79822 -14.9722 0
      vertex 9.70161 -15.1514 0
    endloop
  endfacet
  facet normal 0 0 -1
    outer loop
      vertex 8.84032 -15.1066 0
      vertex 9.70161 -15.1514 0
      vertex 9.66402 -15.2159 0
    endloop
  endfacet
  facet normal 0 0 -1
    outer loop
      vertex 10.713 -12.1608 0
      vertex 10.1573 -8.68561 0
      vertex 11.2056 -8.66811 0
    endloop
  endfacet
  facet normal 0 0 -1
    outer loop
      vertex 8.84032 -15.1066 0
      vertex 9.66402 -15.2159 0
      vertex 8.87407 -15.1799 0
    endloop
  endfacet
  facet normal 0 0 -1
    outer loop
      vertex 9.70161 -15.1514 0
      vertex 8.84032 -15.1066 0
      vertex 8.76161 -14.9196 0
    endloop
  endfacet
  facet normal 0 0 -1
    outer loop
      vertex 9.79822 -14.9722 0
      vertex 8.76161 -14.9196 0
      vertex 8.68842 -14.7382 0
    endloop
  endfacet
  facet normal 0 0 -1
    outer loop
      vertex 9.88889 -14.7984 0
      vertex 8.68842 -14.7382 0
      vertex 8.62126 -14.5627 0
    endloop
  endfacet
  facet normal -0 0 -1
    outer loop
      vertex 10.0503 -14.4672 0
      vertex 8.62126 -14.5627 0
      vertex 8.50607 -14.2301 0
    endloop
  endfacet
  facet normal -0 0 -1
    outer loop
      vertex 10.1865 -14.1589 0
      vertex 8.50607 -14.2301 0
      vertex 8.45699 -14.0733 0
    endloop
  endfacet
  facet normal 0 0 -1
    outer loop
      vertex 10.1865 -14.1589 0
      vertex 8.45699 -14.0733 0
      vertex 8.37386 -13.7794 0
    endloop
  endfacet
  facet normal 0 0 -1
    outer loop
      vertex 10.2967 -13.8747 0
      vertex 8.37386 -13.7794 0
      vertex 8.33987 -13.6427 0
    endloop
  endfacet
  facet normal 0 0 -1
    outer loop
      vertex 10.3457 -13.742 0
      vertex 8.33987 -13.6427 0
      vertex 8.28452 -13.3905 0
    endloop
  endfacet
  facet normal 0 0 -1
    outer loop
      vertex 10.4253 -13.4962 0
      vertex 8.28452 -13.3905 0
      vertex 8.26276 -13.2755 0
    endloop
  endfacet
  facet normal 0 0 -1
    outer loop
      vertex 10.458 -13.3834 0
      vertex 8.26276 -13.2755 0
      vertex 8.24577 -13.1682 0
    endloop
  endfacet
  facet normal 0 0 -1
    outer loop
      vertex 10.713 -12.1608 0
      vertex 8.12097 -12.0344 0
      vertex 9.15901 -8.64021 0
    endloop
  endfacet
  facet normal 0 0 -1
    outer loop
      vertex 10.713 -12.1608 0
      vertex 9.15901 -8.64021 0
      vertex 10.1573 -8.68561 0
    endloop
  endfacet
  facet normal -0 0 -1
    outer loop
      vertex 9.15901 -8.64021 0
      vertex 8.12097 -12.0344 0
      vertex 8.21529 -8.54083 0
    endloop
  endfacet
  facet normal 0 0 -1
    outer loop
      vertex 7.74916 -11.9952 0
      vertex 8.21529 -8.54083 0
      vertex 8.12097 -12.0344 0
    endloop
  endfacet
  facet normal 0 0 -1
    outer loop
      vertex 6.80078 -11.8401 0
      vertex 8.21529 -8.54083 0
      vertex 7.74916 -11.9952 0
    endloop
  endfacet
  facet normal -0 0 -1
    outer loop
      vertex 8.21529 -8.54083 0
      vertex 6.80078 -11.8401 0
      vertex 7.32861 -8.39584 0
    endloop
  endfacet
  facet normal 0 0 -1
    outer loop
      vertex 4.39926 -11.3777 0
      vertex 6.80078 -11.8401 0
      vertex 6.6438 -11.9524 0
    endloop
  endfacet
  facet normal 0 0 -1
    outer loop
      vertex 4.39926 -11.3777 0
      vertex 6.6438 -11.9524 0
      vertex 6.55238 -12.4186 0
    endloop
  endfacet
  facet normal 0 0 -1
    outer loop
      vertex 6.80078 -11.8401 0
      vertex 6.49983 -8.21295 0
      vertex 7.32861 -8.39584 0
    endloop
  endfacet
  facet normal 0 0 -1
    outer loop
      vertex 4.23898 -11.8693 0
      vertex 6.55238 -12.4186 0
      vertex 6.47134 -12.6266 0
    endloop
  endfacet
  facet normal 0 0 -1
    outer loop
      vertex 4.20859 -12.0782 0
      vertex 6.47134 -12.6266 0
      vertex 6.35471 -12.8836 0
    endloop
  endfacet
  facet normal 0 0 -1
    outer loop
      vertex 4.18016 -12.4411 0
      vertex 6.35471 -12.8836 0
      vertex 6.19041 -13.1948 0
    endloop
  endfacet
  facet normal 0 0 -1
    outer loop
      vertex 4.17734 -12.6791 0
      vertex 6.19041 -13.1948 0
      vertex 6.12323 -13.3097 0
    endloop
  endfacet
  facet normal 0 0 -1
    outer loop
      vertex 4.18045 -12.8114 0
      vertex 6.12323 -13.3097 0
      vertex 5.97052 -13.5561 0
    endloop
  endfacet
  facet normal 0 0 -1
    outer loop
      vertex 4.19481 -13.1006 0
      vertex 5.97052 -13.5561 0
      vertex 5.88504 -13.6874 0
    endloop
  endfacet
  facet normal 0 0 -1
    outer loop
      vertex 4.20728 -13.2572 0
      vertex 5.88504 -13.6874 0
      vertex 5.79018 -13.8232 0
    endloop
  endfacet
  facet normal 0 0 -1
    outer loop
      vertex 6.80078 -11.8401 0
      vertex 4.39926 -11.3777 0
      vertex 4.30852 -11.1986 0
    endloop
  endfacet
  facet normal 0 0 -1
    outer loop
      vertex 4.22444 -13.4216 0
      vertex 5.79018 -13.8232 0
      vertex 5.68781 -13.964 0
    endloop
  endfacet
  facet normal 0 0 -1
    outer loop
      vertex 4.27206 -13.7729 0
      vertex 5.68781 -13.964 0
      vertex 5.5779 -14.1096 0
    endloop
  endfacet
  facet normal 0 0 -1
    outer loop
      vertex 4.27206 -13.7729 0
      vertex 5.5779 -14.1096 0
      vertex 5.45992 -14.2599 0
    endloop
  endfacet
  facet normal 0 0 -1
    outer loop
      vertex 4.30212 -13.9591 0
      vertex 5.45992 -14.2599 0
      vertex 5.33334 -14.4147 0
    endloop
  endfacet
  facet normal 0 0 -1
    outer loop
      vertex 4.91513 -14.5672 0
      vertex 5.33334 -14.4147 0
      vertex 5.19704 -14.5736 0
    endloop
  endfacet
  facet normal 0 0 -1
    outer loop
      vertex 4.91513 -14.5672 0
      vertex 5.19704 -14.5736 0
      vertex 5.15497 -14.6202 0
    endloop
  endfacet
  facet normal 0 0 -1
    outer loop
      vertex 6.80078 -11.8401 0
      vertex 4.30852 -11.1986 0
      vertex 6.49983 -8.21295 0
    endloop
  endfacet
  facet normal -0 0 -1
    outer loop
      vertex 5.33334 -14.4147 0
      vertex 4.91513 -14.5672 0
      vertex 4.30212 -13.9591 0
    endloop
  endfacet
  facet normal -0 0 -1
    outer loop
      vertex 6.49983 -8.21295 0
      vertex 4.30852 -11.1986 0
      vertex 5.72852 -7.99904 0
    endloop
  endfacet
  facet normal -0 0 -1
    outer loop
      vertex 5.72852 -7.99904 0
      vertex 4.30852 -11.1986 0
      vertex 5.01337 -7.76022 0
    endloop
  endfacet
  facet normal 0 0 -1
    outer loop
      vertex 3.82484 -11.0371 0
      vertex 5.01337 -7.76022 0
      vertex 4.30852 -11.1986 0
    endloop
  endfacet
  facet normal 0 0 -1
    outer loop
      vertex 3.04346 -10.7316 0
      vertex 5.01337 -7.76022 0
      vertex 3.82484 -11.0371 0
    endloop
  endfacet
  facet normal -0 0 -1
    outer loop
      vertex 5.01337 -7.76022 0
      vertex 3.04346 -10.7316 0
      vertex 4.3524 -7.50183 0
    endloop
  endfacet
  facet normal -0 0 -1
    outer loop
      vertex 4.3524 -7.50183 0
      vertex 3.04346 -10.7316 0
      vertex 3.74316 -7.22844 0
    endloop
  endfacet
  facet normal 0 0 -1
    outer loop
      vertex 0.804443 -9.59583 0
      vertex 3.74316 -7.22844 0
      vertex 3.04346 -10.7316 0
    endloop
  endfacet
  facet normal 0 0 -1
    outer loop
      vertex 0.804443 -9.59583 0
      vertex 3.04346 -10.7316 0
      vertex 2.86539 -10.8054 0
    endloop
  endfacet
  facet normal 0 0 -1
    outer loop
      vertex 0.85199 -9.78526 0
      vertex 2.86539 -10.8054 0
      vertex 2.67058 -11.2578 0
    endloop
  endfacet
  facet normal -0 0 -1
    outer loop
      vertex 3.74316 -7.22844 0
      vertex 0.804443 -9.59583 0
      vertex 3.18297 -6.94398 0
    endloop
  endfacet
  facet normal 0 0 -1
    outer loop
      vertex 0.55687 -10.2778 0
      vertex 2.67058 -11.2578 0
      vertex 2.55061 -11.4427 0
    endloop
  endfacet
  facet normal 0 0 -1
    outer loop
      vertex 0.55687 -10.2778 0
      vertex 2.55061 -11.4427 0
      vertex 2.5031 -11.5112 0
    endloop
  endfacet
  facet normal 0 0 -1
    outer loop
      vertex 0.480179 -10.4589 0
      vertex 2.5031 -11.5112 0
      vertex 2.44891 -11.5846 0
    endloop
  endfacet
  facet normal 0 0 -1
    outer loop
      vertex 0.432404 -10.5911 0
      vertex 2.44891 -11.5846 0
      vertex 2.32281 -11.7473 0
    endloop
  endfacet
  facet normal 0 0 -1
    outer loop
      vertex 0.377319 -10.7695 0
      vertex 2.32281 -11.7473 0
      vertex 2.24995 -11.8361 0
    endloop
  endfacet
  facet normal 0 0 -1
    outer loop
      vertex 2.86539 -10.8054 0
      vertex 0.85199 -9.78526 0
      vertex 0.804443 -9.59583 0
    endloop
  endfacet
  facet normal 0 0 -1
    outer loop
      vertex 0.349152 -10.8757 0
      vertex 2.24995 -11.8361 0
      vertex 2.16994 -11.9297 0
    endloop
  endfacet
  facet normal 0 0 -1
    outer loop
      vertex 0.321289 -10.9926 0
      vertex 2.16994 -11.9297 0
      vertex 2.08148 -12.0275 0
    endloop
  endfacet
  facet normal 0 0 -1
    outer loop
      vertex 0.294235 -11.1201 0
      vertex 2.08148 -12.0275 0
      vertex 1.98473 -12.1295 0
    endloop
  endfacet
  facet normal 0 0 -1
    outer loop
      vertex 0.268433 -11.2579 0
      vertex 1.98473 -12.1295 0
      vertex 1.87962 -12.2358 0
    endloop
  endfacet
  facet normal -0 0 -1
    outer loop
      vertex 3.18297 -6.94398 0
      vertex 0.804443 -9.59583 0
      vertex 2.66895 -6.65175 0
    endloop
  endfacet
  facet normal 0 0 -1
    outer loop
      vertex 0.244339 -11.4055 0
      vertex 1.87962 -12.2358 0
      vertex 1.76572 -12.346 0
    endloop
  endfacet
  facet normal 0 0 -1
    outer loop
      vertex 0.222382 -11.5627 0
      vertex 1.76572 -12.346 0
      vertex 1.64249 -12.46 0
    endloop
  endfacet
  facet normal 0 0 -1
    outer loop
      vertex 0.202988 -11.7292 0
      vertex 1.64249 -12.46 0
      vertex 1.50946 -12.5775 0
    endloop
  endfacet
  facet normal -0 0 -1
    outer loop
      vertex 2.66895 -6.65175 0
      vertex 0.804443 -9.59583 0
      vertex 2.19815 -6.35451 0
    endloop
  endfacet
  facet normal 0 0 -1
    outer loop
      vertex 0.186539 -11.9048 0
      vertex 1.50946 -12.5775 0
      vertex 1.36612 -12.6983 0
    endloop
  endfacet
  facet normal 0 0 -1
    outer loop
      vertex 0.173477 -12.0891 0
      vertex 1.36612 -12.6983 0
      vertex 1.21198 -12.8221 0
    endloop
  endfacet
  facet normal 0 0 -1
    outer loop
      vertex 0.159027 -12.4832 0
      vertex 1.21198 -12.8221 0
      vertex 1.04651 -12.9485 0
    endloop
  endfacet
  facet normal 0 0 -1
    outer loop
      vertex 0.269775 -9.25824 0
      vertex 2.19815 -6.35451 0
      vertex 0.804443 -9.59583 0
    endloop
  endfacet
  facet normal -0 0 -1
    outer loop
      vertex 2.19815 -6.35451 0
      vertex 0.269775 -9.25824 0
      vertex 1.7677 -6.05457 0
    endloop
  endfacet
  facet normal 0 0 -1
    outer loop
      vertex 0.158478 -12.6926 0
      vertex 1.04651 -12.9485 0
      vertex 0.840302 -13.0972 0
    endloop
  endfacet
  facet normal 0 0 -1
    outer loop
      vertex 2.67058 -11.2578 0
      vertex 0.55687 -10.2778 0
      vertex 0.85199 -9.78526 0
    endloop
  endfacet
  facet normal 0 0 -1
    outer loop
      vertex 2.5031 -11.5112 0
      vertex 0.480179 -10.4589 0
      vertex 0.55687 -10.2778 0
    endloop
  endfacet
  facet normal 0 0 -1
    outer loop
      vertex 2.44891 -11.5846 0
      vertex 0.432404 -10.5911 0
      vertex 0.480179 -10.4589 0
    endloop
  endfacet
  facet normal 0 0 -1
    outer loop
      vertex 2.32281 -11.7473 0
      vertex 0.405243 -10.6746 0
      vertex 0.432404 -10.5911 0
    endloop
  endfacet
  facet normal 0 0 -1
    outer loop
      vertex 2.32281 -11.7473 0
      vertex 0.377319 -10.7695 0
      vertex 0.405243 -10.6746 0
    endloop
  endfacet
  facet normal 0 0 -1
    outer loop
      vertex 2.24995 -11.8361 0
      vertex 0.349152 -10.8757 0
      vertex 0.377319 -10.7695 0
    endloop
  endfacet
  facet normal 0 0 -1
    outer loop
      vertex 2.16994 -11.9297 0
      vertex 0.321289 -10.9926 0
      vertex 0.349152 -10.8757 0
    endloop
  endfacet
  facet normal 0 0 -1
    outer loop
      vertex 2.08148 -12.0275 0
      vertex 0.294235 -11.1201 0
      vertex 0.321289 -10.9926 0
    endloop
  endfacet
  facet normal 0 0 -1
    outer loop
      vertex 1.98473 -12.1295 0
      vertex 0.268433 -11.2579 0
      vertex 0.294235 -11.1201 0
    endloop
  endfacet
  facet normal 0 0 -1
    outer loop
      vertex 1.87962 -12.2358 0
      vertex 0.244339 -11.4055 0
      vertex 0.268433 -11.2579 0
    endloop
  endfacet
  facet normal 0 0 -1
    outer loop
      vertex 1.76572 -12.346 0
      vertex 0.222382 -11.5627 0
      vertex 0.244339 -11.4055 0
    endloop
  endfacet
  facet normal 0 0 -1
    outer loop
      vertex 1.64249 -12.46 0
      vertex 0.202988 -11.7292 0
      vertex 0.222382 -11.5627 0
    endloop
  endfacet
  facet normal 0 0 -1
    outer loop
      vertex 1.50946 -12.5775 0
      vertex 0.186539 -11.9048 0
      vertex 0.202988 -11.7292 0
    endloop
  endfacet
  facet normal 0 0 -1
    outer loop
      vertex 1.36612 -12.6983 0
      vertex 0.173477 -12.0891 0
      vertex 0.186539 -11.9048 0
    endloop
  endfacet
  facet normal 0 0 -1
    outer loop
      vertex 1.21198 -12.8221 0
      vertex 0.164169 -12.282 0
      vertex 0.173477 -12.0891 0
    endloop
  endfacet
  facet normal 0 0 -1
    outer loop
      vertex 0.158478 -12.6926 0
      vertex 0.840302 -13.0972 0
      vertex 0.159683 -12.7516 0
    endloop
  endfacet
  facet normal 0 0 -1
    outer loop
      vertex 1.21198 -12.8221 0
      vertex 0.159027 -12.4832 0
      vertex 0.164169 -12.282 0
    endloop
  endfacet
  facet normal 0 0 -1
    outer loop
      vertex 1.04651 -12.9485 0
      vertex 0.158478 -12.6926 0
      vertex 0.159027 -12.4832 0
    endloop
  endfacet
  facet normal 0 0 -1
    outer loop
      vertex 16.5312 1.63047 0
      vertex 16.2715 3.71136 0
      vertex 16.6446 3.40916 0
    endloop
  endfacet
  facet normal 0 0 -1
    outer loop
      vertex 14.6036 1.41577 0
      vertex 16.2715 3.71136 0
      vertex 16.5312 1.63047 0
    endloop
  endfacet
  facet normal -0 0 -1
    outer loop
      vertex 16.2715 3.71136 0
      vertex 14.6036 1.41577 0
      vertex 15.8687 3.97289 0
    endloop
  endfacet
  facet normal 0 0 -1
    outer loop
      vertex 15.0905 0.874985 0
      vertex 16.5312 1.63047 0
      vertex 15.1061 0.844452 0
    endloop
  endfacet
  facet normal 0 0 -1
    outer loop
      vertex 14.9908 1.02861 0
      vertex 16.5312 1.63047 0
      vertex 15.0905 0.874985 0
    endloop
  endfacet
  facet normal 0 0 -1
    outer loop
      vertex 14.8755 1.17097 0
      vertex 16.5312 1.63047 0
      vertex 14.9908 1.02861 0
    endloop
  endfacet
  facet normal 0 0 -1
    outer loop
      vertex 14.746 1.30049 0
      vertex 16.5312 1.63047 0
      vertex 14.8755 1.17097 0
    endloop
  endfacet
  facet normal 0 0 -1
    outer loop
      vertex 14.6036 1.41577 0
      vertex 16.5312 1.63047 0
      vertex 14.746 1.30049 0
    endloop
  endfacet
  facet normal 0 0 -1
    outer loop
      vertex 14.45 1.51553 0
      vertex 15.8687 3.97289 0
      vertex 14.6036 1.41577 0
    endloop
  endfacet
  facet normal -0 0 -1
    outer loop
      vertex 15.8687 3.97289 0
      vertex 14.45 1.51553 0
      vertex 15.4409 4.19089 0
    endloop
  endfacet
  facet normal 0 0 -1
    outer loop
      vertex 14.2868 1.59869 0
      vertex 15.4409 4.19089 0
      vertex 14.45 1.51553 0
    endloop
  endfacet
  facet normal -0 0 -1
    outer loop
      vertex 15.4409 4.19089 0
      vertex 14.2868 1.59869 0
      vertex 14.9926 4.36296 0
    endloop
  endfacet
  facet normal 0 0 -1
    outer loop
      vertex 14.1158 1.66434 0
      vertex 14.9926 4.36296 0
      vertex 14.2868 1.59869 0
    endloop
  endfacet
  facet normal -0 0 -1
    outer loop
      vertex 14.9926 4.36296 0
      vertex 14.1158 1.66434 0
      vertex 14.5288 4.48724 0
    endloop
  endfacet
  facet normal 0 0 -1
    outer loop
      vertex 13.9388 1.71175 0
      vertex 14.5288 4.48724 0
      vertex 14.1158 1.66434 0
    endloop
  endfacet
  facet normal -0 0 -1
    outer loop
      vertex 14.5288 4.48724 0
      vertex 13.9388 1.71175 0
      vertex 14.0545 4.56236 0
    endloop
  endfacet
  facet normal 0 0 -1
    outer loop
      vertex 13.7579 1.7404 0
      vertex 14.0545 4.56236 0
      vertex 13.9388 1.71175 0
    endloop
  endfacet
  facet normal 0 0 -1
    outer loop
      vertex 13.575 1.75 0
      vertex 14.0545 4.56236 0
      vertex 13.7579 1.7404 0
    endloop
  endfacet
  facet normal 0 0 -1
    outer loop
      vertex 13.575 1.75 0
      vertex 13.575 4.58749 0
      vertex 14.0545 4.56236 0
    endloop
  endfacet
  facet normal 0 0 -1
    outer loop
      vertex 13.3921 1.7404 0
      vertex 13.575 4.58749 0
      vertex 13.575 1.75 0
    endloop
  endfacet
  facet normal 0 0 -1
    outer loop
      vertex 13.0955 4.56236 0
      vertex 13.3921 1.7404 0
      vertex 13.2112 1.71175 0
    endloop
  endfacet
  facet normal 0 0 -1
    outer loop
      vertex 13.3921 1.7404 0
      vertex 13.0955 4.56236 0
      vertex 13.575 4.58749 0
    endloop
  endfacet
  facet normal 0 0 -1
    outer loop
      vertex 12.6212 4.48724 0
      vertex 13.2112 1.71175 0
      vertex 13.0342 1.66434 0
    endloop
  endfacet
  facet normal 0 0 -1
    outer loop
      vertex 12.1574 4.36296 0
      vertex 13.0342 1.66434 0
      vertex 12.8632 1.59869 0
    endloop
  endfacet
  facet normal 0 0 -1
    outer loop
      vertex 11.7091 4.19089 0
      vertex 12.8632 1.59869 0
      vertex 12.7 1.51553 0
    endloop
  endfacet
  facet normal 0 0 -1
    outer loop
      vertex 13.2112 1.71175 0
      vertex 12.6212 4.48724 0
      vertex 13.0955 4.56236 0
    endloop
  endfacet
  facet normal 0 0 -1
    outer loop
      vertex 11.2812 3.97289 0
      vertex 12.7 1.51553 0
      vertex 12.5464 1.41577 0
    endloop
  endfacet
  facet normal 0 0 -1
    outer loop
      vertex 10.8785 3.71136 0
      vertex 12.5464 1.41577 0
      vertex 12.404 1.30049 0
    endloop
  endfacet
  facet normal 0 0 -1
    outer loop
      vertex 10.5054 3.40916 0
      vertex 12.404 1.30049 0
      vertex 12.2745 1.17097 0
    endloop
  endfacet
  facet normal 0 0 -1
    outer loop
      vertex 10.1658 3.06963 0
      vertex 12.2745 1.17097 0
      vertex 12.1592 1.02861 0
    endloop
  endfacet
  facet normal 0 0 -1
    outer loop
      vertex 13.0342 1.66434 0
      vertex 12.1574 4.36296 0
      vertex 12.6212 4.48724 0
    endloop
  endfacet
  facet normal 0 0 -1
    outer loop
      vertex 9.86363 2.69646 0
      vertex 12.1592 1.02861 0
      vertex 12.0595 0.874985 0
    endloop
  endfacet
  facet normal 0 0 -1
    outer loop
      vertex 9.60211 2.29375 0
      vertex 12.0595 0.874985 0
      vertex 11.9763 0.711777 0
    endloop
  endfacet
  facet normal 0 0 -1
    outer loop
      vertex 9.38411 1.86589 0
      vertex 11.9763 0.711777 0
      vertex 11.9107 0.540771 0
    endloop
  endfacet
  facet normal 0 0 -1
    outer loop
      vertex 9.21204 1.4176 0
      vertex 11.9107 0.540771 0
      vertex 11.8633 0.363831 0
    endloop
  endfacet
  facet normal 0 0 -1
    outer loop
      vertex 9.08775 0.953781 0
      vertex 11.8633 0.363831 0
      vertex 11.8346 0.182922 0
    endloop
  endfacet
  facet normal 0 0 -1
    outer loop
      vertex 8.97789 -0.182922 0
      vertex 11.7999 -0.479523 0
      vertex 11.7247 -0.953781 0
    endloop
  endfacet
  facet normal 0 0 -1
    outer loop
      vertex 11.7999 -0.479523 0
      vertex 8.97789 -0.182922 0
      vertex 11.8346 0.182922 0
    endloop
  endfacet
  facet normal 0 0 -1
    outer loop
      vertex 12.8632 1.59869 0
      vertex 11.7091 4.19089 0
      vertex 12.1574 4.36296 0
    endloop
  endfacet
  facet normal 0 0 -1
    outer loop
      vertex 8.94923 -0.363831 0
      vertex 11.7247 -0.953781 0
      vertex 11.6004 -1.4176 0
    endloop
  endfacet
  facet normal 0 0 -1
    outer loop
      vertex 8.90182 -0.540771 0
      vertex 11.6004 -1.4176 0
      vertex 11.4284 -1.86589 0
    endloop
  endfacet
  facet normal 0 0 -1
    outer loop
      vertex 12.7 1.51553 0
      vertex 11.2812 3.97289 0
      vertex 11.7091 4.19089 0
    endloop
  endfacet
  facet normal 0 0 -1
    outer loop
      vertex 8.83618 -0.711777 0
      vertex 11.4284 -1.86589 0
      vertex 11.2104 -2.29375 0
    endloop
  endfacet
  facet normal 0 0 -1
    outer loop
      vertex 8.75302 -0.874985 0
      vertex 11.2104 -2.29375 0
      vertex 10.9489 -2.69646 0
    endloop
  endfacet
  facet normal 0 0 -1
    outer loop
      vertex 12.5464 1.41577 0
      vertex 10.8785 3.71136 0
      vertex 11.2812 3.97289 0
    endloop
  endfacet
  facet normal 0 0 -1
    outer loop
      vertex 8.65326 -1.02861 0
      vertex 10.9489 -2.69646 0
      vertex 10.6467 -3.06963 0
    endloop
  endfacet
  facet normal 0 0 -1
    outer loop
      vertex 12.404 1.30049 0
      vertex 10.5054 3.40916 0
      vertex 10.8785 3.71136 0
    endloop
  endfacet
  facet normal 0 0 -1
    outer loop
      vertex 8.53798 -1.17097 0
      vertex 10.6467 -3.06963 0
      vertex 10.3071 -3.40916 0
    endloop
  endfacet
  facet normal -0 0 -1
    outer loop
      vertex 11.8346 0.182922 0
      vertex 8.97789 -0.182922 0
      vertex 9.01263 0.479523 0
    endloop
  endfacet
  facet normal 0 0 -1
    outer loop
      vertex 8.40846 -1.30049 0
      vertex 10.3071 -3.40916 0
      vertex 9.93394 -3.71136 0
    endloop
  endfacet
  facet normal 0 0 -1
    outer loop
      vertex 11.8346 0.182922 0
      vertex 9.01263 0.479523 0
      vertex 9.08775 0.953781 0
    endloop
  endfacet
  facet normal 0 0 -1
    outer loop
      vertex 12.2745 1.17097 0
      vertex 10.1658 3.06963 0
      vertex 10.5054 3.40916 0
    endloop
  endfacet
  facet normal 0 0 -1
    outer loop
      vertex 8.2661 -1.41577 0
      vertex 9.93394 -3.71136 0
      vertex 9.53123 -3.97289 0
    endloop
  endfacet
  facet normal 0 0 -1
    outer loop
      vertex 12.1592 1.02861 0
      vertex 9.86363 2.69646 0
      vertex 10.1658 3.06963 0
    endloop
  endfacet
  facet normal 0 0 -1
    outer loop
      vertex 12.0595 0.874985 0
      vertex 9.60211 2.29375 0
      vertex 9.86363 2.69646 0
    endloop
  endfacet
  facet normal 0 0 -1
    outer loop
      vertex 8.11249 -1.51553 0
      vertex 9.53123 -3.97289 0
      vertex 9.10338 -4.19089 0
    endloop
  endfacet
  facet normal 0 0 -1
    outer loop
      vertex 11.9763 0.711777 0
      vertex 9.38411 1.86589 0
      vertex 9.60211 2.29375 0
    endloop
  endfacet
  facet normal 0 0 -1
    outer loop
      vertex 11.9107 0.540771 0
      vertex 9.21204 1.4176 0
      vertex 9.38411 1.86589 0
    endloop
  endfacet
  facet normal 0 0 -1
    outer loop
      vertex 11.8633 0.363831 0
      vertex 9.08775 0.953781 0
      vertex 9.21204 1.4176 0
    endloop
  endfacet
  facet normal 0 0 -1
    outer loop
      vertex 11.7247 -0.953781 0
      vertex 8.94923 -0.363831 0
      vertex 8.97789 -0.182922 0
    endloop
  endfacet
  facet normal 0 0 -1
    outer loop
      vertex 11.6004 -1.4176 0
      vertex 8.90182 -0.540771 0
      vertex 8.94923 -0.363831 0
    endloop
  endfacet
  facet normal 0 0 -1
    outer loop
      vertex 11.4284 -1.86589 0
      vertex 8.83618 -0.711777 0
      vertex 8.90182 -0.540771 0
    endloop
  endfacet
  facet normal 0 0 -1
    outer loop
      vertex 11.2104 -2.29375 0
      vertex 8.75302 -0.874985 0
      vertex 8.83618 -0.711777 0
    endloop
  endfacet
  facet normal 0 0 -1
    outer loop
      vertex 7.94926 -1.59869 0
      vertex 9.10338 -4.19089 0
      vertex 8.65509 -4.36296 0
    endloop
  endfacet
  facet normal 0 0 -1
    outer loop
      vertex 10.9489 -2.69646 0
      vertex 8.65326 -1.02861 0
      vertex 8.75302 -0.874985 0
    endloop
  endfacet
  facet normal 0 0 -1
    outer loop
      vertex 10.6467 -3.06963 0
      vertex 8.53798 -1.17097 0
      vertex 8.65326 -1.02861 0
    endloop
  endfacet
  facet normal 0 0 -1
    outer loop
      vertex 10.3071 -3.40916 0
      vertex 8.40846 -1.30049 0
      vertex 8.53798 -1.17097 0
    endloop
  endfacet
  facet normal 0 0 -1
    outer loop
      vertex 9.93394 -3.71136 0
      vertex 8.2661 -1.41577 0
      vertex 8.40846 -1.30049 0
    endloop
  endfacet
  facet normal 0 0 -1
    outer loop
      vertex 7.77826 -1.66434 0
      vertex 8.65509 -4.36296 0
      vertex 8.19127 -4.48724 0
    endloop
  endfacet
  facet normal 0 0 -1
    outer loop
      vertex 9.53123 -3.97289 0
      vertex 8.11249 -1.51553 0
      vertex 8.2661 -1.41577 0
    endloop
  endfacet
  facet normal 0 0 -1
    outer loop
      vertex 9.10338 -4.19089 0
      vertex 7.94926 -1.59869 0
      vertex 8.11249 -1.51553 0
    endloop
  endfacet
  facet normal 0 0 -1
    outer loop
      vertex 8.65509 -4.36296 0
      vertex 7.77826 -1.66434 0
      vertex 7.94926 -1.59869 0
    endloop
  endfacet
  facet normal 0 0 -1
    outer loop
      vertex 7.60132 -1.71175 0
      vertex 8.19127 -4.48724 0
      vertex 7.71701 -4.56236 0
    endloop
  endfacet
  facet normal 0 0 -1
    outer loop
      vertex 8.19127 -4.48724 0
      vertex 7.60132 -1.71175 0
      vertex 7.77826 -1.66434 0
    endloop
  endfacet
  facet normal 0 0 -1
    outer loop
      vertex 7.71701 -4.56236 0
      vertex 7.42041 -1.7404 0
      vertex 7.60132 -1.71175 0
    endloop
  endfacet
  facet normal 0 0 -1
    outer loop
      vertex 7.23749 -4.58749 0
      vertex 7.42041 -1.7404 0
      vertex 7.71701 -4.56236 0
    endloop
  endfacet
  facet normal 0 0 -1
    outer loop
      vertex 7.23749 -4.58749 0
      vertex 7.23749 -1.75 0
      vertex 7.42041 -1.7404 0
    endloop
  endfacet
  facet normal 0 0 -1
    outer loop
      vertex 7.23749 -4.58749 0
      vertex 7.05457 -1.7404 0
      vertex 7.23749 -1.75 0
    endloop
  endfacet
  facet normal 0 0 -1
    outer loop
      vertex 6.75797 -4.56236 0
      vertex 7.05457 -1.7404 0
      vertex 7.23749 -4.58749 0
    endloop
  endfacet
  facet normal -0 0 -1
    outer loop
      vertex 7.05457 -1.7404 0
      vertex 6.75797 -4.56236 0
      vertex 6.87366 -1.71175 0
    endloop
  endfacet
  facet normal 0 0 -1
    outer loop
      vertex 6.28371 -4.48724 0
      vertex 6.87366 -1.71175 0
      vertex 6.75797 -4.56236 0
    endloop
  endfacet
  facet normal -0 0 -1
    outer loop
      vertex 6.87366 -1.71175 0
      vertex 6.28371 -4.48724 0
      vertex 6.69672 -1.66434 0
    endloop
  endfacet
  facet normal 0 0 -1
    outer loop
      vertex 5.81989 -4.36296 0
      vertex 6.69672 -1.66434 0
      vertex 6.28371 -4.48724 0
    endloop
  endfacet
  facet normal -0 0 -1
    outer loop
      vertex 6.69672 -1.66434 0
      vertex 5.81989 -4.36296 0
      vertex 6.52571 -1.59869 0
    endloop
  endfacet
  facet normal 0 0 -1
    outer loop
      vertex 5.3716 -4.19089 0
      vertex 6.52571 -1.59869 0
      vertex 5.81989 -4.36296 0
    endloop
  endfacet
  facet normal -0 0 -1
    outer loop
      vertex 6.52571 -1.59869 0
      vertex 5.3716 -4.19089 0
      vertex 6.36249 -1.51553 0
    endloop
  endfacet
  facet normal 0 0 -1
    outer loop
      vertex 4.94374 -3.97289 0
      vertex 6.36249 -1.51553 0
      vertex 5.3716 -4.19089 0
    endloop
  endfacet
  facet normal -0 0 -1
    outer loop
      vertex 6.36249 -1.51553 0
      vertex 4.94374 -3.97289 0
      vertex 6.20888 -1.41577 0
    endloop
  endfacet
  facet normal 0 0 -1
    outer loop
      vertex 4.54103 -3.71136 0
      vertex 6.20888 -1.41577 0
      vertex 4.94374 -3.97289 0
    endloop
  endfacet
  facet normal 0 0 -1
    outer loop
      vertex 4.28127 -1.63046 0
      vertex 6.20888 -1.41577 0
      vertex 4.54103 -3.71136 0
    endloop
  endfacet
  facet normal -0 0 -1
    outer loop
      vertex 6.20888 -1.41577 0
      vertex 4.28127 -1.63046 0
      vertex 6.06651 -1.30049 0
    endloop
  endfacet
  facet normal -0 0 -1
    outer loop
      vertex 6.06651 -1.30049 0
      vertex 4.28127 -1.63046 0
      vertex 5.937 -1.17097 0
    endloop
  endfacet
  facet normal -0 0 -1
    outer loop
      vertex 5.82172 -1.02861 0
      vertex 4.28127 -1.63046 0
      vertex 5.72195 -0.874985 0
    endloop
  endfacet
  facet normal -0 0 -1
    outer loop
      vertex 5.937 -1.17097 0
      vertex 4.28127 -1.63046 0
      vertex 5.82172 -1.02861 0
    endloop
  endfacet
  facet normal -0 0 -1
    outer loop
      vertex 5.72195 -0.874985 0
      vertex 4.28127 -1.63046 0
      vertex 5.70639 -0.844452 0
    endloop
  endfacet
  facet normal 0 -0 -1
    outer loop
      vertex 4.28127 -1.63046 0
      vertex 4.54103 -3.71136 0
      vertex 4.16786 -3.40916 0
    endloop
  endfacet
  facet normal 0 0 -1
    outer loop
      vertex 17.2441 -13.3848 0
      vertex 18.641 -12.6894 0
      vertex 18.6303 -13.0466 0
    endloop
  endfacet
  facet normal 0 0 -1
    outer loop
      vertex 17.0181 -13.1284 0
      vertex 18.641 -12.6894 0
      vertex 17.1266 -13.2545 0
    endloop
  endfacet
  facet normal 0 0 -1
    outer loop
      vertex 17.5068 -13.6575 0
      vertex 18.6303 -13.0466 0
      vertex 18.6022 -13.4348 0
    endloop
  endfacet
  facet normal 0 0 -1
    outer loop
      vertex 18.641 -12.6894 0
      vertex 17.2441 -13.3848 0
      vertex 17.1266 -13.2545 0
    endloop
  endfacet
  facet normal 0 0 -1
    outer loop
      vertex 17.9071 -13.9616 0
      vertex 18.6022 -13.4348 0
      vertex 18.574 -13.6918 0
    endloop
  endfacet
  facet normal 0 0 -1
    outer loop
      vertex 18.6303 -13.0466 0
      vertex 17.3707 -13.5192 0
      vertex 17.2441 -13.3848 0
    endloop
  endfacet
  facet normal 0 0 -1
    outer loop
      vertex 16.9175 -13.0068 0
      vertex 18.6366 -12.3653 0
      vertex 17.0181 -13.1284 0
    endloop
  endfacet
  facet normal 0 0 -1
    outer loop
      vertex 16.8254 -12.8897 0
      vertex 18.6366 -12.3653 0
      vertex 16.9175 -13.0068 0
    endloop
  endfacet
  facet normal -0 0 -1
    outer loop
      vertex 18.6366 -12.3653 0
      vertex 16.8254 -12.8897 0
      vertex 18.6201 -12.0761 0
    endloop
  endfacet
  facet normal -0 0 -1
    outer loop
      vertex 18.6201 -12.0761 0
      vertex 16.74 -12.7776 0
      vertex 18.5943 -11.824 0
    endloop
  endfacet
  facet normal 0 0 -1
    outer loop
      vertex 18.6022 -13.4348 0
      vertex 17.9071 -13.9616 0
      vertex 17.653 -13.7994 0
    endloop
  endfacet
  facet normal 0 0 -1
    outer loop
      vertex 18.6303 -13.0466 0
      vertex 17.5068 -13.6575 0
      vertex 17.3707 -13.5192 0
    endloop
  endfacet
  facet normal 0 0 -1
    outer loop
      vertex 17.653 -13.7994 0
      vertex 17.9071 -13.9616 0
      vertex 17.8492 -13.9796 0
    endloop
  endfacet
  facet normal 0 0 -1
    outer loop
      vertex 18.6022 -13.4348 0
      vertex 17.653 -13.7994 0
      vertex 17.5068 -13.6575 0
    endloop
  endfacet
  facet normal -0 0 -1
    outer loop
      vertex 18.641 -12.6894 0
      vertex 17.0181 -13.1284 0
      vertex 18.6366 -12.3653 0
    endloop
  endfacet
  facet normal 0 0 -1
    outer loop
      vertex 16.74 -12.7776 0
      vertex 18.6201 -12.0761 0
      vertex 16.8254 -12.8897 0
    endloop
  endfacet
  facet normal 0 0 -1
    outer loop
      vertex 16.5914 -12.5681 0
      vertex 18.5943 -11.824 0
      vertex 16.74 -12.7776 0
    endloop
  endfacet
  facet normal -0 0 -1
    outer loop
      vertex 18.5943 -11.824 0
      vertex 16.5914 -12.5681 0
      vertex 18.5627 -11.6112 0
    endloop
  endfacet
  facet normal 0 0 -1
    outer loop
      vertex 16.4688 -12.3794 0
      vertex 18.5627 -11.6112 0
      vertex 16.5914 -12.5681 0
    endloop
  endfacet
  facet normal -0 0 -1
    outer loop
      vertex 18.5627 -11.6112 0
      vertex 16.4688 -12.3794 0
      vertex 18.5289 -11.4402 0
    endloop
  endfacet
  facet normal 0 0 -1
    outer loop
      vertex 16.37 -12.2128 0
      vertex 18.5289 -11.4402 0
      vertex 16.4688 -12.3794 0
    endloop
  endfacet
  facet normal -0 0 -1
    outer loop
      vertex 18.5289 -11.4402 0
      vertex 16.37 -12.2128 0
      vertex 18.4973 -11.3132 0
    endloop
  endfacet
  facet normal 0 0 -1
    outer loop
      vertex 15.9054 -11.3785 0
      vertex 18.2384 -10.6781 0
      vertex 16.0887 -11.4791 0
    endloop
  endfacet
  facet normal -0 0 -1
    outer loop
      vertex 18.4973 -11.3132 0
      vertex 16.37 -12.2128 0
      vertex 18.4586 -11.1736 0
    endloop
  endfacet
  facet normal 0 0 -1
    outer loop
      vertex 16.2265 -11.9403 0
      vertex 18.4586 -11.1736 0
      vertex 16.37 -12.2128 0
    endloop
  endfacet
  facet normal -0 0 -1
    outer loop
      vertex 18.4586 -11.1736 0
      vertex 16.2265 -11.9403 0
      vertex 18.2384 -10.6781 0
    endloop
  endfacet
  facet normal 0 0 -1
    outer loop
      vertex 18.2384 -10.6781 0
      vertex 16.2265 -11.9403 0
      vertex 16.0887 -11.4791 0
    endloop
  endfacet
  facet normal 0 0 -1
    outer loop
      vertex 18.2384 -10.6781 0
      vertex 16.8425 -7.33443 0
      vertex 17.9309 -6.77652 0
    endloop
  endfacet
  facet normal 0 0 -1
    outer loop
      vertex 15.9054 -11.3785 0
      vertex 16.0887 -11.4791 0
      vertex 15.919 -11.3882 0
    endloop
  endfacet
  facet normal 0 0 -1
    outer loop
      vertex 15.7129 -7.7912 0
      vertex 18.2384 -10.6781 0
      vertex 15.9054 -11.3785 0
    endloop
  endfacet
  facet normal 0 0 -1
    outer loop
      vertex 18.2384 -10.6781 0
      vertex 15.7129 -7.7912 0
      vertex 16.8425 -7.33443 0
    endloop
  endfacet
  facet normal 0 0 -1
    outer loop
      vertex 14.5658 -8.14754 0
      vertex 15.9054 -11.3785 0
      vertex 15.4665 -11.5149 0
    endloop
  endfacet
  facet normal 0 0 -1
    outer loop
      vertex 14.5658 -8.14754 0
      vertex 15.4665 -11.5149 0
      vertex 14.6056 -11.7107 0
    endloop
  endfacet
  facet normal 0 0 -1
    outer loop
      vertex 15.9054 -11.3785 0
      vertex 14.5658 -8.14754 0
      vertex 15.7129 -7.7912 0
    endloop
  endfacet
  facet normal -0 0 -1
    outer loop
      vertex 18.307 10.4982 0
      vertex 18.3055 10.4973 0
      vertex 18.2384 10.6781 0
    endloop
  endfacet
  facet normal -0 0 -1
    outer loop
      vertex 18.307 -10.4982 0
      vertex 18.2384 -10.6781 0
      vertex 18.3055 -10.4973 0
    endloop
  endfacet
  facet normal 0 0 -1
    outer loop
      vertex 21.7738 -11.86 0
      vertex 22.579 -11.3005 0
      vertex 22.6064 -11.5479 0
    endloop
  endfacet
  facet normal 0 0 -1
    outer loop
      vertex 21.5882 -11.7531 0
      vertex 22.579 -11.3005 0
      vertex 21.7738 -11.86 0
    endloop
  endfacet
  facet normal -0 0 -1
    outer loop
      vertex 22.579 -11.3005 0
      vertex 21.5882 -11.7531 0
      vertex 22.55 -11.0978 0
    endloop
  endfacet
  facet normal 0 0 -1
    outer loop
      vertex 21.4154 -11.6476 0
      vertex 22.5188 -10.9033 0
      vertex 21.5882 -11.7531 0
    endloop
  endfacet
  facet normal -0 0 -1
    outer loop
      vertex 22.5188 -10.9033 0
      vertex 21.4154 -11.6476 0
      vertex 22.4835 -10.7191 0
    endloop
  endfacet
  facet normal 0 0 -1
    outer loop
      vertex 21.2549 -11.5437 0
      vertex 22.4835 -10.7191 0
      vertex 21.4154 -11.6476 0
    endloop
  endfacet
  facet normal -0 0 -1
    outer loop
      vertex 22.4835 -10.7191 0
      vertex 21.2549 -11.5437 0
      vertex 22.4467 -10.5438 0
    endloop
  endfacet
  facet normal -0 0 -1
    outer loop
      vertex 22.4467 -10.5438 0
      vertex 21.1061 -11.4419 0
      vertex 22.4067 -10.3793 0
    endloop
  endfacet
  facet normal 0 0 -1
    outer loop
      vertex 20.9685 -11.3425 0
      vertex 22.4067 -10.3793 0
      vertex 21.1061 -11.4419 0
    endloop
  endfacet
  facet normal -0 0 -1
    outer loop
      vertex 22.4067 -10.3793 0
      vertex 20.9685 -11.3425 0
      vertex 22.3662 -10.2243 0
    endloop
  endfacet
  facet normal 0 0 -1
    outer loop
      vertex 20.8415 -11.2459 0
      vertex 22.3662 -10.2243 0
      vertex 20.9685 -11.3425 0
    endloop
  endfacet
  facet normal 0 0 -1
    outer loop
      vertex 20.7244 -11.1525 0
      vertex 22.3235 -10.0807 0
      vertex 20.8415 -11.2459 0
    endloop
  endfacet
  facet normal -0 0 -1
    outer loop
      vertex 22.3235 -10.0807 0
      vertex 20.7244 -11.1525 0
      vertex 22.2812 -9.94745 0
    endloop
  endfacet
  facet normal 0 0 -1
    outer loop
      vertex 20.6172 -11.0623 0
      vertex 22.2812 -9.94745 0
      vertex 20.7244 -11.1525 0
    endloop
  endfacet
  facet normal 0 0 -1
    outer loop
      vertex 21.7738 -11.86 0
      vertex 22.6064 -11.5479 0
      vertex 21.962 -11.9614 0
    endloop
  endfacet
  facet normal -0 0 -1
    outer loop
      vertex 22.55 -11.0978 0
      vertex 21.5882 -11.7531 0
      vertex 22.5188 -10.9033 0
    endloop
  endfacet
  facet normal 0 0 -1
    outer loop
      vertex 21.1061 -11.4419 0
      vertex 22.4467 -10.5438 0
      vertex 21.2549 -11.5437 0
    endloop
  endfacet
  facet normal -0 0 -1
    outer loop
      vertex 22.3662 -10.2243 0
      vertex 20.8415 -11.2459 0
      vertex 22.3235 -10.0807 0
    endloop
  endfacet
  facet normal -0 0 -1
    outer loop
      vertex 22.2812 -9.94745 0
      vertex 20.6172 -11.0623 0
      vertex 22.2382 -9.82591 0
    endloop
  endfacet
  facet normal 0 0 -1
    outer loop
      vertex 20.5188 -10.9759 0
      vertex 22.2382 -9.82591 0
      vertex 20.6172 -11.0623 0
    endloop
  endfacet
  facet normal 0 0 -1
    outer loop
      vertex 20.4293 -10.8931 0
      vertex 22.1964 -9.71545 0
      vertex 20.5188 -10.9759 0
    endloop
  endfacet
  facet normal 0 0 -1
    outer loop
      vertex 21.5498 -8.50066 0
      vertex 20.674 -4.58024 0
      vertex 21.5243 -1.5987 0
    endloop
  endfacet
  facet normal -0 0 -1
    outer loop
      vertex 22.1964 -9.71545 0
      vertex 20.4293 -10.8931 0
      vertex 22.1557 -9.61707 0
    endloop
  endfacet
  facet normal 0 0 -1
    outer loop
      vertex 21.5243 -1.5987 0
      vertex 20.674 -4.58024 0
      vertex 21.3533 -1.66435 0
    endloop
  endfacet
  facet normal 0 0 -1
    outer loop
      vertex 20.3477 -10.8146 0
      vertex 22.1557 -9.61707 0
      vertex 20.4293 -10.8931 0
    endloop
  endfacet
  facet normal 0 0 -1
    outer loop
      vertex 21.3533 -1.66435 0
      vertex 20.674 -4.58024 0
      vertex 21.1763 -1.71176 0
    endloop
  endfacet
  facet normal -0 0 -1
    outer loop
      vertex 22.1557 -9.61707 0
      vertex 20.3477 -10.8146 0
      vertex 22.1173 -9.53049 0
    endloop
  endfacet
  facet normal -0 0 -1
    outer loop
      vertex 22.1173 -9.53049 0
      vertex 20.3477 -10.8146 0
      vertex 22.0817 -9.45625 0
    endloop
  endfacet
  facet normal 0 0 -1
    outer loop
      vertex 21.1763 -1.71176 0
      vertex 20.674 -4.58024 0
      vertex 20.9954 -1.74041 0
    endloop
  endfacet
  facet normal 0 0 -1
    outer loop
      vertex 20.2079 -10.6702 0
      vertex 22.0817 -9.45625 0
      vertex 20.3477 -10.8146 0
    endloop
  endfacet
  facet normal 0 0 -1
    outer loop
      vertex 20.9954 -1.74041 0
      vertex 20.674 -4.58024 0
      vertex 20.8125 -1.75 0
    endloop
  endfacet
  facet normal 0 0 -1
    outer loop
      vertex 20.674 -4.58024 0
      vertex 20.6296 -1.74041 0
      vertex 20.8125 -1.75 0
    endloop
  endfacet
  facet normal 0 0 -1
    outer loop
      vertex 20.333 -4.56237 0
      vertex 20.6296 -1.74041 0
      vertex 20.674 -4.58024 0
    endloop
  endfacet
  facet normal -0 0 -1
    outer loop
      vertex 20.6296 -1.74041 0
      vertex 20.333 -4.56237 0
      vertex 20.4487 -1.71176 0
    endloop
  endfacet
  facet normal 0 0 -1
    outer loop
      vertex 19.8587 -4.48725 0
      vertex 20.4487 -1.71176 0
      vertex 20.333 -4.56237 0
    endloop
  endfacet
  facet normal -0 0 -1
    outer loop
      vertex 20.4487 -1.71176 0
      vertex 19.8587 -4.48725 0
      vertex 20.2717 -1.66435 0
    endloop
  endfacet
  facet normal 0 0 -1
    outer loop
      vertex 19.3949 -4.36297 0
      vertex 20.2717 -1.66435 0
      vertex 19.8587 -4.48725 0
    endloop
  endfacet
  facet normal -0 0 -1
    outer loop
      vertex 20.2717 -1.66435 0
      vertex 19.3949 -4.36297 0
      vertex 20.1007 -1.5987 0
    endloop
  endfacet
  facet normal 0 0 -1
    outer loop
      vertex 18.9466 -4.19089 0
      vertex 20.1007 -1.5987 0
      vertex 19.3949 -4.36297 0
    endloop
  endfacet
  facet normal -0 0 -1
    outer loop
      vertex 20.1007 -1.5987 0
      vertex 18.9466 -4.19089 0
      vertex 19.9375 -1.51554 0
    endloop
  endfacet
  facet normal 0 0 -1
    outer loop
      vertex 18.5187 -3.97289 0
      vertex 19.9375 -1.51554 0
      vertex 18.9466 -4.19089 0
    endloop
  endfacet
  facet normal -0 0 -1
    outer loop
      vertex 19.9375 -1.51554 0
      vertex 18.5187 -3.97289 0
      vertex 19.7839 -1.41578 0
    endloop
  endfacet
  facet normal 0 0 -1
    outer loop
      vertex 18.116 -3.71136 0
      vertex 19.7839 -1.41578 0
      vertex 18.5187 -3.97289 0
    endloop
  endfacet
  facet normal -0 0 -1
    outer loop
      vertex 19.7839 -1.41578 0
      vertex 18.116 -3.71136 0
      vertex 19.6415 -1.3005 0
    endloop
  endfacet
  facet normal 0 0 -1
    outer loop
      vertex 17.7429 -3.40918 0
      vertex 19.6415 -1.3005 0
      vertex 18.116 -3.71136 0
    endloop
  endfacet
  facet normal -0 0 -1
    outer loop
      vertex 19.6415 -1.3005 0
      vertex 17.7429 -3.40918 0
      vertex 19.512 -1.17098 0
    endloop
  endfacet
  facet normal 0 0 -1
    outer loop
      vertex 17.4033 -3.06964 0
      vertex 19.512 -1.17098 0
      vertex 17.7429 -3.40918 0
    endloop
  endfacet
  facet normal -0 0 -1
    outer loop
      vertex 19.512 -1.17098 0
      vertex 17.4033 -3.06964 0
      vertex 19.3967 -1.02862 0
    endloop
  endfacet
  facet normal -0 0 -1
    outer loop
      vertex 19.3967 -1.02862 0
      vertex 17.1011 -2.69646 0
      vertex 19.297 -0.874999 0
    endloop
  endfacet
  facet normal 0 0 -1
    outer loop
      vertex 17.1011 -2.69646 0
      vertex 19.3967 -1.02862 0
      vertex 17.4033 -3.06964 0
    endloop
  endfacet
  facet normal -0 0 -1
    outer loop
      vertex 21.5733 8.50995 0
      vertex 21.5498 8.50066 0
      vertex 21.5497 8.70102 0
    endloop
  endfacet
  facet normal -0 0 -1
    outer loop
      vertex 21.5733 -8.50995 0
      vertex 21.5497 -8.70102 0
      vertex 21.5498 -8.50066 0
    endloop
  endfacet
  facet normal 0 0 -1
    outer loop
      vertex 25.6087 -8.88826 0
      vertex 25.9234 -8.21104 0
      vertex 25.9926 -8.39191 0
    endloop
  endfacet
  facet normal 0 0 -1
    outer loop
      vertex 25.341 -8.92876 0
      vertex 25.9234 -8.21104 0
      vertex 25.6087 -8.88826 0
    endloop
  endfacet
  facet normal -0 0 -1
    outer loop
      vertex 25.9234 -8.21104 0
      vertex 25.1183 -8.87791 0
      vertex 25.8402 -8.01164 0
    endloop
  endfacet
  facet normal 0 0 -1
    outer loop
      vertex 25.1183 -8.87791 0
      vertex 25.9234 -8.21104 0
      vertex 25.341 -8.92876 0
    endloop
  endfacet
  facet normal -0 0 -1
    outer loop
      vertex 25.8402 -8.01164 0
      vertex 24.9111 -8.82339 0
      vertex 25.7558 -7.82323 0
    endloop
  endfacet
  facet normal 0 0 -1
    outer loop
      vertex 25.341 -8.92876 0
      vertex 25.6087 -8.88826 0
      vertex 25.5315 -8.96602 0
    endloop
  endfacet
  facet normal 0 0 -1
    outer loop
      vertex 24.9111 -8.82339 0
      vertex 25.8402 -8.01164 0
      vertex 25.1183 -8.87791 0
    endloop
  endfacet
  facet normal -0 0 -1
    outer loop
      vertex 25.7558 -7.82323 0
      vertex 24.9111 -8.82339 0
      vertex 25.6704 -7.64671 0
    endloop
  endfacet
  facet normal 0 0 -1
    outer loop
      vertex 24.7188 -8.7664 0
      vertex 25.6704 -7.64671 0
      vertex 24.9111 -8.82339 0
    endloop
  endfacet
  facet normal -0 0 -1
    outer loop
      vertex 25.6704 -7.64671 0
      vertex 24.7188 -8.7664 0
      vertex 25.5849 -7.48206 0
    endloop
  endfacet
  facet normal 0 0 -1
    outer loop
      vertex 24.5408 -8.70761 0
      vertex 25.5849 -7.48206 0
      vertex 24.7188 -8.7664 0
    endloop
  endfacet
  facet normal -0 0 -1
    outer loop
      vertex 25.5849 -7.48206 0
      vertex 24.5408 -8.70761 0
      vertex 25.5 -7.32967 0
    endloop
  endfacet
  facet normal 0 0 -1
    outer loop
      vertex 24.3766 -8.6478 0
      vertex 25.5 -7.32967 0
      vertex 24.5408 -8.70761 0
    endloop
  endfacet
  facet normal -0 0 -1
    outer loop
      vertex 25.5 -7.32967 0
      vertex 24.3766 -8.6478 0
      vertex 25.4164 -7.18977 0
    endloop
  endfacet
  facet normal 0 0 -1
    outer loop
      vertex 24.2256 -8.58775 0
      vertex 25.4164 -7.18977 0
      vertex 24.3766 -8.6478 0
    endloop
  endfacet
  facet normal -0 0 -1
    outer loop
      vertex 25.4164 -7.18977 0
      vertex 24.2256 -8.58775 0
      vertex 25.3351 -7.06248 0
    endloop
  endfacet
  facet normal 0 0 -1
    outer loop
      vertex 24.0873 -8.52792 0
      vertex 25.3351 -7.06248 0
      vertex 24.2256 -8.58775 0
    endloop
  endfacet
  facet normal -0 0 -1
    outer loop
      vertex 25.3351 -7.06248 0
      vertex 24.0873 -8.52792 0
      vertex 25.2568 -6.9481 0
    endloop
  endfacet
  facet normal 0 0 -1
    outer loop
      vertex 23.961 -8.46912 0
      vertex 25.2568 -6.9481 0
      vertex 24.0873 -8.52792 0
    endloop
  endfacet
  facet normal -0 0 -1
    outer loop
      vertex 25.2568 -6.9481 0
      vertex 23.961 -8.46912 0
      vertex 25.1825 -6.84651 0
    endloop
  endfacet
  facet normal 0 0 -1
    outer loop
      vertex 23.8463 -8.41158 0
      vertex 25.1825 -6.84651 0
      vertex 23.961 -8.46912 0
    endloop
  endfacet
  facet normal -0 0 -1
    outer loop
      vertex 25.1825 -6.84651 0
      vertex 23.8463 -8.41158 0
      vertex 25.1132 -6.75793 0
    endloop
  endfacet
  facet normal 0 0 -1
    outer loop
      vertex 23.7425 -8.356 0
      vertex 25.1132 -6.75793 0
      vertex 23.8463 -8.41158 0
    endloop
  endfacet
  facet normal -0 0 -1
    outer loop
      vertex 25.1132 -6.75793 0
      vertex 23.7425 -8.356 0
      vertex 25.0499 -6.68216 0
    endloop
  endfacet
  facet normal 0 0 -1
    outer loop
      vertex 23.6491 -8.30261 0
      vertex 25.0499 -6.68216 0
      vertex 23.7425 -8.356 0
    endloop
  endfacet
  facet normal -0 0 -1
    outer loop
      vertex 25.0499 -6.68216 0
      vertex 23.6491 -8.30261 0
      vertex 24.9936 -6.61913 0
    endloop
  endfacet
  facet normal -0 0 -1
    outer loop
      vertex 24.9936 -6.61913 0
      vertex 23.6491 -8.30261 0
      vertex 24.9452 -6.56859 0
    endloop
  endfacet
  facet normal -0 0 -1
    outer loop
      vertex 24.9452 -6.56859 0
      vertex 23.5655 -8.25192 0
      vertex 24.8522 -6.48294 0
    endloop
  endfacet
  facet normal 0 0 -1
    outer loop
      vertex 23.5655 -8.25192 0
      vertex 24.9452 -6.56859 0
      vertex 23.6491 -8.30261 0
    endloop
  endfacet
  facet normal 0 0 -1
    outer loop
      vertex 27.9228 -5.0162 0
      vertex 28.221 -4.20938 0
      vertex 28.3143 -4.32771 0
    endloop
  endfacet
  facet normal 0 0 -1
    outer loop
      vertex 27.9228 -5.0162 0
      vertex 28.3143 -4.32771 0
      vertex 28.0449 -4.99593 0
    endloop
  endfacet
  facet normal 0 0 -1
    outer loop
      vertex 27.6837 -5.04698 0
      vertex 28.221 -4.20938 0
      vertex 27.9228 -5.0162 0
    endloop
  endfacet
  facet normal -0 0 -1
    outer loop
      vertex 28.221 -4.20938 0
      vertex 27.6837 -5.04698 0
      vertex 28.0723 -4.03287 0
    endloop
  endfacet
  facet normal -0 0 -1
    outer loop
      vertex 28.0723 -4.03287 0
      vertex 27.6837 -5.04698 0
      vertex 27.9258 -3.87047 0
    endloop
  endfacet
  facet normal 0 0 -1
    outer loop
      vertex 27.4591 -5.06725 0
      vertex 27.9258 -3.87047 0
      vertex 27.6837 -5.04698 0
    endloop
  endfacet
  facet normal -0 0 -1
    outer loop
      vertex 27.9258 -3.87047 0
      vertex 27.4591 -5.06725 0
      vertex 27.7825 -3.722 0
    endloop
  endfacet
  facet normal 0 0 -1
    outer loop
      vertex 27.2492 -5.07877 0
      vertex 27.7825 -3.722 0
      vertex 27.4591 -5.06725 0
    endloop
  endfacet
  facet normal -0 0 -1
    outer loop
      vertex 27.7825 -3.722 0
      vertex 27.2492 -5.07877 0
      vertex 27.6435 -3.58759 0
    endloop
  endfacet
  facet normal 0 0 -1
    outer loop
      vertex 27.0542 -5.08206 0
      vertex 27.6435 -3.58759 0
      vertex 27.2492 -5.07877 0
    endloop
  endfacet
  facet normal -0 0 -1
    outer loop
      vertex 27.6435 -3.58759 0
      vertex 27.0542 -5.08206 0
      vertex 27.5098 -3.46706 0
    endloop
  endfacet
  facet normal 0 0 -1
    outer loop
      vertex 26.8739 -5.07906 0
      vertex 27.5098 -3.46706 0
      vertex 27.0542 -5.08206 0
    endloop
  endfacet
  facet normal -0 0 -1
    outer loop
      vertex 27.5098 -3.46706 0
      vertex 26.8739 -5.07906 0
      vertex 27.3824 -3.36018 0
    endloop
  endfacet
  facet normal 0 0 -1
    outer loop
      vertex 26.7084 -5.07004 0
      vertex 27.3824 -3.36018 0
      vertex 26.8739 -5.07906 0
    endloop
  endfacet
  facet normal -0 0 -1
    outer loop
      vertex 27.3824 -3.36018 0
      vertex 26.7084 -5.07004 0
      vertex 27.2624 -3.26672 0
    endloop
  endfacet
  facet normal 0 0 -1
    outer loop
      vertex 26.557 -5.05693 0
      vertex 27.2624 -3.26672 0
      vertex 26.7084 -5.07004 0
    endloop
  endfacet
  facet normal -0 0 -1
    outer loop
      vertex 27.2624 -3.26672 0
      vertex 26.557 -5.05693 0
      vertex 27.1509 -3.18608 0
    endloop
  endfacet
  facet normal 0 0 -1
    outer loop
      vertex 26.42 -5.03992 0
      vertex 27.1509 -3.18608 0
      vertex 26.557 -5.05693 0
    endloop
  endfacet
  facet normal -0 0 -1
    outer loop
      vertex 27.1509 -3.18608 0
      vertex 26.42 -5.03992 0
      vertex 27.0488 -3.11794 0
    endloop
  endfacet
  facet normal 0 0 -1
    outer loop
      vertex 26.2965 -5.02069 0
      vertex 27.0488 -3.11794 0
      vertex 26.42 -5.03992 0
    endloop
  endfacet
  facet normal -0 0 -1
    outer loop
      vertex 27.0488 -3.11794 0
      vertex 26.2965 -5.02069 0
      vertex 26.9571 -3.06137 0
    endloop
  endfacet
  facet normal 0 0 -1
    outer loop
      vertex 26.1863 -4.99951 0
      vertex 26.9571 -3.06137 0
      vertex 26.2965 -5.02069 0
    endloop
  endfacet
  facet normal -0 0 -1
    outer loop
      vertex 26.9571 -3.06137 0
      vertex 26.1863 -4.99951 0
      vertex 26.8766 -3.01591 0
    endloop
  endfacet
  facet normal 0 0 -1
    outer loop
      vertex 26.0888 -4.97769 0
      vertex 26.8766 -3.01591 0
      vertex 26.1863 -4.99951 0
    endloop
  endfacet
  facet normal -0 0 -1
    outer loop
      vertex 26.8766 -3.01591 0
      vertex 26.0888 -4.97769 0
      vertex 26.8081 -2.98044 0
    endloop
  endfacet
  facet normal -0 0 -1
    outer loop
      vertex 26.8081 -2.98044 0
      vertex 26.0888 -4.97769 0
      vertex 26.7097 -2.93607 0
    endloop
  endfacet
  facet normal -0 0 -1
    outer loop
      vertex 26.7097 -2.93607 0
      vertex 26.0888 -4.97769 0
      vertex 26.665 -2.91946 0
    endloop
  endfacet
  facet normal 0 0 -1
    outer loop
      vertex 26.0035 -4.95557 0
      vertex 26.665 -2.91946 0
      vertex 26.0888 -4.97769 0
    endloop
  endfacet
  facet normal -0 0 -1
    outer loop
      vertex 26.665 -2.91946 0
      vertex 26.0035 -4.95557 0
      vertex 26.5276 -2.87648 0
    endloop
  endfacet
  facet normal 0 0 -1
    outer loop
      vertex 25.9299 -4.93408 0
      vertex 26.5276 -2.87648 0
      vertex 26.0035 -4.95557 0
    endloop
  endfacet
  facet normal 0 0 -1
    outer loop
      vertex 25.8152 -4.89499 0
      vertex 26.5276 -2.87648 0
      vertex 25.9299 -4.93408 0
    endloop
  endfacet
  facet normal 0 0 -1
    outer loop
      vertex 25.6392 -4.82323 0
      vertex 26.5276 -2.87648 0
      vertex 25.8152 -4.89499 0
    endloop
  endfacet
  facet normal -0 0 -1
    outer loop
      vertex 26.5276 -2.87648 0
      vertex 25.6392 -4.82323 0
      vertex 25.8064 -2.66916 0
    endloop
  endfacet
  facet normal 0 0 -1
    outer loop
      vertex 25.0696 -4.53116 0
      vertex 25.8064 -2.66916 0
      vertex 25.6392 -4.82323 0
    endloop
  endfacet
  facet normal 0 0 -1
    outer loop
      vertex 25.8064 -2.66916 0
      vertex 25.6884 -2.49838 0
      vertex 25.713 -2.50078 0
    endloop
  endfacet
  facet normal 0 -0 -1
    outer loop
      vertex 25.6884 -2.49838 0
      vertex 25.8064 -2.66916 0
      vertex 25.0696 -4.53116 0
    endloop
  endfacet
  facet normal 0 0 -1
    outer loop
      vertex 28.9752 -0.414337 0
      vertex 29.1114 0 0
      vertex 29.0841 -0.3479 0
    endloop
  endfacet
  facet normal 0 0 -1
    outer loop
      vertex 28.7638 -0.532593 0
      vertex 29.1114 0 0
      vertex 28.9752 -0.414337 0
    endloop
  endfacet
  facet normal 0 0 -1
    outer loop
      vertex 29.1114 0 0
      vertex 28.9752 0.414337 0
      vertex 29.0841 0.3479 0
    endloop
  endfacet
  facet normal 0 0 -1
    outer loop
      vertex 28.7638 0.532593 0
      vertex 29.1114 0 0
      vertex 28.7638 -0.532593 0
    endloop
  endfacet
  facet normal 0 0 -1
    outer loop
      vertex 29.1114 0 0
      vertex 28.7638 0.532593 0
      vertex 28.9752 0.414337 0
    endloop
  endfacet
  facet normal 0 0 -1
    outer loop
      vertex 28.561 -0.636292 0
      vertex 28.7638 0.532593 0
      vertex 28.7638 -0.532593 0
    endloop
  endfacet
  facet normal 0 0 -1
    outer loop
      vertex 28.561 -0.636292 0
      vertex 28.561 0.636292 0
      vertex 28.7638 0.532593 0
    endloop
  endfacet
  facet normal 0 0 -1
    outer loop
      vertex 28.3678 -0.725906 0
      vertex 28.561 0.636292 0
      vertex 28.561 -0.636292 0
    endloop
  endfacet
  facet normal 0 0 -1
    outer loop
      vertex 28.3678 -0.725906 0
      vertex 28.3678 0.725906 0
      vertex 28.561 0.636292 0
    endloop
  endfacet
  facet normal 0 0 -1
    outer loop
      vertex 28.1851 -0.802414 0
      vertex 28.3678 0.725906 0
      vertex 28.3678 -0.725906 0
    endloop
  endfacet
  facet normal 0 0 -1
    outer loop
      vertex 28.1851 -0.802414 0
      vertex 28.1851 0.802414 0
      vertex 28.3678 0.725906 0
    endloop
  endfacet
  facet normal 0 0 -1
    outer loop
      vertex 28.0139 -0.866547 0
      vertex 28.1851 0.802414 0
      vertex 28.1851 -0.802414 0
    endloop
  endfacet
  facet normal 0 0 -1
    outer loop
      vertex 28.0139 -0.866547 0
      vertex 28.0139 0.866547 0
      vertex 28.1851 0.802414 0
    endloop
  endfacet
  facet normal 0 0 -1
    outer loop
      vertex 27.8547 -0.919342 0
      vertex 28.0139 0.866547 0
      vertex 28.0139 -0.866547 0
    endloop
  endfacet
  facet normal 0 0 -1
    outer loop
      vertex 27.8547 -0.919342 0
      vertex 27.8547 0.919342 0
      vertex 28.0139 0.866547 0
    endloop
  endfacet
  facet normal 0 0 -1
    outer loop
      vertex 27.7083 -0.961838 0
      vertex 27.8547 0.919342 0
      vertex 27.8547 -0.919342 0
    endloop
  endfacet
  facet normal 0 0 -1
    outer loop
      vertex 27.7083 -0.961838 0
      vertex 27.7083 0.961838 0
      vertex 27.8547 0.919342 0
    endloop
  endfacet
  facet normal 0 0 -1
    outer loop
      vertex 27.575 -0.99501 0
      vertex 27.7083 0.961838 0
      vertex 27.7083 -0.961838 0
    endloop
  endfacet
  facet normal 0 0 -1
    outer loop
      vertex 27.575 -0.99501 0
      vertex 27.575 0.99501 0
      vertex 27.7083 0.961838 0
    endloop
  endfacet
  facet normal 0 0 -1
    outer loop
      vertex 27.4552 -1.0202 0
      vertex 27.575 0.99501 0
      vertex 27.575 -0.99501 0
    endloop
  endfacet
  facet normal 0 0 -1
    outer loop
      vertex 27.4552 -1.0202 0
      vertex 27.4552 1.0202 0
      vertex 27.575 0.99501 0
    endloop
  endfacet
  facet normal 0 0 -1
    outer loop
      vertex 27.3492 -1.03821 0
      vertex 27.4552 1.0202 0
      vertex 27.4552 -1.0202 0
    endloop
  endfacet
  facet normal 0 0 -1
    outer loop
      vertex 27.3492 -1.03821 0
      vertex 27.3492 1.03821 0
      vertex 27.4552 1.0202 0
    endloop
  endfacet
  facet normal 0 0 -1
    outer loop
      vertex 27.2569 -1.05061 0
      vertex 27.3492 1.03821 0
      vertex 27.3492 -1.03821 0
    endloop
  endfacet
  facet normal 0 0 -1
    outer loop
      vertex 27.2569 -1.05061 0
      vertex 27.2569 1.05061 0
      vertex 27.3492 1.03821 0
    endloop
  endfacet
  facet normal 0 0 -1
    outer loop
      vertex 27.1784 -1.05794 0
      vertex 27.2569 1.05061 0
      vertex 27.2569 -1.05061 0
    endloop
  endfacet
  facet normal 0 0 -1
    outer loop
      vertex 27.1784 -1.05794 0
      vertex 27.1784 1.05794 0
      vertex 27.2569 1.05061 0
    endloop
  endfacet
  facet normal 0 0 -1
    outer loop
      vertex 27.1134 -1.06198 0
      vertex 27.1784 1.05794 0
      vertex 27.1784 -1.05794 0
    endloop
  endfacet
  facet normal 0 0 -1
    outer loop
      vertex 27.1134 -1.06198 0
      vertex 27.1134 1.06198 0
      vertex 27.1784 1.05794 0
    endloop
  endfacet
  facet normal 0 0 -1
    outer loop
      vertex 27.023 -1.06271 0
      vertex 27.1134 1.06198 0
      vertex 27.1134 -1.06198 0
    endloop
  endfacet
  facet normal 0 0 -1
    outer loop
      vertex 27.023 -1.06271 0
      vertex 27.023 1.06271 0
      vertex 27.1134 1.06198 0
    endloop
  endfacet
  facet normal 0 0 -1
    outer loop
      vertex 26.8524 -1.05144 0
      vertex 27.023 1.06271 0
      vertex 27.023 -1.06271 0
    endloop
  endfacet
  facet normal 0 0 -1
    outer loop
      vertex 26.8524 -1.05144 0
      vertex 26.8524 1.05144 0
      vertex 27.023 1.06271 0
    endloop
  endfacet
  facet normal 0 0 -1
    outer loop
      vertex 26.1342 -0.977325 0
      vertex 26.8524 1.05144 0
      vertex 26.8524 -1.05144 0
    endloop
  endfacet
  facet normal 0 0 -1
    outer loop
      vertex 26.1342 -0.977325 0
      vertex 26.1342 0.977325 0
      vertex 26.8524 1.05144 0
    endloop
  endfacet
  facet normal 0 0 -1
    outer loop
      vertex 25.9619 -1.09785 0
      vertex 26.1342 -0.977325 0
      vertex 25.9848 -1.09882 0
    endloop
  endfacet
  facet normal -0 0 -1
    outer loop
      vertex 26.1342 -0.977325 0
      vertex 25.9619 -1.09785 0
      vertex 26.1342 0.977325 0
    endloop
  endfacet
  facet normal 0 0 -1
    outer loop
      vertex 25.9619 1.09785 0
      vertex 26.1342 0.977325 0
      vertex 25.9619 -1.09785 0
    endloop
  endfacet
  facet normal 0 0 -1
    outer loop
      vertex 26.1342 0.977325 0
      vertex 25.9619 1.09785 0
      vertex 25.9848 1.09882 0
    endloop
  endfacet
  facet normal 0 0 -1
    outer loop
      vertex 25.6884 -2.49838 0
      vertex 25.9619 -1.09785 0
      vertex 25.9325 -1.47211 0
    endloop
  endfacet
  facet normal -0 0 -1
    outer loop
      vertex 25.9619 -1.09785 0
      vertex 25.6884 -2.49838 0
      vertex 25.9619 1.09785 0
    endloop
  endfacet
  facet normal 0 0 -1
    outer loop
      vertex 25.6884 2.49838 0
      vertex 25.9619 1.09785 0
      vertex 25.6884 -2.49838 0
    endloop
  endfacet
  facet normal 0 0 -1
    outer loop
      vertex 25.9619 1.09785 0
      vertex 25.6884 2.49838 0
      vertex 25.9325 1.47211 0
    endloop
  endfacet
  facet normal 0 0 -1
    outer loop
      vertex 27.6837 5.04698 0
      vertex 28.221 4.20938 0
      vertex 28.0723 4.03287 0
    endloop
  endfacet
  facet normal 0 0 -1
    outer loop
      vertex 28.221 4.20938 0
      vertex 27.9228 5.0162 0
      vertex 28.3143 4.32771 0
    endloop
  endfacet
  facet normal 0 0 -1
    outer loop
      vertex 27.6837 5.04698 0
      vertex 28.0723 4.03287 0
      vertex 27.9258 3.87047 0
    endloop
  endfacet
  facet normal 0 0 -1
    outer loop
      vertex 28.3143 4.32771 0
      vertex 27.9228 5.0162 0
      vertex 28.0449 4.99593 0
    endloop
  endfacet
  facet normal 0 0 -1
    outer loop
      vertex 27.4591 5.06725 0
      vertex 27.9258 3.87047 0
      vertex 27.7825 3.722 0
    endloop
  endfacet
  facet normal 0 0 -1
    outer loop
      vertex 28.221 4.20938 0
      vertex 27.6837 5.04698 0
      vertex 27.9228 5.0162 0
    endloop
  endfacet
  facet normal 0 0 -1
    outer loop
      vertex 27.2492 5.07877 0
      vertex 27.7825 3.722 0
      vertex 27.6435 3.58759 0
    endloop
  endfacet
  facet normal 0 0 -1
    outer loop
      vertex 27.0542 5.08206 0
      vertex 27.6435 3.58759 0
      vertex 27.5098 3.46706 0
    endloop
  endfacet
  facet normal 0 0 -1
    outer loop
      vertex 27.9258 3.87047 0
      vertex 27.4591 5.06725 0
      vertex 27.6837 5.04698 0
    endloop
  endfacet
  facet normal 0 0 -1
    outer loop
      vertex 26.8739 5.07906 0
      vertex 27.5098 3.46706 0
      vertex 27.3824 3.36018 0
    endloop
  endfacet
  facet normal 0 0 -1
    outer loop
      vertex 26.7084 5.07004 0
      vertex 27.3824 3.36018 0
      vertex 27.2624 3.26672 0
    endloop
  endfacet
  facet normal 0 0 -1
    outer loop
      vertex 27.7825 3.722 0
      vertex 27.2492 5.07877 0
      vertex 27.4591 5.06725 0
    endloop
  endfacet
  facet normal 0 0 -1
    outer loop
      vertex 26.557 5.05693 0
      vertex 27.2624 3.26672 0
      vertex 27.1509 3.18608 0
    endloop
  endfacet
  facet normal 0 0 -1
    outer loop
      vertex 27.6435 3.58759 0
      vertex 27.0542 5.08206 0
      vertex 27.2492 5.07877 0
    endloop
  endfacet
  facet normal 0 0 -1
    outer loop
      vertex 26.42 5.03992 0
      vertex 27.1509 3.18608 0
      vertex 27.0488 3.11794 0
    endloop
  endfacet
  facet normal 0 0 -1
    outer loop
      vertex 26.2965 5.02069 0
      vertex 27.0488 3.11794 0
      vertex 26.9571 3.06137 0
    endloop
  endfacet
  facet normal 0 0 -1
    outer loop
      vertex 26.1863 4.99951 0
      vertex 26.9571 3.06137 0
      vertex 26.8766 3.01591 0
    endloop
  endfacet
  facet normal 0 0 -1
    outer loop
      vertex 27.5098 3.46706 0
      vertex 26.8739 5.07906 0
      vertex 27.0542 5.08206 0
    endloop
  endfacet
  facet normal 0 0 -1
    outer loop
      vertex 26.0888 4.97769 0
      vertex 26.8766 3.01591 0
      vertex 26.8081 2.98044 0
    endloop
  endfacet
  facet normal 0 0 -1
    outer loop
      vertex 26.0888 4.97769 0
      vertex 26.8081 2.98044 0
      vertex 26.7523 2.95424 0
    endloop
  endfacet
  facet normal 0 0 -1
    outer loop
      vertex 27.3824 3.36018 0
      vertex 26.7084 5.07004 0
      vertex 26.8739 5.07906 0
    endloop
  endfacet
  facet normal 0 0 -1
    outer loop
      vertex 26.0888 4.97769 0
      vertex 26.7523 2.95424 0
      vertex 26.6807 2.92502 0
    endloop
  endfacet
  facet normal 0 0 -1
    outer loop
      vertex 27.2624 3.26672 0
      vertex 26.557 5.05693 0
      vertex 26.7084 5.07004 0
    endloop
  endfacet
  facet normal 0 0 -1
    outer loop
      vertex 26.0035 4.95557 0
      vertex 26.6807 2.92502 0
      vertex 26.5276 2.87648 0
    endloop
  endfacet
  facet normal 0 0 -1
    outer loop
      vertex 27.1509 3.18608 0
      vertex 26.42 5.03992 0
      vertex 26.557 5.05693 0
    endloop
  endfacet
  facet normal 0 0 -1
    outer loop
      vertex 27.0488 3.11794 0
      vertex 26.2965 5.02069 0
      vertex 26.42 5.03992 0
    endloop
  endfacet
  facet normal 0 0 -1
    outer loop
      vertex 26.9571 3.06137 0
      vertex 26.1863 4.99951 0
      vertex 26.2965 5.02069 0
    endloop
  endfacet
  facet normal 0 0 -1
    outer loop
      vertex 26.8766 3.01591 0
      vertex 26.0888 4.97769 0
      vertex 26.1863 4.99951 0
    endloop
  endfacet
  facet normal 0 0 -1
    outer loop
      vertex 26.6807 2.92502 0
      vertex 26.0035 4.95557 0
      vertex 26.0888 4.97769 0
    endloop
  endfacet
  facet normal 0 0 -1
    outer loop
      vertex 26.5276 2.87648 0
      vertex 25.9299 4.93408 0
      vertex 26.0035 4.95557 0
    endloop
  endfacet
  facet normal 0 0 -1
    outer loop
      vertex 26.5276 2.87648 0
      vertex 25.8152 4.89499 0
      vertex 25.9299 4.93408 0
    endloop
  endfacet
  facet normal 0 0 -1
    outer loop
      vertex 25.6392 4.82323 0
      vertex 26.5276 2.87648 0
      vertex 25.8064 2.66916 0
    endloop
  endfacet
  facet normal 0 0 -1
    outer loop
      vertex 25.6884 2.49838 0
      vertex 25.8064 2.66916 0
      vertex 25.713 2.50078 0
    endloop
  endfacet
  facet normal -0 0 -1
    outer loop
      vertex 25.8064 2.66916 0
      vertex 25.6884 2.49838 0
      vertex 25.0696 4.53116 0
    endloop
  endfacet
  facet normal 0 0 -1
    outer loop
      vertex 26.5276 2.87648 0
      vertex 25.6392 4.82323 0
      vertex 25.8152 4.89499 0
    endloop
  endfacet
  facet normal 0 0 -1
    outer loop
      vertex 24.8678 -4.58713 0
      vertex 25.6884 -2.49838 0
      vertex 25.0696 -4.53116 0
    endloop
  endfacet
  facet normal -0 0 -1
    outer loop
      vertex 25.6884 -2.49838 0
      vertex 24.8678 -4.58713 0
      vertex 25.6884 2.49838 0
    endloop
  endfacet
  facet normal 0 0 -1
    outer loop
      vertex 25.8064 2.66916 0
      vertex 25.0696 4.53116 0
      vertex 25.6392 4.82323 0
    endloop
  endfacet
  facet normal 0 0 -1
    outer loop
      vertex 24.8678 -4.58713 0
      vertex 25.0696 -4.53116 0
      vertex 24.8865 -4.59058 0
    endloop
  endfacet
  facet normal 0 0 -1
    outer loop
      vertex 24.8678 4.58713 0
      vertex 25.6884 2.49838 0
      vertex 24.8678 -4.58713 0
    endloop
  endfacet
  facet normal 0 0 -1
    outer loop
      vertex 25.6884 2.49838 0
      vertex 24.8678 4.58713 0
      vertex 25.0696 4.53116 0
    endloop
  endfacet
  facet normal 0 0 -1
    outer loop
      vertex 25.0696 4.53116 0
      vertex 24.8678 4.58713 0
      vertex 24.8865 4.59058 0
    endloop
  endfacet
  facet normal 0 0 -1
    outer loop
      vertex 24.136 -5.79623 0
      vertex 24.8678 -4.58713 0
      vertex 24.2578 -5.63873 0
    endloop
  endfacet
  facet normal -0 0 -1
    outer loop
      vertex 24.8678 -4.58713 0
      vertex 24.136 -5.79623 0
      vertex 24.8678 4.58713 0
    endloop
  endfacet
  facet normal 0 0 -1
    outer loop
      vertex 24.136 5.79623 0
      vertex 24.8678 4.58713 0
      vertex 24.136 -5.79623 0
    endloop
  endfacet
  facet normal 0 0 -1
    outer loop
      vertex 24.8678 4.58713 0
      vertex 24.136 5.79623 0
      vertex 24.2578 5.63873 0
    endloop
  endfacet
  facet normal 0 0 -1
    outer loop
      vertex 25.1183 8.87791 0
      vertex 25.9234 8.21104 0
      vertex 25.8402 8.01164 0
    endloop
  endfacet
  facet normal 0 0 -1
    outer loop
      vertex 24.9111 8.82339 0
      vertex 25.8402 8.01164 0
      vertex 25.7558 7.82323 0
    endloop
  endfacet
  facet normal 0 0 -1
    outer loop
      vertex 24.9111 8.82339 0
      vertex 25.7558 7.82323 0
      vertex 25.6704 7.64671 0
    endloop
  endfacet
  facet normal 0 0 -1
    outer loop
      vertex 25.9234 8.21104 0
      vertex 25.1183 8.87791 0
      vertex 25.341 8.92876 0
    endloop
  endfacet
  facet normal 0 0 -1
    outer loop
      vertex 24.7188 8.7664 0
      vertex 25.6704 7.64671 0
      vertex 25.5849 7.48206 0
    endloop
  endfacet
  facet normal 0 0 -1
    outer loop
      vertex 25.9234 8.21104 0
      vertex 25.341 8.92876 0
      vertex 25.6087 8.88826 0
    endloop
  endfacet
  facet normal 0 0 -1
    outer loop
      vertex 24.5408 8.70761 0
      vertex 25.5849 7.48206 0
      vertex 25.5 7.32967 0
    endloop
  endfacet
  facet normal 0 0 -1
    outer loop
      vertex 24.3766 8.6478 0
      vertex 25.5 7.32967 0
      vertex 25.4164 7.18977 0
    endloop
  endfacet
  facet normal 0 0 -1
    outer loop
      vertex 25.6087 8.88826 0
      vertex 25.341 8.92876 0
      vertex 25.5315 8.96602 0
    endloop
  endfacet
  facet normal 0 0 -1
    outer loop
      vertex 24.2256 8.58775 0
      vertex 25.4164 7.18977 0
      vertex 25.3351 7.06248 0
    endloop
  endfacet
  facet normal 0 0 -1
    outer loop
      vertex 24.0873 8.52792 0
      vertex 25.3351 7.06248 0
      vertex 25.2568 6.9481 0
    endloop
  endfacet
  facet normal 0 0 -1
    outer loop
      vertex 23.961 8.46912 0
      vertex 25.2568 6.9481 0
      vertex 25.1825 6.84651 0
    endloop
  endfacet
  facet normal 0 0 -1
    outer loop
      vertex 25.9234 8.21104 0
      vertex 25.6087 8.88826 0
      vertex 25.9926 8.39191 0
    endloop
  endfacet
  facet normal 0 0 -1
    outer loop
      vertex 23.8463 8.41158 0
      vertex 25.1825 6.84651 0
      vertex 25.1132 6.75793 0
    endloop
  endfacet
  facet normal 0 0 -1
    outer loop
      vertex 23.7425 8.356 0
      vertex 25.1132 6.75793 0
      vertex 25.0499 6.68216 0
    endloop
  endfacet
  facet normal 0 0 -1
    outer loop
      vertex 23.6491 8.30261 0
      vertex 25.0499 6.68216 0
      vertex 24.9936 6.61913 0
    endloop
  endfacet
  facet normal 0 0 -1
    outer loop
      vertex 23.6491 8.30261 0
      vertex 24.9936 6.61913 0
      vertex 24.9452 6.56859 0
    endloop
  endfacet
  facet normal 0 0 -1
    outer loop
      vertex 25.8402 8.01164 0
      vertex 24.9111 8.82339 0
      vertex 25.1183 8.87791 0
    endloop
  endfacet
  facet normal 0 0 -1
    outer loop
      vertex 23.5655 8.25192 0
      vertex 24.9452 6.56859 0
      vertex 24.8766 6.50351 0
    endloop
  endfacet
  facet normal 0 0 -1
    outer loop
      vertex 23.5655 8.25192 0
      vertex 24.8766 6.50351 0
      vertex 24.7461 6.3965 0
    endloop
  endfacet
  facet normal 0 0 -1
    outer loop
      vertex 25.6704 7.64671 0
      vertex 24.7188 8.7664 0
      vertex 24.9111 8.82339 0
    endloop
  endfacet
  facet normal 0 0 -1
    outer loop
      vertex 25.5849 7.48206 0
      vertex 24.5408 8.70761 0
      vertex 24.7188 8.7664 0
    endloop
  endfacet
  facet normal 0 0 -1
    outer loop
      vertex 25.5 7.32967 0
      vertex 24.3766 8.6478 0
      vertex 24.5408 8.70761 0
    endloop
  endfacet
  facet normal 0 0 -1
    outer loop
      vertex 25.4164 7.18977 0
      vertex 24.2256 8.58775 0
      vertex 24.3766 8.6478 0
    endloop
  endfacet
  facet normal 0 0 -1
    outer loop
      vertex 23.205 7.9926 0
      vertex 24.7461 6.3965 0
      vertex 24.1799 5.98923 0
    endloop
  endfacet
  facet normal 0 0 -1
    outer loop
      vertex 24.136 5.79623 0
      vertex 24.1799 5.98923 0
      vertex 24.1485 5.79926 0
    endloop
  endfacet
  facet normal 0 0 -1
    outer loop
      vertex 22.8103 7.59253 0
      vertex 24.1799 5.98923 0
      vertex 24.136 5.79623 0
    endloop
  endfacet
  facet normal 0 0 -1
    outer loop
      vertex 25.3351 7.06248 0
      vertex 24.0873 8.52792 0
      vertex 24.2256 8.58775 0
    endloop
  endfacet
  facet normal 0 0 -1
    outer loop
      vertex 24.136 -5.79623 0
      vertex 22.5625 0 0
      vertex 24.136 5.79623 0
    endloop
  endfacet
  facet normal 0 0 -1
    outer loop
      vertex 23.4912 -8.20419 0
      vertex 24.8522 -6.48294 0
      vertex 23.5655 -8.25192 0
    endloop
  endfacet
  facet normal 0 0 -1
    outer loop
      vertex 22.5433 0.24351 0
      vertex 24.136 5.79623 0
      vertex 22.5625 0 0
    endloop
  endfacet
  facet normal -0 0 -1
    outer loop
      vertex 24.8522 -6.48294 0
      vertex 23.4912 -8.20419 0
      vertex 24.7461 -6.3965 0
    endloop
  endfacet
  facet normal 0 0 -1
    outer loop
      vertex 22.5243 0.363845 0
      vertex 24.136 5.79623 0
      vertex 22.5433 0.24351 0
    endloop
  endfacet
  facet normal 0 0 -1
    outer loop
      vertex 23.3686 -8.11879 0
      vertex 24.7461 -6.3965 0
      vertex 23.4912 -8.20419 0
    endloop
  endfacet
  facet normal 0 0 -1
    outer loop
      vertex 22.4768 0.540779 0
      vertex 24.136 5.79623 0
      vertex 22.5243 0.363845 0
    endloop
  endfacet
  facet normal 0 0 -1
    outer loop
      vertex 23.205 -7.9926 0
      vertex 24.7461 -6.3965 0
      vertex 23.3686 -8.11879 0
    endloop
  endfacet
  facet normal 0 0 -1
    outer loop
      vertex 22.4112 0.711788 0
      vertex 24.136 5.79623 0
      vertex 22.4768 0.540779 0
    endloop
  endfacet
  facet normal -0 0 -1
    outer loop
      vertex 24.7461 -6.3965 0
      vertex 23.205 -7.9926 0
      vertex 24.1799 -5.98923 0
    endloop
  endfacet
  facet normal 0 0 -1
    outer loop
      vertex 22.328 0.874999 0
      vertex 24.136 5.79623 0
      vertex 22.4112 0.711788 0
    endloop
  endfacet
  facet normal 0 0 -1
    outer loop
      vertex 22.8103 -7.59253 0
      vertex 24.1799 -5.98923 0
      vertex 23.205 -7.9926 0
    endloop
  endfacet
  facet normal 0 0 -1
    outer loop
      vertex 22.2283 1.02862 0
      vertex 24.136 5.79623 0
      vertex 22.328 0.874999 0
    endloop
  endfacet
  facet normal 0 0 -1
    outer loop
      vertex 24.1799 -5.98923 0
      vertex 24.136 -5.79623 0
      vertex 24.1485 -5.79926 0
    endloop
  endfacet
  facet normal 0 0 -1
    outer loop
      vertex 22.113 1.17098 0
      vertex 24.136 5.79623 0
      vertex 22.2283 1.02862 0
    endloop
  endfacet
  facet normal -0 0 -1
    outer loop
      vertex 24.1799 -5.98923 0
      vertex 22.8103 -7.59253 0
      vertex 24.136 -5.79623 0
    endloop
  endfacet
  facet normal 0 0 -1
    outer loop
      vertex 24.1799 5.98923 0
      vertex 22.8103 7.59253 0
      vertex 23.205 7.9926 0
    endloop
  endfacet
  facet normal 0 0 -1
    outer loop
      vertex 22.5946 -7.58409 0
      vertex 24.136 -5.79623 0
      vertex 22.8103 -7.59253 0
    endloop
  endfacet
  facet normal 0 0 -1
    outer loop
      vertex 25.2568 6.9481 0
      vertex 23.961 8.46912 0
      vertex 24.0873 8.52792 0
    endloop
  endfacet
  facet normal 0 0 -1
    outer loop
      vertex 22.5946 -7.58409 0
      vertex 22.8103 -7.59253 0
      vertex 22.6178 -7.59187 0
    endloop
  endfacet
  facet normal 0 0 -1
    outer loop
      vertex 25.1825 6.84651 0
      vertex 23.8463 8.41158 0
      vertex 23.961 8.46912 0
    endloop
  endfacet
  facet normal -0 0 -1
    outer loop
      vertex 24.136 -5.79623 0
      vertex 22.5946 -7.58409 0
      vertex 21.5243 -1.5987 0
    endloop
  endfacet
  facet normal 0 0 -1
    outer loop
      vertex 25.1132 6.75793 0
      vertex 23.7425 8.356 0
      vertex 23.8463 8.41158 0
    endloop
  endfacet
  facet normal 0 0 -1
    outer loop
      vertex 25.0499 6.68216 0
      vertex 23.6491 8.30261 0
      vertex 23.7425 8.356 0
    endloop
  endfacet
  facet normal 0 0 -1
    outer loop
      vertex 24.136 -5.79623 0
      vertex 22.5433 -0.24351 0
      vertex 22.5625 0 0
    endloop
  endfacet
  facet normal 0 0 -1
    outer loop
      vertex 24.136 -5.79623 0
      vertex 22.5243 -0.363845 0
      vertex 22.5433 -0.24351 0
    endloop
  endfacet
  facet normal 0 0 -1
    outer loop
      vertex 24.136 -5.79623 0
      vertex 22.4768 -0.540779 0
      vertex 22.5243 -0.363845 0
    endloop
  endfacet
  facet normal 0 0 -1
    outer loop
      vertex 24.136 -5.79623 0
      vertex 22.4112 -0.711788 0
      vertex 22.4768 -0.540779 0
    endloop
  endfacet
  facet normal 0 0 -1
    outer loop
      vertex 24.136 -5.79623 0
      vertex 22.328 -0.874999 0
      vertex 22.4112 -0.711788 0
    endloop
  endfacet
  facet normal 0 0 -1
    outer loop
      vertex 24.136 -5.79623 0
      vertex 22.2283 -1.02862 0
      vertex 22.328 -0.874999 0
    endloop
  endfacet
  facet normal 0 0 -1
    outer loop
      vertex 21.5243 -1.5987 0
      vertex 22.5946 -7.58409 0
      vertex 22.207 -7.9744 0
    endloop
  endfacet
  facet normal 0 0 -1
    outer loop
      vertex 24.136 -5.79623 0
      vertex 22.113 -1.17098 0
      vertex 22.2283 -1.02862 0
    endloop
  endfacet
  facet normal 0 0 -1
    outer loop
      vertex 24.136 -5.79623 0
      vertex 21.9835 -1.3005 0
      vertex 22.113 -1.17098 0
    endloop
  endfacet
  facet normal 0 0 -1
    outer loop
      vertex 24.136 -5.79623 0
      vertex 21.8411 -1.41578 0
      vertex 21.9835 -1.3005 0
    endloop
  endfacet
  facet normal 0 0 -1
    outer loop
      vertex 24.136 -5.79623 0
      vertex 21.6875 -1.51554 0
      vertex 21.8411 -1.41578 0
    endloop
  endfacet
  facet normal 0 0 -1
    outer loop
      vertex 21.5243 -1.5987 0
      vertex 22.207 -7.9744 0
      vertex 21.5498 -8.50066 0
    endloop
  endfacet
  facet normal 0 0 -1
    outer loop
      vertex 24.136 -5.79623 0
      vertex 21.5243 -1.5987 0
      vertex 21.6875 -1.51554 0
    endloop
  endfacet
  facet normal -0 0 -1
    outer loop
      vertex 22.2382 -9.82591 0
      vertex 20.5188 -10.9759 0
      vertex 22.1964 -9.71545 0
    endloop
  endfacet
  facet normal 0 0 -1
    outer loop
      vertex 24.9452 6.56859 0
      vertex 23.5655 8.25192 0
      vertex 23.6491 8.30261 0
    endloop
  endfacet
  facet normal 0 0 -1
    outer loop
      vertex 24.7461 6.3965 0
      vertex 23.3686 8.11879 0
      vertex 23.4912 8.20419 0
    endloop
  endfacet
  facet normal 0 0 -1
    outer loop
      vertex 24.7461 6.3965 0
      vertex 23.205 7.9926 0
      vertex 23.3686 8.11879 0
    endloop
  endfacet
  facet normal 0 0 -1
    outer loop
      vertex 24.7461 6.3965 0
      vertex 23.4912 8.20419 0
      vertex 23.5655 8.25192 0
    endloop
  endfacet
  facet normal 0 0 -1
    outer loop
      vertex 21.9835 1.3005 0
      vertex 24.136 5.79623 0
      vertex 22.113 1.17098 0
    endloop
  endfacet
  facet normal 0 0 -1
    outer loop
      vertex 21.8411 1.41578 0
      vertex 24.136 5.79623 0
      vertex 21.9835 1.3005 0
    endloop
  endfacet
  facet normal 0 -0 -1
    outer loop
      vertex 22.5946 7.58409 0
      vertex 24.136 5.79623 0
      vertex 20.674 4.58024 0
    endloop
  endfacet
  facet normal 0 0 -1
    outer loop
      vertex 24.136 5.79623 0
      vertex 22.5946 7.58409 0
      vertex 22.8103 7.59253 0
    endloop
  endfacet
  facet normal 0 0 -1
    outer loop
      vertex 22.8103 7.59253 0
      vertex 22.5946 7.58409 0
      vertex 22.6178 7.59187 0
    endloop
  endfacet
  facet normal 0 0 -1
    outer loop
      vertex 21.6875 1.51554 0
      vertex 24.136 5.79623 0
      vertex 21.8411 1.41578 0
    endloop
  endfacet
  facet normal 0 0 -1
    outer loop
      vertex 24.136 5.79623 0
      vertex 21.6875 1.51554 0
      vertex 20.674 4.58024 0
    endloop
  endfacet
  facet normal 0 0 -1
    outer loop
      vertex 19.8812 5.3781 0
      vertex 22.5946 7.58409 0
      vertex 20.674 4.58024 0
    endloop
  endfacet
  facet normal -0 0 -1
    outer loop
      vertex 22.5946 7.58409 0
      vertex 19.8812 5.3781 0
      vertex 22.207 7.9744 0
    endloop
  endfacet
  facet normal 0 0 -1
    outer loop
      vertex 20.674 4.58024 0
      vertex 21.6875 1.51554 0
      vertex 21.5243 1.5987 0
    endloop
  endfacet
  facet normal 0 0 -1
    outer loop
      vertex 21.5882 11.7531 0
      vertex 22.579 11.3005 0
      vertex 22.55 11.0978 0
    endloop
  endfacet
  facet normal 0 0 -1
    outer loop
      vertex 21.5882 11.7531 0
      vertex 22.55 11.0978 0
      vertex 22.5188 10.9033 0
    endloop
  endfacet
  facet normal 0 0 -1
    outer loop
      vertex 21.4154 11.6476 0
      vertex 22.5188 10.9033 0
      vertex 22.4835 10.7191 0
    endloop
  endfacet
  facet normal 0 0 -1
    outer loop
      vertex 21.2549 11.5437 0
      vertex 22.4835 10.7191 0
      vertex 22.4467 10.5438 0
    endloop
  endfacet
  facet normal 0 0 -1
    outer loop
      vertex 21.1061 11.4419 0
      vertex 22.4467 10.5438 0
      vertex 22.4067 10.3793 0
    endloop
  endfacet
  facet normal 0 0 -1
    outer loop
      vertex 20.9685 11.3425 0
      vertex 22.4067 10.3793 0
      vertex 22.3662 10.2243 0
    endloop
  endfacet
  facet normal 0 0 -1
    outer loop
      vertex 20.8415 11.2459 0
      vertex 22.3662 10.2243 0
      vertex 22.3235 10.0807 0
    endloop
  endfacet
  facet normal 0 0 -1
    outer loop
      vertex 20.7244 11.1525 0
      vertex 22.3235 10.0807 0
      vertex 22.2812 9.94745 0
    endloop
  endfacet
  facet normal 0 0 -1
    outer loop
      vertex 20.6172 11.0623 0
      vertex 22.2812 9.94745 0
      vertex 22.2382 9.82591 0
    endloop
  endfacet
  facet normal 0 0 -1
    outer loop
      vertex 20.5188 10.9759 0
      vertex 22.2382 9.82591 0
      vertex 22.1964 9.71545 0
    endloop
  endfacet
  facet normal 0 0 -1
    outer loop
      vertex 20.4293 10.8931 0
      vertex 22.1964 9.71545 0
      vertex 22.1557 9.61707 0
    endloop
  endfacet
  facet normal 0 0 -1
    outer loop
      vertex 20.3477 10.8146 0
      vertex 22.1557 9.61707 0
      vertex 22.1173 9.53049 0
    endloop
  endfacet
  facet normal 0 0 -1
    outer loop
      vertex 20.3477 10.8146 0
      vertex 22.1173 9.53049 0
      vertex 22.0817 9.45625 0
    endloop
  endfacet
  facet normal 0 0 -1
    outer loop
      vertex 20.2079 10.6702 0
      vertex 22.0817 9.45625 0
      vertex 22.0226 9.34499 0
    endloop
  endfacet
  facet normal 0 0 -1
    outer loop
      vertex 22.4835 10.7191 0
      vertex 21.2549 11.5437 0
      vertex 21.4154 11.6476 0
    endloop
  endfacet
  facet normal 0 0 -1
    outer loop
      vertex 20.2079 10.6702 0
      vertex 22.0226 9.34499 0
      vertex 21.925 9.18484 0
    endloop
  endfacet
  facet normal 0 0 -1
    outer loop
      vertex 22.6064 11.5479 0
      vertex 21.7738 11.86 0
      vertex 21.962 11.9614 0
    endloop
  endfacet
  facet normal 0 0 -1
    outer loop
      vertex 22.579 11.3005 0
      vertex 21.7738 11.86 0
      vertex 22.6064 11.5479 0
    endloop
  endfacet
  facet normal 0 0 -1
    outer loop
      vertex 19.9588 10.3759 0
      vertex 21.925 9.18484 0
      vertex 21.5497 8.70102 0
    endloop
  endfacet
  facet normal 0 0 -1
    outer loop
      vertex 22.579 11.3005 0
      vertex 21.5882 11.7531 0
      vertex 21.7738 11.86 0
    endloop
  endfacet
  facet normal -0 0 -1
    outer loop
      vertex 22.207 7.9744 0
      vertex 19.8812 5.3781 0
      vertex 21.5498 8.50066 0
    endloop
  endfacet
  facet normal 0 0 -1
    outer loop
      vertex 20.674 4.58024 0
      vertex 21.5243 1.5987 0
      vertex 21.3533 1.66435 0
    endloop
  endfacet
  facet normal 0 0 -1
    outer loop
      vertex 18.9525 6.12137 0
      vertex 21.5498 8.50066 0
      vertex 19.8812 5.3781 0
    endloop
  endfacet
  facet normal 0 0 -1
    outer loop
      vertex 20.674 4.58024 0
      vertex 21.3533 1.66435 0
      vertex 21.1763 1.71176 0
    endloop
  endfacet
  facet normal 0 0 -1
    outer loop
      vertex 22.5188 10.9033 0
      vertex 21.4154 11.6476 0
      vertex 21.5882 11.7531 0
    endloop
  endfacet
  facet normal 0 0 -1
    outer loop
      vertex 20.674 4.58024 0
      vertex 21.1763 1.71176 0
      vertex 20.9954 1.74041 0
    endloop
  endfacet
  facet normal 0 0 -1
    outer loop
      vertex 22.4467 10.5438 0
      vertex 21.1061 11.4419 0
      vertex 21.2549 11.5437 0
    endloop
  endfacet
  facet normal 0 0 -1
    outer loop
      vertex 22.4067 10.3793 0
      vertex 20.9685 11.3425 0
      vertex 21.1061 11.4419 0
    endloop
  endfacet
  facet normal 0 0 -1
    outer loop
      vertex 20.674 4.58024 0
      vertex 20.9954 1.74041 0
      vertex 20.8125 1.75 0
    endloop
  endfacet
  facet normal 0 0 -1
    outer loop
      vertex 22.3662 10.2243 0
      vertex 20.8415 11.2459 0
      vertex 20.9685 11.3425 0
    endloop
  endfacet
  facet normal 0 0 -1
    outer loop
      vertex 22.3235 10.0807 0
      vertex 20.7244 11.1525 0
      vertex 20.8415 11.2459 0
    endloop
  endfacet
  facet normal 0 0 -1
    outer loop
      vertex 20.6296 1.74041 0
      vertex 20.674 4.58024 0
      vertex 20.8125 1.75 0
    endloop
  endfacet
  facet normal 0 0 -1
    outer loop
      vertex 20.333 4.56237 0
      vertex 20.6296 1.74041 0
      vertex 20.4487 1.71176 0
    endloop
  endfacet
  facet normal 0 0 -1
    outer loop
      vertex 20.6296 1.74041 0
      vertex 20.333 4.56237 0
      vertex 20.674 4.58024 0
    endloop
  endfacet
  facet normal 0 0 -1
    outer loop
      vertex 19.8587 4.48725 0
      vertex 20.4487 1.71176 0
      vertex 20.2717 1.66435 0
    endloop
  endfacet
  facet normal 0 0 -1
    outer loop
      vertex 19.3949 4.36297 0
      vertex 20.2717 1.66435 0
      vertex 20.1007 1.5987 0
    endloop
  endfacet
  facet normal 0 0 -1
    outer loop
      vertex 18.9466 4.19089 0
      vertex 20.1007 1.5987 0
      vertex 19.9375 1.51554 0
    endloop
  endfacet
  facet normal 0 0 -1
    outer loop
      vertex 20.4487 1.71176 0
      vertex 19.8587 4.48725 0
      vertex 20.333 4.56237 0
    endloop
  endfacet
  facet normal 0 0 -1
    outer loop
      vertex 18.5187 3.97289 0
      vertex 19.9375 1.51554 0
      vertex 19.7839 1.41578 0
    endloop
  endfacet
  facet normal 0 0 -1
    outer loop
      vertex 18.116 3.71136 0
      vertex 19.7839 1.41578 0
      vertex 19.6415 1.3005 0
    endloop
  endfacet
  facet normal 0 0 -1
    outer loop
      vertex 17.7429 3.40918 0
      vertex 19.6415 1.3005 0
      vertex 19.512 1.17098 0
    endloop
  endfacet
  facet normal 0 0 -1
    outer loop
      vertex 17.1937 2.81083 0
      vertex 19.512 1.17098 0
      vertex 19.3967 1.02862 0
    endloop
  endfacet
  facet normal 0 0 -1
    outer loop
      vertex 20.2717 1.66435 0
      vertex 19.3949 4.36297 0
      vertex 19.8587 4.48725 0
    endloop
  endfacet
  facet normal 0 0 -1
    outer loop
      vertex 17.1937 2.81083 0
      vertex 19.3967 1.02862 0
      vertex 19.297 0.874999 0
    endloop
  endfacet
  facet normal 0 0 -1
    outer loop
      vertex 16.5312 1.63047 0
      vertex 19.297 0.874999 0
      vertex 19.2138 0.711788 0
    endloop
  endfacet
  facet normal 0 0 -1
    outer loop
      vertex 16.5312 1.63046 0
      vertex 19.2138 0.711788 0
      vertex 19.1482 0.540779 0
    endloop
  endfacet
  facet normal 0 0 -1
    outer loop
      vertex 16.5312 1.63046 0
      vertex 19.1482 0.540779 0
      vertex 19.1007 0.363845 0
    endloop
  endfacet
  facet normal 0 0 -1
    outer loop
      vertex 16.5312 1.63046 0
      vertex 19.1007 0.363845 0
      vertex 19.0721 0.182924 0
    endloop
  endfacet
  facet normal 0 0 -1
    outer loop
      vertex 20.1007 1.5987 0
      vertex 18.9466 4.19089 0
      vertex 19.3949 4.36297 0
    endloop
  endfacet
  facet normal 0 0 -1
    outer loop
      vertex 16.5312 1.63046 0
      vertex 19.0721 0.182924 0
      vertex 19.0625 0 0
    endloop
  endfacet
  facet normal 0 0 -1
    outer loop
      vertex 16.8396 -2.29375 0
      vertex 19.297 -0.874999 0
      vertex 17.1011 -2.69646 0
    endloop
  endfacet
  facet normal 0 0 -1
    outer loop
      vertex 16.7988 -2.21368 0
      vertex 19.297 -0.874999 0
      vertex 16.8396 -2.29375 0
    endloop
  endfacet
  facet normal 0 0 -1
    outer loop
      vertex 19.9375 1.51554 0
      vertex 18.5187 3.97289 0
      vertex 18.9466 4.19089 0
    endloop
  endfacet
  facet normal -0 0 -1
    outer loop
      vertex 19.297 -0.874999 0
      vertex 16.7988 -2.21368 0
      vertex 19.2138 -0.711788 0
    endloop
  endfacet
  facet normal 0 0 -1
    outer loop
      vertex 19.7839 1.41578 0
      vertex 18.116 3.71136 0
      vertex 18.5187 3.97289 0
    endloop
  endfacet
  facet normal -0 0 -1
    outer loop
      vertex 19.2138 -0.711788 0
      vertex 16.7988 -2.21368 0
      vertex 19.1482 -0.540779 0
    endloop
  endfacet
  facet normal 0 0 -1
    outer loop
      vertex 19.6415 1.3005 0
      vertex 17.7429 3.40918 0
      vertex 18.116 3.71136 0
    endloop
  endfacet
  facet normal -0 0 -1
    outer loop
      vertex 19.1482 -0.540779 0
      vertex 16.7988 -2.21368 0
      vertex 19.1007 -0.363845 0
    endloop
  endfacet
  facet normal 0 0 -1
    outer loop
      vertex 19.512 1.17098 0
      vertex 17.1937 2.81083 0
      vertex 17.4033 3.06964 0
    endloop
  endfacet
  facet normal 0 0 -1
    outer loop
      vertex 19.512 1.17098 0
      vertex 17.4033 3.06964 0
      vertex 17.7429 3.40918 0
    endloop
  endfacet
  facet normal -0 0 -1
    outer loop
      vertex 19.1007 -0.363845 0
      vertex 16.7988 -2.21368 0
      vertex 19.0721 -0.182924 0
    endloop
  endfacet
  facet normal 0 0 -1
    outer loop
      vertex 19.2138 0.711788 0
      vertex 16.5312 1.63046 0
      vertex 16.5312 1.63047 0
    endloop
  endfacet
  facet normal 0 0 -1
    outer loop
      vertex 16.5312 1.63046 0
      vertex 19.0721 -0.182924 0
      vertex 16.7988 -2.21368 0
    endloop
  endfacet
  facet normal 0 0 -1
    outer loop
      vertex 19.0721 -0.182924 0
      vertex 16.5312 1.63046 0
      vertex 19.0625 0 0
    endloop
  endfacet
  facet normal 0 0 -1
    outer loop
      vertex 15.1074 0.845154 0
      vertex 16.7988 -2.21368 0
      vertex 16.7955 -2.21553 0
    endloop
  endfacet
  facet normal -0 0 -1
    outer loop
      vertex 17.1937 2.81083 0
      vertex 16.5312 1.63047 0
      vertex 16.9842 3.06963 0
    endloop
  endfacet
  facet normal -0 0 -1
    outer loop
      vertex 16.9842 3.06963 0
      vertex 16.5312 1.63047 0
      vertex 16.6446 3.40916 0
    endloop
  endfacet
  facet normal 0 0 -1
    outer loop
      vertex 19.297 0.874999 0
      vertex 16.5312 1.63047 0
      vertex 17.1937 2.81083 0
    endloop
  endfacet
  facet normal 0 0 -1
    outer loop
      vertex 16.7988 -2.21368 0
      vertex 15.1074 0.845154 0
      vertex 16.5312 1.63046 0
    endloop
  endfacet
  facet normal 0 0 -1
    outer loop
      vertex 17.0181 13.1284 0
      vertex 18.641 12.6894 0
      vertex 18.6366 12.3653 0
    endloop
  endfacet
  facet normal 0 0 -1
    outer loop
      vertex 16.8254 12.8897 0
      vertex 18.6366 12.3653 0
      vertex 18.6201 12.0761 0
    endloop
  endfacet
  facet normal 0 -0 -1
    outer loop
      vertex 17.2441 13.3848 0
      vertex 18.641 12.6894 0
      vertex 17.1266 13.2545 0
    endloop
  endfacet
  facet normal 0 0 -1
    outer loop
      vertex 16.74 12.7776 0
      vertex 18.6201 12.0761 0
      vertex 18.5943 11.824 0
    endloop
  endfacet
  facet normal 0 -0 -1
    outer loop
      vertex 17.3707 13.5192 0
      vertex 18.6303 13.0466 0
      vertex 17.2441 13.3848 0
    endloop
  endfacet
  facet normal 0 0 -1
    outer loop
      vertex 16.5914 12.5681 0
      vertex 18.5943 11.824 0
      vertex 18.5627 11.6112 0
    endloop
  endfacet
  facet normal 0 0 -1
    outer loop
      vertex 16.4688 12.3794 0
      vertex 18.5627 11.6112 0
      vertex 18.5289 11.4402 0
    endloop
  endfacet
  facet normal 0 0 -1
    outer loop
      vertex 16.37 12.2128 0
      vertex 18.5289 11.4402 0
      vertex 18.4973 11.3132 0
    endloop
  endfacet
  facet normal 0 0 -1
    outer loop
      vertex 16.2927 12.0692 0
      vertex 18.4973 11.3132 0
      vertex 18.4586 11.1736 0
    endloop
  endfacet
  facet normal 0 0 -1
    outer loop
      vertex 16.2265 11.9403 0
      vertex 18.4586 11.1736 0
      vertex 18.2384 10.6781 0
    endloop
  endfacet
  facet normal 0 0 -1
    outer loop
      vertex 18.641 12.6894 0
      vertex 17.2441 13.3848 0
      vertex 18.6303 13.0466 0
    endloop
  endfacet
  facet normal 0 0 -1
    outer loop
      vertex 15.7129 7.7912 0
      vertex 18.3055 10.4973 0
      vertex 16.8425 7.33443 0
    endloop
  endfacet
  facet normal 0 0 -1
    outer loop
      vertex 18.6303 13.0466 0
      vertex 17.5068 13.6575 0
      vertex 18.6022 13.4348 0
    endloop
  endfacet
  facet normal -0 0 -1
    outer loop
      vertex 17.9071 13.9616 0
      vertex 17.653 13.7994 0
      vertex 17.8492 13.9796 0
    endloop
  endfacet
  facet normal 0 0 -1
    outer loop
      vertex 18.6022 13.4348 0
      vertex 17.9071 13.9616 0
      vertex 18.574 13.6918 0
    endloop
  endfacet
  facet normal 0 -0 -1
    outer loop
      vertex 17.9071 13.9616 0
      vertex 18.6022 13.4348 0
      vertex 17.653 13.7994 0
    endloop
  endfacet
  facet normal 0 -0 -1
    outer loop
      vertex 17.653 13.7994 0
      vertex 18.6022 13.4348 0
      vertex 17.5068 13.6575 0
    endloop
  endfacet
  facet normal 0 -0 -1
    outer loop
      vertex 17.5068 13.6575 0
      vertex 18.6303 13.0466 0
      vertex 17.3707 13.5192 0
    endloop
  endfacet
  facet normal 0 0 -1
    outer loop
      vertex 18.641 12.6894 0
      vertex 17.0181 13.1284 0
      vertex 17.1266 13.2545 0
    endloop
  endfacet
  facet normal 0 0 -1
    outer loop
      vertex 18.6366 12.3653 0
      vertex 16.9175 13.0068 0
      vertex 17.0181 13.1284 0
    endloop
  endfacet
  facet normal 0 -0 -1
    outer loop
      vertex 15.9054 11.3785 0
      vertex 18.3055 10.4973 0
      vertex 15.7129 7.7912 0
    endloop
  endfacet
  facet normal 0 0 -1
    outer loop
      vertex 18.6366 12.3653 0
      vertex 16.8254 12.8897 0
      vertex 16.9175 13.0068 0
    endloop
  endfacet
  facet normal 0 0 -1
    outer loop
      vertex 18.6201 12.0761 0
      vertex 16.74 12.7776 0
      vertex 16.8254 12.8897 0
    endloop
  endfacet
  facet normal 0 -0 -1
    outer loop
      vertex 16.2265 11.9403 0
      vertex 18.2384 10.6781 0
      vertex 16.0887 11.4791 0
    endloop
  endfacet
  facet normal 0 0 -1
    outer loop
      vertex 18.5943 11.824 0
      vertex 16.5914 12.5681 0
      vertex 16.74 12.7776 0
    endloop
  endfacet
  facet normal 0 0 -1
    outer loop
      vertex 18.5627 11.6112 0
      vertex 16.4688 12.3794 0
      vertex 16.5914 12.5681 0
    endloop
  endfacet
  facet normal 0 0 -1
    outer loop
      vertex 18.5289 11.4402 0
      vertex 16.37 12.2128 0
      vertex 16.4688 12.3794 0
    endloop
  endfacet
  facet normal 0 0 -1
    outer loop
      vertex 18.4973 11.3132 0
      vertex 16.2927 12.0692 0
      vertex 16.37 12.2128 0
    endloop
  endfacet
  facet normal 0 0 -1
    outer loop
      vertex 18.4586 11.1736 0
      vertex 16.2265 11.9403 0
      vertex 16.2927 12.0692 0
    endloop
  endfacet
  facet normal 0 0 -1
    outer loop
      vertex 18.2384 10.6781 0
      vertex 15.9054 11.3785 0
      vertex 16.0887 11.4791 0
    endloop
  endfacet
  facet normal 0 0 -1
    outer loop
      vertex 16.0887 11.4791 0
      vertex 15.9054 11.3785 0
      vertex 15.919 11.3882 0
    endloop
  endfacet
  facet normal 0 0 -1
    outer loop
      vertex 18.3055 10.4973 0
      vertex 15.9054 11.3785 0
      vertex 18.2384 10.6781 0
    endloop
  endfacet
  facet normal 0 0 -1
    outer loop
      vertex 14.5658 8.14754 0
      vertex 15.9054 11.3785 0
      vertex 15.7129 7.7912 0
    endloop
  endfacet
  facet normal -0 0 -1
    outer loop
      vertex 15.9054 11.3785 0
      vertex 14.5658 8.14754 0
      vertex 15.4665 11.5149 0
    endloop
  endfacet
  facet normal -0 0 -1
    outer loop
      vertex 15.4665 11.5149 0
      vertex 14.5658 8.14754 0
      vertex 14.6056 11.7107 0
    endloop
  endfacet
  facet normal 0 0 -1
    outer loop
      vertex 14.6056 11.7107 0
      vertex 14.5138 11.8827 0
      vertex 14.6189 11.7213 0
    endloop
  endfacet
  facet normal 0 0 -1
    outer loop
      vertex 13.4215 8.40771 0
      vertex 14.6056 11.7107 0
      vertex 14.5658 8.14754 0
    endloop
  endfacet
  facet normal 0 -0 -1
    outer loop
      vertex 12.6442 13.759 0
      vertex 14.5688 13.3341 0
      vertex 12.5288 13.5103 0
    endloop
  endfacet
  facet normal 0 0 -1
    outer loop
      vertex 12.297 8.57848 0
      vertex 14.6056 11.7107 0
      vertex 13.4215 8.40771 0
    endloop
  endfacet
  facet normal 0 -0 -1
    outer loop
      vertex 12.2448 12.7006 0
      vertex 14.5138 11.8827 0
      vertex 12.2039 12.2288 0
    endloop
  endfacet
  facet normal 0 -0 -1
    outer loop
      vertex 12.3315 12.9978 0
      vertex 14.5138 11.8827 0
      vertex 12.2448 12.7006 0
    endloop
  endfacet
  facet normal 0 -0 -1
    outer loop
      vertex 12.4357 13.2859 0
      vertex 14.5138 11.8827 0
      vertex 12.3964 13.1833 0
    endloop
  endfacet
  facet normal 0 -0 -1
    outer loop
      vertex 12.2039 12.2288 0
      vertex 14.6056 11.7107 0
      vertex 12.0454 12.0946 0
    endloop
  endfacet
  facet normal 0 0 -1
    outer loop
      vertex 14.5688 13.3341 0
      vertex 12.6442 13.759 0
      vertex 14.5485 13.4734 0
    endloop
  endfacet
  facet normal -0 0 -1
    outer loop
      vertex 14.1913 14.9107 0
      vertex 13.2523 14.8052 0
      vertex 13.4096 15.0294 0
    endloop
  endfacet
  facet normal 0 0 -1
    outer loop
      vertex 14.2756 14.6478 0
      vertex 13.2523 14.8052 0
      vertex 14.1913 14.9107 0
    endloop
  endfacet
  facet normal 0 0 -1
    outer loop
      vertex 14.3305 14.46 0
      vertex 13.2523 14.8052 0
      vertex 14.2756 14.6478 0
    endloop
  endfacet
  facet normal 0 -0 -1
    outer loop
      vertex 13.2523 14.8052 0
      vertex 14.3305 14.46 0
      vertex 13.0423 14.4801 0
    endloop
  endfacet
  facet normal 0 0 -1
    outer loop
      vertex 14.4243 14.1036 0
      vertex 13.0423 14.4801 0
      vertex 14.3305 14.46 0
    endloop
  endfacet
  facet normal 0 -0 -1
    outer loop
      vertex 13.0423 14.4801 0
      vertex 14.4243 14.1036 0
      vertex 12.8627 14.1753 0
    endloop
  endfacet
  facet normal 0 0 -1
    outer loop
      vertex 14.5485 13.4734 0
      vertex 12.711 13.8921 0
      vertex 14.4957 13.7744 0
    endloop
  endfacet
  facet normal 0 0 -1
    outer loop
      vertex 14.4957 13.7744 0
      vertex 12.8627 14.1753 0
      vertex 14.4243 14.1036 0
    endloop
  endfacet
  facet normal 0 -0 -1
    outer loop
      vertex 12.8627 14.1753 0
      vertex 14.4957 13.7744 0
      vertex 12.7839 14.0309 0
    endloop
  endfacet
  facet normal 0 -0 -1
    outer loop
      vertex 12.7839 14.0309 0
      vertex 14.4957 13.7744 0
      vertex 12.711 13.8921 0
    endloop
  endfacet
  facet normal -0 0 -1
    outer loop
      vertex 14.6056 11.7107 0
      vertex 12.297 8.57848 0
      vertex 12.0454 12.0946 0
    endloop
  endfacet
  facet normal 0 -0 -1
    outer loop
      vertex 12.711 13.8921 0
      vertex 14.5485 13.4734 0
      vertex 12.6442 13.759 0
    endloop
  endfacet
  facet normal 0 -0 -1
    outer loop
      vertex 12.3964 13.1833 0
      vertex 14.5138 11.8827 0
      vertex 12.3315 12.9978 0
    endloop
  endfacet
  facet normal 0 0 -1
    outer loop
      vertex 14.6056 11.7107 0
      vertex 12.2039 12.2288 0
      vertex 14.5138 11.8827 0
    endloop
  endfacet
  facet normal 0 0 -1
    outer loop
      vertex 12.2039 12.2288 0
      vertex 12.0454 12.0946 0
      vertex 12.0561 12.1054 0
    endloop
  endfacet
  facet normal 0 0 -1
    outer loop
      vertex 11.2056 8.66811 0
      vertex 12.0454 12.0946 0
      vertex 12.297 8.57848 0
    endloop
  endfacet
  facet normal -0 0 -1
    outer loop
      vertex 12.0454 12.0946 0
      vertex 11.2056 8.66811 0
      vertex 11.3747 12.1497 0
    endloop
  endfacet
  facet normal 0 0 -1
    outer loop
      vertex 11.2056 8.66811 0
      vertex 10.713 12.1608 0
      vertex 11.3747 12.1497 0
    endloop
  endfacet
  facet normal 0 0 -1
    outer loop
      vertex 10.1573 8.68561 0
      vertex 10.713 12.1608 0
      vertex 11.2056 8.66811 0
    endloop
  endfacet
  facet normal -0 0 -1
    outer loop
      vertex 10.59 12.7853 0
      vertex 8.20088 12.7536 0
      vertex 10.5515 13.0039 0
    endloop
  endfacet
  facet normal 0 -0 -1
    outer loop
      vertex 8.21001 12.8939 0
      vertex 10.5515 13.0039 0
      vertex 8.20088 12.7536 0
    endloop
  endfacet
  facet normal 0 -0 -1
    outer loop
      vertex 8.21875 12.9771 0
      vertex 10.5515 13.0039 0
      vertex 8.21001 12.8939 0
    endloop
  endfacet
  facet normal 0 -0 -1
    outer loop
      vertex 8.23106 13.0686 0
      vertex 10.5126 13.1789 0
      vertex 8.21875 12.9771 0
    endloop
  endfacet
  facet normal -0 0 -1
    outer loop
      vertex 10.458 13.3834 0
      vertex 8.26276 13.2755 0
      vertex 10.4253 13.4962 0
    endloop
  endfacet
  facet normal 0 0 -1
    outer loop
      vertex 9.15901 8.64021 0
      vertex 10.713 12.1608 0
      vertex 10.1573 8.68561 0
    endloop
  endfacet
  facet normal 0 0 -1
    outer loop
      vertex 8.19368 12.6749 0
      vertex 10.5872 12.3085 0
      vertex 8.24744 12.193 0
    endloop
  endfacet
  facet normal 0 0 -1
    outer loop
      vertex 8.12097 12.0344 0
      vertex 10.713 12.1608 0
      vertex 9.15901 8.64021 0
    endloop
  endfacet
  facet normal -0 0 -1
    outer loop
      vertex 10.5515 13.0039 0
      vertex 8.21875 12.9771 0
      vertex 10.5126 13.1789 0
    endloop
  endfacet
  facet normal -0 0 -1
    outer loop
      vertex 10.5126 13.1789 0
      vertex 8.23106 13.0686 0
      vertex 10.458 13.3834 0
    endloop
  endfacet
  facet normal 0 -0 -1
    outer loop
      vertex 8.26276 13.2755 0
      vertex 10.458 13.3834 0
      vertex 8.23106 13.0686 0
    endloop
  endfacet
  facet normal 0 -0 -1
    outer loop
      vertex 8.28452 13.3905 0
      vertex 10.4253 13.4962 0
      vertex 8.26276 13.2755 0
    endloop
  endfacet
  facet normal -0 0 -1
    outer loop
      vertex 10.4253 13.4962 0
      vertex 8.28452 13.3905 0
      vertex 10.3457 13.742 0
    endloop
  endfacet
  facet normal 0 -0 -1
    outer loop
      vertex 8.45699 14.0733 0
      vertex 10.2438 14.0137 0
      vertex 8.37386 13.7794 0
    endloop
  endfacet
  facet normal 0 -0 -1
    outer loop
      vertex 8.24744 12.193 0
      vertex 10.713 12.1608 0
      vertex 8.12097 12.0344 0
    endloop
  endfacet
  facet normal 0 0 -1
    outer loop
      vertex 10.2438 14.0137 0
      vertex 8.45699 14.0733 0
      vertex 10.1865 14.1589 0
    endloop
  endfacet
  facet normal 0 -0 -1
    outer loop
      vertex 8.50607 14.2301 0
      vertex 10.1865 14.1589 0
      vertex 8.45699 14.0733 0
    endloop
  endfacet
  facet normal 0 0 -1
    outer loop
      vertex 9.66402 15.2159 0
      vertex 8.84032 15.1066 0
      vertex 8.87407 15.1799 0
    endloop
  endfacet
  facet normal -0 0 -1
    outer loop
      vertex 9.70161 15.1514 0
      vertex 8.84032 15.1066 0
      vertex 9.66402 15.2159 0
    endloop
  endfacet
  facet normal 0 -0 -1
    outer loop
      vertex 8.84032 15.1066 0
      vertex 9.70161 15.1514 0
      vertex 8.76161 14.9196 0
    endloop
  endfacet
  facet normal -0 0 -1
    outer loop
      vertex 9.79822 14.9722 0
      vertex 8.76161 14.9196 0
      vertex 9.70161 15.1514 0
    endloop
  endfacet
  facet normal 0 -0 -1
    outer loop
      vertex 8.76161 14.9196 0
      vertex 9.79822 14.9722 0
      vertex 8.68842 14.7382 0
    endloop
  endfacet
  facet normal -0 0 -1
    outer loop
      vertex 9.88889 14.7984 0
      vertex 8.68842 14.7382 0
      vertex 9.79822 14.9722 0
    endloop
  endfacet
  facet normal 0 -0 -1
    outer loop
      vertex 8.68842 14.7382 0
      vertex 9.88889 14.7984 0
      vertex 8.62126 14.5627 0
    endloop
  endfacet
  facet normal -0 0 -1
    outer loop
      vertex 9.97411 14.63 0
      vertex 8.62126 14.5627 0
      vertex 9.88889 14.7984 0
    endloop
  endfacet
  facet normal 0 0 -1
    outer loop
      vertex 10.0503 14.4672 0
      vertex 8.62126 14.5627 0
      vertex 9.97411 14.63 0
    endloop
  endfacet
  facet normal 0 -0 -1
    outer loop
      vertex 8.62126 14.5627 0
      vertex 10.0503 14.4672 0
      vertex 8.50607 14.2301 0
    endloop
  endfacet
  facet normal 0 0 -1
    outer loop
      vertex 8.12097 12.0344 0
      vertex 9.15901 8.64021 0
      vertex 8.21529 8.54083 0
    endloop
  endfacet
  facet normal 0 0 -1
    outer loop
      vertex 10.713 12.1608 0
      vertex 8.24744 12.193 0
      vertex 10.5872 12.3085 0
    endloop
  endfacet
  facet normal 0 0 -1
    outer loop
      vertex 8.21529 8.54083 0
      vertex 7.74916 11.9952 0
      vertex 8.12097 12.0344 0
    endloop
  endfacet
  facet normal 0 0 -1
    outer loop
      vertex 6.80078 11.8401 0
      vertex 8.21529 8.54083 0
      vertex 7.32861 8.39584 0
    endloop
  endfacet
  facet normal 0 0 -1
    outer loop
      vertex 8.21529 8.54083 0
      vertex 6.80078 11.8401 0
      vertex 7.74916 11.9952 0
    endloop
  endfacet
  facet normal 0 0 -1
    outer loop
      vertex 6.49983 8.21295 0
      vertex 6.80078 11.8401 0
      vertex 7.32861 8.39584 0
    endloop
  endfacet
  facet normal 0 0 -1
    outer loop
      vertex 4.30852 11.1986 0
      vertex 6.80078 11.8401 0
      vertex 6.49983 8.21295 0
    endloop
  endfacet
  facet normal 0 -0 -1
    outer loop
      vertex 4.39926 11.3777 0
      vertex 6.80078 11.8401 0
      vertex 4.30852 11.1986 0
    endloop
  endfacet
  facet normal -0 0 -1
    outer loop
      vertex 6.6438 11.9524 0
      vertex 4.39926 11.3777 0
      vertex 6.55238 12.4186 0
    endloop
  endfacet
  facet normal 0 0 -1
    outer loop
      vertex 4.23898 11.8693 0
      vertex 6.55238 12.4186 0
      vertex 4.39926 11.3777 0
    endloop
  endfacet
  facet normal -0 0 -1
    outer loop
      vertex 6.55238 12.4186 0
      vertex 4.23898 11.8693 0
      vertex 6.47134 12.6266 0
    endloop
  endfacet
  facet normal 0 0 -1
    outer loop
      vertex 4.20859 12.0782 0
      vertex 6.47134 12.6266 0
      vertex 4.23898 11.8693 0
    endloop
  endfacet
  facet normal -0 0 -1
    outer loop
      vertex 6.47134 12.6266 0
      vertex 4.20859 12.0782 0
      vertex 6.35471 12.8836 0
    endloop
  endfacet
  facet normal 0 0 -1
    outer loop
      vertex 4.19185 12.2401 0
      vertex 6.35471 12.8836 0
      vertex 4.20859 12.0782 0
    endloop
  endfacet
  facet normal 0 0 -1
    outer loop
      vertex 4.18513 12.3359 0
      vertex 6.35471 12.8836 0
      vertex 4.19185 12.2401 0
    endloop
  endfacet
  facet normal 0 0 -1
    outer loop
      vertex 4.18016 12.4411 0
      vertex 6.35471 12.8836 0
      vertex 4.18513 12.3359 0
    endloop
  endfacet
  facet normal 0 0 -1
    outer loop
      vertex 4.30852 11.1986 0
      vertex 6.49983 8.21295 0
      vertex 5.72852 7.99904 0
    endloop
  endfacet
  facet normal -0 0 -1
    outer loop
      vertex 6.35471 12.8836 0
      vertex 4.18016 12.4411 0
      vertex 6.24954 13.085 0
    endloop
  endfacet
  facet normal 0 0 -1
    outer loop
      vertex 4.1774 12.5556 0
      vertex 6.24954 13.085 0
      vertex 4.18016 12.4411 0
    endloop
  endfacet
  facet normal -0 0 -1
    outer loop
      vertex 6.24954 13.085 0
      vertex 4.1774 12.5556 0
      vertex 6.19041 13.1948 0
    endloop
  endfacet
  facet normal 0 0 -1
    outer loop
      vertex 4.17734 12.6791 0
      vertex 6.19041 13.1948 0
      vertex 4.1774 12.5556 0
    endloop
  endfacet
  facet normal 0 -0 -1
    outer loop
      vertex 4.18045 12.8114 0
      vertex 6.12323 13.3097 0
      vertex 4.17734 12.6791 0
    endloop
  endfacet
  facet normal -0 0 -1
    outer loop
      vertex 6.12323 13.3097 0
      vertex 4.18045 12.8114 0
      vertex 5.97052 13.5561 0
    endloop
  endfacet
  facet normal 0 0 -1
    outer loop
      vertex 4.30852 11.1986 0
      vertex 5.72852 7.99904 0
      vertex 5.01337 7.76022 0
    endloop
  endfacet
  facet normal -0 0 -1
    outer loop
      vertex 5.97052 13.5561 0
      vertex 4.19481 13.1006 0
      vertex 5.88504 13.6874 0
    endloop
  endfacet
  facet normal -0 0 -1
    outer loop
      vertex 5.88504 13.6874 0
      vertex 4.20728 13.2572 0
      vertex 5.79018 13.8232 0
    endloop
  endfacet
  facet normal 0 0 -1
    outer loop
      vertex 3.04346 10.7316 0
      vertex 5.01337 7.76022 0
      vertex 4.3524 7.50183 0
    endloop
  endfacet
  facet normal -0 0 -1
    outer loop
      vertex 6.80078 11.8401 0
      vertex 4.39926 11.3777 0
      vertex 6.6438 11.9524 0
    endloop
  endfacet
  facet normal 0 0 -1
    outer loop
      vertex 5.01337 7.76022 0
      vertex 3.82484 11.0371 0
      vertex 4.30852 11.1986 0
    endloop
  endfacet
  facet normal 0 0 -1
    outer loop
      vertex 3.04346 10.7316 0
      vertex 4.3524 7.50183 0
      vertex 3.74316 7.22844 0
    endloop
  endfacet
  facet normal 0 0 -1
    outer loop
      vertex 0.804443 9.59583 0
      vertex 3.74316 7.22844 0
      vertex 3.18297 6.94398 0
    endloop
  endfacet
  facet normal 0 0 -1
    outer loop
      vertex 5.01337 7.76022 0
      vertex 3.04346 10.7316 0
      vertex 3.82484 11.0371 0
    endloop
  endfacet
  facet normal 0 0 -1
    outer loop
      vertex 3.74316 7.22844 0
      vertex 0.804443 9.59583 0
      vertex 3.04346 10.7316 0
    endloop
  endfacet
  facet normal -0 0 -1
    outer loop
      vertex 3.04346 10.7316 0
      vertex 0.804443 9.59583 0
      vertex 2.86539 10.8054 0
    endloop
  endfacet
  facet normal 0 0 -1
    outer loop
      vertex 0.804443 9.59583 0
      vertex 3.18297 6.94398 0
      vertex 2.66895 6.65175 0
    endloop
  endfacet
  facet normal 0 -0 -1
    outer loop
      vertex 0.85199 9.78526 0
      vertex 2.86539 10.8054 0
      vertex 0.804443 9.59583 0
    endloop
  endfacet
  facet normal -0 0 -1
    outer loop
      vertex 2.86539 10.8054 0
      vertex 0.85199 9.78526 0
      vertex 2.67058 11.2578 0
    endloop
  endfacet
  facet normal -0 0 -1
    outer loop
      vertex 2.67058 11.2578 0
      vertex 0.55687 10.2778 0
      vertex 2.55061 11.4427 0
    endloop
  endfacet
  facet normal 0 0 -1
    outer loop
      vertex 0.499832 10.411 0
      vertex 2.55061 11.4427 0
      vertex 0.55687 10.2778 0
    endloop
  endfacet
  facet normal -0 0 -1
    outer loop
      vertex 2.55061 11.4427 0
      vertex 0.499832 10.411 0
      vertex 2.5031 11.5112 0
    endloop
  endfacet
  facet normal 0 0 -1
    outer loop
      vertex 0.804443 9.59583 0
      vertex 2.66895 6.65175 0
      vertex 2.19815 6.35451 0
    endloop
  endfacet
  facet normal 0 0 -1
    outer loop
      vertex 0.457764 10.5193 0
      vertex 2.5031 11.5112 0
      vertex 0.499832 10.411 0
    endloop
  endfacet
  facet normal -0 0 -1
    outer loop
      vertex 2.5031 11.5112 0
      vertex 0.457764 10.5193 0
      vertex 2.38898 11.6633 0
    endloop
  endfacet
  facet normal 0 0 -1
    outer loop
      vertex 0.405243 10.6746 0
      vertex 2.38898 11.6633 0
      vertex 0.457764 10.5193 0
    endloop
  endfacet
  facet normal -0 0 -1
    outer loop
      vertex 2.38898 11.6633 0
      vertex 0.405243 10.6746 0
      vertex 2.32281 11.7473 0
    endloop
  endfacet
  facet normal 0 0 -1
    outer loop
      vertex 0.269775 9.25824 0
      vertex 2.19815 6.35451 0
      vertex 1.7677 6.05457 0
    endloop
  endfacet
  facet normal 0 0 -1
    outer loop
      vertex 0.377319 10.7695 0
      vertex 2.32281 11.7473 0
      vertex 0.405243 10.6746 0
    endloop
  endfacet
  facet normal -0 0 -1
    outer loop
      vertex 2.32281 11.7473 0
      vertex 0.377319 10.7695 0
      vertex 2.24995 11.8361 0
    endloop
  endfacet
  facet normal 0 0 -1
    outer loop
      vertex 0.349152 10.8757 0
      vertex 2.24995 11.8361 0
      vertex 0.377319 10.7695 0
    endloop
  endfacet
  facet normal 0 0 -1
    outer loop
      vertex -0.338852 8.8307 0
      vertex 1.7677 6.05457 0
      vertex 1.37477 5.75378 0
    endloop
  endfacet
  facet normal -0 0 -1
    outer loop
      vertex 2.24995 11.8361 0
      vertex 0.349152 10.8757 0
      vertex 2.16994 11.9297 0
    endloop
  endfacet
  facet normal 0 0 -1
    outer loop
      vertex 0.321289 10.9926 0
      vertex 2.16994 11.9297 0
      vertex 0.349152 10.8757 0
    endloop
  endfacet
  facet normal -0 0 -1
    outer loop
      vertex 2.16994 11.9297 0
      vertex 0.321289 10.9926 0
      vertex 2.08148 12.0275 0
    endloop
  endfacet
  facet normal 0 0 -1
    outer loop
      vertex -0.338852 8.8307 0
      vertex 1.37477 5.75378 0
      vertex 1.01663 5.45369 0
    endloop
  endfacet
  facet normal 0 0 -1
    outer loop
      vertex 0.294235 11.1201 0
      vertex 2.08148 12.0275 0
      vertex 0.321289 10.9926 0
    endloop
  endfacet
  facet normal -0 0 -1
    outer loop
      vertex 2.08148 12.0275 0
      vertex 0.294235 11.1201 0
      vertex 1.98473 12.1295 0
    endloop
  endfacet
  facet normal 0 0 -1
    outer loop
      vertex 0.268433 11.2579 0
      vertex 1.98473 12.1295 0
      vertex 0.294235 11.1201 0
    endloop
  endfacet
  facet normal -0 0 -1
    outer loop
      vertex 1.98473 12.1295 0
      vertex 0.268433 11.2579 0
      vertex 1.87962 12.2358 0
    endloop
  endfacet
  facet normal 0 0 -1
    outer loop
      vertex 0.244339 11.4055 0
      vertex 1.87962 12.2358 0
      vertex 0.268433 11.2579 0
    endloop
  endfacet
  facet normal -0 0 -1
    outer loop
      vertex 1.87962 12.2358 0
      vertex 0.244339 11.4055 0
      vertex 1.76572 12.346 0
    endloop
  endfacet
  facet normal 0 0 -1
    outer loop
      vertex 0.222382 11.5627 0
      vertex 1.76572 12.346 0
      vertex 0.244339 11.4055 0
    endloop
  endfacet
  facet normal -0 0 -1
    outer loop
      vertex 1.76572 12.346 0
      vertex 0.222382 11.5627 0
      vertex 1.64249 12.46 0
    endloop
  endfacet
  facet normal 0 0 -1
    outer loop
      vertex 0.202988 11.7292 0
      vertex 1.64249 12.46 0
      vertex 0.222382 11.5627 0
    endloop
  endfacet
  facet normal -0 0 -1
    outer loop
      vertex 1.64249 12.46 0
      vertex 0.202988 11.7292 0
      vertex 1.50946 12.5775 0
    endloop
  endfacet
  facet normal 0 0 -1
    outer loop
      vertex 0.186539 11.9048 0
      vertex 1.50946 12.5775 0
      vertex 0.202988 11.7292 0
    endloop
  endfacet
  facet normal -0 0 -1
    outer loop
      vertex 1.50946 12.5775 0
      vertex 0.186539 11.9048 0
      vertex 1.36612 12.6983 0
    endloop
  endfacet
  facet normal 0 0 -1
    outer loop
      vertex 0.173477 12.0891 0
      vertex 1.36612 12.6983 0
      vertex 0.186539 11.9048 0
    endloop
  endfacet
  facet normal -0 0 -1
    outer loop
      vertex 1.36612 12.6983 0
      vertex 0.173477 12.0891 0
      vertex 1.21198 12.8221 0
    endloop
  endfacet
  facet normal 0 0 -1
    outer loop
      vertex 0.164169 12.282 0
      vertex 1.21198 12.8221 0
      vertex 0.173477 12.0891 0
    endloop
  endfacet
  facet normal 0 0 -1
    outer loop
      vertex 0.159027 12.4832 0
      vertex 1.21198 12.8221 0
      vertex 0.164169 12.282 0
    endloop
  endfacet
  facet normal -0 0 -1
    outer loop
      vertex 1.21198 12.8221 0
      vertex 0.159027 12.4832 0
      vertex 1.04651 12.9485 0
    endloop
  endfacet
  facet normal 0 0 -1
    outer loop
      vertex 0.158478 12.6926 0
      vertex 1.04651 12.9485 0
      vertex 0.159027 12.4832 0
    endloop
  endfacet
  facet normal -0 0 -1
    outer loop
      vertex 1.04651 12.9485 0
      vertex 0.158478 12.6926 0
      vertex 0.840302 13.0972 0
    endloop
  endfacet
  facet normal 0 0 -1
    outer loop
      vertex 0.840302 13.0972 0
      vertex 0.158478 12.6926 0
      vertex 0.159683 12.7516 0
    endloop
  endfacet
  facet normal 0 0 -1
    outer loop
      vertex 12.4357 13.2859 0
      vertex 14.6202 12.5151 0
      vertex 14.6165 12.4537 0
    endloop
  endfacet
  facet normal 0 0 -1
    outer loop
      vertex 14.6154 12.3703 0
      vertex 12.4357 13.2859 0
      vertex 14.6165 12.4537 0
    endloop
  endfacet
  facet normal 0 0 -1
    outer loop
      vertex 12.4357 13.2859 0
      vertex 14.6154 12.3703 0
      vertex 14.5138 11.8827 0
    endloop
  endfacet
  facet normal 0 0 -1
    outer loop
      vertex 14.6202 12.5151 0
      vertex 12.4357 13.2859 0
      vertex 14.6217 12.667 0
    endloop
  endfacet
  facet normal 0 0 -1
    outer loop
      vertex 14.6217 12.667 0
      vertex 12.4357 13.2859 0
      vertex 14.6154 12.8555 0
    endloop
  endfacet
  facet normal 0 0 -1
    outer loop
      vertex 14.6154 12.8555 0
      vertex 12.4357 13.2859 0
      vertex 14.5986 13.0785 0
    endloop
  endfacet
  facet normal 0 -0 -1
    outer loop
      vertex 12.5288 13.5103 0
      vertex 14.5986 13.0785 0
      vertex 12.4357 13.2859 0
    endloop
  endfacet
  facet normal 0 0 -1
    outer loop
      vertex 14.5986 13.0785 0
      vertex 12.5288 13.5103 0
      vertex 14.5688 13.3341 0
    endloop
  endfacet
  facet normal -0 0 -1
    outer loop
      vertex 10.7222 12.1712 0
      vertex 10.713 12.1608 0
      vertex 10.5872 12.3085 0
    endloop
  endfacet
  facet normal 0 0 -1
    outer loop
      vertex 10.5515 -13.0039 0
      vertex 8.21875 -12.9771 0
      vertex 8.21001 -12.8939 0
    endloop
  endfacet
  facet normal 0 0 -1
    outer loop
      vertex 10.5515 -13.0039 0
      vertex 8.21001 -12.8939 0
      vertex 8.20088 -12.7536 0
    endloop
  endfacet
  facet normal 0 0 -1
    outer loop
      vertex 8.19368 -12.6749 0
      vertex 10.59 -12.7853 0
      vertex 8.20088 -12.7536 0
    endloop
  endfacet
  facet normal 0 0 -1
    outer loop
      vertex 10.59 -12.7853 0
      vertex 8.19368 -12.6749 0
      vertex 10.5872 -12.3085 0
    endloop
  endfacet
  facet normal -0 0 -1
    outer loop
      vertex 10.5872 -12.3085 0
      vertex 8.19368 -12.6749 0
      vertex 8.24744 -12.193 0
    endloop
  endfacet
  facet normal 0 0 -1
    outer loop
      vertex 8.20088 12.7536 0
      vertex 10.59 12.7853 0
      vertex 10.5872 12.3085 0
    endloop
  endfacet
  facet normal 0 0 -1
    outer loop
      vertex 10.1865 14.1589 0
      vertex 8.50607 14.2301 0
      vertex 10.0503 14.4672 0
    endloop
  endfacet
  facet normal 0 0 -1
    outer loop
      vertex 10.3457 13.742 0
      vertex 8.37386 13.7794 0
      vertex 10.2438 14.0137 0
    endloop
  endfacet
  facet normal 0 -0 -1
    outer loop
      vertex 8.37386 13.7794 0
      vertex 10.3457 13.742 0
      vertex 8.33987 13.6427 0
    endloop
  endfacet
  facet normal 0 -0 -1
    outer loop
      vertex 8.33987 13.6427 0
      vertex 10.3457 13.742 0
      vertex 8.28452 13.3905 0
    endloop
  endfacet
  facet normal 0 0 -1
    outer loop
      vertex 10.5872 12.3085 0
      vertex 8.19368 12.6749 0
      vertex 8.20088 12.7536 0
    endloop
  endfacet
  facet normal 0 0 -1
    outer loop
      vertex -5.23572 0 0
      vertex -1.75 0 0
      vertex -5.22847 -0.36911 0
    endloop
  endfacet
  facet normal 0 0 -1
    outer loop
      vertex -1.75 0 0
      vertex -5.22847 0.36911 0
      vertex -5.20804 0.715179 0
    endloop
  endfacet
  facet normal 0 0 -1
    outer loop
      vertex -1.75 0 0
      vertex -5.23572 0 0
      vertex -5.22847 0.36911 0
    endloop
  endfacet
  facet normal 0 0 -1
    outer loop
      vertex -5.20804 -0.715179 0
      vertex -1.5987 -0.711788 0
      vertex -4.78563 -2.88365 0
    endloop
  endfacet
  facet normal -0 0 -1
    outer loop
      vertex -1.5987 -0.711788 0
      vertex -5.20804 -0.715179 0
      vertex -1.66435 -0.540779 0
    endloop
  endfacet
  facet normal 0 -0 -1
    outer loop
      vertex -4.30571 4.12083 0
      vertex -1.75 0 0
      vertex -4.47491 3.73714 0
    endloop
  endfacet
  facet normal 0 0 -1
    outer loop
      vertex -1.75 0 0
      vertex -4.30571 4.12083 0
      vertex -4.26245 4.20912 0
    endloop
  endfacet
  facet normal -0 0 -1
    outer loop
      vertex -1.66435 -0.540779 0
      vertex -5.20804 -0.715179 0
      vertex -1.71176 -0.363845 0
    endloop
  endfacet
  facet normal 0 0 -1
    outer loop
      vertex -1.75 0 0
      vertex -4.62514 3.35583 0
      vertex -4.47491 3.73714 0
    endloop
  endfacet
  facet normal -0 0 -1
    outer loop
      vertex -1.71176 -0.363845 0
      vertex -5.20804 -0.715179 0
      vertex -1.74041 -0.182924 0
    endloop
  endfacet
  facet normal 0 0 -1
    outer loop
      vertex -5.22847 -0.36911 0
      vertex -1.74041 -0.182924 0
      vertex -5.20804 -0.715179 0
    endloop
  endfacet
  facet normal 0 -0 -1
    outer loop
      vertex -4.75726 2.97679 0
      vertex -1.75 0 0
      vertex -4.78563 2.88365 0
    endloop
  endfacet
  facet normal 0 0 -1
    outer loop
      vertex -1.75 0 0
      vertex -4.75726 2.97679 0
      vertex -4.62514 3.35583 0
    endloop
  endfacet
  facet normal 0 0 -1
    outer loop
      vertex -4.95731 -2.79373 0
      vertex -4.78563 -2.88365 0
      vertex -4.78772 -2.88492 0
    endloop
  endfacet
  facet normal -0 0 -1
    outer loop
      vertex -1.74041 -0.182924 0
      vertex -5.22847 -0.36911 0
      vertex -1.75 0 0
    endloop
  endfacet
  facet normal 0 0 -1
    outer loop
      vertex -4.78563 -2.88365 0
      vertex -4.95731 -2.79373 0
      vertex -5.20804 -0.715179 0
    endloop
  endfacet
  facet normal 0 0 -1
    outer loop
      vertex -1.75 0 0
      vertex -5.20804 0.715179 0
      vertex -4.78563 2.88365 0
    endloop
  endfacet
  facet normal 0 -0 -1
    outer loop
      vertex -4.95731 2.79373 0
      vertex -4.78563 2.88365 0
      vertex -5.20804 0.715179 0
    endloop
  endfacet
  facet normal 0 0 -1
    outer loop
      vertex -4.95731 -2.79373 0
      vertex -5.33273 -0.863281 0
      vertex -5.20804 -0.715179 0
    endloop
  endfacet
  facet normal 0 0 -1
    outer loop
      vertex -5.6122 -2.98965 0
      vertex -5.33273 -0.863281 0
      vertex -4.95731 -2.79373 0
    endloop
  endfacet
  facet normal 0 0 -1
    outer loop
      vertex -6.07632 -0.930511 0
      vertex -5.6122 -2.98965 0
      vertex -5.72887 -3.01784 0
    endloop
  endfacet
  facet normal 0 0 -1
    outer loop
      vertex -6.07632 -0.930511 0
      vertex -5.72887 -3.01784 0
      vertex -5.83354 -3.04025 0
    endloop
  endfacet
  facet normal 0 0 -1
    outer loop
      vertex -6.07632 -0.930511 0
      vertex -5.83354 -3.04025 0
      vertex -5.96106 -3.05785 0
    endloop
  endfacet
  facet normal 0 0 -1
    outer loop
      vertex -6.31769 -0.964951 0
      vertex -5.96106 -3.05785 0
      vertex -6.04378 -3.06496 0
    endloop
  endfacet
  facet normal 0 0 -1
    outer loop
      vertex -5.6122 -2.98965 0
      vertex -6.07632 -0.930511 0
      vertex -5.33273 -0.863281 0
    endloop
  endfacet
  facet normal 0 0 -1
    outer loop
      vertex -6.45126 -1.00146 0
      vertex -6.04378 -3.06496 0
      vertex -6.13972 -3.06982 0
    endloop
  endfacet
  facet normal 0 0 -1
    outer loop
      vertex -5.96106 -3.05785 0
      vertex -6.23907 -0.949539 0
      vertex -6.07632 -0.930511 0
    endloop
  endfacet
  facet normal 0 0 -1
    outer loop
      vertex -6.53828 -1.03047 0
      vertex -6.13972 -3.06982 0
      vertex -6.24921 -3.07167 0
    endloop
  endfacet
  facet normal 0 0 -1
    outer loop
      vertex -5.96106 -3.05785 0
      vertex -6.31769 -0.964951 0
      vertex -6.23907 -0.949539 0
    endloop
  endfacet
  facet normal 0 0 -1
    outer loop
      vertex -6.63834 -1.06812 0
      vertex -6.24921 -3.07167 0
      vertex -6.37254 -3.06938 0
    endloop
  endfacet
  facet normal 0 0 -1
    outer loop
      vertex -6.04378 -3.06496 0
      vertex -6.37766 -0.980011 0
      vertex -6.31769 -0.964951 0
    endloop
  endfacet
  facet normal 0 0 -1
    outer loop
      vertex -6.04378 -3.06496 0
      vertex -6.45126 -1.00146 0
      vertex -6.37766 -0.980011 0
    endloop
  endfacet
  facet normal 0 0 -1
    outer loop
      vertex -6.7509 -1.11545 0
      vertex -6.37254 -3.06938 0
      vertex -6.50992 -3.06186 0
    endloop
  endfacet
  facet normal 0 0 -1
    outer loop
      vertex -6.13972 -3.06982 0
      vertex -6.53828 -1.03047 0
      vertex -6.45126 -1.00146 0
    endloop
  endfacet
  facet normal 0 0 -1
    outer loop
      vertex -6.24921 -3.07167 0
      vertex -6.63834 -1.06812 0
      vertex -6.53828 -1.03047 0
    endloop
  endfacet
  facet normal 0 0 -1
    outer loop
      vertex -6.87535 -1.17343 0
      vertex -6.50992 -3.06186 0
      vertex -6.66151 -3.04778 0
    endloop
  endfacet
  facet normal 0 0 -1
    outer loop
      vertex -6.37254 -3.06938 0
      vertex -6.7509 -1.11545 0
      vertex -6.63834 -1.06812 0
    endloop
  endfacet
  facet normal 0 0 -1
    outer loop
      vertex -7.01096 -1.24298 0
      vertex -6.66151 -3.04778 0
      vertex -6.82721 -3.02621 0
    endloop
  endfacet
  facet normal 0 0 -1
    outer loop
      vertex -6.50992 -3.06186 0
      vertex -6.87535 -1.17343 0
      vertex -6.7509 -1.11545 0
    endloop
  endfacet
  facet normal 0 0 -1
    outer loop
      vertex -7.15685 -1.32492 0
      vertex -6.82721 -3.02621 0
      vertex -7.00688 -2.99603 0
    endloop
  endfacet
  facet normal 0 0 -1
    outer loop
      vertex -6.66151 -3.04778 0
      vertex -7.01096 -1.24298 0
      vertex -6.87535 -1.17343 0
    endloop
  endfacet
  facet normal 0 0 -1
    outer loop
      vertex -6.82721 -3.02621 0
      vertex -7.15685 -1.32492 0
      vertex -7.01096 -1.24298 0
    endloop
  endfacet
  facet normal 0 0 -1
    outer loop
      vertex -7.3121 -1.41997 0
      vertex -7.00688 -2.99603 0
      vertex -7.20021 -2.95604 0
    endloop
  endfacet
  facet normal 0 0 -1
    outer loop
      vertex -7.00688 -2.99603 0
      vertex -7.3121 -1.41997 0
      vertex -7.15685 -1.32492 0
    endloop
  endfacet
  facet normal 0 0 -1
    outer loop
      vertex -7.47572 -1.52873 0
      vertex -7.20021 -2.95604 0
      vertex -7.40681 -2.90509 0
    endloop
  endfacet
  facet normal 0 0 -1
    outer loop
      vertex -7.20021 -2.95604 0
      vertex -7.47572 -1.52873 0
      vertex -7.3121 -1.41997 0
    endloop
  endfacet
  facet normal 0 0 -1
    outer loop
      vertex -7.6467 -1.65149 0
      vertex -7.40681 -2.90509 0
      vertex -7.62613 -2.84209 0
    endloop
  endfacet
  facet normal 0 0 -1
    outer loop
      vertex -7.40681 -2.90509 0
      vertex -7.6467 -1.65149 0
      vertex -7.47572 -1.52873 0
    endloop
  endfacet
  facet normal 0 0 -1
    outer loop
      vertex -7.62613 -2.84209 0
      vertex -7.8239 -1.78879 0
      vertex -7.6467 -1.65149 0
    endloop
  endfacet
  facet normal 0 0 -1
    outer loop
      vertex -8.05649 -2.44989 0
      vertex -7.62613 -2.84209 0
      vertex -7.85747 -2.76598 0
    endloop
  endfacet
  facet normal 0 0 -1
    outer loop
      vertex -8.05649 -2.44989 0
      vertex -7.85747 -2.76598 0
      vertex -7.99852 -2.71352 0
    endloop
  endfacet
  facet normal 0 0 -1
    outer loop
      vertex -7.62613 -2.84209 0
      vertex -8.05649 -2.44989 0
      vertex -7.8239 -1.78879 0
    endloop
  endfacet
  facet normal 0 0 -1
    outer loop
      vertex -7.8239 -1.78879 0
      vertex -8.05649 -2.44989 0
      vertex -8.00623 -1.94095 0
    endloop
  endfacet
  facet normal 0 0 -1
    outer loop
      vertex -8.00623 -1.94095 0
      vertex -8.05649 -2.44989 0
      vertex -8.12796 -2.0502 0
    endloop
  endfacet
  facet normal -0 0 -1
    outer loop
      vertex -1.3005 -1.17098 0
      vertex -4.75726 -2.97679 0
      vertex -1.41578 -1.02862 0
    endloop
  endfacet
  facet normal 0 0 -1
    outer loop
      vertex -1.75 0 0
      vertex -2.48822 6.87411 0
      vertex -2.15259 7.23868 0
    endloop
  endfacet
  facet normal 0 0 -1
    outer loop
      vertex -4.78563 -2.88365 0
      vertex -1.41578 -1.02862 0
      vertex -4.75726 -2.97679 0
    endloop
  endfacet
  facet normal 0 0 -1
    outer loop
      vertex -1.75 0 0
      vertex -2.82602 6.47466 0
      vertex -2.48822 6.87411 0
    endloop
  endfacet
  facet normal -0 0 -1
    outer loop
      vertex -1.41578 -1.02862 0
      vertex -4.78563 -2.88365 0
      vertex -1.51554 -0.874999 0
    endloop
  endfacet
  facet normal 0 0 -1
    outer loop
      vertex -1.75 0 0
      vertex -3.06375 6.16844 0
      vertex -2.82602 6.47466 0
    endloop
  endfacet
  facet normal 0 0 -1
    outer loop
      vertex -3.25551 -6.14272 0
      vertex -3.06375 -6.16844 0
      vertex -3.06506 -6.17107 0
    endloop
  endfacet
  facet normal -0 0 -1
    outer loop
      vertex -1.51554 -0.874999 0
      vertex -4.78563 -2.88365 0
      vertex -1.5987 -0.711788 0
    endloop
  endfacet
  facet normal 0 0 -1
    outer loop
      vertex -3.06375 -6.16844 0
      vertex -3.25551 -6.14272 0
      vertex -4.26245 -4.20912 0
    endloop
  endfacet
  facet normal 0 0 -1
    outer loop
      vertex -1.75 0 0
      vertex -4.26245 4.20912 0
      vertex -3.06375 6.16844 0
    endloop
  endfacet
  facet normal 0 0 -1
    outer loop
      vertex -4.32628 -4.39317 0
      vertex -3.25551 -6.14272 0
      vertex -3.7374 -6.49751 0
    endloop
  endfacet
  facet normal 0 -0 -1
    outer loop
      vertex -3.25551 6.14272 0
      vertex -3.06375 6.16844 0
      vertex -4.26245 4.20912 0
    endloop
  endfacet
  facet normal 0 0 -1
    outer loop
      vertex -4.9836 -4.71564 0
      vertex -3.7374 -6.49751 0
      vertex -3.86226 -6.571 0
    endloop
  endfacet
  facet normal -0 0 -1
    outer loop
      vertex -3.06375 6.16844 0
      vertex -3.25551 6.14272 0
      vertex -3.06506 6.17107 0
    endloop
  endfacet
  facet normal 0 0 -1
    outer loop
      vertex -4.9836 -4.71564 0
      vertex -3.86226 -6.571 0
      vertex -3.96487 -6.62804 0
    endloop
  endfacet
  facet normal 0 0 -1
    outer loop
      vertex -4.32628 4.39317 0
      vertex -3.25551 6.14272 0
      vertex -4.26245 4.20912 0
    endloop
  endfacet
  facet normal 0 0 -1
    outer loop
      vertex -4.9836 -4.71564 0
      vertex -3.96487 -6.62804 0
      vertex -4.10532 -6.6954 0
    endloop
  endfacet
  facet normal -0 0 -1
    outer loop
      vertex -3.25551 6.14272 0
      vertex -4.32628 4.39317 0
      vertex -3.7374 6.49751 0
    endloop
  endfacet
  facet normal 0 0 -1
    outer loop
      vertex -5.12634 -4.79335 0
      vertex -4.10532 -6.6954 0
      vertex -4.19069 -6.73253 0
    endloop
  endfacet
  facet normal 0 0 -1
    outer loop
      vertex -4.9836 4.71564 0
      vertex -3.7374 6.49751 0
      vertex -4.32628 4.39317 0
    endloop
  endfacet
  facet normal -0 0 -1
    outer loop
      vertex -3.7374 6.49751 0
      vertex -4.9836 4.71564 0
      vertex -3.90904 6.59814 0
    endloop
  endfacet
  facet normal 0 0 -1
    outer loop
      vertex -3.25551 -6.14272 0
      vertex -4.32628 -4.39317 0
      vertex -4.26245 -4.20912 0
    endloop
  endfacet
  facet normal 0 0 -1
    outer loop
      vertex -5.31099 -4.92557 0
      vertex -4.19069 -6.73253 0
      vertex -4.28749 -6.77052 0
    endloop
  endfacet
  facet normal 0 0 -1
    outer loop
      vertex -4.26245 -4.20912 0
      vertex -4.32628 -4.39317 0
      vertex -4.26427 -4.21091 0
    endloop
  endfacet
  facet normal 0 0 -1
    outer loop
      vertex -5.38376 -4.98663 0
      vertex -4.28749 -6.77052 0
      vertex -4.39537 -6.81015 0
    endloop
  endfacet
  facet normal 0 0 -1
    outer loop
      vertex -5.46519 -5.0602 0
      vertex -4.39537 -6.81015 0
      vertex -4.5159 -6.84941 0
    endloop
  endfacet
  facet normal 0 0 -1
    outer loop
      vertex -5.55423 -5.1467 0
      vertex -4.5159 -6.84941 0
      vertex -4.64873 -6.88896 0
    endloop
  endfacet
  facet normal 0 0 -1
    outer loop
      vertex -5.65001 -5.24608 0
      vertex -4.64873 -6.88896 0
      vertex -4.7952 -6.92694 0
    endloop
  endfacet
  facet normal 0 0 -1
    outer loop
      vertex -5.75145 -5.35858 0
      vertex -4.7952 -6.92694 0
      vertex -4.95499 -6.96375 0
    endloop
  endfacet
  facet normal 0 0 -1
    outer loop
      vertex -3.7374 -6.49751 0
      vertex -4.9836 -4.71564 0
      vertex -4.32628 -4.39317 0
    endloop
  endfacet
  facet normal 0 0 -1
    outer loop
      vertex -4.10532 -6.6954 0
      vertex -5.12634 -4.79335 0
      vertex -4.9836 -4.71564 0
    endloop
  endfacet
  facet normal 0 0 -1
    outer loop
      vertex -5.8573 -5.48482 0
      vertex -4.95499 -6.96375 0
      vertex -5.12956 -6.99713 0
    endloop
  endfacet
  facet normal 0 0 -1
    outer loop
      vertex -4.19069 -6.73253 0
      vertex -5.19559 -4.83835 0
      vertex -5.12634 -4.79335 0
    endloop
  endfacet
  facet normal 0 0 -1
    outer loop
      vertex -4.19069 -6.73253 0
      vertex -5.24791 -4.8764 0
      vertex -5.19559 -4.83835 0
    endloop
  endfacet
  facet normal 0 0 -1
    outer loop
      vertex -4.19069 -6.73253 0
      vertex -5.31099 -4.92557 0
      vertex -5.24791 -4.8764 0
    endloop
  endfacet
  facet normal 0 0 -1
    outer loop
      vertex -5.96698 -5.62399 0
      vertex -5.12956 -6.99713 0
      vertex -5.31854 -7.02733 0
    endloop
  endfacet
  facet normal 0 0 -1
    outer loop
      vertex -4.28749 -6.77052 0
      vertex -5.38376 -4.98663 0
      vertex -5.31099 -4.92557 0
    endloop
  endfacet
  facet normal 0 0 -1
    outer loop
      vertex -4.39537 -6.81015 0
      vertex -5.46519 -5.0602 0
      vertex -5.38376 -4.98663 0
    endloop
  endfacet
  facet normal 0 0 -1
    outer loop
      vertex -6.07921 -5.7766 0
      vertex -5.31854 -7.02733 0
      vertex -5.52254 -7.05302 0
    endloop
  endfacet
  facet normal 0 0 -1
    outer loop
      vertex -4.5159 -6.84941 0
      vertex -5.55423 -5.1467 0
      vertex -5.46519 -5.0602 0
    endloop
  endfacet
  facet normal 0 0 -1
    outer loop
      vertex -4.64873 -6.88896 0
      vertex -5.65001 -5.24608 0
      vertex -5.55423 -5.1467 0
    endloop
  endfacet
  facet normal 0 0 -1
    outer loop
      vertex -6.19316 -5.94241 0
      vertex -5.52254 -7.05302 0
      vertex -5.74219 -7.07265 0
    endloop
  endfacet
  facet normal 0 0 -1
    outer loop
      vertex -4.7952 -6.92694 0
      vertex -5.75145 -5.35858 0
      vertex -5.65001 -5.24608 0
    endloop
  endfacet
  facet normal 0 0 -1
    outer loop
      vertex -4.95499 -6.96375 0
      vertex -5.8573 -5.48482 0
      vertex -5.75145 -5.35858 0
    endloop
  endfacet
  facet normal 0 0 -1
    outer loop
      vertex -5.12956 -6.99713 0
      vertex -5.96698 -5.62399 0
      vertex -5.8573 -5.48482 0
    endloop
  endfacet
  facet normal 0 0 -1
    outer loop
      vertex -6.27368 -6.90622 0
      vertex -5.74219 -7.07265 0
      vertex -5.97729 -7.08568 0
    endloop
  endfacet
  facet normal 0 0 -1
    outer loop
      vertex -5.31854 -7.02733 0
      vertex -6.07921 -5.7766 0
      vertex -5.96698 -5.62399 0
    endloop
  endfacet
  facet normal 0 0 -1
    outer loop
      vertex -6.27368 -6.90622 0
      vertex -5.97729 -7.08568 0
      vertex -6.15437 -7.08931 0
    endloop
  endfacet
  facet normal 0 0 -1
    outer loop
      vertex -5.52254 -7.05302 0
      vertex -6.19316 -5.94241 0
      vertex -6.07921 -5.7766 0
    endloop
  endfacet
  facet normal 0 0 -1
    outer loop
      vertex -5.74219 -7.07265 0
      vertex -6.27368 -6.90622 0
      vertex -6.30806 -6.121 0
    endloop
  endfacet
  facet normal 0 0 -1
    outer loop
      vertex -5.74219 -7.07265 0
      vertex -6.30806 -6.121 0
      vertex -6.19316 -5.94241 0
    endloop
  endfacet
  facet normal 0 0 -1
    outer loop
      vertex -6.27368 -6.90622 0
      vertex -6.42297 -6.31238 0
      vertex -6.30806 -6.121 0
    endloop
  endfacet
  facet normal 0 -0 -1
    outer loop
      vertex -6.42297 -6.31238 0
      vertex -6.27368 -6.90622 0
      vertex -6.5218 -6.48911 0
    endloop
  endfacet
  facet normal 0 0 -1
    outer loop
      vertex -2.95164 8.33844 0
      vertex -1.36037 9.73024 0
      vertex -2.89925 8.24998 0
    endloop
  endfacet
  facet normal -0 0 -1
    outer loop
      vertex -1.36037 9.73024 0
      vertex -2.95164 8.33844 0
      vertex -1.45766 9.80049 0
    endloop
  endfacet
  facet normal 0 0 -1
    outer loop
      vertex -3.00787 8.43904 0
      vertex -1.45766 9.80049 0
      vertex -2.95164 8.33844 0
    endloop
  endfacet
  facet normal -0 0 -1
    outer loop
      vertex -1.45766 9.80049 0
      vertex -3.00787 8.43904 0
      vertex -1.56512 9.87338 0
    endloop
  endfacet
  facet normal 0 0 -1
    outer loop
      vertex -3.06662 8.55214 0
      vertex -1.56512 9.87338 0
      vertex -3.00787 8.43904 0
    endloop
  endfacet
  facet normal -0 0 -1
    outer loop
      vertex -1.56512 9.87338 0
      vertex -3.06662 8.55214 0
      vertex -1.68274 9.94904 0
    endloop
  endfacet
  facet normal 0 0 -1
    outer loop
      vertex -3.12662 8.67795 0
      vertex -1.68274 9.94904 0
      vertex -3.06662 8.55214 0
    endloop
  endfacet
  facet normal -0 0 -1
    outer loop
      vertex -1.68274 9.94904 0
      vertex -3.12662 8.67795 0
      vertex -1.81099 10.0271 0
    endloop
  endfacet
  facet normal 0 0 -1
    outer loop
      vertex -3.18858 8.81477 0
      vertex -1.81099 10.0271 0
      vertex -3.12662 8.67795 0
    endloop
  endfacet
  facet normal -0 0 -1
    outer loop
      vertex -1.81099 10.0271 0
      vertex -3.18858 8.81477 0
      vertex -1.95032 10.1074 0
    endloop
  endfacet
  facet normal 0 0 -1
    outer loop
      vertex -3.25052 8.96365 0
      vertex -1.95032 10.1074 0
      vertex -3.18858 8.81477 0
    endloop
  endfacet
  facet normal -0 0 -1
    outer loop
      vertex -1.95032 10.1074 0
      vertex -3.25052 8.96365 0
      vertex -2.10126 10.1893 0
    endloop
  endfacet
  facet normal 0 0 -1
    outer loop
      vertex -3.3118 9.12425 0
      vertex -2.10126 10.1893 0
      vertex -3.25052 8.96365 0
    endloop
  endfacet
  facet normal -0 0 -1
    outer loop
      vertex -2.10126 10.1893 0
      vertex -3.3118 9.12425 0
      vertex -2.26576 10.2715 0
    endloop
  endfacet
  facet normal 0 0 -1
    outer loop
      vertex -3.37196 9.2961 0
      vertex -2.26576 10.2715 0
      vertex -3.3118 9.12425 0
    endloop
  endfacet
  facet normal -0 0 -1
    outer loop
      vertex -2.26576 10.2715 0
      vertex -3.37196 9.2961 0
      vertex -2.4429 10.3545 0
    endloop
  endfacet
  facet normal 0 0 -1
    outer loop
      vertex -3.43137 9.47798 0
      vertex -2.4429 10.3545 0
      vertex -3.37196 9.2961 0
    endloop
  endfacet
  facet normal -0 0 -1
    outer loop
      vertex -2.4429 10.3545 0
      vertex -3.43137 9.47798 0
      vertex -2.63316 10.4378 0
    endloop
  endfacet
  facet normal 0 0 -1
    outer loop
      vertex -3.48853 9.67053 0
      vertex -2.63316 10.4378 0
      vertex -3.43137 9.47798 0
    endloop
  endfacet
  facet normal 0 -0 -1
    outer loop
      vertex -3.29924 10.3793 0
      vertex -2.63316 10.4378 0
      vertex -3.48853 9.67053 0
    endloop
  endfacet
  facet normal -0 0 -1
    outer loop
      vertex -2.83868 10.5195 0
      vertex -3.29924 10.3793 0
      vertex -3.0426 10.5943 0
    endloop
  endfacet
  facet normal -0 0 -1
    outer loop
      vertex -2.63316 10.4378 0
      vertex -3.29924 10.3793 0
      vertex -2.83868 10.5195 0
    endloop
  endfacet
  facet normal 0 0 -1
    outer loop
      vertex -3.543 9.87335 0
      vertex -3.29924 10.3793 0
      vertex -3.48853 9.67053 0
    endloop
  endfacet
  facet normal 0 0 -1
    outer loop
      vertex -3.29924 10.3793 0
      vertex -3.543 9.87335 0
      vertex -3.59853 10.1054 0
    endloop
  endfacet
  facet normal -0 0 -1
    outer loop
      vertex -3.90904 6.59814 0
      vertex -4.9836 4.71564 0
      vertex -3.96487 6.62804 0
    endloop
  endfacet
  facet normal 0 0 -1
    outer loop
      vertex -4.32628 4.39317 0
      vertex -4.26245 4.20912 0
      vertex -4.26427 4.21091 0
    endloop
  endfacet
  facet normal -0 0 -1
    outer loop
      vertex -3.96487 6.62804 0
      vertex -4.9836 4.71564 0
      vertex -4.10532 6.6954 0
    endloop
  endfacet
  facet normal 0 0 -1
    outer loop
      vertex -5.10938 4.78375 0
      vertex -4.10532 6.6954 0
      vertex -4.9836 4.71564 0
    endloop
  endfacet
  facet normal -0 0 -1
    outer loop
      vertex -4.10532 6.6954 0
      vertex -5.10938 4.78375 0
      vertex -4.19069 6.73253 0
    endloop
  endfacet
  facet normal 0 0 -1
    outer loop
      vertex -5.19559 4.83835 0
      vertex -4.19069 6.73253 0
      vertex -5.10938 4.78375 0
    endloop
  endfacet
  facet normal 0 0 -1
    outer loop
      vertex -5.24791 4.8764 0
      vertex -4.19069 6.73253 0
      vertex -5.19559 4.83835 0
    endloop
  endfacet
  facet normal 0 0 -1
    outer loop
      vertex -5.31099 4.92557 0
      vertex -4.19069 6.73253 0
      vertex -5.24791 4.8764 0
    endloop
  endfacet
  facet normal -0 0 -1
    outer loop
      vertex -4.19069 6.73253 0
      vertex -5.31099 4.92557 0
      vertex -4.28749 6.77052 0
    endloop
  endfacet
  facet normal 0 0 -1
    outer loop
      vertex -5.38376 4.98663 0
      vertex -4.28749 6.77052 0
      vertex -5.31099 4.92557 0
    endloop
  endfacet
  facet normal -0 0 -1
    outer loop
      vertex -4.28749 6.77052 0
      vertex -5.38376 4.98663 0
      vertex -4.39537 6.81015 0
    endloop
  endfacet
  facet normal 0 0 -1
    outer loop
      vertex -5.46519 5.0602 0
      vertex -4.39537 6.81015 0
      vertex -5.38376 4.98663 0
    endloop
  endfacet
  facet normal -0 0 -1
    outer loop
      vertex -4.39537 6.81015 0
      vertex -5.46519 5.0602 0
      vertex -4.5159 6.84941 0
    endloop
  endfacet
  facet normal 0 0 -1
    outer loop
      vertex -5.55423 5.1467 0
      vertex -4.5159 6.84941 0
      vertex -5.46519 5.0602 0
    endloop
  endfacet
  facet normal -0 0 -1
    outer loop
      vertex -4.5159 6.84941 0
      vertex -5.55423 5.1467 0
      vertex -4.64873 6.88896 0
    endloop
  endfacet
  facet normal 0 0 -1
    outer loop
      vertex -5.65001 5.24608 0
      vertex -4.64873 6.88896 0
      vertex -5.55423 5.1467 0
    endloop
  endfacet
  facet normal -0 0 -1
    outer loop
      vertex -4.64873 6.88896 0
      vertex -5.65001 5.24608 0
      vertex -4.7952 6.92694 0
    endloop
  endfacet
  facet normal 0 0 -1
    outer loop
      vertex -5.75145 5.35858 0
      vertex -4.7952 6.92694 0
      vertex -5.65001 5.24608 0
    endloop
  endfacet
  facet normal -0 0 -1
    outer loop
      vertex -4.7952 6.92694 0
      vertex -5.75145 5.35858 0
      vertex -4.95499 6.96375 0
    endloop
  endfacet
  facet normal 0 0 -1
    outer loop
      vertex -5.8573 5.48482 0
      vertex -4.95499 6.96375 0
      vertex -5.75145 5.35858 0
    endloop
  endfacet
  facet normal -0 0 -1
    outer loop
      vertex -4.95499 6.96375 0
      vertex -5.8573 5.48482 0
      vertex -5.12956 6.99713 0
    endloop
  endfacet
  facet normal 0 0 -1
    outer loop
      vertex -5.96698 5.62399 0
      vertex -5.12956 6.99713 0
      vertex -5.8573 5.48482 0
    endloop
  endfacet
  facet normal -0 0 -1
    outer loop
      vertex -5.12956 6.99713 0
      vertex -5.96698 5.62399 0
      vertex -5.31854 7.02733 0
    endloop
  endfacet
  facet normal 0 0 -1
    outer loop
      vertex -6.07921 5.7766 0
      vertex -5.31854 7.02733 0
      vertex -5.96698 5.62399 0
    endloop
  endfacet
  facet normal -0 0 -1
    outer loop
      vertex -5.31854 7.02733 0
      vertex -6.07921 5.7766 0
      vertex -5.52254 7.05302 0
    endloop
  endfacet
  facet normal 0 0 -1
    outer loop
      vertex -6.19316 5.94241 0
      vertex -5.52254 7.05302 0
      vertex -6.07921 5.7766 0
    endloop
  endfacet
  facet normal -0 0 -1
    outer loop
      vertex -5.52254 7.05302 0
      vertex -6.19316 5.94241 0
      vertex -5.74219 7.07265 0
    endloop
  endfacet
  facet normal 0 0 -1
    outer loop
      vertex -6.30806 6.121 0
      vertex -5.74219 7.07265 0
      vertex -6.19316 5.94241 0
    endloop
  endfacet
  facet normal 0 -0 -1
    outer loop
      vertex -6.27368 6.90622 0
      vertex -5.74219 7.07265 0
      vertex -6.30806 6.121 0
    endloop
  endfacet
  facet normal -0 0 -1
    outer loop
      vertex -5.97729 7.08568 0
      vertex -6.27368 6.90622 0
      vertex -6.15437 7.08931 0
    endloop
  endfacet
  facet normal -0 0 -1
    outer loop
      vertex -5.74219 7.07265 0
      vertex -6.27368 6.90622 0
      vertex -5.97729 7.08568 0
    endloop
  endfacet
  facet normal 0 0 -1
    outer loop
      vertex -6.42297 6.31238 0
      vertex -6.27368 6.90622 0
      vertex -6.30806 6.121 0
    endloop
  endfacet
  facet normal 0 0 -1
    outer loop
      vertex -6.27368 6.90622 0
      vertex -6.42297 6.31238 0
      vertex -6.5218 6.48911 0
    endloop
  endfacet
  facet normal -0 0 -1
    outer loop
      vertex -4.78563 2.88365 0
      vertex -4.95731 2.79373 0
      vertex -4.78772 2.88492 0
    endloop
  endfacet
  facet normal 0 0 -1
    outer loop
      vertex -5.33273 0.863281 0
      vertex -4.95731 2.79373 0
      vertex -5.20804 0.715179 0
    endloop
  endfacet
  facet normal 0 0 -1
    outer loop
      vertex -5.33273 0.863281 0
      vertex -5.6122 2.98965 0
      vertex -4.95731 2.79373 0
    endloop
  endfacet
  facet normal 0 0 -1
    outer loop
      vertex -6.07632 0.930511 0
      vertex -5.6122 2.98965 0
      vertex -5.33273 0.863281 0
    endloop
  endfacet
  facet normal -0 0 -1
    outer loop
      vertex -5.6122 2.98965 0
      vertex -6.07632 0.930511 0
      vertex -5.78764 3.0316 0
    endloop
  endfacet
  facet normal -0 0 -1
    outer loop
      vertex -5.78764 3.0316 0
      vertex -6.07632 0.930511 0
      vertex -5.8912 3.04915 0
    endloop
  endfacet
  facet normal 0 0 -1
    outer loop
      vertex -6.21481 0.946487 0
      vertex -5.8912 3.04915 0
      vertex -6.07632 0.930511 0
    endloop
  endfacet
  facet normal -0 0 -1
    outer loop
      vertex -5.8912 3.04915 0
      vertex -6.21481 0.946487 0
      vertex -5.96106 3.05785 0
    endloop
  endfacet
  facet normal 0 0 -1
    outer loop
      vertex -6.31769 0.964951 0
      vertex -5.96106 3.05785 0
      vertex -6.21481 0.946487 0
    endloop
  endfacet
  facet normal -0 0 -1
    outer loop
      vertex -5.96106 3.05785 0
      vertex -6.31769 0.964951 0
      vertex -6.04378 3.06496 0
    endloop
  endfacet
  facet normal 0 0 -1
    outer loop
      vertex -6.37766 0.980011 0
      vertex -6.04378 3.06496 0
      vertex -6.31769 0.964951 0
    endloop
  endfacet
  facet normal 0 0 -1
    outer loop
      vertex -6.45126 1.00146 0
      vertex -6.04378 3.06496 0
      vertex -6.37766 0.980011 0
    endloop
  endfacet
  facet normal -0 0 -1
    outer loop
      vertex -6.04378 3.06496 0
      vertex -6.45126 1.00146 0
      vertex -6.13972 3.06982 0
    endloop
  endfacet
  facet normal 0 0 -1
    outer loop
      vertex -6.53828 1.03047 0
      vertex -6.13972 3.06982 0
      vertex -6.45126 1.00146 0
    endloop
  endfacet
  facet normal -0 0 -1
    outer loop
      vertex -6.13972 3.06982 0
      vertex -6.53828 1.03047 0
      vertex -6.24921 3.07167 0
    endloop
  endfacet
  facet normal 0 0 -1
    outer loop
      vertex -6.63834 1.06812 0
      vertex -6.24921 3.07167 0
      vertex -6.53828 1.03047 0
    endloop
  endfacet
  facet normal 0 0 -1
    outer loop
      vertex -6.24921 3.07167 0
      vertex -6.63834 1.06812 0
      vertex -6.37254 3.06938 0
    endloop
  endfacet
  facet normal 0 0 -1
    outer loop
      vertex -6.7509 1.11545 0
      vertex -6.37254 3.06938 0
      vertex -6.63834 1.06812 0
    endloop
  endfacet
  facet normal 0 0 -1
    outer loop
      vertex -6.37254 3.06938 0
      vertex -6.7509 1.11545 0
      vertex -6.50992 3.06186 0
    endloop
  endfacet
  facet normal 0 0 -1
    outer loop
      vertex -6.87535 1.17343 0
      vertex -6.50992 3.06186 0
      vertex -6.7509 1.11545 0
    endloop
  endfacet
  facet normal 0 0 -1
    outer loop
      vertex -6.50992 3.06186 0
      vertex -6.87535 1.17343 0
      vertex -6.66151 3.04778 0
    endloop
  endfacet
  facet normal 0 0 -1
    outer loop
      vertex -7.01096 1.24298 0
      vertex -6.66151 3.04778 0
      vertex -6.87535 1.17343 0
    endloop
  endfacet
  facet normal 0 0 -1
    outer loop
      vertex -6.66151 3.04778 0
      vertex -7.01096 1.24298 0
      vertex -6.82721 3.02621 0
    endloop
  endfacet
  facet normal 0 0 -1
    outer loop
      vertex -7.15685 1.32492 0
      vertex -6.82721 3.02621 0
      vertex -7.01096 1.24298 0
    endloop
  endfacet
  facet normal 0 0 -1
    outer loop
      vertex -6.82721 3.02621 0
      vertex -7.15685 1.32492 0
      vertex -7.00688 2.99603 0
    endloop
  endfacet
  facet normal 0 0 -1
    outer loop
      vertex -7.3121 1.41997 0
      vertex -7.00688 2.99603 0
      vertex -7.15685 1.32492 0
    endloop
  endfacet
  facet normal 0 0 -1
    outer loop
      vertex -7.00688 2.99603 0
      vertex -7.3121 1.41997 0
      vertex -7.20021 2.95604 0
    endloop
  endfacet
  facet normal 0 0 -1
    outer loop
      vertex -7.47572 1.52873 0
      vertex -7.20021 2.95604 0
      vertex -7.3121 1.41997 0
    endloop
  endfacet
  facet normal 0 0 -1
    outer loop
      vertex -7.20021 2.95604 0
      vertex -7.47572 1.52873 0
      vertex -7.40681 2.90509 0
    endloop
  endfacet
  facet normal 0 0 -1
    outer loop
      vertex -7.6467 1.65149 0
      vertex -7.40681 2.90509 0
      vertex -7.47572 1.52873 0
    endloop
  endfacet
  facet normal 0 0 -1
    outer loop
      vertex -7.40681 2.90509 0
      vertex -7.6467 1.65149 0
      vertex -7.62613 2.84209 0
    endloop
  endfacet
  facet normal 0 0 -1
    outer loop
      vertex -7.8239 1.78879 0
      vertex -7.62613 2.84209 0
      vertex -7.6467 1.65149 0
    endloop
  endfacet
  facet normal 0 0 -1
    outer loop
      vertex -8.05649 2.44989 0
      vertex -7.62613 2.84209 0
      vertex -7.8239 1.78879 0
    endloop
  endfacet
  facet normal 0 0 -1
    outer loop
      vertex -7.62613 2.84209 0
      vertex -8.05649 2.44989 0
      vertex -7.85747 2.76598 0
    endloop
  endfacet
  facet normal 0 0 -1
    outer loop
      vertex -8.05649 2.44989 0
      vertex -7.8239 1.78879 0
      vertex -8.00623 1.94095 0
    endloop
  endfacet
  facet normal 0 0 -1
    outer loop
      vertex -7.85747 2.76598 0
      vertex -8.05649 2.44989 0
      vertex -7.99852 2.71352 0
    endloop
  endfacet
  facet normal 0 -0 -1
    outer loop
      vertex -8.05649 2.44989 0
      vertex -8.00623 1.94095 0
      vertex -8.12796 2.0502 0
    endloop
  endfacet
  facet normal 0 0 -1
    outer loop
      vertex 0.55687 10.2778 0
      vertex 2.67058 11.2578 0
      vertex 0.85199 9.78526 0
    endloop
  endfacet
  facet normal 0 0 -1
    outer loop
      vertex -2.15259 7.23868 0
      vertex 1.01663 5.45369 0
      vertex 0.690704 5.15547 0
    endloop
  endfacet
  facet normal 0 0 -1
    outer loop
      vertex -2.15259 7.23868 0
      vertex 0.690704 5.15547 0
      vertex 0.394531 4.86011 0
    endloop
  endfacet
  facet normal 0 0 -1
    outer loop
      vertex 2.19815 6.35451 0
      vertex 0.269775 9.25824 0
      vertex 0.804443 9.59583 0
    endloop
  endfacet
  facet normal 0 0 -1
    outer loop
      vertex -2.15259 7.23868 0
      vertex 0.394531 4.86011 0
      vertex 0.136925 4.58032 0
    endloop
  endfacet
  facet normal 0 0 -1
    outer loop
      vertex -0.182924 1.74041 0
      vertex 0.136925 4.58032 0
      vertex 0 1.75 0
    endloop
  endfacet
  facet normal 0 0 -1
    outer loop
      vertex -0.363845 1.71176 0
      vertex 0.136925 4.58032 0
      vertex -0.182924 1.74041 0
    endloop
  endfacet
  facet normal 0 0 -1
    outer loop
      vertex 1.7677 6.05457 0
      vertex -0.28952 8.86847 0
      vertex 0.269775 9.25824 0
    endloop
  endfacet
  facet normal 0 0 -1
    outer loop
      vertex 1.7677 6.05457 0
      vertex -0.338852 8.8307 0
      vertex -0.28952 8.86847 0
    endloop
  endfacet
  facet normal 0 0 -1
    outer loop
      vertex -0.540779 1.66435 0
      vertex 0.136925 4.58032 0
      vertex -0.363845 1.71176 0
    endloop
  endfacet
  facet normal 0 0 -1
    outer loop
      vertex 1.01663 5.45369 0
      vertex -2.15259 7.23868 0
      vertex -0.338852 8.8307 0
    endloop
  endfacet
  facet normal 0 0 -1
    outer loop
      vertex -0.338852 8.8307 0
      vertex -0.529572 8.85997 0
      vertex -0.338943 8.83295 0
    endloop
  endfacet
  facet normal 0 0 -1
    outer loop
      vertex -0.711788 1.5987 0
      vertex 0.136925 4.58032 0
      vertex -0.540779 1.66435 0
    endloop
  endfacet
  facet normal 0 0 -1
    outer loop
      vertex -0.874999 1.51554 0
      vertex 0.136925 4.58032 0
      vertex -0.711788 1.5987 0
    endloop
  endfacet
  facet normal 0 0 -1
    outer loop
      vertex -1.02862 1.41578 0
      vertex 0.136925 4.58032 0
      vertex -0.874999 1.51554 0
    endloop
  endfacet
  facet normal 0 0 -1
    outer loop
      vertex -1.17098 1.3005 0
      vertex 0.136925 4.58032 0
      vertex -1.02862 1.41578 0
    endloop
  endfacet
  facet normal 0 0 -1
    outer loop
      vertex -2.15259 7.23868 0
      vertex -1.17098 1.3005 0
      vertex -1.3005 1.17098 0
    endloop
  endfacet
  facet normal -0 0 -1
    outer loop
      vertex -0.338852 8.8307 0
      vertex -2.15259 7.23868 0
      vertex -0.529572 8.85997 0
    endloop
  endfacet
  facet normal -0 0 -1
    outer loop
      vertex -1.19319 9.59972 0
      vertex -2.80803 8.11154 0
      vertex -1.27245 9.66318 0
    endloop
  endfacet
  facet normal 0 0 -1
    outer loop
      vertex -2.15572 7.43301 0
      vertex -0.529572 8.85997 0
      vertex -2.15259 7.23868 0
    endloop
  endfacet
  facet normal 0 0 -1
    outer loop
      vertex -2.62611 7.88887 0
      vertex -0.851089 9.28438 0
      vertex -2.15572 7.43301 0
    endloop
  endfacet
  facet normal -0 0 -1
    outer loop
      vertex -0.529572 8.85997 0
      vertex -2.15572 7.43301 0
      vertex -0.851089 9.28438 0
    endloop
  endfacet
  facet normal 0 0 -1
    outer loop
      vertex -1.17098 1.3005 0
      vertex -2.15259 7.23868 0
      vertex 0.136925 4.58032 0
    endloop
  endfacet
  facet normal -0 0 -1
    outer loop
      vertex -0.851089 9.28438 0
      vertex -2.62611 7.88887 0
      vertex -1.00308 9.43311 0
    endloop
  endfacet
  facet normal 0 0 -1
    outer loop
      vertex -2.15259 7.23868 0
      vertex -1.3005 1.17098 0
      vertex -1.41578 1.02862 0
    endloop
  endfacet
  facet normal -0 0 -1
    outer loop
      vertex -1.00308 9.43311 0
      vertex -2.62611 7.88887 0
      vertex -1.12216 9.54008 0
    endloop
  endfacet
  facet normal 0 0 -1
    outer loop
      vertex -2.15259 7.23868 0
      vertex -1.41578 1.02862 0
      vertex -1.51554 0.874999 0
    endloop
  endfacet
  facet normal 0 0 -1
    outer loop
      vertex -2.7419 8.02376 0
      vertex -1.12216 9.54008 0
      vertex -2.62611 7.88887 0
    endloop
  endfacet
  facet normal 0 0 -1
    outer loop
      vertex -2.15259 7.23868 0
      vertex -1.51554 0.874999 0
      vertex -1.5987 0.711788 0
    endloop
  endfacet
  facet normal 0 0 -1
    outer loop
      vertex -2.15259 7.23868 0
      vertex -1.5987 0.711788 0
      vertex -1.66435 0.540779 0
    endloop
  endfacet
  facet normal -0 0 -1
    outer loop
      vertex -1.12216 9.54008 0
      vertex -2.7419 8.02376 0
      vertex -1.19319 9.59972 0
    endloop
  endfacet
  facet normal 0 0 -1
    outer loop
      vertex -2.15259 7.23868 0
      vertex -1.66435 0.540779 0
      vertex -1.71176 0.363845 0
    endloop
  endfacet
  facet normal 0 0 -1
    outer loop
      vertex -2.15259 7.23868 0
      vertex -1.71176 0.363845 0
      vertex -1.74041 0.182924 0
    endloop
  endfacet
  facet normal 0 0 -1
    outer loop
      vertex -2.15259 7.23868 0
      vertex -1.74041 0.182924 0
      vertex -1.75 0 0
    endloop
  endfacet
  facet normal 0 0 -1
    outer loop
      vertex -2.80803 8.11154 0
      vertex -1.19319 9.59972 0
      vertex -2.7419 8.02376 0
    endloop
  endfacet
  facet normal -0 0 -1
    outer loop
      vertex -1.17098 -1.3005 0
      vertex -4.62514 -3.35583 0
      vertex -1.3005 -1.17098 0
    endloop
  endfacet
  facet normal 0 0 -1
    outer loop
      vertex -3.18858 -8.81477 0
      vertex -1.81099 -10.0271 0
      vertex -1.95032 -10.1074 0
    endloop
  endfacet
  facet normal 0 0 -1
    outer loop
      vertex -4.75726 -2.97679 0
      vertex -1.3005 -1.17098 0
      vertex -4.62514 -3.35583 0
    endloop
  endfacet
  facet normal 0 0 -1
    outer loop
      vertex -3.25052 -8.96365 0
      vertex -1.95032 -10.1074 0
      vertex -2.10126 -10.1893 0
    endloop
  endfacet
  facet normal 0 0 -1
    outer loop
      vertex -2.89925 8.24998 0
      vertex -1.27245 9.66318 0
      vertex -2.80803 8.11154 0
    endloop
  endfacet
  facet normal -0 0 -1
    outer loop
      vertex -1.27245 9.66318 0
      vertex -2.89925 8.24998 0
      vertex -1.36037 9.73024 0
    endloop
  endfacet
  facet normal 0 0 -1
    outer loop
      vertex -1.81099 -10.0271 0
      vertex -2.15572 -7.43301 0
      vertex -2.15259 -7.23868 0
    endloop
  endfacet
  facet normal 0 0 -1
    outer loop
      vertex -3.3118 -9.12425 0
      vertex -2.10126 -10.1893 0
      vertex -2.26576 -10.2715 0
    endloop
  endfacet
  facet normal 0 0 -1
    outer loop
      vertex -3.37196 -9.2961 0
      vertex -2.26576 -10.2715 0
      vertex -2.4429 -10.3545 0
    endloop
  endfacet
  facet normal 0 0 -1
    outer loop
      vertex -1.81099 -10.0271 0
      vertex -2.62611 -7.88887 0
      vertex -2.15572 -7.43301 0
    endloop
  endfacet
  facet normal 0 0 -1
    outer loop
      vertex -3.43137 -9.47798 0
      vertex -2.4429 -10.3545 0
      vertex -2.63316 -10.4378 0
    endloop
  endfacet
  facet normal 0 0 -1
    outer loop
      vertex -1.81099 -10.0271 0
      vertex -2.7419 -8.02376 0
      vertex -2.62611 -7.88887 0
    endloop
  endfacet
  facet normal 0 0 -1
    outer loop
      vertex -1.81099 -10.0271 0
      vertex -2.80803 -8.11154 0
      vertex -2.7419 -8.02376 0
    endloop
  endfacet
  facet normal 0 0 -1
    outer loop
      vertex -3.29924 -10.3793 0
      vertex -2.63316 -10.4378 0
      vertex -2.83868 -10.5195 0
    endloop
  endfacet
  facet normal 0 0 -1
    outer loop
      vertex -1.81099 -10.0271 0
      vertex -2.89925 -8.24998 0
      vertex -2.80803 -8.11154 0
    endloop
  endfacet
  facet normal 0 0 -1
    outer loop
      vertex -1.81099 -10.0271 0
      vertex -2.95164 -8.33844 0
      vertex -2.89925 -8.24998 0
    endloop
  endfacet
  facet normal 0 0 -1
    outer loop
      vertex -1.81099 -10.0271 0
      vertex -3.00787 -8.43904 0
      vertex -2.95164 -8.33844 0
    endloop
  endfacet
  facet normal 0 0 -1
    outer loop
      vertex -3.29924 -10.3793 0
      vertex -2.83868 -10.5195 0
      vertex -3.0426 -10.5943 0
    endloop
  endfacet
  facet normal 0 0 -1
    outer loop
      vertex -1.81099 -10.0271 0
      vertex -3.06662 -8.55214 0
      vertex -3.00787 -8.43904 0
    endloop
  endfacet
  facet normal 0 0 -1
    outer loop
      vertex -1.81099 -10.0271 0
      vertex -3.12662 -8.67795 0
      vertex -3.06662 -8.55214 0
    endloop
  endfacet
  facet normal 0 0 -1
    outer loop
      vertex -1.81099 -10.0271 0
      vertex -3.18858 -8.81477 0
      vertex -3.12662 -8.67795 0
    endloop
  endfacet
  facet normal 0 0 -1
    outer loop
      vertex -1.95032 -10.1074 0
      vertex -3.25052 -8.96365 0
      vertex -3.18858 -8.81477 0
    endloop
  endfacet
  facet normal 0 0 -1
    outer loop
      vertex -2.63316 -10.4378 0
      vertex -3.29924 -10.3793 0
      vertex -3.48853 -9.67053 0
    endloop
  endfacet
  facet normal 0 0 -1
    outer loop
      vertex -2.10126 -10.1893 0
      vertex -3.3118 -9.12425 0
      vertex -3.25052 -8.96365 0
    endloop
  endfacet
  facet normal 0 0 -1
    outer loop
      vertex -2.26576 -10.2715 0
      vertex -3.37196 -9.2961 0
      vertex -3.3118 -9.12425 0
    endloop
  endfacet
  facet normal 0 0 -1
    outer loop
      vertex -2.4429 -10.3545 0
      vertex -3.43137 -9.47798 0
      vertex -3.37196 -9.2961 0
    endloop
  endfacet
  facet normal 0 0 -1
    outer loop
      vertex -2.63316 -10.4378 0
      vertex -3.48853 -9.67053 0
      vertex -3.43137 -9.47798 0
    endloop
  endfacet
  facet normal 0 0 -1
    outer loop
      vertex -3.29924 -10.3793 0
      vertex -3.543 -9.87335 0
      vertex -3.48853 -9.67053 0
    endloop
  endfacet
  facet normal 0 -0 -1
    outer loop
      vertex -3.543 -9.87335 0
      vertex -3.29924 -10.3793 0
      vertex -3.59853 -10.1054 0
    endloop
  endfacet
  facet normal -0 0 -1
    outer loop
      vertex 3.04401 10.7335 0
      vertex 3.04346 10.7316 0
      vertex 2.86539 10.8054 0
    endloop
  endfacet
  facet normal 0 0 -1
    outer loop
      vertex 1.41578 1.02862 0
      vertex 3.71136 2.69646 0
      vertex 1.51554 0.874999 0
    endloop
  endfacet
  facet normal -0 0 -1
    outer loop
      vertex 3.71136 2.69646 0
      vertex 1.41578 1.02862 0
      vertex 3.40918 3.06964 0
    endloop
  endfacet
  facet normal 0 0 -1
    outer loop
      vertex 1.3005 1.17098 0
      vertex 3.40918 3.06964 0
      vertex 1.41578 1.02862 0
    endloop
  endfacet
  facet normal -0 0 -1
    outer loop
      vertex 3.40918 3.06964 0
      vertex 1.3005 1.17098 0
      vertex 3.06964 3.40918 0
    endloop
  endfacet
  facet normal 0 0 -1
    outer loop
      vertex 1.17098 1.3005 0
      vertex 3.06964 3.40918 0
      vertex 1.3005 1.17098 0
    endloop
  endfacet
  facet normal -0 0 -1
    outer loop
      vertex 3.06964 3.40918 0
      vertex 1.17098 1.3005 0
      vertex 2.69646 3.71136 0
    endloop
  endfacet
  facet normal 0 0 -1
    outer loop
      vertex 1.02862 1.41578 0
      vertex 2.69646 3.71136 0
      vertex 1.17098 1.3005 0
    endloop
  endfacet
  facet normal -0 0 -1
    outer loop
      vertex 2.69646 3.71136 0
      vertex 1.02862 1.41578 0
      vertex 2.29375 3.97289 0
    endloop
  endfacet
  facet normal 0 0 -1
    outer loop
      vertex 0.875 1.51554 0
      vertex 2.29375 3.97289 0
      vertex 1.02862 1.41578 0
    endloop
  endfacet
  facet normal -0 0 -1
    outer loop
      vertex 2.29375 3.97289 0
      vertex 0.875 1.51554 0
      vertex 1.8659 4.19089 0
    endloop
  endfacet
  facet normal 0 0 -1
    outer loop
      vertex 0.711788 1.5987 0
      vertex 1.8659 4.19089 0
      vertex 0.875 1.51554 0
    endloop
  endfacet
  facet normal -0 0 -1
    outer loop
      vertex 1.8659 4.19089 0
      vertex 0.711788 1.5987 0
      vertex 1.41761 4.36297 0
    endloop
  endfacet
  facet normal 0 0 -1
    outer loop
      vertex 0.540779 1.66435 0
      vertex 1.41761 4.36297 0
      vertex 0.711788 1.5987 0
    endloop
  endfacet
  facet normal -0 0 -1
    outer loop
      vertex 1.41761 4.36297 0
      vertex 0.540779 1.66435 0
      vertex 0.953794 4.48725 0
    endloop
  endfacet
  facet normal 0 0 -1
    outer loop
      vertex 0.363845 1.71176 0
      vertex 0.953794 4.48725 0
      vertex 0.540779 1.66435 0
    endloop
  endfacet
  facet normal -0 0 -1
    outer loop
      vertex 0.953794 4.48725 0
      vertex 0.363845 1.71176 0
      vertex 0.479524 4.56237 0
    endloop
  endfacet
  facet normal 0 0 -1
    outer loop
      vertex 0.182924 1.74041 0
      vertex 0.479524 4.56237 0
      vertex 0.363845 1.71176 0
    endloop
  endfacet
  facet normal 0 0 -1
    outer loop
      vertex 0.182924 1.74041 0
      vertex 0.136925 4.58032 0
      vertex 0.479524 4.56237 0
    endloop
  endfacet
  facet normal 0 -0 -1
    outer loop
      vertex 0.136925 4.58032 0
      vertex 0.182924 1.74041 0
      vertex 0 1.75 0
    endloop
  endfacet
  facet normal 0 0 -1
    outer loop
      vertex -0.28952 -8.86847 0
      vertex 1.7677 -6.05457 0
      vertex 0.269775 -9.25824 0
    endloop
  endfacet
  facet normal 0 0 -1
    outer loop
      vertex -0.338852 -8.8307 0
      vertex 1.7677 -6.05457 0
      vertex -0.28952 -8.86847 0
    endloop
  endfacet
  facet normal -0 0 -1
    outer loop
      vertex 1.7677 -6.05457 0
      vertex -0.338852 -8.8307 0
      vertex 1.37477 -5.75378 0
    endloop
  endfacet
  facet normal -0 0 -1
    outer loop
      vertex 1.37477 -5.75378 0
      vertex -0.338852 -8.8307 0
      vertex 1.01663 -5.45369 0
    endloop
  endfacet
  facet normal 0 0 -1
    outer loop
      vertex -2.15259 -7.23868 0
      vertex 1.01663 -5.45369 0
      vertex -0.338852 -8.8307 0
    endloop
  endfacet
  facet normal 0 0 -1
    outer loop
      vertex -2.15259 -7.23868 0
      vertex -0.338852 -8.8307 0
      vertex -0.529572 -8.85997 0
    endloop
  endfacet
  facet normal -0 0 -1
    outer loop
      vertex 1.01663 -5.45369 0
      vertex -2.15259 -7.23868 0
      vertex 0.690704 -5.15547 0
    endloop
  endfacet
  facet normal -0 0 -1
    outer loop
      vertex 0.690704 -5.15547 0
      vertex -2.15259 -7.23868 0
      vertex 0.394531 -4.86011 0
    endloop
  endfacet
  facet normal 0 0 -1
    outer loop
      vertex 0.136925 -4.58032 0
      vertex -0.182924 -1.74041 0
      vertex 0 -1.75 0
    endloop
  endfacet
  facet normal 0 0 -1
    outer loop
      vertex -0.529572 -8.85997 0
      vertex -0.338852 -8.8307 0
      vertex -0.338943 -8.83295 0
    endloop
  endfacet
  facet normal 0 0 -1
    outer loop
      vertex 0.136925 -4.58032 0
      vertex -0.363845 -1.71176 0
      vertex -0.182924 -1.74041 0
    endloop
  endfacet
  facet normal 0 0 -1
    outer loop
      vertex -0.851089 -9.28438 0
      vertex -2.15259 -7.23868 0
      vertex -0.529572 -8.85997 0
    endloop
  endfacet
  facet normal 0 0 -1
    outer loop
      vertex 0.136925 -4.58032 0
      vertex -0.540779 -1.66435 0
      vertex -0.363845 -1.71176 0
    endloop
  endfacet
  facet normal 0 0 -1
    outer loop
      vertex 0.136925 -4.58032 0
      vertex -0.711788 -1.5987 0
      vertex -0.540779 -1.66435 0
    endloop
  endfacet
  facet normal 0 0 -1
    outer loop
      vertex -2.15259 -7.23868 0
      vertex -0.851089 -9.28438 0
      vertex -1.00308 -9.43311 0
    endloop
  endfacet
  facet normal 0 0 -1
    outer loop
      vertex 0.136925 -4.58032 0
      vertex -0.875 -1.51554 0
      vertex -0.711788 -1.5987 0
    endloop
  endfacet
  facet normal 0 0 -1
    outer loop
      vertex -1.12216 -9.54008 0
      vertex -2.15259 -7.23868 0
      vertex -1.00308 -9.43311 0
    endloop
  endfacet
  facet normal 0 0 -1
    outer loop
      vertex -4.26245 -4.20912 0
      vertex 0.136925 -4.58032 0
      vertex -3.06375 -6.16844 0
    endloop
  endfacet
  facet normal 0 0 -1
    outer loop
      vertex -2.15259 -7.23868 0
      vertex -1.12216 -9.54008 0
      vertex -1.19319 -9.59972 0
    endloop
  endfacet
  facet normal 0 0 -1
    outer loop
      vertex -2.82602 -6.47466 0
      vertex 0.136925 -4.58032 0
      vertex -2.48822 -6.87411 0
    endloop
  endfacet
  facet normal 0 0 -1
    outer loop
      vertex -2.15259 -7.23868 0
      vertex -1.19319 -9.59972 0
      vertex -1.27245 -9.66318 0
    endloop
  endfacet
  facet normal 0 0 -1
    outer loop
      vertex -2.15259 -7.23868 0
      vertex -1.27245 -9.66318 0
      vertex -1.36037 -9.73024 0
    endloop
  endfacet
  facet normal 0 0 -1
    outer loop
      vertex -2.15259 -7.23868 0
      vertex -1.36037 -9.73024 0
      vertex -1.45766 -9.80049 0
    endloop
  endfacet
  facet normal 0 0 -1
    outer loop
      vertex -2.15259 -7.23868 0
      vertex -1.45766 -9.80049 0
      vertex -1.56512 -9.87338 0
    endloop
  endfacet
  facet normal 0 0 -1
    outer loop
      vertex -2.15259 -7.23868 0
      vertex -1.56512 -9.87338 0
      vertex -1.68274 -9.94904 0
    endloop
  endfacet
  facet normal 0 0 -1
    outer loop
      vertex -2.15259 -7.23868 0
      vertex -1.68274 -9.94904 0
      vertex -1.81099 -10.0271 0
    endloop
  endfacet
  facet normal -0 0 -1
    outer loop
      vertex 0.394531 -4.86011 0
      vertex -2.15259 -7.23868 0
      vertex 0.136925 -4.58032 0
    endloop
  endfacet
  facet normal 0 0 -1
    outer loop
      vertex -2.48822 -6.87411 0
      vertex 0.136925 -4.58032 0
      vertex -2.15259 -7.23868 0
    endloop
  endfacet
  facet normal 0 0 -1
    outer loop
      vertex -3.06375 -6.16844 0
      vertex 0.136925 -4.58032 0
      vertex -2.82602 -6.47466 0
    endloop
  endfacet
  facet normal 0 0 -1
    outer loop
      vertex 0.136925 -4.58032 0
      vertex -4.26245 -4.20912 0
      vertex -0.875 -1.51554 0
    endloop
  endfacet
  facet normal -0 0 -1
    outer loop
      vertex -0.875 -1.51554 0
      vertex -4.26245 -4.20912 0
      vertex -1.02862 -1.41578 0
    endloop
  endfacet
  facet normal 0 0 -1
    outer loop
      vertex -4.30571 -4.12083 0
      vertex -1.02862 -1.41578 0
      vertex -4.26245 -4.20912 0
    endloop
  endfacet
  facet normal 0 0 -1
    outer loop
      vertex -4.47491 -3.73714 0
      vertex -1.02862 -1.41578 0
      vertex -4.30571 -4.12083 0
    endloop
  endfacet
  facet normal -0 0 -1
    outer loop
      vertex -1.02862 -1.41578 0
      vertex -4.47491 -3.73714 0
      vertex -1.17098 -1.3005 0
    endloop
  endfacet
  facet normal 0 0 -1
    outer loop
      vertex -4.62514 -3.35583 0
      vertex -1.17098 -1.3005 0
      vertex -4.47491 -3.73714 0
    endloop
  endfacet
  facet normal 0 0 -1
    outer loop
      vertex 4.3385 -14.1525 0
      vertex 4.91513 -14.5672 0
      vertex 4.39713 -14.4236 0
    endloop
  endfacet
  facet normal 0 0 -1
    outer loop
      vertex 4.30212 -13.9591 0
      vertex 4.91513 -14.5672 0
      vertex 4.3385 -14.1525 0
    endloop
  endfacet
  facet normal 0 0 -1
    outer loop
      vertex 5.45992 -14.2599 0
      vertex 4.30212 -13.9591 0
      vertex 4.27206 -13.7729 0
    endloop
  endfacet
  facet normal 0 0 -1
    outer loop
      vertex 5.68781 -13.964 0
      vertex 4.27206 -13.7729 0
      vertex 4.22444 -13.4216 0
    endloop
  endfacet
  facet normal 0 0 -1
    outer loop
      vertex 5.79018 -13.8232 0
      vertex 4.22444 -13.4216 0
      vertex 4.20728 -13.2572 0
    endloop
  endfacet
  facet normal 0 0 -1
    outer loop
      vertex 5.88504 -13.6874 0
      vertex 4.20728 -13.2572 0
      vertex 4.19481 -13.1006 0
    endloop
  endfacet
  facet normal 0 0 -1
    outer loop
      vertex 5.97052 -13.5561 0
      vertex 4.19481 -13.1006 0
      vertex 4.18045 -12.8114 0
    endloop
  endfacet
  facet normal 0 0 -1
    outer loop
      vertex 6.12323 -13.3097 0
      vertex 4.18045 -12.8114 0
      vertex 4.17734 -12.6791 0
    endloop
  endfacet
  facet normal 0 0 -1
    outer loop
      vertex 6.19041 -13.1948 0
      vertex 4.17734 -12.6791 0
      vertex 4.1774 -12.5556 0
    endloop
  endfacet
  facet normal 0 0 -1
    outer loop
      vertex 6.55238 -12.4186 0
      vertex 4.23898 -11.8693 0
      vertex 4.39926 -11.3777 0
    endloop
  endfacet
  facet normal 0 0 -1
    outer loop
      vertex 6.47134 -12.6266 0
      vertex 4.20859 -12.0782 0
      vertex 4.23898 -11.8693 0
    endloop
  endfacet
  facet normal 0 0 -1
    outer loop
      vertex 6.35471 -12.8836 0
      vertex 4.19185 -12.2401 0
      vertex 4.20859 -12.0782 0
    endloop
  endfacet
  facet normal 0 0 -1
    outer loop
      vertex 6.35471 -12.8836 0
      vertex 4.18513 -12.3359 0
      vertex 4.19185 -12.2401 0
    endloop
  endfacet
  facet normal 0 0 -1
    outer loop
      vertex 6.35471 -12.8836 0
      vertex 4.18016 -12.4411 0
      vertex 4.18513 -12.3359 0
    endloop
  endfacet
  facet normal 0 0 -1
    outer loop
      vertex 6.19041 -13.1948 0
      vertex 4.1774 -12.5556 0
      vertex 4.18016 -12.4411 0
    endloop
  endfacet
  facet normal -0 0 -1
    outer loop
      vertex 6.80324 11.8444 0
      vertex 6.80078 11.8401 0
      vertex 6.6438 11.9524 0
    endloop
  endfacet
  facet normal -0 0 -1
    outer loop
      vertex 5.79018 13.8232 0
      vertex 4.22444 13.4216 0
      vertex 5.68781 13.964 0
    endloop
  endfacet
  facet normal 0 0 -1
    outer loop
      vertex 4.91513 14.5672 0
      vertex 4.3385 14.1525 0
      vertex 4.39713 14.4236 0
    endloop
  endfacet
  facet normal 0 0 -1
    outer loop
      vertex 4.91513 14.5672 0
      vertex 4.30212 13.9591 0
      vertex 4.3385 14.1525 0
    endloop
  endfacet
  facet normal 0 0 -1
    outer loop
      vertex 5.33334 14.4147 0
      vertex 4.91513 14.5672 0
      vertex 5.19704 14.5736 0
    endloop
  endfacet
  facet normal -0 0 -1
    outer loop
      vertex 6.19041 13.1948 0
      vertex 4.17734 12.6791 0
      vertex 6.12323 13.3097 0
    endloop
  endfacet
  facet normal -0 0 -1
    outer loop
      vertex 5.19704 14.5736 0
      vertex 4.91513 14.5672 0
      vertex 5.15497 14.6202 0
    endloop
  endfacet
  facet normal 0 -0 -1
    outer loop
      vertex 4.19481 13.1006 0
      vertex 5.97052 13.5561 0
      vertex 4.18045 12.8114 0
    endloop
  endfacet
  facet normal 0 -0 -1
    outer loop
      vertex 4.91513 14.5672 0
      vertex 5.33334 14.4147 0
      vertex 4.30212 13.9591 0
    endloop
  endfacet
  facet normal -0 0 -1
    outer loop
      vertex 5.45992 14.2599 0
      vertex 4.30212 13.9591 0
      vertex 5.33334 14.4147 0
    endloop
  endfacet
  facet normal 0 -0 -1
    outer loop
      vertex 4.20728 13.2572 0
      vertex 5.88504 13.6874 0
      vertex 4.19481 13.1006 0
    endloop
  endfacet
  facet normal 0 -0 -1
    outer loop
      vertex 4.22444 13.4216 0
      vertex 5.79018 13.8232 0
      vertex 4.20728 13.2572 0
    endloop
  endfacet
  facet normal 0 -0 -1
    outer loop
      vertex 4.30212 13.9591 0
      vertex 5.45992 14.2599 0
      vertex 4.27206 13.7729 0
    endloop
  endfacet
  facet normal 0 -0 -1
    outer loop
      vertex 4.27206 13.7729 0
      vertex 5.68781 13.964 0
      vertex 4.22444 13.4216 0
    endloop
  endfacet
  facet normal -0 0 -1
    outer loop
      vertex 5.68781 13.964 0
      vertex 4.27206 13.7729 0
      vertex 5.5779 14.1096 0
    endloop
  endfacet
  facet normal -0 0 -1
    outer loop
      vertex 5.5779 14.1096 0
      vertex 4.27206 13.7729 0
      vertex 5.45992 14.2599 0
    endloop
  endfacet
  facet normal 0 0 -1
    outer loop
      vertex 4.01369 2.21369 0
      vertex 5.70511 -0.845154 0
      vertex 4.28127 -1.63045 0
    endloop
  endfacet
  facet normal 0 0 -1
    outer loop
      vertex 1.66435 -0.540779 0
      vertex 4.28127 -1.63045 0
      vertex 4.28127 -1.63046 0
    endloop
  endfacet
  facet normal 0 0 -1
    outer loop
      vertex 3.82832 -3.06963 0
      vertex 4.28127 -1.63046 0
      vertex 4.16786 -3.40916 0
    endloop
  endfacet
  facet normal 0 0 -1
    outer loop
      vertex 3.61875 -2.81084 0
      vertex 4.28127 -1.63046 0
      vertex 3.82832 -3.06963 0
    endloop
  endfacet
  facet normal 0 0 -1
    outer loop
      vertex 1.51554 -0.874999 0
      vertex 4.28127 -1.63046 0
      vertex 3.61875 -2.81084 0
    endloop
  endfacet
  facet normal 0 0 -1
    outer loop
      vertex 5.70511 -0.845154 0
      vertex 4.01369 2.21369 0
      vertex 4.01703 2.21553 0
    endloop
  endfacet
  facet normal 0 0 -1
    outer loop
      vertex 4.28127 -1.63045 0
      vertex 1.74041 -0.182924 0
      vertex 1.75 0 0
    endloop
  endfacet
  facet normal 0 0 -1
    outer loop
      vertex 1.74041 0.182924 0
      vertex 4.28127 -1.63045 0
      vertex 1.75 0 0
    endloop
  endfacet
  facet normal 0 0 -1
    outer loop
      vertex 1.3005 -1.17098 0
      vertex 3.61875 -2.81084 0
      vertex 3.40918 -3.06964 0
    endloop
  endfacet
  facet normal 0 0 -1
    outer loop
      vertex 1.71176 0.363845 0
      vertex 4.01369 2.21369 0
      vertex 1.74041 0.182924 0
    endloop
  endfacet
  facet normal 0 0 -1
    outer loop
      vertex 1.3005 -1.17098 0
      vertex 3.40918 -3.06964 0
      vertex 3.06964 -3.40918 0
    endloop
  endfacet
  facet normal 0 0 -1
    outer loop
      vertex 1.66435 0.540779 0
      vertex 4.01369 2.21369 0
      vertex 1.71176 0.363845 0
    endloop
  endfacet
  facet normal 0 0 -1
    outer loop
      vertex 1.17098 -1.3005 0
      vertex 3.06964 -3.40918 0
      vertex 2.69646 -3.71136 0
    endloop
  endfacet
  facet normal 0 0 -1
    outer loop
      vertex 1.5987 0.711788 0
      vertex 4.01369 2.21369 0
      vertex 1.66435 0.540779 0
    endloop
  endfacet
  facet normal 0 0 -1
    outer loop
      vertex 1.02862 -1.41578 0
      vertex 2.69646 -3.71136 0
      vertex 2.29375 -3.97289 0
    endloop
  endfacet
  facet normal 0 0 -1
    outer loop
      vertex 1.51554 0.874999 0
      vertex 4.01369 2.21369 0
      vertex 1.5987 0.711788 0
    endloop
  endfacet
  facet normal 0 0 -1
    outer loop
      vertex 0.875 -1.51554 0
      vertex 2.29375 -3.97289 0
      vertex 1.8659 -4.19089 0
    endloop
  endfacet
  facet normal -0 0 -1
    outer loop
      vertex 4.01369 2.21369 0
      vertex 1.51554 0.874999 0
      vertex 3.97289 2.29375 0
    endloop
  endfacet
  facet normal -0 0 -1
    outer loop
      vertex 3.97289 2.29375 0
      vertex 1.51554 0.874999 0
      vertex 3.71136 2.69646 0
    endloop
  endfacet
  facet normal 0 0 -1
    outer loop
      vertex 4.28127 -1.63045 0
      vertex 1.74041 0.182924 0
      vertex 4.01369 2.21369 0
    endloop
  endfacet
  facet normal 0 0 -1
    outer loop
      vertex 4.28127 -1.63045 0
      vertex 1.71176 -0.363845 0
      vertex 1.74041 -0.182924 0
    endloop
  endfacet
  facet normal 0 0 -1
    outer loop
      vertex 4.28127 -1.63045 0
      vertex 1.66435 -0.540779 0
      vertex 1.71176 -0.363845 0
    endloop
  endfacet
  facet normal 0 0 -1
    outer loop
      vertex 4.28127 -1.63046 0
      vertex 1.5987 -0.711788 0
      vertex 1.66435 -0.540779 0
    endloop
  endfacet
  facet normal 0 0 -1
    outer loop
      vertex 4.28127 -1.63046 0
      vertex 1.51554 -0.874999 0
      vertex 1.5987 -0.711788 0
    endloop
  endfacet
  facet normal 0 0 -1
    outer loop
      vertex 0.711788 -1.5987 0
      vertex 1.8659 -4.19089 0
      vertex 1.41761 -4.36297 0
    endloop
  endfacet
  facet normal 0 0 -1
    outer loop
      vertex 3.61875 -2.81084 0
      vertex 1.41578 -1.02862 0
      vertex 1.51554 -0.874999 0
    endloop
  endfacet
  facet normal 0 0 -1
    outer loop
      vertex 3.61875 -2.81084 0
      vertex 1.3005 -1.17098 0
      vertex 1.41578 -1.02862 0
    endloop
  endfacet
  facet normal 0 0 -1
    outer loop
      vertex 3.06964 -3.40918 0
      vertex 1.17098 -1.3005 0
      vertex 1.3005 -1.17098 0
    endloop
  endfacet
  facet normal 0 0 -1
    outer loop
      vertex 2.69646 -3.71136 0
      vertex 1.02862 -1.41578 0
      vertex 1.17098 -1.3005 0
    endloop
  endfacet
  facet normal 0 0 -1
    outer loop
      vertex 0.540779 -1.66435 0
      vertex 1.41761 -4.36297 0
      vertex 0.953794 -4.48725 0
    endloop
  endfacet
  facet normal 0 0 -1
    outer loop
      vertex 2.29375 -3.97289 0
      vertex 0.875 -1.51554 0
      vertex 1.02862 -1.41578 0
    endloop
  endfacet
  facet normal 0 0 -1
    outer loop
      vertex 1.8659 -4.19089 0
      vertex 0.711788 -1.5987 0
      vertex 0.875 -1.51554 0
    endloop
  endfacet
  facet normal 0 0 -1
    outer loop
      vertex 1.41761 -4.36297 0
      vertex 0.540779 -1.66435 0
      vertex 0.711788 -1.5987 0
    endloop
  endfacet
  facet normal 0 0 -1
    outer loop
      vertex 0.363845 -1.71176 0
      vertex 0.953794 -4.48725 0
      vertex 0.479524 -4.56237 0
    endloop
  endfacet
  facet normal 0 0 -1
    outer loop
      vertex 0.953794 -4.48725 0
      vertex 0.363845 -1.71176 0
      vertex 0.540779 -1.66435 0
    endloop
  endfacet
  facet normal 0 0 -1
    outer loop
      vertex 0.479524 -4.56237 0
      vertex 0.182924 -1.74041 0
      vertex 0.363845 -1.71176 0
    endloop
  endfacet
  facet normal 0 0 -1
    outer loop
      vertex 0.136925 -4.58032 0
      vertex 0.182924 -1.74041 0
      vertex 0.479524 -4.56237 0
    endloop
  endfacet
  facet normal 0 0 -1
    outer loop
      vertex 0.182924 -1.74041 0
      vertex 0.136925 -4.58032 0
      vertex 0 -1.75 0
    endloop
  endfacet
  facet normal -0 0 -1
    outer loop
      vertex 22.0817 -9.45625 0
      vertex 20.2079 -10.6702 0
      vertex 22.0226 -9.34499 0
    endloop
  endfacet
  facet normal -0 0 -1
    outer loop
      vertex 22.0226 -9.34499 0
      vertex 20.2079 -10.6702 0
      vertex 21.925 -9.18484 0
    endloop
  endfacet
  facet normal 0 0 -1
    outer loop
      vertex 20.0962 -10.5442 0
      vertex 21.925 -9.18484 0
      vertex 20.2079 -10.6702 0
    endloop
  endfacet
  facet normal 0 0 -1
    outer loop
      vertex 19.9588 -10.3759 0
      vertex 21.925 -9.18484 0
      vertex 20.0962 -10.5442 0
    endloop
  endfacet
  facet normal -0 0 -1
    outer loop
      vertex 21.925 -9.18484 0
      vertex 19.9588 -10.3759 0
      vertex 21.5497 -8.70102 0
    endloop
  endfacet
  facet normal 0 0 -1
    outer loop
      vertex 19.7078 -9.93265 0
      vertex 21.5497 -8.70102 0
      vertex 19.9588 -10.3759 0
    endloop
  endfacet
  facet normal -0 0 -1
    outer loop
      vertex 21.5497 -8.70102 0
      vertex 19.7078 -9.93265 0
      vertex 21.5498 -8.50066 0
    endloop
  endfacet
  facet normal 0 0 -1
    outer loop
      vertex 19.5138 -9.87779 0
      vertex 21.5498 -8.50066 0
      vertex 19.7078 -9.93265 0
    endloop
  endfacet
  facet normal 0 0 -1
    outer loop
      vertex 21.5498 -8.50066 0
      vertex 19.8812 -5.3781 0
      vertex 20.674 -4.58024 0
    endloop
  endfacet
  facet normal 0 0 -1
    outer loop
      vertex 19.5138 -9.87779 0
      vertex 19.7078 -9.93265 0
      vertex 19.522 -9.88196 0
    endloop
  endfacet
  facet normal -0 0 -1
    outer loop
      vertex 21.5498 -8.50066 0
      vertex 19.5138 -9.87779 0
      vertex 18.9525 -6.12137 0
    endloop
  endfacet
  facet normal 0 0 -1
    outer loop
      vertex 21.5498 -8.50066 0
      vertex 18.9525 -6.12137 0
      vertex 19.8812 -5.3781 0
    endloop
  endfacet
  facet normal 0 0 -1
    outer loop
      vertex 17.9309 -6.77652 0
      vertex 19.5138 -9.87779 0
      vertex 18.3055 -10.4973 0
    endloop
  endfacet
  facet normal 0 0 -1
    outer loop
      vertex 17.9309 -6.77652 0
      vertex 18.3055 -10.4973 0
      vertex 18.2384 -10.6781 0
    endloop
  endfacet
  facet normal 0 0 -1
    outer loop
      vertex 19.5138 -9.87779 0
      vertex 17.9309 -6.77652 0
      vertex 18.9525 -6.12137 0
    endloop
  endfacet
  facet normal 0 0 -1
    outer loop
      vertex 22.2812 9.94745 0
      vertex 20.6172 11.0623 0
      vertex 20.7244 11.1525 0
    endloop
  endfacet
  facet normal 0 -0 -1
    outer loop
      vertex 19.9588 10.3759 0
      vertex 21.5497 8.70102 0
      vertex 19.7078 9.93265 0
    endloop
  endfacet
  facet normal 0 0 -1
    outer loop
      vertex 22.2382 9.82591 0
      vertex 20.5188 10.9759 0
      vertex 20.6172 11.0623 0
    endloop
  endfacet
  facet normal 0 0 -1
    outer loop
      vertex 22.1964 9.71545 0
      vertex 20.4293 10.8931 0
      vertex 20.5188 10.9759 0
    endloop
  endfacet
  facet normal 0 0 -1
    outer loop
      vertex 22.1557 9.61707 0
      vertex 20.3477 10.8146 0
      vertex 20.4293 10.8931 0
    endloop
  endfacet
  facet normal 0 0 -1
    outer loop
      vertex 22.0817 9.45625 0
      vertex 20.2079 10.6702 0
      vertex 20.3477 10.8146 0
    endloop
  endfacet
  facet normal 0 0 -1
    outer loop
      vertex 21.925 9.18484 0
      vertex 20.0962 10.5442 0
      vertex 20.2079 10.6702 0
    endloop
  endfacet
  facet normal 0 -0 -1
    outer loop
      vertex 19.5138 9.87779 0
      vertex 21.5498 8.50066 0
      vertex 18.9525 6.12137 0
    endloop
  endfacet
  facet normal 0 0 -1
    outer loop
      vertex 21.925 9.18484 0
      vertex 19.9588 10.3759 0
      vertex 20.0962 10.5442 0
    endloop
  endfacet
  facet normal 0 -0 -1
    outer loop
      vertex 19.7078 9.93265 0
      vertex 21.5498 8.50066 0
      vertex 19.5138 9.87779 0
    endloop
  endfacet
  facet normal 0 0 -1
    outer loop
      vertex 21.5498 8.50066 0
      vertex 19.7078 9.93265 0
      vertex 21.5497 8.70102 0
    endloop
  endfacet
  facet normal 0 0 -1
    outer loop
      vertex 19.7078 9.93265 0
      vertex 19.5138 9.87779 0
      vertex 19.522 9.88196 0
    endloop
  endfacet
  facet normal 0 0 -1
    outer loop
      vertex 17.9309 6.77652 0
      vertex 19.5138 9.87779 0
      vertex 18.9525 6.12137 0
    endloop
  endfacet
  facet normal 0 0 -1
    outer loop
      vertex 16.8425 7.33443 0
      vertex 19.5138 9.87779 0
      vertex 17.9309 6.77652 0
    endloop
  endfacet
  facet normal -0 0 -1
    outer loop
      vertex 19.5138 9.87779 0
      vertex 16.8425 7.33443 0
      vertex 18.3055 10.4973 0
    endloop
  endfacet
  facet normal -0.707107 0.707107 0
    outer loop
      vertex 17.4033 3.06964 0
      vertex 17.7429 3.40918 6
      vertex 17.7429 3.40918 0
    endloop
  endfacet
  facet normal -0.707107 0.707107 0
    outer loop
      vertex 17.7429 3.40918 6
      vertex 17.4033 3.06964 0
      vertex 17.4033 3.06964 6
    endloop
  endfacet
  facet normal 0 0 1
    outer loop
      vertex 3.04401 10.7335 6
      vertex 2.86539 10.8054 6
      vertex 3.04346 10.7316 6
    endloop
  endfacet
  facet normal 0 0 1
    outer loop
      vertex 6.80324 11.8444 6
      vertex 6.6438 11.9524 6
      vertex 6.80078 11.8401 6
    endloop
  endfacet
  facet normal 0 0 1
    outer loop
      vertex 8.20088 12.7536 6
      vertex 10.59 12.7853 6
      vertex 10.5515 13.0039 6
    endloop
  endfacet
  facet normal 0 0 1
    outer loop
      vertex 10.7222 12.1712 6
      vertex 10.5872 12.3085 6
      vertex 10.713 12.1608 6
    endloop
  endfacet
  facet normal 0 0 1
    outer loop
      vertex 12.3315 12.9978 6
      vertex 14.6202 12.5151 6
      vertex 14.6217 12.667 6
    endloop
  endfacet
  facet normal 0 0 1
    outer loop
      vertex 12.3964 13.1833 6
      vertex 14.6217 12.667 6
      vertex 14.6154 12.8555 6
    endloop
  endfacet
  facet normal 0 0 1
    outer loop
      vertex 14.6202 12.5151 6
      vertex 12.3315 12.9978 6
      vertex 14.6165 12.4537 6
    endloop
  endfacet
  facet normal 0 0 1
    outer loop
      vertex 12.4357 13.2859 6
      vertex 14.6154 12.8555 6
      vertex 14.5986 13.0785 6
    endloop
  endfacet
  facet normal 0 0 1
    outer loop
      vertex 12.5288 13.5103 6
      vertex 14.5986 13.0785 6
      vertex 14.5688 13.3341 6
    endloop
  endfacet
  facet normal 0 0 1
    outer loop
      vertex 12.6442 13.759 6
      vertex 14.5688 13.3341 6
      vertex 14.5485 13.4734 6
    endloop
  endfacet
  facet normal 0 0 1
    outer loop
      vertex 14.6154 12.8555 6
      vertex 12.4357 13.2859 6
      vertex 12.3964 13.1833 6
    endloop
  endfacet
  facet normal 0 0 1
    outer loop
      vertex 12.711 13.8921 6
      vertex 14.5485 13.4734 6
      vertex 14.4957 13.7744 6
    endloop
  endfacet
  facet normal 0 0 1
    outer loop
      vertex 14.5138 11.8827 6
      vertex 14.6056 11.7107 6
      vertex 14.6189 11.7213 6
    endloop
  endfacet
  facet normal 0 0 1
    outer loop
      vertex 12.2039 12.2288 6
      vertex 14.6056 11.7107 6
      vertex 14.5138 11.8827 6
    endloop
  endfacet
  facet normal 0 0 1
    outer loop
      vertex 12.8627 14.1753 6
      vertex 14.4957 13.7744 6
      vertex 14.4243 14.1036 6
    endloop
  endfacet
  facet normal 0 0 1
    outer loop
      vertex 14.5986 13.0785 6
      vertex 12.5288 13.5103 6
      vertex 12.4357 13.2859 6
    endloop
  endfacet
  facet normal 0 0 1
    outer loop
      vertex 13.0423 14.4801 6
      vertex 14.4243 14.1036 6
      vertex 14.3305 14.46 6
    endloop
  endfacet
  facet normal 0 0 1
    outer loop
      vertex 13.2523 14.8052 6
      vertex 14.3305 14.46 6
      vertex 14.2756 14.6478 6
    endloop
  endfacet
  facet normal -0 0 1
    outer loop
      vertex 13.2523 14.8052 6
      vertex 14.2756 14.6478 6
      vertex 14.1913 14.9107 6
    endloop
  endfacet
  facet normal 0 0 1
    outer loop
      vertex 14.6056 11.7107 6
      vertex 12.2039 12.2288 6
      vertex 12.0454 12.0946 6
    endloop
  endfacet
  facet normal 0 0 1
    outer loop
      vertex 13.2523 14.8052 6
      vertex 14.1913 14.9107 6
      vertex 13.4096 15.0294 6
    endloop
  endfacet
  facet normal 0 0 1
    outer loop
      vertex 14.3305 14.46 6
      vertex 13.2523 14.8052 6
      vertex 13.0423 14.4801 6
    endloop
  endfacet
  facet normal 0 0 1
    outer loop
      vertex 14.4243 14.1036 6
      vertex 13.0423 14.4801 6
      vertex 12.8627 14.1753 6
    endloop
  endfacet
  facet normal 0 0 1
    outer loop
      vertex 14.4957 13.7744 6
      vertex 12.8627 14.1753 6
      vertex 12.7839 14.0309 6
    endloop
  endfacet
  facet normal 0 0 1
    outer loop
      vertex 14.4957 13.7744 6
      vertex 12.7839 14.0309 6
      vertex 12.711 13.8921 6
    endloop
  endfacet
  facet normal 0 0 1
    outer loop
      vertex 14.5485 13.4734 6
      vertex 12.711 13.8921 6
      vertex 12.6442 13.759 6
    endloop
  endfacet
  facet normal 0 0 1
    outer loop
      vertex 14.5688 13.3341 6
      vertex 12.6442 13.759 6
      vertex 12.5288 13.5103 6
    endloop
  endfacet
  facet normal 0 0 1
    outer loop
      vertex 14.6217 12.667 6
      vertex 12.3964 13.1833 6
      vertex 12.3315 12.9978 6
    endloop
  endfacet
  facet normal -0 0 1
    outer loop
      vertex 12.2448 12.7006 6
      vertex 14.6165 12.4537 6
      vertex 12.3315 12.9978 6
    endloop
  endfacet
  facet normal 0 0 1
    outer loop
      vertex 14.6165 12.4537 6
      vertex 12.2448 12.7006 6
      vertex 14.6154 12.3703 6
    endloop
  endfacet
  facet normal 0 0 1
    outer loop
      vertex 14.6154 12.3703 6
      vertex 12.2448 12.7006 6
      vertex 14.5138 11.8827 6
    endloop
  endfacet
  facet normal 0 0 1
    outer loop
      vertex 14.6056 11.7107 6
      vertex 13.4215 8.40771 6
      vertex 14.5658 8.14754 6
    endloop
  endfacet
  facet normal 0 0 1
    outer loop
      vertex 14.5138 11.8827 6
      vertex 12.2448 12.7006 6
      vertex 12.2039 12.2288 6
    endloop
  endfacet
  facet normal 0 -0 1
    outer loop
      vertex 12.297 8.57848 6
      vertex 14.6056 11.7107 6
      vertex 12.0454 12.0946 6
    endloop
  endfacet
  facet normal 0 0 1
    outer loop
      vertex 12.0454 12.0946 6
      vertex 12.2039 12.2288 6
      vertex 12.0561 12.1054 6
    endloop
  endfacet
  facet normal 0 0 1
    outer loop
      vertex 14.6056 11.7107 6
      vertex 12.297 8.57848 6
      vertex 13.4215 8.40771 6
    endloop
  endfacet
  facet normal 0 0 1
    outer loop
      vertex 11.2056 8.66811 6
      vertex 12.0454 12.0946 6
      vertex 11.3747 12.1497 6
    endloop
  endfacet
  facet normal 0 0 1
    outer loop
      vertex 12.0454 12.0946 6
      vertex 11.2056 8.66811 6
      vertex 12.297 8.57848 6
    endloop
  endfacet
  facet normal 0 0 1
    outer loop
      vertex 10.713 12.1608 6
      vertex 11.2056 8.66811 6
      vertex 11.3747 12.1497 6
    endloop
  endfacet
  facet normal -0 0 1
    outer loop
      vertex 8.24744 12.193 6
      vertex 10.713 12.1608 6
      vertex 10.5872 12.3085 6
    endloop
  endfacet
  facet normal 0 0 1
    outer loop
      vertex 8.21875 12.9771 6
      vertex 10.5515 13.0039 6
      vertex 10.5126 13.1789 6
    endloop
  endfacet
  facet normal 0 0 1
    outer loop
      vertex 8.23106 13.0686 6
      vertex 10.5126 13.1789 6
      vertex 10.458 13.3834 6
    endloop
  endfacet
  facet normal 0 0 1
    outer loop
      vertex 8.26276 13.2755 6
      vertex 10.458 13.3834 6
      vertex 10.4253 13.4962 6
    endloop
  endfacet
  facet normal 0 0 1
    outer loop
      vertex 8.28452 13.3905 6
      vertex 10.4253 13.4962 6
      vertex 10.3457 13.742 6
    endloop
  endfacet
  facet normal -0 0 1
    outer loop
      vertex 8.37386 13.7794 6
      vertex 10.3457 13.742 6
      vertex 10.2438 14.0137 6
    endloop
  endfacet
  facet normal 0 0 1
    outer loop
      vertex 10.5126 13.1789 6
      vertex 8.23106 13.0686 6
      vertex 8.21875 12.9771 6
    endloop
  endfacet
  facet normal -0 0 1
    outer loop
      vertex 8.45699 14.0733 6
      vertex 10.2438 14.0137 6
      vertex 10.1865 14.1589 6
    endloop
  endfacet
  facet normal 0 0 1
    outer loop
      vertex 10.713 12.1608 6
      vertex 8.24744 12.193 6
      vertex 8.12097 12.0344 6
    endloop
  endfacet
  facet normal -0 0 1
    outer loop
      vertex 8.50607 14.2301 6
      vertex 10.1865 14.1589 6
      vertex 10.0503 14.4672 6
    endloop
  endfacet
  facet normal -0 0 1
    outer loop
      vertex 8.62126 14.5627 6
      vertex 10.0503 14.4672 6
      vertex 9.97411 14.63 6
    endloop
  endfacet
  facet normal 0 0 1
    outer loop
      vertex 8.62126 14.5627 6
      vertex 9.97411 14.63 6
      vertex 9.88889 14.7984 6
    endloop
  endfacet
  facet normal 0 0 1
    outer loop
      vertex 8.68842 14.7382 6
      vertex 9.88889 14.7984 6
      vertex 9.79822 14.9722 6
    endloop
  endfacet
  facet normal 0 0 1
    outer loop
      vertex 8.76161 14.9196 6
      vertex 9.79822 14.9722 6
      vertex 9.70161 15.1514 6
    endloop
  endfacet
  facet normal 0 0 1
    outer loop
      vertex 8.84032 15.1066 6
      vertex 9.70161 15.1514 6
      vertex 9.66402 15.2159 6
    endloop
  endfacet
  facet normal 0 0 1
    outer loop
      vertex 10.713 12.1608 6
      vertex 10.1573 8.68561 6
      vertex 11.2056 8.66811 6
    endloop
  endfacet
  facet normal 0 0 1
    outer loop
      vertex 8.84032 15.1066 6
      vertex 9.66402 15.2159 6
      vertex 8.87407 15.1799 6
    endloop
  endfacet
  facet normal 0 0 1
    outer loop
      vertex 9.70161 15.1514 6
      vertex 8.84032 15.1066 6
      vertex 8.76161 14.9196 6
    endloop
  endfacet
  facet normal 0 0 1
    outer loop
      vertex 9.79822 14.9722 6
      vertex 8.76161 14.9196 6
      vertex 8.68842 14.7382 6
    endloop
  endfacet
  facet normal 0 0 1
    outer loop
      vertex 9.88889 14.7984 6
      vertex 8.68842 14.7382 6
      vertex 8.62126 14.5627 6
    endloop
  endfacet
  facet normal 0 0 1
    outer loop
      vertex 10.0503 14.4672 6
      vertex 8.62126 14.5627 6
      vertex 8.50607 14.2301 6
    endloop
  endfacet
  facet normal 0 0 1
    outer loop
      vertex 10.1865 14.1589 6
      vertex 8.50607 14.2301 6
      vertex 8.45699 14.0733 6
    endloop
  endfacet
  facet normal 0 0 1
    outer loop
      vertex 10.2438 14.0137 6
      vertex 8.45699 14.0733 6
      vertex 8.37386 13.7794 6
    endloop
  endfacet
  facet normal 0 0 1
    outer loop
      vertex 10.3457 13.742 6
      vertex 8.37386 13.7794 6
      vertex 8.33987 13.6427 6
    endloop
  endfacet
  facet normal 0 0 1
    outer loop
      vertex 10.3457 13.742 6
      vertex 8.33987 13.6427 6
      vertex 8.28452 13.3905 6
    endloop
  endfacet
  facet normal 0 0 1
    outer loop
      vertex 10.4253 13.4962 6
      vertex 8.28452 13.3905 6
      vertex 8.26276 13.2755 6
    endloop
  endfacet
  facet normal 0 0 1
    outer loop
      vertex 10.458 13.3834 6
      vertex 8.26276 13.2755 6
      vertex 8.23106 13.0686 6
    endloop
  endfacet
  facet normal 0 0 1
    outer loop
      vertex 10.713 12.1608 6
      vertex 8.12097 12.0344 6
      vertex 9.15901 8.64021 6
    endloop
  endfacet
  facet normal 0 0 1
    outer loop
      vertex 10.713 12.1608 6
      vertex 9.15901 8.64021 6
      vertex 10.1573 8.68561 6
    endloop
  endfacet
  facet normal 0 0 1
    outer loop
      vertex 9.15901 8.64021 6
      vertex 8.12097 12.0344 6
      vertex 8.21529 8.54083 6
    endloop
  endfacet
  facet normal -0 0 1
    outer loop
      vertex 7.74916 11.9952 6
      vertex 8.21529 8.54083 6
      vertex 8.12097 12.0344 6
    endloop
  endfacet
  facet normal -0 0 1
    outer loop
      vertex 6.80078 11.8401 6
      vertex 8.21529 8.54083 6
      vertex 7.74916 11.9952 6
    endloop
  endfacet
  facet normal 0 0 1
    outer loop
      vertex 8.21529 8.54083 6
      vertex 6.80078 11.8401 6
      vertex 7.32861 8.39584 6
    endloop
  endfacet
  facet normal 0 0 1
    outer loop
      vertex 4.39926 11.3777 6
      vertex 6.80078 11.8401 6
      vertex 6.6438 11.9524 6
    endloop
  endfacet
  facet normal 0 0 1
    outer loop
      vertex 4.39926 11.3777 6
      vertex 6.6438 11.9524 6
      vertex 6.55238 12.4186 6
    endloop
  endfacet
  facet normal 0 0 1
    outer loop
      vertex 6.80078 11.8401 6
      vertex 6.49983 8.21295 6
      vertex 7.32861 8.39584 6
    endloop
  endfacet
  facet normal 0 0 1
    outer loop
      vertex 4.23898 11.8693 6
      vertex 6.55238 12.4186 6
      vertex 6.47134 12.6266 6
    endloop
  endfacet
  facet normal 0 0 1
    outer loop
      vertex 4.20859 12.0782 6
      vertex 6.47134 12.6266 6
      vertex 6.35471 12.8836 6
    endloop
  endfacet
  facet normal 0 0 1
    outer loop
      vertex 4.18016 12.4411 6
      vertex 6.35471 12.8836 6
      vertex 6.24954 13.085 6
    endloop
  endfacet
  facet normal 0 0 1
    outer loop
      vertex 4.1774 12.5556 6
      vertex 6.24954 13.085 6
      vertex 6.19041 13.1948 6
    endloop
  endfacet
  facet normal 0 0 1
    outer loop
      vertex 4.17734 12.6791 6
      vertex 6.19041 13.1948 6
      vertex 6.12323 13.3097 6
    endloop
  endfacet
  facet normal 0 0 1
    outer loop
      vertex 4.18045 12.8114 6
      vertex 6.12323 13.3097 6
      vertex 5.97052 13.5561 6
    endloop
  endfacet
  facet normal 0 0 1
    outer loop
      vertex 4.19481 13.1006 6
      vertex 5.97052 13.5561 6
      vertex 5.88504 13.6874 6
    endloop
  endfacet
  facet normal 0 0 1
    outer loop
      vertex 4.20728 13.2572 6
      vertex 5.88504 13.6874 6
      vertex 5.79018 13.8232 6
    endloop
  endfacet
  facet normal 0 0 1
    outer loop
      vertex 6.80078 11.8401 6
      vertex 4.39926 11.3777 6
      vertex 4.30852 11.1986 6
    endloop
  endfacet
  facet normal 0 0 1
    outer loop
      vertex 4.22444 13.4216 6
      vertex 5.79018 13.8232 6
      vertex 5.68781 13.964 6
    endloop
  endfacet
  facet normal 0 0 1
    outer loop
      vertex 4.27206 13.7729 6
      vertex 5.68781 13.964 6
      vertex 5.5779 14.1096 6
    endloop
  endfacet
  facet normal 0 0 1
    outer loop
      vertex 4.27206 13.7729 6
      vertex 5.5779 14.1096 6
      vertex 5.45992 14.2599 6
    endloop
  endfacet
  facet normal 0 0 1
    outer loop
      vertex 4.30212 13.9591 6
      vertex 5.45992 14.2599 6
      vertex 5.33334 14.4147 6
    endloop
  endfacet
  facet normal -0 0 1
    outer loop
      vertex 4.91513 14.5672 6
      vertex 5.33334 14.4147 6
      vertex 5.19704 14.5736 6
    endloop
  endfacet
  facet normal 0 0 1
    outer loop
      vertex 4.91513 14.5672 6
      vertex 5.19704 14.5736 6
      vertex 5.15497 14.6202 6
    endloop
  endfacet
  facet normal 0 0 1
    outer loop
      vertex 6.80078 11.8401 6
      vertex 4.30852 11.1986 6
      vertex 6.49983 8.21295 6
    endloop
  endfacet
  facet normal 0 0 1
    outer loop
      vertex 5.33334 14.4147 6
      vertex 4.91513 14.5672 6
      vertex 4.30212 13.9591 6
    endloop
  endfacet
  facet normal 0 0 1
    outer loop
      vertex 6.49983 8.21295 6
      vertex 4.30852 11.1986 6
      vertex 5.72852 7.99904 6
    endloop
  endfacet
  facet normal 0 0 1
    outer loop
      vertex 5.72852 7.99904 6
      vertex 4.30852 11.1986 6
      vertex 5.01337 7.76022 6
    endloop
  endfacet
  facet normal -0 0 1
    outer loop
      vertex 3.82484 11.0371 6
      vertex 5.01337 7.76022 6
      vertex 4.30852 11.1986 6
    endloop
  endfacet
  facet normal -0 0 1
    outer loop
      vertex 3.04346 10.7316 6
      vertex 5.01337 7.76022 6
      vertex 3.82484 11.0371 6
    endloop
  endfacet
  facet normal 0 0 1
    outer loop
      vertex 5.01337 7.76022 6
      vertex 3.04346 10.7316 6
      vertex 4.3524 7.50183 6
    endloop
  endfacet
  facet normal 0 0 1
    outer loop
      vertex 4.3524 7.50183 6
      vertex 3.04346 10.7316 6
      vertex 3.74316 7.22844 6
    endloop
  endfacet
  facet normal -0 0 1
    outer loop
      vertex 0.804443 9.59583 6
      vertex 3.74316 7.22844 6
      vertex 3.04346 10.7316 6
    endloop
  endfacet
  facet normal 0 0 1
    outer loop
      vertex 0.804443 9.59583 6
      vertex 3.04346 10.7316 6
      vertex 2.86539 10.8054 6
    endloop
  endfacet
  facet normal 0 0 1
    outer loop
      vertex 0.85199 9.78526 6
      vertex 2.86539 10.8054 6
      vertex 2.67058 11.2578 6
    endloop
  endfacet
  facet normal 0 0 1
    outer loop
      vertex 3.74316 7.22844 6
      vertex 0.804443 9.59583 6
      vertex 3.18297 6.94398 6
    endloop
  endfacet
  facet normal 0 0 1
    outer loop
      vertex 0.55687 10.2778 6
      vertex 2.67058 11.2578 6
      vertex 2.55061 11.4427 6
    endloop
  endfacet
  facet normal 0 0 1
    outer loop
      vertex 0.499832 10.411 6
      vertex 2.55061 11.4427 6
      vertex 2.5031 11.5112 6
    endloop
  endfacet
  facet normal 0 0 1
    outer loop
      vertex 0.457764 10.5193 6
      vertex 2.5031 11.5112 6
      vertex 2.38898 11.6633 6
    endloop
  endfacet
  facet normal 0 0 1
    outer loop
      vertex 0.405243 10.6746 6
      vertex 2.38898 11.6633 6
      vertex 2.32281 11.7473 6
    endloop
  endfacet
  facet normal 0 0 1
    outer loop
      vertex 0.377319 10.7695 6
      vertex 2.32281 11.7473 6
      vertex 2.24995 11.8361 6
    endloop
  endfacet
  facet normal 0 0 1
    outer loop
      vertex 2.86539 10.8054 6
      vertex 0.85199 9.78526 6
      vertex 0.804443 9.59583 6
    endloop
  endfacet
  facet normal 0 0 1
    outer loop
      vertex 0.349152 10.8757 6
      vertex 2.24995 11.8361 6
      vertex 2.16994 11.9297 6
    endloop
  endfacet
  facet normal 0 0 1
    outer loop
      vertex 0.321289 10.9926 6
      vertex 2.16994 11.9297 6
      vertex 2.08148 12.0275 6
    endloop
  endfacet
  facet normal 0 0 1
    outer loop
      vertex 0.294235 11.1201 6
      vertex 2.08148 12.0275 6
      vertex 1.98473 12.1295 6
    endloop
  endfacet
  facet normal 0 0 1
    outer loop
      vertex 0.268433 11.2579 6
      vertex 1.98473 12.1295 6
      vertex 1.87962 12.2358 6
    endloop
  endfacet
  facet normal 0 0 1
    outer loop
      vertex 3.18297 6.94398 6
      vertex 0.804443 9.59583 6
      vertex 2.66895 6.65175 6
    endloop
  endfacet
  facet normal 0 0 1
    outer loop
      vertex 0.244339 11.4055 6
      vertex 1.87962 12.2358 6
      vertex 1.76572 12.346 6
    endloop
  endfacet
  facet normal 0 0 1
    outer loop
      vertex 0.222382 11.5627 6
      vertex 1.76572 12.346 6
      vertex 1.64249 12.46 6
    endloop
  endfacet
  facet normal 0 0 1
    outer loop
      vertex 0.202988 11.7292 6
      vertex 1.64249 12.46 6
      vertex 1.50946 12.5775 6
    endloop
  endfacet
  facet normal 0 0 1
    outer loop
      vertex 2.66895 6.65175 6
      vertex 0.804443 9.59583 6
      vertex 2.19815 6.35451 6
    endloop
  endfacet
  facet normal 0 0 1
    outer loop
      vertex 0.186539 11.9048 6
      vertex 1.50946 12.5775 6
      vertex 1.36612 12.6983 6
    endloop
  endfacet
  facet normal 0 0 1
    outer loop
      vertex 0.173477 12.0891 6
      vertex 1.36612 12.6983 6
      vertex 1.21198 12.8221 6
    endloop
  endfacet
  facet normal 0 0 1
    outer loop
      vertex 0.159027 12.4832 6
      vertex 1.21198 12.8221 6
      vertex 1.04651 12.9485 6
    endloop
  endfacet
  facet normal -0 0 1
    outer loop
      vertex 0.269775 9.25824 6
      vertex 2.19815 6.35451 6
      vertex 0.804443 9.59583 6
    endloop
  endfacet
  facet normal 0 0 1
    outer loop
      vertex 2.19815 6.35451 6
      vertex 0.269775 9.25824 6
      vertex 1.7677 6.05457 6
    endloop
  endfacet
  facet normal 0 0 1
    outer loop
      vertex 0.158478 12.6926 6
      vertex 1.04651 12.9485 6
      vertex 0.840302 13.0972 6
    endloop
  endfacet
  facet normal 0 0 1
    outer loop
      vertex 2.67058 11.2578 6
      vertex 0.55687 10.2778 6
      vertex 0.85199 9.78526 6
    endloop
  endfacet
  facet normal 0 0 1
    outer loop
      vertex 2.55061 11.4427 6
      vertex 0.499832 10.411 6
      vertex 0.55687 10.2778 6
    endloop
  endfacet
  facet normal 0 0 1
    outer loop
      vertex 2.5031 11.5112 6
      vertex 0.457764 10.5193 6
      vertex 0.499832 10.411 6
    endloop
  endfacet
  facet normal 0 0 1
    outer loop
      vertex 2.38898 11.6633 6
      vertex 0.405243 10.6746 6
      vertex 0.457764 10.5193 6
    endloop
  endfacet
  facet normal 0 0 1
    outer loop
      vertex 2.32281 11.7473 6
      vertex 0.377319 10.7695 6
      vertex 0.405243 10.6746 6
    endloop
  endfacet
  facet normal 0 0 1
    outer loop
      vertex 2.24995 11.8361 6
      vertex 0.349152 10.8757 6
      vertex 0.377319 10.7695 6
    endloop
  endfacet
  facet normal 0 0 1
    outer loop
      vertex 2.16994 11.9297 6
      vertex 0.321289 10.9926 6
      vertex 0.349152 10.8757 6
    endloop
  endfacet
  facet normal 0 0 1
    outer loop
      vertex 2.08148 12.0275 6
      vertex 0.294235 11.1201 6
      vertex 0.321289 10.9926 6
    endloop
  endfacet
  facet normal 0 0 1
    outer loop
      vertex 1.98473 12.1295 6
      vertex 0.268433 11.2579 6
      vertex 0.294235 11.1201 6
    endloop
  endfacet
  facet normal 0 0 1
    outer loop
      vertex 1.87962 12.2358 6
      vertex 0.244339 11.4055 6
      vertex 0.268433 11.2579 6
    endloop
  endfacet
  facet normal 0 0 1
    outer loop
      vertex 1.76572 12.346 6
      vertex 0.222382 11.5627 6
      vertex 0.244339 11.4055 6
    endloop
  endfacet
  facet normal 0 0 1
    outer loop
      vertex 1.64249 12.46 6
      vertex 0.202988 11.7292 6
      vertex 0.222382 11.5627 6
    endloop
  endfacet
  facet normal 0 0 1
    outer loop
      vertex 1.50946 12.5775 6
      vertex 0.186539 11.9048 6
      vertex 0.202988 11.7292 6
    endloop
  endfacet
  facet normal 0 0 1
    outer loop
      vertex 1.36612 12.6983 6
      vertex 0.173477 12.0891 6
      vertex 0.186539 11.9048 6
    endloop
  endfacet
  facet normal 0 0 1
    outer loop
      vertex 1.21198 12.8221 6
      vertex 0.164169 12.282 6
      vertex 0.173477 12.0891 6
    endloop
  endfacet
  facet normal 0 0 1
    outer loop
      vertex 0.158478 12.6926 6
      vertex 0.840302 13.0972 6
      vertex 0.159683 12.7516 6
    endloop
  endfacet
  facet normal 0 0 1
    outer loop
      vertex 1.21198 12.8221 6
      vertex 0.159027 12.4832 6
      vertex 0.164169 12.282 6
    endloop
  endfacet
  facet normal 0 0 1
    outer loop
      vertex 1.04651 12.9485 6
      vertex 0.158478 12.6926 6
      vertex 0.159027 12.4832 6
    endloop
  endfacet
  facet normal 0 0 1
    outer loop
      vertex 16.2715 3.71136 6
      vertex 16.5312 1.63047 6
      vertex 16.6446 3.40916 6
    endloop
  endfacet
  facet normal 0 0 1
    outer loop
      vertex 14.6036 1.41577 6
      vertex 16.2715 3.71136 6
      vertex 15.8687 3.97289 6
    endloop
  endfacet
  facet normal 0 0 1
    outer loop
      vertex 14.45 1.51553 6
      vertex 15.8687 3.97289 6
      vertex 15.4409 4.19089 6
    endloop
  endfacet
  facet normal 0 0 1
    outer loop
      vertex 16.2715 3.71136 6
      vertex 14.6036 1.41577 6
      vertex 16.5312 1.63047 6
    endloop
  endfacet
  facet normal 0 0 1
    outer loop
      vertex 16.5312 1.63047 6
      vertex 15.0905 0.874985 6
      vertex 15.1061 0.844452 6
    endloop
  endfacet
  facet normal 0 0 1
    outer loop
      vertex 14.2868 1.59869 6
      vertex 15.4409 4.19089 6
      vertex 14.9926 4.36296 6
    endloop
  endfacet
  facet normal 0 0 1
    outer loop
      vertex 16.5312 1.63047 6
      vertex 14.9908 1.02861 6
      vertex 15.0905 0.874985 6
    endloop
  endfacet
  facet normal 0 0 1
    outer loop
      vertex 16.5312 1.63047 6
      vertex 14.8755 1.17097 6
      vertex 14.9908 1.02861 6
    endloop
  endfacet
  facet normal 0 0 1
    outer loop
      vertex 16.5312 1.63047 6
      vertex 14.746 1.30049 6
      vertex 14.8755 1.17097 6
    endloop
  endfacet
  facet normal 0 0 1
    outer loop
      vertex 16.5312 1.63047 6
      vertex 14.6036 1.41577 6
      vertex 14.746 1.30049 6
    endloop
  endfacet
  facet normal 0 0 1
    outer loop
      vertex 14.1158 1.66434 6
      vertex 14.9926 4.36296 6
      vertex 14.5288 4.48724 6
    endloop
  endfacet
  facet normal 0 0 1
    outer loop
      vertex 15.8687 3.97289 6
      vertex 14.45 1.51553 6
      vertex 14.6036 1.41577 6
    endloop
  endfacet
  facet normal 0 0 1
    outer loop
      vertex 15.4409 4.19089 6
      vertex 14.2868 1.59869 6
      vertex 14.45 1.51553 6
    endloop
  endfacet
  facet normal 0 0 1
    outer loop
      vertex 14.9926 4.36296 6
      vertex 14.1158 1.66434 6
      vertex 14.2868 1.59869 6
    endloop
  endfacet
  facet normal 0 0 1
    outer loop
      vertex 13.9388 1.71175 6
      vertex 14.5288 4.48724 6
      vertex 14.0545 4.56236 6
    endloop
  endfacet
  facet normal 0 0 1
    outer loop
      vertex 14.5288 4.48724 6
      vertex 13.9388 1.71175 6
      vertex 14.1158 1.66434 6
    endloop
  endfacet
  facet normal 0 0 1
    outer loop
      vertex 14.0545 4.56236 6
      vertex 13.7579 1.7404 6
      vertex 13.9388 1.71175 6
    endloop
  endfacet
  facet normal 0 0 1
    outer loop
      vertex 13.575 4.58749 6
      vertex 13.7579 1.7404 6
      vertex 14.0545 4.56236 6
    endloop
  endfacet
  facet normal 0 0 1
    outer loop
      vertex 13.575 4.58749 6
      vertex 13.575 1.75 6
      vertex 13.7579 1.7404 6
    endloop
  endfacet
  facet normal 0 0 1
    outer loop
      vertex 13.575 4.58749 6
      vertex 13.3921 1.7404 6
      vertex 13.575 1.75 6
    endloop
  endfacet
  facet normal -0 0 1
    outer loop
      vertex 13.0955 4.56236 6
      vertex 13.3921 1.7404 6
      vertex 13.575 4.58749 6
    endloop
  endfacet
  facet normal 0 0 1
    outer loop
      vertex 13.3921 1.7404 6
      vertex 13.0955 4.56236 6
      vertex 13.2112 1.71175 6
    endloop
  endfacet
  facet normal -0 0 1
    outer loop
      vertex 12.6212 4.48724 6
      vertex 13.2112 1.71175 6
      vertex 13.0955 4.56236 6
    endloop
  endfacet
  facet normal 0 0 1
    outer loop
      vertex 13.2112 1.71175 6
      vertex 12.6212 4.48724 6
      vertex 13.0342 1.66434 6
    endloop
  endfacet
  facet normal -0 0 1
    outer loop
      vertex 12.1574 4.36296 6
      vertex 13.0342 1.66434 6
      vertex 12.6212 4.48724 6
    endloop
  endfacet
  facet normal 0 0 1
    outer loop
      vertex 13.0342 1.66434 6
      vertex 12.1574 4.36296 6
      vertex 12.8632 1.59869 6
    endloop
  endfacet
  facet normal -0 0 1
    outer loop
      vertex 11.7091 4.19089 6
      vertex 12.8632 1.59869 6
      vertex 12.1574 4.36296 6
    endloop
  endfacet
  facet normal 0 0 1
    outer loop
      vertex 12.8632 1.59869 6
      vertex 11.7091 4.19089 6
      vertex 12.7 1.51553 6
    endloop
  endfacet
  facet normal -0 0 1
    outer loop
      vertex 11.2812 3.97289 6
      vertex 12.7 1.51553 6
      vertex 11.7091 4.19089 6
    endloop
  endfacet
  facet normal 0 0 1
    outer loop
      vertex 12.7 1.51553 6
      vertex 11.2812 3.97289 6
      vertex 12.5464 1.41577 6
    endloop
  endfacet
  facet normal -0 0 1
    outer loop
      vertex 10.8785 3.71136 6
      vertex 12.5464 1.41577 6
      vertex 11.2812 3.97289 6
    endloop
  endfacet
  facet normal 0 0 1
    outer loop
      vertex 12.5464 1.41577 6
      vertex 10.8785 3.71136 6
      vertex 12.404 1.30049 6
    endloop
  endfacet
  facet normal -0 0 1
    outer loop
      vertex 10.5054 3.40916 6
      vertex 12.404 1.30049 6
      vertex 10.8785 3.71136 6
    endloop
  endfacet
  facet normal 0 0 1
    outer loop
      vertex 12.404 1.30049 6
      vertex 10.5054 3.40916 6
      vertex 12.2745 1.17097 6
    endloop
  endfacet
  facet normal -0 0 1
    outer loop
      vertex 10.1658 3.06963 6
      vertex 12.2745 1.17097 6
      vertex 10.5054 3.40916 6
    endloop
  endfacet
  facet normal 0 0 1
    outer loop
      vertex 12.2745 1.17097 6
      vertex 10.1658 3.06963 6
      vertex 12.1592 1.02861 6
    endloop
  endfacet
  facet normal -0 0 1
    outer loop
      vertex 8.97789 -0.182922 6
      vertex 11.7999 -0.479523 6
      vertex 11.8346 0.182922 6
    endloop
  endfacet
  facet normal -0 0 1
    outer loop
      vertex 9.86363 2.69646 6
      vertex 12.1592 1.02861 6
      vertex 10.1658 3.06963 6
    endloop
  endfacet
  facet normal 0 0 1
    outer loop
      vertex 12.1592 1.02861 6
      vertex 9.86363 2.69646 6
      vertex 12.0595 0.874985 6
    endloop
  endfacet
  facet normal -0 0 1
    outer loop
      vertex 9.60211 2.29375 6
      vertex 12.0595 0.874985 6
      vertex 9.86363 2.69646 6
    endloop
  endfacet
  facet normal 0 0 1
    outer loop
      vertex 12.0595 0.874985 6
      vertex 9.60211 2.29375 6
      vertex 11.9763 0.711777 6
    endloop
  endfacet
  facet normal -0 0 1
    outer loop
      vertex 9.38411 1.86589 6
      vertex 11.9763 0.711777 6
      vertex 9.60211 2.29375 6
    endloop
  endfacet
  facet normal 0 0 1
    outer loop
      vertex 11.9763 0.711777 6
      vertex 9.38411 1.86589 6
      vertex 11.9107 0.540771 6
    endloop
  endfacet
  facet normal -0 0 1
    outer loop
      vertex 9.21204 1.4176 6
      vertex 11.9107 0.540771 6
      vertex 9.38411 1.86589 6
    endloop
  endfacet
  facet normal 0 0 1
    outer loop
      vertex 11.9107 0.540771 6
      vertex 9.21204 1.4176 6
      vertex 11.8633 0.363831 6
    endloop
  endfacet
  facet normal -0 0 1
    outer loop
      vertex 9.08775 0.953781 6
      vertex 11.8633 0.363831 6
      vertex 9.21204 1.4176 6
    endloop
  endfacet
  facet normal 0 0 1
    outer loop
      vertex 11.8633 0.363831 6
      vertex 9.08775 0.953781 6
      vertex 11.8346 0.182922 6
    endloop
  endfacet
  facet normal -0 0 1
    outer loop
      vertex 9.01263 0.479523 6
      vertex 11.8346 0.182922 6
      vertex 9.08775 0.953781 6
    endloop
  endfacet
  facet normal 0 0 1
    outer loop
      vertex 8.97789 -0.182922 6
      vertex 11.8346 0.182922 6
      vertex 9.01263 0.479523 6
    endloop
  endfacet
  facet normal 0 0 1
    outer loop
      vertex 11.4284 -1.86589 6
      vertex 8.83618 -0.711777 6
      vertex 11.2104 -2.29375 6
    endloop
  endfacet
  facet normal 0 0 1
    outer loop
      vertex 11.7999 -0.479523 6
      vertex 8.97789 -0.182922 6
      vertex 11.7247 -0.953781 6
    endloop
  endfacet
  facet normal -0 0 1
    outer loop
      vertex 8.94923 -0.363831 6
      vertex 11.7247 -0.953781 6
      vertex 8.97789 -0.182922 6
    endloop
  endfacet
  facet normal -0 0 1
    outer loop
      vertex 8.75302 -0.874985 6
      vertex 11.2104 -2.29375 6
      vertex 8.83618 -0.711777 6
    endloop
  endfacet
  facet normal 0 0 1
    outer loop
      vertex 11.7247 -0.953781 6
      vertex 8.94923 -0.363831 6
      vertex 11.6004 -1.4176 6
    endloop
  endfacet
  facet normal -0 0 1
    outer loop
      vertex 8.90182 -0.540771 6
      vertex 11.6004 -1.4176 6
      vertex 8.94923 -0.363831 6
    endloop
  endfacet
  facet normal 0 0 1
    outer loop
      vertex 11.2104 -2.29375 6
      vertex 8.75302 -0.874985 6
      vertex 10.9489 -2.69646 6
    endloop
  endfacet
  facet normal 0 0 1
    outer loop
      vertex 11.6004 -1.4176 6
      vertex 8.90182 -0.540771 6
      vertex 11.4284 -1.86589 6
    endloop
  endfacet
  facet normal -0 0 1
    outer loop
      vertex 8.83618 -0.711777 6
      vertex 11.4284 -1.86589 6
      vertex 8.90182 -0.540771 6
    endloop
  endfacet
  facet normal -0 0 1
    outer loop
      vertex 8.65326 -1.02861 6
      vertex 10.9489 -2.69646 6
      vertex 8.75302 -0.874985 6
    endloop
  endfacet
  facet normal 0 0 1
    outer loop
      vertex 10.9489 -2.69646 6
      vertex 8.65326 -1.02861 6
      vertex 10.6467 -3.06963 6
    endloop
  endfacet
  facet normal -0 0 1
    outer loop
      vertex 8.53798 -1.17097 6
      vertex 10.6467 -3.06963 6
      vertex 8.65326 -1.02861 6
    endloop
  endfacet
  facet normal 0 0 1
    outer loop
      vertex 10.6467 -3.06963 6
      vertex 8.53798 -1.17097 6
      vertex 10.3071 -3.40916 6
    endloop
  endfacet
  facet normal -0 0 1
    outer loop
      vertex 8.40846 -1.30049 6
      vertex 10.3071 -3.40916 6
      vertex 8.53798 -1.17097 6
    endloop
  endfacet
  facet normal 0 0 1
    outer loop
      vertex 10.3071 -3.40916 6
      vertex 8.40846 -1.30049 6
      vertex 9.93394 -3.71136 6
    endloop
  endfacet
  facet normal -0 0 1
    outer loop
      vertex 8.2661 -1.41577 6
      vertex 9.93394 -3.71136 6
      vertex 8.40846 -1.30049 6
    endloop
  endfacet
  facet normal 0 0 1
    outer loop
      vertex 9.93394 -3.71136 6
      vertex 8.2661 -1.41577 6
      vertex 9.53123 -3.97289 6
    endloop
  endfacet
  facet normal -0 0 1
    outer loop
      vertex 8.11249 -1.51553 6
      vertex 9.53123 -3.97289 6
      vertex 8.2661 -1.41577 6
    endloop
  endfacet
  facet normal 0 0 1
    outer loop
      vertex 9.53123 -3.97289 6
      vertex 8.11249 -1.51553 6
      vertex 9.10338 -4.19089 6
    endloop
  endfacet
  facet normal -0 0 1
    outer loop
      vertex 7.94926 -1.59869 6
      vertex 9.10338 -4.19089 6
      vertex 8.11249 -1.51553 6
    endloop
  endfacet
  facet normal 0 0 1
    outer loop
      vertex 9.10338 -4.19089 6
      vertex 7.94926 -1.59869 6
      vertex 8.65509 -4.36296 6
    endloop
  endfacet
  facet normal -0 0 1
    outer loop
      vertex 7.77826 -1.66434 6
      vertex 8.65509 -4.36296 6
      vertex 7.94926 -1.59869 6
    endloop
  endfacet
  facet normal 0 0 1
    outer loop
      vertex 8.65509 -4.36296 6
      vertex 7.77826 -1.66434 6
      vertex 8.19127 -4.48724 6
    endloop
  endfacet
  facet normal -0 0 1
    outer loop
      vertex 7.60132 -1.71175 6
      vertex 8.19127 -4.48724 6
      vertex 7.77826 -1.66434 6
    endloop
  endfacet
  facet normal 0 0 1
    outer loop
      vertex 8.19127 -4.48724 6
      vertex 7.60132 -1.71175 6
      vertex 7.71701 -4.56236 6
    endloop
  endfacet
  facet normal -0 0 1
    outer loop
      vertex 7.42041 -1.7404 6
      vertex 7.71701 -4.56236 6
      vertex 7.60132 -1.71175 6
    endloop
  endfacet
  facet normal -0 0 1
    outer loop
      vertex 7.23749 -1.75 6
      vertex 7.71701 -4.56236 6
      vertex 7.42041 -1.7404 6
    endloop
  endfacet
  facet normal 0 0 1
    outer loop
      vertex 7.23749 -1.75 6
      vertex 7.23749 -4.58749 6
      vertex 7.71701 -4.56236 6
    endloop
  endfacet
  facet normal 0 0 1
    outer loop
      vertex 7.05457 -1.7404 6
      vertex 7.23749 -4.58749 6
      vertex 7.23749 -1.75 6
    endloop
  endfacet
  facet normal 0 0 1
    outer loop
      vertex 6.75797 -4.56236 6
      vertex 7.05457 -1.7404 6
      vertex 6.87366 -1.71175 6
    endloop
  endfacet
  facet normal 0 0 1
    outer loop
      vertex 7.05457 -1.7404 6
      vertex 6.75797 -4.56236 6
      vertex 7.23749 -4.58749 6
    endloop
  endfacet
  facet normal 0 0 1
    outer loop
      vertex 6.28371 -4.48724 6
      vertex 6.87366 -1.71175 6
      vertex 6.69672 -1.66434 6
    endloop
  endfacet
  facet normal 0 0 1
    outer loop
      vertex 5.81989 -4.36296 6
      vertex 6.69672 -1.66434 6
      vertex 6.52571 -1.59869 6
    endloop
  endfacet
  facet normal 0 0 1
    outer loop
      vertex 5.3716 -4.19089 6
      vertex 6.52571 -1.59869 6
      vertex 6.36249 -1.51553 6
    endloop
  endfacet
  facet normal 0 0 1
    outer loop
      vertex 6.87366 -1.71175 6
      vertex 6.28371 -4.48724 6
      vertex 6.75797 -4.56236 6
    endloop
  endfacet
  facet normal 0 0 1
    outer loop
      vertex 4.94374 -3.97289 6
      vertex 6.36249 -1.51553 6
      vertex 6.20888 -1.41577 6
    endloop
  endfacet
  facet normal 0 0 1
    outer loop
      vertex 4.19089 -1.8659 6
      vertex 6.20888 -1.41577 6
      vertex 6.06651 -1.30049 6
    endloop
  endfacet
  facet normal 0 0 1
    outer loop
      vertex 4.28127 -1.63046 6
      vertex 6.06651 -1.30049 6
      vertex 5.937 -1.17097 6
    endloop
  endfacet
  facet normal 0 0 1
    outer loop
      vertex 4.28127 -1.63046 6
      vertex 5.937 -1.17097 6
      vertex 5.82172 -1.02861 6
    endloop
  endfacet
  facet normal 0 0 1
    outer loop
      vertex 6.69672 -1.66434 6
      vertex 5.81989 -4.36296 6
      vertex 6.28371 -4.48724 6
    endloop
  endfacet
  facet normal 0 0 1
    outer loop
      vertex 4.28127 -1.63046 6
      vertex 5.82172 -1.02861 6
      vertex 5.72195 -0.874985 6
    endloop
  endfacet
  facet normal 0 0 1
    outer loop
      vertex 4.28127 -1.63046 6
      vertex 5.72195 -0.874985 6
      vertex 5.70639 -0.844452 6
    endloop
  endfacet
  facet normal 0 0 1
    outer loop
      vertex 6.52571 -1.59869 6
      vertex 5.3716 -4.19089 6
      vertex 5.81989 -4.36296 6
    endloop
  endfacet
  facet normal 0 0 1
    outer loop
      vertex 6.36249 -1.51553 6
      vertex 4.94374 -3.97289 6
      vertex 5.3716 -4.19089 6
    endloop
  endfacet
  facet normal 0 0 1
    outer loop
      vertex 6.20888 -1.41577 6
      vertex 4.19089 -1.8659 6
      vertex 4.54103 -3.71136 6
    endloop
  endfacet
  facet normal 0 0 1
    outer loop
      vertex 6.06651 -1.30049 6
      vertex 4.28127 -1.63046 6
      vertex 4.19089 -1.8659 6
    endloop
  endfacet
  facet normal 0 0 1
    outer loop
      vertex 6.20888 -1.41577 6
      vertex 4.54103 -3.71136 6
      vertex 4.94374 -3.97289 6
    endloop
  endfacet
  facet normal -0 0 1
    outer loop
      vertex 3.97289 -2.29375 6
      vertex 4.54103 -3.71136 6
      vertex 4.19089 -1.8659 6
    endloop
  endfacet
  facet normal 0 0 1
    outer loop
      vertex 4.54103 -3.71136 6
      vertex 3.97289 -2.29375 6
      vertex 4.16786 -3.40916 6
    endloop
  endfacet
  facet normal 0 0 1
    outer loop
      vertex 3.97289 -2.29375 6
      vertex 3.82832 -3.06963 6
      vertex 4.16786 -3.40916 6
    endloop
  endfacet
  facet normal -0 0 1
    outer loop
      vertex 3.71136 -2.69646 6
      vertex 3.82832 -3.06963 6
      vertex 3.97289 -2.29375 6
    endloop
  endfacet
  facet normal 0 0 1
    outer loop
      vertex 3.82832 -3.06963 6
      vertex 3.71136 -2.69646 6
      vertex 3.61875 -2.81084 6
    endloop
  endfacet
  facet normal 0 0 1
    outer loop
      vertex 17.2441 13.3848 6
      vertex 18.641 12.6894 6
      vertex 18.6303 13.0466 6
    endloop
  endfacet
  facet normal -0 0 1
    outer loop
      vertex 17.0181 13.1284 6
      vertex 18.641 12.6894 6
      vertex 17.1266 13.2545 6
    endloop
  endfacet
  facet normal 0 0 1
    outer loop
      vertex 17.5068 13.6575 6
      vertex 18.6303 13.0466 6
      vertex 18.6022 13.4348 6
    endloop
  endfacet
  facet normal 0 0 1
    outer loop
      vertex 18.641 12.6894 6
      vertex 17.2441 13.3848 6
      vertex 17.1266 13.2545 6
    endloop
  endfacet
  facet normal 0 0 1
    outer loop
      vertex 17.9071 13.9616 6
      vertex 18.6022 13.4348 6
      vertex 18.574 13.6918 6
    endloop
  endfacet
  facet normal 0 0 1
    outer loop
      vertex 18.6303 13.0466 6
      vertex 17.3707 13.5192 6
      vertex 17.2441 13.3848 6
    endloop
  endfacet
  facet normal -0 0 1
    outer loop
      vertex 16.9175 13.0068 6
      vertex 18.6366 12.3653 6
      vertex 17.0181 13.1284 6
    endloop
  endfacet
  facet normal -0 0 1
    outer loop
      vertex 16.8254 12.8897 6
      vertex 18.6366 12.3653 6
      vertex 16.9175 13.0068 6
    endloop
  endfacet
  facet normal 0 0 1
    outer loop
      vertex 18.6366 12.3653 6
      vertex 16.8254 12.8897 6
      vertex 18.6201 12.0761 6
    endloop
  endfacet
  facet normal 0 0 1
    outer loop
      vertex 18.6201 12.0761 6
      vertex 16.74 12.7776 6
      vertex 18.5943 11.824 6
    endloop
  endfacet
  facet normal 0 0 1
    outer loop
      vertex 18.6022 13.4348 6
      vertex 17.9071 13.9616 6
      vertex 17.653 13.7994 6
    endloop
  endfacet
  facet normal 0 0 1
    outer loop
      vertex 18.6303 13.0466 6
      vertex 17.5068 13.6575 6
      vertex 17.3707 13.5192 6
    endloop
  endfacet
  facet normal 0 0 1
    outer loop
      vertex 17.653 13.7994 6
      vertex 17.9071 13.9616 6
      vertex 17.8492 13.9796 6
    endloop
  endfacet
  facet normal 0 0 1
    outer loop
      vertex 18.6022 13.4348 6
      vertex 17.653 13.7994 6
      vertex 17.5068 13.6575 6
    endloop
  endfacet
  facet normal 0 0 1
    outer loop
      vertex 18.641 12.6894 6
      vertex 17.0181 13.1284 6
      vertex 18.6366 12.3653 6
    endloop
  endfacet
  facet normal -0 0 1
    outer loop
      vertex 16.74 12.7776 6
      vertex 18.6201 12.0761 6
      vertex 16.8254 12.8897 6
    endloop
  endfacet
  facet normal -0 0 1
    outer loop
      vertex 16.5914 12.5681 6
      vertex 18.5943 11.824 6
      vertex 16.74 12.7776 6
    endloop
  endfacet
  facet normal 0 0 1
    outer loop
      vertex 18.5943 11.824 6
      vertex 16.5914 12.5681 6
      vertex 18.5627 11.6112 6
    endloop
  endfacet
  facet normal -0 0 1
    outer loop
      vertex 16.4688 12.3794 6
      vertex 18.5627 11.6112 6
      vertex 16.5914 12.5681 6
    endloop
  endfacet
  facet normal 0 0 1
    outer loop
      vertex 18.5627 11.6112 6
      vertex 16.4688 12.3794 6
      vertex 18.5289 11.4402 6
    endloop
  endfacet
  facet normal -0 0 1
    outer loop
      vertex 16.37 12.2128 6
      vertex 18.5289 11.4402 6
      vertex 16.4688 12.3794 6
    endloop
  endfacet
  facet normal 0 0 1
    outer loop
      vertex 18.5289 11.4402 6
      vertex 16.37 12.2128 6
      vertex 18.4973 11.3132 6
    endloop
  endfacet
  facet normal -0 0 1
    outer loop
      vertex 15.9054 11.3785 6
      vertex 18.2384 10.6781 6
      vertex 16.0887 11.4791 6
    endloop
  endfacet
  facet normal -0 0 1
    outer loop
      vertex 16.2927 12.0692 6
      vertex 18.4973 11.3132 6
      vertex 16.37 12.2128 6
    endloop
  endfacet
  facet normal 0 0 1
    outer loop
      vertex 18.4973 11.3132 6
      vertex 16.2927 12.0692 6
      vertex 18.4586 11.1736 6
    endloop
  endfacet
  facet normal -0 0 1
    outer loop
      vertex 16.2265 11.9403 6
      vertex 18.4586 11.1736 6
      vertex 16.2927 12.0692 6
    endloop
  endfacet
  facet normal 0 0 1
    outer loop
      vertex 18.4586 11.1736 6
      vertex 16.2265 11.9403 6
      vertex 18.2384 10.6781 6
    endloop
  endfacet
  facet normal 0 0 1
    outer loop
      vertex 18.2384 10.6781 6
      vertex 16.2265 11.9403 6
      vertex 16.0887 11.4791 6
    endloop
  endfacet
  facet normal 0 0 1
    outer loop
      vertex 18.2384 10.6781 6
      vertex 16.8425 7.33443 6
      vertex 17.9309 6.77652 6
    endloop
  endfacet
  facet normal 0 0 1
    outer loop
      vertex 15.9054 11.3785 6
      vertex 16.0887 11.4791 6
      vertex 15.919 11.3882 6
    endloop
  endfacet
  facet normal 0 0 1
    outer loop
      vertex 15.7129 7.7912 6
      vertex 18.2384 10.6781 6
      vertex 15.9054 11.3785 6
    endloop
  endfacet
  facet normal 0 0 1
    outer loop
      vertex 18.2384 10.6781 6
      vertex 15.7129 7.7912 6
      vertex 16.8425 7.33443 6
    endloop
  endfacet
  facet normal 0 0 1
    outer loop
      vertex 14.5658 8.14754 6
      vertex 15.9054 11.3785 6
      vertex 15.4665 11.5149 6
    endloop
  endfacet
  facet normal 0 0 1
    outer loop
      vertex 14.5658 8.14754 6
      vertex 15.4665 11.5149 6
      vertex 14.6056 11.7107 6
    endloop
  endfacet
  facet normal 0 0 1
    outer loop
      vertex 15.9054 11.3785 6
      vertex 14.5658 8.14754 6
      vertex 15.7129 7.7912 6
    endloop
  endfacet
  facet normal 0 0 1
    outer loop
      vertex 18.307 -10.4982 6
      vertex 18.3055 -10.4973 6
      vertex 18.2384 -10.6781 6
    endloop
  endfacet
  facet normal 0 0 1
    outer loop
      vertex 18.307 10.4982 6
      vertex 18.2384 10.6781 6
      vertex 18.3055 10.4973 6
    endloop
  endfacet
  facet normal 0 0 1
    outer loop
      vertex 21.7738 11.86 6
      vertex 22.579 11.3005 6
      vertex 22.6064 11.5479 6
    endloop
  endfacet
  facet normal -0 0 1
    outer loop
      vertex 21.5882 11.7531 6
      vertex 22.579 11.3005 6
      vertex 21.7738 11.86 6
    endloop
  endfacet
  facet normal 0 0 1
    outer loop
      vertex 22.579 11.3005 6
      vertex 21.5882 11.7531 6
      vertex 22.55 11.0978 6
    endloop
  endfacet
  facet normal -0 0 1
    outer loop
      vertex 21.4154 11.6476 6
      vertex 22.5188 10.9033 6
      vertex 21.5882 11.7531 6
    endloop
  endfacet
  facet normal 0 0 1
    outer loop
      vertex 22.5188 10.9033 6
      vertex 21.4154 11.6476 6
      vertex 22.4835 10.7191 6
    endloop
  endfacet
  facet normal -0 0 1
    outer loop
      vertex 21.2549 11.5437 6
      vertex 22.4835 10.7191 6
      vertex 21.4154 11.6476 6
    endloop
  endfacet
  facet normal 0 0 1
    outer loop
      vertex 22.4835 10.7191 6
      vertex 21.2549 11.5437 6
      vertex 22.4467 10.5438 6
    endloop
  endfacet
  facet normal 0 0 1
    outer loop
      vertex 22.4467 10.5438 6
      vertex 21.1061 11.4419 6
      vertex 22.4067 10.3793 6
    endloop
  endfacet
  facet normal -0 0 1
    outer loop
      vertex 20.9685 11.3425 6
      vertex 22.4067 10.3793 6
      vertex 21.1061 11.4419 6
    endloop
  endfacet
  facet normal 0 0 1
    outer loop
      vertex 22.4067 10.3793 6
      vertex 20.9685 11.3425 6
      vertex 22.3662 10.2243 6
    endloop
  endfacet
  facet normal -0 0 1
    outer loop
      vertex 20.8415 11.2459 6
      vertex 22.3662 10.2243 6
      vertex 20.9685 11.3425 6
    endloop
  endfacet
  facet normal -0 0 1
    outer loop
      vertex 20.7244 11.1525 6
      vertex 22.3235 10.0807 6
      vertex 20.8415 11.2459 6
    endloop
  endfacet
  facet normal 0 0 1
    outer loop
      vertex 22.3235 10.0807 6
      vertex 20.7244 11.1525 6
      vertex 22.2812 9.94745 6
    endloop
  endfacet
  facet normal -0 0 1
    outer loop
      vertex 20.6172 11.0623 6
      vertex 22.2812 9.94745 6
      vertex 20.7244 11.1525 6
    endloop
  endfacet
  facet normal -0 0 1
    outer loop
      vertex 21.7738 11.86 6
      vertex 22.6064 11.5479 6
      vertex 21.962 11.9614 6
    endloop
  endfacet
  facet normal 0 0 1
    outer loop
      vertex 22.55 11.0978 6
      vertex 21.5882 11.7531 6
      vertex 22.5188 10.9033 6
    endloop
  endfacet
  facet normal -0 0 1
    outer loop
      vertex 21.1061 11.4419 6
      vertex 22.4467 10.5438 6
      vertex 21.2549 11.5437 6
    endloop
  endfacet
  facet normal 0 0 1
    outer loop
      vertex 22.3662 10.2243 6
      vertex 20.8415 11.2459 6
      vertex 22.3235 10.0807 6
    endloop
  endfacet
  facet normal 0 0 1
    outer loop
      vertex 22.2812 9.94745 6
      vertex 20.6172 11.0623 6
      vertex 22.2382 9.82591 6
    endloop
  endfacet
  facet normal -0 0 1
    outer loop
      vertex 20.5188 10.9759 6
      vertex 22.2382 9.82591 6
      vertex 20.6172 11.0623 6
    endloop
  endfacet
  facet normal -0 0 1
    outer loop
      vertex 20.4293 10.8931 6
      vertex 22.1964 9.71545 6
      vertex 20.5188 10.9759 6
    endloop
  endfacet
  facet normal 0 0 1
    outer loop
      vertex 21.5498 8.50066 6
      vertex 20.674 4.58024 6
      vertex 21.5243 1.5987 6
    endloop
  endfacet
  facet normal 0 0 1
    outer loop
      vertex 22.1964 9.71545 6
      vertex 20.4293 10.8931 6
      vertex 22.1557 9.61707 6
    endloop
  endfacet
  facet normal 0 0 1
    outer loop
      vertex 21.5243 1.5987 6
      vertex 20.674 4.58024 6
      vertex 21.3533 1.66435 6
    endloop
  endfacet
  facet normal -0 0 1
    outer loop
      vertex 20.3477 10.8146 6
      vertex 22.1557 9.61707 6
      vertex 20.4293 10.8931 6
    endloop
  endfacet
  facet normal 0 0 1
    outer loop
      vertex 21.3533 1.66435 6
      vertex 20.674 4.58024 6
      vertex 21.1763 1.71176 6
    endloop
  endfacet
  facet normal 0 0 1
    outer loop
      vertex 22.1557 9.61707 6
      vertex 20.3477 10.8146 6
      vertex 22.1173 9.53049 6
    endloop
  endfacet
  facet normal 0 0 1
    outer loop
      vertex 22.1173 9.53049 6
      vertex 20.3477 10.8146 6
      vertex 22.0817 9.45625 6
    endloop
  endfacet
  facet normal 0 0 1
    outer loop
      vertex 21.1763 1.71176 6
      vertex 20.674 4.58024 6
      vertex 20.9954 1.74041 6
    endloop
  endfacet
  facet normal -0 0 1
    outer loop
      vertex 20.2079 10.6702 6
      vertex 22.0817 9.45625 6
      vertex 20.3477 10.8146 6
    endloop
  endfacet
  facet normal 0 0 1
    outer loop
      vertex 20.9954 1.74041 6
      vertex 20.674 4.58024 6
      vertex 20.8125 1.75 6
    endloop
  endfacet
  facet normal 0 0 1
    outer loop
      vertex 20.674 4.58024 6
      vertex 20.6296 1.74041 6
      vertex 20.8125 1.75 6
    endloop
  endfacet
  facet normal -0 0 1
    outer loop
      vertex 20.333 4.56237 6
      vertex 20.6296 1.74041 6
      vertex 20.674 4.58024 6
    endloop
  endfacet
  facet normal 0 0 1
    outer loop
      vertex 20.6296 1.74041 6
      vertex 20.333 4.56237 6
      vertex 20.4487 1.71176 6
    endloop
  endfacet
  facet normal -0 0 1
    outer loop
      vertex 19.8587 4.48725 6
      vertex 20.4487 1.71176 6
      vertex 20.333 4.56237 6
    endloop
  endfacet
  facet normal 0 0 1
    outer loop
      vertex 20.4487 1.71176 6
      vertex 19.8587 4.48725 6
      vertex 20.2717 1.66435 6
    endloop
  endfacet
  facet normal -0 0 1
    outer loop
      vertex 19.3949 4.36297 6
      vertex 20.2717 1.66435 6
      vertex 19.8587 4.48725 6
    endloop
  endfacet
  facet normal 0 0 1
    outer loop
      vertex 20.2717 1.66435 6
      vertex 19.3949 4.36297 6
      vertex 20.1007 1.5987 6
    endloop
  endfacet
  facet normal -0 0 1
    outer loop
      vertex 18.9466 4.19089 6
      vertex 20.1007 1.5987 6
      vertex 19.3949 4.36297 6
    endloop
  endfacet
  facet normal 0 0 1
    outer loop
      vertex 20.1007 1.5987 6
      vertex 18.9466 4.19089 6
      vertex 19.9375 1.51554 6
    endloop
  endfacet
  facet normal -0 0 1
    outer loop
      vertex 18.5187 3.97289 6
      vertex 19.9375 1.51554 6
      vertex 18.9466 4.19089 6
    endloop
  endfacet
  facet normal 0 0 1
    outer loop
      vertex 19.9375 1.51554 6
      vertex 18.5187 3.97289 6
      vertex 19.7839 1.41578 6
    endloop
  endfacet
  facet normal -0 0 1
    outer loop
      vertex 18.116 3.71136 6
      vertex 19.7839 1.41578 6
      vertex 18.5187 3.97289 6
    endloop
  endfacet
  facet normal 0 0 1
    outer loop
      vertex 19.7839 1.41578 6
      vertex 18.116 3.71136 6
      vertex 19.6415 1.3005 6
    endloop
  endfacet
  facet normal -0 0 1
    outer loop
      vertex 17.7429 3.40918 6
      vertex 19.6415 1.3005 6
      vertex 18.116 3.71136 6
    endloop
  endfacet
  facet normal 0 0 1
    outer loop
      vertex 19.6415 1.3005 6
      vertex 17.7429 3.40918 6
      vertex 19.512 1.17098 6
    endloop
  endfacet
  facet normal -0 0 1
    outer loop
      vertex 17.4033 3.06964 6
      vertex 19.512 1.17098 6
      vertex 17.7429 3.40918 6
    endloop
  endfacet
  facet normal -0 0 1
    outer loop
      vertex 17.1937 2.81083 6
      vertex 19.512 1.17098 6
      vertex 17.4033 3.06964 6
    endloop
  endfacet
  facet normal 0 0 1
    outer loop
      vertex 19.3967 1.02862 6
      vertex 17.1937 2.81083 6
      vertex 19.297 0.874999 6
    endloop
  endfacet
  facet normal 0 0 1
    outer loop
      vertex 19.512 1.17098 6
      vertex 17.1937 2.81083 6
      vertex 19.3967 1.02862 6
    endloop
  endfacet
  facet normal 0 0 1
    outer loop
      vertex 21.5733 -8.50995 6
      vertex 21.5498 -8.50066 6
      vertex 21.5497 -8.70102 6
    endloop
  endfacet
  facet normal 0 0 1
    outer loop
      vertex 21.5733 8.50995 6
      vertex 21.5497 8.70102 6
      vertex 21.5498 8.50066 6
    endloop
  endfacet
  facet normal 0 0 1
    outer loop
      vertex 25.6087 8.88826 6
      vertex 25.9234 8.21104 6
      vertex 25.9926 8.39191 6
    endloop
  endfacet
  facet normal 0 0 1
    outer loop
      vertex 25.341 8.92876 6
      vertex 25.9234 8.21104 6
      vertex 25.6087 8.88826 6
    endloop
  endfacet
  facet normal 0 0 1
    outer loop
      vertex 25.9234 8.21104 6
      vertex 25.1183 8.87791 6
      vertex 25.8402 8.01164 6
    endloop
  endfacet
  facet normal -0 0 1
    outer loop
      vertex 25.1183 8.87791 6
      vertex 25.9234 8.21104 6
      vertex 25.341 8.92876 6
    endloop
  endfacet
  facet normal 0 0 1
    outer loop
      vertex 25.8402 8.01164 6
      vertex 24.9111 8.82339 6
      vertex 25.7558 7.82323 6
    endloop
  endfacet
  facet normal -0 0 1
    outer loop
      vertex 25.341 8.92876 6
      vertex 25.6087 8.88826 6
      vertex 25.5315 8.96602 6
    endloop
  endfacet
  facet normal -0 0 1
    outer loop
      vertex 24.9111 8.82339 6
      vertex 25.8402 8.01164 6
      vertex 25.1183 8.87791 6
    endloop
  endfacet
  facet normal 0 0 1
    outer loop
      vertex 25.7558 7.82323 6
      vertex 24.9111 8.82339 6
      vertex 25.6704 7.64671 6
    endloop
  endfacet
  facet normal -0 0 1
    outer loop
      vertex 24.7188 8.7664 6
      vertex 25.6704 7.64671 6
      vertex 24.9111 8.82339 6
    endloop
  endfacet
  facet normal 0 0 1
    outer loop
      vertex 25.6704 7.64671 6
      vertex 24.7188 8.7664 6
      vertex 25.5849 7.48206 6
    endloop
  endfacet
  facet normal -0 0 1
    outer loop
      vertex 24.5408 8.70761 6
      vertex 25.5849 7.48206 6
      vertex 24.7188 8.7664 6
    endloop
  endfacet
  facet normal 0 0 1
    outer loop
      vertex 25.5849 7.48206 6
      vertex 24.5408 8.70761 6
      vertex 25.5 7.32967 6
    endloop
  endfacet
  facet normal -0 0 1
    outer loop
      vertex 24.3766 8.6478 6
      vertex 25.5 7.32967 6
      vertex 24.5408 8.70761 6
    endloop
  endfacet
  facet normal 0 0 1
    outer loop
      vertex 25.5 7.32967 6
      vertex 24.3766 8.6478 6
      vertex 25.4164 7.18977 6
    endloop
  endfacet
  facet normal -0 0 1
    outer loop
      vertex 24.2256 8.58775 6
      vertex 25.4164 7.18977 6
      vertex 24.3766 8.6478 6
    endloop
  endfacet
  facet normal 0 0 1
    outer loop
      vertex 25.4164 7.18977 6
      vertex 24.2256 8.58775 6
      vertex 25.3351 7.06248 6
    endloop
  endfacet
  facet normal -0 0 1
    outer loop
      vertex 24.0873 8.52792 6
      vertex 25.3351 7.06248 6
      vertex 24.2256 8.58775 6
    endloop
  endfacet
  facet normal 0 0 1
    outer loop
      vertex 25.3351 7.06248 6
      vertex 24.0873 8.52792 6
      vertex 25.2568 6.9481 6
    endloop
  endfacet
  facet normal -0 0 1
    outer loop
      vertex 23.961 8.46912 6
      vertex 25.2568 6.9481 6
      vertex 24.0873 8.52792 6
    endloop
  endfacet
  facet normal 0 0 1
    outer loop
      vertex 25.2568 6.9481 6
      vertex 23.961 8.46912 6
      vertex 25.1825 6.84651 6
    endloop
  endfacet
  facet normal -0 0 1
    outer loop
      vertex 23.8463 8.41158 6
      vertex 25.1825 6.84651 6
      vertex 23.961 8.46912 6
    endloop
  endfacet
  facet normal 0 0 1
    outer loop
      vertex 25.1825 6.84651 6
      vertex 23.8463 8.41158 6
      vertex 25.1132 6.75793 6
    endloop
  endfacet
  facet normal -0 0 1
    outer loop
      vertex 23.7425 8.356 6
      vertex 25.1132 6.75793 6
      vertex 23.8463 8.41158 6
    endloop
  endfacet
  facet normal 0 0 1
    outer loop
      vertex 25.1132 6.75793 6
      vertex 23.7425 8.356 6
      vertex 25.0499 6.68216 6
    endloop
  endfacet
  facet normal -0 0 1
    outer loop
      vertex 23.6491 8.30261 6
      vertex 25.0499 6.68216 6
      vertex 23.7425 8.356 6
    endloop
  endfacet
  facet normal 0 0 1
    outer loop
      vertex 25.0499 6.68216 6
      vertex 23.6491 8.30261 6
      vertex 24.9936 6.61913 6
    endloop
  endfacet
  facet normal 0 0 1
    outer loop
      vertex 24.9936 6.61913 6
      vertex 23.6491 8.30261 6
      vertex 24.9452 6.56859 6
    endloop
  endfacet
  facet normal 0 0 1
    outer loop
      vertex 24.9452 6.56859 6
      vertex 23.5655 8.25192 6
      vertex 24.8766 6.50351 6
    endloop
  endfacet
  facet normal -0 0 1
    outer loop
      vertex 23.5655 8.25192 6
      vertex 24.9452 6.56859 6
      vertex 23.6491 8.30261 6
    endloop
  endfacet
  facet normal 0 0 1
    outer loop
      vertex 27.9228 5.0162 6
      vertex 28.221 4.20938 6
      vertex 28.3143 4.32771 6
    endloop
  endfacet
  facet normal 0 0 1
    outer loop
      vertex 27.9228 5.0162 6
      vertex 28.3143 4.32771 6
      vertex 28.0449 4.99593 6
    endloop
  endfacet
  facet normal 0 0 1
    outer loop
      vertex 27.6837 5.04698 6
      vertex 28.221 4.20938 6
      vertex 27.9228 5.0162 6
    endloop
  endfacet
  facet normal 0 0 1
    outer loop
      vertex 28.221 4.20938 6
      vertex 27.6837 5.04698 6
      vertex 28.0723 4.03287 6
    endloop
  endfacet
  facet normal 0 0 1
    outer loop
      vertex 28.0723 4.03287 6
      vertex 27.6837 5.04698 6
      vertex 27.9258 3.87047 6
    endloop
  endfacet
  facet normal 0 0 1
    outer loop
      vertex 27.4591 5.06725 6
      vertex 27.9258 3.87047 6
      vertex 27.6837 5.04698 6
    endloop
  endfacet
  facet normal 0 0 1
    outer loop
      vertex 27.9258 3.87047 6
      vertex 27.4591 5.06725 6
      vertex 27.7825 3.722 6
    endloop
  endfacet
  facet normal 0 0 1
    outer loop
      vertex 27.2492 5.07877 6
      vertex 27.7825 3.722 6
      vertex 27.4591 5.06725 6
    endloop
  endfacet
  facet normal 0 0 1
    outer loop
      vertex 27.7825 3.722 6
      vertex 27.2492 5.07877 6
      vertex 27.6435 3.58759 6
    endloop
  endfacet
  facet normal 0 0 1
    outer loop
      vertex 27.0542 5.08206 6
      vertex 27.6435 3.58759 6
      vertex 27.2492 5.07877 6
    endloop
  endfacet
  facet normal 0 0 1
    outer loop
      vertex 27.6435 3.58759 6
      vertex 27.0542 5.08206 6
      vertex 27.5098 3.46706 6
    endloop
  endfacet
  facet normal -0 0 1
    outer loop
      vertex 26.8739 5.07906 6
      vertex 27.5098 3.46706 6
      vertex 27.0542 5.08206 6
    endloop
  endfacet
  facet normal 0 0 1
    outer loop
      vertex 27.5098 3.46706 6
      vertex 26.8739 5.07906 6
      vertex 27.3824 3.36018 6
    endloop
  endfacet
  facet normal -0 0 1
    outer loop
      vertex 26.7084 5.07004 6
      vertex 27.3824 3.36018 6
      vertex 26.8739 5.07906 6
    endloop
  endfacet
  facet normal 0 0 1
    outer loop
      vertex 27.3824 3.36018 6
      vertex 26.7084 5.07004 6
      vertex 27.2624 3.26672 6
    endloop
  endfacet
  facet normal -0 0 1
    outer loop
      vertex 26.557 5.05693 6
      vertex 27.2624 3.26672 6
      vertex 26.7084 5.07004 6
    endloop
  endfacet
  facet normal 0 0 1
    outer loop
      vertex 27.2624 3.26672 6
      vertex 26.557 5.05693 6
      vertex 27.1509 3.18608 6
    endloop
  endfacet
  facet normal -0 0 1
    outer loop
      vertex 26.42 5.03992 6
      vertex 27.1509 3.18608 6
      vertex 26.557 5.05693 6
    endloop
  endfacet
  facet normal 0 0 1
    outer loop
      vertex 27.1509 3.18608 6
      vertex 26.42 5.03992 6
      vertex 27.0488 3.11794 6
    endloop
  endfacet
  facet normal -0 0 1
    outer loop
      vertex 26.2965 5.02069 6
      vertex 27.0488 3.11794 6
      vertex 26.42 5.03992 6
    endloop
  endfacet
  facet normal 0 0 1
    outer loop
      vertex 27.0488 3.11794 6
      vertex 26.2965 5.02069 6
      vertex 26.9571 3.06137 6
    endloop
  endfacet
  facet normal -0 0 1
    outer loop
      vertex 26.1863 4.99951 6
      vertex 26.9571 3.06137 6
      vertex 26.2965 5.02069 6
    endloop
  endfacet
  facet normal 0 0 1
    outer loop
      vertex 26.9571 3.06137 6
      vertex 26.1863 4.99951 6
      vertex 26.8766 3.01591 6
    endloop
  endfacet
  facet normal -0 0 1
    outer loop
      vertex 26.0888 4.97769 6
      vertex 26.8766 3.01591 6
      vertex 26.1863 4.99951 6
    endloop
  endfacet
  facet normal 0 0 1
    outer loop
      vertex 26.8766 3.01591 6
      vertex 26.0888 4.97769 6
      vertex 26.8081 2.98044 6
    endloop
  endfacet
  facet normal 0 0 1
    outer loop
      vertex 26.8081 2.98044 6
      vertex 26.0888 4.97769 6
      vertex 26.7523 2.95424 6
    endloop
  endfacet
  facet normal 0 0 1
    outer loop
      vertex 26.7523 2.95424 6
      vertex 26.0888 4.97769 6
      vertex 26.6807 2.92502 6
    endloop
  endfacet
  facet normal -0 0 1
    outer loop
      vertex 26.0035 4.95557 6
      vertex 26.6807 2.92502 6
      vertex 26.0888 4.97769 6
    endloop
  endfacet
  facet normal 0 0 1
    outer loop
      vertex 26.6807 2.92502 6
      vertex 26.0035 4.95557 6
      vertex 26.5276 2.87648 6
    endloop
  endfacet
  facet normal -0 0 1
    outer loop
      vertex 25.9299 4.93408 6
      vertex 26.5276 2.87648 6
      vertex 26.0035 4.95557 6
    endloop
  endfacet
  facet normal -0 0 1
    outer loop
      vertex 25.8152 4.89499 6
      vertex 26.5276 2.87648 6
      vertex 25.9299 4.93408 6
    endloop
  endfacet
  facet normal -0 0 1
    outer loop
      vertex 25.6392 4.82323 6
      vertex 26.5276 2.87648 6
      vertex 25.8152 4.89499 6
    endloop
  endfacet
  facet normal 0 0 1
    outer loop
      vertex 26.5276 2.87648 6
      vertex 25.6392 4.82323 6
      vertex 25.8064 2.66916 6
    endloop
  endfacet
  facet normal -0 0 1
    outer loop
      vertex 25.0696 4.53116 6
      vertex 25.8064 2.66916 6
      vertex 25.6392 4.82323 6
    endloop
  endfacet
  facet normal 0 0 1
    outer loop
      vertex 25.8064 2.66916 6
      vertex 25.6884 2.49838 6
      vertex 25.713 2.50078 6
    endloop
  endfacet
  facet normal 0 -0 1
    outer loop
      vertex 25.6884 2.49838 6
      vertex 25.8064 2.66916 6
      vertex 25.0696 4.53116 6
    endloop
  endfacet
  facet normal 0 0 1
    outer loop
      vertex 28.9752 0.414337 6
      vertex 29.1114 0 6
      vertex 29.0841 0.3479 6
    endloop
  endfacet
  facet normal 0 0 1
    outer loop
      vertex 28.7638 0.532593 6
      vertex 29.1114 0 6
      vertex 28.9752 0.414337 6
    endloop
  endfacet
  facet normal 0 0 1
    outer loop
      vertex 29.1114 0 6
      vertex 28.9752 -0.414337 6
      vertex 29.0841 -0.3479 6
    endloop
  endfacet
  facet normal 0 0 1
    outer loop
      vertex 28.7638 -0.532593 6
      vertex 29.1114 0 6
      vertex 28.7638 0.532593 6
    endloop
  endfacet
  facet normal 0 0 1
    outer loop
      vertex 29.1114 0 6
      vertex 28.7638 -0.532593 6
      vertex 28.9752 -0.414337 6
    endloop
  endfacet
  facet normal 0 0 1
    outer loop
      vertex 28.561 0.636292 6
      vertex 28.7638 -0.532593 6
      vertex 28.7638 0.532593 6
    endloop
  endfacet
  facet normal 0 0 1
    outer loop
      vertex 28.561 0.636292 6
      vertex 28.561 -0.636292 6
      vertex 28.7638 -0.532593 6
    endloop
  endfacet
  facet normal 0 0 1
    outer loop
      vertex 28.3678 0.725906 6
      vertex 28.561 -0.636292 6
      vertex 28.561 0.636292 6
    endloop
  endfacet
  facet normal 0 0 1
    outer loop
      vertex 28.3678 0.725906 6
      vertex 28.3678 -0.725906 6
      vertex 28.561 -0.636292 6
    endloop
  endfacet
  facet normal 0 0 1
    outer loop
      vertex 28.1851 0.802414 6
      vertex 28.3678 -0.725906 6
      vertex 28.3678 0.725906 6
    endloop
  endfacet
  facet normal 0 0 1
    outer loop
      vertex 28.1851 0.802414 6
      vertex 28.1851 -0.802414 6
      vertex 28.3678 -0.725906 6
    endloop
  endfacet
  facet normal 0 0 1
    outer loop
      vertex 28.0139 0.866547 6
      vertex 28.1851 -0.802414 6
      vertex 28.1851 0.802414 6
    endloop
  endfacet
  facet normal 0 0 1
    outer loop
      vertex 28.0139 0.866547 6
      vertex 28.0139 -0.866547 6
      vertex 28.1851 -0.802414 6
    endloop
  endfacet
  facet normal 0 0 1
    outer loop
      vertex 27.8547 0.919342 6
      vertex 28.0139 -0.866547 6
      vertex 28.0139 0.866547 6
    endloop
  endfacet
  facet normal 0 0 1
    outer loop
      vertex 27.8547 0.919342 6
      vertex 27.8547 -0.919342 6
      vertex 28.0139 -0.866547 6
    endloop
  endfacet
  facet normal 0 0 1
    outer loop
      vertex 27.7083 0.961838 6
      vertex 27.8547 -0.919342 6
      vertex 27.8547 0.919342 6
    endloop
  endfacet
  facet normal 0 0 1
    outer loop
      vertex 27.7083 0.961838 6
      vertex 27.7083 -0.961838 6
      vertex 27.8547 -0.919342 6
    endloop
  endfacet
  facet normal 0 0 1
    outer loop
      vertex 27.575 0.99501 6
      vertex 27.7083 -0.961838 6
      vertex 27.7083 0.961838 6
    endloop
  endfacet
  facet normal 0 0 1
    outer loop
      vertex 27.575 0.99501 6
      vertex 27.575 -0.99501 6
      vertex 27.7083 -0.961838 6
    endloop
  endfacet
  facet normal 0 0 1
    outer loop
      vertex 27.4552 1.0202 6
      vertex 27.575 -0.99501 6
      vertex 27.575 0.99501 6
    endloop
  endfacet
  facet normal 0 0 1
    outer loop
      vertex 27.4552 1.0202 6
      vertex 27.4552 -1.0202 6
      vertex 27.575 -0.99501 6
    endloop
  endfacet
  facet normal 0 0 1
    outer loop
      vertex 27.3492 1.03821 6
      vertex 27.4552 -1.0202 6
      vertex 27.4552 1.0202 6
    endloop
  endfacet
  facet normal 0 0 1
    outer loop
      vertex 27.3492 1.03821 6
      vertex 27.3492 -1.03821 6
      vertex 27.4552 -1.0202 6
    endloop
  endfacet
  facet normal 0 0 1
    outer loop
      vertex 27.2569 1.05061 6
      vertex 27.3492 -1.03821 6
      vertex 27.3492 1.03821 6
    endloop
  endfacet
  facet normal 0 0 1
    outer loop
      vertex 27.2569 1.05061 6
      vertex 27.2569 -1.05061 6
      vertex 27.3492 -1.03821 6
    endloop
  endfacet
  facet normal 0 0 1
    outer loop
      vertex 27.1784 1.05794 6
      vertex 27.2569 -1.05061 6
      vertex 27.2569 1.05061 6
    endloop
  endfacet
  facet normal 0 0 1
    outer loop
      vertex 27.1784 1.05794 6
      vertex 27.1784 -1.05794 6
      vertex 27.2569 -1.05061 6
    endloop
  endfacet
  facet normal 0 0 1
    outer loop
      vertex 27.1134 1.06198 6
      vertex 27.1784 -1.05794 6
      vertex 27.1784 1.05794 6
    endloop
  endfacet
  facet normal 0 0 1
    outer loop
      vertex 27.1134 1.06198 6
      vertex 27.1134 -1.06198 6
      vertex 27.1784 -1.05794 6
    endloop
  endfacet
  facet normal 0 0 1
    outer loop
      vertex 27.023 1.06271 6
      vertex 27.1134 -1.06198 6
      vertex 27.1134 1.06198 6
    endloop
  endfacet
  facet normal 0 0 1
    outer loop
      vertex 27.023 1.06271 6
      vertex 27.023 -1.06271 6
      vertex 27.1134 -1.06198 6
    endloop
  endfacet
  facet normal -0 0 1
    outer loop
      vertex 26.8524 1.05144 6
      vertex 27.023 -1.06271 6
      vertex 27.023 1.06271 6
    endloop
  endfacet
  facet normal 0 0 1
    outer loop
      vertex 26.8524 1.05144 6
      vertex 26.8524 -1.05144 6
      vertex 27.023 -1.06271 6
    endloop
  endfacet
  facet normal -0 0 1
    outer loop
      vertex 26.1342 0.977325 6
      vertex 26.8524 -1.05144 6
      vertex 26.8524 1.05144 6
    endloop
  endfacet
  facet normal 0 0 1
    outer loop
      vertex 26.1342 0.977325 6
      vertex 26.1342 -0.977325 6
      vertex 26.8524 -1.05144 6
    endloop
  endfacet
  facet normal -0 0 1
    outer loop
      vertex 25.9619 1.09785 6
      vertex 26.1342 0.977325 6
      vertex 25.9848 1.09882 6
    endloop
  endfacet
  facet normal 0 0 1
    outer loop
      vertex 26.1342 0.977325 6
      vertex 25.9619 1.09785 6
      vertex 26.1342 -0.977325 6
    endloop
  endfacet
  facet normal 0 0 1
    outer loop
      vertex 25.9619 -1.09785 6
      vertex 26.1342 -0.977325 6
      vertex 25.9619 1.09785 6
    endloop
  endfacet
  facet normal 0 0 1
    outer loop
      vertex 26.1342 -0.977325 6
      vertex 25.9619 -1.09785 6
      vertex 25.9848 -1.09882 6
    endloop
  endfacet
  facet normal 0 0 1
    outer loop
      vertex 25.6884 2.49838 6
      vertex 25.9619 1.09785 6
      vertex 25.9325 1.47211 6
    endloop
  endfacet
  facet normal 0 0 1
    outer loop
      vertex 25.9619 1.09785 6
      vertex 25.6884 2.49838 6
      vertex 25.9619 -1.09785 6
    endloop
  endfacet
  facet normal 0 0 1
    outer loop
      vertex 25.6884 -2.49838 6
      vertex 25.9619 -1.09785 6
      vertex 25.6884 2.49838 6
    endloop
  endfacet
  facet normal 0 0 1
    outer loop
      vertex 25.9619 -1.09785 6
      vertex 25.6884 -2.49838 6
      vertex 25.9325 -1.47211 6
    endloop
  endfacet
  facet normal 0 0 1
    outer loop
      vertex 27.6837 -5.04698 6
      vertex 28.221 -4.20938 6
      vertex 28.0723 -4.03287 6
    endloop
  endfacet
  facet normal 0 0 1
    outer loop
      vertex 28.221 -4.20938 6
      vertex 27.9228 -5.0162 6
      vertex 28.3143 -4.32771 6
    endloop
  endfacet
  facet normal 0 0 1
    outer loop
      vertex 27.6837 -5.04698 6
      vertex 28.0723 -4.03287 6
      vertex 27.9258 -3.87047 6
    endloop
  endfacet
  facet normal 0 0 1
    outer loop
      vertex 28.3143 -4.32771 6
      vertex 27.9228 -5.0162 6
      vertex 28.0449 -4.99593 6
    endloop
  endfacet
  facet normal 0 0 1
    outer loop
      vertex 27.4591 -5.06725 6
      vertex 27.9258 -3.87047 6
      vertex 27.7825 -3.722 6
    endloop
  endfacet
  facet normal 0 0 1
    outer loop
      vertex 28.221 -4.20938 6
      vertex 27.6837 -5.04698 6
      vertex 27.9228 -5.0162 6
    endloop
  endfacet
  facet normal 0 0 1
    outer loop
      vertex 27.2492 -5.07877 6
      vertex 27.7825 -3.722 6
      vertex 27.6435 -3.58759 6
    endloop
  endfacet
  facet normal 0 0 1
    outer loop
      vertex 27.0542 -5.08206 6
      vertex 27.6435 -3.58759 6
      vertex 27.5098 -3.46706 6
    endloop
  endfacet
  facet normal 0 0 1
    outer loop
      vertex 27.9258 -3.87047 6
      vertex 27.4591 -5.06725 6
      vertex 27.6837 -5.04698 6
    endloop
  endfacet
  facet normal 0 0 1
    outer loop
      vertex 26.8739 -5.07906 6
      vertex 27.5098 -3.46706 6
      vertex 27.3824 -3.36018 6
    endloop
  endfacet
  facet normal 0 0 1
    outer loop
      vertex 26.7084 -5.07004 6
      vertex 27.3824 -3.36018 6
      vertex 27.2624 -3.26672 6
    endloop
  endfacet
  facet normal 0 0 1
    outer loop
      vertex 27.7825 -3.722 6
      vertex 27.2492 -5.07877 6
      vertex 27.4591 -5.06725 6
    endloop
  endfacet
  facet normal 0 0 1
    outer loop
      vertex 26.557 -5.05693 6
      vertex 27.2624 -3.26672 6
      vertex 27.1509 -3.18608 6
    endloop
  endfacet
  facet normal 0 0 1
    outer loop
      vertex 27.6435 -3.58759 6
      vertex 27.0542 -5.08206 6
      vertex 27.2492 -5.07877 6
    endloop
  endfacet
  facet normal 0 0 1
    outer loop
      vertex 26.42 -5.03992 6
      vertex 27.1509 -3.18608 6
      vertex 27.0488 -3.11794 6
    endloop
  endfacet
  facet normal 0 0 1
    outer loop
      vertex 26.2965 -5.02069 6
      vertex 27.0488 -3.11794 6
      vertex 26.9571 -3.06137 6
    endloop
  endfacet
  facet normal 0 0 1
    outer loop
      vertex 26.1863 -4.99951 6
      vertex 26.9571 -3.06137 6
      vertex 26.8766 -3.01591 6
    endloop
  endfacet
  facet normal 0 0 1
    outer loop
      vertex 27.5098 -3.46706 6
      vertex 26.8739 -5.07906 6
      vertex 27.0542 -5.08206 6
    endloop
  endfacet
  facet normal 0 0 1
    outer loop
      vertex 26.0888 -4.97769 6
      vertex 26.8766 -3.01591 6
      vertex 26.8081 -2.98044 6
    endloop
  endfacet
  facet normal 0 0 1
    outer loop
      vertex 26.0888 -4.97769 6
      vertex 26.8081 -2.98044 6
      vertex 26.7097 -2.93607 6
    endloop
  endfacet
  facet normal 0 0 1
    outer loop
      vertex 27.3824 -3.36018 6
      vertex 26.7084 -5.07004 6
      vertex 26.8739 -5.07906 6
    endloop
  endfacet
  facet normal 0 0 1
    outer loop
      vertex 26.0888 -4.97769 6
      vertex 26.7097 -2.93607 6
      vertex 26.665 -2.91946 6
    endloop
  endfacet
  facet normal 0 0 1
    outer loop
      vertex 27.2624 -3.26672 6
      vertex 26.557 -5.05693 6
      vertex 26.7084 -5.07004 6
    endloop
  endfacet
  facet normal 0 0 1
    outer loop
      vertex 26.0035 -4.95557 6
      vertex 26.665 -2.91946 6
      vertex 26.5276 -2.87648 6
    endloop
  endfacet
  facet normal 0 0 1
    outer loop
      vertex 27.1509 -3.18608 6
      vertex 26.42 -5.03992 6
      vertex 26.557 -5.05693 6
    endloop
  endfacet
  facet normal 0 0 1
    outer loop
      vertex 27.0488 -3.11794 6
      vertex 26.2965 -5.02069 6
      vertex 26.42 -5.03992 6
    endloop
  endfacet
  facet normal 0 0 1
    outer loop
      vertex 26.9571 -3.06137 6
      vertex 26.1863 -4.99951 6
      vertex 26.2965 -5.02069 6
    endloop
  endfacet
  facet normal 0 0 1
    outer loop
      vertex 26.8766 -3.01591 6
      vertex 26.0888 -4.97769 6
      vertex 26.1863 -4.99951 6
    endloop
  endfacet
  facet normal 0 0 1
    outer loop
      vertex 26.665 -2.91946 6
      vertex 26.0035 -4.95557 6
      vertex 26.0888 -4.97769 6
    endloop
  endfacet
  facet normal 0 0 1
    outer loop
      vertex 26.5276 -2.87648 6
      vertex 25.9299 -4.93408 6
      vertex 26.0035 -4.95557 6
    endloop
  endfacet
  facet normal 0 0 1
    outer loop
      vertex 26.5276 -2.87648 6
      vertex 25.8152 -4.89499 6
      vertex 25.9299 -4.93408 6
    endloop
  endfacet
  facet normal 0 0 1
    outer loop
      vertex 25.6392 -4.82323 6
      vertex 26.5276 -2.87648 6
      vertex 25.8064 -2.66916 6
    endloop
  endfacet
  facet normal 0 0 1
    outer loop
      vertex 25.6884 -2.49838 6
      vertex 25.8064 -2.66916 6
      vertex 25.713 -2.50078 6
    endloop
  endfacet
  facet normal 0 0 1
    outer loop
      vertex 25.8064 -2.66916 6
      vertex 25.6884 -2.49838 6
      vertex 25.0696 -4.53116 6
    endloop
  endfacet
  facet normal 0 0 1
    outer loop
      vertex 26.5276 -2.87648 6
      vertex 25.6392 -4.82323 6
      vertex 25.8152 -4.89499 6
    endloop
  endfacet
  facet normal 0 0 1
    outer loop
      vertex 24.8678 4.58713 6
      vertex 25.6884 2.49838 6
      vertex 25.0696 4.53116 6
    endloop
  endfacet
  facet normal 0 0 1
    outer loop
      vertex 25.6884 2.49838 6
      vertex 24.8678 4.58713 6
      vertex 25.6884 -2.49838 6
    endloop
  endfacet
  facet normal 0 0 1
    outer loop
      vertex 25.8064 -2.66916 6
      vertex 25.0696 -4.53116 6
      vertex 25.6392 -4.82323 6
    endloop
  endfacet
  facet normal -0 0 1
    outer loop
      vertex 24.8678 4.58713 6
      vertex 25.0696 4.53116 6
      vertex 24.8865 4.59058 6
    endloop
  endfacet
  facet normal 0 0 1
    outer loop
      vertex 24.8678 -4.58713 6
      vertex 25.6884 -2.49838 6
      vertex 24.8678 4.58713 6
    endloop
  endfacet
  facet normal 0 0 1
    outer loop
      vertex 25.6884 -2.49838 6
      vertex 24.8678 -4.58713 6
      vertex 25.0696 -4.53116 6
    endloop
  endfacet
  facet normal 0 0 1
    outer loop
      vertex 25.0696 -4.53116 6
      vertex 24.8678 -4.58713 6
      vertex 24.8865 -4.59058 6
    endloop
  endfacet
  facet normal 0 0 1
    outer loop
      vertex 24.136 5.79623 6
      vertex 24.8678 4.58713 6
      vertex 24.2578 5.63873 6
    endloop
  endfacet
  facet normal 0 0 1
    outer loop
      vertex 24.8678 4.58713 6
      vertex 24.136 5.79623 6
      vertex 24.8678 -4.58713 6
    endloop
  endfacet
  facet normal 0 0 1
    outer loop
      vertex 24.136 -5.79623 6
      vertex 24.8678 -4.58713 6
      vertex 24.136 5.79623 6
    endloop
  endfacet
  facet normal 0 0 1
    outer loop
      vertex 24.8678 -4.58713 6
      vertex 24.136 -5.79623 6
      vertex 24.2578 -5.63873 6
    endloop
  endfacet
  facet normal 0 0 1
    outer loop
      vertex 25.1183 -8.87791 6
      vertex 25.9234 -8.21104 6
      vertex 25.8402 -8.01164 6
    endloop
  endfacet
  facet normal 0 0 1
    outer loop
      vertex 24.9111 -8.82339 6
      vertex 25.8402 -8.01164 6
      vertex 25.7558 -7.82323 6
    endloop
  endfacet
  facet normal 0 0 1
    outer loop
      vertex 24.9111 -8.82339 6
      vertex 25.7558 -7.82323 6
      vertex 25.6704 -7.64671 6
    endloop
  endfacet
  facet normal 0 0 1
    outer loop
      vertex 25.9234 -8.21104 6
      vertex 25.1183 -8.87791 6
      vertex 25.341 -8.92876 6
    endloop
  endfacet
  facet normal 0 0 1
    outer loop
      vertex 24.7188 -8.7664 6
      vertex 25.6704 -7.64671 6
      vertex 25.5849 -7.48206 6
    endloop
  endfacet
  facet normal 0 0 1
    outer loop
      vertex 25.9234 -8.21104 6
      vertex 25.341 -8.92876 6
      vertex 25.6087 -8.88826 6
    endloop
  endfacet
  facet normal 0 0 1
    outer loop
      vertex 24.5408 -8.70761 6
      vertex 25.5849 -7.48206 6
      vertex 25.5 -7.32967 6
    endloop
  endfacet
  facet normal 0 0 1
    outer loop
      vertex 24.3766 -8.6478 6
      vertex 25.5 -7.32967 6
      vertex 25.4164 -7.18977 6
    endloop
  endfacet
  facet normal 0 0 1
    outer loop
      vertex 25.6087 -8.88826 6
      vertex 25.341 -8.92876 6
      vertex 25.5315 -8.96602 6
    endloop
  endfacet
  facet normal 0 0 1
    outer loop
      vertex 24.2256 -8.58775 6
      vertex 25.4164 -7.18977 6
      vertex 25.3351 -7.06248 6
    endloop
  endfacet
  facet normal 0 0 1
    outer loop
      vertex 24.0873 -8.52792 6
      vertex 25.3351 -7.06248 6
      vertex 25.2568 -6.9481 6
    endloop
  endfacet
  facet normal 0 0 1
    outer loop
      vertex 23.961 -8.46912 6
      vertex 25.2568 -6.9481 6
      vertex 25.1825 -6.84651 6
    endloop
  endfacet
  facet normal 0 0 1
    outer loop
      vertex 25.9234 -8.21104 6
      vertex 25.6087 -8.88826 6
      vertex 25.9926 -8.39191 6
    endloop
  endfacet
  facet normal 0 0 1
    outer loop
      vertex 23.8463 -8.41158 6
      vertex 25.1825 -6.84651 6
      vertex 25.1132 -6.75793 6
    endloop
  endfacet
  facet normal 0 0 1
    outer loop
      vertex 23.7425 -8.356 6
      vertex 25.1132 -6.75793 6
      vertex 25.0499 -6.68216 6
    endloop
  endfacet
  facet normal 0 0 1
    outer loop
      vertex 23.6491 -8.30261 6
      vertex 25.0499 -6.68216 6
      vertex 24.9936 -6.61913 6
    endloop
  endfacet
  facet normal 0 0 1
    outer loop
      vertex 23.6491 -8.30261 6
      vertex 24.9936 -6.61913 6
      vertex 24.9452 -6.56859 6
    endloop
  endfacet
  facet normal 0 0 1
    outer loop
      vertex 25.8402 -8.01164 6
      vertex 24.9111 -8.82339 6
      vertex 25.1183 -8.87791 6
    endloop
  endfacet
  facet normal 0 0 1
    outer loop
      vertex 23.5655 -8.25192 6
      vertex 24.9452 -6.56859 6
      vertex 24.8522 -6.48294 6
    endloop
  endfacet
  facet normal 0 0 1
    outer loop
      vertex 23.4912 -8.20419 6
      vertex 24.8522 -6.48294 6
      vertex 24.7461 -6.3965 6
    endloop
  endfacet
  facet normal 0 0 1
    outer loop
      vertex 25.6704 -7.64671 6
      vertex 24.7188 -8.7664 6
      vertex 24.9111 -8.82339 6
    endloop
  endfacet
  facet normal 0 0 1
    outer loop
      vertex 25.5849 -7.48206 6
      vertex 24.5408 -8.70761 6
      vertex 24.7188 -8.7664 6
    endloop
  endfacet
  facet normal 0 0 1
    outer loop
      vertex 25.5 -7.32967 6
      vertex 24.3766 -8.6478 6
      vertex 24.5408 -8.70761 6
    endloop
  endfacet
  facet normal 0 0 1
    outer loop
      vertex 25.4164 -7.18977 6
      vertex 24.2256 -8.58775 6
      vertex 24.3766 -8.6478 6
    endloop
  endfacet
  facet normal 0 0 1
    outer loop
      vertex 23.205 -7.9926 6
      vertex 24.7461 -6.3965 6
      vertex 24.1799 -5.98923 6
    endloop
  endfacet
  facet normal 0 0 1
    outer loop
      vertex 24.136 -5.79623 6
      vertex 24.1799 -5.98923 6
      vertex 24.1485 -5.79926 6
    endloop
  endfacet
  facet normal 0 0 1
    outer loop
      vertex 22.8103 -7.59253 6
      vertex 24.1799 -5.98923 6
      vertex 24.136 -5.79623 6
    endloop
  endfacet
  facet normal 0 0 1
    outer loop
      vertex 25.3351 -7.06248 6
      vertex 24.0873 -8.52792 6
      vertex 24.2256 -8.58775 6
    endloop
  endfacet
  facet normal 0 0 1
    outer loop
      vertex 24.136 5.79623 6
      vertex 22.5625 0 6
      vertex 24.136 -5.79623 6
    endloop
  endfacet
  facet normal 0 0 1
    outer loop
      vertex 24.8766 6.50351 6
      vertex 23.5655 8.25192 6
      vertex 24.7461 6.3965 6
    endloop
  endfacet
  facet normal -0 0 1
    outer loop
      vertex 22.5433 -0.24351 6
      vertex 24.136 -5.79623 6
      vertex 22.5625 0 6
    endloop
  endfacet
  facet normal -0 0 1
    outer loop
      vertex 23.4912 8.20419 6
      vertex 24.7461 6.3965 6
      vertex 23.5655 8.25192 6
    endloop
  endfacet
  facet normal -0 0 1
    outer loop
      vertex 22.5243 -0.363845 6
      vertex 24.136 -5.79623 6
      vertex 22.5433 -0.24351 6
    endloop
  endfacet
  facet normal -0 0 1
    outer loop
      vertex 23.3686 8.11879 6
      vertex 24.7461 6.3965 6
      vertex 23.4912 8.20419 6
    endloop
  endfacet
  facet normal -0 0 1
    outer loop
      vertex 22.4768 -0.540779 6
      vertex 24.136 -5.79623 6
      vertex 22.5243 -0.363845 6
    endloop
  endfacet
  facet normal -0 0 1
    outer loop
      vertex 23.205 7.9926 6
      vertex 24.7461 6.3965 6
      vertex 23.3686 8.11879 6
    endloop
  endfacet
  facet normal -0 0 1
    outer loop
      vertex 22.4112 -0.711788 6
      vertex 24.136 -5.79623 6
      vertex 22.4768 -0.540779 6
    endloop
  endfacet
  facet normal 0 0 1
    outer loop
      vertex 24.7461 6.3965 6
      vertex 23.205 7.9926 6
      vertex 24.1799 5.98923 6
    endloop
  endfacet
  facet normal -0 0 1
    outer loop
      vertex 22.328 -0.874999 6
      vertex 24.136 -5.79623 6
      vertex 22.4112 -0.711788 6
    endloop
  endfacet
  facet normal -0 0 1
    outer loop
      vertex 22.8103 7.59253 6
      vertex 24.1799 5.98923 6
      vertex 23.205 7.9926 6
    endloop
  endfacet
  facet normal -0 0 1
    outer loop
      vertex 22.2283 -1.02862 6
      vertex 24.136 -5.79623 6
      vertex 22.328 -0.874999 6
    endloop
  endfacet
  facet normal 0 0 1
    outer loop
      vertex 24.1799 5.98923 6
      vertex 24.136 5.79623 6
      vertex 24.1485 5.79926 6
    endloop
  endfacet
  facet normal -0 0 1
    outer loop
      vertex 22.113 -1.17098 6
      vertex 24.136 -5.79623 6
      vertex 22.2283 -1.02862 6
    endloop
  endfacet
  facet normal 0 0 1
    outer loop
      vertex 24.1799 5.98923 6
      vertex 22.8103 7.59253 6
      vertex 24.136 5.79623 6
    endloop
  endfacet
  facet normal 0 0 1
    outer loop
      vertex 24.1799 -5.98923 6
      vertex 22.8103 -7.59253 6
      vertex 23.205 -7.9926 6
    endloop
  endfacet
  facet normal -0 0 1
    outer loop
      vertex 22.5946 7.58409 6
      vertex 24.136 5.79623 6
      vertex 22.8103 7.59253 6
    endloop
  endfacet
  facet normal 0 0 1
    outer loop
      vertex 25.2568 -6.9481 6
      vertex 23.961 -8.46912 6
      vertex 24.0873 -8.52792 6
    endloop
  endfacet
  facet normal 0 0 1
    outer loop
      vertex 22.5946 7.58409 6
      vertex 22.8103 7.59253 6
      vertex 22.6178 7.59187 6
    endloop
  endfacet
  facet normal 0 0 1
    outer loop
      vertex 25.1825 -6.84651 6
      vertex 23.8463 -8.41158 6
      vertex 23.961 -8.46912 6
    endloop
  endfacet
  facet normal 0 0 1
    outer loop
      vertex 24.136 5.79623 6
      vertex 22.5946 7.58409 6
      vertex 21.5243 1.5987 6
    endloop
  endfacet
  facet normal 0 0 1
    outer loop
      vertex 25.1132 -6.75793 6
      vertex 23.7425 -8.356 6
      vertex 23.8463 -8.41158 6
    endloop
  endfacet
  facet normal 0 0 1
    outer loop
      vertex 25.0499 -6.68216 6
      vertex 23.6491 -8.30261 6
      vertex 23.7425 -8.356 6
    endloop
  endfacet
  facet normal 0 0 1
    outer loop
      vertex 24.136 5.79623 6
      vertex 22.5433 0.24351 6
      vertex 22.5625 0 6
    endloop
  endfacet
  facet normal 0 0 1
    outer loop
      vertex 24.136 5.79623 6
      vertex 22.5243 0.363845 6
      vertex 22.5433 0.24351 6
    endloop
  endfacet
  facet normal 0 0 1
    outer loop
      vertex 24.136 5.79623 6
      vertex 22.4768 0.540779 6
      vertex 22.5243 0.363845 6
    endloop
  endfacet
  facet normal 0 0 1
    outer loop
      vertex 24.136 5.79623 6
      vertex 22.4112 0.711788 6
      vertex 22.4768 0.540779 6
    endloop
  endfacet
  facet normal 0 0 1
    outer loop
      vertex 24.136 5.79623 6
      vertex 22.328 0.874999 6
      vertex 22.4112 0.711788 6
    endloop
  endfacet
  facet normal 0 0 1
    outer loop
      vertex 24.136 5.79623 6
      vertex 22.2283 1.02862 6
      vertex 22.328 0.874999 6
    endloop
  endfacet
  facet normal 0 0 1
    outer loop
      vertex 21.5243 1.5987 6
      vertex 22.5946 7.58409 6
      vertex 22.207 7.9744 6
    endloop
  endfacet
  facet normal 0 0 1
    outer loop
      vertex 24.136 5.79623 6
      vertex 22.113 1.17098 6
      vertex 22.2283 1.02862 6
    endloop
  endfacet
  facet normal 0 0 1
    outer loop
      vertex 24.136 5.79623 6
      vertex 21.9835 1.3005 6
      vertex 22.113 1.17098 6
    endloop
  endfacet
  facet normal 0 0 1
    outer loop
      vertex 24.136 5.79623 6
      vertex 21.8411 1.41578 6
      vertex 21.9835 1.3005 6
    endloop
  endfacet
  facet normal 0 0 1
    outer loop
      vertex 24.136 5.79623 6
      vertex 21.6875 1.51554 6
      vertex 21.8411 1.41578 6
    endloop
  endfacet
  facet normal 0 0 1
    outer loop
      vertex 21.5243 1.5987 6
      vertex 22.207 7.9744 6
      vertex 21.5498 8.50066 6
    endloop
  endfacet
  facet normal 0 0 1
    outer loop
      vertex 24.136 5.79623 6
      vertex 21.5243 1.5987 6
      vertex 21.6875 1.51554 6
    endloop
  endfacet
  facet normal 0 0 1
    outer loop
      vertex 22.2382 9.82591 6
      vertex 20.5188 10.9759 6
      vertex 22.1964 9.71545 6
    endloop
  endfacet
  facet normal 0 0 1
    outer loop
      vertex 24.9452 -6.56859 6
      vertex 23.5655 -8.25192 6
      vertex 23.6491 -8.30261 6
    endloop
  endfacet
  facet normal 0 0 1
    outer loop
      vertex 24.7461 -6.3965 6
      vertex 23.3686 -8.11879 6
      vertex 23.4912 -8.20419 6
    endloop
  endfacet
  facet normal 0 0 1
    outer loop
      vertex 24.7461 -6.3965 6
      vertex 23.205 -7.9926 6
      vertex 23.3686 -8.11879 6
    endloop
  endfacet
  facet normal 0 0 1
    outer loop
      vertex 24.8522 -6.48294 6
      vertex 23.4912 -8.20419 6
      vertex 23.5655 -8.25192 6
    endloop
  endfacet
  facet normal -0 0 1
    outer loop
      vertex 21.9835 -1.3005 6
      vertex 24.136 -5.79623 6
      vertex 22.113 -1.17098 6
    endloop
  endfacet
  facet normal -0 0 1
    outer loop
      vertex 21.8411 -1.41578 6
      vertex 24.136 -5.79623 6
      vertex 21.9835 -1.3005 6
    endloop
  endfacet
  facet normal 0 -0 1
    outer loop
      vertex 22.5946 -7.58409 6
      vertex 24.136 -5.79623 6
      vertex 20.674 -4.58024 6
    endloop
  endfacet
  facet normal 0 0 1
    outer loop
      vertex 24.136 -5.79623 6
      vertex 22.5946 -7.58409 6
      vertex 22.8103 -7.59253 6
    endloop
  endfacet
  facet normal 0 0 1
    outer loop
      vertex 22.8103 -7.59253 6
      vertex 22.5946 -7.58409 6
      vertex 22.6178 -7.59187 6
    endloop
  endfacet
  facet normal -0 0 1
    outer loop
      vertex 21.6875 -1.51554 6
      vertex 24.136 -5.79623 6
      vertex 21.8411 -1.41578 6
    endloop
  endfacet
  facet normal 0 0 1
    outer loop
      vertex 24.136 -5.79623 6
      vertex 21.6875 -1.51554 6
      vertex 20.674 -4.58024 6
    endloop
  endfacet
  facet normal -0 0 1
    outer loop
      vertex 19.8812 -5.3781 6
      vertex 22.5946 -7.58409 6
      vertex 20.674 -4.58024 6
    endloop
  endfacet
  facet normal 0 0 1
    outer loop
      vertex 22.5946 -7.58409 6
      vertex 19.8812 -5.3781 6
      vertex 22.207 -7.9744 6
    endloop
  endfacet
  facet normal 0 0 1
    outer loop
      vertex 20.674 -4.58024 6
      vertex 21.6875 -1.51554 6
      vertex 21.5243 -1.5987 6
    endloop
  endfacet
  facet normal 0 0 1
    outer loop
      vertex 21.5882 -11.7531 6
      vertex 22.579 -11.3005 6
      vertex 22.55 -11.0978 6
    endloop
  endfacet
  facet normal 0 0 1
    outer loop
      vertex 21.5882 -11.7531 6
      vertex 22.55 -11.0978 6
      vertex 22.5188 -10.9033 6
    endloop
  endfacet
  facet normal 0 0 1
    outer loop
      vertex 21.4154 -11.6476 6
      vertex 22.5188 -10.9033 6
      vertex 22.4835 -10.7191 6
    endloop
  endfacet
  facet normal 0 0 1
    outer loop
      vertex 21.2549 -11.5437 6
      vertex 22.4835 -10.7191 6
      vertex 22.4467 -10.5438 6
    endloop
  endfacet
  facet normal 0 0 1
    outer loop
      vertex 21.1061 -11.4419 6
      vertex 22.4467 -10.5438 6
      vertex 22.4067 -10.3793 6
    endloop
  endfacet
  facet normal 0 0 1
    outer loop
      vertex 20.9685 -11.3425 6
      vertex 22.4067 -10.3793 6
      vertex 22.3662 -10.2243 6
    endloop
  endfacet
  facet normal 0 0 1
    outer loop
      vertex 20.8415 -11.2459 6
      vertex 22.3662 -10.2243 6
      vertex 22.3235 -10.0807 6
    endloop
  endfacet
  facet normal 0 0 1
    outer loop
      vertex 20.7244 -11.1525 6
      vertex 22.3235 -10.0807 6
      vertex 22.2812 -9.94745 6
    endloop
  endfacet
  facet normal 0 0 1
    outer loop
      vertex 20.6172 -11.0623 6
      vertex 22.2812 -9.94745 6
      vertex 22.2382 -9.82591 6
    endloop
  endfacet
  facet normal 0 0 1
    outer loop
      vertex 20.5188 -10.9759 6
      vertex 22.2382 -9.82591 6
      vertex 22.1964 -9.71545 6
    endloop
  endfacet
  facet normal 0 0 1
    outer loop
      vertex 20.4293 -10.8931 6
      vertex 22.1964 -9.71545 6
      vertex 22.1557 -9.61707 6
    endloop
  endfacet
  facet normal 0 0 1
    outer loop
      vertex 20.3477 -10.8146 6
      vertex 22.1557 -9.61707 6
      vertex 22.1173 -9.53049 6
    endloop
  endfacet
  facet normal 0 0 1
    outer loop
      vertex 20.3477 -10.8146 6
      vertex 22.1173 -9.53049 6
      vertex 22.0817 -9.45625 6
    endloop
  endfacet
  facet normal 0 0 1
    outer loop
      vertex 20.2079 -10.6702 6
      vertex 22.0817 -9.45625 6
      vertex 22.0226 -9.34499 6
    endloop
  endfacet
  facet normal 0 0 1
    outer loop
      vertex 22.4835 -10.7191 6
      vertex 21.2549 -11.5437 6
      vertex 21.4154 -11.6476 6
    endloop
  endfacet
  facet normal 0 0 1
    outer loop
      vertex 20.2079 -10.6702 6
      vertex 22.0226 -9.34499 6
      vertex 21.925 -9.18484 6
    endloop
  endfacet
  facet normal 0 0 1
    outer loop
      vertex 22.6064 -11.5479 6
      vertex 21.7738 -11.86 6
      vertex 21.962 -11.9614 6
    endloop
  endfacet
  facet normal 0 0 1
    outer loop
      vertex 22.579 -11.3005 6
      vertex 21.7738 -11.86 6
      vertex 22.6064 -11.5479 6
    endloop
  endfacet
  facet normal 0 0 1
    outer loop
      vertex 19.9588 -10.3759 6
      vertex 21.925 -9.18484 6
      vertex 21.5497 -8.70102 6
    endloop
  endfacet
  facet normal 0 0 1
    outer loop
      vertex 22.579 -11.3005 6
      vertex 21.5882 -11.7531 6
      vertex 21.7738 -11.86 6
    endloop
  endfacet
  facet normal 0 0 1
    outer loop
      vertex 22.207 -7.9744 6
      vertex 19.8812 -5.3781 6
      vertex 21.5498 -8.50066 6
    endloop
  endfacet
  facet normal 0 0 1
    outer loop
      vertex 20.674 -4.58024 6
      vertex 21.5243 -1.5987 6
      vertex 21.3533 -1.66435 6
    endloop
  endfacet
  facet normal -0 0 1
    outer loop
      vertex 18.9525 -6.12137 6
      vertex 21.5498 -8.50066 6
      vertex 19.8812 -5.3781 6
    endloop
  endfacet
  facet normal 0 0 1
    outer loop
      vertex 20.674 -4.58024 6
      vertex 21.3533 -1.66435 6
      vertex 21.1763 -1.71176 6
    endloop
  endfacet
  facet normal 0 0 1
    outer loop
      vertex 22.5188 -10.9033 6
      vertex 21.4154 -11.6476 6
      vertex 21.5882 -11.7531 6
    endloop
  endfacet
  facet normal 0 0 1
    outer loop
      vertex 20.674 -4.58024 6
      vertex 21.1763 -1.71176 6
      vertex 20.9954 -1.74041 6
    endloop
  endfacet
  facet normal 0 0 1
    outer loop
      vertex 22.4467 -10.5438 6
      vertex 21.1061 -11.4419 6
      vertex 21.2549 -11.5437 6
    endloop
  endfacet
  facet normal 0 0 1
    outer loop
      vertex 22.4067 -10.3793 6
      vertex 20.9685 -11.3425 6
      vertex 21.1061 -11.4419 6
    endloop
  endfacet
  facet normal 0 0 1
    outer loop
      vertex 20.674 -4.58024 6
      vertex 20.9954 -1.74041 6
      vertex 20.8125 -1.75 6
    endloop
  endfacet
  facet normal 0 0 1
    outer loop
      vertex 22.3662 -10.2243 6
      vertex 20.8415 -11.2459 6
      vertex 20.9685 -11.3425 6
    endloop
  endfacet
  facet normal 0 0 1
    outer loop
      vertex 22.3235 -10.0807 6
      vertex 20.7244 -11.1525 6
      vertex 20.8415 -11.2459 6
    endloop
  endfacet
  facet normal 0 0 1
    outer loop
      vertex 20.6296 -1.74041 6
      vertex 20.674 -4.58024 6
      vertex 20.8125 -1.75 6
    endloop
  endfacet
  facet normal 0 0 1
    outer loop
      vertex 20.333 -4.56237 6
      vertex 20.6296 -1.74041 6
      vertex 20.4487 -1.71176 6
    endloop
  endfacet
  facet normal 0 0 1
    outer loop
      vertex 20.6296 -1.74041 6
      vertex 20.333 -4.56237 6
      vertex 20.674 -4.58024 6
    endloop
  endfacet
  facet normal 0 0 1
    outer loop
      vertex 19.8587 -4.48725 6
      vertex 20.4487 -1.71176 6
      vertex 20.2717 -1.66435 6
    endloop
  endfacet
  facet normal 0 0 1
    outer loop
      vertex 19.3949 -4.36297 6
      vertex 20.2717 -1.66435 6
      vertex 20.1007 -1.5987 6
    endloop
  endfacet
  facet normal 0 0 1
    outer loop
      vertex 18.9466 -4.19089 6
      vertex 20.1007 -1.5987 6
      vertex 19.9375 -1.51554 6
    endloop
  endfacet
  facet normal 0 0 1
    outer loop
      vertex 20.4487 -1.71176 6
      vertex 19.8587 -4.48725 6
      vertex 20.333 -4.56237 6
    endloop
  endfacet
  facet normal 0 0 1
    outer loop
      vertex 18.5187 -3.97289 6
      vertex 19.9375 -1.51554 6
      vertex 19.7839 -1.41578 6
    endloop
  endfacet
  facet normal 0 0 1
    outer loop
      vertex 18.116 -3.71136 6
      vertex 19.7839 -1.41578 6
      vertex 19.6415 -1.3005 6
    endloop
  endfacet
  facet normal 0 0 1
    outer loop
      vertex 17.7429 -3.40918 6
      vertex 19.6415 -1.3005 6
      vertex 19.512 -1.17098 6
    endloop
  endfacet
  facet normal 0 0 1
    outer loop
      vertex 17.4033 -3.06964 6
      vertex 19.512 -1.17098 6
      vertex 19.3967 -1.02862 6
    endloop
  endfacet
  facet normal 0 0 1
    outer loop
      vertex 20.2717 -1.66435 6
      vertex 19.3949 -4.36297 6
      vertex 19.8587 -4.48725 6
    endloop
  endfacet
  facet normal 0 0 1
    outer loop
      vertex 17.1011 -2.69646 6
      vertex 19.3967 -1.02862 6
      vertex 19.297 -0.874999 6
    endloop
  endfacet
  facet normal 0 0 1
    outer loop
      vertex 16.7988 -2.21368 6
      vertex 19.297 -0.874999 6
      vertex 19.2138 -0.711788 6
    endloop
  endfacet
  facet normal 0 0 1
    outer loop
      vertex 16.7988 -2.21368 6
      vertex 19.2138 -0.711788 6
      vertex 19.1482 -0.540779 6
    endloop
  endfacet
  facet normal 0 0 1
    outer loop
      vertex 16.7988 -2.21368 6
      vertex 19.1482 -0.540779 6
      vertex 19.1007 -0.363845 6
    endloop
  endfacet
  facet normal 0 0 1
    outer loop
      vertex 16.7988 -2.21368 6
      vertex 19.1007 -0.363845 6
      vertex 19.0721 -0.182924 6
    endloop
  endfacet
  facet normal 0 0 1
    outer loop
      vertex 20.1007 -1.5987 6
      vertex 18.9466 -4.19089 6
      vertex 19.3949 -4.36297 6
    endloop
  endfacet
  facet normal 0 0 1
    outer loop
      vertex 16.5312 1.63046 6
      vertex 19.0721 -0.182924 6
      vertex 19.0625 0 6
    endloop
  endfacet
  facet normal -0 0 1
    outer loop
      vertex 16.5312 1.63047 6
      vertex 19.297 0.874999 6
      vertex 17.1937 2.81083 6
    endloop
  endfacet
  facet normal 0 0 1
    outer loop
      vertex 19.297 0.874999 6
      vertex 16.5312 1.63047 6
      vertex 19.2138 0.711788 6
    endloop
  endfacet
  facet normal 0 0 1
    outer loop
      vertex 19.9375 -1.51554 6
      vertex 18.5187 -3.97289 6
      vertex 18.9466 -4.19089 6
    endloop
  endfacet
  facet normal -0 0 1
    outer loop
      vertex 16.5312 1.63046 6
      vertex 19.2138 0.711788 6
      vertex 16.5312 1.63047 6
    endloop
  endfacet
  facet normal 0 0 1
    outer loop
      vertex 19.7839 -1.41578 6
      vertex 18.116 -3.71136 6
      vertex 18.5187 -3.97289 6
    endloop
  endfacet
  facet normal 0 0 1
    outer loop
      vertex 19.2138 0.711788 6
      vertex 16.5312 1.63046 6
      vertex 19.1482 0.540779 6
    endloop
  endfacet
  facet normal 0 0 1
    outer loop
      vertex 19.6415 -1.3005 6
      vertex 17.7429 -3.40918 6
      vertex 18.116 -3.71136 6
    endloop
  endfacet
  facet normal 0 0 1
    outer loop
      vertex 19.1482 0.540779 6
      vertex 16.5312 1.63046 6
      vertex 19.1007 0.363845 6
    endloop
  endfacet
  facet normal 0 0 1
    outer loop
      vertex 19.1007 0.363845 6
      vertex 16.5312 1.63046 6
      vertex 19.0721 0.182924 6
    endloop
  endfacet
  facet normal 0 0 1
    outer loop
      vertex 19.512 -1.17098 6
      vertex 17.4033 -3.06964 6
      vertex 17.7429 -3.40918 6
    endloop
  endfacet
  facet normal 0 0 1
    outer loop
      vertex 19.3967 -1.02862 6
      vertex 17.1011 -2.69646 6
      vertex 17.4033 -3.06964 6
    endloop
  endfacet
  facet normal 0 0 1
    outer loop
      vertex 16.5312 1.63047 6
      vertex 17.1937 2.81083 6
      vertex 16.9842 3.06963 6
    endloop
  endfacet
  facet normal 0 0 1
    outer loop
      vertex 19.0721 0.182924 6
      vertex 16.5312 1.63046 6
      vertex 19.0625 0 6
    endloop
  endfacet
  facet normal 0 0 1
    outer loop
      vertex 19.0721 -0.182924 6
      vertex 16.5312 1.63046 6
      vertex 16.7988 -2.21368 6
    endloop
  endfacet
  facet normal 0 0 1
    outer loop
      vertex 19.297 -0.874999 6
      vertex 16.7988 -2.21368 6
      vertex 16.8396 -2.29375 6
    endloop
  endfacet
  facet normal 0 0 1
    outer loop
      vertex 16.5312 1.63047 6
      vertex 16.9842 3.06963 6
      vertex 16.6446 3.40916 6
    endloop
  endfacet
  facet normal 0 0 1
    outer loop
      vertex 19.297 -0.874999 6
      vertex 16.8396 -2.29375 6
      vertex 17.1011 -2.69646 6
    endloop
  endfacet
  facet normal -0 0 1
    outer loop
      vertex 15.1074 0.845154 6
      vertex 16.7988 -2.21368 6
      vertex 16.5312 1.63046 6
    endloop
  endfacet
  facet normal 0 0 1
    outer loop
      vertex 16.7988 -2.21368 6
      vertex 15.1074 0.845154 6
      vertex 16.7955 -2.21553 6
    endloop
  endfacet
  facet normal 0 0 1
    outer loop
      vertex 17.0181 -13.1284 6
      vertex 18.641 -12.6894 6
      vertex 18.6366 -12.3653 6
    endloop
  endfacet
  facet normal 0 0 1
    outer loop
      vertex 16.8254 -12.8897 6
      vertex 18.6366 -12.3653 6
      vertex 18.6201 -12.0761 6
    endloop
  endfacet
  facet normal 0 -0 1
    outer loop
      vertex 17.2441 -13.3848 6
      vertex 18.641 -12.6894 6
      vertex 17.1266 -13.2545 6
    endloop
  endfacet
  facet normal 0 0 1
    outer loop
      vertex 16.74 -12.7776 6
      vertex 18.6201 -12.0761 6
      vertex 18.5943 -11.824 6
    endloop
  endfacet
  facet normal 0 -0 1
    outer loop
      vertex 17.3707 -13.5192 6
      vertex 18.6303 -13.0466 6
      vertex 17.2441 -13.3848 6
    endloop
  endfacet
  facet normal 0 0 1
    outer loop
      vertex 16.5914 -12.5681 6
      vertex 18.5943 -11.824 6
      vertex 18.5627 -11.6112 6
    endloop
  endfacet
  facet normal 0 0 1
    outer loop
      vertex 16.4688 -12.3794 6
      vertex 18.5627 -11.6112 6
      vertex 18.5289 -11.4402 6
    endloop
  endfacet
  facet normal 0 0 1
    outer loop
      vertex 16.37 -12.2128 6
      vertex 18.5289 -11.4402 6
      vertex 18.4973 -11.3132 6
    endloop
  endfacet
  facet normal 0 0 1
    outer loop
      vertex 16.37 -12.2128 6
      vertex 18.4973 -11.3132 6
      vertex 18.4586 -11.1736 6
    endloop
  endfacet
  facet normal 0 0 1
    outer loop
      vertex 16.2265 -11.9403 6
      vertex 18.4586 -11.1736 6
      vertex 18.2384 -10.6781 6
    endloop
  endfacet
  facet normal 0 0 1
    outer loop
      vertex 18.641 -12.6894 6
      vertex 17.2441 -13.3848 6
      vertex 18.6303 -13.0466 6
    endloop
  endfacet
  facet normal -0 0 1
    outer loop
      vertex 15.7129 -7.7912 6
      vertex 18.3055 -10.4973 6
      vertex 16.8425 -7.33443 6
    endloop
  endfacet
  facet normal 0 0 1
    outer loop
      vertex 18.6303 -13.0466 6
      vertex 17.5068 -13.6575 6
      vertex 18.6022 -13.4348 6
    endloop
  endfacet
  facet normal 0 0 1
    outer loop
      vertex 17.9071 -13.9616 6
      vertex 17.653 -13.7994 6
      vertex 17.8492 -13.9796 6
    endloop
  endfacet
  facet normal 0 0 1
    outer loop
      vertex 18.6022 -13.4348 6
      vertex 17.9071 -13.9616 6
      vertex 18.574 -13.6918 6
    endloop
  endfacet
  facet normal 0 -0 1
    outer loop
      vertex 17.9071 -13.9616 6
      vertex 18.6022 -13.4348 6
      vertex 17.653 -13.7994 6
    endloop
  endfacet
  facet normal 0 -0 1
    outer loop
      vertex 17.653 -13.7994 6
      vertex 18.6022 -13.4348 6
      vertex 17.5068 -13.6575 6
    endloop
  endfacet
  facet normal 0 -0 1
    outer loop
      vertex 17.5068 -13.6575 6
      vertex 18.6303 -13.0466 6
      vertex 17.3707 -13.5192 6
    endloop
  endfacet
  facet normal 0 0 1
    outer loop
      vertex 18.641 -12.6894 6
      vertex 17.0181 -13.1284 6
      vertex 17.1266 -13.2545 6
    endloop
  endfacet
  facet normal 0 0 1
    outer loop
      vertex 18.6366 -12.3653 6
      vertex 16.9175 -13.0068 6
      vertex 17.0181 -13.1284 6
    endloop
  endfacet
  facet normal 0 -0 1
    outer loop
      vertex 15.9054 -11.3785 6
      vertex 18.3055 -10.4973 6
      vertex 15.7129 -7.7912 6
    endloop
  endfacet
  facet normal 0 0 1
    outer loop
      vertex 18.6366 -12.3653 6
      vertex 16.8254 -12.8897 6
      vertex 16.9175 -13.0068 6
    endloop
  endfacet
  facet normal 0 0 1
    outer loop
      vertex 18.6201 -12.0761 6
      vertex 16.74 -12.7776 6
      vertex 16.8254 -12.8897 6
    endloop
  endfacet
  facet normal 0 -0 1
    outer loop
      vertex 16.2265 -11.9403 6
      vertex 18.2384 -10.6781 6
      vertex 16.0887 -11.4791 6
    endloop
  endfacet
  facet normal 0 0 1
    outer loop
      vertex 18.5943 -11.824 6
      vertex 16.5914 -12.5681 6
      vertex 16.74 -12.7776 6
    endloop
  endfacet
  facet normal 0 0 1
    outer loop
      vertex 18.5627 -11.6112 6
      vertex 16.4688 -12.3794 6
      vertex 16.5914 -12.5681 6
    endloop
  endfacet
  facet normal 0 0 1
    outer loop
      vertex 18.5289 -11.4402 6
      vertex 16.37 -12.2128 6
      vertex 16.4688 -12.3794 6
    endloop
  endfacet
  facet normal 0 0 1
    outer loop
      vertex 18.4586 -11.1736 6
      vertex 16.2265 -11.9403 6
      vertex 16.37 -12.2128 6
    endloop
  endfacet
  facet normal 0 0 1
    outer loop
      vertex 18.2384 -10.6781 6
      vertex 15.9054 -11.3785 6
      vertex 16.0887 -11.4791 6
    endloop
  endfacet
  facet normal 0 0 1
    outer loop
      vertex 16.0887 -11.4791 6
      vertex 15.9054 -11.3785 6
      vertex 15.919 -11.3882 6
    endloop
  endfacet
  facet normal 0 0 1
    outer loop
      vertex 18.3055 -10.4973 6
      vertex 15.9054 -11.3785 6
      vertex 18.2384 -10.6781 6
    endloop
  endfacet
  facet normal -0 0 1
    outer loop
      vertex 14.5658 -8.14754 6
      vertex 15.9054 -11.3785 6
      vertex 15.7129 -7.7912 6
    endloop
  endfacet
  facet normal 0 0 1
    outer loop
      vertex 15.9054 -11.3785 6
      vertex 14.5658 -8.14754 6
      vertex 15.4665 -11.5149 6
    endloop
  endfacet
  facet normal 0 0 1
    outer loop
      vertex 15.4665 -11.5149 6
      vertex 14.5658 -8.14754 6
      vertex 14.6056 -11.7107 6
    endloop
  endfacet
  facet normal 0 0 1
    outer loop
      vertex 14.6056 -11.7107 6
      vertex 14.5138 -11.8827 6
      vertex 14.6189 -11.7213 6
    endloop
  endfacet
  facet normal -0 0 1
    outer loop
      vertex 13.4215 -8.40771 6
      vertex 14.6056 -11.7107 6
      vertex 14.5658 -8.14754 6
    endloop
  endfacet
  facet normal 0 -0 1
    outer loop
      vertex 12.6442 -13.759 6
      vertex 14.5688 -13.3341 6
      vertex 12.5288 -13.5103 6
    endloop
  endfacet
  facet normal -0 0 1
    outer loop
      vertex 12.297 -8.57848 6
      vertex 14.6056 -11.7107 6
      vertex 13.4215 -8.40771 6
    endloop
  endfacet
  facet normal 0 -0 1
    outer loop
      vertex 12.2448 -12.7006 6
      vertex 14.5138 -11.8827 6
      vertex 12.2039 -12.2288 6
    endloop
  endfacet
  facet normal 0 -0 1
    outer loop
      vertex 12.3315 -12.9978 6
      vertex 14.5138 -11.8827 6
      vertex 12.3059 -12.9154 6
    endloop
  endfacet
  facet normal 0 -0 1
    outer loop
      vertex 12.3964 -13.1833 6
      vertex 14.5138 -11.8827 6
      vertex 12.3315 -12.9978 6
    endloop
  endfacet
  facet normal 0 -0 1
    outer loop
      vertex 12.2039 -12.2288 6
      vertex 14.6056 -11.7107 6
      vertex 12.0454 -12.0946 6
    endloop
  endfacet
  facet normal 0 0 1
    outer loop
      vertex 14.5688 -13.3341 6
      vertex 12.6442 -13.759 6
      vertex 14.5485 -13.4734 6
    endloop
  endfacet
  facet normal 0 0 1
    outer loop
      vertex 14.1913 -14.9107 6
      vertex 13.2523 -14.8052 6
      vertex 13.4096 -15.0294 6
    endloop
  endfacet
  facet normal 0 0 1
    outer loop
      vertex 14.2756 -14.6478 6
      vertex 13.2523 -14.8052 6
      vertex 14.1913 -14.9107 6
    endloop
  endfacet
  facet normal 0 0 1
    outer loop
      vertex 14.3305 -14.46 6
      vertex 13.2523 -14.8052 6
      vertex 14.2756 -14.6478 6
    endloop
  endfacet
  facet normal 0 -0 1
    outer loop
      vertex 13.2523 -14.8052 6
      vertex 14.3305 -14.46 6
      vertex 13.0423 -14.4801 6
    endloop
  endfacet
  facet normal 0 0 1
    outer loop
      vertex 14.4243 -14.1036 6
      vertex 13.0423 -14.4801 6
      vertex 14.3305 -14.46 6
    endloop
  endfacet
  facet normal 0 -0 1
    outer loop
      vertex 13.0423 -14.4801 6
      vertex 14.4243 -14.1036 6
      vertex 12.8627 -14.1753 6
    endloop
  endfacet
  facet normal 0 0 1
    outer loop
      vertex 14.5485 -13.4734 6
      vertex 12.711 -13.8921 6
      vertex 14.4957 -13.7744 6
    endloop
  endfacet
  facet normal 0 0 1
    outer loop
      vertex 14.4957 -13.7744 6
      vertex 12.8627 -14.1753 6
      vertex 14.4243 -14.1036 6
    endloop
  endfacet
  facet normal 0 -0 1
    outer loop
      vertex 12.8627 -14.1753 6
      vertex 14.4957 -13.7744 6
      vertex 12.7839 -14.0309 6
    endloop
  endfacet
  facet normal 0 -0 1
    outer loop
      vertex 12.7839 -14.0309 6
      vertex 14.4957 -13.7744 6
      vertex 12.711 -13.8921 6
    endloop
  endfacet
  facet normal 0 -0 1
    outer loop
      vertex 12.711 -13.8921 6
      vertex 14.5485 -13.4734 6
      vertex 12.6442 -13.759 6
    endloop
  endfacet
  facet normal 0 0 1
    outer loop
      vertex 14.6056 -11.7107 6
      vertex 12.297 -8.57848 6
      vertex 12.0454 -12.0946 6
    endloop
  endfacet
  facet normal 0 -0 1
    outer loop
      vertex 12.4357 -13.2859 6
      vertex 14.5138 -11.8827 6
      vertex 12.3964 -13.1833 6
    endloop
  endfacet
  facet normal 0 0 1
    outer loop
      vertex 14.5138 -11.8827 6
      vertex 12.2448 -12.7006 6
      vertex 12.3059 -12.9154 6
    endloop
  endfacet
  facet normal 0 0 1
    outer loop
      vertex 14.6056 -11.7107 6
      vertex 12.2039 -12.2288 6
      vertex 14.5138 -11.8827 6
    endloop
  endfacet
  facet normal 0 0 1
    outer loop
      vertex 12.2039 -12.2288 6
      vertex 12.0454 -12.0946 6
      vertex 12.0561 -12.1054 6
    endloop
  endfacet
  facet normal -0 0 1
    outer loop
      vertex 11.2056 -8.66811 6
      vertex 12.0454 -12.0946 6
      vertex 12.297 -8.57848 6
    endloop
  endfacet
  facet normal 0 0 1
    outer loop
      vertex 12.0454 -12.0946 6
      vertex 11.2056 -8.66811 6
      vertex 11.3747 -12.1497 6
    endloop
  endfacet
  facet normal 0 0 1
    outer loop
      vertex 11.2056 -8.66811 6
      vertex 10.713 -12.1608 6
      vertex 11.3747 -12.1497 6
    endloop
  endfacet
  facet normal -0 0 1
    outer loop
      vertex 10.1573 -8.68561 6
      vertex 10.713 -12.1608 6
      vertex 11.2056 -8.66811 6
    endloop
  endfacet
  facet normal 0 0 1
    outer loop
      vertex 10.59 -12.7853 6
      vertex 8.20088 -12.7536 6
      vertex 10.5515 -13.0039 6
    endloop
  endfacet
  facet normal -0 -0 1
    outer loop
      vertex 8.21001 -12.8939 6
      vertex 10.5515 -13.0039 6
      vertex 8.20088 -12.7536 6
    endloop
  endfacet
  facet normal -0 -0 1
    outer loop
      vertex 8.21875 -12.9771 6
      vertex 10.5515 -13.0039 6
      vertex 8.21001 -12.8939 6
    endloop
  endfacet
  facet normal -0 -0 1
    outer loop
      vertex 8.24577 -13.1682 6
      vertex 10.5126 -13.1789 6
      vertex 8.21875 -12.9771 6
    endloop
  endfacet
  facet normal -0 -0 1
    outer loop
      vertex 8.26276 -13.2755 6
      vertex 10.458 -13.3834 6
      vertex 8.24577 -13.1682 6
    endloop
  endfacet
  facet normal 0 0 1
    outer loop
      vertex 9.15901 -8.64021 6
      vertex 10.713 -12.1608 6
      vertex 10.1573 -8.68561 6
    endloop
  endfacet
  facet normal 0 0 1
    outer loop
      vertex 8.19368 -12.6749 6
      vertex 10.5872 -12.3085 6
      vertex 8.24744 -12.193 6
    endloop
  endfacet
  facet normal -0 0 1
    outer loop
      vertex 8.12097 -12.0344 6
      vertex 10.713 -12.1608 6
      vertex 9.15901 -8.64021 6
    endloop
  endfacet
  facet normal 0 0 1
    outer loop
      vertex 10.5515 -13.0039 6
      vertex 8.21875 -12.9771 6
      vertex 10.5126 -13.1789 6
    endloop
  endfacet
  facet normal 0 0 1
    outer loop
      vertex 10.5126 -13.1789 6
      vertex 8.24577 -13.1682 6
      vertex 10.458 -13.3834 6
    endloop
  endfacet
  facet normal 0 0 1
    outer loop
      vertex 10.458 -13.3834 6
      vertex 8.26276 -13.2755 6
      vertex 10.4253 -13.4962 6
    endloop
  endfacet
  facet normal -0 -0 1
    outer loop
      vertex 8.28452 -13.3905 6
      vertex 10.4253 -13.4962 6
      vertex 8.26276 -13.2755 6
    endloop
  endfacet
  facet normal 0 0 1
    outer loop
      vertex 10.4253 -13.4962 6
      vertex 8.28452 -13.3905 6
      vertex 10.3457 -13.742 6
    endloop
  endfacet
  facet normal -0 -0 1
    outer loop
      vertex 8.37386 -13.7794 6
      vertex 10.2967 -13.8747 6
      vertex 8.33987 -13.6427 6
    endloop
  endfacet
  facet normal 0 -0 1
    outer loop
      vertex 8.24744 -12.193 6
      vertex 10.713 -12.1608 6
      vertex 8.12097 -12.0344 6
    endloop
  endfacet
  facet normal -0 -0 1
    outer loop
      vertex 8.45699 -14.0733 6
      vertex 10.1865 -14.1589 6
      vertex 8.37386 -13.7794 6
    endloop
  endfacet
  facet normal 0 -0 1
    outer loop
      vertex 8.50607 -14.2301 6
      vertex 10.1865 -14.1589 6
      vertex 8.45699 -14.0733 6
    endloop
  endfacet
  facet normal 0 0 1
    outer loop
      vertex 9.66402 -15.2159 6
      vertex 8.84032 -15.1066 6
      vertex 8.87407 -15.1799 6
    endloop
  endfacet
  facet normal 0 0 1
    outer loop
      vertex 9.70161 -15.1514 6
      vertex 8.84032 -15.1066 6
      vertex 9.66402 -15.2159 6
    endloop
  endfacet
  facet normal -0 -0 1
    outer loop
      vertex 8.84032 -15.1066 6
      vertex 9.70161 -15.1514 6
      vertex 8.76161 -14.9196 6
    endloop
  endfacet
  facet normal 0 0 1
    outer loop
      vertex 9.79822 -14.9722 6
      vertex 8.76161 -14.9196 6
      vertex 9.70161 -15.1514 6
    endloop
  endfacet
  facet normal -0 -0 1
    outer loop
      vertex 8.76161 -14.9196 6
      vertex 9.79822 -14.9722 6
      vertex 8.68842 -14.7382 6
    endloop
  endfacet
  facet normal 0 0 1
    outer loop
      vertex 9.88889 -14.7984 6
      vertex 8.68842 -14.7382 6
      vertex 9.79822 -14.9722 6
    endloop
  endfacet
  facet normal -0 -0 1
    outer loop
      vertex 8.68842 -14.7382 6
      vertex 9.88889 -14.7984 6
      vertex 8.62126 -14.5627 6
    endloop
  endfacet
  facet normal 0 0 1
    outer loop
      vertex 9.97411 -14.63 6
      vertex 8.62126 -14.5627 6
      vertex 9.88889 -14.7984 6
    endloop
  endfacet
  facet normal 0 0 1
    outer loop
      vertex 10.0503 -14.4672 6
      vertex 8.62126 -14.5627 6
      vertex 9.97411 -14.63 6
    endloop
  endfacet
  facet normal 0 -0 1
    outer loop
      vertex 8.62126 -14.5627 6
      vertex 10.0503 -14.4672 6
      vertex 8.50607 -14.2301 6
    endloop
  endfacet
  facet normal 0 0 1
    outer loop
      vertex 8.12097 -12.0344 6
      vertex 9.15901 -8.64021 6
      vertex 8.21529 -8.54083 6
    endloop
  endfacet
  facet normal 0 0 1
    outer loop
      vertex 10.713 -12.1608 6
      vertex 8.24744 -12.193 6
      vertex 10.5872 -12.3085 6
    endloop
  endfacet
  facet normal 0 0 1
    outer loop
      vertex 8.21529 -8.54083 6
      vertex 7.74916 -11.9952 6
      vertex 8.12097 -12.0344 6
    endloop
  endfacet
  facet normal 0 0 1
    outer loop
      vertex 6.80078 -11.8401 6
      vertex 8.21529 -8.54083 6
      vertex 7.32861 -8.39584 6
    endloop
  endfacet
  facet normal 0 0 1
    outer loop
      vertex 8.21529 -8.54083 6
      vertex 6.80078 -11.8401 6
      vertex 7.74916 -11.9952 6
    endloop
  endfacet
  facet normal 0 0 1
    outer loop
      vertex 6.49983 -8.21295 6
      vertex 6.80078 -11.8401 6
      vertex 7.32861 -8.39584 6
    endloop
  endfacet
  facet normal -0 0 1
    outer loop
      vertex 4.30852 -11.1986 6
      vertex 6.80078 -11.8401 6
      vertex 6.49983 -8.21295 6
    endloop
  endfacet
  facet normal -0 -0 1
    outer loop
      vertex 4.39926 -11.3777 6
      vertex 6.80078 -11.8401 6
      vertex 4.30852 -11.1986 6
    endloop
  endfacet
  facet normal 0 0 1
    outer loop
      vertex 6.6438 -11.9524 6
      vertex 4.39926 -11.3777 6
      vertex 6.55238 -12.4186 6
    endloop
  endfacet
  facet normal -0 0 1
    outer loop
      vertex 4.23898 -11.8693 6
      vertex 6.55238 -12.4186 6
      vertex 4.39926 -11.3777 6
    endloop
  endfacet
  facet normal 0 0 1
    outer loop
      vertex 6.55238 -12.4186 6
      vertex 4.23898 -11.8693 6
      vertex 6.47134 -12.6266 6
    endloop
  endfacet
  facet normal -0 0 1
    outer loop
      vertex 4.20859 -12.0782 6
      vertex 6.47134 -12.6266 6
      vertex 4.23898 -11.8693 6
    endloop
  endfacet
  facet normal 0 0 1
    outer loop
      vertex 6.47134 -12.6266 6
      vertex 4.20859 -12.0782 6
      vertex 6.35471 -12.8836 6
    endloop
  endfacet
  facet normal -0 0 1
    outer loop
      vertex 4.19185 -12.2401 6
      vertex 6.35471 -12.8836 6
      vertex 4.20859 -12.0782 6
    endloop
  endfacet
  facet normal -0 0 1
    outer loop
      vertex 4.18513 -12.3359 6
      vertex 6.35471 -12.8836 6
      vertex 4.19185 -12.2401 6
    endloop
  endfacet
  facet normal 0 0 1
    outer loop
      vertex 4.30852 -11.1986 6
      vertex 6.49983 -8.21295 6
      vertex 5.72852 -7.99904 6
    endloop
  endfacet
  facet normal -0 0 1
    outer loop
      vertex 4.18016 -12.4411 6
      vertex 6.35471 -12.8836 6
      vertex 4.18513 -12.3359 6
    endloop
  endfacet
  facet normal 0 0 1
    outer loop
      vertex 6.35471 -12.8836 6
      vertex 4.18016 -12.4411 6
      vertex 6.19041 -13.1948 6
    endloop
  endfacet
  facet normal -0 0 1
    outer loop
      vertex 4.1774 -12.5556 6
      vertex 6.19041 -13.1948 6
      vertex 4.18016 -12.4411 6
    endloop
  endfacet
  facet normal -0 0 1
    outer loop
      vertex 4.17734 -12.6791 6
      vertex 6.19041 -13.1948 6
      vertex 4.1774 -12.5556 6
    endloop
  endfacet
  facet normal -0 -0 1
    outer loop
      vertex 4.18045 -12.8114 6
      vertex 6.12323 -13.3097 6
      vertex 4.17734 -12.6791 6
    endloop
  endfacet
  facet normal 0 0 1
    outer loop
      vertex 6.12323 -13.3097 6
      vertex 4.18045 -12.8114 6
      vertex 5.97052 -13.5561 6
    endloop
  endfacet
  facet normal 0 0 1
    outer loop
      vertex 4.30852 -11.1986 6
      vertex 5.72852 -7.99904 6
      vertex 5.01337 -7.76022 6
    endloop
  endfacet
  facet normal 0 0 1
    outer loop
      vertex 5.97052 -13.5561 6
      vertex 4.19481 -13.1006 6
      vertex 5.88504 -13.6874 6
    endloop
  endfacet
  facet normal 0 0 1
    outer loop
      vertex 5.88504 -13.6874 6
      vertex 4.20728 -13.2572 6
      vertex 5.79018 -13.8232 6
    endloop
  endfacet
  facet normal 0 0 1
    outer loop
      vertex 3.04346 -10.7316 6
      vertex 5.01337 -7.76022 6
      vertex 4.3524 -7.50183 6
    endloop
  endfacet
  facet normal 0 0 1
    outer loop
      vertex 6.80078 -11.8401 6
      vertex 4.39926 -11.3777 6
      vertex 6.6438 -11.9524 6
    endloop
  endfacet
  facet normal 0 0 1
    outer loop
      vertex 5.01337 -7.76022 6
      vertex 3.82484 -11.0371 6
      vertex 4.30852 -11.1986 6
    endloop
  endfacet
  facet normal 0 0 1
    outer loop
      vertex 3.04346 -10.7316 6
      vertex 4.3524 -7.50183 6
      vertex 3.74316 -7.22844 6
    endloop
  endfacet
  facet normal 0 0 1
    outer loop
      vertex 0.804443 -9.59583 6
      vertex 3.74316 -7.22844 6
      vertex 3.18297 -6.94398 6
    endloop
  endfacet
  facet normal 0 0 1
    outer loop
      vertex 5.01337 -7.76022 6
      vertex 3.04346 -10.7316 6
      vertex 3.82484 -11.0371 6
    endloop
  endfacet
  facet normal 0 0 1
    outer loop
      vertex 3.74316 -7.22844 6
      vertex 0.804443 -9.59583 6
      vertex 3.04346 -10.7316 6
    endloop
  endfacet
  facet normal 0 0 1
    outer loop
      vertex 3.04346 -10.7316 6
      vertex 0.804443 -9.59583 6
      vertex 2.86539 -10.8054 6
    endloop
  endfacet
  facet normal 0 0 1
    outer loop
      vertex 0.804443 -9.59583 6
      vertex 3.18297 -6.94398 6
      vertex 2.66895 -6.65175 6
    endloop
  endfacet
  facet normal -0 -0 1
    outer loop
      vertex 0.85199 -9.78526 6
      vertex 2.86539 -10.8054 6
      vertex 0.804443 -9.59583 6
    endloop
  endfacet
  facet normal 0 0 1
    outer loop
      vertex 2.86539 -10.8054 6
      vertex 0.85199 -9.78526 6
      vertex 2.67058 -11.2578 6
    endloop
  endfacet
  facet normal 0 0 1
    outer loop
      vertex 2.67058 -11.2578 6
      vertex 0.55687 -10.2778 6
      vertex 2.55061 -11.4427 6
    endloop
  endfacet
  facet normal 0 0 1
    outer loop
      vertex 2.55061 -11.4427 6
      vertex 0.55687 -10.2778 6
      vertex 2.5031 -11.5112 6
    endloop
  endfacet
  facet normal -0 0 1
    outer loop
      vertex 0.480179 -10.4589 6
      vertex 2.5031 -11.5112 6
      vertex 0.55687 -10.2778 6
    endloop
  endfacet
  facet normal 0 0 1
    outer loop
      vertex 0.804443 -9.59583 6
      vertex 2.66895 -6.65175 6
      vertex 2.19815 -6.35451 6
    endloop
  endfacet
  facet normal 0 0 1
    outer loop
      vertex 2.5031 -11.5112 6
      vertex 0.480179 -10.4589 6
      vertex 2.44891 -11.5846 6
    endloop
  endfacet
  facet normal -0 0 1
    outer loop
      vertex 0.432404 -10.5911 6
      vertex 2.44891 -11.5846 6
      vertex 0.480179 -10.4589 6
    endloop
  endfacet
  facet normal 0 0 1
    outer loop
      vertex 2.44891 -11.5846 6
      vertex 0.432404 -10.5911 6
      vertex 2.32281 -11.7473 6
    endloop
  endfacet
  facet normal -0 0 1
    outer loop
      vertex 0.405243 -10.6746 6
      vertex 2.32281 -11.7473 6
      vertex 0.432404 -10.5911 6
    endloop
  endfacet
  facet normal 0 0 1
    outer loop
      vertex 0.269775 -9.25824 6
      vertex 2.19815 -6.35451 6
      vertex 1.7677 -6.05457 6
    endloop
  endfacet
  facet normal -0 0 1
    outer loop
      vertex 0.377319 -10.7695 6
      vertex 2.32281 -11.7473 6
      vertex 0.405243 -10.6746 6
    endloop
  endfacet
  facet normal 0 0 1
    outer loop
      vertex 2.32281 -11.7473 6
      vertex 0.377319 -10.7695 6
      vertex 2.24995 -11.8361 6
    endloop
  endfacet
  facet normal -0 0 1
    outer loop
      vertex 0.349152 -10.8757 6
      vertex 2.24995 -11.8361 6
      vertex 0.377319 -10.7695 6
    endloop
  endfacet
  facet normal 0 0 1
    outer loop
      vertex -0.338852 -8.8307 6
      vertex 1.7677 -6.05457 6
      vertex 1.37477 -5.75378 6
    endloop
  endfacet
  facet normal 0 0 1
    outer loop
      vertex 2.24995 -11.8361 6
      vertex 0.349152 -10.8757 6
      vertex 2.16994 -11.9297 6
    endloop
  endfacet
  facet normal -0 0 1
    outer loop
      vertex 0.321289 -10.9926 6
      vertex 2.16994 -11.9297 6
      vertex 0.349152 -10.8757 6
    endloop
  endfacet
  facet normal 0 0 1
    outer loop
      vertex 2.16994 -11.9297 6
      vertex 0.321289 -10.9926 6
      vertex 2.08148 -12.0275 6
    endloop
  endfacet
  facet normal 0 0 1
    outer loop
      vertex -0.338852 -8.8307 6
      vertex 1.37477 -5.75378 6
      vertex 1.01663 -5.45369 6
    endloop
  endfacet
  facet normal -0 0 1
    outer loop
      vertex 0.294235 -11.1201 6
      vertex 2.08148 -12.0275 6
      vertex 0.321289 -10.9926 6
    endloop
  endfacet
  facet normal 0 0 1
    outer loop
      vertex 2.08148 -12.0275 6
      vertex 0.294235 -11.1201 6
      vertex 1.98473 -12.1295 6
    endloop
  endfacet
  facet normal -0 0 1
    outer loop
      vertex 0.268433 -11.2579 6
      vertex 1.98473 -12.1295 6
      vertex 0.294235 -11.1201 6
    endloop
  endfacet
  facet normal 0 0 1
    outer loop
      vertex 1.98473 -12.1295 6
      vertex 0.268433 -11.2579 6
      vertex 1.87962 -12.2358 6
    endloop
  endfacet
  facet normal -0 0 1
    outer loop
      vertex 0.244339 -11.4055 6
      vertex 1.87962 -12.2358 6
      vertex 0.268433 -11.2579 6
    endloop
  endfacet
  facet normal 0 0 1
    outer loop
      vertex 1.87962 -12.2358 6
      vertex 0.244339 -11.4055 6
      vertex 1.76572 -12.346 6
    endloop
  endfacet
  facet normal -0 0 1
    outer loop
      vertex 0.222382 -11.5627 6
      vertex 1.76572 -12.346 6
      vertex 0.244339 -11.4055 6
    endloop
  endfacet
  facet normal 0 0 1
    outer loop
      vertex 1.76572 -12.346 6
      vertex 0.222382 -11.5627 6
      vertex 1.64249 -12.46 6
    endloop
  endfacet
  facet normal -0 0 1
    outer loop
      vertex 0.202988 -11.7292 6
      vertex 1.64249 -12.46 6
      vertex 0.222382 -11.5627 6
    endloop
  endfacet
  facet normal 0 0 1
    outer loop
      vertex 1.64249 -12.46 6
      vertex 0.202988 -11.7292 6
      vertex 1.50946 -12.5775 6
    endloop
  endfacet
  facet normal -0 0 1
    outer loop
      vertex 0.186539 -11.9048 6
      vertex 1.50946 -12.5775 6
      vertex 0.202988 -11.7292 6
    endloop
  endfacet
  facet normal 0 0 1
    outer loop
      vertex 1.50946 -12.5775 6
      vertex 0.186539 -11.9048 6
      vertex 1.36612 -12.6983 6
    endloop
  endfacet
  facet normal -0 0 1
    outer loop
      vertex 0.173477 -12.0891 6
      vertex 1.36612 -12.6983 6
      vertex 0.186539 -11.9048 6
    endloop
  endfacet
  facet normal 0 0 1
    outer loop
      vertex 1.36612 -12.6983 6
      vertex 0.173477 -12.0891 6
      vertex 1.21198 -12.8221 6
    endloop
  endfacet
  facet normal -0 0 1
    outer loop
      vertex 0.164169 -12.282 6
      vertex 1.21198 -12.8221 6
      vertex 0.173477 -12.0891 6
    endloop
  endfacet
  facet normal -0 0 1
    outer loop
      vertex 0.159027 -12.4832 6
      vertex 1.21198 -12.8221 6
      vertex 0.164169 -12.282 6
    endloop
  endfacet
  facet normal 0 0 1
    outer loop
      vertex 1.21198 -12.8221 6
      vertex 0.159027 -12.4832 6
      vertex 1.04651 -12.9485 6
    endloop
  endfacet
  facet normal -0 0 1
    outer loop
      vertex 0.158478 -12.6926 6
      vertex 1.04651 -12.9485 6
      vertex 0.159027 -12.4832 6
    endloop
  endfacet
  facet normal 0 0 1
    outer loop
      vertex 1.04651 -12.9485 6
      vertex 0.158478 -12.6926 6
      vertex 0.840302 -13.0972 6
    endloop
  endfacet
  facet normal 0 0 1
    outer loop
      vertex 0.840302 -13.0972 6
      vertex 0.158478 -12.6926 6
      vertex 0.159683 -12.7516 6
    endloop
  endfacet
  facet normal 0 0 1
    outer loop
      vertex 12.4357 -13.2859 6
      vertex 14.6202 -12.5151 6
      vertex 14.6165 -12.4537 6
    endloop
  endfacet
  facet normal 0 0 1
    outer loop
      vertex 14.6154 -12.3703 6
      vertex 12.4357 -13.2859 6
      vertex 14.6165 -12.4537 6
    endloop
  endfacet
  facet normal 0 0 1
    outer loop
      vertex 12.4357 -13.2859 6
      vertex 14.6154 -12.3703 6
      vertex 14.5138 -11.8827 6
    endloop
  endfacet
  facet normal 0 0 1
    outer loop
      vertex 14.6202 -12.5151 6
      vertex 12.4357 -13.2859 6
      vertex 14.6217 -12.667 6
    endloop
  endfacet
  facet normal 0 0 1
    outer loop
      vertex 14.6217 -12.667 6
      vertex 12.4357 -13.2859 6
      vertex 14.6154 -12.8555 6
    endloop
  endfacet
  facet normal 0 0 1
    outer loop
      vertex 14.6154 -12.8555 6
      vertex 12.4357 -13.2859 6
      vertex 14.5986 -13.0785 6
    endloop
  endfacet
  facet normal 0 -0 1
    outer loop
      vertex 12.5288 -13.5103 6
      vertex 14.5986 -13.0785 6
      vertex 12.4357 -13.2859 6
    endloop
  endfacet
  facet normal 0 0 1
    outer loop
      vertex 14.5986 -13.0785 6
      vertex 12.5288 -13.5103 6
      vertex 14.5688 -13.3341 6
    endloop
  endfacet
  facet normal 0 0 1
    outer loop
      vertex 10.7222 -12.1712 6
      vertex 10.713 -12.1608 6
      vertex 10.5872 -12.3085 6
    endloop
  endfacet
  facet normal 0 0 1
    outer loop
      vertex 10.5515 13.0039 6
      vertex 8.21875 12.9771 6
      vertex 8.21001 12.8939 6
    endloop
  endfacet
  facet normal 0 0 1
    outer loop
      vertex 10.5515 13.0039 6
      vertex 8.21001 12.8939 6
      vertex 8.20088 12.7536 6
    endloop
  endfacet
  facet normal 0 0 1
    outer loop
      vertex 8.19368 12.6749 6
      vertex 10.59 12.7853 6
      vertex 8.20088 12.7536 6
    endloop
  endfacet
  facet normal 0 0 1
    outer loop
      vertex 10.59 12.7853 6
      vertex 8.19368 12.6749 6
      vertex 10.5872 12.3085 6
    endloop
  endfacet
  facet normal 0 0 1
    outer loop
      vertex 10.5872 12.3085 6
      vertex 8.19368 12.6749 6
      vertex 8.24744 12.193 6
    endloop
  endfacet
  facet normal -0 0 1
    outer loop
      vertex 8.20088 -12.7536 6
      vertex 10.59 -12.7853 6
      vertex 10.5872 -12.3085 6
    endloop
  endfacet
  facet normal 0 0 1
    outer loop
      vertex 10.1865 -14.1589 6
      vertex 8.50607 -14.2301 6
      vertex 10.0503 -14.4672 6
    endloop
  endfacet
  facet normal 0 0 1
    outer loop
      vertex 10.2967 -13.8747 6
      vertex 8.37386 -13.7794 6
      vertex 10.1865 -14.1589 6
    endloop
  endfacet
  facet normal 0 0 1
    outer loop
      vertex 10.3457 -13.742 6
      vertex 8.33987 -13.6427 6
      vertex 10.2967 -13.8747 6
    endloop
  endfacet
  facet normal -0 -0 1
    outer loop
      vertex 8.33987 -13.6427 6
      vertex 10.3457 -13.742 6
      vertex 8.28452 -13.3905 6
    endloop
  endfacet
  facet normal 0 0 1
    outer loop
      vertex 10.5872 -12.3085 6
      vertex 8.19368 -12.6749 6
      vertex 8.20088 -12.7536 6
    endloop
  endfacet
  facet normal 0 0 1
    outer loop
      vertex 4.3385 14.1525 6
      vertex 4.91513 14.5672 6
      vertex 4.39713 14.4236 6
    endloop
  endfacet
  facet normal 0 0 1
    outer loop
      vertex 4.30212 13.9591 6
      vertex 4.91513 14.5672 6
      vertex 4.3385 14.1525 6
    endloop
  endfacet
  facet normal 0 0 1
    outer loop
      vertex 5.45992 14.2599 6
      vertex 4.30212 13.9591 6
      vertex 4.27206 13.7729 6
    endloop
  endfacet
  facet normal 0 0 1
    outer loop
      vertex 5.68781 13.964 6
      vertex 4.27206 13.7729 6
      vertex 4.22444 13.4216 6
    endloop
  endfacet
  facet normal 0 0 1
    outer loop
      vertex 5.79018 13.8232 6
      vertex 4.22444 13.4216 6
      vertex 4.20728 13.2572 6
    endloop
  endfacet
  facet normal 0 0 1
    outer loop
      vertex 5.88504 13.6874 6
      vertex 4.20728 13.2572 6
      vertex 4.19481 13.1006 6
    endloop
  endfacet
  facet normal 0 0 1
    outer loop
      vertex 5.97052 13.5561 6
      vertex 4.19481 13.1006 6
      vertex 4.18045 12.8114 6
    endloop
  endfacet
  facet normal 0 0 1
    outer loop
      vertex 6.12323 13.3097 6
      vertex 4.18045 12.8114 6
      vertex 4.17734 12.6791 6
    endloop
  endfacet
  facet normal 0 0 1
    outer loop
      vertex 6.19041 13.1948 6
      vertex 4.17734 12.6791 6
      vertex 4.1774 12.5556 6
    endloop
  endfacet
  facet normal 0 0 1
    outer loop
      vertex 6.55238 12.4186 6
      vertex 4.23898 11.8693 6
      vertex 4.39926 11.3777 6
    endloop
  endfacet
  facet normal 0 0 1
    outer loop
      vertex 6.47134 12.6266 6
      vertex 4.20859 12.0782 6
      vertex 4.23898 11.8693 6
    endloop
  endfacet
  facet normal 0 0 1
    outer loop
      vertex 6.35471 12.8836 6
      vertex 4.19185 12.2401 6
      vertex 4.20859 12.0782 6
    endloop
  endfacet
  facet normal 0 0 1
    outer loop
      vertex 6.35471 12.8836 6
      vertex 4.18513 12.3359 6
      vertex 4.19185 12.2401 6
    endloop
  endfacet
  facet normal 0 0 1
    outer loop
      vertex 6.35471 12.8836 6
      vertex 4.18016 12.4411 6
      vertex 4.18513 12.3359 6
    endloop
  endfacet
  facet normal 0 0 1
    outer loop
      vertex 6.24954 13.085 6
      vertex 4.1774 12.5556 6
      vertex 4.18016 12.4411 6
    endloop
  endfacet
  facet normal 0 0 1
    outer loop
      vertex 6.80324 -11.8444 6
      vertex 6.80078 -11.8401 6
      vertex 6.6438 -11.9524 6
    endloop
  endfacet
  facet normal 0 0 1
    outer loop
      vertex 5.79018 -13.8232 6
      vertex 4.22444 -13.4216 6
      vertex 5.68781 -13.964 6
    endloop
  endfacet
  facet normal 0 0 1
    outer loop
      vertex 4.91513 -14.5672 6
      vertex 4.3385 -14.1525 6
      vertex 4.39713 -14.4236 6
    endloop
  endfacet
  facet normal 0 0 1
    outer loop
      vertex 4.91513 -14.5672 6
      vertex 4.30212 -13.9591 6
      vertex 4.3385 -14.1525 6
    endloop
  endfacet
  facet normal 0 0 1
    outer loop
      vertex 5.33334 -14.4147 6
      vertex 4.91513 -14.5672 6
      vertex 5.19704 -14.5736 6
    endloop
  endfacet
  facet normal 0 0 1
    outer loop
      vertex 6.19041 -13.1948 6
      vertex 4.17734 -12.6791 6
      vertex 6.12323 -13.3097 6
    endloop
  endfacet
  facet normal 0 0 1
    outer loop
      vertex 5.19704 -14.5736 6
      vertex 4.91513 -14.5672 6
      vertex 5.15497 -14.6202 6
    endloop
  endfacet
  facet normal -0 -0 1
    outer loop
      vertex 4.19481 -13.1006 6
      vertex 5.97052 -13.5561 6
      vertex 4.18045 -12.8114 6
    endloop
  endfacet
  facet normal 0 -0 1
    outer loop
      vertex 4.91513 -14.5672 6
      vertex 5.33334 -14.4147 6
      vertex 4.30212 -13.9591 6
    endloop
  endfacet
  facet normal 0 0 1
    outer loop
      vertex 5.45992 -14.2599 6
      vertex 4.30212 -13.9591 6
      vertex 5.33334 -14.4147 6
    endloop
  endfacet
  facet normal -0 -0 1
    outer loop
      vertex 4.20728 -13.2572 6
      vertex 5.88504 -13.6874 6
      vertex 4.19481 -13.1006 6
    endloop
  endfacet
  facet normal -0 -0 1
    outer loop
      vertex 4.22444 -13.4216 6
      vertex 5.79018 -13.8232 6
      vertex 4.20728 -13.2572 6
    endloop
  endfacet
  facet normal -0 -0 1
    outer loop
      vertex 4.30212 -13.9591 6
      vertex 5.45992 -14.2599 6
      vertex 4.27206 -13.7729 6
    endloop
  endfacet
  facet normal -0 -0 1
    outer loop
      vertex 4.27206 -13.7729 6
      vertex 5.68781 -13.964 6
      vertex 4.22444 -13.4216 6
    endloop
  endfacet
  facet normal 0 0 1
    outer loop
      vertex 5.68781 -13.964 6
      vertex 4.27206 -13.7729 6
      vertex 5.5779 -14.1096 6
    endloop
  endfacet
  facet normal 0 0 1
    outer loop
      vertex 5.5779 -14.1096 6
      vertex 4.27206 -13.7729 6
      vertex 5.45992 -14.2599 6
    endloop
  endfacet
  facet normal 0 0 1
    outer loop
      vertex -5.23572 0 6
      vertex -4.5875 0 6
      vertex -5.22847 0.36911 6
    endloop
  endfacet
  facet normal 0 0 1
    outer loop
      vertex -4.5875 0 6
      vertex -5.22847 -0.36911 6
      vertex -5.20804 -0.715179 6
    endloop
  endfacet
  facet normal 0 0 1
    outer loop
      vertex -4.5875 0 6
      vertex -5.23572 0 6
      vertex -5.22847 -0.36911 6
    endloop
  endfacet
  facet normal 0 0 1
    outer loop
      vertex -4.48725 -0.953794 6
      vertex -5.33273 -0.863281 6
      vertex -4.36297 -1.41761 6
    endloop
  endfacet
  facet normal 0 0 1
    outer loop
      vertex -4.36297 -1.41761 6
      vertex -5.33273 -0.863281 6
      vertex -4.95731 -2.79373 6
    endloop
  endfacet
  facet normal 0 0 1
    outer loop
      vertex -5.33273 -0.863281 6
      vertex -5.6122 -2.98965 6
      vertex -4.95731 -2.79373 6
    endloop
  endfacet
  facet normal -0 0 1
    outer loop
      vertex -6.07632 -0.930511 6
      vertex -5.6122 -2.98965 6
      vertex -5.33273 -0.863281 6
    endloop
  endfacet
  facet normal 0 0 1
    outer loop
      vertex -5.6122 -2.98965 6
      vertex -6.07632 -0.930511 6
      vertex -5.72887 -3.01784 6
    endloop
  endfacet
  facet normal 0 0 1
    outer loop
      vertex -5.72887 -3.01784 6
      vertex -6.07632 -0.930511 6
      vertex -5.83354 -3.04025 6
    endloop
  endfacet
  facet normal 0 0 1
    outer loop
      vertex -5.83354 -3.04025 6
      vertex -6.07632 -0.930511 6
      vertex -5.96106 -3.05785 6
    endloop
  endfacet
  facet normal -0 0 1
    outer loop
      vertex -6.23907 -0.949539 6
      vertex -5.96106 -3.05785 6
      vertex -6.07632 -0.930511 6
    endloop
  endfacet
  facet normal -0 0 1
    outer loop
      vertex -6.31769 -0.964951 6
      vertex -5.96106 -3.05785 6
      vertex -6.23907 -0.949539 6
    endloop
  endfacet
  facet normal 0 0 1
    outer loop
      vertex -5.96106 -3.05785 6
      vertex -6.31769 -0.964951 6
      vertex -6.04378 -3.06496 6
    endloop
  endfacet
  facet normal -0 0 1
    outer loop
      vertex -6.37766 -0.980011 6
      vertex -6.04378 -3.06496 6
      vertex -6.31769 -0.964951 6
    endloop
  endfacet
  facet normal -0 0 1
    outer loop
      vertex -6.45126 -1.00146 6
      vertex -6.04378 -3.06496 6
      vertex -6.37766 -0.980011 6
    endloop
  endfacet
  facet normal 0 0 1
    outer loop
      vertex -6.04378 -3.06496 6
      vertex -6.45126 -1.00146 6
      vertex -6.13972 -3.06982 6
    endloop
  endfacet
  facet normal -0 0 1
    outer loop
      vertex -6.53828 -1.03047 6
      vertex -6.13972 -3.06982 6
      vertex -6.45126 -1.00146 6
    endloop
  endfacet
  facet normal 0 0 1
    outer loop
      vertex -6.13972 -3.06982 6
      vertex -6.53828 -1.03047 6
      vertex -6.24921 -3.07167 6
    endloop
  endfacet
  facet normal -0 0 1
    outer loop
      vertex -6.63834 -1.06812 6
      vertex -6.24921 -3.07167 6
      vertex -6.53828 -1.03047 6
    endloop
  endfacet
  facet normal 0 0 1
    outer loop
      vertex -6.24921 -3.07167 6
      vertex -6.63834 -1.06812 6
      vertex -6.37254 -3.06938 6
    endloop
  endfacet
  facet normal -0 0 1
    outer loop
      vertex -6.7509 -1.11545 6
      vertex -6.37254 -3.06938 6
      vertex -6.63834 -1.06812 6
    endloop
  endfacet
  facet normal 0 0 1
    outer loop
      vertex -6.37254 -3.06938 6
      vertex -6.7509 -1.11545 6
      vertex -6.50992 -3.06186 6
    endloop
  endfacet
  facet normal -0 0 1
    outer loop
      vertex -6.87535 -1.17343 6
      vertex -6.50992 -3.06186 6
      vertex -6.7509 -1.11545 6
    endloop
  endfacet
  facet normal 0 0 1
    outer loop
      vertex -6.50992 -3.06186 6
      vertex -6.87535 -1.17343 6
      vertex -6.66151 -3.04778 6
    endloop
  endfacet
  facet normal -0 0 1
    outer loop
      vertex -7.01096 -1.24298 6
      vertex -6.66151 -3.04778 6
      vertex -6.87535 -1.17343 6
    endloop
  endfacet
  facet normal 0 0 1
    outer loop
      vertex -6.66151 -3.04778 6
      vertex -7.01096 -1.24298 6
      vertex -6.82721 -3.02621 6
    endloop
  endfacet
  facet normal -0 0 1
    outer loop
      vertex -7.15685 -1.32492 6
      vertex -6.82721 -3.02621 6
      vertex -7.01096 -1.24298 6
    endloop
  endfacet
  facet normal 0 0 1
    outer loop
      vertex -6.82721 -3.02621 6
      vertex -7.15685 -1.32492 6
      vertex -7.00688 -2.99603 6
    endloop
  endfacet
  facet normal -0 0 1
    outer loop
      vertex -7.3121 -1.41997 6
      vertex -7.00688 -2.99603 6
      vertex -7.15685 -1.32492 6
    endloop
  endfacet
  facet normal 0 0 1
    outer loop
      vertex -7.00688 -2.99603 6
      vertex -7.3121 -1.41997 6
      vertex -7.20021 -2.95604 6
    endloop
  endfacet
  facet normal -0 0 1
    outer loop
      vertex -7.47572 -1.52873 6
      vertex -7.20021 -2.95604 6
      vertex -7.3121 -1.41997 6
    endloop
  endfacet
  facet normal 0 0 1
    outer loop
      vertex -7.20021 -2.95604 6
      vertex -7.47572 -1.52873 6
      vertex -7.40681 -2.90509 6
    endloop
  endfacet
  facet normal -0 0 1
    outer loop
      vertex -7.6467 -1.65149 6
      vertex -7.40681 -2.90509 6
      vertex -7.47572 -1.52873 6
    endloop
  endfacet
  facet normal 0 0 1
    outer loop
      vertex -7.40681 -2.90509 6
      vertex -7.6467 -1.65149 6
      vertex -7.62613 -2.84209 6
    endloop
  endfacet
  facet normal -0 0 1
    outer loop
      vertex -7.8239 -1.78879 6
      vertex -7.62613 -2.84209 6
      vertex -7.6467 -1.65149 6
    endloop
  endfacet
  facet normal -0 0 1
    outer loop
      vertex -8.05649 -2.44989 6
      vertex -7.62613 -2.84209 6
      vertex -7.8239 -1.78879 6
    endloop
  endfacet
  facet normal 0 0 1
    outer loop
      vertex -7.62613 -2.84209 6
      vertex -8.05649 -2.44989 6
      vertex -7.85747 -2.76598 6
    endloop
  endfacet
  facet normal 0 0 1
    outer loop
      vertex -8.05649 -2.44989 6
      vertex -7.8239 -1.78879 6
      vertex -8.00623 -1.94095 6
    endloop
  endfacet
  facet normal 0 0 1
    outer loop
      vertex -7.85747 -2.76598 6
      vertex -8.05649 -2.44989 6
      vertex -7.99852 -2.71352 6
    endloop
  endfacet
  facet normal 0 -0 1
    outer loop
      vertex -8.05649 -2.44989 6
      vertex -8.00623 -1.94095 6
      vertex -8.12796 -2.0502 6
    endloop
  endfacet
  facet normal 0 0 1
    outer loop
      vertex -3.06964 -3.40918 6
      vertex -4.30571 -4.12083 6
      vertex -4.26245 -4.20912 6
    endloop
  endfacet
  facet normal 0 0 1
    outer loop
      vertex -4.95731 -2.79373 6
      vertex -4.19089 -1.8659 6
      vertex -4.36297 -1.41761 6
    endloop
  endfacet
  facet normal 0 0 1
    outer loop
      vertex -3.97289 -2.29375 6
      vertex -4.47491 -3.73714 6
      vertex -4.30571 -4.12083 6
    endloop
  endfacet
  facet normal -0 0 1
    outer loop
      vertex -5.33273 -0.863281 6
      vertex -4.48725 -0.953794 6
      vertex -5.20804 -0.715179 6
    endloop
  endfacet
  facet normal 0 0 1
    outer loop
      vertex -4.5875 0 6
      vertex -5.20804 -0.715179 6
      vertex -4.56237 -0.479524 6
    endloop
  endfacet
  facet normal 0 0 1
    outer loop
      vertex -4.56237 0.479524 6
      vertex -5.22847 0.36911 6
      vertex -4.5875 0 6
    endloop
  endfacet
  facet normal 0 0 1
    outer loop
      vertex -3.97289 -2.29375 6
      vertex -4.62514 -3.35583 6
      vertex -4.47491 -3.73714 6
    endloop
  endfacet
  facet normal 0 0 1
    outer loop
      vertex -5.33273 0.863281 6
      vertex -4.36297 1.41761 6
      vertex -4.95731 2.79373 6
    endloop
  endfacet
  facet normal 0 0 1
    outer loop
      vertex -4.36297 1.41761 6
      vertex -5.33273 0.863281 6
      vertex -4.48725 0.953794 6
    endloop
  endfacet
  facet normal 0 0 1
    outer loop
      vertex -5.22847 0.36911 6
      vertex -4.56237 0.479524 6
      vertex -5.20804 0.715179 6
    endloop
  endfacet
  facet normal 0 0 1
    outer loop
      vertex -3.97289 -2.29375 6
      vertex -4.78563 -2.88365 6
      vertex -4.75726 -2.97679 6
    endloop
  endfacet
  facet normal 0 0 1
    outer loop
      vertex -3.97289 -2.29375 6
      vertex -4.75726 -2.97679 6
      vertex -4.62514 -3.35583 6
    endloop
  endfacet
  facet normal 0 0 1
    outer loop
      vertex -4.95731 2.79373 6
      vertex -4.78563 2.88365 6
      vertex -4.78772 2.88492 6
    endloop
  endfacet
  facet normal 0 0 1
    outer loop
      vertex -4.56237 -0.479524 6
      vertex -5.20804 -0.715179 6
      vertex -4.48725 -0.953794 6
    endloop
  endfacet
  facet normal 0 -0 1
    outer loop
      vertex -5.20804 0.715179 6
      vertex -4.48725 0.953794 6
      vertex -5.33273 0.863281 6
    endloop
  endfacet
  facet normal 0 0 1
    outer loop
      vertex -4.19089 -1.8659 6
      vertex -4.95731 -2.79373 6
      vertex -4.78563 -2.88365 6
    endloop
  endfacet
  facet normal 0 0 1
    outer loop
      vertex -4.78563 -2.88365 6
      vertex -4.95731 -2.79373 6
      vertex -4.78772 -2.88492 6
    endloop
  endfacet
  facet normal 0 0 1
    outer loop
      vertex -4.48725 0.953794 6
      vertex -5.20804 0.715179 6
      vertex -4.56237 0.479524 6
    endloop
  endfacet
  facet normal 0 0 1
    outer loop
      vertex -5.6122 2.98965 6
      vertex -5.33273 0.863281 6
      vertex -4.95731 2.79373 6
    endloop
  endfacet
  facet normal 0 0 1
    outer loop
      vertex -6.07632 0.930511 6
      vertex -5.6122 2.98965 6
      vertex -5.78764 3.0316 6
    endloop
  endfacet
  facet normal 0 0 1
    outer loop
      vertex -6.07632 0.930511 6
      vertex -5.78764 3.0316 6
      vertex -5.8912 3.04915 6
    endloop
  endfacet
  facet normal 0 0 1
    outer loop
      vertex -6.21481 0.946487 6
      vertex -5.8912 3.04915 6
      vertex -5.96106 3.05785 6
    endloop
  endfacet
  facet normal 0 0 1
    outer loop
      vertex -6.31769 0.964951 6
      vertex -5.96106 3.05785 6
      vertex -6.04378 3.06496 6
    endloop
  endfacet
  facet normal 0 0 1
    outer loop
      vertex -5.6122 2.98965 6
      vertex -6.07632 0.930511 6
      vertex -5.33273 0.863281 6
    endloop
  endfacet
  facet normal 0 0 1
    outer loop
      vertex -6.45126 1.00146 6
      vertex -6.04378 3.06496 6
      vertex -6.13972 3.06982 6
    endloop
  endfacet
  facet normal 0 0 1
    outer loop
      vertex -5.8912 3.04915 6
      vertex -6.21481 0.946487 6
      vertex -6.07632 0.930511 6
    endloop
  endfacet
  facet normal 0 0 1
    outer loop
      vertex -6.53828 1.03047 6
      vertex -6.13972 3.06982 6
      vertex -6.24921 3.07167 6
    endloop
  endfacet
  facet normal 0 0 1
    outer loop
      vertex -5.96106 3.05785 6
      vertex -6.31769 0.964951 6
      vertex -6.21481 0.946487 6
    endloop
  endfacet
  facet normal 0 0 1
    outer loop
      vertex -6.63834 1.06812 6
      vertex -6.24921 3.07167 6
      vertex -6.37254 3.06938 6
    endloop
  endfacet
  facet normal 0 0 1
    outer loop
      vertex -6.04378 3.06496 6
      vertex -6.37766 0.980011 6
      vertex -6.31769 0.964951 6
    endloop
  endfacet
  facet normal 0 0 1
    outer loop
      vertex -6.04378 3.06496 6
      vertex -6.45126 1.00146 6
      vertex -6.37766 0.980011 6
    endloop
  endfacet
  facet normal 0 0 1
    outer loop
      vertex -6.7509 1.11545 6
      vertex -6.37254 3.06938 6
      vertex -6.50992 3.06186 6
    endloop
  endfacet
  facet normal 0 0 1
    outer loop
      vertex -6.13972 3.06982 6
      vertex -6.53828 1.03047 6
      vertex -6.45126 1.00146 6
    endloop
  endfacet
  facet normal 0 0 1
    outer loop
      vertex -6.24921 3.07167 6
      vertex -6.63834 1.06812 6
      vertex -6.53828 1.03047 6
    endloop
  endfacet
  facet normal 0 0 1
    outer loop
      vertex -6.87535 1.17343 6
      vertex -6.50992 3.06186 6
      vertex -6.66151 3.04778 6
    endloop
  endfacet
  facet normal 0 0 1
    outer loop
      vertex -6.37254 3.06938 6
      vertex -6.7509 1.11545 6
      vertex -6.63834 1.06812 6
    endloop
  endfacet
  facet normal 0 0 1
    outer loop
      vertex -7.01096 1.24298 6
      vertex -6.66151 3.04778 6
      vertex -6.82721 3.02621 6
    endloop
  endfacet
  facet normal 0 0 1
    outer loop
      vertex -6.50992 3.06186 6
      vertex -6.87535 1.17343 6
      vertex -6.7509 1.11545 6
    endloop
  endfacet
  facet normal 0 0 1
    outer loop
      vertex -7.15685 1.32492 6
      vertex -6.82721 3.02621 6
      vertex -7.00688 2.99603 6
    endloop
  endfacet
  facet normal 0 0 1
    outer loop
      vertex -6.66151 3.04778 6
      vertex -7.01096 1.24298 6
      vertex -6.87535 1.17343 6
    endloop
  endfacet
  facet normal 0 0 1
    outer loop
      vertex -6.82721 3.02621 6
      vertex -7.15685 1.32492 6
      vertex -7.01096 1.24298 6
    endloop
  endfacet
  facet normal 0 0 1
    outer loop
      vertex -7.3121 1.41997 6
      vertex -7.00688 2.99603 6
      vertex -7.20021 2.95604 6
    endloop
  endfacet
  facet normal 0 0 1
    outer loop
      vertex -7.00688 2.99603 6
      vertex -7.3121 1.41997 6
      vertex -7.15685 1.32492 6
    endloop
  endfacet
  facet normal 0 0 1
    outer loop
      vertex -7.47572 1.52873 6
      vertex -7.20021 2.95604 6
      vertex -7.40681 2.90509 6
    endloop
  endfacet
  facet normal 0 0 1
    outer loop
      vertex -7.20021 2.95604 6
      vertex -7.47572 1.52873 6
      vertex -7.3121 1.41997 6
    endloop
  endfacet
  facet normal 0 0 1
    outer loop
      vertex -7.6467 1.65149 6
      vertex -7.40681 2.90509 6
      vertex -7.62613 2.84209 6
    endloop
  endfacet
  facet normal 0 0 1
    outer loop
      vertex -7.40681 2.90509 6
      vertex -7.6467 1.65149 6
      vertex -7.47572 1.52873 6
    endloop
  endfacet
  facet normal 0 0 1
    outer loop
      vertex -7.62613 2.84209 6
      vertex -7.8239 1.78879 6
      vertex -7.6467 1.65149 6
    endloop
  endfacet
  facet normal 0 0 1
    outer loop
      vertex -8.05649 2.44989 6
      vertex -7.62613 2.84209 6
      vertex -7.85747 2.76598 6
    endloop
  endfacet
  facet normal 0 0 1
    outer loop
      vertex -8.05649 2.44989 6
      vertex -7.85747 2.76598 6
      vertex -7.99852 2.71352 6
    endloop
  endfacet
  facet normal 0 0 1
    outer loop
      vertex -7.62613 2.84209 6
      vertex -8.05649 2.44989 6
      vertex -7.8239 1.78879 6
    endloop
  endfacet
  facet normal 0 0 1
    outer loop
      vertex -7.8239 1.78879 6
      vertex -8.05649 2.44989 6
      vertex -8.00623 1.94095 6
    endloop
  endfacet
  facet normal 0 0 1
    outer loop
      vertex -8.00623 1.94095 6
      vertex -8.05649 2.44989 6
      vertex -8.12796 2.0502 6
    endloop
  endfacet
  facet normal 0 0 1
    outer loop
      vertex -0.529572 8.85997 6
      vertex -2.15572 7.43301 6
      vertex -2.15259 7.23868 6
    endloop
  endfacet
  facet normal 0 0 1
    outer loop
      vertex -3.3118 9.12425 6
      vertex -2.10126 10.1893 6
      vertex -2.26576 10.2715 6
    endloop
  endfacet
  facet normal 0 0 1
    outer loop
      vertex -3.37196 9.2961 6
      vertex -2.26576 10.2715 6
      vertex -2.4429 10.3545 6
    endloop
  endfacet
  facet normal 0 0 1
    outer loop
      vertex -1.95032 10.1074 6
      vertex -2.62611 7.88887 6
      vertex -2.15572 7.43301 6
    endloop
  endfacet
  facet normal 0 0 1
    outer loop
      vertex -3.43137 9.47798 6
      vertex -2.4429 10.3545 6
      vertex -2.63316 10.4378 6
    endloop
  endfacet
  facet normal 0 0 1
    outer loop
      vertex -1.95032 10.1074 6
      vertex -2.7419 8.02376 6
      vertex -2.62611 7.88887 6
    endloop
  endfacet
  facet normal 0 0 1
    outer loop
      vertex -1.95032 10.1074 6
      vertex -2.80803 8.11154 6
      vertex -2.7419 8.02376 6
    endloop
  endfacet
  facet normal 0 0 1
    outer loop
      vertex -3.29924 10.3793 6
      vertex -2.63316 10.4378 6
      vertex -2.83868 10.5195 6
    endloop
  endfacet
  facet normal 0 0 1
    outer loop
      vertex -1.95032 10.1074 6
      vertex -2.89925 8.24998 6
      vertex -2.80803 8.11154 6
    endloop
  endfacet
  facet normal 0 0 1
    outer loop
      vertex -1.95032 10.1074 6
      vertex -2.95164 8.33844 6
      vertex -2.89925 8.24998 6
    endloop
  endfacet
  facet normal 0 0 1
    outer loop
      vertex -1.95032 10.1074 6
      vertex -3.00787 8.43904 6
      vertex -2.95164 8.33844 6
    endloop
  endfacet
  facet normal 0 0 1
    outer loop
      vertex -3.29924 10.3793 6
      vertex -2.83868 10.5195 6
      vertex -3.0426 10.5943 6
    endloop
  endfacet
  facet normal 0 0 1
    outer loop
      vertex -1.95032 10.1074 6
      vertex -3.06662 8.55214 6
      vertex -3.00787 8.43904 6
    endloop
  endfacet
  facet normal 0 0 1
    outer loop
      vertex -1.95032 10.1074 6
      vertex -3.12662 8.67795 6
      vertex -3.06662 8.55214 6
    endloop
  endfacet
  facet normal 0 0 1
    outer loop
      vertex -1.95032 10.1074 6
      vertex -3.18858 8.81477 6
      vertex -3.12662 8.67795 6
    endloop
  endfacet
  facet normal 0 0 1
    outer loop
      vertex -1.95032 10.1074 6
      vertex -3.25052 8.96365 6
      vertex -3.18858 8.81477 6
    endloop
  endfacet
  facet normal 0 0 1
    outer loop
      vertex -2.63316 10.4378 6
      vertex -3.29924 10.3793 6
      vertex -3.48853 9.67053 6
    endloop
  endfacet
  facet normal 0 0 1
    outer loop
      vertex -2.10126 10.1893 6
      vertex -3.3118 9.12425 6
      vertex -3.25052 8.96365 6
    endloop
  endfacet
  facet normal 0 0 1
    outer loop
      vertex -2.26576 10.2715 6
      vertex -3.37196 9.2961 6
      vertex -3.3118 9.12425 6
    endloop
  endfacet
  facet normal 0 0 1
    outer loop
      vertex -2.4429 10.3545 6
      vertex -3.43137 9.47798 6
      vertex -3.37196 9.2961 6
    endloop
  endfacet
  facet normal 0 0 1
    outer loop
      vertex -2.63316 10.4378 6
      vertex -3.48853 9.67053 6
      vertex -3.43137 9.47798 6
    endloop
  endfacet
  facet normal 0 0 1
    outer loop
      vertex -3.29924 10.3793 6
      vertex -3.543 9.87335 6
      vertex -3.48853 9.67053 6
    endloop
  endfacet
  facet normal 0 -0 1
    outer loop
      vertex -3.543 9.87335 6
      vertex -3.29924 10.3793 6
      vertex -3.59853 10.1054 6
    endloop
  endfacet
  facet normal -0 0 1
    outer loop
      vertex 0.55687 -10.2778 6
      vertex 2.67058 -11.2578 6
      vertex 0.85199 -9.78526 6
    endloop
  endfacet
  facet normal 0 0 1
    outer loop
      vertex -2.15259 -7.23868 6
      vertex 1.01663 -5.45369 6
      vertex 0.690704 -5.15547 6
    endloop
  endfacet
  facet normal 0 0 1
    outer loop
      vertex -0.479524 -4.56237 6
      vertex 0.690704 -5.15547 6
      vertex 0.394531 -4.86011 6
    endloop
  endfacet
  facet normal 0 0 1
    outer loop
      vertex 2.19815 -6.35451 6
      vertex 0.269775 -9.25824 6
      vertex 0.804443 -9.59583 6
    endloop
  endfacet
  facet normal -0 0 1
    outer loop
      vertex 0 -4.5875 6
      vertex 0.394531 -4.86011 6
      vertex 0.136925 -4.58032 6
    endloop
  endfacet
  facet normal 0 0 1
    outer loop
      vertex -0.479524 -4.56237 6
      vertex 0.394531 -4.86011 6
      vertex 0 -4.5875 6
    endloop
  endfacet
  facet normal 0 0 1
    outer loop
      vertex 1.7677 -6.05457 6
      vertex -0.28952 -8.86847 6
      vertex 0.269775 -9.25824 6
    endloop
  endfacet
  facet normal 0 0 1
    outer loop
      vertex 1.7677 -6.05457 6
      vertex -0.338852 -8.8307 6
      vertex -0.28952 -8.86847 6
    endloop
  endfacet
  facet normal 0 0 1
    outer loop
      vertex 0.690704 -5.15547 6
      vertex -0.479524 -4.56237 6
      vertex -2.15259 -7.23868 6
    endloop
  endfacet
  facet normal 0 0 1
    outer loop
      vertex 1.01663 -5.45369 6
      vertex -2.15259 -7.23868 6
      vertex -0.338852 -8.8307 6
    endloop
  endfacet
  facet normal 0 -0 1
    outer loop
      vertex -0.529572 -8.85997 6
      vertex -0.338852 -8.8307 6
      vertex -2.15259 -7.23868 6
    endloop
  endfacet
  facet normal 0 0 1
    outer loop
      vertex -0.338852 -8.8307 6
      vertex -0.529572 -8.85997 6
      vertex -0.338943 -8.83295 6
    endloop
  endfacet
  facet normal 0 0 1
    outer loop
      vertex -2.15259 -7.23868 6
      vertex -0.479524 -4.56237 6
      vertex -0.953794 -4.48725 6
    endloop
  endfacet
  facet normal -0 0 1
    outer loop
      vertex -2.15572 -7.43301 6
      vertex -0.529572 -8.85997 6
      vertex -2.15259 -7.23868 6
    endloop
  endfacet
  facet normal 0 0 1
    outer loop
      vertex -0.529572 -8.85997 6
      vertex -2.15572 -7.43301 6
      vertex -0.851089 -9.28438 6
    endloop
  endfacet
  facet normal -0 0 1
    outer loop
      vertex -2.62611 -7.88887 6
      vertex -0.851089 -9.28438 6
      vertex -2.15572 -7.43301 6
    endloop
  endfacet
  facet normal 0 0 1
    outer loop
      vertex -0.851089 -9.28438 6
      vertex -2.62611 -7.88887 6
      vertex -1.00308 -9.43311 6
    endloop
  endfacet
  facet normal 0 0 1
    outer loop
      vertex -1.00308 -9.43311 6
      vertex -2.62611 -7.88887 6
      vertex -1.12216 -9.54008 6
    endloop
  endfacet
  facet normal 0 0 1
    outer loop
      vertex -2.48822 -6.87411 6
      vertex -0.953794 -4.48725 6
      vertex -1.41761 -4.36297 6
    endloop
  endfacet
  facet normal -0 0 1
    outer loop
      vertex -2.7419 -8.02376 6
      vertex -1.12216 -9.54008 6
      vertex -2.62611 -7.88887 6
    endloop
  endfacet
  facet normal 0 0 1
    outer loop
      vertex -1.12216 -9.54008 6
      vertex -2.7419 -8.02376 6
      vertex -1.19319 -9.59972 6
    endloop
  endfacet
  facet normal -0 0 1
    outer loop
      vertex -2.80803 -8.11154 6
      vertex -1.19319 -9.59972 6
      vertex -2.7419 -8.02376 6
    endloop
  endfacet
  facet normal -0 0 1
    outer loop
      vertex -2.89925 -8.24998 6
      vertex -1.27245 -9.66318 6
      vertex -2.80803 -8.11154 6
    endloop
  endfacet
  facet normal 0 0 1
    outer loop
      vertex -3.06375 -6.16844 6
      vertex -1.41761 -4.36297 6
      vertex -1.8659 -4.19089 6
    endloop
  endfacet
  facet normal 0 0 1
    outer loop
      vertex -1.19319 -9.59972 6
      vertex -2.80803 -8.11154 6
      vertex -1.27245 -9.66318 6
    endloop
  endfacet
  facet normal 0 0 1
    outer loop
      vertex -1.27245 -9.66318 6
      vertex -2.89925 -8.24998 6
      vertex -1.36037 -9.73024 6
    endloop
  endfacet
  facet normal -0 0 1
    outer loop
      vertex -2.95164 -8.33844 6
      vertex -1.36037 -9.73024 6
      vertex -2.89925 -8.24998 6
    endloop
  endfacet
  facet normal 0 0 1
    outer loop
      vertex -3.06375 -6.16844 6
      vertex -1.8659 -4.19089 6
      vertex -2.29375 -3.97289 6
    endloop
  endfacet
  facet normal 0 0 1
    outer loop
      vertex -0.953794 -4.48725 6
      vertex -2.48822 -6.87411 6
      vertex -2.15259 -7.23868 6
    endloop
  endfacet
  facet normal 0 0 1
    outer loop
      vertex -3.25551 -6.14272 6
      vertex -2.29375 -3.97289 6
      vertex -2.69646 -3.71136 6
    endloop
  endfacet
  facet normal 0 0 1
    outer loop
      vertex -1.41761 -4.36297 6
      vertex -2.82602 -6.47466 6
      vertex -2.48822 -6.87411 6
    endloop
  endfacet
  facet normal 0 0 1
    outer loop
      vertex -1.41761 -4.36297 6
      vertex -3.06375 -6.16844 6
      vertex -2.82602 -6.47466 6
    endloop
  endfacet
  facet normal 0 0 1
    outer loop
      vertex -2.29375 -3.97289 6
      vertex -3.25551 -6.14272 6
      vertex -3.06375 -6.16844 6
    endloop
  endfacet
  facet normal 0 0 1
    outer loop
      vertex -4.26245 -4.20912 6
      vertex -2.69646 -3.71136 6
      vertex -3.06964 -3.40918 6
    endloop
  endfacet
  facet normal 0 0 1
    outer loop
      vertex -3.06375 -6.16844 6
      vertex -3.25551 -6.14272 6
      vertex -3.06506 -6.17107 6
    endloop
  endfacet
  facet normal 0 0 1
    outer loop
      vertex -4.30571 -4.12083 6
      vertex -3.06964 -3.40918 6
      vertex -3.40918 -3.06964 6
    endloop
  endfacet
  facet normal 0 0 1
    outer loop
      vertex -4.30571 -4.12083 6
      vertex -3.40918 -3.06964 6
      vertex -3.71136 -2.69646 6
    endloop
  endfacet
  facet normal 0 0 1
    outer loop
      vertex -2.69646 -3.71136 6
      vertex -4.26245 -4.20912 6
      vertex -4.32628 -4.39317 6
    endloop
  endfacet
  facet normal 0 0 1
    outer loop
      vertex -2.69646 -3.71136 6
      vertex -4.32628 -4.39317 6
      vertex -3.25551 -6.14272 6
    endloop
  endfacet
  facet normal 0 0 1
    outer loop
      vertex -3.25551 -6.14272 6
      vertex -4.32628 -4.39317 6
      vertex -3.7374 -6.49751 6
    endloop
  endfacet
  facet normal 0 0 1
    outer loop
      vertex -4.30571 -4.12083 6
      vertex -3.71136 -2.69646 6
      vertex -3.97289 -2.29375 6
    endloop
  endfacet
  facet normal -0 0 1
    outer loop
      vertex -4.9836 -4.71564 6
      vertex -3.7374 -6.49751 6
      vertex -4.32628 -4.39317 6
    endloop
  endfacet
  facet normal 0 0 1
    outer loop
      vertex -3.7374 -6.49751 6
      vertex -4.9836 -4.71564 6
      vertex -3.86226 -6.571 6
    endloop
  endfacet
  facet normal 0 0 1
    outer loop
      vertex -4.78563 -2.88365 6
      vertex -3.97289 -2.29375 6
      vertex -4.19089 -1.8659 6
    endloop
  endfacet
  facet normal 0 0 1
    outer loop
      vertex -3.86226 -6.571 6
      vertex -4.9836 -4.71564 6
      vertex -3.96487 -6.62804 6
    endloop
  endfacet
  facet normal 0 0 1
    outer loop
      vertex -4.32628 -4.39317 6
      vertex -4.26245 -4.20912 6
      vertex -4.26427 -4.21091 6
    endloop
  endfacet
  facet normal 0 0 1
    outer loop
      vertex -3.96487 -6.62804 6
      vertex -4.9836 -4.71564 6
      vertex -4.10532 -6.6954 6
    endloop
  endfacet
  facet normal -0 0 1
    outer loop
      vertex -5.12634 -4.79335 6
      vertex -4.10532 -6.6954 6
      vertex -4.9836 -4.71564 6
    endloop
  endfacet
  facet normal 0 0 1
    outer loop
      vertex -4.10532 -6.6954 6
      vertex -5.12634 -4.79335 6
      vertex -4.19069 -6.73253 6
    endloop
  endfacet
  facet normal -0 0 1
    outer loop
      vertex -5.19559 -4.83835 6
      vertex -4.19069 -6.73253 6
      vertex -5.12634 -4.79335 6
    endloop
  endfacet
  facet normal -0 0 1
    outer loop
      vertex -5.24791 -4.8764 6
      vertex -4.19069 -6.73253 6
      vertex -5.19559 -4.83835 6
    endloop
  endfacet
  facet normal -0 0 1
    outer loop
      vertex -5.31099 -4.92557 6
      vertex -4.19069 -6.73253 6
      vertex -5.24791 -4.8764 6
    endloop
  endfacet
  facet normal 0 0 1
    outer loop
      vertex -4.19069 -6.73253 6
      vertex -5.31099 -4.92557 6
      vertex -4.28749 -6.77052 6
    endloop
  endfacet
  facet normal -0 0 1
    outer loop
      vertex -5.38376 -4.98663 6
      vertex -4.28749 -6.77052 6
      vertex -5.31099 -4.92557 6
    endloop
  endfacet
  facet normal 0 0 1
    outer loop
      vertex -4.28749 -6.77052 6
      vertex -5.38376 -4.98663 6
      vertex -4.39537 -6.81015 6
    endloop
  endfacet
  facet normal -0 0 1
    outer loop
      vertex -5.46519 -5.0602 6
      vertex -4.39537 -6.81015 6
      vertex -5.38376 -4.98663 6
    endloop
  endfacet
  facet normal 0 0 1
    outer loop
      vertex -4.39537 -6.81015 6
      vertex -5.46519 -5.0602 6
      vertex -4.5159 -6.84941 6
    endloop
  endfacet
  facet normal -0 0 1
    outer loop
      vertex -5.55423 -5.1467 6
      vertex -4.5159 -6.84941 6
      vertex -5.46519 -5.0602 6
    endloop
  endfacet
  facet normal 0 0 1
    outer loop
      vertex -4.5159 -6.84941 6
      vertex -5.55423 -5.1467 6
      vertex -4.64873 -6.88896 6
    endloop
  endfacet
  facet normal -0 0 1
    outer loop
      vertex -5.65001 -5.24608 6
      vertex -4.64873 -6.88896 6
      vertex -5.55423 -5.1467 6
    endloop
  endfacet
  facet normal 0 0 1
    outer loop
      vertex -4.64873 -6.88896 6
      vertex -5.65001 -5.24608 6
      vertex -4.7952 -6.92694 6
    endloop
  endfacet
  facet normal -0 0 1
    outer loop
      vertex -5.75145 -5.35858 6
      vertex -4.7952 -6.92694 6
      vertex -5.65001 -5.24608 6
    endloop
  endfacet
  facet normal 0 0 1
    outer loop
      vertex -4.7952 -6.92694 6
      vertex -5.75145 -5.35858 6
      vertex -4.95499 -6.96375 6
    endloop
  endfacet
  facet normal -0 0 1
    outer loop
      vertex -5.8573 -5.48482 6
      vertex -4.95499 -6.96375 6
      vertex -5.75145 -5.35858 6
    endloop
  endfacet
  facet normal 0 0 1
    outer loop
      vertex -4.95499 -6.96375 6
      vertex -5.8573 -5.48482 6
      vertex -5.12956 -6.99713 6
    endloop
  endfacet
  facet normal -0 0 1
    outer loop
      vertex -5.96698 -5.62399 6
      vertex -5.12956 -6.99713 6
      vertex -5.8573 -5.48482 6
    endloop
  endfacet
  facet normal 0 0 1
    outer loop
      vertex -5.12956 -6.99713 6
      vertex -5.96698 -5.62399 6
      vertex -5.31854 -7.02733 6
    endloop
  endfacet
  facet normal -0 0 1
    outer loop
      vertex -6.07921 -5.7766 6
      vertex -5.31854 -7.02733 6
      vertex -5.96698 -5.62399 6
    endloop
  endfacet
  facet normal 0 0 1
    outer loop
      vertex -5.31854 -7.02733 6
      vertex -6.07921 -5.7766 6
      vertex -5.52254 -7.05302 6
    endloop
  endfacet
  facet normal -0 0 1
    outer loop
      vertex -6.19316 -5.94241 6
      vertex -5.52254 -7.05302 6
      vertex -6.07921 -5.7766 6
    endloop
  endfacet
  facet normal 0 0 1
    outer loop
      vertex -5.52254 -7.05302 6
      vertex -6.19316 -5.94241 6
      vertex -5.74219 -7.07265 6
    endloop
  endfacet
  facet normal -0 0 1
    outer loop
      vertex -6.30806 -6.121 6
      vertex -5.74219 -7.07265 6
      vertex -6.19316 -5.94241 6
    endloop
  endfacet
  facet normal -0 -0 1
    outer loop
      vertex -6.27368 -6.90622 6
      vertex -5.74219 -7.07265 6
      vertex -6.30806 -6.121 6
    endloop
  endfacet
  facet normal 0 0 1
    outer loop
      vertex -5.97729 -7.08568 6
      vertex -6.27368 -6.90622 6
      vertex -6.15437 -7.08931 6
    endloop
  endfacet
  facet normal 0 0 1
    outer loop
      vertex -5.74219 -7.07265 6
      vertex -6.27368 -6.90622 6
      vertex -5.97729 -7.08568 6
    endloop
  endfacet
  facet normal -0 0 1
    outer loop
      vertex -6.42297 -6.31238 6
      vertex -6.27368 -6.90622 6
      vertex -6.30806 -6.121 6
    endloop
  endfacet
  facet normal 0 0 1
    outer loop
      vertex -6.27368 -6.90622 6
      vertex -6.42297 -6.31238 6
      vertex -6.5218 -6.48911 6
    endloop
  endfacet
  facet normal 0 0 1
    outer loop
      vertex 3.04401 -10.7335 6
      vertex 3.04346 -10.7316 6
      vertex 2.86539 -10.8054 6
    endloop
  endfacet
  facet normal -0 0 1
    outer loop
      vertex -0.28952 8.86847 6
      vertex 1.7677 6.05457 6
      vertex 0.269775 9.25824 6
    endloop
  endfacet
  facet normal -0 0 1
    outer loop
      vertex -0.338852 8.8307 6
      vertex 1.7677 6.05457 6
      vertex -0.28952 8.86847 6
    endloop
  endfacet
  facet normal 0 0 1
    outer loop
      vertex 1.7677 6.05457 6
      vertex -0.338852 8.8307 6
      vertex 1.37477 5.75378 6
    endloop
  endfacet
  facet normal 0 0 1
    outer loop
      vertex 1.37477 5.75378 6
      vertex -0.338852 8.8307 6
      vertex 1.01663 5.45369 6
    endloop
  endfacet
  facet normal -0 0 1
    outer loop
      vertex -2.15259 7.23868 6
      vertex 1.01663 5.45369 6
      vertex -0.338852 8.8307 6
    endloop
  endfacet
  facet normal 0 0 1
    outer loop
      vertex 1.01663 5.45369 6
      vertex -2.15259 7.23868 6
      vertex 0.690704 5.15547 6
    endloop
  endfacet
  facet normal 0 -0 1
    outer loop
      vertex -0.479524 4.56237 6
      vertex 0.690704 5.15547 6
      vertex -2.15259 7.23868 6
    endloop
  endfacet
  facet normal 0 0 1
    outer loop
      vertex 0.394531 4.86011 6
      vertex 0 4.5875 6
      vertex 0.136925 4.58032 6
    endloop
  endfacet
  facet normal 0 0 1
    outer loop
      vertex 0.690704 5.15547 6
      vertex -0.479524 4.56237 6
      vertex 0.394531 4.86011 6
    endloop
  endfacet
  facet normal 0 0 1
    outer loop
      vertex -0.529572 8.85997 6
      vertex -0.338852 8.8307 6
      vertex -0.338943 8.83295 6
    endloop
  endfacet
  facet normal 0 0 1
    outer loop
      vertex -0.338852 8.8307 6
      vertex -0.529572 8.85997 6
      vertex -2.15259 7.23868 6
    endloop
  endfacet
  facet normal 0 0 1
    outer loop
      vertex -2.15572 7.43301 6
      vertex -0.529572 8.85997 6
      vertex -0.851089 9.28438 6
    endloop
  endfacet
  facet normal 0 0 1
    outer loop
      vertex 0.394531 4.86011 6
      vertex -0.479524 4.56237 6
      vertex 0 4.5875 6
    endloop
  endfacet
  facet normal 0 0 1
    outer loop
      vertex -2.15572 7.43301 6
      vertex -0.851089 9.28438 6
      vertex -1.00308 9.43311 6
    endloop
  endfacet
  facet normal 0 0 1
    outer loop
      vertex -2.15572 7.43301 6
      vertex -1.00308 9.43311 6
      vertex -1.12216 9.54008 6
    endloop
  endfacet
  facet normal 0 0 1
    outer loop
      vertex -2.15572 7.43301 6
      vertex -1.12216 9.54008 6
      vertex -1.19319 9.59972 6
    endloop
  endfacet
  facet normal 0 0 1
    outer loop
      vertex -2.15572 7.43301 6
      vertex -1.19319 9.59972 6
      vertex -1.27245 9.66318 6
    endloop
  endfacet
  facet normal 0 0 1
    outer loop
      vertex -2.15572 7.43301 6
      vertex -1.27245 9.66318 6
      vertex -1.36037 9.73024 6
    endloop
  endfacet
  facet normal 0 0 1
    outer loop
      vertex -0.479524 4.56237 6
      vertex -2.15259 7.23868 6
      vertex -0.953794 4.48725 6
    endloop
  endfacet
  facet normal 0 0 1
    outer loop
      vertex -2.15572 7.43301 6
      vertex -1.36037 9.73024 6
      vertex -1.45766 9.80049 6
    endloop
  endfacet
  facet normal 0 0 1
    outer loop
      vertex -2.15572 7.43301 6
      vertex -1.45766 9.80049 6
      vertex -1.56512 9.87338 6
    endloop
  endfacet
  facet normal 0 0 1
    outer loop
      vertex -2.15572 7.43301 6
      vertex -1.56512 9.87338 6
      vertex -1.68274 9.94904 6
    endloop
  endfacet
  facet normal 0 0 1
    outer loop
      vertex -2.15572 7.43301 6
      vertex -1.68274 9.94904 6
      vertex -1.81099 10.0271 6
    endloop
  endfacet
  facet normal -0 0 1
    outer loop
      vertex -2.48822 6.87411 6
      vertex -0.953794 4.48725 6
      vertex -2.15259 7.23868 6
    endloop
  endfacet
  facet normal 0 0 1
    outer loop
      vertex -2.15572 7.43301 6
      vertex -1.81099 10.0271 6
      vertex -1.95032 10.1074 6
    endloop
  endfacet
  facet normal 0 0 1
    outer loop
      vertex -3.25052 8.96365 6
      vertex -1.95032 10.1074 6
      vertex -2.10126 10.1893 6
    endloop
  endfacet
  facet normal 0 0 1
    outer loop
      vertex -0.953794 4.48725 6
      vertex -2.48822 6.87411 6
      vertex -1.41761 4.36297 6
    endloop
  endfacet
  facet normal -0 0 1
    outer loop
      vertex -2.82602 6.47466 6
      vertex -1.41761 4.36297 6
      vertex -2.48822 6.87411 6
    endloop
  endfacet
  facet normal -0 0 1
    outer loop
      vertex -3.06375 6.16844 6
      vertex -1.41761 4.36297 6
      vertex -2.82602 6.47466 6
    endloop
  endfacet
  facet normal 0 0 1
    outer loop
      vertex -1.41761 4.36297 6
      vertex -3.06375 6.16844 6
      vertex -1.8659 4.19089 6
    endloop
  endfacet
  facet normal 0 0 1
    outer loop
      vertex -1.8659 4.19089 6
      vertex -3.06375 6.16844 6
      vertex -2.29375 3.97289 6
    endloop
  endfacet
  facet normal -0 0 1
    outer loop
      vertex -3.25551 6.14272 6
      vertex -2.29375 3.97289 6
      vertex -3.06375 6.16844 6
    endloop
  endfacet
  facet normal 0 0 1
    outer loop
      vertex -3.25551 6.14272 6
      vertex -3.06375 6.16844 6
      vertex -3.06506 6.17107 6
    endloop
  endfacet
  facet normal 0 0 1
    outer loop
      vertex -2.29375 3.97289 6
      vertex -3.25551 6.14272 6
      vertex -2.69646 3.71136 6
    endloop
  endfacet
  facet normal -0 0 1
    outer loop
      vertex -4.32628 4.39317 6
      vertex -2.69646 3.71136 6
      vertex -3.25551 6.14272 6
    endloop
  endfacet
  facet normal -0 -0 1
    outer loop
      vertex -4.26245 4.20912 6
      vertex -2.69646 3.71136 6
      vertex -4.32628 4.39317 6
    endloop
  endfacet
  facet normal -0 0 1
    outer loop
      vertex -4.30571 4.12083 6
      vertex -3.06964 3.40918 6
      vertex -4.26245 4.20912 6
    endloop
  endfacet
  facet normal 0 0 1
    outer loop
      vertex -4.32628 4.39317 6
      vertex -3.25551 6.14272 6
      vertex -3.7374 6.49751 6
    endloop
  endfacet
  facet normal 0 0 1
    outer loop
      vertex -4.9836 4.71564 6
      vertex -3.7374 6.49751 6
      vertex -3.90904 6.59814 6
    endloop
  endfacet
  facet normal 0 0 1
    outer loop
      vertex -4.9836 4.71564 6
      vertex -3.90904 6.59814 6
      vertex -3.96487 6.62804 6
    endloop
  endfacet
  facet normal 0 0 1
    outer loop
      vertex -3.06964 3.40918 6
      vertex -4.30571 4.12083 6
      vertex -3.40918 3.06964 6
    endloop
  endfacet
  facet normal 0 0 1
    outer loop
      vertex -4.9836 4.71564 6
      vertex -3.96487 6.62804 6
      vertex -4.10532 6.6954 6
    endloop
  endfacet
  facet normal 0 0 1
    outer loop
      vertex -5.10938 4.78375 6
      vertex -4.10532 6.6954 6
      vertex -4.19069 6.73253 6
    endloop
  endfacet
  facet normal -0 0 1
    outer loop
      vertex -4.47491 3.73714 6
      vertex -3.40918 3.06964 6
      vertex -4.30571 4.12083 6
    endloop
  endfacet
  facet normal -0 0 1
    outer loop
      vertex -4.62514 3.35583 6
      vertex -3.40918 3.06964 6
      vertex -4.47491 3.73714 6
    endloop
  endfacet
  facet normal 0 0 1
    outer loop
      vertex -2.69646 3.71136 6
      vertex -4.26245 4.20912 6
      vertex -3.06964 3.40918 6
    endloop
  endfacet
  facet normal 0 0 1
    outer loop
      vertex -5.31099 4.92557 6
      vertex -4.19069 6.73253 6
      vertex -4.28749 6.77052 6
    endloop
  endfacet
  facet normal 0 0 1
    outer loop
      vertex -4.26245 4.20912 6
      vertex -4.32628 4.39317 6
      vertex -4.26427 4.21091 6
    endloop
  endfacet
  facet normal 0 0 1
    outer loop
      vertex -5.38376 4.98663 6
      vertex -4.28749 6.77052 6
      vertex -4.39537 6.81015 6
    endloop
  endfacet
  facet normal 0 0 1
    outer loop
      vertex -5.46519 5.0602 6
      vertex -4.39537 6.81015 6
      vertex -4.5159 6.84941 6
    endloop
  endfacet
  facet normal 0 0 1
    outer loop
      vertex -5.55423 5.1467 6
      vertex -4.5159 6.84941 6
      vertex -4.64873 6.88896 6
    endloop
  endfacet
  facet normal 0 0 1
    outer loop
      vertex -5.65001 5.24608 6
      vertex -4.64873 6.88896 6
      vertex -4.7952 6.92694 6
    endloop
  endfacet
  facet normal 0 0 1
    outer loop
      vertex -5.75145 5.35858 6
      vertex -4.7952 6.92694 6
      vertex -4.95499 6.96375 6
    endloop
  endfacet
  facet normal 0 0 1
    outer loop
      vertex -3.7374 6.49751 6
      vertex -4.9836 4.71564 6
      vertex -4.32628 4.39317 6
    endloop
  endfacet
  facet normal 0 0 1
    outer loop
      vertex -4.10532 6.6954 6
      vertex -5.10938 4.78375 6
      vertex -4.9836 4.71564 6
    endloop
  endfacet
  facet normal 0 0 1
    outer loop
      vertex -5.8573 5.48482 6
      vertex -4.95499 6.96375 6
      vertex -5.12956 6.99713 6
    endloop
  endfacet
  facet normal 0 0 1
    outer loop
      vertex -4.19069 6.73253 6
      vertex -5.19559 4.83835 6
      vertex -5.10938 4.78375 6
    endloop
  endfacet
  facet normal 0 0 1
    outer loop
      vertex -4.19069 6.73253 6
      vertex -5.24791 4.8764 6
      vertex -5.19559 4.83835 6
    endloop
  endfacet
  facet normal 0 0 1
    outer loop
      vertex -4.19069 6.73253 6
      vertex -5.31099 4.92557 6
      vertex -5.24791 4.8764 6
    endloop
  endfacet
  facet normal 0 0 1
    outer loop
      vertex -5.96698 5.62399 6
      vertex -5.12956 6.99713 6
      vertex -5.31854 7.02733 6
    endloop
  endfacet
  facet normal 0 0 1
    outer loop
      vertex -4.28749 6.77052 6
      vertex -5.38376 4.98663 6
      vertex -5.31099 4.92557 6
    endloop
  endfacet
  facet normal 0 0 1
    outer loop
      vertex -4.39537 6.81015 6
      vertex -5.46519 5.0602 6
      vertex -5.38376 4.98663 6
    endloop
  endfacet
  facet normal 0 0 1
    outer loop
      vertex -6.07921 5.7766 6
      vertex -5.31854 7.02733 6
      vertex -5.52254 7.05302 6
    endloop
  endfacet
  facet normal 0 0 1
    outer loop
      vertex -4.5159 6.84941 6
      vertex -5.55423 5.1467 6
      vertex -5.46519 5.0602 6
    endloop
  endfacet
  facet normal 0 0 1
    outer loop
      vertex -4.64873 6.88896 6
      vertex -5.65001 5.24608 6
      vertex -5.55423 5.1467 6
    endloop
  endfacet
  facet normal 0 0 1
    outer loop
      vertex -6.19316 5.94241 6
      vertex -5.52254 7.05302 6
      vertex -5.74219 7.07265 6
    endloop
  endfacet
  facet normal 0 0 1
    outer loop
      vertex -4.7952 6.92694 6
      vertex -5.75145 5.35858 6
      vertex -5.65001 5.24608 6
    endloop
  endfacet
  facet normal 0 0 1
    outer loop
      vertex -4.95499 6.96375 6
      vertex -5.8573 5.48482 6
      vertex -5.75145 5.35858 6
    endloop
  endfacet
  facet normal 0 0 1
    outer loop
      vertex -5.12956 6.99713 6
      vertex -5.96698 5.62399 6
      vertex -5.8573 5.48482 6
    endloop
  endfacet
  facet normal 0 0 1
    outer loop
      vertex -6.27368 6.90622 6
      vertex -5.74219 7.07265 6
      vertex -5.97729 7.08568 6
    endloop
  endfacet
  facet normal 0 0 1
    outer loop
      vertex -5.31854 7.02733 6
      vertex -6.07921 5.7766 6
      vertex -5.96698 5.62399 6
    endloop
  endfacet
  facet normal 0 0 1
    outer loop
      vertex -6.27368 6.90622 6
      vertex -5.97729 7.08568 6
      vertex -6.15437 7.08931 6
    endloop
  endfacet
  facet normal 0 0 1
    outer loop
      vertex -5.52254 7.05302 6
      vertex -6.19316 5.94241 6
      vertex -6.07921 5.7766 6
    endloop
  endfacet
  facet normal 0 0 1
    outer loop
      vertex -5.74219 7.07265 6
      vertex -6.27368 6.90622 6
      vertex -6.30806 6.121 6
    endloop
  endfacet
  facet normal 0 0 1
    outer loop
      vertex -5.74219 7.07265 6
      vertex -6.30806 6.121 6
      vertex -6.19316 5.94241 6
    endloop
  endfacet
  facet normal 0 0 1
    outer loop
      vertex -6.27368 6.90622 6
      vertex -6.42297 6.31238 6
      vertex -6.30806 6.121 6
    endloop
  endfacet
  facet normal 0 -0 1
    outer loop
      vertex -6.42297 6.31238 6
      vertex -6.27368 6.90622 6
      vertex -6.5218 6.48911 6
    endloop
  endfacet
  facet normal 0 0 1
    outer loop
      vertex -1.36037 -9.73024 6
      vertex -2.95164 -8.33844 6
      vertex -1.45766 -9.80049 6
    endloop
  endfacet
  facet normal -0 0 1
    outer loop
      vertex -3.00787 -8.43904 6
      vertex -1.45766 -9.80049 6
      vertex -2.95164 -8.33844 6
    endloop
  endfacet
  facet normal 0 0 1
    outer loop
      vertex -1.45766 -9.80049 6
      vertex -3.00787 -8.43904 6
      vertex -1.56512 -9.87338 6
    endloop
  endfacet
  facet normal -0 0 1
    outer loop
      vertex -3.06662 -8.55214 6
      vertex -1.56512 -9.87338 6
      vertex -3.00787 -8.43904 6
    endloop
  endfacet
  facet normal 0 0 1
    outer loop
      vertex -1.56512 -9.87338 6
      vertex -3.06662 -8.55214 6
      vertex -1.68274 -9.94904 6
    endloop
  endfacet
  facet normal -0 0 1
    outer loop
      vertex -3.12662 -8.67795 6
      vertex -1.68274 -9.94904 6
      vertex -3.06662 -8.55214 6
    endloop
  endfacet
  facet normal 0 0 1
    outer loop
      vertex -1.68274 -9.94904 6
      vertex -3.12662 -8.67795 6
      vertex -1.81099 -10.0271 6
    endloop
  endfacet
  facet normal -0 0 1
    outer loop
      vertex -3.18858 -8.81477 6
      vertex -1.81099 -10.0271 6
      vertex -3.12662 -8.67795 6
    endloop
  endfacet
  facet normal 0 0 1
    outer loop
      vertex -1.81099 -10.0271 6
      vertex -3.18858 -8.81477 6
      vertex -1.95032 -10.1074 6
    endloop
  endfacet
  facet normal -0 0 1
    outer loop
      vertex -3.25052 -8.96365 6
      vertex -1.95032 -10.1074 6
      vertex -3.18858 -8.81477 6
    endloop
  endfacet
  facet normal 0 0 1
    outer loop
      vertex -1.95032 -10.1074 6
      vertex -3.25052 -8.96365 6
      vertex -2.10126 -10.1893 6
    endloop
  endfacet
  facet normal -0 0 1
    outer loop
      vertex -3.3118 -9.12425 6
      vertex -2.10126 -10.1893 6
      vertex -3.25052 -8.96365 6
    endloop
  endfacet
  facet normal 0 0 1
    outer loop
      vertex -2.10126 -10.1893 6
      vertex -3.3118 -9.12425 6
      vertex -2.26576 -10.2715 6
    endloop
  endfacet
  facet normal -0 0 1
    outer loop
      vertex -3.37196 -9.2961 6
      vertex -2.26576 -10.2715 6
      vertex -3.3118 -9.12425 6
    endloop
  endfacet
  facet normal 0 0 1
    outer loop
      vertex -2.26576 -10.2715 6
      vertex -3.37196 -9.2961 6
      vertex -2.4429 -10.3545 6
    endloop
  endfacet
  facet normal -0 0 1
    outer loop
      vertex -3.43137 -9.47798 6
      vertex -2.4429 -10.3545 6
      vertex -3.37196 -9.2961 6
    endloop
  endfacet
  facet normal 0 0 1
    outer loop
      vertex -2.4429 -10.3545 6
      vertex -3.43137 -9.47798 6
      vertex -2.63316 -10.4378 6
    endloop
  endfacet
  facet normal -0 0 1
    outer loop
      vertex -3.48853 -9.67053 6
      vertex -2.63316 -10.4378 6
      vertex -3.43137 -9.47798 6
    endloop
  endfacet
  facet normal -0 -0 1
    outer loop
      vertex -3.29924 -10.3793 6
      vertex -2.63316 -10.4378 6
      vertex -3.48853 -9.67053 6
    endloop
  endfacet
  facet normal 0 0 1
    outer loop
      vertex -2.83868 -10.5195 6
      vertex -3.29924 -10.3793 6
      vertex -3.0426 -10.5943 6
    endloop
  endfacet
  facet normal 0 0 1
    outer loop
      vertex -2.63316 -10.4378 6
      vertex -3.29924 -10.3793 6
      vertex -2.83868 -10.5195 6
    endloop
  endfacet
  facet normal -0 0 1
    outer loop
      vertex -3.543 -9.87335 6
      vertex -3.29924 -10.3793 6
      vertex -3.48853 -9.67053 6
    endloop
  endfacet
  facet normal 0 0 1
    outer loop
      vertex -3.29924 -10.3793 6
      vertex -3.543 -9.87335 6
      vertex -3.59853 -10.1054 6
    endloop
  endfacet
  facet normal 0 0 1
    outer loop
      vertex -3.40918 3.06964 6
      vertex -4.62514 3.35583 6
      vertex -3.71136 2.69646 6
    endloop
  endfacet
  facet normal -0 0 1
    outer loop
      vertex -4.75726 2.97679 6
      vertex -3.71136 2.69646 6
      vertex -4.62514 3.35583 6
    endloop
  endfacet
  facet normal -0 0 1
    outer loop
      vertex -4.78563 2.88365 6
      vertex -3.71136 2.69646 6
      vertex -4.75726 2.97679 6
    endloop
  endfacet
  facet normal 0 0 1
    outer loop
      vertex -3.71136 2.69646 6
      vertex -4.78563 2.88365 6
      vertex -3.97289 2.29375 6
    endloop
  endfacet
  facet normal 0 0 1
    outer loop
      vertex -3.97289 2.29375 6
      vertex -4.78563 2.88365 6
      vertex -4.19089 1.8659 6
    endloop
  endfacet
  facet normal -0 0 1
    outer loop
      vertex -4.95731 2.79373 6
      vertex -4.19089 1.8659 6
      vertex -4.78563 2.88365 6
    endloop
  endfacet
  facet normal 0 0 1
    outer loop
      vertex -4.19089 1.8659 6
      vertex -4.95731 2.79373 6
      vertex -4.36297 1.41761 6
    endloop
  endfacet
  facet normal 0 0 1
    outer loop
      vertex 22.0817 9.45625 6
      vertex 20.2079 10.6702 6
      vertex 22.0226 9.34499 6
    endloop
  endfacet
  facet normal 0 0 1
    outer loop
      vertex 22.0226 9.34499 6
      vertex 20.2079 10.6702 6
      vertex 21.925 9.18484 6
    endloop
  endfacet
  facet normal -0 0 1
    outer loop
      vertex 20.0962 10.5442 6
      vertex 21.925 9.18484 6
      vertex 20.2079 10.6702 6
    endloop
  endfacet
  facet normal -0 0 1
    outer loop
      vertex 19.9588 10.3759 6
      vertex 21.925 9.18484 6
      vertex 20.0962 10.5442 6
    endloop
  endfacet
  facet normal 0 0 1
    outer loop
      vertex 21.925 9.18484 6
      vertex 19.9588 10.3759 6
      vertex 21.5497 8.70102 6
    endloop
  endfacet
  facet normal -0 0 1
    outer loop
      vertex 19.7078 9.93265 6
      vertex 21.5497 8.70102 6
      vertex 19.9588 10.3759 6
    endloop
  endfacet
  facet normal 0 0 1
    outer loop
      vertex 21.5497 8.70102 6
      vertex 19.7078 9.93265 6
      vertex 21.5498 8.50066 6
    endloop
  endfacet
  facet normal -0 0 1
    outer loop
      vertex 19.5138 9.87779 6
      vertex 21.5498 8.50066 6
      vertex 19.7078 9.93265 6
    endloop
  endfacet
  facet normal 0 0 1
    outer loop
      vertex 21.5498 8.50066 6
      vertex 19.8812 5.3781 6
      vertex 20.674 4.58024 6
    endloop
  endfacet
  facet normal 0 0 1
    outer loop
      vertex 19.5138 9.87779 6
      vertex 19.7078 9.93265 6
      vertex 19.522 9.88196 6
    endloop
  endfacet
  facet normal 0 0 1
    outer loop
      vertex 21.5498 8.50066 6
      vertex 19.5138 9.87779 6
      vertex 18.9525 6.12137 6
    endloop
  endfacet
  facet normal 0 0 1
    outer loop
      vertex 21.5498 8.50066 6
      vertex 18.9525 6.12137 6
      vertex 19.8812 5.3781 6
    endloop
  endfacet
  facet normal 0 0 1
    outer loop
      vertex 17.9309 6.77652 6
      vertex 19.5138 9.87779 6
      vertex 18.3055 10.4973 6
    endloop
  endfacet
  facet normal 0 0 1
    outer loop
      vertex 17.9309 6.77652 6
      vertex 18.3055 10.4973 6
      vertex 18.2384 10.6781 6
    endloop
  endfacet
  facet normal 0 0 1
    outer loop
      vertex 19.5138 9.87779 6
      vertex 17.9309 6.77652 6
      vertex 18.9525 6.12137 6
    endloop
  endfacet
  facet normal 0 0 1
    outer loop
      vertex 22.2812 -9.94745 6
      vertex 20.6172 -11.0623 6
      vertex 20.7244 -11.1525 6
    endloop
  endfacet
  facet normal 0 -0 1
    outer loop
      vertex 19.9588 -10.3759 6
      vertex 21.5497 -8.70102 6
      vertex 19.7078 -9.93265 6
    endloop
  endfacet
  facet normal 0 0 1
    outer loop
      vertex 22.2382 -9.82591 6
      vertex 20.5188 -10.9759 6
      vertex 20.6172 -11.0623 6
    endloop
  endfacet
  facet normal 0 0 1
    outer loop
      vertex 22.1964 -9.71545 6
      vertex 20.4293 -10.8931 6
      vertex 20.5188 -10.9759 6
    endloop
  endfacet
  facet normal 0 0 1
    outer loop
      vertex 22.1557 -9.61707 6
      vertex 20.3477 -10.8146 6
      vertex 20.4293 -10.8931 6
    endloop
  endfacet
  facet normal 0 0 1
    outer loop
      vertex 22.0817 -9.45625 6
      vertex 20.2079 -10.6702 6
      vertex 20.3477 -10.8146 6
    endloop
  endfacet
  facet normal 0 0 1
    outer loop
      vertex 21.925 -9.18484 6
      vertex 20.0962 -10.5442 6
      vertex 20.2079 -10.6702 6
    endloop
  endfacet
  facet normal 0 -0 1
    outer loop
      vertex 19.5138 -9.87779 6
      vertex 21.5498 -8.50066 6
      vertex 18.9525 -6.12137 6
    endloop
  endfacet
  facet normal 0 0 1
    outer loop
      vertex 21.925 -9.18484 6
      vertex 19.9588 -10.3759 6
      vertex 20.0962 -10.5442 6
    endloop
  endfacet
  facet normal 0 -0 1
    outer loop
      vertex 19.7078 -9.93265 6
      vertex 21.5498 -8.50066 6
      vertex 19.5138 -9.87779 6
    endloop
  endfacet
  facet normal 0 0 1
    outer loop
      vertex 21.5498 -8.50066 6
      vertex 19.7078 -9.93265 6
      vertex 21.5497 -8.70102 6
    endloop
  endfacet
  facet normal 0 0 1
    outer loop
      vertex 19.7078 -9.93265 6
      vertex 19.5138 -9.87779 6
      vertex 19.522 -9.88196 6
    endloop
  endfacet
  facet normal -0 0 1
    outer loop
      vertex 17.9309 -6.77652 6
      vertex 19.5138 -9.87779 6
      vertex 18.9525 -6.12137 6
    endloop
  endfacet
  facet normal -0 0 1
    outer loop
      vertex 16.8425 -7.33443 6
      vertex 19.5138 -9.87779 6
      vertex 17.9309 -6.77652 6
    endloop
  endfacet
  facet normal 0 0 1
    outer loop
      vertex 19.5138 -9.87779 6
      vertex 16.8425 -7.33443 6
      vertex 18.3055 -10.4973 6
    endloop
  endfacet
  facet normal -0.54464 0.83867 0
    outer loop
      vertex 18.5187 3.97289 0
      vertex 18.116 3.71136 6
      vertex 18.5187 3.97289 6
    endloop
  endfacet
  facet normal -0.54464 0.83867 0
    outer loop
      vertex 18.116 3.71136 6
      vertex 18.5187 3.97289 0
      vertex 18.116 3.71136 0
    endloop
  endfacet
  facet normal -0.258818 -0.965926 0
    outer loop
      vertex 19.3949 -4.36297 0
      vertex 19.8587 -4.48725 6
      vertex 19.3949 -4.36297 6
    endloop
  endfacet
  facet normal -0.258818 -0.965926 -0
    outer loop
      vertex 19.8587 -4.48725 6
      vertex 19.3949 -4.36297 0
      vertex 19.8587 -4.48725 0
    endloop
  endfacet
  facet normal -0.965926 -0.258817 0
    outer loop
      vertex 22.5243 0.363845 0
      vertex 22.4768 0.540779 6
      vertex 22.4768 0.540779 0
    endloop
  endfacet
  facet normal -0.965926 -0.258817 0
    outer loop
      vertex 22.4768 0.540779 6
      vertex 22.5243 0.363845 0
      vertex 22.5243 0.363845 6
    endloop
  endfacet
  facet normal 0.99863 -0.0523342 0
    outer loop
      vertex 19.0625 0 6
      vertex 19.0721 0.182924 0
      vertex 19.0721 0.182924 6
    endloop
  endfacet
  facet normal 0.99863 -0.0523342 0
    outer loop
      vertex 19.0721 0.182924 0
      vertex 19.0625 0 6
      vertex 19.0625 0 0
    endloop
  endfacet
  facet normal -0.0523394 -0.998629 0
    outer loop
      vertex 20.8125 1.75 0
      vertex 20.9954 1.74041 6
      vertex 20.8125 1.75 6
    endloop
  endfacet
  facet normal -0.0523394 -0.998629 -0
    outer loop
      vertex 20.9954 1.74041 6
      vertex 20.8125 1.75 0
      vertex 20.9954 1.74041 0
    endloop
  endfacet
  facet normal -0.707107 -0.707107 0
    outer loop
      vertex 22.113 1.17098 0
      vertex 21.9835 1.3005 6
      vertex 21.9835 1.3005 0
    endloop
  endfacet
  facet normal -0.707107 -0.707107 0
    outer loop
      vertex 21.9835 1.3005 6
      vertex 22.113 1.17098 0
      vertex 22.113 1.17098 6
    endloop
  endfacet
  facet normal 0.629319 -0.777147 0
    outer loop
      vertex 19.6415 1.3005 0
      vertex 19.7839 1.41578 6
      vertex 19.6415 1.3005 6
    endloop
  endfacet
  facet normal 0.629319 -0.777147 0
    outer loop
      vertex 19.7839 1.41578 6
      vertex 19.6415 1.3005 0
      vertex 19.7839 1.41578 0
    endloop
  endfacet
  facet normal 0.358368 -0.93358 0
    outer loop
      vertex 20.1007 1.5987 0
      vertex 20.2717 1.66435 6
      vertex 20.1007 1.5987 6
    endloop
  endfacet
  facet normal 0.358368 -0.93358 0
    outer loop
      vertex 20.2717 1.66435 6
      vertex 20.1007 1.5987 0
      vertex 20.2717 1.66435 0
    endloop
  endfacet
  facet normal 0.777147 0.629319 0
    outer loop
      vertex 19.512 -1.17098 6
      vertex 19.3967 -1.02862 0
      vertex 19.3967 -1.02862 6
    endloop
  endfacet
  facet normal 0.777147 0.629319 0
    outer loop
      vertex 19.3967 -1.02862 0
      vertex 19.512 -1.17098 6
      vertex 19.512 -1.17098 0
    endloop
  endfacet
  facet normal -0.933579 -0.358373 0
    outer loop
      vertex 22.4768 0.540779 0
      vertex 22.4112 0.711788 6
      vertex 22.4112 0.711788 0
    endloop
  endfacet
  facet normal -0.933579 -0.358373 0
    outer loop
      vertex 22.4112 0.711788 6
      vertex 22.4768 0.540779 0
      vertex 22.4768 0.540779 6
    endloop
  endfacet
  facet normal -0.45399 -0.891007 0
    outer loop
      vertex 21.5243 1.5987 0
      vertex 21.6875 1.51554 6
      vertex 21.5243 1.5987 6
    endloop
  endfacet
  facet normal -0.45399 -0.891007 -0
    outer loop
      vertex 21.6875 1.51554 6
      vertex 21.5243 1.5987 0
      vertex 21.6875 1.51554 0
    endloop
  endfacet
  facet normal -0.629319 -0.777147 0
    outer loop
      vertex 21.8411 1.41578 0
      vertex 21.9835 1.3005 6
      vertex 21.8411 1.41578 6
    endloop
  endfacet
  facet normal -0.629319 -0.777147 -0
    outer loop
      vertex 21.9835 1.3005 6
      vertex 21.8411 1.41578 0
      vertex 21.9835 1.3005 0
    endloop
  endfacet
  facet normal 0.838668 -0.544642 0
    outer loop
      vertex 19.297 0.874999 6
      vertex 19.3967 1.02862 0
      vertex 19.3967 1.02862 6
    endloop
  endfacet
  facet normal 0.838668 -0.544642 0
    outer loop
      vertex 19.3967 1.02862 0
      vertex 19.297 0.874999 6
      vertex 19.297 0.874999 0
    endloop
  endfacet
  facet normal 0.777147 -0.629319 0
    outer loop
      vertex 19.3967 1.02862 6
      vertex 19.512 1.17098 0
      vertex 19.512 1.17098 6
    endloop
  endfacet
  facet normal 0.777147 -0.629319 0
    outer loop
      vertex 19.512 1.17098 0
      vertex 19.3967 1.02862 6
      vertex 19.3967 1.02862 0
    endloop
  endfacet
  facet normal 0.544641 -0.838669 0
    outer loop
      vertex 19.7839 1.41578 0
      vertex 19.9375 1.51554 6
      vertex 19.7839 1.41578 6
    endloop
  endfacet
  facet normal 0.544641 -0.838669 0
    outer loop
      vertex 19.9375 1.51554 6
      vertex 19.7839 1.41578 0
      vertex 19.9375 1.51554 0
    endloop
  endfacet
  facet normal -0.891006 0.453992 0
    outer loop
      vertex 22.328 -0.874999 0
      vertex 22.4112 -0.711788 6
      vertex 22.4112 -0.711788 0
    endloop
  endfacet
  facet normal -0.891006 0.453992 0
    outer loop
      vertex 22.4112 -0.711788 6
      vertex 22.328 -0.874999 0
      vertex 22.328 -0.874999 6
    endloop
  endfacet
  facet normal -0.258816 0.965927 0
    outer loop
      vertex 21.3533 -1.66435 0
      vertex 21.1763 -1.71176 6
      vertex 21.3533 -1.66435 6
    endloop
  endfacet
  facet normal -0.258816 0.965927 0
    outer loop
      vertex 21.1763 -1.71176 6
      vertex 21.3533 -1.66435 0
      vertex 21.1763 -1.71176 0
    endloop
  endfacet
  facet normal -0.707107 0.707107 0
    outer loop
      vertex 21.9835 -1.3005 0
      vertex 22.113 -1.17098 6
      vertex 22.113 -1.17098 0
    endloop
  endfacet
  facet normal -0.707107 0.707107 0
    outer loop
      vertex 22.113 -1.17098 6
      vertex 21.9835 -1.3005 0
      vertex 21.9835 -1.3005 6
    endloop
  endfacet
  facet normal -0.965926 0.258817 0
    outer loop
      vertex 22.4768 -0.540779 0
      vertex 22.5243 -0.363845 6
      vertex 22.5243 -0.363845 0
    endloop
  endfacet
  facet normal -0.965926 0.258817 0
    outer loop
      vertex 22.5243 -0.363845 6
      vertex 22.4768 -0.540779 0
      vertex 22.4768 -0.540779 6
    endloop
  endfacet
  facet normal 0.358368 0.93358 -0
    outer loop
      vertex 20.2717 -1.66435 0
      vertex 20.1007 -1.5987 6
      vertex 20.2717 -1.66435 6
    endloop
  endfacet
  facet normal 0.358368 0.93358 0
    outer loop
      vertex 20.1007 -1.5987 6
      vertex 20.2717 -1.66435 0
      vertex 20.1007 -1.5987 0
    endloop
  endfacet
  facet normal 0.544641 0.838669 -0
    outer loop
      vertex 19.9375 -1.51554 0
      vertex 19.7839 -1.41578 6
      vertex 19.9375 -1.51554 6
    endloop
  endfacet
  facet normal 0.544641 0.838669 0
    outer loop
      vertex 19.7839 -1.41578 6
      vertex 19.9375 -1.51554 0
      vertex 19.7839 -1.41578 0
    endloop
  endfacet
  facet normal -0.987687 -0.156442 0
    outer loop
      vertex 22.5433 0.24351 0
      vertex 22.5243 0.363845 6
      vertex 22.5243 0.363845 0
    endloop
  endfacet
  facet normal -0.987687 -0.156442 0
    outer loop
      vertex 22.5243 0.363845 6
      vertex 22.5433 0.24351 0
      vertex 22.5433 0.24351 6
    endloop
  endfacet
  facet normal -0.891006 -0.453992 0
    outer loop
      vertex 22.4112 0.711788 0
      vertex 22.328 0.874999 6
      vertex 22.328 0.874999 0
    endloop
  endfacet
  facet normal -0.891006 -0.453992 0
    outer loop
      vertex 22.328 0.874999 6
      vertex 22.4112 0.711788 0
      vertex 22.4112 0.711788 6
    endloop
  endfacet
  facet normal -0.838673 -0.544635 0
    outer loop
      vertex 22.328 0.874999 0
      vertex 22.2283 1.02862 6
      vertex 22.2283 1.02862 0
    endloop
  endfacet
  facet normal -0.838673 -0.544635 0
    outer loop
      vertex 22.2283 1.02862 6
      vertex 22.328 0.874999 0
      vertex 22.328 0.874999 6
    endloop
  endfacet
  facet normal -0.358368 -0.93358 0
    outer loop
      vertex 21.3533 1.66435 0
      vertex 21.5243 1.5987 6
      vertex 21.3533 1.66435 6
    endloop
  endfacet
  facet normal -0.358368 -0.93358 -0
    outer loop
      vertex 21.5243 1.5987 6
      vertex 21.3533 1.66435 0
      vertex 21.5243 1.5987 0
    endloop
  endfacet
  facet normal -0.258816 -0.965927 0
    outer loop
      vertex 21.1763 1.71176 0
      vertex 21.3533 1.66435 6
      vertex 21.1763 1.71176 6
    endloop
  endfacet
  facet normal -0.258816 -0.965927 -0
    outer loop
      vertex 21.3533 1.66435 6
      vertex 21.1763 1.71176 0
      vertex 21.3533 1.66435 0
    endloop
  endfacet
  facet normal -0.156436 -0.987688 0
    outer loop
      vertex 20.9954 1.74041 0
      vertex 21.1763 1.71176 6
      vertex 20.9954 1.74041 6
    endloop
  endfacet
  facet normal -0.156436 -0.987688 -0
    outer loop
      vertex 21.1763 1.71176 6
      vertex 20.9954 1.74041 0
      vertex 21.1763 1.71176 0
    endloop
  endfacet
  facet normal -0.544641 -0.838669 0
    outer loop
      vertex 21.6875 1.51554 0
      vertex 21.8411 1.41578 6
      vertex 21.6875 1.51554 6
    endloop
  endfacet
  facet normal -0.544641 -0.838669 -0
    outer loop
      vertex 21.8411 1.41578 6
      vertex 21.6875 1.51554 0
      vertex 21.8411 1.41578 0
    endloop
  endfacet
  facet normal 0.707107 -0.707107 0
    outer loop
      vertex 19.512 1.17098 6
      vertex 19.6415 1.3005 0
      vertex 19.6415 1.3005 6
    endloop
  endfacet
  facet normal 0.707107 -0.707107 0
    outer loop
      vertex 19.6415 1.3005 0
      vertex 19.512 1.17098 6
      vertex 19.512 1.17098 0
    endloop
  endfacet
  facet normal 0.891006 -0.453992 0
    outer loop
      vertex 19.2138 0.711788 6
      vertex 19.297 0.874999 0
      vertex 19.297 0.874999 6
    endloop
  endfacet
  facet normal 0.891006 -0.453992 0
    outer loop
      vertex 19.297 0.874999 0
      vertex 19.2138 0.711788 6
      vertex 19.2138 0.711788 0
    endloop
  endfacet
  facet normal 0.965926 -0.258817 0
    outer loop
      vertex 19.1007 0.363845 6
      vertex 19.1482 0.540779 0
      vertex 19.1482 0.540779 6
    endloop
  endfacet
  facet normal 0.965926 -0.258817 0
    outer loop
      vertex 19.1482 0.540779 0
      vertex 19.1007 0.363845 6
      vertex 19.1007 0.363845 0
    endloop
  endfacet
  facet normal 0.987687 -0.15644 0
    outer loop
      vertex 19.0721 0.182924 6
      vertex 19.1007 0.363845 0
      vertex 19.1007 0.363845 6
    endloop
  endfacet
  facet normal 0.987687 -0.15644 0
    outer loop
      vertex 19.1007 0.363845 0
      vertex 19.0721 0.182924 6
      vertex 19.0721 0.182924 0
    endloop
  endfacet
  facet normal 0.0523394 -0.998629 0
    outer loop
      vertex 20.6296 1.74041 0
      vertex 20.8125 1.75 6
      vertex 20.6296 1.74041 6
    endloop
  endfacet
  facet normal 0.0523394 -0.998629 0
    outer loop
      vertex 20.8125 1.75 6
      vertex 20.6296 1.74041 0
      vertex 20.8125 1.75 0
    endloop
  endfacet
  facet normal 0.156434 -0.987688 0
    outer loop
      vertex 20.4487 1.71176 0
      vertex 20.6296 1.74041 6
      vertex 20.4487 1.71176 6
    endloop
  endfacet
  facet normal 0.156434 -0.987688 0
    outer loop
      vertex 20.6296 1.74041 6
      vertex 20.4487 1.71176 0
      vertex 20.6296 1.74041 0
    endloop
  endfacet
  facet normal -0.0523394 0.998629 0
    outer loop
      vertex 20.9954 -1.74041 0
      vertex 20.8125 -1.75 6
      vertex 20.9954 -1.74041 6
    endloop
  endfacet
  facet normal -0.0523394 0.998629 0
    outer loop
      vertex 20.8125 -1.75 6
      vertex 20.9954 -1.74041 0
      vertex 20.8125 -1.75 0
    endloop
  endfacet
  facet normal -0.156436 0.987688 0
    outer loop
      vertex 21.1763 -1.71176 0
      vertex 20.9954 -1.74041 6
      vertex 21.1763 -1.71176 6
    endloop
  endfacet
  facet normal -0.156436 0.987688 0
    outer loop
      vertex 20.9954 -1.74041 6
      vertex 21.1763 -1.71176 0
      vertex 20.9954 -1.74041 0
    endloop
  endfacet
  facet normal -0.45399 0.891007 0
    outer loop
      vertex 21.6875 -1.51554 0
      vertex 21.5243 -1.5987 6
      vertex 21.6875 -1.51554 6
    endloop
  endfacet
  facet normal -0.45399 0.891007 0
    outer loop
      vertex 21.5243 -1.5987 6
      vertex 21.6875 -1.51554 0
      vertex 21.5243 -1.5987 0
    endloop
  endfacet
  facet normal -0.629319 0.777147 0
    outer loop
      vertex 21.9835 -1.3005 0
      vertex 21.8411 -1.41578 6
      vertex 21.9835 -1.3005 6
    endloop
  endfacet
  facet normal -0.629319 0.777147 0
    outer loop
      vertex 21.8411 -1.41578 6
      vertex 21.9835 -1.3005 0
      vertex 21.8411 -1.41578 0
    endloop
  endfacet
  facet normal -0.777147 0.629319 0
    outer loop
      vertex 22.113 -1.17098 0
      vertex 22.2283 -1.02862 6
      vertex 22.2283 -1.02862 0
    endloop
  endfacet
  facet normal -0.777147 0.629319 0
    outer loop
      vertex 22.2283 -1.02862 6
      vertex 22.113 -1.17098 0
      vertex 22.113 -1.17098 6
    endloop
  endfacet
  facet normal -0.838673 0.544635 0
    outer loop
      vertex 22.2283 -1.02862 0
      vertex 22.328 -0.874999 6
      vertex 22.328 -0.874999 0
    endloop
  endfacet
  facet normal -0.838673 0.544635 0
    outer loop
      vertex 22.328 -0.874999 6
      vertex 22.2283 -1.02862 0
      vertex 22.2283 -1.02862 6
    endloop
  endfacet
  facet normal 0.156434 0.987688 -0
    outer loop
      vertex 20.6296 -1.74041 0
      vertex 20.4487 -1.71176 6
      vertex 20.6296 -1.74041 6
    endloop
  endfacet
  facet normal 0.156434 0.987688 0
    outer loop
      vertex 20.4487 -1.71176 6
      vertex 20.6296 -1.74041 0
      vertex 20.4487 -1.71176 0
    endloop
  endfacet
  facet normal 0.707107 0.707107 0
    outer loop
      vertex 19.6415 -1.3005 6
      vertex 19.512 -1.17098 0
      vertex 19.512 -1.17098 6
    endloop
  endfacet
  facet normal 0.707107 0.707107 0
    outer loop
      vertex 19.512 -1.17098 0
      vertex 19.6415 -1.3005 6
      vertex 19.6415 -1.3005 0
    endloop
  endfacet
  facet normal 0.0523394 0.998629 -0
    outer loop
      vertex 20.8125 -1.75 0
      vertex 20.6296 -1.74041 6
      vertex 20.8125 -1.75 6
    endloop
  endfacet
  facet normal 0.0523394 0.998629 0
    outer loop
      vertex 20.6296 -1.74041 6
      vertex 20.8125 -1.75 0
      vertex 20.6296 -1.74041 0
    endloop
  endfacet
  facet normal 0.629319 0.777147 -0
    outer loop
      vertex 19.7839 -1.41578 0
      vertex 19.6415 -1.3005 6
      vertex 19.7839 -1.41578 6
    endloop
  endfacet
  facet normal 0.629319 0.777147 0
    outer loop
      vertex 19.6415 -1.3005 6
      vertex 19.7839 -1.41578 0
      vertex 19.6415 -1.3005 0
    endloop
  endfacet
  facet normal 0.891006 0.453992 0
    outer loop
      vertex 19.297 -0.874999 6
      vertex 19.2138 -0.711788 0
      vertex 19.2138 -0.711788 6
    endloop
  endfacet
  facet normal 0.891006 0.453992 0
    outer loop
      vertex 19.2138 -0.711788 0
      vertex 19.297 -0.874999 6
      vertex 19.297 -0.874999 0
    endloop
  endfacet
  facet normal 0.965926 0.258817 0
    outer loop
      vertex 19.1482 -0.540779 6
      vertex 19.1007 -0.363845 0
      vertex 19.1007 -0.363845 6
    endloop
  endfacet
  facet normal 0.965926 0.258817 0
    outer loop
      vertex 19.1007 -0.363845 0
      vertex 19.1482 -0.540779 6
      vertex 19.1482 -0.540779 0
    endloop
  endfacet
  facet normal 0.99863 0.0523342 0
    outer loop
      vertex 19.0721 -0.182924 6
      vertex 19.0625 0 0
      vertex 19.0625 0 6
    endloop
  endfacet
  facet normal 0.99863 0.0523342 0
    outer loop
      vertex 19.0625 0 0
      vertex 19.0721 -0.182924 6
      vertex 19.0721 -0.182924 0
    endloop
  endfacet
  facet normal -0.777147 -0.629319 0
    outer loop
      vertex 22.2283 1.02862 0
      vertex 22.113 1.17098 6
      vertex 22.113 1.17098 0
    endloop
  endfacet
  facet normal -0.777147 -0.629319 0
    outer loop
      vertex 22.113 1.17098 6
      vertex 22.2283 1.02862 0
      vertex 22.2283 1.02862 6
    endloop
  endfacet
  facet normal 0.933582 -0.358364 0
    outer loop
      vertex 19.1482 0.540779 6
      vertex 19.2138 0.711788 0
      vertex 19.2138 0.711788 6
    endloop
  endfacet
  facet normal 0.933582 -0.358364 0
    outer loop
      vertex 19.2138 0.711788 0
      vertex 19.1482 0.540779 6
      vertex 19.1482 0.540779 0
    endloop
  endfacet
  facet normal 0.45399 -0.891007 0
    outer loop
      vertex 19.9375 1.51554 0
      vertex 20.1007 1.5987 6
      vertex 19.9375 1.51554 6
    endloop
  endfacet
  facet normal 0.45399 -0.891007 0
    outer loop
      vertex 20.1007 1.5987 6
      vertex 19.9375 1.51554 0
      vertex 20.1007 1.5987 0
    endloop
  endfacet
  facet normal 0.258819 -0.965926 0
    outer loop
      vertex 20.2717 1.66435 0
      vertex 20.4487 1.71176 6
      vertex 20.2717 1.66435 6
    endloop
  endfacet
  facet normal 0.258819 -0.965926 0
    outer loop
      vertex 20.4487 1.71176 6
      vertex 20.2717 1.66435 0
      vertex 20.4487 1.71176 0
    endloop
  endfacet
  facet normal -0.358368 0.93358 0
    outer loop
      vertex 21.5243 -1.5987 0
      vertex 21.3533 -1.66435 6
      vertex 21.5243 -1.5987 6
    endloop
  endfacet
  facet normal -0.358368 0.93358 0
    outer loop
      vertex 21.3533 -1.66435 6
      vertex 21.5243 -1.5987 0
      vertex 21.3533 -1.66435 0
    endloop
  endfacet
  facet normal -0.544641 0.838669 0
    outer loop
      vertex 21.8411 -1.41578 0
      vertex 21.6875 -1.51554 6
      vertex 21.8411 -1.41578 6
    endloop
  endfacet
  facet normal -0.544641 0.838669 0
    outer loop
      vertex 21.6875 -1.51554 6
      vertex 21.8411 -1.41578 0
      vertex 21.6875 -1.51554 0
    endloop
  endfacet
  facet normal -0.933579 0.358373 0
    outer loop
      vertex 22.4112 -0.711788 0
      vertex 22.4768 -0.540779 6
      vertex 22.4768 -0.540779 0
    endloop
  endfacet
  facet normal -0.933579 0.358373 0
    outer loop
      vertex 22.4768 -0.540779 6
      vertex 22.4112 -0.711788 0
      vertex 22.4112 -0.711788 6
    endloop
  endfacet
  facet normal -0.987687 0.156442 0
    outer loop
      vertex 22.5243 -0.363845 0
      vertex 22.5433 -0.24351 6
      vertex 22.5433 -0.24351 0
    endloop
  endfacet
  facet normal -0.987687 0.156442 0
    outer loop
      vertex 22.5433 -0.24351 6
      vertex 22.5243 -0.363845 0
      vertex 22.5243 -0.363845 6
    endloop
  endfacet
  facet normal 0.258819 0.965926 -0
    outer loop
      vertex 20.4487 -1.71176 0
      vertex 20.2717 -1.66435 6
      vertex 20.4487 -1.71176 6
    endloop
  endfacet
  facet normal 0.258819 0.965926 0
    outer loop
      vertex 20.2717 -1.66435 6
      vertex 20.4487 -1.71176 0
      vertex 20.2717 -1.66435 0
    endloop
  endfacet
  facet normal 0.45399 0.891007 -0
    outer loop
      vertex 20.1007 -1.5987 0
      vertex 19.9375 -1.51554 6
      vertex 20.1007 -1.5987 6
    endloop
  endfacet
  facet normal 0.45399 0.891007 0
    outer loop
      vertex 19.9375 -1.51554 6
      vertex 20.1007 -1.5987 0
      vertex 19.9375 -1.51554 0
    endloop
  endfacet
  facet normal 0.838668 0.544642 0
    outer loop
      vertex 19.3967 -1.02862 6
      vertex 19.297 -0.874999 0
      vertex 19.297 -0.874999 6
    endloop
  endfacet
  facet normal 0.838668 0.544642 0
    outer loop
      vertex 19.297 -0.874999 0
      vertex 19.3967 -1.02862 6
      vertex 19.3967 -1.02862 0
    endloop
  endfacet
  facet normal 0.987687 0.15644 0
    outer loop
      vertex 19.1007 -0.363845 6
      vertex 19.0721 -0.182924 0
      vertex 19.0721 -0.182924 6
    endloop
  endfacet
  facet normal 0.987687 0.15644 0
    outer loop
      vertex 19.0721 -0.182924 0
      vertex 19.1007 -0.363845 6
      vertex 19.1007 -0.363845 0
    endloop
  endfacet
  facet normal 0.933582 0.358364 0
    outer loop
      vertex 19.2138 -0.711788 6
      vertex 19.1482 -0.540779 0
      vertex 19.1482 -0.540779 6
    endloop
  endfacet
  facet normal 0.933582 0.358364 0
    outer loop
      vertex 19.1482 -0.540779 0
      vertex 19.2138 -0.711788 6
      vertex 19.2138 -0.711788 0
    endloop
  endfacet
  facet normal 0.62932 0.777147 -0
    outer loop
      vertex 3.06964 3.40918 0
      vertex 2.69646 3.71136 6.6
      vertex 3.06964 3.40918 6.6
    endloop
  endfacet
  facet normal 0.62932 0.777147 0
    outer loop
      vertex 2.69646 3.71136 6.6
      vertex 3.06964 3.40918 0
      vertex 2.69646 3.71136 0
    endloop
  endfacet
  facet normal 0.998629 -0.0523369 0
    outer loop
      vertex 4.56237 -0.479524 6.6
      vertex 4.5875 0 6
      vertex 4.5875 0 6.6
    endloop
  endfacet
  facet normal 0.998629 -0.0523369 0
    outer loop
      vertex 4.5875 0 6
      vertex 4.56237 -0.479524 6.6
      vertex 4.56237 -0.479524 6
    endloop
  endfacet
  facet normal -0.358368 0.93358 0
    outer loop
      vertex -1.41761 4.36297 6
      vertex -1.8659 4.19089 6.6
      vertex -1.41761 4.36297 6.6
    endloop
  endfacet
  facet normal -0.358368 0.93358 0
    outer loop
      vertex -1.8659 4.19089 6.6
      vertex -1.41761 4.36297 6
      vertex -1.8659 4.19089 6
    endloop
  endfacet
  facet normal -0.891006 0.453991 0
    outer loop
      vertex -4.19089 1.8659 6
      vertex -3.97289 2.29375 6.6
      vertex -3.97289 2.29375 6
    endloop
  endfacet
  facet normal -0.891006 0.453991 0
    outer loop
      vertex -3.97289 2.29375 6.6
      vertex -4.19089 1.8659 6
      vertex -4.19089 1.8659 6.6
    endloop
  endfacet
  facet normal -0.93358 -0.358368 0
    outer loop
      vertex -4.19089 -1.8659 6
      vertex -4.36297 -1.41761 6.6
      vertex -4.36297 -1.41761 6
    endloop
  endfacet
  facet normal -0.93358 -0.358368 0
    outer loop
      vertex -4.36297 -1.41761 6.6
      vertex -4.19089 -1.8659 6
      vertex -4.19089 -1.8659 6.6
    endloop
  endfacet
  facet normal -0.453991 -0.891006 0
    outer loop
      vertex -2.29375 -3.97289 6
      vertex -1.8659 -4.19089 6.6
      vertex -2.29375 -3.97289 6.6
    endloop
  endfacet
  facet normal -0.453991 -0.891006 -0
    outer loop
      vertex -1.8659 -4.19089 6.6
      vertex -2.29375 -3.97289 6
      vertex -1.8659 -4.19089 6
    endloop
  endfacet
  facet normal 0.93358 0.358368 0
    outer loop
      vertex 4.36297 1.41761 6.6
      vertex 4.19089 1.8659 6
      vertex 4.19089 1.8659 6.6
    endloop
  endfacet
  facet normal 0.93358 0.358368 0
    outer loop
      vertex 4.19089 1.8659 6
      vertex 4.36297 1.41761 6.6
      vertex 4.36297 1.41761 6
    endloop
  endfacet
  facet normal 0.891007 0.45399 0
    outer loop
      vertex 3.97289 2.29375 6.6
      vertex 4.01369 2.21369 6
      vertex 3.97289 2.29375 0
    endloop
  endfacet
  facet normal 0.891006 0.453991 -1.17157e-07
    outer loop
      vertex 4.19089 1.8659 6.6
      vertex 4.01369 2.21369 6
      vertex 3.97289 2.29375 6.6
    endloop
  endfacet
  facet normal 0.891006 0.453991 0
    outer loop
      vertex 4.01369 2.21369 6
      vertex 4.19089 1.8659 6.6
      vertex 4.19089 1.8659 6
    endloop
  endfacet
  facet normal 0.891007 0.45399 0
    outer loop
      vertex 3.97289 2.29375 0
      vertex 4.01369 2.21369 6
      vertex 4.01369 2.21369 0
    endloop
  endfacet
  facet normal 0.453991 0.891006 -0
    outer loop
      vertex 2.29375 3.97289 0
      vertex 1.8659 4.19089 6.6
      vertex 2.29375 3.97289 6.6
    endloop
  endfacet
  facet normal 0.453991 0.891006 0
    outer loop
      vertex 1.8659 4.19089 6.6
      vertex 2.29375 3.97289 0
      vertex 1.8659 4.19089 0
    endloop
  endfacet
  facet normal 0.156434 0.987688 -0
    outer loop
      vertex 0.953794 4.48725 0
      vertex 0.479524 4.56237 6.6
      vertex 0.953794 4.48725 6.6
    endloop
  endfacet
  facet normal 0.156434 0.987688 0
    outer loop
      vertex 0.479524 4.56237 6.6
      vertex 0.953794 4.48725 0
      vertex 0.479524 4.56237 0
    endloop
  endfacet
  facet normal -0.987688 0.156434 0
    outer loop
      vertex -4.56237 0.479524 6
      vertex -4.48725 0.953794 6.6
      vertex -4.48725 0.953794 6
    endloop
  endfacet
  facet normal -0.987688 0.156434 0
    outer loop
      vertex -4.48725 0.953794 6.6
      vertex -4.56237 0.479524 6
      vertex -4.56237 0.479524 6.6
    endloop
  endfacet
  facet normal -0.707107 0.707107 0
    outer loop
      vertex -3.40918 3.06964 6
      vertex -3.06964 3.40918 6.6
      vertex -3.06964 3.40918 6
    endloop
  endfacet
  facet normal -0.707107 0.707107 0
    outer loop
      vertex -3.06964 3.40918 6.6
      vertex -3.40918 3.06964 6
      vertex -3.40918 3.06964 6.6
    endloop
  endfacet
  facet normal -0.453991 0.891006 0
    outer loop
      vertex -1.8659 4.19089 6
      vertex -2.29375 3.97289 6.6
      vertex -1.8659 4.19089 6.6
    endloop
  endfacet
  facet normal -0.453991 0.891006 0
    outer loop
      vertex -2.29375 3.97289 6.6
      vertex -1.8659 4.19089 6
      vertex -2.29375 3.97289 6
    endloop
  endfacet
  facet normal -0.156434 0.987688 0
    outer loop
      vertex -0.479524 4.56237 6
      vertex -0.953794 4.48725 6.6
      vertex -0.479524 4.56237 6.6
    endloop
  endfacet
  facet normal -0.156434 0.987688 0
    outer loop
      vertex -0.953794 4.48725 6.6
      vertex -0.479524 4.56237 6
      vertex -0.953794 4.48725 6
    endloop
  endfacet
  facet normal 0.93358 -0.358369 0
    outer loop
      vertex 4.36297 -1.41761 6.6
      vertex 4.28127 -1.63045 6
      vertex 4.36297 -1.41761 6
    endloop
  endfacet
  facet normal 0.937749 -0.347314 0
    outer loop
      vertex 4.28127 -1.63045 6
      vertex 4.28127 -1.63046 6
      vertex 4.28127 -1.63045 0
    endloop
  endfacet
  facet normal 0.937739 -0.347311 -0.00448888
    outer loop
      vertex 4.36297 -1.41761 6.6
      vertex 4.28127 -1.63046 6
      vertex 4.28127 -1.63045 6
    endloop
  endfacet
  facet normal 0.93358 -0.358368 -1.71912e-07
    outer loop
      vertex 4.19089 -1.8659 6.6
      vertex 4.28127 -1.63046 6
      vertex 4.36297 -1.41761 6.6
    endloop
  endfacet
  facet normal 0.933581 -0.358367 0
    outer loop
      vertex 4.28127 -1.63046 6
      vertex 4.19089 -1.8659 6.6
      vertex 4.19089 -1.8659 6
    endloop
  endfacet
  facet normal 0.937749 -0.347314 0
    outer loop
      vertex 4.28127 -1.63045 0
      vertex 4.28127 -1.63046 6
      vertex 4.28127 -1.63046 0
    endloop
  endfacet
  facet normal -0.156434 -0.987688 0
    outer loop
      vertex -0.953794 -4.48725 6
      vertex -0.479524 -4.56237 6.6
      vertex -0.953794 -4.48725 6.6
    endloop
  endfacet
  facet normal -0.156434 -0.987688 -0
    outer loop
      vertex -0.479524 -4.56237 6.6
      vertex -0.953794 -4.48725 6
      vertex -0.479524 -4.56237 6
    endloop
  endfacet
  facet normal -0.707107 -0.707107 0
    outer loop
      vertex -3.06964 -3.40918 6
      vertex -3.40918 -3.06964 6.6
      vertex -3.40918 -3.06964 6
    endloop
  endfacet
  facet normal -0.707107 -0.707107 0
    outer loop
      vertex -3.40918 -3.06964 6.6
      vertex -3.06964 -3.40918 6
      vertex -3.06964 -3.40918 6.6
    endloop
  endfacet
  facet normal -0.891006 -0.453991 0
    outer loop
      vertex -3.97289 -2.29375 6
      vertex -4.19089 -1.8659 6.6
      vertex -4.19089 -1.8659 6
    endloop
  endfacet
  facet normal -0.891006 -0.453991 0
    outer loop
      vertex -4.19089 -1.8659 6.6
      vertex -3.97289 -2.29375 6
      vertex -3.97289 -2.29375 6.6
    endloop
  endfacet
  facet normal 0.987688 0.156434 0
    outer loop
      vertex 4.56237 0.479524 6.6
      vertex 4.48725 0.953794 6
      vertex 4.48725 0.953794 6.6
    endloop
  endfacet
  facet normal 0.987688 0.156434 0
    outer loop
      vertex 4.48725 0.953794 6
      vertex 4.56237 0.479524 6.6
      vertex 4.56237 0.479524 6
    endloop
  endfacet
  facet normal 0.965926 0.258818 0
    outer loop
      vertex 4.48725 0.953794 6.6
      vertex 4.36297 1.41761 6
      vertex 4.36297 1.41761 6.6
    endloop
  endfacet
  facet normal 0.965926 0.258818 0
    outer loop
      vertex 4.36297 1.41761 6
      vertex 4.48725 0.953794 6.6
      vertex 4.48725 0.953794 6
    endloop
  endfacet
  facet normal 0.777147 0.62932 0
    outer loop
      vertex 3.71136 2.69646 6.6
      vertex 3.40918 3.06964 0
      vertex 3.40918 3.06964 6.6
    endloop
  endfacet
  facet normal 0.777147 0.62932 0
    outer loop
      vertex 3.40918 3.06964 0
      vertex 3.71136 2.69646 6.6
      vertex 3.71136 2.69646 0
    endloop
  endfacet
  facet normal 0.83867 0.544639 0
    outer loop
      vertex 3.97289 2.29375 6.6
      vertex 3.71136 2.69646 0
      vertex 3.71136 2.69646 6.6
    endloop
  endfacet
  facet normal 0.83867 0.544639 0
    outer loop
      vertex 3.71136 2.69646 0
      vertex 3.97289 2.29375 6.6
      vertex 3.97289 2.29375 0
    endloop
  endfacet
  facet normal 0.707107 0.707107 0
    outer loop
      vertex 3.40918 3.06964 6.6
      vertex 3.06964 3.40918 0
      vertex 3.06964 3.40918 6.6
    endloop
  endfacet
  facet normal 0.707107 0.707107 0
    outer loop
      vertex 3.06964 3.40918 0
      vertex 3.40918 3.06964 6.6
      vertex 3.40918 3.06964 0
    endloop
  endfacet
  facet normal 0.544639 0.83867 -0
    outer loop
      vertex 2.69646 3.71136 0
      vertex 2.29375 3.97289 6.6
      vertex 2.69646 3.71136 6.6
    endloop
  endfacet
  facet normal 0.544639 0.83867 0
    outer loop
      vertex 2.29375 3.97289 6.6
      vertex 2.69646 3.71136 0
      vertex 2.29375 3.97289 0
    endloop
  endfacet
  facet normal 0.0523369 0.998629 2.60897e-07
    outer loop
      vertex 0.479524 4.56237 6.6
      vertex 0.136925 4.58032 6
      vertex 0 4.5875 6.6
    endloop
  endfacet
  facet normal 0.0523374 0.998629 -0
    outer loop
      vertex 0.479524 4.56237 0
      vertex 0.136925 4.58032 6
      vertex 0.479524 4.56237 6.6
    endloop
  endfacet
  facet normal 0.0523374 0.998629 0
    outer loop
      vertex 0.136925 4.58032 6
      vertex 0.479524 4.56237 0
      vertex 0.136925 4.58032 0
    endloop
  endfacet
  facet normal 0.0523358 0.99863 0
    outer loop
      vertex 0 4.5875 6.6
      vertex 0.136925 4.58032 6
      vertex 0 4.5875 6
    endloop
  endfacet
  facet normal 0.358368 0.93358 -0
    outer loop
      vertex 1.8659 4.19089 0
      vertex 1.41761 4.36297 6.6
      vertex 1.8659 4.19089 6.6
    endloop
  endfacet
  facet normal 0.358368 0.93358 0
    outer loop
      vertex 1.41761 4.36297 6.6
      vertex 1.8659 4.19089 0
      vertex 1.41761 4.36297 0
    endloop
  endfacet
  facet normal 0.258818 0.965926 -0
    outer loop
      vertex 1.41761 4.36297 0
      vertex 0.953794 4.48725 6.6
      vertex 1.41761 4.36297 6.6
    endloop
  endfacet
  facet normal 0.258818 0.965926 0
    outer loop
      vertex 0.953794 4.48725 6.6
      vertex 1.41761 4.36297 0
      vertex 0.953794 4.48725 0
    endloop
  endfacet
  facet normal -0.998629 0.0523369 0
    outer loop
      vertex -4.5875 0 6
      vertex -4.56237 0.479524 6.6
      vertex -4.56237 0.479524 6
    endloop
  endfacet
  facet normal -0.998629 0.0523369 0
    outer loop
      vertex -4.56237 0.479524 6.6
      vertex -4.5875 0 6
      vertex -4.5875 0 6.6
    endloop
  endfacet
  facet normal 0 0 1
    outer loop
      vertex 1.75 0 6.6
      vertex 4.5875 0 6.6
      vertex 4.56237 0.479524 6.6
    endloop
  endfacet
  facet normal 0 0 1
    outer loop
      vertex 1.74041 0.182924 6.6
      vertex 4.56237 0.479524 6.6
      vertex 4.48725 0.953794 6.6
    endloop
  endfacet
  facet normal 0 0 1
    outer loop
      vertex 4.5875 0 6.6
      vertex 1.75 0 6.6
      vertex 4.56237 -0.479524 6.6
    endloop
  endfacet
  facet normal 0 0 1
    outer loop
      vertex 1.71176 0.363845 6.6
      vertex 4.48725 0.953794 6.6
      vertex 4.36297 1.41761 6.6
    endloop
  endfacet
  facet normal -0 0 1
    outer loop
      vertex 1.74041 -0.182924 6.6
      vertex 4.56237 -0.479524 6.6
      vertex 1.75 0 6.6
    endloop
  endfacet
  facet normal 0 0 1
    outer loop
      vertex 1.66435 0.540779 6.6
      vertex 4.36297 1.41761 6.6
      vertex 4.19089 1.8659 6.6
    endloop
  endfacet
  facet normal 0 0 1
    outer loop
      vertex 4.56237 -0.479524 6.6
      vertex 1.74041 -0.182924 6.6
      vertex 4.48725 -0.953794 6.6
    endloop
  endfacet
  facet normal 0 0 1
    outer loop
      vertex 1.5987 0.711788 6.6
      vertex 4.19089 1.8659 6.6
      vertex 3.97289 2.29375 6.6
    endloop
  endfacet
  facet normal -0 0 1
    outer loop
      vertex 1.71176 -0.363845 6.6
      vertex 4.48725 -0.953794 6.6
      vertex 1.74041 -0.182924 6.6
    endloop
  endfacet
  facet normal 0 0 1
    outer loop
      vertex 1.51554 0.874999 6.6
      vertex 3.97289 2.29375 6.6
      vertex 3.71136 2.69646 6.6
    endloop
  endfacet
  facet normal 0 0 1
    outer loop
      vertex 4.48725 -0.953794 6.6
      vertex 1.71176 -0.363845 6.6
      vertex 4.36297 -1.41761 6.6
    endloop
  endfacet
  facet normal 0 0 1
    outer loop
      vertex 1.41578 1.02862 6.6
      vertex 3.71136 2.69646 6.6
      vertex 3.40918 3.06964 6.6
    endloop
  endfacet
  facet normal -0 0 1
    outer loop
      vertex 1.66435 -0.540779 6.6
      vertex 4.36297 -1.41761 6.6
      vertex 1.71176 -0.363845 6.6
    endloop
  endfacet
  facet normal 0 0 1
    outer loop
      vertex 1.3005 1.17098 6.6
      vertex 3.40918 3.06964 6.6
      vertex 3.06964 3.40918 6.6
    endloop
  endfacet
  facet normal 0 0 1
    outer loop
      vertex 4.36297 -1.41761 6.6
      vertex 1.66435 -0.540779 6.6
      vertex 4.19089 -1.8659 6.6
    endloop
  endfacet
  facet normal 0 0 1
    outer loop
      vertex 1.17098 1.3005 6.6
      vertex 3.06964 3.40918 6.6
      vertex 2.69646 3.71136 6.6
    endloop
  endfacet
  facet normal -0 0 1
    outer loop
      vertex 1.5987 -0.711788 6.6
      vertex 4.19089 -1.8659 6.6
      vertex 1.66435 -0.540779 6.6
    endloop
  endfacet
  facet normal 0 0 1
    outer loop
      vertex 1.02862 1.41578 6.6
      vertex 2.69646 3.71136 6.6
      vertex 2.29375 3.97289 6.6
    endloop
  endfacet
  facet normal 0 0 1
    outer loop
      vertex 4.19089 -1.8659 6.6
      vertex 1.5987 -0.711788 6.6
      vertex 3.97289 -2.29375 6.6
    endloop
  endfacet
  facet normal 0 0 1
    outer loop
      vertex 0.875 1.51554 6.6
      vertex 2.29375 3.97289 6.6
      vertex 1.8659 4.19089 6.6
    endloop
  endfacet
  facet normal -0 0 1
    outer loop
      vertex 1.51554 -0.874999 6.6
      vertex 3.97289 -2.29375 6.6
      vertex 1.5987 -0.711788 6.6
    endloop
  endfacet
  facet normal 0 0 1
    outer loop
      vertex 3.97289 -2.29375 6.6
      vertex 1.51554 -0.874999 6.6
      vertex 3.71136 -2.69646 6.6
    endloop
  endfacet
  facet normal 0 0 1
    outer loop
      vertex 4.56237 0.479524 6.6
      vertex 1.74041 0.182924 6.6
      vertex 1.75 0 6.6
    endloop
  endfacet
  facet normal 0 0 1
    outer loop
      vertex 4.48725 0.953794 6.6
      vertex 1.71176 0.363845 6.6
      vertex 1.74041 0.182924 6.6
    endloop
  endfacet
  facet normal 0 0 1
    outer loop
      vertex 4.36297 1.41761 6.6
      vertex 1.66435 0.540779 6.6
      vertex 1.71176 0.363845 6.6
    endloop
  endfacet
  facet normal 0 0 1
    outer loop
      vertex 4.19089 1.8659 6.6
      vertex 1.5987 0.711788 6.6
      vertex 1.66435 0.540779 6.6
    endloop
  endfacet
  facet normal 0 0 1
    outer loop
      vertex 3.97289 2.29375 6.6
      vertex 1.51554 0.874999 6.6
      vertex 1.5987 0.711788 6.6
    endloop
  endfacet
  facet normal 0 0 1
    outer loop
      vertex 0.711788 1.5987 6.6
      vertex 1.8659 4.19089 6.6
      vertex 1.41761 4.36297 6.6
    endloop
  endfacet
  facet normal 0 0 1
    outer loop
      vertex 3.71136 2.69646 6.6
      vertex 1.41578 1.02862 6.6
      vertex 1.51554 0.874999 6.6
    endloop
  endfacet
  facet normal 0 0 1
    outer loop
      vertex 3.40918 3.06964 6.6
      vertex 1.3005 1.17098 6.6
      vertex 1.41578 1.02862 6.6
    endloop
  endfacet
  facet normal 0 0 1
    outer loop
      vertex 3.06964 3.40918 6.6
      vertex 1.17098 1.3005 6.6
      vertex 1.3005 1.17098 6.6
    endloop
  endfacet
  facet normal 0 0 1
    outer loop
      vertex 2.69646 3.71136 6.6
      vertex 1.02862 1.41578 6.6
      vertex 1.17098 1.3005 6.6
    endloop
  endfacet
  facet normal 0 0 1
    outer loop
      vertex 0.540779 1.66435 6.6
      vertex 1.41761 4.36297 6.6
      vertex 0.953794 4.48725 6.6
    endloop
  endfacet
  facet normal 0 0 1
    outer loop
      vertex 2.29375 3.97289 6.6
      vertex 0.875 1.51554 6.6
      vertex 1.02862 1.41578 6.6
    endloop
  endfacet
  facet normal 0 0 1
    outer loop
      vertex 1.8659 4.19089 6.6
      vertex 0.711788 1.5987 6.6
      vertex 0.875 1.51554 6.6
    endloop
  endfacet
  facet normal 0 0 1
    outer loop
      vertex 1.41761 4.36297 6.6
      vertex 0.540779 1.66435 6.6
      vertex 0.711788 1.5987 6.6
    endloop
  endfacet
  facet normal 0 0 1
    outer loop
      vertex 0.363845 1.71176 6.6
      vertex 0.953794 4.48725 6.6
      vertex 0.479524 4.56237 6.6
    endloop
  endfacet
  facet normal 0 0 1
    outer loop
      vertex 0.953794 4.48725 6.6
      vertex 0.363845 1.71176 6.6
      vertex 0.540779 1.66435 6.6
    endloop
  endfacet
  facet normal 0 0 1
    outer loop
      vertex 0.479524 4.56237 6.6
      vertex 0.182924 1.74041 6.6
      vertex 0.363845 1.71176 6.6
    endloop
  endfacet
  facet normal 0 0 1
    outer loop
      vertex 0 4.5875 6.6
      vertex 0.182924 1.74041 6.6
      vertex 0.479524 4.56237 6.6
    endloop
  endfacet
  facet normal 0 0 1
    outer loop
      vertex 0 4.5875 6.6
      vertex 0 1.75 6.6
      vertex 0.182924 1.74041 6.6
    endloop
  endfacet
  facet normal 0 0 1
    outer loop
      vertex 0 4.5875 6.6
      vertex -0.182924 1.74041 6.6
      vertex 0 1.75 6.6
    endloop
  endfacet
  facet normal -0 0 1
    outer loop
      vertex -0.479524 4.56237 6.6
      vertex -0.182924 1.74041 6.6
      vertex 0 4.5875 6.6
    endloop
  endfacet
  facet normal 0 0 1
    outer loop
      vertex -0.182924 1.74041 6.6
      vertex -0.479524 4.56237 6.6
      vertex -0.363845 1.71176 6.6
    endloop
  endfacet
  facet normal -0 0 1
    outer loop
      vertex -0.953794 4.48725 6.6
      vertex -0.363845 1.71176 6.6
      vertex -0.479524 4.56237 6.6
    endloop
  endfacet
  facet normal 0 0 1
    outer loop
      vertex -0.363845 1.71176 6.6
      vertex -0.953794 4.48725 6.6
      vertex -0.540779 1.66435 6.6
    endloop
  endfacet
  facet normal -0 0 1
    outer loop
      vertex -1.41761 4.36297 6.6
      vertex -0.540779 1.66435 6.6
      vertex -0.953794 4.48725 6.6
    endloop
  endfacet
  facet normal 0 0 1
    outer loop
      vertex -0.540779 1.66435 6.6
      vertex -1.41761 4.36297 6.6
      vertex -0.711788 1.5987 6.6
    endloop
  endfacet
  facet normal -0 0 1
    outer loop
      vertex -1.8659 4.19089 6.6
      vertex -0.711788 1.5987 6.6
      vertex -1.41761 4.36297 6.6
    endloop
  endfacet
  facet normal 0 0 1
    outer loop
      vertex -0.711788 1.5987 6.6
      vertex -1.8659 4.19089 6.6
      vertex -0.874999 1.51554 6.6
    endloop
  endfacet
  facet normal -0 0 1
    outer loop
      vertex -2.29375 3.97289 6.6
      vertex -0.874999 1.51554 6.6
      vertex -1.8659 4.19089 6.6
    endloop
  endfacet
  facet normal 0 0 1
    outer loop
      vertex -0.874999 1.51554 6.6
      vertex -2.29375 3.97289 6.6
      vertex -1.02862 1.41578 6.6
    endloop
  endfacet
  facet normal -0 0 1
    outer loop
      vertex -2.69646 3.71136 6.6
      vertex -1.02862 1.41578 6.6
      vertex -2.29375 3.97289 6.6
    endloop
  endfacet
  facet normal 0 0 1
    outer loop
      vertex -1.02862 1.41578 6.6
      vertex -2.69646 3.71136 6.6
      vertex -1.17098 1.3005 6.6
    endloop
  endfacet
  facet normal -0 0 1
    outer loop
      vertex -3.06964 3.40918 6.6
      vertex -1.17098 1.3005 6.6
      vertex -2.69646 3.71136 6.6
    endloop
  endfacet
  facet normal 0 0 1
    outer loop
      vertex -1.17098 1.3005 6.6
      vertex -3.06964 3.40918 6.6
      vertex -1.3005 1.17098 6.6
    endloop
  endfacet
  facet normal -0 0 1
    outer loop
      vertex -3.40918 3.06964 6.6
      vertex -1.3005 1.17098 6.6
      vertex -3.06964 3.40918 6.6
    endloop
  endfacet
  facet normal 0 0 1
    outer loop
      vertex -1.3005 1.17098 6.6
      vertex -3.40918 3.06964 6.6
      vertex -1.41578 1.02862 6.6
    endloop
  endfacet
  facet normal 0 0 1
    outer loop
      vertex -1.41578 1.02862 6.6
      vertex -3.71136 2.69646 6.6
      vertex -1.51554 0.874999 6.6
    endloop
  endfacet
  facet normal -0 0 1
    outer loop
      vertex -3.71136 2.69646 6.6
      vertex -1.41578 1.02862 6.6
      vertex -3.40918 3.06964 6.6
    endloop
  endfacet
  facet normal -0 0 1
    outer loop
      vertex 1.41578 -1.02862 6.6
      vertex 3.71136 -2.69646 6.6
      vertex 1.51554 -0.874999 6.6
    endloop
  endfacet
  facet normal 0 0 1
    outer loop
      vertex 3.71136 -2.69646 6.6
      vertex 1.41578 -1.02862 6.6
      vertex 3.40918 -3.06964 6.6
    endloop
  endfacet
  facet normal -0 0 1
    outer loop
      vertex 1.3005 -1.17098 6.6
      vertex 3.40918 -3.06964 6.6
      vertex 1.41578 -1.02862 6.6
    endloop
  endfacet
  facet normal 0 0 1
    outer loop
      vertex 3.40918 -3.06964 6.6
      vertex 1.3005 -1.17098 6.6
      vertex 3.06964 -3.40918 6.6
    endloop
  endfacet
  facet normal -0 0 1
    outer loop
      vertex 1.17098 -1.3005 6.6
      vertex 3.06964 -3.40918 6.6
      vertex 1.3005 -1.17098 6.6
    endloop
  endfacet
  facet normal 0 0 1
    outer loop
      vertex 3.06964 -3.40918 6.6
      vertex 1.17098 -1.3005 6.6
      vertex 2.69646 -3.71136 6.6
    endloop
  endfacet
  facet normal -0 0 1
    outer loop
      vertex 1.02862 -1.41578 6.6
      vertex 2.69646 -3.71136 6.6
      vertex 1.17098 -1.3005 6.6
    endloop
  endfacet
  facet normal 0 0 1
    outer loop
      vertex 2.69646 -3.71136 6.6
      vertex 1.02862 -1.41578 6.6
      vertex 2.29375 -3.97289 6.6
    endloop
  endfacet
  facet normal -0 0 1
    outer loop
      vertex 0.875 -1.51554 6.6
      vertex 2.29375 -3.97289 6.6
      vertex 1.02862 -1.41578 6.6
    endloop
  endfacet
  facet normal 0 0 1
    outer loop
      vertex 2.29375 -3.97289 6.6
      vertex 0.875 -1.51554 6.6
      vertex 1.8659 -4.19089 6.6
    endloop
  endfacet
  facet normal -0 0 1
    outer loop
      vertex 0.711788 -1.5987 6.6
      vertex 1.8659 -4.19089 6.6
      vertex 0.875 -1.51554 6.6
    endloop
  endfacet
  facet normal 0 0 1
    outer loop
      vertex 1.8659 -4.19089 6.6
      vertex 0.711788 -1.5987 6.6
      vertex 1.41761 -4.36297 6.6
    endloop
  endfacet
  facet normal -0 0 1
    outer loop
      vertex 0.540779 -1.66435 6.6
      vertex 1.41761 -4.36297 6.6
      vertex 0.711788 -1.5987 6.6
    endloop
  endfacet
  facet normal 0 0 1
    outer loop
      vertex 1.41761 -4.36297 6.6
      vertex 0.540779 -1.66435 6.6
      vertex 0.953794 -4.48725 6.6
    endloop
  endfacet
  facet normal -0 0 1
    outer loop
      vertex 0.363845 -1.71176 6.6
      vertex 0.953794 -4.48725 6.6
      vertex 0.540779 -1.66435 6.6
    endloop
  endfacet
  facet normal 0 0 1
    outer loop
      vertex 0.953794 -4.48725 6.6
      vertex 0.363845 -1.71176 6.6
      vertex 0.479524 -4.56237 6.6
    endloop
  endfacet
  facet normal -0 0 1
    outer loop
      vertex 0.182924 -1.74041 6.6
      vertex 0.479524 -4.56237 6.6
      vertex 0.363845 -1.71176 6.6
    endloop
  endfacet
  facet normal -0 0 1
    outer loop
      vertex 0 -1.75 6.6
      vertex 0.479524 -4.56237 6.6
      vertex 0.182924 -1.74041 6.6
    endloop
  endfacet
  facet normal 0 0 1
    outer loop
      vertex 0 -1.75 6.6
      vertex 0 -4.5875 6.6
      vertex 0.479524 -4.56237 6.6
    endloop
  endfacet
  facet normal 0 0 1
    outer loop
      vertex -0.182924 -1.74041 6.6
      vertex 0 -4.5875 6.6
      vertex 0 -1.75 6.6
    endloop
  endfacet
  facet normal 0 0 1
    outer loop
      vertex -0.479524 -4.56237 6.6
      vertex -0.182924 -1.74041 6.6
      vertex -0.363845 -1.71176 6.6
    endloop
  endfacet
  facet normal 0 0 1
    outer loop
      vertex -0.182924 -1.74041 6.6
      vertex -0.479524 -4.56237 6.6
      vertex 0 -4.5875 6.6
    endloop
  endfacet
  facet normal 0 0 1
    outer loop
      vertex -0.953794 -4.48725 6.6
      vertex -0.363845 -1.71176 6.6
      vertex -0.540779 -1.66435 6.6
    endloop
  endfacet
  facet normal 0 0 1
    outer loop
      vertex -1.41761 -4.36297 6.6
      vertex -0.540779 -1.66435 6.6
      vertex -0.711788 -1.5987 6.6
    endloop
  endfacet
  facet normal 0 0 1
    outer loop
      vertex -1.8659 -4.19089 6.6
      vertex -0.711788 -1.5987 6.6
      vertex -0.875 -1.51554 6.6
    endloop
  endfacet
  facet normal 0 0 1
    outer loop
      vertex -0.363845 -1.71176 6.6
      vertex -0.953794 -4.48725 6.6
      vertex -0.479524 -4.56237 6.6
    endloop
  endfacet
  facet normal 0 0 1
    outer loop
      vertex -2.29375 -3.97289 6.6
      vertex -0.875 -1.51554 6.6
      vertex -1.02862 -1.41578 6.6
    endloop
  endfacet
  facet normal 0 0 1
    outer loop
      vertex -2.69646 -3.71136 6.6
      vertex -1.02862 -1.41578 6.6
      vertex -1.17098 -1.3005 6.6
    endloop
  endfacet
  facet normal 0 0 1
    outer loop
      vertex -3.06964 -3.40918 6.6
      vertex -1.17098 -1.3005 6.6
      vertex -1.3005 -1.17098 6.6
    endloop
  endfacet
  facet normal 0 0 1
    outer loop
      vertex -3.40918 -3.06964 6.6
      vertex -1.3005 -1.17098 6.6
      vertex -1.41578 -1.02862 6.6
    endloop
  endfacet
  facet normal 0 0 1
    outer loop
      vertex -0.540779 -1.66435 6.6
      vertex -1.41761 -4.36297 6.6
      vertex -0.953794 -4.48725 6.6
    endloop
  endfacet
  facet normal 0 0 1
    outer loop
      vertex -3.71136 -2.69646 6.6
      vertex -1.41578 -1.02862 6.6
      vertex -1.51554 -0.874999 6.6
    endloop
  endfacet
  facet normal 0 0 1
    outer loop
      vertex -3.97289 -2.29375 6.6
      vertex -1.51554 -0.874999 6.6
      vertex -1.5987 -0.711788 6.6
    endloop
  endfacet
  facet normal 0 0 1
    outer loop
      vertex -4.19089 -1.8659 6.6
      vertex -1.5987 -0.711788 6.6
      vertex -1.66435 -0.540779 6.6
    endloop
  endfacet
  facet normal 0 0 1
    outer loop
      vertex -4.36297 -1.41761 6.6
      vertex -1.66435 -0.540779 6.6
      vertex -1.71176 -0.363845 6.6
    endloop
  endfacet
  facet normal 0 0 1
    outer loop
      vertex -4.48725 -0.953794 6.6
      vertex -1.71176 -0.363845 6.6
      vertex -1.74041 -0.182924 6.6
    endloop
  endfacet
  facet normal 0 0 1
    outer loop
      vertex -0.711788 -1.5987 6.6
      vertex -1.8659 -4.19089 6.6
      vertex -1.41761 -4.36297 6.6
    endloop
  endfacet
  facet normal 0 0 1
    outer loop
      vertex -4.56237 -0.479524 6.6
      vertex -1.74041 -0.182924 6.6
      vertex -1.75 0 6.6
    endloop
  endfacet
  facet normal -0 0 1
    outer loop
      vertex -3.97289 2.29375 6.6
      vertex -1.51554 0.874999 6.6
      vertex -3.71136 2.69646 6.6
    endloop
  endfacet
  facet normal 0 0 1
    outer loop
      vertex -1.51554 0.874999 6.6
      vertex -3.97289 2.29375 6.6
      vertex -1.5987 0.711788 6.6
    endloop
  endfacet
  facet normal 0 0 1
    outer loop
      vertex -0.875 -1.51554 6.6
      vertex -2.29375 -3.97289 6.6
      vertex -1.8659 -4.19089 6.6
    endloop
  endfacet
  facet normal -0 0 1
    outer loop
      vertex -4.19089 1.8659 6.6
      vertex -1.5987 0.711788 6.6
      vertex -3.97289 2.29375 6.6
    endloop
  endfacet
  facet normal 0 0 1
    outer loop
      vertex -1.02862 -1.41578 6.6
      vertex -2.69646 -3.71136 6.6
      vertex -2.29375 -3.97289 6.6
    endloop
  endfacet
  facet normal 0 0 1
    outer loop
      vertex -1.5987 0.711788 6.6
      vertex -4.19089 1.8659 6.6
      vertex -1.66435 0.540779 6.6
    endloop
  endfacet
  facet normal 0 0 1
    outer loop
      vertex -1.17098 -1.3005 6.6
      vertex -3.06964 -3.40918 6.6
      vertex -2.69646 -3.71136 6.6
    endloop
  endfacet
  facet normal -0 0 1
    outer loop
      vertex -4.36297 1.41761 6.6
      vertex -1.66435 0.540779 6.6
      vertex -4.19089 1.8659 6.6
    endloop
  endfacet
  facet normal 0 0 1
    outer loop
      vertex -1.3005 -1.17098 6.6
      vertex -3.40918 -3.06964 6.6
      vertex -3.06964 -3.40918 6.6
    endloop
  endfacet
  facet normal 0 0 1
    outer loop
      vertex -1.66435 0.540779 6.6
      vertex -4.36297 1.41761 6.6
      vertex -1.71176 0.363845 6.6
    endloop
  endfacet
  facet normal 0 0 1
    outer loop
      vertex -1.41578 -1.02862 6.6
      vertex -3.71136 -2.69646 6.6
      vertex -3.40918 -3.06964 6.6
    endloop
  endfacet
  facet normal -0 0 1
    outer loop
      vertex -4.48725 0.953794 6.6
      vertex -1.71176 0.363845 6.6
      vertex -4.36297 1.41761 6.6
    endloop
  endfacet
  facet normal 0 0 1
    outer loop
      vertex -1.51554 -0.874999 6.6
      vertex -3.97289 -2.29375 6.6
      vertex -3.71136 -2.69646 6.6
    endloop
  endfacet
  facet normal 0 0 1
    outer loop
      vertex -1.71176 0.363845 6.6
      vertex -4.48725 0.953794 6.6
      vertex -1.74041 0.182924 6.6
    endloop
  endfacet
  facet normal 0 0 1
    outer loop
      vertex -1.5987 -0.711788 6.6
      vertex -4.19089 -1.8659 6.6
      vertex -3.97289 -2.29375 6.6
    endloop
  endfacet
  facet normal -0 0 1
    outer loop
      vertex -4.56237 0.479524 6.6
      vertex -1.74041 0.182924 6.6
      vertex -4.48725 0.953794 6.6
    endloop
  endfacet
  facet normal 0 0 1
    outer loop
      vertex -1.66435 -0.540779 6.6
      vertex -4.36297 -1.41761 6.6
      vertex -4.19089 -1.8659 6.6
    endloop
  endfacet
  facet normal 0 0 1
    outer loop
      vertex -1.74041 0.182924 6.6
      vertex -4.56237 0.479524 6.6
      vertex -1.75 0 6.6
    endloop
  endfacet
  facet normal 0 0 1
    outer loop
      vertex -1.71176 -0.363845 6.6
      vertex -4.48725 -0.953794 6.6
      vertex -4.36297 -1.41761 6.6
    endloop
  endfacet
  facet normal 0 0 1
    outer loop
      vertex -4.5875 0 6.6
      vertex -1.75 0 6.6
      vertex -4.56237 0.479524 6.6
    endloop
  endfacet
  facet normal 0 0 1
    outer loop
      vertex -1.74041 -0.182924 6.6
      vertex -4.56237 -0.479524 6.6
      vertex -4.48725 -0.953794 6.6
    endloop
  endfacet
  facet normal 0 0 1
    outer loop
      vertex -1.75 0 6.6
      vertex -4.5875 0 6.6
      vertex -4.56237 -0.479524 6.6
    endloop
  endfacet
  facet normal -0.93358 0.358368 0
    outer loop
      vertex -4.36297 1.41761 6
      vertex -4.19089 1.8659 6.6
      vertex -4.19089 1.8659 6
    endloop
  endfacet
  facet normal -0.93358 0.358368 0
    outer loop
      vertex -4.19089 1.8659 6.6
      vertex -4.36297 1.41761 6
      vertex -4.36297 1.41761 6.6
    endloop
  endfacet
  facet normal -0.965926 0.258818 0
    outer loop
      vertex -4.48725 0.953794 6
      vertex -4.36297 1.41761 6.6
      vertex -4.36297 1.41761 6
    endloop
  endfacet
  facet normal -0.965926 0.258818 0
    outer loop
      vertex -4.36297 1.41761 6.6
      vertex -4.48725 0.953794 6
      vertex -4.48725 0.953794 6.6
    endloop
  endfacet
  facet normal -0.83867 0.544639 0
    outer loop
      vertex -3.97289 2.29375 6
      vertex -3.71136 2.69646 6.6
      vertex -3.71136 2.69646 6
    endloop
  endfacet
  facet normal -0.83867 0.544639 0
    outer loop
      vertex -3.71136 2.69646 6.6
      vertex -3.97289 2.29375 6
      vertex -3.97289 2.29375 6.6
    endloop
  endfacet
  facet normal -0.777147 0.62932 0
    outer loop
      vertex -3.71136 2.69646 6
      vertex -3.40918 3.06964 6.6
      vertex -3.40918 3.06964 6
    endloop
  endfacet
  facet normal -0.777147 0.62932 0
    outer loop
      vertex -3.40918 3.06964 6.6
      vertex -3.71136 2.69646 6
      vertex -3.71136 2.69646 6.6
    endloop
  endfacet
  facet normal -0.258818 0.965926 0
    outer loop
      vertex -0.953794 4.48725 6
      vertex -1.41761 4.36297 6.6
      vertex -0.953794 4.48725 6.6
    endloop
  endfacet
  facet normal -0.258818 0.965926 0
    outer loop
      vertex -1.41761 4.36297 6.6
      vertex -0.953794 4.48725 6
      vertex -1.41761 4.36297 6
    endloop
  endfacet
  facet normal -0.0523369 0.998629 0
    outer loop
      vertex 0 4.5875 6
      vertex -0.479524 4.56237 6.6
      vertex 0 4.5875 6.6
    endloop
  endfacet
  facet normal -0.0523369 0.998629 0
    outer loop
      vertex -0.479524 4.56237 6.6
      vertex 0 4.5875 6
      vertex -0.479524 4.56237 6
    endloop
  endfacet
  facet normal -0.544639 0.83867 0
    outer loop
      vertex -2.29375 3.97289 6
      vertex -2.69646 3.71136 6.6
      vertex -2.29375 3.97289 6.6
    endloop
  endfacet
  facet normal -0.544639 0.83867 0
    outer loop
      vertex -2.69646 3.71136 6.6
      vertex -2.29375 3.97289 6
      vertex -2.69646 3.71136 6
    endloop
  endfacet
  facet normal -0.62932 0.777147 0
    outer loop
      vertex -2.69646 3.71136 6
      vertex -3.06964 3.40918 6.6
      vertex -2.69646 3.71136 6.6
    endloop
  endfacet
  facet normal -0.62932 0.777147 0
    outer loop
      vertex -3.06964 3.40918 6.6
      vertex -2.69646 3.71136 6
      vertex -3.06964 3.40918 6
    endloop
  endfacet
  facet normal 0.998629 0.0523369 0
    outer loop
      vertex 4.5875 0 6.6
      vertex 4.56237 0.479524 6
      vertex 4.56237 0.479524 6.6
    endloop
  endfacet
  facet normal 0.998629 0.0523369 0
    outer loop
      vertex 4.56237 0.479524 6
      vertex 4.5875 0 6.6
      vertex 4.5875 0 6
    endloop
  endfacet
  facet normal 0.965926 -0.258818 0
    outer loop
      vertex 4.36297 -1.41761 6.6
      vertex 4.48725 -0.953794 6
      vertex 4.48725 -0.953794 6.6
    endloop
  endfacet
  facet normal 0.965926 -0.258818 0
    outer loop
      vertex 4.48725 -0.953794 6
      vertex 4.36297 -1.41761 6.6
      vertex 4.36297 -1.41761 6
    endloop
  endfacet
  facet normal 0.0523358 -0.99863 0
    outer loop
      vertex 0.136925 -4.58032 6
      vertex 0 -4.5875 6.6
      vertex 0 -4.5875 6
    endloop
  endfacet
  facet normal 0.0523369 -0.998629 2.60897e-07
    outer loop
      vertex 0 -4.5875 6.6
      vertex 0.136925 -4.58032 6
      vertex 0.479524 -4.56237 6.6
    endloop
  endfacet
  facet normal 0.0523374 -0.998629 0
    outer loop
      vertex 0.479524 -4.56237 0
      vertex 0.136925 -4.58032 6
      vertex 0.136925 -4.58032 0
    endloop
  endfacet
  facet normal 0.0523374 -0.998629 0
    outer loop
      vertex 0.136925 -4.58032 6
      vertex 0.479524 -4.56237 0
      vertex 0.479524 -4.56237 6.6
    endloop
  endfacet
  facet normal 0.777146 -0.62932 0
    outer loop
      vertex 3.71136 -2.69646 6.6
      vertex 3.61875 -2.81084 6
      vertex 3.71136 -2.69646 6
    endloop
  endfacet
  facet normal 0.777147 -0.62932 -1.78231e-07
    outer loop
      vertex 3.40918 -3.06964 6.6
      vertex 3.61875 -2.81084 6
      vertex 3.71136 -2.69646 6.6
    endloop
  endfacet
  facet normal 0.777147 -0.629319 0
    outer loop
      vertex 3.40918 -3.06964 0
      vertex 3.61875 -2.81084 6
      vertex 3.40918 -3.06964 6.6
    endloop
  endfacet
  facet normal 0.777147 -0.629319 0
    outer loop
      vertex 3.61875 -2.81084 6
      vertex 3.40918 -3.06964 0
      vertex 3.61875 -2.81084 0
    endloop
  endfacet
  facet normal 0.891006 -0.453991 0
    outer loop
      vertex 3.97289 -2.29375 6.6
      vertex 4.19089 -1.8659 6
      vertex 4.19089 -1.8659 6.6
    endloop
  endfacet
  facet normal 0.891006 -0.453991 0
    outer loop
      vertex 4.19089 -1.8659 6
      vertex 3.97289 -2.29375 6.6
      vertex 3.97289 -2.29375 6
    endloop
  endfacet
  facet normal 0.258818 -0.965926 0
    outer loop
      vertex 0.953794 -4.48725 0
      vertex 1.41761 -4.36297 6.6
      vertex 0.953794 -4.48725 6.6
    endloop
  endfacet
  facet normal 0.258818 -0.965926 0
    outer loop
      vertex 1.41761 -4.36297 6.6
      vertex 0.953794 -4.48725 0
      vertex 1.41761 -4.36297 0
    endloop
  endfacet
  facet normal 0.707107 -0.707107 0
    outer loop
      vertex 3.06964 -3.40918 6.6
      vertex 3.40918 -3.06964 0
      vertex 3.40918 -3.06964 6.6
    endloop
  endfacet
  facet normal 0.707107 -0.707107 0
    outer loop
      vertex 3.40918 -3.06964 0
      vertex 3.06964 -3.40918 6.6
      vertex 3.06964 -3.40918 0
    endloop
  endfacet
  facet normal 0.62932 -0.777147 0
    outer loop
      vertex 2.69646 -3.71136 0
      vertex 3.06964 -3.40918 6.6
      vertex 2.69646 -3.71136 6.6
    endloop
  endfacet
  facet normal 0.62932 -0.777147 0
    outer loop
      vertex 3.06964 -3.40918 6.6
      vertex 2.69646 -3.71136 0
      vertex 3.06964 -3.40918 0
    endloop
  endfacet
  facet normal 0.453991 -0.891006 0
    outer loop
      vertex 1.8659 -4.19089 0
      vertex 2.29375 -3.97289 6.6
      vertex 1.8659 -4.19089 6.6
    endloop
  endfacet
  facet normal 0.453991 -0.891006 0
    outer loop
      vertex 2.29375 -3.97289 6.6
      vertex 1.8659 -4.19089 0
      vertex 2.29375 -3.97289 0
    endloop
  endfacet
  facet normal -0.358368 -0.93358 0
    outer loop
      vertex -1.8659 -4.19089 6
      vertex -1.41761 -4.36297 6.6
      vertex -1.8659 -4.19089 6.6
    endloop
  endfacet
  facet normal -0.358368 -0.93358 -0
    outer loop
      vertex -1.41761 -4.36297 6.6
      vertex -1.8659 -4.19089 6
      vertex -1.41761 -4.36297 6
    endloop
  endfacet
  facet normal -0.544639 -0.83867 0
    outer loop
      vertex -2.69646 -3.71136 6
      vertex -2.29375 -3.97289 6.6
      vertex -2.69646 -3.71136 6.6
    endloop
  endfacet
  facet normal -0.544639 -0.83867 -0
    outer loop
      vertex -2.29375 -3.97289 6.6
      vertex -2.69646 -3.71136 6
      vertex -2.29375 -3.97289 6
    endloop
  endfacet
  facet normal -0.965926 -0.258818 0
    outer loop
      vertex -4.36297 -1.41761 6
      vertex -4.48725 -0.953794 6.6
      vertex -4.48725 -0.953794 6
    endloop
  endfacet
  facet normal -0.965926 -0.258818 0
    outer loop
      vertex -4.48725 -0.953794 6.6
      vertex -4.36297 -1.41761 6
      vertex -4.36297 -1.41761 6.6
    endloop
  endfacet
  facet normal -0.998629 -0.0523369 0
    outer loop
      vertex -4.56237 -0.479524 6
      vertex -4.5875 0 6.6
      vertex -4.5875 0 6
    endloop
  endfacet
  facet normal -0.998629 -0.0523369 0
    outer loop
      vertex -4.5875 0 6.6
      vertex -4.56237 -0.479524 6
      vertex -4.56237 -0.479524 6.6
    endloop
  endfacet
  facet normal -0.83867 -0.544639 0
    outer loop
      vertex -3.71136 -2.69646 6
      vertex -3.97289 -2.29375 6.6
      vertex -3.97289 -2.29375 6
    endloop
  endfacet
  facet normal -0.83867 -0.544639 0
    outer loop
      vertex -3.97289 -2.29375 6.6
      vertex -3.71136 -2.69646 6
      vertex -3.71136 -2.69646 6.6
    endloop
  endfacet
  facet normal 0.987688 -0.156434 0
    outer loop
      vertex 4.48725 -0.953794 6.6
      vertex 4.56237 -0.479524 6
      vertex 4.56237 -0.479524 6.6
    endloop
  endfacet
  facet normal 0.987688 -0.156434 0
    outer loop
      vertex 4.56237 -0.479524 6
      vertex 4.48725 -0.953794 6.6
      vertex 4.48725 -0.953794 6
    endloop
  endfacet
  facet normal 0.83867 -0.544639 0
    outer loop
      vertex 3.71136 -2.69646 6.6
      vertex 3.97289 -2.29375 6
      vertex 3.97289 -2.29375 6.6
    endloop
  endfacet
  facet normal 0.83867 -0.544639 0
    outer loop
      vertex 3.97289 -2.29375 6
      vertex 3.71136 -2.69646 6.6
      vertex 3.71136 -2.69646 6
    endloop
  endfacet
  facet normal 0.156434 -0.987688 0
    outer loop
      vertex 0.479524 -4.56237 0
      vertex 0.953794 -4.48725 6.6
      vertex 0.479524 -4.56237 6.6
    endloop
  endfacet
  facet normal 0.156434 -0.987688 0
    outer loop
      vertex 0.953794 -4.48725 6.6
      vertex 0.479524 -4.56237 0
      vertex 0.953794 -4.48725 0
    endloop
  endfacet
  facet normal 0.358368 -0.93358 0
    outer loop
      vertex 1.41761 -4.36297 0
      vertex 1.8659 -4.19089 6.6
      vertex 1.41761 -4.36297 6.6
    endloop
  endfacet
  facet normal 0.358368 -0.93358 0
    outer loop
      vertex 1.8659 -4.19089 6.6
      vertex 1.41761 -4.36297 0
      vertex 1.8659 -4.19089 0
    endloop
  endfacet
  facet normal 0.544639 -0.83867 0
    outer loop
      vertex 2.29375 -3.97289 0
      vertex 2.69646 -3.71136 6.6
      vertex 2.29375 -3.97289 6.6
    endloop
  endfacet
  facet normal 0.544639 -0.83867 0
    outer loop
      vertex 2.69646 -3.71136 6.6
      vertex 2.29375 -3.97289 0
      vertex 2.69646 -3.71136 0
    endloop
  endfacet
  facet normal -0.0523369 -0.998629 0
    outer loop
      vertex -0.479524 -4.56237 6
      vertex 0 -4.5875 6.6
      vertex -0.479524 -4.56237 6.6
    endloop
  endfacet
  facet normal -0.0523369 -0.998629 -0
    outer loop
      vertex 0 -4.5875 6.6
      vertex -0.479524 -4.56237 6
      vertex 0 -4.5875 6
    endloop
  endfacet
  facet normal -0.258818 -0.965926 0
    outer loop
      vertex -1.41761 -4.36297 6
      vertex -0.953794 -4.48725 6.6
      vertex -1.41761 -4.36297 6.6
    endloop
  endfacet
  facet normal -0.258818 -0.965926 -0
    outer loop
      vertex -0.953794 -4.48725 6.6
      vertex -1.41761 -4.36297 6
      vertex -0.953794 -4.48725 6
    endloop
  endfacet
  facet normal -0.62932 -0.777147 0
    outer loop
      vertex -3.06964 -3.40918 6
      vertex -2.69646 -3.71136 6.6
      vertex -3.06964 -3.40918 6.6
    endloop
  endfacet
  facet normal -0.62932 -0.777147 -0
    outer loop
      vertex -2.69646 -3.71136 6.6
      vertex -3.06964 -3.40918 6
      vertex -2.69646 -3.71136 6
    endloop
  endfacet
  facet normal -0.987688 -0.156434 0
    outer loop
      vertex -4.48725 -0.953794 6
      vertex -4.56237 -0.479524 6.6
      vertex -4.56237 -0.479524 6
    endloop
  endfacet
  facet normal -0.987688 -0.156434 0
    outer loop
      vertex -4.56237 -0.479524 6.6
      vertex -4.48725 -0.953794 6
      vertex -4.48725 -0.953794 6.6
    endloop
  endfacet
  facet normal -0.777147 -0.62932 0
    outer loop
      vertex -3.40918 -3.06964 6
      vertex -3.71136 -2.69646 6.6
      vertex -3.71136 -2.69646 6
    endloop
  endfacet
  facet normal -0.777147 -0.62932 0
    outer loop
      vertex -3.71136 -2.69646 6.6
      vertex -3.40918 -3.06964 6
      vertex -3.40918 -3.06964 6.6
    endloop
  endfacet
  facet normal -0.998629 -0.0523394 0
    outer loop
      vertex 1.75 0 0
      vertex 1.74041 0.182924 6.6
      vertex 1.74041 0.182924 0
    endloop
  endfacet
  facet normal -0.998629 -0.0523394 0
    outer loop
      vertex 1.74041 0.182924 6.6
      vertex 1.75 0 0
      vertex 1.75 0 6.6
    endloop
  endfacet
  facet normal 0.998629 -0.0523394 0
    outer loop
      vertex -1.75 0 6
      vertex -1.74041 0.182924 6.6
      vertex -1.75 0 6.6
    endloop
  endfacet
  facet normal 0.998629 -0.0523394 0
    outer loop
      vertex -1.74041 0.182924 6.6
      vertex -1.75 0 6
      vertex -1.74041 0.182924 0
    endloop
  endfacet
  facet normal 0.998629 -0.0523394 0
    outer loop
      vertex -1.74041 0.182924 0
      vertex -1.75 0 6
      vertex -1.75 0 0
    endloop
  endfacet
  facet normal -0.0523394 -0.998629 0
    outer loop
      vertex 0 1.75 0
      vertex 0.182924 1.74041 6.6
      vertex 0 1.75 6.6
    endloop
  endfacet
  facet normal -0.0523394 -0.998629 -0
    outer loop
      vertex 0.182924 1.74041 6.6
      vertex 0 1.75 0
      vertex 0.182924 1.74041 0
    endloop
  endfacet
  facet normal 0.0523394 0.998629 -0
    outer loop
      vertex 0 -1.75 0
      vertex -0.182924 -1.74041 6.6
      vertex 0 -1.75 6.6
    endloop
  endfacet
  facet normal 0.0523394 0.998629 0
    outer loop
      vertex -0.182924 -1.74041 6.6
      vertex 0 -1.75 0
      vertex -0.182924 -1.74041 0
    endloop
  endfacet
  facet normal -0.707107 -0.707107 0
    outer loop
      vertex 1.3005 1.17098 0
      vertex 1.17098 1.3005 6.6
      vertex 1.17098 1.3005 0
    endloop
  endfacet
  facet normal -0.707107 -0.707107 0
    outer loop
      vertex 1.17098 1.3005 6.6
      vertex 1.3005 1.17098 0
      vertex 1.3005 1.17098 6.6
    endloop
  endfacet
  facet normal 0.629319 -0.777147 0
    outer loop
      vertex -1.17098 1.3005 0
      vertex -1.02862 1.41578 6.6
      vertex -1.17098 1.3005 6.6
    endloop
  endfacet
  facet normal 0.629319 -0.777147 0
    outer loop
      vertex -1.02862 1.41578 6.6
      vertex -1.17098 1.3005 0
      vertex -1.02862 1.41578 0
    endloop
  endfacet
  facet normal 0.358368 -0.93358 0
    outer loop
      vertex -0.711788 1.5987 0
      vertex -0.540779 1.66435 6.6
      vertex -0.711788 1.5987 6.6
    endloop
  endfacet
  facet normal 0.358368 -0.93358 0
    outer loop
      vertex -0.540779 1.66435 6.6
      vertex -0.711788 1.5987 0
      vertex -0.540779 1.66435 0
    endloop
  endfacet
  facet normal 0.965926 0.258817 0
    outer loop
      vertex -1.66435 -0.540779 6.6
      vertex -1.71176 -0.363845 0
      vertex -1.71176 -0.363845 6.6
    endloop
  endfacet
  facet normal 0.965926 0.258817 0
    outer loop
      vertex -1.71176 -0.363845 0
      vertex -1.66435 -0.540779 6.6
      vertex -1.66435 -0.540779 0
    endloop
  endfacet
  facet normal -0.93358 -0.358368 0
    outer loop
      vertex 1.66435 0.540779 0
      vertex 1.5987 0.711788 6.6
      vertex 1.5987 0.711788 0
    endloop
  endfacet
  facet normal -0.93358 -0.358368 0
    outer loop
      vertex 1.5987 0.711788 6.6
      vertex 1.66435 0.540779 0
      vertex 1.66435 0.540779 6.6
    endloop
  endfacet
  facet normal -0.45399 -0.891007 0
    outer loop
      vertex 0.711788 1.5987 0
      vertex 0.875 1.51554 6.6
      vertex 0.711788 1.5987 6.6
    endloop
  endfacet
  facet normal -0.45399 -0.891007 -0
    outer loop
      vertex 0.875 1.51554 6.6
      vertex 0.711788 1.5987 0
      vertex 0.875 1.51554 0
    endloop
  endfacet
  facet normal -0.544641 -0.838669 0
    outer loop
      vertex 0.875 1.51554 0
      vertex 1.02862 1.41578 6.6
      vertex 0.875 1.51554 6.6
    endloop
  endfacet
  facet normal -0.544641 -0.838669 -0
    outer loop
      vertex 1.02862 1.41578 6.6
      vertex 0.875 1.51554 0
      vertex 1.02862 1.41578 0
    endloop
  endfacet
  facet normal 0.838671 -0.544639 0
    outer loop
      vertex -1.51554 0.874999 6.6
      vertex -1.41578 1.02862 0
      vertex -1.41578 1.02862 6.6
    endloop
  endfacet
  facet normal 0.838671 -0.544639 0
    outer loop
      vertex -1.41578 1.02862 0
      vertex -1.51554 0.874999 6.6
      vertex -1.51554 0.874999 0
    endloop
  endfacet
  facet normal 0.777147 -0.629319 0
    outer loop
      vertex -1.41578 1.02862 6.6
      vertex -1.3005 1.17098 0
      vertex -1.3005 1.17098 6.6
    endloop
  endfacet
  facet normal 0.777147 -0.629319 0
    outer loop
      vertex -1.3005 1.17098 0
      vertex -1.41578 1.02862 6.6
      vertex -1.41578 1.02862 0
    endloop
  endfacet
  facet normal 0.544639 -0.838671 0
    outer loop
      vertex -1.02862 1.41578 0
      vertex -0.874999 1.51554 6.6
      vertex -1.02862 1.41578 6.6
    endloop
  endfacet
  facet normal 0.544639 -0.838671 0
    outer loop
      vertex -0.874999 1.51554 6.6
      vertex -1.02862 1.41578 0
      vertex -0.874999 1.51554 0
    endloop
  endfacet
  facet normal 0.156435 -0.987688 0
    outer loop
      vertex -0.363845 1.71176 0
      vertex -0.182924 1.74041 6.6
      vertex -0.363845 1.71176 6.6
    endloop
  endfacet
  facet normal 0.156435 -0.987688 0
    outer loop
      vertex -0.182924 1.74041 6.6
      vertex -0.363845 1.71176 0
      vertex -0.182924 1.74041 0
    endloop
  endfacet
  facet normal -0.891006 0.453992 0
    outer loop
      vertex 1.51554 -0.874999 0
      vertex 1.5987 -0.711788 6.6
      vertex 1.5987 -0.711788 0
    endloop
  endfacet
  facet normal -0.891006 0.453992 0
    outer loop
      vertex 1.5987 -0.711788 6.6
      vertex 1.51554 -0.874999 0
      vertex 1.51554 -0.874999 6.6
    endloop
  endfacet
  facet normal -0.258817 0.965926 0
    outer loop
      vertex 0.540779 -1.66435 0
      vertex 0.363845 -1.71176 6.6
      vertex 0.540779 -1.66435 6.6
    endloop
  endfacet
  facet normal -0.258817 0.965926 0
    outer loop
      vertex 0.363845 -1.71176 6.6
      vertex 0.540779 -1.66435 0
      vertex 0.363845 -1.71176 0
    endloop
  endfacet
  facet normal -0.707107 0.707107 0
    outer loop
      vertex 1.17098 -1.3005 0
      vertex 1.3005 -1.17098 6.6
      vertex 1.3005 -1.17098 0
    endloop
  endfacet
  facet normal -0.707107 0.707107 0
    outer loop
      vertex 1.3005 -1.17098 6.6
      vertex 1.17098 -1.3005 0
      vertex 1.17098 -1.3005 6.6
    endloop
  endfacet
  facet normal -0.965926 0.258817 0
    outer loop
      vertex 1.66435 -0.540779 0
      vertex 1.71176 -0.363845 6.6
      vertex 1.71176 -0.363845 0
    endloop
  endfacet
  facet normal -0.965926 0.258817 0
    outer loop
      vertex 1.71176 -0.363845 6.6
      vertex 1.66435 -0.540779 0
      vertex 1.66435 -0.540779 6.6
    endloop
  endfacet
  facet normal 0.358368 0.93358 -0
    outer loop
      vertex -0.540779 -1.66435 0
      vertex -0.711788 -1.5987 6.6
      vertex -0.540779 -1.66435 6.6
    endloop
  endfacet
  facet normal 0.358368 0.93358 0
    outer loop
      vertex -0.711788 -1.5987 6.6
      vertex -0.540779 -1.66435 0
      vertex -0.711788 -1.5987 0
    endloop
  endfacet
  facet normal 0.777147 0.629319 0
    outer loop
      vertex -1.3005 -1.17098 6.6
      vertex -1.41578 -1.02862 0
      vertex -1.41578 -1.02862 6.6
    endloop
  endfacet
  facet normal 0.777147 0.629319 0
    outer loop
      vertex -1.41578 -1.02862 0
      vertex -1.3005 -1.17098 6.6
      vertex -1.3005 -1.17098 0
    endloop
  endfacet
  facet normal -0.965926 -0.258817 0
    outer loop
      vertex 1.71176 0.363845 0
      vertex 1.66435 0.540779 6.6
      vertex 1.66435 0.540779 0
    endloop
  endfacet
  facet normal -0.965926 -0.258817 0
    outer loop
      vertex 1.66435 0.540779 6.6
      vertex 1.71176 0.363845 0
      vertex 1.71176 0.363845 6.6
    endloop
  endfacet
  facet normal -0.987688 -0.156435 0
    outer loop
      vertex 1.74041 0.182924 0
      vertex 1.71176 0.363845 6.6
      vertex 1.71176 0.363845 0
    endloop
  endfacet
  facet normal -0.987688 -0.156435 0
    outer loop
      vertex 1.71176 0.363845 6.6
      vertex 1.74041 0.182924 0
      vertex 1.74041 0.182924 6.6
    endloop
  endfacet
  facet normal -0.838671 -0.544639 0
    outer loop
      vertex 1.51554 0.874999 0
      vertex 1.41578 1.02862 6.6
      vertex 1.41578 1.02862 0
    endloop
  endfacet
  facet normal -0.838671 -0.544639 0
    outer loop
      vertex 1.41578 1.02862 6.6
      vertex 1.51554 0.874999 0
      vertex 1.51554 0.874999 6.6
    endloop
  endfacet
  facet normal -0.777147 -0.629319 0
    outer loop
      vertex 1.41578 1.02862 0
      vertex 1.3005 1.17098 6.6
      vertex 1.3005 1.17098 0
    endloop
  endfacet
  facet normal -0.777147 -0.629319 0
    outer loop
      vertex 1.3005 1.17098 6.6
      vertex 1.41578 1.02862 0
      vertex 1.41578 1.02862 6.6
    endloop
  endfacet
  facet normal -0.891006 -0.453992 0
    outer loop
      vertex 1.5987 0.711788 0
      vertex 1.51554 0.874999 6.6
      vertex 1.51554 0.874999 0
    endloop
  endfacet
  facet normal -0.891006 -0.453992 0
    outer loop
      vertex 1.51554 0.874999 6.6
      vertex 1.5987 0.711788 0
      vertex 1.5987 0.711788 6.6
    endloop
  endfacet
  facet normal -0.258817 -0.965926 0
    outer loop
      vertex 0.363845 1.71176 0
      vertex 0.540779 1.66435 6.6
      vertex 0.363845 1.71176 6.6
    endloop
  endfacet
  facet normal -0.258817 -0.965926 -0
    outer loop
      vertex 0.540779 1.66435 6.6
      vertex 0.363845 1.71176 0
      vertex 0.540779 1.66435 0
    endloop
  endfacet
  facet normal -0.156435 -0.987688 0
    outer loop
      vertex 0.182924 1.74041 0
      vertex 0.363845 1.71176 6.6
      vertex 0.182924 1.74041 6.6
    endloop
  endfacet
  facet normal -0.156435 -0.987688 -0
    outer loop
      vertex 0.363845 1.71176 6.6
      vertex 0.182924 1.74041 0
      vertex 0.363845 1.71176 0
    endloop
  endfacet
  facet normal -0.629319 -0.777147 0
    outer loop
      vertex 1.02862 1.41578 0
      vertex 1.17098 1.3005 6.6
      vertex 1.02862 1.41578 6.6
    endloop
  endfacet
  facet normal -0.629319 -0.777147 -0
    outer loop
      vertex 1.17098 1.3005 6.6
      vertex 1.02862 1.41578 0
      vertex 1.17098 1.3005 0
    endloop
  endfacet
  facet normal 0.965926 -0.258817 0
    outer loop
      vertex -1.71176 0.363845 6.6
      vertex -1.66435 0.540779 0
      vertex -1.66435 0.540779 6.6
    endloop
  endfacet
  facet normal 0.965926 -0.258817 0
    outer loop
      vertex -1.66435 0.540779 0
      vertex -1.71176 0.363845 6.6
      vertex -1.71176 0.363845 0
    endloop
  endfacet
  facet normal 0.891006 -0.453992 0
    outer loop
      vertex -1.5987 0.711788 6.6
      vertex -1.51554 0.874999 0
      vertex -1.51554 0.874999 6.6
    endloop
  endfacet
  facet normal 0.891006 -0.453992 0
    outer loop
      vertex -1.51554 0.874999 0
      vertex -1.5987 0.711788 6.6
      vertex -1.5987 0.711788 0
    endloop
  endfacet
  facet normal 0.987688 -0.156435 0
    outer loop
      vertex -1.74041 0.182924 6.6
      vertex -1.71176 0.363845 0
      vertex -1.71176 0.363845 6.6
    endloop
  endfacet
  facet normal 0.987688 -0.156435 0
    outer loop
      vertex -1.71176 0.363845 0
      vertex -1.74041 0.182924 6.6
      vertex -1.74041 0.182924 0
    endloop
  endfacet
  facet normal 0.453992 -0.891006 0
    outer loop
      vertex -0.874999 1.51554 0
      vertex -0.711788 1.5987 6.6
      vertex -0.874999 1.51554 6.6
    endloop
  endfacet
  facet normal 0.453992 -0.891006 0
    outer loop
      vertex -0.711788 1.5987 6.6
      vertex -0.874999 1.51554 0
      vertex -0.711788 1.5987 0
    endloop
  endfacet
  facet normal 0.0523394 -0.998629 0
    outer loop
      vertex -0.182924 1.74041 0
      vertex 0 1.75 6.6
      vertex -0.182924 1.74041 6.6
    endloop
  endfacet
  facet normal 0.0523394 -0.998629 0
    outer loop
      vertex 0 1.75 6.6
      vertex -0.182924 1.74041 0
      vertex 0 1.75 0
    endloop
  endfacet
  facet normal -0.998629 0.0523394 0
    outer loop
      vertex 1.74041 -0.182924 0
      vertex 1.75 0 6.6
      vertex 1.75 0 0
    endloop
  endfacet
  facet normal -0.998629 0.0523394 0
    outer loop
      vertex 1.75 0 6.6
      vertex 1.74041 -0.182924 0
      vertex 1.74041 -0.182924 6.6
    endloop
  endfacet
  facet normal -0.0523394 0.998629 0
    outer loop
      vertex 0.182924 -1.74041 0
      vertex 0 -1.75 6.6
      vertex 0.182924 -1.74041 6.6
    endloop
  endfacet
  facet normal -0.0523394 0.998629 0
    outer loop
      vertex 0 -1.75 6.6
      vertex 0.182924 -1.74041 0
      vertex 0 -1.75 0
    endloop
  endfacet
  facet normal -0.45399 0.891007 0
    outer loop
      vertex 0.875 -1.51554 0
      vertex 0.711788 -1.5987 6.6
      vertex 0.875 -1.51554 6.6
    endloop
  endfacet
  facet normal -0.45399 0.891007 0
    outer loop
      vertex 0.711788 -1.5987 6.6
      vertex 0.875 -1.51554 0
      vertex 0.711788 -1.5987 0
    endloop
  endfacet
  facet normal -0.629319 0.777147 0
    outer loop
      vertex 1.17098 -1.3005 0
      vertex 1.02862 -1.41578 6.6
      vertex 1.17098 -1.3005 6.6
    endloop
  endfacet
  facet normal -0.629319 0.777147 0
    outer loop
      vertex 1.02862 -1.41578 6.6
      vertex 1.17098 -1.3005 0
      vertex 1.02862 -1.41578 0
    endloop
  endfacet
  facet normal -0.544641 0.838669 0
    outer loop
      vertex 1.02862 -1.41578 0
      vertex 0.875 -1.51554 6.6
      vertex 1.02862 -1.41578 6.6
    endloop
  endfacet
  facet normal -0.544641 0.838669 0
    outer loop
      vertex 0.875 -1.51554 6.6
      vertex 1.02862 -1.41578 0
      vertex 0.875 -1.51554 0
    endloop
  endfacet
  facet normal -0.777147 0.629319 0
    outer loop
      vertex 1.3005 -1.17098 0
      vertex 1.41578 -1.02862 6.6
      vertex 1.41578 -1.02862 0
    endloop
  endfacet
  facet normal -0.777147 0.629319 0
    outer loop
      vertex 1.41578 -1.02862 6.6
      vertex 1.3005 -1.17098 0
      vertex 1.3005 -1.17098 6.6
    endloop
  endfacet
  facet normal -0.838671 0.544639 0
    outer loop
      vertex 1.41578 -1.02862 0
      vertex 1.51554 -0.874999 6.6
      vertex 1.51554 -0.874999 0
    endloop
  endfacet
  facet normal -0.838671 0.544639 0
    outer loop
      vertex 1.51554 -0.874999 6.6
      vertex 1.41578 -1.02862 0
      vertex 1.41578 -1.02862 6.6
    endloop
  endfacet
  facet normal 0.707107 0.707107 0
    outer loop
      vertex -1.17098 -1.3005 6.6
      vertex -1.3005 -1.17098 0
      vertex -1.3005 -1.17098 6.6
    endloop
  endfacet
  facet normal 0.707107 0.707107 0
    outer loop
      vertex -1.3005 -1.17098 0
      vertex -1.17098 -1.3005 6.6
      vertex -1.17098 -1.3005 0
    endloop
  endfacet
  facet normal 0.629319 0.777147 -0
    outer loop
      vertex -1.02862 -1.41578 0
      vertex -1.17098 -1.3005 6.6
      vertex -1.02862 -1.41578 6.6
    endloop
  endfacet
  facet normal 0.629319 0.777147 0
    outer loop
      vertex -1.17098 -1.3005 6.6
      vertex -1.02862 -1.41578 0
      vertex -1.17098 -1.3005 0
    endloop
  endfacet
  facet normal 0.544641 0.838669 -0
    outer loop
      vertex -0.875 -1.51554 0
      vertex -1.02862 -1.41578 6.6
      vertex -0.875 -1.51554 6.6
    endloop
  endfacet
  facet normal 0.544641 0.838669 0
    outer loop
      vertex -1.02862 -1.41578 6.6
      vertex -0.875 -1.51554 0
      vertex -1.02862 -1.41578 0
    endloop
  endfacet
  facet normal 0.156435 0.987688 -0
    outer loop
      vertex -0.182924 -1.74041 0
      vertex -0.363845 -1.71176 6.6
      vertex -0.182924 -1.74041 6.6
    endloop
  endfacet
  facet normal 0.156435 0.987688 0
    outer loop
      vertex -0.363845 -1.71176 6.6
      vertex -0.182924 -1.74041 0
      vertex -0.363845 -1.71176 0
    endloop
  endfacet
  facet normal 0.891006 0.453992 0
    outer loop
      vertex -1.51554 -0.874999 6.6
      vertex -1.5987 -0.711788 0
      vertex -1.5987 -0.711788 6.6
    endloop
  endfacet
  facet normal 0.891006 0.453992 0
    outer loop
      vertex -1.5987 -0.711788 0
      vertex -1.51554 -0.874999 6.6
      vertex -1.51554 -0.874999 0
    endloop
  endfacet
  facet normal 0.93358 0.358368 0
    outer loop
      vertex -1.5987 -0.711788 6.6
      vertex -1.66435 -0.540779 0
      vertex -1.66435 -0.540779 6.6
    endloop
  endfacet
  facet normal 0.93358 0.358368 0
    outer loop
      vertex -1.66435 -0.540779 0
      vertex -1.5987 -0.711788 6.6
      vertex -1.5987 -0.711788 0
    endloop
  endfacet
  facet normal 0.998629 0.0523394 0
    outer loop
      vertex -1.74041 -0.182924 6.6
      vertex -1.75 0 6
      vertex -1.75 0 6.6
    endloop
  endfacet
  facet normal 0.998629 0.0523394 -0
    outer loop
      vertex -1.74041 -0.182924 0
      vertex -1.75 0 6
      vertex -1.74041 -0.182924 6.6
    endloop
  endfacet
  facet normal 0.998629 0.0523394 0
    outer loop
      vertex -1.75 0 6
      vertex -1.74041 -0.182924 0
      vertex -1.75 0 0
    endloop
  endfacet
  facet normal -0.358368 -0.93358 0
    outer loop
      vertex 0.540779 1.66435 0
      vertex 0.711788 1.5987 6.6
      vertex 0.540779 1.66435 6.6
    endloop
  endfacet
  facet normal -0.358368 -0.93358 -0
    outer loop
      vertex 0.711788 1.5987 6.6
      vertex 0.540779 1.66435 0
      vertex 0.711788 1.5987 0
    endloop
  endfacet
  facet normal 0.707107 -0.707107 0
    outer loop
      vertex -1.3005 1.17098 6.6
      vertex -1.17098 1.3005 0
      vertex -1.17098 1.3005 6.6
    endloop
  endfacet
  facet normal 0.707107 -0.707107 0
    outer loop
      vertex -1.17098 1.3005 0
      vertex -1.3005 1.17098 6.6
      vertex -1.3005 1.17098 0
    endloop
  endfacet
  facet normal 0.93358 -0.358368 0
    outer loop
      vertex -1.66435 0.540779 6.6
      vertex -1.5987 0.711788 0
      vertex -1.5987 0.711788 6.6
    endloop
  endfacet
  facet normal 0.93358 -0.358368 0
    outer loop
      vertex -1.5987 0.711788 0
      vertex -1.66435 0.540779 6.6
      vertex -1.66435 0.540779 0
    endloop
  endfacet
  facet normal 0.258817 -0.965926 0
    outer loop
      vertex -0.540779 1.66435 0
      vertex -0.363845 1.71176 6.6
      vertex -0.540779 1.66435 6.6
    endloop
  endfacet
  facet normal 0.258817 -0.965926 0
    outer loop
      vertex -0.363845 1.71176 6.6
      vertex -0.540779 1.66435 0
      vertex -0.363845 1.71176 0
    endloop
  endfacet
  facet normal -0.156435 0.987688 0
    outer loop
      vertex 0.363845 -1.71176 0
      vertex 0.182924 -1.74041 6.6
      vertex 0.363845 -1.71176 6.6
    endloop
  endfacet
  facet normal -0.156435 0.987688 0
    outer loop
      vertex 0.182924 -1.74041 6.6
      vertex 0.363845 -1.71176 0
      vertex 0.182924 -1.74041 0
    endloop
  endfacet
  facet normal -0.358368 0.93358 0
    outer loop
      vertex 0.711788 -1.5987 0
      vertex 0.540779 -1.66435 6.6
      vertex 0.711788 -1.5987 6.6
    endloop
  endfacet
  facet normal -0.358368 0.93358 0
    outer loop
      vertex 0.540779 -1.66435 6.6
      vertex 0.711788 -1.5987 0
      vertex 0.540779 -1.66435 0
    endloop
  endfacet
  facet normal -0.93358 0.358368 0
    outer loop
      vertex 1.5987 -0.711788 0
      vertex 1.66435 -0.540779 6.6
      vertex 1.66435 -0.540779 0
    endloop
  endfacet
  facet normal -0.93358 0.358368 0
    outer loop
      vertex 1.66435 -0.540779 6.6
      vertex 1.5987 -0.711788 0
      vertex 1.5987 -0.711788 6.6
    endloop
  endfacet
  facet normal -0.987688 0.156435 0
    outer loop
      vertex 1.71176 -0.363845 0
      vertex 1.74041 -0.182924 6.6
      vertex 1.74041 -0.182924 0
    endloop
  endfacet
  facet normal -0.987688 0.156435 0
    outer loop
      vertex 1.74041 -0.182924 6.6
      vertex 1.71176 -0.363845 0
      vertex 1.71176 -0.363845 6.6
    endloop
  endfacet
  facet normal 0.45399 0.891007 -0
    outer loop
      vertex -0.711788 -1.5987 0
      vertex -0.875 -1.51554 6.6
      vertex -0.711788 -1.5987 6.6
    endloop
  endfacet
  facet normal 0.45399 0.891007 0
    outer loop
      vertex -0.875 -1.51554 6.6
      vertex -0.711788 -1.5987 0
      vertex -0.875 -1.51554 0
    endloop
  endfacet
  facet normal 0.258817 0.965926 -0
    outer loop
      vertex -0.363845 -1.71176 0
      vertex -0.540779 -1.66435 6.6
      vertex -0.363845 -1.71176 6.6
    endloop
  endfacet
  facet normal 0.258817 0.965926 0
    outer loop
      vertex -0.540779 -1.66435 6.6
      vertex -0.363845 -1.71176 0
      vertex -0.540779 -1.66435 0
    endloop
  endfacet
  facet normal 0.838671 0.544639 0
    outer loop
      vertex -1.41578 -1.02862 6.6
      vertex -1.51554 -0.874999 0
      vertex -1.51554 -0.874999 6.6
    endloop
  endfacet
  facet normal 0.838671 0.544639 0
    outer loop
      vertex -1.51554 -0.874999 0
      vertex -1.41578 -1.02862 6.6
      vertex -1.41578 -1.02862 0
    endloop
  endfacet
  facet normal 0.987688 0.156435 0
    outer loop
      vertex -1.71176 -0.363845 6.6
      vertex -1.74041 -0.182924 0
      vertex -1.74041 -0.182924 6.6
    endloop
  endfacet
  facet normal 0.987688 0.156435 0
    outer loop
      vertex -1.74041 -0.182924 0
      vertex -1.71176 -0.363845 6.6
      vertex -1.71176 -0.363845 0
    endloop
  endfacet
  facet normal 0 0 1
    outer loop
      vertex 5.70511 -0.845154 6
      vertex 4.56237 0.479524 6
      vertex 4.5875 0 6
    endloop
  endfacet
  facet normal 0 0 1
    outer loop
      vertex 5.70511 -0.845154 6
      vertex 4.48725 0.953794 6
      vertex 4.56237 0.479524 6
    endloop
  endfacet
  facet normal 0 0 1
    outer loop
      vertex 5.70511 -0.845154 6
      vertex 4.36297 1.41761 6
      vertex 4.48725 0.953794 6
    endloop
  endfacet
  facet normal 0 0 1
    outer loop
      vertex 5.70511 -0.845154 6
      vertex 4.19089 1.8659 6
      vertex 4.36297 1.41761 6
    endloop
  endfacet
  facet normal 0 0 1
    outer loop
      vertex 4.01703 2.21553 6
      vertex 4.19089 1.8659 6
      vertex 5.70511 -0.845154 6
    endloop
  endfacet
  facet normal 0 0 1
    outer loop
      vertex 4.19089 1.8659 6
      vertex 4.01703 2.21553 6
      vertex 4.01369 2.21369 6
    endloop
  endfacet
  facet normal -0 0 1
    outer loop
      vertex 4.56237 -0.479524 6
      vertex 5.70511 -0.845154 6
      vertex 4.5875 0 6
    endloop
  endfacet
  facet normal 0 0 1
    outer loop
      vertex 4.48725 -0.953794 6
      vertex 5.70511 -0.845154 6
      vertex 4.56237 -0.479524 6
    endloop
  endfacet
  facet normal 0 0 1
    outer loop
      vertex 4.36297 -1.41761 6
      vertex 5.70511 -0.845154 6
      vertex 4.48725 -0.953794 6
    endloop
  endfacet
  facet normal 0 0 1
    outer loop
      vertex 5.70511 -0.845154 6
      vertex 4.36297 -1.41761 6
      vertex 4.28127 -1.63045 6
    endloop
  endfacet
  facet normal 0.880276 -0.474462 0
    outer loop
      vertex 9.70161 -15.1514 6
      vertex 9.79822 -14.9722 0
      vertex 9.79822 -14.9722 6
    endloop
  endfacet
  facet normal 0.880276 -0.474462 0
    outer loop
      vertex 9.79822 -14.9722 0
      vertex 9.70161 -15.1514 6
      vertex 9.70161 -15.1514 0
    endloop
  endfacet
  facet normal 0.886654 -0.462433 0
    outer loop
      vertex 9.79822 -14.9722 6
      vertex 9.88889 -14.7984 0
      vertex 9.88889 -14.7984 6
    endloop
  endfacet
  facet normal 0.886654 -0.462433 0
    outer loop
      vertex 9.88889 -14.7984 0
      vertex 9.79822 -14.9722 6
      vertex 9.79822 -14.9722 0
    endloop
  endfacet
  facet normal 0.892217 -0.451607 0
    outer loop
      vertex 9.88889 -14.7984 6
      vertex 9.97411 -14.63 0
      vertex 9.97411 -14.63 6
    endloop
  endfacet
  facet normal 0.892217 -0.451607 0
    outer loop
      vertex 9.97411 -14.63 0
      vertex 9.88889 -14.7984 6
      vertex 9.88889 -14.7984 0
    endloop
  endfacet
  facet normal 0.905803 -0.423699 0
    outer loop
      vertex 9.97411 -14.63 6
      vertex 10.0503 -14.4672 0
      vertex 10.0503 -14.4672 6
    endloop
  endfacet
  facet normal 0.905803 -0.423699 0
    outer loop
      vertex 10.0503 -14.4672 0
      vertex 9.97411 -14.63 6
      vertex 9.97411 -14.63 0
    endloop
  endfacet
  facet normal 0.914661 -0.404222 0
    outer loop
      vertex 10.0503 -14.4672 6
      vertex 10.1865 -14.1589 0
      vertex 10.1865 -14.1589 6
    endloop
  endfacet
  facet normal 0.914661 -0.404222 0
    outer loop
      vertex 10.1865 -14.1589 0
      vertex 10.0503 -14.4672 6
      vertex 10.0503 -14.4672 0
    endloop
  endfacet
  facet normal 0.932323 -0.361627 0
    outer loop
      vertex 10.1865 -14.1589 6
      vertex 10.2967 -13.8747 0
      vertex 10.2967 -13.8747 6
    endloop
  endfacet
  facet normal 0.932323 -0.361627 0
    outer loop
      vertex 10.2967 -13.8747 0
      vertex 10.1865 -14.1589 6
      vertex 10.1865 -14.1589 0
    endloop
  endfacet
  facet normal 0.938231 -0.34601 0
    outer loop
      vertex 10.2967 -13.8747 6
      vertex 10.3457 -13.742 0
      vertex 10.3457 -13.742 6
    endloop
  endfacet
  facet normal 0.938231 -0.34601 0
    outer loop
      vertex 10.3457 -13.742 0
      vertex 10.2967 -13.8747 6
      vertex 10.2967 -13.8747 0
    endloop
  endfacet
  facet normal 0.951336 -0.308157 0
    outer loop
      vertex 10.3457 -13.742 6
      vertex 10.4253 -13.4962 0
      vertex 10.4253 -13.4962 6
    endloop
  endfacet
  facet normal 0.951336 -0.308157 0
    outer loop
      vertex 10.4253 -13.4962 0
      vertex 10.3457 -13.742 6
      vertex 10.3457 -13.742 0
    endloop
  endfacet
  facet normal 0.960418 -0.278563 0
    outer loop
      vertex 10.4253 -13.4962 6
      vertex 10.458 -13.3834 0
      vertex 10.458 -13.3834 6
    endloop
  endfacet
  facet normal 0.960418 -0.278563 0
    outer loop
      vertex 10.458 -13.3834 0
      vertex 10.4253 -13.4962 6
      vertex 10.4253 -13.4962 0
    endloop
  endfacet
  facet normal 0.966182 -0.25786 0
    outer loop
      vertex 10.458 -13.3834 6
      vertex 10.5126 -13.1789 0
      vertex 10.5126 -13.1789 6
    endloop
  endfacet
  facet normal 0.966182 -0.25786 0
    outer loop
      vertex 10.5126 -13.1789 0
      vertex 10.458 -13.3834 6
      vertex 10.458 -13.3834 0
    endloop
  endfacet
  facet normal 0.976221 -0.216777 0
    outer loop
      vertex 10.5126 -13.1789 6
      vertex 10.5515 -13.0039 0
      vertex 10.5515 -13.0039 6
    endloop
  endfacet
  facet normal 0.976221 -0.216777 0
    outer loop
      vertex 10.5515 -13.0039 0
      vertex 10.5126 -13.1789 6
      vertex 10.5126 -13.1789 0
    endloop
  endfacet
  facet normal 0.984793 -0.173734 0
    outer loop
      vertex 10.5515 -13.0039 6
      vertex 10.59 -12.7853 0
      vertex 10.59 -12.7853 6
    endloop
  endfacet
  facet normal 0.984793 -0.173734 0
    outer loop
      vertex 10.59 -12.7853 0
      vertex 10.5515 -13.0039 6
      vertex 10.5515 -13.0039 0
    endloop
  endfacet
  facet normal 0.999983 0.00579246 0
    outer loop
      vertex 10.59 -12.7853 6
      vertex 10.5872 -12.3085 0
      vertex 10.5872 -12.3085 6
    endloop
  endfacet
  facet normal 0.999983 0.00579246 0
    outer loop
      vertex 10.5872 -12.3085 0
      vertex 10.59 -12.7853 6
      vertex 10.59 -12.7853 0
    endloop
  endfacet
  facet normal 0.713457 -0.700699 0
    outer loop
      vertex 10.5872 -12.3085 6
      vertex 10.7222 -12.1712 0
      vertex 10.7222 -12.1712 6
    endloop
  endfacet
  facet normal 0.713457 -0.700699 0
    outer loop
      vertex 10.7222 -12.1712 0
      vertex 10.5872 -12.3085 6
      vertex 10.5872 -12.3085 0
    endloop
  endfacet
  facet normal 0.750255 0.661149 0
    outer loop
      vertex 10.7222 -12.1712 6
      vertex 10.713 -12.1608 0
      vertex 10.713 -12.1608 6
    endloop
  endfacet
  facet normal 0.750255 0.661149 0
    outer loop
      vertex 10.713 -12.1608 0
      vertex 10.7222 -12.1712 6
      vertex 10.7222 -12.1712 0
    endloop
  endfacet
  facet normal 0.016692 -0.999861 0
    outer loop
      vertex 10.713 -12.1608 0
      vertex 11.3747 -12.1497 6
      vertex 10.713 -12.1608 6
    endloop
  endfacet
  facet normal 0.016692 -0.999861 0
    outer loop
      vertex 11.3747 -12.1497 6
      vertex 10.713 -12.1608 0
      vertex 11.3747 -12.1497 0
    endloop
  endfacet
  facet normal 0.0818576 -0.996644 0
    outer loop
      vertex 11.3747 -12.1497 0
      vertex 12.0454 -12.0946 6
      vertex 11.3747 -12.1497 6
    endloop
  endfacet
  facet normal 0.0818576 -0.996644 0
    outer loop
      vertex 12.0454 -12.0946 6
      vertex 11.3747 -12.1497 0
      vertex 12.0454 -12.0946 0
    endloop
  endfacet
  facet normal -0.708617 -0.705593 0
    outer loop
      vertex 12.0561 -12.1054 0
      vertex 12.0454 -12.0946 6
      vertex 12.0454 -12.0946 0
    endloop
  endfacet
  facet normal -0.708617 -0.705593 0
    outer loop
      vertex 12.0454 -12.0946 6
      vertex 12.0561 -12.1054 0
      vertex 12.0561 -12.1054 6
    endloop
  endfacet
  facet normal -0.640901 -0.767623 0
    outer loop
      vertex 12.0561 -12.1054 0
      vertex 12.2039 -12.2288 6
      vertex 12.0561 -12.1054 6
    endloop
  endfacet
  facet normal -0.640901 -0.767623 -0
    outer loop
      vertex 12.2039 -12.2288 6
      vertex 12.0561 -12.1054 0
      vertex 12.2039 -12.2288 0
    endloop
  endfacet
  facet normal -0.996271 -0.086282 0
    outer loop
      vertex 12.2448 -12.7006 0
      vertex 12.2039 -12.2288 6
      vertex 12.2039 -12.2288 0
    endloop
  endfacet
  facet normal -0.996271 -0.086282 0
    outer loop
      vertex 12.2039 -12.2288 6
      vertex 12.2448 -12.7006 0
      vertex 12.2448 -12.7006 6
    endloop
  endfacet
  facet normal -0.961753 -0.273918 0
    outer loop
      vertex 12.3059 -12.9154 0
      vertex 12.2448 -12.7006 6
      vertex 12.2448 -12.7006 0
    endloop
  endfacet
  facet normal -0.961753 -0.273918 0
    outer loop
      vertex 12.2448 -12.7006 6
      vertex 12.3059 -12.9154 0
      vertex 12.3059 -12.9154 6
    endloop
  endfacet
  facet normal -0.955135 -0.296171 0
    outer loop
      vertex 12.3315 -12.9978 0
      vertex 12.3059 -12.9154 6
      vertex 12.3059 -12.9154 0
    endloop
  endfacet
  facet normal -0.955135 -0.296171 0
    outer loop
      vertex 12.3059 -12.9154 6
      vertex 12.3315 -12.9978 0
      vertex 12.3315 -12.9978 6
    endloop
  endfacet
  facet normal -0.943879 -0.330292 0
    outer loop
      vertex 12.3964 -13.1833 0
      vertex 12.3315 -12.9978 6
      vertex 12.3315 -12.9978 0
    endloop
  endfacet
  facet normal -0.943879 -0.330292 0
    outer loop
      vertex 12.3315 -12.9978 6
      vertex 12.3964 -13.1833 0
      vertex 12.3964 -13.1833 6
    endloop
  endfacet
  facet normal -0.933667 -0.358142 0
    outer loop
      vertex 12.4357 -13.2859 0
      vertex 12.3964 -13.1833 6
      vertex 12.3964 -13.1833 0
    endloop
  endfacet
  facet normal -0.933667 -0.358142 0
    outer loop
      vertex 12.3964 -13.1833 6
      vertex 12.4357 -13.2859 0
      vertex 12.4357 -13.2859 6
    endloop
  endfacet
  facet normal -0.923746 -0.383005 0
    outer loop
      vertex 12.5288 -13.5103 0
      vertex 12.4357 -13.2859 6
      vertex 12.4357 -13.2859 0
    endloop
  endfacet
  facet normal -0.923746 -0.383005 0
    outer loop
      vertex 12.4357 -13.2859 6
      vertex 12.5288 -13.5103 0
      vertex 12.5288 -13.5103 6
    endloop
  endfacet
  facet normal -0.907143 -0.420822 0
    outer loop
      vertex 12.6442 -13.759 0
      vertex 12.5288 -13.5103 6
      vertex 12.5288 -13.5103 0
    endloop
  endfacet
  facet normal -0.907143 -0.420822 0
    outer loop
      vertex 12.5288 -13.5103 6
      vertex 12.6442 -13.759 0
      vertex 12.6442 -13.759 6
    endloop
  endfacet
  facet normal -0.893647 -0.44877 0
    outer loop
      vertex 12.711 -13.8921 0
      vertex 12.6442 -13.759 6
      vertex 12.6442 -13.759 0
    endloop
  endfacet
  facet normal -0.893647 -0.44877 0
    outer loop
      vertex 12.6442 -13.759 6
      vertex 12.711 -13.8921 0
      vertex 12.711 -13.8921 6
    endloop
  endfacet
  facet normal -0.885355 -0.464916 0
    outer loop
      vertex 12.7839 -14.0309 0
      vertex 12.711 -13.8921 6
      vertex 12.711 -13.8921 0
    endloop
  endfacet
  facet normal -0.885355 -0.464916 0
    outer loop
      vertex 12.711 -13.8921 6
      vertex 12.7839 -14.0309 0
      vertex 12.7839 -14.0309 6
    endloop
  endfacet
  facet normal -0.877747 -0.479125 0
    outer loop
      vertex 12.8627 -14.1753 0
      vertex 12.7839 -14.0309 6
      vertex 12.7839 -14.0309 0
    endloop
  endfacet
  facet normal -0.877747 -0.479125 0
    outer loop
      vertex 12.7839 -14.0309 6
      vertex 12.8627 -14.1753 0
      vertex 12.8627 -14.1753 6
    endloop
  endfacet
  facet normal -0.861494 -0.507768 0
    outer loop
      vertex 13.0423 -14.4801 0
      vertex 12.8627 -14.1753 6
      vertex 12.8627 -14.1753 0
    endloop
  endfacet
  facet normal -0.861494 -0.507768 0
    outer loop
      vertex 12.8627 -14.1753 6
      vertex 13.0423 -14.4801 0
      vertex 13.0423 -14.4801 6
    endloop
  endfacet
  facet normal -0.840052 -0.542506 0
    outer loop
      vertex 13.2523 -14.8052 0
      vertex 13.0423 -14.4801 6
      vertex 13.0423 -14.4801 0
    endloop
  endfacet
  facet normal -0.840052 -0.542506 0
    outer loop
      vertex 13.0423 -14.4801 6
      vertex 13.2523 -14.8052 0
      vertex 13.2523 -14.8052 6
    endloop
  endfacet
  facet normal -0.818648 -0.574296 0
    outer loop
      vertex 13.4096 -15.0294 0
      vertex 13.2523 -14.8052 6
      vertex 13.2523 -14.8052 0
    endloop
  endfacet
  facet normal -0.818648 -0.574296 0
    outer loop
      vertex 13.2523 -14.8052 6
      vertex 13.4096 -15.0294 0
      vertex 13.4096 -15.0294 6
    endloop
  endfacet
  facet normal 0.150162 -0.988661 0
    outer loop
      vertex 13.4096 -15.0294 0
      vertex 14.1913 -14.9107 6
      vertex 13.4096 -15.0294 6
    endloop
  endfacet
  facet normal 0.150162 -0.988661 0
    outer loop
      vertex 14.1913 -14.9107 6
      vertex 13.4096 -15.0294 0
      vertex 14.1913 -14.9107 0
    endloop
  endfacet
  facet normal 0.952204 -0.305462 0
    outer loop
      vertex 14.1913 -14.9107 6
      vertex 14.2756 -14.6478 0
      vertex 14.2756 -14.6478 6
    endloop
  endfacet
  facet normal 0.952204 -0.305462 0
    outer loop
      vertex 14.2756 -14.6478 0
      vertex 14.1913 -14.9107 6
      vertex 14.1913 -14.9107 0
    endloop
  endfacet
  facet normal 0.959829 -0.280587 0
    outer loop
      vertex 14.2756 -14.6478 6
      vertex 14.3305 -14.46 0
      vertex 14.3305 -14.46 6
    endloop
  endfacet
  facet normal 0.959829 -0.280587 0
    outer loop
      vertex 14.3305 -14.46 0
      vertex 14.2756 -14.6478 6
      vertex 14.2756 -14.6478 0
    endloop
  endfacet
  facet normal 0.967096 -0.254412 0
    outer loop
      vertex 14.3305 -14.46 6
      vertex 14.4243 -14.1036 0
      vertex 14.4243 -14.1036 6
    endloop
  endfacet
  facet normal 0.967096 -0.254412 0
    outer loop
      vertex 14.4243 -14.1036 0
      vertex 14.3305 -14.46 6
      vertex 14.3305 -14.46 0
    endloop
  endfacet
  facet normal 0.977276 -0.211969 0
    outer loop
      vertex 14.4243 -14.1036 6
      vertex 14.4957 -13.7744 0
      vertex 14.4957 -13.7744 6
    endloop
  endfacet
  facet normal 0.977276 -0.211969 0
    outer loop
      vertex 14.4957 -13.7744 0
      vertex 14.4243 -14.1036 6
      vertex 14.4243 -14.1036 0
    endloop
  endfacet
  facet normal 0.984937 -0.172913 0
    outer loop
      vertex 14.4957 -13.7744 6
      vertex 14.5485 -13.4734 0
      vertex 14.5485 -13.4734 6
    endloop
  endfacet
  facet normal 0.984937 -0.172913 0
    outer loop
      vertex 14.5485 -13.4734 0
      vertex 14.4957 -13.7744 6
      vertex 14.4957 -13.7744 0
    endloop
  endfacet
  facet normal 0.989562 -0.144106 0
    outer loop
      vertex 14.5485 -13.4734 6
      vertex 14.5688 -13.3341 0
      vertex 14.5688 -13.3341 6
    endloop
  endfacet
  facet normal 0.989562 -0.144106 0
    outer loop
      vertex 14.5688 -13.3341 0
      vertex 14.5485 -13.4734 6
      vertex 14.5485 -13.4734 0
    endloop
  endfacet
  facet normal 0.993256 -0.115943 0
    outer loop
      vertex 14.5688 -13.3341 6
      vertex 14.5986 -13.0785 0
      vertex 14.5986 -13.0785 6
    endloop
  endfacet
  facet normal 0.993256 -0.115943 0
    outer loop
      vertex 14.5986 -13.0785 0
      vertex 14.5688 -13.3341 6
      vertex 14.5688 -13.3341 0
    endloop
  endfacet
  facet normal 0.99718 -0.0750529 0
    outer loop
      vertex 14.5986 -13.0785 6
      vertex 14.6154 -12.8555 0
      vertex 14.6154 -12.8555 6
    endloop
  endfacet
  facet normal 0.99718 -0.0750529 0
    outer loop
      vertex 14.6154 -12.8555 0
      vertex 14.5986 -13.0785 6
      vertex 14.5986 -13.0785 0
    endloop
  endfacet
  facet normal 0.99945 -0.0331721 0
    outer loop
      vertex 14.6154 -12.8555 6
      vertex 14.6217 -12.667 0
      vertex 14.6217 -12.667 6
    endloop
  endfacet
  facet normal 0.99945 -0.0331721 0
    outer loop
      vertex 14.6217 -12.667 0
      vertex 14.6154 -12.8555 6
      vertex 14.6154 -12.8555 0
    endloop
  endfacet
  facet normal 0.999954 0.00964004 0
    outer loop
      vertex 14.6217 -12.667 6
      vertex 14.6202 -12.5151 0
      vertex 14.6202 -12.5151 6
    endloop
  endfacet
  facet normal 0.999954 0.00964004 0
    outer loop
      vertex 14.6202 -12.5151 0
      vertex 14.6217 -12.667 6
      vertex 14.6217 -12.667 0
    endloop
  endfacet
  facet normal 0.998134 0.0610646 0
    outer loop
      vertex 14.6202 -12.5151 6
      vertex 14.6165 -12.4537 0
      vertex 14.6165 -12.4537 6
    endloop
  endfacet
  facet normal 0.998134 0.0610646 0
    outer loop
      vertex 14.6165 -12.4537 0
      vertex 14.6202 -12.5151 6
      vertex 14.6202 -12.5151 0
    endloop
  endfacet
  facet normal 0.999913 0.013164 0
    outer loop
      vertex 14.6165 -12.4537 6
      vertex 14.6154 -12.3703 0
      vertex 14.6154 -12.3703 6
    endloop
  endfacet
  facet normal 0.999913 0.013164 0
    outer loop
      vertex 14.6154 -12.3703 0
      vertex 14.6165 -12.4537 6
      vertex 14.6165 -12.4537 0
    endloop
  endfacet
  facet normal 0.979003 0.203845 0
    outer loop
      vertex 14.6154 -12.3703 6
      vertex 14.5138 -11.8827 0
      vertex 14.5138 -11.8827 6
    endloop
  endfacet
  facet normal 0.979003 0.203845 0
    outer loop
      vertex 14.5138 -11.8827 0
      vertex 14.6154 -12.3703 6
      vertex 14.6154 -12.3703 0
    endloop
  endfacet
  facet normal 0.838049 -0.545596 0
    outer loop
      vertex 14.5138 -11.8827 6
      vertex 14.6189 -11.7213 0
      vertex 14.6189 -11.7213 6
    endloop
  endfacet
  facet normal 0.838049 -0.545596 0
    outer loop
      vertex 14.6189 -11.7213 0
      vertex 14.5138 -11.8827 6
      vertex 14.5138 -11.8827 0
    endloop
  endfacet
  facet normal 0.62535 0.780344 -0
    outer loop
      vertex 14.6189 -11.7213 0
      vertex 14.6056 -11.7107 6
      vertex 14.6189 -11.7213 6
    endloop
  endfacet
  facet normal 0.62535 0.780344 0
    outer loop
      vertex 14.6056 -11.7107 6
      vertex 14.6189 -11.7213 0
      vertex 14.6056 -11.7107 0
    endloop
  endfacet
  facet normal 0.221762 -0.975101 0
    outer loop
      vertex 14.6056 -11.7107 0
      vertex 15.4665 -11.5149 6
      vertex 14.6056 -11.7107 6
    endloop
  endfacet
  facet normal 0.221762 -0.975101 0
    outer loop
      vertex 15.4665 -11.5149 6
      vertex 14.6056 -11.7107 0
      vertex 15.4665 -11.5149 0
    endloop
  endfacet
  facet normal 0.296707 -0.954968 0
    outer loop
      vertex 15.4665 -11.5149 0
      vertex 15.9054 -11.3785 6
      vertex 15.4665 -11.5149 6
    endloop
  endfacet
  facet normal 0.296707 -0.954968 0
    outer loop
      vertex 15.9054 -11.3785 6
      vertex 15.4665 -11.5149 0
      vertex 15.9054 -11.3785 0
    endloop
  endfacet
  facet normal -0.581756 -0.813364 0
    outer loop
      vertex 15.9054 -11.3785 0
      vertex 15.919 -11.3882 6
      vertex 15.9054 -11.3785 6
    endloop
  endfacet
  facet normal -0.581756 -0.813364 -0
    outer loop
      vertex 15.919 -11.3882 6
      vertex 15.9054 -11.3785 0
      vertex 15.919 -11.3882 0
    endloop
  endfacet
  facet normal -0.472019 -0.881588 0
    outer loop
      vertex 15.919 -11.3882 0
      vertex 16.0887 -11.4791 6
      vertex 15.919 -11.3882 6
    endloop
  endfacet
  facet normal -0.472019 -0.881588 -0
    outer loop
      vertex 16.0887 -11.4791 6
      vertex 15.919 -11.3882 0
      vertex 16.0887 -11.4791 0
    endloop
  endfacet
  facet normal -0.958154 -0.286254 0
    outer loop
      vertex 16.2265 -11.9403 0
      vertex 16.0887 -11.4791 6
      vertex 16.0887 -11.4791 0
    endloop
  endfacet
  facet normal -0.958154 -0.286254 0
    outer loop
      vertex 16.0887 -11.4791 6
      vertex 16.2265 -11.9403 0
      vertex 16.2265 -11.9403 6
    endloop
  endfacet
  facet normal -0.884825 -0.465924 0
    outer loop
      vertex 16.37 -12.2128 0
      vertex 16.2265 -11.9403 6
      vertex 16.2265 -11.9403 0
    endloop
  endfacet
  facet normal -0.884825 -0.465924 0
    outer loop
      vertex 16.2265 -11.9403 6
      vertex 16.37 -12.2128 0
      vertex 16.37 -12.2128 6
    endloop
  endfacet
  facet normal -0.860184 -0.509984 0
    outer loop
      vertex 16.4688 -12.3794 0
      vertex 16.37 -12.2128 6
      vertex 16.37 -12.2128 0
    endloop
  endfacet
  facet normal -0.860184 -0.509984 0
    outer loop
      vertex 16.37 -12.2128 6
      vertex 16.4688 -12.3794 0
      vertex 16.4688 -12.3794 6
    endloop
  endfacet
  facet normal -0.838617 -0.544721 0
    outer loop
      vertex 16.5914 -12.5681 0
      vertex 16.4688 -12.3794 6
      vertex 16.4688 -12.3794 0
    endloop
  endfacet
  facet normal -0.838617 -0.544721 0
    outer loop
      vertex 16.4688 -12.3794 6
      vertex 16.5914 -12.5681 0
      vertex 16.5914 -12.5681 6
    endloop
  endfacet
  facet normal -0.815504 -0.578752 0
    outer loop
      vertex 16.74 -12.7776 0
      vertex 16.5914 -12.5681 6
      vertex 16.5914 -12.5681 0
    endloop
  endfacet
  facet normal -0.815504 -0.578752 0
    outer loop
      vertex 16.5914 -12.5681 6
      vertex 16.74 -12.7776 0
      vertex 16.74 -12.7776 6
    endloop
  endfacet
  facet normal -0.795678 -0.60572 0
    outer loop
      vertex 16.8254 -12.8897 0
      vertex 16.74 -12.7776 6
      vertex 16.74 -12.7776 0
    endloop
  endfacet
  facet normal -0.795678 -0.60572 0
    outer loop
      vertex 16.74 -12.7776 6
      vertex 16.8254 -12.8897 0
      vertex 16.8254 -12.8897 6
    endloop
  endfacet
  facet normal -0.785899 -0.618355 0
    outer loop
      vertex 16.9175 -13.0068 0
      vertex 16.8254 -12.8897 6
      vertex 16.8254 -12.8897 0
    endloop
  endfacet
  facet normal -0.785899 -0.618355 0
    outer loop
      vertex 16.8254 -12.8897 6
      vertex 16.9175 -13.0068 0
      vertex 16.9175 -13.0068 6
    endloop
  endfacet
  facet normal -0.770507 -0.637431 0
    outer loop
      vertex 17.0181 -13.1284 0
      vertex 16.9175 -13.0068 6
      vertex 16.9175 -13.0068 0
    endloop
  endfacet
  facet normal -0.770507 -0.637431 0
    outer loop
      vertex 16.9175 -13.0068 6
      vertex 17.0181 -13.1284 0
      vertex 17.0181 -13.1284 6
    endloop
  endfacet
  facet normal -0.757824 -0.652459 0
    outer loop
      vertex 17.1266 -13.2545 0
      vertex 17.0181 -13.1284 6
      vertex 17.0181 -13.1284 0
    endloop
  endfacet
  facet normal -0.757824 -0.652459 0
    outer loop
      vertex 17.0181 -13.1284 6
      vertex 17.1266 -13.2545 0
      vertex 17.1266 -13.2545 6
    endloop
  endfacet
  facet normal -0.742732 -0.669589 0
    outer loop
      vertex 17.2441 -13.3848 0
      vertex 17.1266 -13.2545 6
      vertex 17.1266 -13.2545 0
    endloop
  endfacet
  facet normal -0.742732 -0.669589 0
    outer loop
      vertex 17.1266 -13.2545 6
      vertex 17.2441 -13.3848 0
      vertex 17.2441 -13.3848 6
    endloop
  endfacet
  facet normal -0.728149 -0.685419 0
    outer loop
      vertex 17.3707 -13.5192 0
      vertex 17.2441 -13.3848 6
      vertex 17.2441 -13.3848 0
    endloop
  endfacet
  facet normal -0.728149 -0.685419 0
    outer loop
      vertex 17.2441 -13.3848 6
      vertex 17.3707 -13.5192 0
      vertex 17.3707 -13.5192 6
    endloop
  endfacet
  facet normal -0.71255 -0.701621 0
    outer loop
      vertex 17.5068 -13.6575 0
      vertex 17.3707 -13.5192 6
      vertex 17.3707 -13.5192 0
    endloop
  endfacet
  facet normal -0.71255 -0.701621 0
    outer loop
      vertex 17.3707 -13.5192 6
      vertex 17.5068 -13.6575 0
      vertex 17.5068 -13.6575 6
    endloop
  endfacet
  facet normal -0.696584 -0.717475 0
    outer loop
      vertex 17.5068 -13.6575 0
      vertex 17.653 -13.7994 6
      vertex 17.5068 -13.6575 6
    endloop
  endfacet
  facet normal -0.696584 -0.717475 -0
    outer loop
      vertex 17.653 -13.7994 6
      vertex 17.5068 -13.6575 0
      vertex 17.653 -13.7994 0
    endloop
  endfacet
  facet normal -0.676534 -0.736412 0
    outer loop
      vertex 17.653 -13.7994 0
      vertex 17.8492 -13.9796 6
      vertex 17.653 -13.7994 6
    endloop
  endfacet
  facet normal -0.676534 -0.736412 -0
    outer loop
      vertex 17.8492 -13.9796 6
      vertex 17.653 -13.7994 0
      vertex 17.8492 -13.9796 0
    endloop
  endfacet
  facet normal 0.2967 -0.954971 0
    outer loop
      vertex 17.8492 -13.9796 0
      vertex 17.9071 -13.9616 6
      vertex 17.8492 -13.9796 6
    endloop
  endfacet
  facet normal 0.2967 -0.954971 0
    outer loop
      vertex 17.9071 -13.9616 6
      vertex 17.8492 -13.9796 0
      vertex 17.9071 -13.9616 0
    endloop
  endfacet
  facet normal 0.37503 -0.927013 0
    outer loop
      vertex 17.9071 -13.9616 0
      vertex 18.574 -13.6918 6
      vertex 17.9071 -13.9616 6
    endloop
  endfacet
  facet normal 0.37503 -0.927013 0
    outer loop
      vertex 18.574 -13.6918 6
      vertex 17.9071 -13.9616 0
      vertex 18.574 -13.6918 0
    endloop
  endfacet
  facet normal 0.994036 -0.109052 0
    outer loop
      vertex 18.574 -13.6918 6
      vertex 18.6022 -13.4348 0
      vertex 18.6022 -13.4348 6
    endloop
  endfacet
  facet normal 0.994036 -0.109052 0
    outer loop
      vertex 18.6022 -13.4348 0
      vertex 18.574 -13.6918 6
      vertex 18.574 -13.6918 0
    endloop
  endfacet
  facet normal 0.997395 -0.0721358 0
    outer loop
      vertex 18.6022 -13.4348 6
      vertex 18.6303 -13.0466 0
      vertex 18.6303 -13.0466 6
    endloop
  endfacet
  facet normal 0.997395 -0.0721358 0
    outer loop
      vertex 18.6303 -13.0466 0
      vertex 18.6022 -13.4348 6
      vertex 18.6022 -13.4348 0
    endloop
  endfacet
  facet normal 0.999549 -0.0300215 0
    outer loop
      vertex 18.6303 -13.0466 6
      vertex 18.641 -12.6894 0
      vertex 18.641 -12.6894 6
    endloop
  endfacet
  facet normal 0.999549 -0.0300215 0
    outer loop
      vertex 18.641 -12.6894 0
      vertex 18.6303 -13.0466 6
      vertex 18.6303 -13.0466 0
    endloop
  endfacet
  facet normal 0.999907 0.0136045 0
    outer loop
      vertex 18.641 -12.6894 6
      vertex 18.6366 -12.3653 0
      vertex 18.6366 -12.3653 6
    endloop
  endfacet
  facet normal 0.999907 0.0136045 0
    outer loop
      vertex 18.6366 -12.3653 0
      vertex 18.641 -12.6894 6
      vertex 18.641 -12.6894 0
    endloop
  endfacet
  facet normal 0.998365 0.0571533 0
    outer loop
      vertex 18.6366 -12.3653 6
      vertex 18.6201 -12.0761 0
      vertex 18.6201 -12.0761 6
    endloop
  endfacet
  facet normal 0.998365 0.0571533 0
    outer loop
      vertex 18.6201 -12.0761 0
      vertex 18.6366 -12.3653 6
      vertex 18.6366 -12.3653 0
    endloop
  endfacet
  facet normal 0.994822 0.101632 0
    outer loop
      vertex 18.6201 -12.0761 6
      vertex 18.5943 -11.824 0
      vertex 18.5943 -11.824 6
    endloop
  endfacet
  facet normal 0.994822 0.101632 0
    outer loop
      vertex 18.5943 -11.824 0
      vertex 18.6201 -12.0761 6
      vertex 18.6201 -12.0761 0
    endloop
  endfacet
  facet normal 0.989129 0.14705 0
    outer loop
      vertex 18.5943 -11.824 6
      vertex 18.5627 -11.6112 0
      vertex 18.5627 -11.6112 6
    endloop
  endfacet
  facet normal 0.989129 0.14705 0
    outer loop
      vertex 18.5627 -11.6112 0
      vertex 18.5943 -11.824 6
      vertex 18.5943 -11.824 0
    endloop
  endfacet
  facet normal 0.981082 0.193591 0
    outer loop
      vertex 18.5627 -11.6112 6
      vertex 18.5289 -11.4402 0
      vertex 18.5289 -11.4402 6
    endloop
  endfacet
  facet normal 0.981082 0.193591 0
    outer loop
      vertex 18.5289 -11.4402 0
      vertex 18.5627 -11.6112 6
      vertex 18.5627 -11.6112 0
    endloop
  endfacet
  facet normal 0.970416 0.241438 0
    outer loop
      vertex 18.5289 -11.4402 6
      vertex 18.4973 -11.3132 0
      vertex 18.4973 -11.3132 6
    endloop
  endfacet
  facet normal 0.970416 0.241438 0
    outer loop
      vertex 18.4973 -11.3132 0
      vertex 18.5289 -11.4402 6
      vertex 18.5289 -11.4402 0
    endloop
  endfacet
  facet normal 0.96361 0.267312 0
    outer loop
      vertex 18.4973 -11.3132 6
      vertex 18.4586 -11.1736 0
      vertex 18.4586 -11.1736 6
    endloop
  endfacet
  facet normal 0.96361 0.267312 0
    outer loop
      vertex 18.4586 -11.1736 0
      vertex 18.4973 -11.3132 6
      vertex 18.4973 -11.3132 0
    endloop
  endfacet
  facet normal 0.913831 0.406094 0
    outer loop
      vertex 18.4586 -11.1736 6
      vertex 18.2384 -10.6781 0
      vertex 18.2384 -10.6781 6
    endloop
  endfacet
  facet normal 0.913831 0.406094 0
    outer loop
      vertex 18.2384 -10.6781 0
      vertex 18.4586 -11.1736 6
      vertex 18.4586 -11.1736 0
    endloop
  endfacet
  facet normal 0.934367 -0.356312 0
    outer loop
      vertex 18.2384 -10.6781 6
      vertex 18.307 -10.4982 0
      vertex 18.307 -10.4982 6
    endloop
  endfacet
  facet normal 0.934367 -0.356312 0
    outer loop
      vertex 18.307 -10.4982 0
      vertex 18.2384 -10.6781 6
      vertex 18.2384 -10.6781 0
    endloop
  endfacet
  facet normal 0.496139 0.868243 -0
    outer loop
      vertex 18.307 -10.4982 0
      vertex 18.3055 -10.4973 6
      vertex 18.307 -10.4982 6
    endloop
  endfacet
  facet normal 0.496139 0.868243 0
    outer loop
      vertex 18.3055 -10.4973 6
      vertex 18.307 -10.4982 0
      vertex 18.3055 -10.4973 0
    endloop
  endfacet
  facet normal 0.456261 -0.889846 0
    outer loop
      vertex 18.3055 -10.4973 0
      vertex 19.5138 -9.87779 6
      vertex 18.3055 -10.4973 6
    endloop
  endfacet
  facet normal 0.456261 -0.889846 0
    outer loop
      vertex 19.5138 -9.87779 6
      vertex 18.3055 -10.4973 0
      vertex 19.5138 -9.87779 0
    endloop
  endfacet
  facet normal -0.451176 -0.892435 0
    outer loop
      vertex 19.5138 -9.87779 0
      vertex 19.522 -9.88196 6
      vertex 19.5138 -9.87779 6
    endloop
  endfacet
  facet normal -0.451176 -0.892435 -0
    outer loop
      vertex 19.522 -9.88196 6
      vertex 19.5138 -9.87779 0
      vertex 19.522 -9.88196 0
    endloop
  endfacet
  facet normal -0.263292 -0.964716 0
    outer loop
      vertex 19.522 -9.88196 0
      vertex 19.7078 -9.93265 6
      vertex 19.522 -9.88196 6
    endloop
  endfacet
  facet normal -0.263292 -0.964716 -0
    outer loop
      vertex 19.7078 -9.93265 6
      vertex 19.522 -9.88196 0
      vertex 19.7078 -9.93265 0
    endloop
  endfacet
  facet normal -0.870134 -0.492816 0
    outer loop
      vertex 19.9588 -10.3759 0
      vertex 19.7078 -9.93265 6
      vertex 19.7078 -9.93265 0
    endloop
  endfacet
  facet normal -0.870134 -0.492816 0
    outer loop
      vertex 19.7078 -9.93265 6
      vertex 19.9588 -10.3759 0
      vertex 19.9588 -10.3759 6
    endloop
  endfacet
  facet normal -0.774761 -0.632254 0
    outer loop
      vertex 20.0962 -10.5442 0
      vertex 19.9588 -10.3759 6
      vertex 19.9588 -10.3759 0
    endloop
  endfacet
  facet normal -0.774761 -0.632254 0
    outer loop
      vertex 19.9588 -10.3759 6
      vertex 20.0962 -10.5442 0
      vertex 20.0962 -10.5442 6
    endloop
  endfacet
  facet normal -0.748284 -0.663379 0
    outer loop
      vertex 20.2079 -10.6702 0
      vertex 20.0962 -10.5442 6
      vertex 20.0962 -10.5442 0
    endloop
  endfacet
  facet normal -0.748284 -0.663379 0
    outer loop
      vertex 20.0962 -10.5442 6
      vertex 20.2079 -10.6702 0
      vertex 20.2079 -10.6702 6
    endloop
  endfacet
  facet normal -0.718256 -0.695779 0
    outer loop
      vertex 20.3477 -10.8146 0
      vertex 20.2079 -10.6702 6
      vertex 20.2079 -10.6702 0
    endloop
  endfacet
  facet normal -0.718256 -0.695779 0
    outer loop
      vertex 20.2079 -10.6702 6
      vertex 20.3477 -10.8146 0
      vertex 20.3477 -10.8146 6
    endloop
  endfacet
  facet normal -0.693367 -0.720584 0
    outer loop
      vertex 20.3477 -10.8146 0
      vertex 20.4293 -10.8931 6
      vertex 20.3477 -10.8146 6
    endloop
  endfacet
  facet normal -0.693367 -0.720584 -0
    outer loop
      vertex 20.4293 -10.8931 6
      vertex 20.3477 -10.8146 0
      vertex 20.4293 -10.8931 0
    endloop
  endfacet
  facet normal -0.679153 -0.733996 0
    outer loop
      vertex 20.4293 -10.8931 0
      vertex 20.5188 -10.9759 6
      vertex 20.4293 -10.8931 6
    endloop
  endfacet
  facet normal -0.679153 -0.733996 -0
    outer loop
      vertex 20.5188 -10.9759 6
      vertex 20.4293 -10.8931 0
      vertex 20.5188 -10.9759 0
    endloop
  endfacet
  facet normal -0.659963 -0.751298 0
    outer loop
      vertex 20.5188 -10.9759 0
      vertex 20.6172 -11.0623 6
      vertex 20.5188 -10.9759 6
    endloop
  endfacet
  facet normal -0.659963 -0.751298 -0
    outer loop
      vertex 20.6172 -11.0623 6
      vertex 20.5188 -10.9759 0
      vertex 20.6172 -11.0623 0
    endloop
  endfacet
  facet normal -0.643445 -0.765492 0
    outer loop
      vertex 20.6172 -11.0623 0
      vertex 20.7244 -11.1525 6
      vertex 20.6172 -11.0623 6
    endloop
  endfacet
  facet normal -0.643445 -0.765492 -0
    outer loop
      vertex 20.7244 -11.1525 6
      vertex 20.6172 -11.0623 0
      vertex 20.7244 -11.1525 0
    endloop
  endfacet
  facet normal -0.623999 -0.781425 0
    outer loop
      vertex 20.7244 -11.1525 0
      vertex 20.8415 -11.2459 6
      vertex 20.7244 -11.1525 6
    endloop
  endfacet
  facet normal -0.623999 -0.781425 -0
    outer loop
      vertex 20.8415 -11.2459 6
      vertex 20.7244 -11.1525 0
      vertex 20.8415 -11.2459 0
    endloop
  endfacet
  facet normal -0.605311 -0.795989 0
    outer loop
      vertex 20.8415 -11.2459 0
      vertex 20.9685 -11.3425 6
      vertex 20.8415 -11.2459 6
    endloop
  endfacet
  facet normal -0.605311 -0.795989 -0
    outer loop
      vertex 20.9685 -11.3425 6
      vertex 20.8415 -11.2459 0
      vertex 20.9685 -11.3425 0
    endloop
  endfacet
  facet normal -0.585405 -0.810741 0
    outer loop
      vertex 20.9685 -11.3425 0
      vertex 21.1061 -11.4419 6
      vertex 20.9685 -11.3425 6
    endloop
  endfacet
  facet normal -0.585405 -0.810741 -0
    outer loop
      vertex 21.1061 -11.4419 6
      vertex 20.9685 -11.3425 0
      vertex 21.1061 -11.4419 0
    endloop
  endfacet
  facet normal -0.564465 -0.825457 0
    outer loop
      vertex 21.1061 -11.4419 0
      vertex 21.2549 -11.5437 6
      vertex 21.1061 -11.4419 6
    endloop
  endfacet
  facet normal -0.564465 -0.825457 -0
    outer loop
      vertex 21.2549 -11.5437 6
      vertex 21.1061 -11.4419 0
      vertex 21.2549 -11.5437 0
    endloop
  endfacet
  facet normal -0.54384 -0.839189 0
    outer loop
      vertex 21.2549 -11.5437 0
      vertex 21.4154 -11.6476 6
      vertex 21.2549 -11.5437 6
    endloop
  endfacet
  facet normal -0.54384 -0.839189 -0
    outer loop
      vertex 21.4154 -11.6476 6
      vertex 21.2549 -11.5437 0
      vertex 21.4154 -11.6476 0
    endloop
  endfacet
  facet normal -0.520907 -0.853613 0
    outer loop
      vertex 21.4154 -11.6476 0
      vertex 21.5882 -11.7531 6
      vertex 21.4154 -11.6476 6
    endloop
  endfacet
  facet normal -0.520907 -0.853613 -0
    outer loop
      vertex 21.5882 -11.7531 6
      vertex 21.4154 -11.6476 0
      vertex 21.5882 -11.7531 0
    endloop
  endfacet
  facet normal -0.499122 -0.866532 0
    outer loop
      vertex 21.5882 -11.7531 0
      vertex 21.7738 -11.86 6
      vertex 21.5882 -11.7531 6
    endloop
  endfacet
  facet normal -0.499122 -0.866532 -0
    outer loop
      vertex 21.7738 -11.86 6
      vertex 21.5882 -11.7531 0
      vertex 21.7738 -11.86 0
    endloop
  endfacet
  facet normal -0.474521 -0.880244 0
    outer loop
      vertex 21.7738 -11.86 0
      vertex 21.962 -11.9614 6
      vertex 21.7738 -11.86 6
    endloop
  endfacet
  facet normal -0.474521 -0.880244 -0
    outer loop
      vertex 21.962 -11.9614 6
      vertex 21.7738 -11.86 0
      vertex 21.962 -11.9614 0
    endloop
  endfacet
  facet normal 0.540069 -0.84162 0
    outer loop
      vertex 21.962 -11.9614 0
      vertex 22.6064 -11.5479 6
      vertex 21.962 -11.9614 6
    endloop
  endfacet
  facet normal 0.540069 -0.84162 0
    outer loop
      vertex 22.6064 -11.5479 6
      vertex 21.962 -11.9614 0
      vertex 22.6064 -11.5479 0
    endloop
  endfacet
  facet normal 0.99394 0.109927 0
    outer loop
      vertex 22.6064 -11.5479 6
      vertex 22.579 -11.3005 0
      vertex 22.579 -11.3005 6
    endloop
  endfacet
  facet normal 0.99394 0.109927 0
    outer loop
      vertex 22.579 -11.3005 0
      vertex 22.6064 -11.5479 6
      vertex 22.6064 -11.5479 0
    endloop
  endfacet
  facet normal 0.989884 0.14188 0
    outer loop
      vertex 22.579 -11.3005 6
      vertex 22.55 -11.0978 0
      vertex 22.55 -11.0978 6
    endloop
  endfacet
  facet normal 0.989884 0.14188 0
    outer loop
      vertex 22.55 -11.0978 0
      vertex 22.579 -11.3005 6
      vertex 22.579 -11.3005 0
    endloop
  endfacet
  facet normal 0.987411 0.158178 0
    outer loop
      vertex 22.55 -11.0978 6
      vertex 22.5188 -10.9033 0
      vertex 22.5188 -10.9033 6
    endloop
  endfacet
  facet normal 0.987411 0.158178 0
    outer loop
      vertex 22.5188 -10.9033 0
      vertex 22.55 -11.0978 6
      vertex 22.55 -11.0978 0
    endloop
  endfacet
  facet normal 0.982075 0.188491 0
    outer loop
      vertex 22.5188 -10.9033 6
      vertex 22.4835 -10.7191 0
      vertex 22.4835 -10.7191 6
    endloop
  endfacet
  facet normal 0.982075 0.188491 0
    outer loop
      vertex 22.4835 -10.7191 0
      vertex 22.5188 -10.9033 6
      vertex 22.5188 -10.9033 0
    endloop
  endfacet
  facet normal 0.978741 0.2051 0
    outer loop
      vertex 22.4835 -10.7191 6
      vertex 22.4467 -10.5438 0
      vertex 22.4467 -10.5438 6
    endloop
  endfacet
  facet normal 0.978741 0.2051 0
    outer loop
      vertex 22.4467 -10.5438 0
      vertex 22.4835 -10.7191 6
      vertex 22.4835 -10.7191 0
    endloop
  endfacet
  facet normal 0.971717 0.236147 0
    outer loop
      vertex 22.4467 -10.5438 6
      vertex 22.4067 -10.3793 0
      vertex 22.4067 -10.3793 6
    endloop
  endfacet
  facet normal 0.971717 0.236147 0
    outer loop
      vertex 22.4067 -10.3793 0
      vertex 22.4467 -10.5438 6
      vertex 22.4467 -10.5438 0
    endloop
  endfacet
  facet normal 0.967411 0.253213 0
    outer loop
      vertex 22.4067 -10.3793 6
      vertex 22.3662 -10.2243 0
      vertex 22.3662 -10.2243 6
    endloop
  endfacet
  facet normal 0.967411 0.253213 0
    outer loop
      vertex 22.3662 -10.2243 0
      vertex 22.4067 -10.3793 6
      vertex 22.4067 -10.3793 0
    endloop
  endfacet
  facet normal 0.958636 0.284636 0
    outer loop
      vertex 22.3662 -10.2243 6
      vertex 22.3235 -10.0807 0
      vertex 22.3235 -10.0807 6
    endloop
  endfacet
  facet normal 0.958636 0.284636 0
    outer loop
      vertex 22.3235 -10.0807 0
      vertex 22.3662 -10.2243 6
      vertex 22.3662 -10.2243 0
    endloop
  endfacet
  facet normal 0.95304 0.302843 0
    outer loop
      vertex 22.3235 -10.0807 6
      vertex 22.2812 -9.94745 0
      vertex 22.2812 -9.94745 6
    endloop
  endfacet
  facet normal 0.95304 0.302843 0
    outer loop
      vertex 22.2812 -9.94745 0
      vertex 22.3235 -10.0807 6
      vertex 22.3235 -10.0807 0
    endloop
  endfacet
  facet normal 0.942737 0.333538 0
    outer loop
      vertex 22.2812 -9.94745 6
      vertex 22.2382 -9.82591 0
      vertex 22.2382 -9.82591 6
    endloop
  endfacet
  facet normal 0.942737 0.333538 0
    outer loop
      vertex 22.2382 -9.82591 0
      vertex 22.2812 -9.94745 6
      vertex 22.2812 -9.94745 0
    endloop
  endfacet
  facet normal 0.935375 0.353657 0
    outer loop
      vertex 22.2382 -9.82591 6
      vertex 22.1964 -9.71545 0
      vertex 22.1964 -9.71545 6
    endloop
  endfacet
  facet normal 0.935375 0.353657 0
    outer loop
      vertex 22.1964 -9.71545 0
      vertex 22.2382 -9.82591 6
      vertex 22.2382 -9.82591 0
    endloop
  endfacet
  facet normal 0.923872 0.382702 0
    outer loop
      vertex 22.1964 -9.71545 6
      vertex 22.1557 -9.61707 0
      vertex 22.1557 -9.61707 6
    endloop
  endfacet
  facet normal 0.923872 0.382702 0
    outer loop
      vertex 22.1557 -9.61707 0
      vertex 22.1964 -9.71545 6
      vertex 22.1964 -9.71545 0
    endloop
  endfacet
  facet normal 0.914216 0.405226 0
    outer loop
      vertex 22.1557 -9.61707 6
      vertex 22.1173 -9.53049 0
      vertex 22.1173 -9.53049 6
    endloop
  endfacet
  facet normal 0.914216 0.405226 0
    outer loop
      vertex 22.1173 -9.53049 0
      vertex 22.1557 -9.61707 6
      vertex 22.1557 -9.61707 0
    endloop
  endfacet
  facet normal 0.901538 0.432701 0
    outer loop
      vertex 22.1173 -9.53049 6
      vertex 22.0817 -9.45625 0
      vertex 22.0817 -9.45625 6
    endloop
  endfacet
  facet normal 0.901538 0.432701 0
    outer loop
      vertex 22.0817 -9.45625 0
      vertex 22.1173 -9.53049 6
      vertex 22.1173 -9.53049 0
    endloop
  endfacet
  facet normal 0.88341 0.4686 0
    outer loop
      vertex 22.0817 -9.45625 6
      vertex 22.0226 -9.34499 0
      vertex 22.0226 -9.34499 6
    endloop
  endfacet
  facet normal 0.88341 0.4686 0
    outer loop
      vertex 22.0226 -9.34499 0
      vertex 22.0817 -9.45625 6
      vertex 22.0817 -9.45625 0
    endloop
  endfacet
  facet normal 0.853919 0.520406 0
    outer loop
      vertex 22.0226 -9.34499 6
      vertex 21.925 -9.18484 0
      vertex 21.925 -9.18484 6
    endloop
  endfacet
  facet normal 0.853919 0.520406 0
    outer loop
      vertex 21.925 -9.18484 0
      vertex 22.0226 -9.34499 6
      vertex 22.0226 -9.34499 0
    endloop
  endfacet
  facet normal 0.790086 0.612997 0
    outer loop
      vertex 21.925 -9.18484 6
      vertex 21.5497 -8.70102 0
      vertex 21.5497 -8.70102 6
    endloop
  endfacet
  facet normal 0.790086 0.612997 0
    outer loop
      vertex 21.5497 -8.70102 0
      vertex 21.925 -9.18484 6
      vertex 21.925 -9.18484 0
    endloop
  endfacet
  facet normal 0.992426 -0.122845 0
    outer loop
      vertex 21.5497 -8.70102 6
      vertex 21.5733 -8.50995 0
      vertex 21.5733 -8.50995 6
    endloop
  endfacet
  facet normal 0.992426 -0.122845 0
    outer loop
      vertex 21.5733 -8.50995 0
      vertex 21.5497 -8.70102 6
      vertex 21.5497 -8.70102 0
    endloop
  endfacet
  facet normal 0.36692 0.930253 -0
    outer loop
      vertex 21.5733 -8.50995 0
      vertex 21.5498 -8.50066 6
      vertex 21.5733 -8.50995 6
    endloop
  endfacet
  facet normal 0.36692 0.930253 0
    outer loop
      vertex 21.5498 -8.50066 6
      vertex 21.5733 -8.50995 0
      vertex 21.5498 -8.50066 0
    endloop
  endfacet
  facet normal 0.625033 -0.780598 0
    outer loop
      vertex 21.5498 -8.50066 0
      vertex 22.207 -7.9744 6
      vertex 21.5498 -8.50066 6
    endloop
  endfacet
  facet normal 0.625033 -0.780598 0
    outer loop
      vertex 22.207 -7.9744 6
      vertex 21.5498 -8.50066 0
      vertex 22.207 -7.9744 0
    endloop
  endfacet
  facet normal 0.709571 -0.704634 0
    outer loop
      vertex 22.207 -7.9744 6
      vertex 22.5946 -7.58409 0
      vertex 22.5946 -7.58409 6
    endloop
  endfacet
  facet normal 0.709571 -0.704634 0
    outer loop
      vertex 22.5946 -7.58409 0
      vertex 22.207 -7.9744 6
      vertex 22.207 -7.9744 0
    endloop
  endfacet
  facet normal -0.318475 -0.947931 0
    outer loop
      vertex 22.5946 -7.58409 0
      vertex 22.6178 -7.59187 6
      vertex 22.5946 -7.58409 6
    endloop
  endfacet
  facet normal -0.318475 -0.947931 -0
    outer loop
      vertex 22.6178 -7.59187 6
      vertex 22.5946 -7.58409 0
      vertex 22.6178 -7.59187 0
    endloop
  endfacet
  facet normal -0.00340781 -0.999994 0
    outer loop
      vertex 22.6178 -7.59187 0
      vertex 22.8103 -7.59253 6
      vertex 22.6178 -7.59187 6
    endloop
  endfacet
  facet normal -0.00340781 -0.999994 -0
    outer loop
      vertex 22.8103 -7.59253 6
      vertex 22.6178 -7.59187 0
      vertex 22.8103 -7.59253 0
    endloop
  endfacet
  facet normal -0.711828 -0.702353 0
    outer loop
      vertex 23.205 -7.9926 0
      vertex 22.8103 -7.59253 6
      vertex 22.8103 -7.59253 0
    endloop
  endfacet
  facet normal -0.711828 -0.702353 0
    outer loop
      vertex 22.8103 -7.59253 6
      vertex 23.205 -7.9926 0
      vertex 23.205 -7.9926 6
    endloop
  endfacet
  facet normal -0.610888 -0.791717 0
    outer loop
      vertex 23.205 -7.9926 0
      vertex 23.3686 -8.11879 6
      vertex 23.205 -7.9926 6
    endloop
  endfacet
  facet normal -0.610888 -0.791717 -0
    outer loop
      vertex 23.3686 -8.11879 6
      vertex 23.205 -7.9926 0
      vertex 23.3686 -8.11879 0
    endloop
  endfacet
  facet normal -0.571528 -0.820582 0
    outer loop
      vertex 23.3686 -8.11879 0
      vertex 23.4912 -8.20419 6
      vertex 23.3686 -8.11879 6
    endloop
  endfacet
  facet normal -0.571528 -0.820582 -0
    outer loop
      vertex 23.4912 -8.20419 6
      vertex 23.3686 -8.11879 0
      vertex 23.4912 -8.20419 0
    endloop
  endfacet
  facet normal -0.540504 -0.841341 0
    outer loop
      vertex 23.4912 -8.20419 0
      vertex 23.5655 -8.25192 6
      vertex 23.4912 -8.20419 6
    endloop
  endfacet
  facet normal -0.540504 -0.841341 -0
    outer loop
      vertex 23.5655 -8.25192 6
      vertex 23.4912 -8.20419 0
      vertex 23.5655 -8.25192 0
    endloop
  endfacet
  facet normal -0.518461 -0.855101 0
    outer loop
      vertex 23.5655 -8.25192 0
      vertex 23.6491 -8.30261 6
      vertex 23.5655 -8.25192 6
    endloop
  endfacet
  facet normal -0.518461 -0.855101 -0
    outer loop
      vertex 23.6491 -8.30261 6
      vertex 23.5655 -8.25192 0
      vertex 23.6491 -8.30261 0
    endloop
  endfacet
  facet normal -0.496338 -0.86813 0
    outer loop
      vertex 23.6491 -8.30261 0
      vertex 23.7425 -8.356 6
      vertex 23.6491 -8.30261 6
    endloop
  endfacet
  facet normal -0.496338 -0.86813 -0
    outer loop
      vertex 23.7425 -8.356 6
      vertex 23.6491 -8.30261 0
      vertex 23.7425 -8.356 0
    endloop
  endfacet
  facet normal -0.471758 -0.881728 0
    outer loop
      vertex 23.7425 -8.356 0
      vertex 23.8463 -8.41158 6
      vertex 23.7425 -8.356 6
    endloop
  endfacet
  facet normal -0.471758 -0.881728 -0
    outer loop
      vertex 23.8463 -8.41158 6
      vertex 23.7425 -8.356 0
      vertex 23.8463 -8.41158 0
    endloop
  endfacet
  facet normal -0.448498 -0.893784 0
    outer loop
      vertex 23.8463 -8.41158 0
      vertex 23.961 -8.46912 6
      vertex 23.8463 -8.41158 6
    endloop
  endfacet
  facet normal -0.448498 -0.893784 -0
    outer loop
      vertex 23.961 -8.46912 6
      vertex 23.8463 -8.41158 0
      vertex 23.961 -8.46912 0
    endloop
  endfacet
  facet normal -0.422112 -0.906544 0
    outer loop
      vertex 23.961 -8.46912 0
      vertex 24.0873 -8.52792 6
      vertex 23.961 -8.46912 6
    endloop
  endfacet
  facet normal -0.422112 -0.906544 -0
    outer loop
      vertex 24.0873 -8.52792 6
      vertex 23.961 -8.46912 0
      vertex 24.0873 -8.52792 0
    endloop
  endfacet
  facet normal -0.397144 -0.917756 0
    outer loop
      vertex 24.0873 -8.52792 0
      vertex 24.2256 -8.58775 6
      vertex 24.0873 -8.52792 6
    endloop
  endfacet
  facet normal -0.397144 -0.917756 -0
    outer loop
      vertex 24.2256 -8.58775 6
      vertex 24.0873 -8.52792 0
      vertex 24.2256 -8.58775 0
    endloop
  endfacet
  facet normal -0.369463 -0.929245 0
    outer loop
      vertex 24.2256 -8.58775 0
      vertex 24.3766 -8.6478 6
      vertex 24.2256 -8.58775 6
    endloop
  endfacet
  facet normal -0.369463 -0.929245 -0
    outer loop
      vertex 24.3766 -8.6478 6
      vertex 24.2256 -8.58775 0
      vertex 24.3766 -8.6478 0
    endloop
  endfacet
  facet normal -0.342304 -0.939589 0
    outer loop
      vertex 24.3766 -8.6478 0
      vertex 24.5408 -8.70761 6
      vertex 24.3766 -8.6478 6
    endloop
  endfacet
  facet normal -0.342304 -0.939589 -0
    outer loop
      vertex 24.5408 -8.70761 6
      vertex 24.3766 -8.6478 0
      vertex 24.5408 -8.70761 0
    endloop
  endfacet
  facet normal -0.313638 -0.949543 0
    outer loop
      vertex 24.5408 -8.70761 0
      vertex 24.7188 -8.7664 6
      vertex 24.5408 -8.70761 6
    endloop
  endfacet
  facet normal -0.313638 -0.949543 -0
    outer loop
      vertex 24.7188 -8.7664 6
      vertex 24.5408 -8.70761 0
      vertex 24.7188 -8.7664 0
    endloop
  endfacet
  facet normal -0.284039 -0.958813 0
    outer loop
      vertex 24.7188 -8.7664 0
      vertex 24.9111 -8.82339 6
      vertex 24.7188 -8.7664 6
    endloop
  endfacet
  facet normal -0.284039 -0.958813 -0
    outer loop
      vertex 24.9111 -8.82339 6
      vertex 24.7188 -8.7664 0
      vertex 24.9111 -8.82339 0
    endloop
  endfacet
  facet normal -0.254518 -0.967068 0
    outer loop
      vertex 24.9111 -8.82339 0
      vertex 25.1183 -8.87791 6
      vertex 24.9111 -8.82339 6
    endloop
  endfacet
  facet normal -0.254518 -0.967068 -0
    outer loop
      vertex 25.1183 -8.87791 6
      vertex 24.9111 -8.82339 0
      vertex 25.1183 -8.87791 0
    endloop
  endfacet
  facet normal -0.222571 -0.974917 0
    outer loop
      vertex 25.1183 -8.87791 0
      vertex 25.341 -8.92876 6
      vertex 25.1183 -8.87791 6
    endloop
  endfacet
  facet normal -0.222571 -0.974917 -0
    outer loop
      vertex 25.341 -8.92876 6
      vertex 25.1183 -8.87791 0
      vertex 25.341 -8.92876 0
    endloop
  endfacet
  facet normal -0.191987 -0.981397 0
    outer loop
      vertex 25.341 -8.92876 0
      vertex 25.5315 -8.96602 6
      vertex 25.341 -8.92876 6
    endloop
  endfacet
  facet normal -0.191987 -0.981397 -0
    outer loop
      vertex 25.5315 -8.96602 6
      vertex 25.341 -8.92876 0
      vertex 25.5315 -8.96602 0
    endloop
  endfacet
  facet normal 0.709678 -0.704526 0
    outer loop
      vertex 25.5315 -8.96602 6
      vertex 25.6087 -8.88826 0
      vertex 25.6087 -8.88826 6
    endloop
  endfacet
  facet normal 0.709678 -0.704526 0
    outer loop
      vertex 25.6087 -8.88826 0
      vertex 25.5315 -8.96602 6
      vertex 25.5315 -8.96602 0
    endloop
  endfacet
  facet normal 0.790956 -0.611873 0
    outer loop
      vertex 25.6087 -8.88826 6
      vertex 25.9926 -8.39191 0
      vertex 25.9926 -8.39191 6
    endloop
  endfacet
  facet normal 0.790956 -0.611873 0
    outer loop
      vertex 25.9926 -8.39191 0
      vertex 25.6087 -8.88826 6
      vertex 25.6087 -8.88826 0
    endloop
  endfacet
  facet normal 0.933974 0.357342 0
    outer loop
      vertex 25.9926 -8.39191 6
      vertex 25.9234 -8.21104 0
      vertex 25.9234 -8.21104 6
    endloop
  endfacet
  facet normal 0.933974 0.357342 0
    outer loop
      vertex 25.9234 -8.21104 0
      vertex 25.9926 -8.39191 6
      vertex 25.9926 -8.39191 0
    endloop
  endfacet
  facet normal 0.922851 0.385157 0
    outer loop
      vertex 25.9234 -8.21104 6
      vertex 25.8402 -8.01164 0
      vertex 25.8402 -8.01164 6
    endloop
  endfacet
  facet normal 0.922851 0.385157 0
    outer loop
      vertex 25.8402 -8.01164 0
      vertex 25.9234 -8.21104 6
      vertex 25.9234 -8.21104 0
    endloop
  endfacet
  facet normal 0.912601 0.408852 0
    outer loop
      vertex 25.8402 -8.01164 6
      vertex 25.7558 -7.82323 0
      vertex 25.7558 -7.82323 6
    endloop
  endfacet
  facet normal 0.912601 0.408852 0
    outer loop
      vertex 25.7558 -7.82323 0
      vertex 25.8402 -8.01164 6
      vertex 25.8402 -8.01164 0
    endloop
  endfacet
  facet normal 0.900111 0.435661 0
    outer loop
      vertex 25.7558 -7.82323 6
      vertex 25.6704 -7.64671 0
      vertex 25.6704 -7.64671 6
    endloop
  endfacet
  facet normal 0.900111 0.435661 0
    outer loop
      vertex 25.6704 -7.64671 0
      vertex 25.7558 -7.82323 6
      vertex 25.7558 -7.82323 0
    endloop
  endfacet
  facet normal 0.88753 0.460749 0
    outer loop
      vertex 25.6704 -7.64671 6
      vertex 25.5849 -7.48206 0
      vertex 25.5849 -7.48206 6
    endloop
  endfacet
  facet normal 0.88753 0.460749 0
    outer loop
      vertex 25.5849 -7.48206 0
      vertex 25.6704 -7.64671 6
      vertex 25.6704 -7.64671 0
    endloop
  endfacet
  facet normal 0.873501 0.486823 0
    outer loop
      vertex 25.5849 -7.48206 6
      vertex 25.5 -7.32967 0
      vertex 25.5 -7.32967 6
    endloop
  endfacet
  facet normal 0.873501 0.486823 0
    outer loop
      vertex 25.5 -7.32967 0
      vertex 25.5849 -7.48206 6
      vertex 25.5849 -7.48206 0
    endloop
  endfacet
  facet normal 0.858475 0.512856 0
    outer loop
      vertex 25.5 -7.32967 6
      vertex 25.4164 -7.18977 0
      vertex 25.4164 -7.18977 6
    endloop
  endfacet
  facet normal 0.858475 0.512856 0
    outer loop
      vertex 25.4164 -7.18977 0
      vertex 25.5 -7.32967 6
      vertex 25.5 -7.32967 0
    endloop
  endfacet
  facet normal 0.842678 0.538417 0
    outer loop
      vertex 25.4164 -7.18977 6
      vertex 25.3351 -7.06248 0
      vertex 25.3351 -7.06248 6
    endloop
  endfacet
  facet normal 0.842678 0.538417 0
    outer loop
      vertex 25.3351 -7.06248 0
      vertex 25.4164 -7.18977 6
      vertex 25.4164 -7.18977 0
    endloop
  endfacet
  facet normal 0.825197 0.564846 0
    outer loop
      vertex 25.3351 -7.06248 6
      vertex 25.2568 -6.9481 0
      vertex 25.2568 -6.9481 6
    endloop
  endfacet
  facet normal 0.825197 0.564846 0
    outer loop
      vertex 25.2568 -6.9481 0
      vertex 25.3351 -7.06248 6
      vertex 25.3351 -7.06248 0
    endloop
  endfacet
  facet normal 0.807418 0.58998 0
    outer loop
      vertex 25.2568 -6.9481 6
      vertex 25.1825 -6.84651 0
      vertex 25.1825 -6.84651 6
    endloop
  endfacet
  facet normal 0.807418 0.58998 0
    outer loop
      vertex 25.1825 -6.84651 0
      vertex 25.2568 -6.9481 6
      vertex 25.2568 -6.9481 0
    endloop
  endfacet
  facet normal 0.787508 0.616305 0
    outer loop
      vertex 25.1825 -6.84651 6
      vertex 25.1132 -6.75793 0
      vertex 25.1132 -6.75793 6
    endloop
  endfacet
  facet normal 0.787508 0.616305 0
    outer loop
      vertex 25.1132 -6.75793 0
      vertex 25.1825 -6.84651 6
      vertex 25.1825 -6.84651 0
    endloop
  endfacet
  facet normal 0.76741 0.641157 0
    outer loop
      vertex 25.1132 -6.75793 6
      vertex 25.0499 -6.68216 0
      vertex 25.0499 -6.68216 6
    endloop
  endfacet
  facet normal 0.76741 0.641157 0
    outer loop
      vertex 25.0499 -6.68216 0
      vertex 25.1132 -6.75793 6
      vertex 25.1132 -6.75793 0
    endloop
  endfacet
  facet normal 0.745524 0.666478 0
    outer loop
      vertex 25.0499 -6.68216 6
      vertex 24.9936 -6.61913 0
      vertex 24.9936 -6.61913 6
    endloop
  endfacet
  facet normal 0.745524 0.666478 0
    outer loop
      vertex 24.9936 -6.61913 0
      vertex 25.0499 -6.68216 6
      vertex 25.0499 -6.68216 0
    endloop
  endfacet
  facet normal 0.722533 0.691337 0
    outer loop
      vertex 24.9936 -6.61913 6
      vertex 24.9452 -6.56859 0
      vertex 24.9452 -6.56859 6
    endloop
  endfacet
  facet normal 0.722533 0.691337 0
    outer loop
      vertex 24.9452 -6.56859 0
      vertex 24.9936 -6.61913 6
      vertex 24.9936 -6.61913 0
    endloop
  endfacet
  facet normal 0.677362 0.73565 -0
    outer loop
      vertex 24.9452 -6.56859 0
      vertex 24.8522 -6.48294 6
      vertex 24.9452 -6.56859 6
    endloop
  endfacet
  facet normal 0.677362 0.73565 0
    outer loop
      vertex 24.8522 -6.48294 6
      vertex 24.9452 -6.56859 0
      vertex 24.8522 -6.48294 0
    endloop
  endfacet
  facet normal 0.631536 0.775346 -0
    outer loop
      vertex 24.8522 -6.48294 0
      vertex 24.7461 -6.3965 6
      vertex 24.8522 -6.48294 6
    endloop
  endfacet
  facet normal 0.631536 0.775346 0
    outer loop
      vertex 24.7461 -6.3965 6
      vertex 24.8522 -6.48294 0
      vertex 24.7461 -6.3965 0
    endloop
  endfacet
  facet normal 0.58394 0.811797 -0
    outer loop
      vertex 24.7461 -6.3965 0
      vertex 24.1799 -5.98923 6
      vertex 24.7461 -6.3965 6
    endloop
  endfacet
  facet normal 0.58394 0.811797 0
    outer loop
      vertex 24.1799 -5.98923 6
      vertex 24.7461 -6.3965 0
      vertex 24.1799 -5.98923 0
    endloop
  endfacet
  facet normal 0.98665 0.162857 0
    outer loop
      vertex 24.1799 -5.98923 6
      vertex 24.1485 -5.79926 0
      vertex 24.1485 -5.79926 6
    endloop
  endfacet
  facet normal 0.98665 0.162857 0
    outer loop
      vertex 24.1485 -5.79926 0
      vertex 24.1799 -5.98923 6
      vertex 24.1799 -5.98923 0
    endloop
  endfacet
  facet normal 0.233909 0.972258 -0
    outer loop
      vertex 24.1485 -5.79926 0
      vertex 24.136 -5.79623 6
      vertex 24.1485 -5.79926 6
    endloop
  endfacet
  facet normal 0.233909 0.972258 0
    outer loop
      vertex 24.136 -5.79623 6
      vertex 24.1485 -5.79926 0
      vertex 24.136 -5.79623 0
    endloop
  endfacet
  facet normal 0.790843 -0.612019 0
    outer loop
      vertex 24.136 -5.79623 6
      vertex 24.2578 -5.63873 0
      vertex 24.2578 -5.63873 6
    endloop
  endfacet
  facet normal 0.790843 -0.612019 0
    outer loop
      vertex 24.2578 -5.63873 0
      vertex 24.136 -5.79623 6
      vertex 24.136 -5.79623 0
    endloop
  endfacet
  facet normal 0.865034 -0.501714 0
    outer loop
      vertex 24.2578 -5.63873 6
      vertex 24.8678 -4.58713 0
      vertex 24.8678 -4.58713 6
    endloop
  endfacet
  facet normal 0.865034 -0.501714 0
    outer loop
      vertex 24.8678 -4.58713 0
      vertex 24.2578 -5.63873 6
      vertex 24.2578 -5.63873 0
    endloop
  endfacet
  facet normal -0.181285 -0.983431 0
    outer loop
      vertex 24.8678 -4.58713 0
      vertex 24.8865 -4.59058 6
      vertex 24.8678 -4.58713 6
    endloop
  endfacet
  facet normal -0.181285 -0.983431 -0
    outer loop
      vertex 24.8865 -4.59058 6
      vertex 24.8678 -4.58713 0
      vertex 24.8865 -4.59058 0
    endloop
  endfacet
  facet normal 0.308609 -0.951189 0
    outer loop
      vertex 24.8865 -4.59058 0
      vertex 25.0696 -4.53116 6
      vertex 24.8865 -4.59058 6
    endloop
  endfacet
  facet normal 0.308609 -0.951189 0
    outer loop
      vertex 25.0696 -4.53116 6
      vertex 24.8865 -4.59058 0
      vertex 25.0696 -4.53116 0
    endloop
  endfacet
  facet normal -0.456297 -0.889828 0
    outer loop
      vertex 25.0696 -4.53116 0
      vertex 25.6392 -4.82323 6
      vertex 25.0696 -4.53116 6
    endloop
  endfacet
  facet normal -0.456297 -0.889828 -0
    outer loop
      vertex 25.6392 -4.82323 6
      vertex 25.0696 -4.53116 0
      vertex 25.6392 -4.82323 0
    endloop
  endfacet
  facet normal -0.377429 -0.926038 0
    outer loop
      vertex 25.6392 -4.82323 0
      vertex 25.8152 -4.89499 6
      vertex 25.6392 -4.82323 6
    endloop
  endfacet
  facet normal -0.377429 -0.926038 -0
    outer loop
      vertex 25.8152 -4.89499 6
      vertex 25.6392 -4.82323 0
      vertex 25.8152 -4.89499 0
    endloop
  endfacet
  facet normal -0.322797 -0.946468 0
    outer loop
      vertex 25.8152 -4.89499 0
      vertex 25.9299 -4.93408 6
      vertex 25.8152 -4.89499 6
    endloop
  endfacet
  facet normal -0.322797 -0.946468 -0
    outer loop
      vertex 25.9299 -4.93408 6
      vertex 25.8152 -4.89499 0
      vertex 25.9299 -4.93408 0
    endloop
  endfacet
  facet normal -0.280023 -0.959993 0
    outer loop
      vertex 25.9299 -4.93408 0
      vertex 26.0035 -4.95557 6
      vertex 25.9299 -4.93408 6
    endloop
  endfacet
  facet normal -0.280023 -0.959993 -0
    outer loop
      vertex 26.0035 -4.95557 6
      vertex 25.9299 -4.93408 0
      vertex 26.0035 -4.95557 0
    endloop
  endfacet
  facet normal -0.251167 -0.967944 0
    outer loop
      vertex 26.0035 -4.95557 0
      vertex 26.0888 -4.97769 6
      vertex 26.0035 -4.95557 6
    endloop
  endfacet
  facet normal -0.251167 -0.967944 -0
    outer loop
      vertex 26.0888 -4.97769 6
      vertex 26.0035 -4.95557 0
      vertex 26.0888 -4.97769 0
    endloop
  endfacet
  facet normal -0.21832 -0.975877 0
    outer loop
      vertex 26.0888 -4.97769 0
      vertex 26.1863 -4.99951 6
      vertex 26.0888 -4.97769 6
    endloop
  endfacet
  facet normal -0.21832 -0.975877 -0
    outer loop
      vertex 26.1863 -4.99951 6
      vertex 26.0888 -4.97769 0
      vertex 26.1863 -4.99951 0
    endloop
  endfacet
  facet normal -0.188812 -0.982013 0
    outer loop
      vertex 26.1863 -4.99951 0
      vertex 26.2965 -5.02069 6
      vertex 26.1863 -4.99951 6
    endloop
  endfacet
  facet normal -0.188812 -0.982013 -0
    outer loop
      vertex 26.2965 -5.02069 6
      vertex 26.1863 -4.99951 0
      vertex 26.2965 -5.02069 0
    endloop
  endfacet
  facet normal -0.153781 -0.988105 0
    outer loop
      vertex 26.2965 -5.02069 0
      vertex 26.42 -5.03992 6
      vertex 26.2965 -5.02069 6
    endloop
  endfacet
  facet normal -0.153781 -0.988105 -0
    outer loop
      vertex 26.42 -5.03992 6
      vertex 26.2965 -5.02069 0
      vertex 26.42 -5.03992 0
    endloop
  endfacet
  facet normal -0.123219 -0.99238 0
    outer loop
      vertex 26.42 -5.03992 0
      vertex 26.557 -5.05693 6
      vertex 26.42 -5.03992 6
    endloop
  endfacet
  facet normal -0.123219 -0.99238 -0
    outer loop
      vertex 26.557 -5.05693 6
      vertex 26.42 -5.03992 0
      vertex 26.557 -5.05693 0
    endloop
  endfacet
  facet normal -0.0862958 -0.99627 0
    outer loop
      vertex 26.557 -5.05693 0
      vertex 26.7084 -5.07004 6
      vertex 26.557 -5.05693 6
    endloop
  endfacet
  facet normal -0.0862958 -0.99627 -0
    outer loop
      vertex 26.7084 -5.07004 6
      vertex 26.557 -5.05693 0
      vertex 26.7084 -5.07004 0
    endloop
  endfacet
  facet normal -0.0544044 -0.998519 0
    outer loop
      vertex 26.7084 -5.07004 0
      vertex 26.8739 -5.07906 6
      vertex 26.7084 -5.07004 6
    endloop
  endfacet
  facet normal -0.0544044 -0.998519 -0
    outer loop
      vertex 26.8739 -5.07906 6
      vertex 26.7084 -5.07004 0
      vertex 26.8739 -5.07906 0
    endloop
  endfacet
  facet normal -0.0166644 -0.999861 0
    outer loop
      vertex 26.8739 -5.07906 0
      vertex 27.0542 -5.08206 6
      vertex 26.8739 -5.07906 6
    endloop
  endfacet
  facet normal -0.0166644 -0.999861 -0
    outer loop
      vertex 27.0542 -5.08206 6
      vertex 26.8739 -5.07906 0
      vertex 27.0542 -5.08206 0
    endloop
  endfacet
  facet normal 0.0169043 -0.999857 0
    outer loop
      vertex 27.0542 -5.08206 0
      vertex 27.2492 -5.07877 6
      vertex 27.0542 -5.08206 6
    endloop
  endfacet
  facet normal 0.0169043 -0.999857 0
    outer loop
      vertex 27.2492 -5.07877 6
      vertex 27.0542 -5.08206 0
      vertex 27.2492 -5.07877 0
    endloop
  endfacet
  facet normal 0.0547907 -0.998498 0
    outer loop
      vertex 27.2492 -5.07877 0
      vertex 27.4591 -5.06725 6
      vertex 27.2492 -5.07877 6
    endloop
  endfacet
  facet normal 0.0547907 -0.998498 0
    outer loop
      vertex 27.4591 -5.06725 6
      vertex 27.2492 -5.07877 0
      vertex 27.4591 -5.06725 0
    endloop
  endfacet
  facet normal 0.0898767 -0.995953 0
    outer loop
      vertex 27.4591 -5.06725 0
      vertex 27.6837 -5.04698 6
      vertex 27.4591 -5.06725 6
    endloop
  endfacet
  facet normal 0.0898767 -0.995953 0
    outer loop
      vertex 27.6837 -5.04698 6
      vertex 27.4591 -5.06725 0
      vertex 27.6837 -5.04698 0
    endloop
  endfacet
  facet normal 0.127632 -0.991822 0
    outer loop
      vertex 27.6837 -5.04698 0
      vertex 27.9228 -5.0162 6
      vertex 27.6837 -5.04698 6
    endloop
  endfacet
  facet normal 0.127632 -0.991822 0
    outer loop
      vertex 27.9228 -5.0162 6
      vertex 27.6837 -5.04698 0
      vertex 27.9228 -5.0162 0
    endloop
  endfacet
  facet normal 0.163859 -0.986484 0
    outer loop
      vertex 27.9228 -5.0162 0
      vertex 28.0449 -4.99593 6
      vertex 27.9228 -5.0162 6
    endloop
  endfacet
  facet normal 0.163859 -0.986484 0
    outer loop
      vertex 28.0449 -4.99593 6
      vertex 27.9228 -5.0162 0
      vertex 28.0449 -4.99593 0
    endloop
  endfacet
  facet normal 0.927471 -0.373894 0
    outer loop
      vertex 28.0449 -4.99593 6
      vertex 28.3143 -4.32771 0
      vertex 28.3143 -4.32771 6
    endloop
  endfacet
  facet normal 0.927471 -0.373894 0
    outer loop
      vertex 28.3143 -4.32771 0
      vertex 28.0449 -4.99593 6
      vertex 28.0449 -4.99593 0
    endloop
  endfacet
  facet normal 0.785196 0.619247 0
    outer loop
      vertex 28.3143 -4.32771 6
      vertex 28.221 -4.20938 0
      vertex 28.221 -4.20938 6
    endloop
  endfacet
  facet normal 0.785196 0.619247 0
    outer loop
      vertex 28.221 -4.20938 0
      vertex 28.3143 -4.32771 6
      vertex 28.3143 -4.32771 0
    endloop
  endfacet
  facet normal 0.764861 0.644195 0
    outer loop
      vertex 28.221 -4.20938 6
      vertex 28.0723 -4.03287 0
      vertex 28.0723 -4.03287 6
    endloop
  endfacet
  facet normal 0.764861 0.644195 0
    outer loop
      vertex 28.0723 -4.03287 0
      vertex 28.221 -4.20938 6
      vertex 28.221 -4.20938 0
    endloop
  endfacet
  facet normal 0.742485 0.669862 0
    outer loop
      vertex 28.0723 -4.03287 6
      vertex 27.9258 -3.87047 0
      vertex 27.9258 -3.87047 6
    endloop
  endfacet
  facet normal 0.742485 0.669862 0
    outer loop
      vertex 27.9258 -3.87047 0
      vertex 28.0723 -4.03287 6
      vertex 28.0723 -4.03287 0
    endloop
  endfacet
  facet normal 0.719641 0.694346 0
    outer loop
      vertex 27.9258 -3.87047 6
      vertex 27.7825 -3.722 0
      vertex 27.7825 -3.722 6
    endloop
  endfacet
  facet normal 0.719641 0.694346 0
    outer loop
      vertex 27.7825 -3.722 0
      vertex 27.9258 -3.87047 6
      vertex 27.9258 -3.87047 0
    endloop
  endfacet
  facet normal 0.695052 0.718959 -0
    outer loop
      vertex 27.7825 -3.722 0
      vertex 27.6435 -3.58759 6
      vertex 27.7825 -3.722 6
    endloop
  endfacet
  facet normal 0.695052 0.718959 0
    outer loop
      vertex 27.6435 -3.58759 6
      vertex 27.7825 -3.722 0
      vertex 27.6435 -3.58759 0
    endloop
  endfacet
  facet normal 0.669498 0.742814 -0
    outer loop
      vertex 27.6435 -3.58759 0
      vertex 27.5098 -3.46706 6
      vertex 27.6435 -3.58759 6
    endloop
  endfacet
  facet normal 0.669498 0.742814 0
    outer loop
      vertex 27.5098 -3.46706 6
      vertex 27.6435 -3.58759 0
      vertex 27.5098 -3.46706 0
    endloop
  endfacet
  facet normal 0.64279 0.766043 -0
    outer loop
      vertex 27.5098 -3.46706 0
      vertex 27.3824 -3.36018 6
      vertex 27.5098 -3.46706 6
    endloop
  endfacet
  facet normal 0.64279 0.766043 0
    outer loop
      vertex 27.3824 -3.36018 6
      vertex 27.5098 -3.46706 0
      vertex 27.3824 -3.36018 0
    endloop
  endfacet
  facet normal 0.614524 0.788898 -0
    outer loop
      vertex 27.3824 -3.36018 0
      vertex 27.2624 -3.26672 6
      vertex 27.3824 -3.36018 6
    endloop
  endfacet
  facet normal 0.614524 0.788898 0
    outer loop
      vertex 27.2624 -3.26672 6
      vertex 27.3824 -3.36018 0
      vertex 27.2624 -3.26672 0
    endloop
  endfacet
  facet normal 0.586053 0.810273 -0
    outer loop
      vertex 27.2624 -3.26672 0
      vertex 27.1509 -3.18608 6
      vertex 27.2624 -3.26672 6
    endloop
  endfacet
  facet normal 0.586053 0.810273 0
    outer loop
      vertex 27.1509 -3.18608 6
      vertex 27.2624 -3.26672 0
      vertex 27.1509 -3.18608 0
    endloop
  endfacet
  facet normal 0.555044 0.831821 -0
    outer loop
      vertex 27.1509 -3.18608 0
      vertex 27.0488 -3.11794 6
      vertex 27.1509 -3.18608 6
    endloop
  endfacet
  facet normal 0.555044 0.831821 0
    outer loop
      vertex 27.0488 -3.11794 6
      vertex 27.1509 -3.18608 0
      vertex 27.0488 -3.11794 0
    endloop
  endfacet
  facet normal 0.524974 0.851118 -0
    outer loop
      vertex 27.0488 -3.11794 0
      vertex 26.9571 -3.06137 6
      vertex 27.0488 -3.11794 6
    endloop
  endfacet
  facet normal 0.524974 0.851118 0
    outer loop
      vertex 26.9571 -3.06137 6
      vertex 27.0488 -3.11794 0
      vertex 26.9571 -3.06137 0
    endloop
  endfacet
  facet normal 0.49153 0.870861 -0
    outer loop
      vertex 26.9571 -3.06137 0
      vertex 26.8766 -3.01591 6
      vertex 26.9571 -3.06137 6
    endloop
  endfacet
  facet normal 0.49153 0.870861 0
    outer loop
      vertex 26.8766 -3.01591 6
      vertex 26.9571 -3.06137 0
      vertex 26.8766 -3.01591 0
    endloop
  endfacet
  facet normal 0.459988 0.887925 -0
    outer loop
      vertex 26.8766 -3.01591 0
      vertex 26.8081 -2.98044 6
      vertex 26.8766 -3.01591 6
    endloop
  endfacet
  facet normal 0.459988 0.887925 0
    outer loop
      vertex 26.8081 -2.98044 6
      vertex 26.8766 -3.01591 0
      vertex 26.8081 -2.98044 0
    endloop
  endfacet
  facet normal 0.411011 0.91163 -0
    outer loop
      vertex 26.8081 -2.98044 0
      vertex 26.7097 -2.93607 6
      vertex 26.8081 -2.98044 6
    endloop
  endfacet
  facet normal 0.411011 0.91163 0
    outer loop
      vertex 26.7097 -2.93607 6
      vertex 26.8081 -2.98044 0
      vertex 26.7097 -2.93607 0
    endloop
  endfacet
  facet normal 0.348106 0.937455 -0
    outer loop
      vertex 26.7097 -2.93607 0
      vertex 26.665 -2.91946 6
      vertex 26.7097 -2.93607 6
    endloop
  endfacet
  facet normal 0.348106 0.937455 0
    outer loop
      vertex 26.665 -2.91946 6
      vertex 26.7097 -2.93607 0
      vertex 26.665 -2.91946 0
    endloop
  endfacet
  facet normal 0.298559 0.954391 -0
    outer loop
      vertex 26.665 -2.91946 0
      vertex 26.5276 -2.87648 6
      vertex 26.665 -2.91946 6
    endloop
  endfacet
  facet normal 0.298559 0.954391 0
    outer loop
      vertex 26.5276 -2.87648 6
      vertex 26.665 -2.91946 0
      vertex 26.5276 -2.87648 0
    endloop
  endfacet
  facet normal 0.276287 0.961075 -0
    outer loop
      vertex 26.5276 -2.87648 0
      vertex 25.8064 -2.66916 6
      vertex 26.5276 -2.87648 6
    endloop
  endfacet
  facet normal 0.276287 0.961075 0
    outer loop
      vertex 25.8064 -2.66916 6
      vertex 26.5276 -2.87648 0
      vertex 25.8064 -2.66916 0
    endloop
  endfacet
  facet normal 0.874546 0.484943 0
    outer loop
      vertex 25.8064 -2.66916 6
      vertex 25.713 -2.50078 0
      vertex 25.713 -2.50078 6
    endloop
  endfacet
  facet normal 0.874546 0.484943 0
    outer loop
      vertex 25.713 -2.50078 0
      vertex 25.8064 -2.66916 6
      vertex 25.8064 -2.66916 0
    endloop
  endfacet
  facet normal 0.0970552 0.995279 -0
    outer loop
      vertex 25.713 -2.50078 0
      vertex 25.6884 -2.49838 6
      vertex 25.713 -2.50078 6
    endloop
  endfacet
  facet normal 0.0970552 0.995279 0
    outer loop
      vertex 25.6884 -2.49838 6
      vertex 25.713 -2.50078 0
      vertex 25.6884 -2.49838 0
    endloop
  endfacet
  facet normal 0.972867 -0.231363 0
    outer loop
      vertex 25.6884 -2.49838 6
      vertex 25.9325 -1.47211 0
      vertex 25.9325 -1.47211 6
    endloop
  endfacet
  facet normal 0.972867 -0.231363 0
    outer loop
      vertex 25.9325 -1.47211 0
      vertex 25.6884 -2.49838 6
      vertex 25.6884 -2.49838 0
    endloop
  endfacet
  facet normal 0.996925 -0.0783655 0
    outer loop
      vertex 25.9325 -1.47211 6
      vertex 25.9619 -1.09785 0
      vertex 25.9619 -1.09785 6
    endloop
  endfacet
  facet normal 0.996925 -0.0783655 0
    outer loop
      vertex 25.9619 -1.09785 0
      vertex 25.9325 -1.47211 6
      vertex 25.9325 -1.47211 0
    endloop
  endfacet
  facet normal -0.0419351 -0.99912 0
    outer loop
      vertex 25.9619 -1.09785 0
      vertex 25.9848 -1.09882 6
      vertex 25.9619 -1.09785 6
    endloop
  endfacet
  facet normal -0.0419351 -0.99912 -0
    outer loop
      vertex 25.9848 -1.09882 6
      vertex 25.9619 -1.09785 0
      vertex 25.9848 -1.09882 0
    endloop
  endfacet
  facet normal 0.631034 -0.775755 0
    outer loop
      vertex 25.9848 -1.09882 0
      vertex 26.1342 -0.977325 6
      vertex 25.9848 -1.09882 6
    endloop
  endfacet
  facet normal 0.631034 -0.775755 0
    outer loop
      vertex 26.1342 -0.977325 6
      vertex 25.9848 -1.09882 0
      vertex 26.1342 -0.977325 0
    endloop
  endfacet
  facet normal -0.10265 -0.994717 0
    outer loop
      vertex 26.1342 -0.977325 0
      vertex 26.8524 -1.05144 6
      vertex 26.1342 -0.977325 6
    endloop
  endfacet
  facet normal -0.10265 -0.994717 -0
    outer loop
      vertex 26.8524 -1.05144 6
      vertex 26.1342 -0.977325 0
      vertex 26.8524 -1.05144 0
    endloop
  endfacet
  facet normal -0.065921 -0.997825 0
    outer loop
      vertex 26.8524 -1.05144 0
      vertex 27.023 -1.06271 6
      vertex 26.8524 -1.05144 6
    endloop
  endfacet
  facet normal -0.065921 -0.997825 -0
    outer loop
      vertex 27.023 -1.06271 6
      vertex 26.8524 -1.05144 0
      vertex 27.023 -1.06271 0
    endloop
  endfacet
  facet normal 0.00810647 -0.999967 0
    outer loop
      vertex 27.023 -1.06271 0
      vertex 27.1134 -1.06198 6
      vertex 27.023 -1.06271 6
    endloop
  endfacet
  facet normal 0.00810647 -0.999967 0
    outer loop
      vertex 27.1134 -1.06198 6
      vertex 27.023 -1.06271 0
      vertex 27.1134 -1.06198 0
    endloop
  endfacet
  facet normal 0.0621011 -0.99807 0
    outer loop
      vertex 27.1134 -1.06198 0
      vertex 27.1784 -1.05794 6
      vertex 27.1134 -1.06198 6
    endloop
  endfacet
  facet normal 0.0621011 -0.99807 0
    outer loop
      vertex 27.1784 -1.05794 6
      vertex 27.1134 -1.06198 0
      vertex 27.1784 -1.05794 0
    endloop
  endfacet
  facet normal 0.0928911 -0.995676 0
    outer loop
      vertex 27.1784 -1.05794 0
      vertex 27.2569 -1.05061 6
      vertex 27.1784 -1.05794 6
    endloop
  endfacet
  facet normal 0.0928911 -0.995676 0
    outer loop
      vertex 27.2569 -1.05061 6
      vertex 27.1784 -1.05794 0
      vertex 27.2569 -1.05061 0
    endloop
  endfacet
  facet normal 0.133205 -0.991089 0
    outer loop
      vertex 27.2569 -1.05061 0
      vertex 27.3492 -1.03821 6
      vertex 27.2569 -1.05061 6
    endloop
  endfacet
  facet normal 0.133205 -0.991089 0
    outer loop
      vertex 27.3492 -1.03821 6
      vertex 27.2569 -1.05061 0
      vertex 27.3492 -1.03821 0
    endloop
  endfacet
  facet normal 0.167389 -0.985891 0
    outer loop
      vertex 27.3492 -1.03821 0
      vertex 27.4552 -1.0202 6
      vertex 27.3492 -1.03821 6
    endloop
  endfacet
  facet normal 0.167389 -0.985891 0
    outer loop
      vertex 27.4552 -1.0202 6
      vertex 27.3492 -1.03821 0
      vertex 27.4552 -1.0202 0
    endloop
  endfacet
  facet normal 0.205841 -0.978585 0
    outer loop
      vertex 27.4552 -1.0202 0
      vertex 27.575 -0.99501 6
      vertex 27.4552 -1.0202 6
    endloop
  endfacet
  facet normal 0.205841 -0.978585 0
    outer loop
      vertex 27.575 -0.99501 6
      vertex 27.4552 -1.0202 0
      vertex 27.575 -0.99501 0
    endloop
  endfacet
  facet normal 0.241542 -0.97039 0
    outer loop
      vertex 27.575 -0.99501 0
      vertex 27.7083 -0.961838 6
      vertex 27.575 -0.99501 6
    endloop
  endfacet
  facet normal 0.241542 -0.97039 0
    outer loop
      vertex 27.7083 -0.961838 6
      vertex 27.575 -0.99501 0
      vertex 27.7083 -0.961838 0
    endloop
  endfacet
  facet normal 0.27867 -0.960387 0
    outer loop
      vertex 27.7083 -0.961838 0
      vertex 27.8547 -0.919342 6
      vertex 27.7083 -0.961838 6
    endloop
  endfacet
  facet normal 0.27867 -0.960387 0
    outer loop
      vertex 27.8547 -0.919342 6
      vertex 27.7083 -0.961838 0
      vertex 27.8547 -0.919342 0
    endloop
  endfacet
  facet normal 0.314862 -0.949137 0
    outer loop
      vertex 27.8547 -0.919342 0
      vertex 28.0139 -0.866547 6
      vertex 27.8547 -0.919342 6
    endloop
  endfacet
  facet normal 0.314862 -0.949137 0
    outer loop
      vertex 28.0139 -0.866547 6
      vertex 27.8547 -0.919342 0
      vertex 28.0139 -0.866547 0
    endloop
  endfacet
  facet normal 0.350712 -0.936483 0
    outer loop
      vertex 28.0139 -0.866547 0
      vertex 28.1851 -0.802414 6
      vertex 28.0139 -0.866547 6
    endloop
  endfacet
  facet normal 0.350712 -0.936483 0
    outer loop
      vertex 28.1851 -0.802414 6
      vertex 28.0139 -0.866547 0
      vertex 28.1851 -0.802414 0
    endloop
  endfacet
  facet normal 0.386355 -0.92235 0
    outer loop
      vertex 28.1851 -0.802414 0
      vertex 28.3678 -0.725906 6
      vertex 28.1851 -0.802414 6
    endloop
  endfacet
  facet normal 0.386355 -0.92235 0
    outer loop
      vertex 28.3678 -0.725906 6
      vertex 28.1851 -0.802414 0
      vertex 28.3678 -0.725906 0
    endloop
  endfacet
  facet normal 0.420798 -0.907155 0
    outer loop
      vertex 28.3678 -0.725906 0
      vertex 28.561 -0.636292 6
      vertex 28.3678 -0.725906 6
    endloop
  endfacet
  facet normal 0.420798 -0.907155 0
    outer loop
      vertex 28.561 -0.636292 6
      vertex 28.3678 -0.725906 0
      vertex 28.561 -0.636292 0
    endloop
  endfacet
  facet normal 0.455234 -0.890372 0
    outer loop
      vertex 28.561 -0.636292 0
      vertex 28.7638 -0.532593 6
      vertex 28.561 -0.636292 6
    endloop
  endfacet
  facet normal 0.455234 -0.890372 0
    outer loop
      vertex 28.7638 -0.532593 6
      vertex 28.561 -0.636292 0
      vertex 28.7638 -0.532593 0
    endloop
  endfacet
  facet normal 0.488154 -0.872757 0
    outer loop
      vertex 28.7638 -0.532593 0
      vertex 28.9752 -0.414337 6
      vertex 28.7638 -0.532593 6
    endloop
  endfacet
  facet normal 0.488154 -0.872757 0
    outer loop
      vertex 28.9752 -0.414337 6
      vertex 28.7638 -0.532593 0
      vertex 28.9752 -0.414337 0
    endloop
  endfacet
  facet normal 0.52085 -0.853648 0
    outer loop
      vertex 28.9752 -0.414337 0
      vertex 29.0841 -0.3479 6
      vertex 28.9752 -0.414337 6
    endloop
  endfacet
  facet normal 0.52085 -0.853648 0
    outer loop
      vertex 29.0841 -0.3479 6
      vertex 28.9752 -0.414337 0
      vertex 29.0841 -0.3479 0
    endloop
  endfacet
  facet normal 0.996929 -0.0783114 0
    outer loop
      vertex 29.0841 -0.3479 6
      vertex 29.1114 0 0
      vertex 29.1114 0 6
    endloop
  endfacet
  facet normal 0.996929 -0.0783114 0
    outer loop
      vertex 29.1114 0 0
      vertex 29.0841 -0.3479 6
      vertex 29.0841 -0.3479 0
    endloop
  endfacet
  facet normal 0.996929 0.0783114 0
    outer loop
      vertex 29.1114 0 6
      vertex 29.0841 0.3479 0
      vertex 29.0841 0.3479 6
    endloop
  endfacet
  facet normal 0.996929 0.0783114 0
    outer loop
      vertex 29.0841 0.3479 0
      vertex 29.1114 0 6
      vertex 29.1114 0 0
    endloop
  endfacet
  facet normal 0.52085 0.853648 -0
    outer loop
      vertex 29.0841 0.3479 0
      vertex 28.9752 0.414337 6
      vertex 29.0841 0.3479 6
    endloop
  endfacet
  facet normal 0.52085 0.853648 0
    outer loop
      vertex 28.9752 0.414337 6
      vertex 29.0841 0.3479 0
      vertex 28.9752 0.414337 0
    endloop
  endfacet
  facet normal 0.488154 0.872757 -0
    outer loop
      vertex 28.9752 0.414337 0
      vertex 28.7638 0.532593 6
      vertex 28.9752 0.414337 6
    endloop
  endfacet
  facet normal 0.488154 0.872757 0
    outer loop
      vertex 28.7638 0.532593 6
      vertex 28.9752 0.414337 0
      vertex 28.7638 0.532593 0
    endloop
  endfacet
  facet normal 0.455234 0.890372 -0
    outer loop
      vertex 28.7638 0.532593 0
      vertex 28.561 0.636292 6
      vertex 28.7638 0.532593 6
    endloop
  endfacet
  facet normal 0.455234 0.890372 0
    outer loop
      vertex 28.561 0.636292 6
      vertex 28.7638 0.532593 0
      vertex 28.561 0.636292 0
    endloop
  endfacet
  facet normal 0.420798 0.907155 -0
    outer loop
      vertex 28.561 0.636292 0
      vertex 28.3678 0.725906 6
      vertex 28.561 0.636292 6
    endloop
  endfacet
  facet normal 0.420798 0.907155 0
    outer loop
      vertex 28.3678 0.725906 6
      vertex 28.561 0.636292 0
      vertex 28.3678 0.725906 0
    endloop
  endfacet
  facet normal 0.386355 0.92235 -0
    outer loop
      vertex 28.3678 0.725906 0
      vertex 28.1851 0.802414 6
      vertex 28.3678 0.725906 6
    endloop
  endfacet
  facet normal 0.386355 0.92235 0
    outer loop
      vertex 28.1851 0.802414 6
      vertex 28.3678 0.725906 0
      vertex 28.1851 0.802414 0
    endloop
  endfacet
  facet normal 0.350712 0.936483 -0
    outer loop
      vertex 28.1851 0.802414 0
      vertex 28.0139 0.866547 6
      vertex 28.1851 0.802414 6
    endloop
  endfacet
  facet normal 0.350712 0.936483 0
    outer loop
      vertex 28.0139 0.866547 6
      vertex 28.1851 0.802414 0
      vertex 28.0139 0.866547 0
    endloop
  endfacet
  facet normal 0.314862 0.949137 -0
    outer loop
      vertex 28.0139 0.866547 0
      vertex 27.8547 0.919342 6
      vertex 28.0139 0.866547 6
    endloop
  endfacet
  facet normal 0.314862 0.949137 0
    outer loop
      vertex 27.8547 0.919342 6
      vertex 28.0139 0.866547 0
      vertex 27.8547 0.919342 0
    endloop
  endfacet
  facet normal 0.27867 0.960387 -0
    outer loop
      vertex 27.8547 0.919342 0
      vertex 27.7083 0.961838 6
      vertex 27.8547 0.919342 6
    endloop
  endfacet
  facet normal 0.27867 0.960387 0
    outer loop
      vertex 27.7083 0.961838 6
      vertex 27.8547 0.919342 0
      vertex 27.7083 0.961838 0
    endloop
  endfacet
  facet normal 0.241542 0.97039 -0
    outer loop
      vertex 27.7083 0.961838 0
      vertex 27.575 0.99501 6
      vertex 27.7083 0.961838 6
    endloop
  endfacet
  facet normal 0.241542 0.97039 0
    outer loop
      vertex 27.575 0.99501 6
      vertex 27.7083 0.961838 0
      vertex 27.575 0.99501 0
    endloop
  endfacet
  facet normal 0.205841 0.978585 -0
    outer loop
      vertex 27.575 0.99501 0
      vertex 27.4552 1.0202 6
      vertex 27.575 0.99501 6
    endloop
  endfacet
  facet normal 0.205841 0.978585 0
    outer loop
      vertex 27.4552 1.0202 6
      vertex 27.575 0.99501 0
      vertex 27.4552 1.0202 0
    endloop
  endfacet
  facet normal 0.167389 0.985891 -0
    outer loop
      vertex 27.4552 1.0202 0
      vertex 27.3492 1.03821 6
      vertex 27.4552 1.0202 6
    endloop
  endfacet
  facet normal 0.167389 0.985891 0
    outer loop
      vertex 27.3492 1.03821 6
      vertex 27.4552 1.0202 0
      vertex 27.3492 1.03821 0
    endloop
  endfacet
  facet normal 0.133205 0.991089 -0
    outer loop
      vertex 27.3492 1.03821 0
      vertex 27.2569 1.05061 6
      vertex 27.3492 1.03821 6
    endloop
  endfacet
  facet normal 0.133205 0.991089 0
    outer loop
      vertex 27.2569 1.05061 6
      vertex 27.3492 1.03821 0
      vertex 27.2569 1.05061 0
    endloop
  endfacet
  facet normal 0.0928911 0.995676 -0
    outer loop
      vertex 27.2569 1.05061 0
      vertex 27.1784 1.05794 6
      vertex 27.2569 1.05061 6
    endloop
  endfacet
  facet normal 0.0928911 0.995676 0
    outer loop
      vertex 27.1784 1.05794 6
      vertex 27.2569 1.05061 0
      vertex 27.1784 1.05794 0
    endloop
  endfacet
  facet normal 0.0621011 0.99807 -0
    outer loop
      vertex 27.1784 1.05794 0
      vertex 27.1134 1.06198 6
      vertex 27.1784 1.05794 6
    endloop
  endfacet
  facet normal 0.0621011 0.99807 0
    outer loop
      vertex 27.1134 1.06198 6
      vertex 27.1784 1.05794 0
      vertex 27.1134 1.06198 0
    endloop
  endfacet
  facet normal 0.00810647 0.999967 -0
    outer loop
      vertex 27.1134 1.06198 0
      vertex 27.023 1.06271 6
      vertex 27.1134 1.06198 6
    endloop
  endfacet
  facet normal 0.00810647 0.999967 0
    outer loop
      vertex 27.023 1.06271 6
      vertex 27.1134 1.06198 0
      vertex 27.023 1.06271 0
    endloop
  endfacet
  facet normal -0.065921 0.997825 0
    outer loop
      vertex 27.023 1.06271 0
      vertex 26.8524 1.05144 6
      vertex 27.023 1.06271 6
    endloop
  endfacet
  facet normal -0.065921 0.997825 0
    outer loop
      vertex 26.8524 1.05144 6
      vertex 27.023 1.06271 0
      vertex 26.8524 1.05144 0
    endloop
  endfacet
  facet normal -0.10265 0.994717 0
    outer loop
      vertex 26.8524 1.05144 0
      vertex 26.1342 0.977325 6
      vertex 26.8524 1.05144 6
    endloop
  endfacet
  facet normal -0.10265 0.994717 0
    outer loop
      vertex 26.1342 0.977325 6
      vertex 26.8524 1.05144 0
      vertex 26.1342 0.977325 0
    endloop
  endfacet
  facet normal 0.631034 0.775755 -0
    outer loop
      vertex 26.1342 0.977325 0
      vertex 25.9848 1.09882 6
      vertex 26.1342 0.977325 6
    endloop
  endfacet
  facet normal 0.631034 0.775755 0
    outer loop
      vertex 25.9848 1.09882 6
      vertex 26.1342 0.977325 0
      vertex 25.9848 1.09882 0
    endloop
  endfacet
  facet normal -0.0419351 0.99912 0
    outer loop
      vertex 25.9848 1.09882 0
      vertex 25.9619 1.09785 6
      vertex 25.9848 1.09882 6
    endloop
  endfacet
  facet normal -0.0419351 0.99912 0
    outer loop
      vertex 25.9619 1.09785 6
      vertex 25.9848 1.09882 0
      vertex 25.9619 1.09785 0
    endloop
  endfacet
  facet normal 0.996925 0.0783655 0
    outer loop
      vertex 25.9619 1.09785 6
      vertex 25.9325 1.47211 0
      vertex 25.9325 1.47211 6
    endloop
  endfacet
  facet normal 0.996925 0.0783655 0
    outer loop
      vertex 25.9325 1.47211 0
      vertex 25.9619 1.09785 6
      vertex 25.9619 1.09785 0
    endloop
  endfacet
  facet normal 0.972867 0.231363 0
    outer loop
      vertex 25.9325 1.47211 6
      vertex 25.6884 2.49838 0
      vertex 25.6884 2.49838 6
    endloop
  endfacet
  facet normal 0.972867 0.231363 0
    outer loop
      vertex 25.6884 2.49838 0
      vertex 25.9325 1.47211 6
      vertex 25.9325 1.47211 0
    endloop
  endfacet
  facet normal 0.0970552 -0.995279 0
    outer loop
      vertex 25.6884 2.49838 0
      vertex 25.713 2.50078 6
      vertex 25.6884 2.49838 6
    endloop
  endfacet
  facet normal 0.0970552 -0.995279 0
    outer loop
      vertex 25.713 2.50078 6
      vertex 25.6884 2.49838 0
      vertex 25.713 2.50078 0
    endloop
  endfacet
  facet normal 0.874546 -0.484943 0
    outer loop
      vertex 25.713 2.50078 6
      vertex 25.8064 2.66916 0
      vertex 25.8064 2.66916 6
    endloop
  endfacet
  facet normal 0.874546 -0.484943 0
    outer loop
      vertex 25.8064 2.66916 0
      vertex 25.713 2.50078 6
      vertex 25.713 2.50078 0
    endloop
  endfacet
  facet normal 0.276287 -0.961075 0
    outer loop
      vertex 25.8064 2.66916 0
      vertex 26.5276 2.87648 6
      vertex 25.8064 2.66916 6
    endloop
  endfacet
  facet normal 0.276287 -0.961075 0
    outer loop
      vertex 26.5276 2.87648 6
      vertex 25.8064 2.66916 0
      vertex 26.5276 2.87648 0
    endloop
  endfacet
  facet normal 0.302063 -0.953288 0
    outer loop
      vertex 26.5276 2.87648 0
      vertex 26.6807 2.92502 6
      vertex 26.5276 2.87648 6
    endloop
  endfacet
  facet normal 0.302063 -0.953288 0
    outer loop
      vertex 26.6807 2.92502 6
      vertex 26.5276 2.87648 0
      vertex 26.6807 2.92502 0
    endloop
  endfacet
  facet normal 0.378225 -0.925714 0
    outer loop
      vertex 26.6807 2.92502 0
      vertex 26.7523 2.95424 6
      vertex 26.6807 2.92502 6
    endloop
  endfacet
  facet normal 0.378225 -0.925714 0
    outer loop
      vertex 26.7523 2.95424 6
      vertex 26.6807 2.92502 0
      vertex 26.7523 2.95424 0
    endloop
  endfacet
  facet normal 0.424808 -0.905284 0
    outer loop
      vertex 26.7523 2.95424 0
      vertex 26.8081 2.98044 6
      vertex 26.7523 2.95424 6
    endloop
  endfacet
  facet normal 0.424808 -0.905284 0
    outer loop
      vertex 26.8081 2.98044 6
      vertex 26.7523 2.95424 0
      vertex 26.8081 2.98044 0
    endloop
  endfacet
  facet normal 0.459988 -0.887925 0
    outer loop
      vertex 26.8081 2.98044 0
      vertex 26.8766 3.01591 6
      vertex 26.8081 2.98044 6
    endloop
  endfacet
  facet normal 0.459988 -0.887925 0
    outer loop
      vertex 26.8766 3.01591 6
      vertex 26.8081 2.98044 0
      vertex 26.8766 3.01591 0
    endloop
  endfacet
  facet normal 0.49153 -0.870861 0
    outer loop
      vertex 26.8766 3.01591 0
      vertex 26.9571 3.06137 6
      vertex 26.8766 3.01591 6
    endloop
  endfacet
  facet normal 0.49153 -0.870861 0
    outer loop
      vertex 26.9571 3.06137 6
      vertex 26.8766 3.01591 0
      vertex 26.9571 3.06137 0
    endloop
  endfacet
  facet normal 0.524974 -0.851118 0
    outer loop
      vertex 26.9571 3.06137 0
      vertex 27.0488 3.11794 6
      vertex 26.9571 3.06137 6
    endloop
  endfacet
  facet normal 0.524974 -0.851118 0
    outer loop
      vertex 27.0488 3.11794 6
      vertex 26.9571 3.06137 0
      vertex 27.0488 3.11794 0
    endloop
  endfacet
  facet normal 0.555044 -0.831821 0
    outer loop
      vertex 27.0488 3.11794 0
      vertex 27.1509 3.18608 6
      vertex 27.0488 3.11794 6
    endloop
  endfacet
  facet normal 0.555044 -0.831821 0
    outer loop
      vertex 27.1509 3.18608 6
      vertex 27.0488 3.11794 0
      vertex 27.1509 3.18608 0
    endloop
  endfacet
  facet normal 0.586053 -0.810273 0
    outer loop
      vertex 27.1509 3.18608 0
      vertex 27.2624 3.26672 6
      vertex 27.1509 3.18608 6
    endloop
  endfacet
  facet normal 0.586053 -0.810273 0
    outer loop
      vertex 27.2624 3.26672 6
      vertex 27.1509 3.18608 0
      vertex 27.2624 3.26672 0
    endloop
  endfacet
  facet normal 0.614524 -0.788898 0
    outer loop
      vertex 27.2624 3.26672 0
      vertex 27.3824 3.36018 6
      vertex 27.2624 3.26672 6
    endloop
  endfacet
  facet normal 0.614524 -0.788898 0
    outer loop
      vertex 27.3824 3.36018 6
      vertex 27.2624 3.26672 0
      vertex 27.3824 3.36018 0
    endloop
  endfacet
  facet normal 0.64279 -0.766043 0
    outer loop
      vertex 27.3824 3.36018 0
      vertex 27.5098 3.46706 6
      vertex 27.3824 3.36018 6
    endloop
  endfacet
  facet normal 0.64279 -0.766043 0
    outer loop
      vertex 27.5098 3.46706 6
      vertex 27.3824 3.36018 0
      vertex 27.5098 3.46706 0
    endloop
  endfacet
  facet normal 0.669498 -0.742814 0
    outer loop
      vertex 27.5098 3.46706 0
      vertex 27.6435 3.58759 6
      vertex 27.5098 3.46706 6
    endloop
  endfacet
  facet normal 0.669498 -0.742814 0
    outer loop
      vertex 27.6435 3.58759 6
      vertex 27.5098 3.46706 0
      vertex 27.6435 3.58759 0
    endloop
  endfacet
  facet normal 0.695052 -0.718959 0
    outer loop
      vertex 27.6435 3.58759 0
      vertex 27.7825 3.722 6
      vertex 27.6435 3.58759 6
    endloop
  endfacet
  facet normal 0.695052 -0.718959 0
    outer loop
      vertex 27.7825 3.722 6
      vertex 27.6435 3.58759 0
      vertex 27.7825 3.722 0
    endloop
  endfacet
  facet normal 0.719641 -0.694346 0
    outer loop
      vertex 27.7825 3.722 6
      vertex 27.9258 3.87047 0
      vertex 27.9258 3.87047 6
    endloop
  endfacet
  facet normal 0.719641 -0.694346 0
    outer loop
      vertex 27.9258 3.87047 0
      vertex 27.7825 3.722 6
      vertex 27.7825 3.722 0
    endloop
  endfacet
  facet normal 0.742485 -0.669862 0
    outer loop
      vertex 27.9258 3.87047 6
      vertex 28.0723 4.03287 0
      vertex 28.0723 4.03287 6
    endloop
  endfacet
  facet normal 0.742485 -0.669862 0
    outer loop
      vertex 28.0723 4.03287 0
      vertex 27.9258 3.87047 6
      vertex 27.9258 3.87047 0
    endloop
  endfacet
  facet normal 0.764861 -0.644195 0
    outer loop
      vertex 28.0723 4.03287 6
      vertex 28.221 4.20938 0
      vertex 28.221 4.20938 6
    endloop
  endfacet
  facet normal 0.764861 -0.644195 0
    outer loop
      vertex 28.221 4.20938 0
      vertex 28.0723 4.03287 6
      vertex 28.0723 4.03287 0
    endloop
  endfacet
  facet normal 0.785196 -0.619247 0
    outer loop
      vertex 28.221 4.20938 6
      vertex 28.3143 4.32771 0
      vertex 28.3143 4.32771 6
    endloop
  endfacet
  facet normal 0.785196 -0.619247 0
    outer loop
      vertex 28.3143 4.32771 0
      vertex 28.221 4.20938 6
      vertex 28.221 4.20938 0
    endloop
  endfacet
  facet normal 0.927471 0.373894 0
    outer loop
      vertex 28.3143 4.32771 6
      vertex 28.0449 4.99593 0
      vertex 28.0449 4.99593 6
    endloop
  endfacet
  facet normal 0.927471 0.373894 0
    outer loop
      vertex 28.0449 4.99593 0
      vertex 28.3143 4.32771 6
      vertex 28.3143 4.32771 0
    endloop
  endfacet
  facet normal 0.163859 0.986484 -0
    outer loop
      vertex 28.0449 4.99593 0
      vertex 27.9228 5.0162 6
      vertex 28.0449 4.99593 6
    endloop
  endfacet
  facet normal 0.163859 0.986484 0
    outer loop
      vertex 27.9228 5.0162 6
      vertex 28.0449 4.99593 0
      vertex 27.9228 5.0162 0
    endloop
  endfacet
  facet normal 0.127632 0.991822 -0
    outer loop
      vertex 27.9228 5.0162 0
      vertex 27.6837 5.04698 6
      vertex 27.9228 5.0162 6
    endloop
  endfacet
  facet normal 0.127632 0.991822 0
    outer loop
      vertex 27.6837 5.04698 6
      vertex 27.9228 5.0162 0
      vertex 27.6837 5.04698 0
    endloop
  endfacet
  facet normal 0.0898767 0.995953 -0
    outer loop
      vertex 27.6837 5.04698 0
      vertex 27.4591 5.06725 6
      vertex 27.6837 5.04698 6
    endloop
  endfacet
  facet normal 0.0898767 0.995953 0
    outer loop
      vertex 27.4591 5.06725 6
      vertex 27.6837 5.04698 0
      vertex 27.4591 5.06725 0
    endloop
  endfacet
  facet normal 0.0547907 0.998498 -0
    outer loop
      vertex 27.4591 5.06725 0
      vertex 27.2492 5.07877 6
      vertex 27.4591 5.06725 6
    endloop
  endfacet
  facet normal 0.0547907 0.998498 0
    outer loop
      vertex 27.2492 5.07877 6
      vertex 27.4591 5.06725 0
      vertex 27.2492 5.07877 0
    endloop
  endfacet
  facet normal 0.0169043 0.999857 -0
    outer loop
      vertex 27.2492 5.07877 0
      vertex 27.0542 5.08206 6
      vertex 27.2492 5.07877 6
    endloop
  endfacet
  facet normal 0.0169043 0.999857 0
    outer loop
      vertex 27.0542 5.08206 6
      vertex 27.2492 5.07877 0
      vertex 27.0542 5.08206 0
    endloop
  endfacet
  facet normal -0.0166644 0.999861 0
    outer loop
      vertex 27.0542 5.08206 0
      vertex 26.8739 5.07906 6
      vertex 27.0542 5.08206 6
    endloop
  endfacet
  facet normal -0.0166644 0.999861 0
    outer loop
      vertex 26.8739 5.07906 6
      vertex 27.0542 5.08206 0
      vertex 26.8739 5.07906 0
    endloop
  endfacet
  facet normal -0.0544044 0.998519 0
    outer loop
      vertex 26.8739 5.07906 0
      vertex 26.7084 5.07004 6
      vertex 26.8739 5.07906 6
    endloop
  endfacet
  facet normal -0.0544044 0.998519 0
    outer loop
      vertex 26.7084 5.07004 6
      vertex 26.8739 5.07906 0
      vertex 26.7084 5.07004 0
    endloop
  endfacet
  facet normal -0.0862958 0.99627 0
    outer loop
      vertex 26.7084 5.07004 0
      vertex 26.557 5.05693 6
      vertex 26.7084 5.07004 6
    endloop
  endfacet
  facet normal -0.0862958 0.99627 0
    outer loop
      vertex 26.557 5.05693 6
      vertex 26.7084 5.07004 0
      vertex 26.557 5.05693 0
    endloop
  endfacet
  facet normal -0.123219 0.99238 0
    outer loop
      vertex 26.557 5.05693 0
      vertex 26.42 5.03992 6
      vertex 26.557 5.05693 6
    endloop
  endfacet
  facet normal -0.123219 0.99238 0
    outer loop
      vertex 26.42 5.03992 6
      vertex 26.557 5.05693 0
      vertex 26.42 5.03992 0
    endloop
  endfacet
  facet normal -0.153781 0.988105 0
    outer loop
      vertex 26.42 5.03992 0
      vertex 26.2965 5.02069 6
      vertex 26.42 5.03992 6
    endloop
  endfacet
  facet normal -0.153781 0.988105 0
    outer loop
      vertex 26.2965 5.02069 6
      vertex 26.42 5.03992 0
      vertex 26.2965 5.02069 0
    endloop
  endfacet
  facet normal -0.188812 0.982013 0
    outer loop
      vertex 26.2965 5.02069 0
      vertex 26.1863 4.99951 6
      vertex 26.2965 5.02069 6
    endloop
  endfacet
  facet normal -0.188812 0.982013 0
    outer loop
      vertex 26.1863 4.99951 6
      vertex 26.2965 5.02069 0
      vertex 26.1863 4.99951 0
    endloop
  endfacet
  facet normal -0.21832 0.975877 0
    outer loop
      vertex 26.1863 4.99951 0
      vertex 26.0888 4.97769 6
      vertex 26.1863 4.99951 6
    endloop
  endfacet
  facet normal -0.21832 0.975877 0
    outer loop
      vertex 26.0888 4.97769 6
      vertex 26.1863 4.99951 0
      vertex 26.0888 4.97769 0
    endloop
  endfacet
  facet normal -0.251167 0.967944 0
    outer loop
      vertex 26.0888 4.97769 0
      vertex 26.0035 4.95557 6
      vertex 26.0888 4.97769 6
    endloop
  endfacet
  facet normal -0.251167 0.967944 0
    outer loop
      vertex 26.0035 4.95557 6
      vertex 26.0888 4.97769 0
      vertex 26.0035 4.95557 0
    endloop
  endfacet
  facet normal -0.280023 0.959993 0
    outer loop
      vertex 26.0035 4.95557 0
      vertex 25.9299 4.93408 6
      vertex 26.0035 4.95557 6
    endloop
  endfacet
  facet normal -0.280023 0.959993 0
    outer loop
      vertex 25.9299 4.93408 6
      vertex 26.0035 4.95557 0
      vertex 25.9299 4.93408 0
    endloop
  endfacet
  facet normal -0.322797 0.946468 0
    outer loop
      vertex 25.9299 4.93408 0
      vertex 25.8152 4.89499 6
      vertex 25.9299 4.93408 6
    endloop
  endfacet
  facet normal -0.322797 0.946468 0
    outer loop
      vertex 25.8152 4.89499 6
      vertex 25.9299 4.93408 0
      vertex 25.8152 4.89499 0
    endloop
  endfacet
  facet normal -0.377429 0.926038 0
    outer loop
      vertex 25.8152 4.89499 0
      vertex 25.6392 4.82323 6
      vertex 25.8152 4.89499 6
    endloop
  endfacet
  facet normal -0.377429 0.926038 0
    outer loop
      vertex 25.6392 4.82323 6
      vertex 25.8152 4.89499 0
      vertex 25.6392 4.82323 0
    endloop
  endfacet
  facet normal -0.456297 0.889828 0
    outer loop
      vertex 25.6392 4.82323 0
      vertex 25.0696 4.53116 6
      vertex 25.6392 4.82323 6
    endloop
  endfacet
  facet normal -0.456297 0.889828 0
    outer loop
      vertex 25.0696 4.53116 6
      vertex 25.6392 4.82323 0
      vertex 25.0696 4.53116 0
    endloop
  endfacet
  facet normal 0.308609 0.951189 -0
    outer loop
      vertex 25.0696 4.53116 0
      vertex 24.8865 4.59058 6
      vertex 25.0696 4.53116 6
    endloop
  endfacet
  facet normal 0.308609 0.951189 0
    outer loop
      vertex 24.8865 4.59058 6
      vertex 25.0696 4.53116 0
      vertex 24.8865 4.59058 0
    endloop
  endfacet
  facet normal -0.181285 0.983431 0
    outer loop
      vertex 24.8865 4.59058 0
      vertex 24.8678 4.58713 6
      vertex 24.8865 4.59058 6
    endloop
  endfacet
  facet normal -0.181285 0.983431 0
    outer loop
      vertex 24.8678 4.58713 6
      vertex 24.8865 4.59058 0
      vertex 24.8678 4.58713 0
    endloop
  endfacet
  facet normal 0.865034 0.501714 0
    outer loop
      vertex 24.8678 4.58713 6
      vertex 24.2578 5.63873 0
      vertex 24.2578 5.63873 6
    endloop
  endfacet
  facet normal 0.865034 0.501714 0
    outer loop
      vertex 24.2578 5.63873 0
      vertex 24.8678 4.58713 6
      vertex 24.8678 4.58713 0
    endloop
  endfacet
  facet normal 0.790843 0.612019 0
    outer loop
      vertex 24.2578 5.63873 6
      vertex 24.136 5.79623 0
      vertex 24.136 5.79623 6
    endloop
  endfacet
  facet normal 0.790843 0.612019 0
    outer loop
      vertex 24.136 5.79623 0
      vertex 24.2578 5.63873 6
      vertex 24.2578 5.63873 0
    endloop
  endfacet
  facet normal 0.233909 -0.972258 0
    outer loop
      vertex 24.136 5.79623 0
      vertex 24.1485 5.79926 6
      vertex 24.136 5.79623 6
    endloop
  endfacet
  facet normal 0.233909 -0.972258 0
    outer loop
      vertex 24.1485 5.79926 6
      vertex 24.136 5.79623 0
      vertex 24.1485 5.79926 0
    endloop
  endfacet
  facet normal 0.98665 -0.162857 0
    outer loop
      vertex 24.1485 5.79926 6
      vertex 24.1799 5.98923 0
      vertex 24.1799 5.98923 6
    endloop
  endfacet
  facet normal 0.98665 -0.162857 0
    outer loop
      vertex 24.1799 5.98923 0
      vertex 24.1485 5.79926 6
      vertex 24.1485 5.79926 0
    endloop
  endfacet
  facet normal 0.58394 -0.811797 0
    outer loop
      vertex 24.1799 5.98923 0
      vertex 24.7461 6.3965 6
      vertex 24.1799 5.98923 6
    endloop
  endfacet
  facet normal 0.58394 -0.811797 0
    outer loop
      vertex 24.7461 6.3965 6
      vertex 24.1799 5.98923 0
      vertex 24.7461 6.3965 0
    endloop
  endfacet
  facet normal 0.633877 -0.773434 0
    outer loop
      vertex 24.7461 6.3965 0
      vertex 24.8766 6.50351 6
      vertex 24.7461 6.3965 6
    endloop
  endfacet
  facet normal 0.633877 -0.773434 0
    outer loop
      vertex 24.8766 6.50351 6
      vertex 24.7461 6.3965 0
      vertex 24.8766 6.50351 0
    endloop
  endfacet
  facet normal 0.688385 -0.725346 0
    outer loop
      vertex 24.8766 6.50351 0
      vertex 24.9452 6.56859 6
      vertex 24.8766 6.50351 6
    endloop
  endfacet
  facet normal 0.688385 -0.725346 0
    outer loop
      vertex 24.9452 6.56859 6
      vertex 24.8766 6.50351 0
      vertex 24.9452 6.56859 0
    endloop
  endfacet
  facet normal 0.722533 -0.691337 0
    outer loop
      vertex 24.9452 6.56859 6
      vertex 24.9936 6.61913 0
      vertex 24.9936 6.61913 6
    endloop
  endfacet
  facet normal 0.722533 -0.691337 0
    outer loop
      vertex 24.9936 6.61913 0
      vertex 24.9452 6.56859 6
      vertex 24.9452 6.56859 0
    endloop
  endfacet
  facet normal 0.745524 -0.666478 0
    outer loop
      vertex 24.9936 6.61913 6
      vertex 25.0499 6.68216 0
      vertex 25.0499 6.68216 6
    endloop
  endfacet
  facet normal 0.745524 -0.666478 0
    outer loop
      vertex 25.0499 6.68216 0
      vertex 24.9936 6.61913 6
      vertex 24.9936 6.61913 0
    endloop
  endfacet
  facet normal 0.76741 -0.641157 0
    outer loop
      vertex 25.0499 6.68216 6
      vertex 25.1132 6.75793 0
      vertex 25.1132 6.75793 6
    endloop
  endfacet
  facet normal 0.76741 -0.641157 0
    outer loop
      vertex 25.1132 6.75793 0
      vertex 25.0499 6.68216 6
      vertex 25.0499 6.68216 0
    endloop
  endfacet
  facet normal 0.787508 -0.616305 0
    outer loop
      vertex 25.1132 6.75793 6
      vertex 25.1825 6.84651 0
      vertex 25.1825 6.84651 6
    endloop
  endfacet
  facet normal 0.787508 -0.616305 0
    outer loop
      vertex 25.1825 6.84651 0
      vertex 25.1132 6.75793 6
      vertex 25.1132 6.75793 0
    endloop
  endfacet
  facet normal 0.807418 -0.58998 0
    outer loop
      vertex 25.1825 6.84651 6
      vertex 25.2568 6.9481 0
      vertex 25.2568 6.9481 6
    endloop
  endfacet
  facet normal 0.807418 -0.58998 0
    outer loop
      vertex 25.2568 6.9481 0
      vertex 25.1825 6.84651 6
      vertex 25.1825 6.84651 0
    endloop
  endfacet
  facet normal 0.825197 -0.564846 0
    outer loop
      vertex 25.2568 6.9481 6
      vertex 25.3351 7.06248 0
      vertex 25.3351 7.06248 6
    endloop
  endfacet
  facet normal 0.825197 -0.564846 0
    outer loop
      vertex 25.3351 7.06248 0
      vertex 25.2568 6.9481 6
      vertex 25.2568 6.9481 0
    endloop
  endfacet
  facet normal 0.842678 -0.538417 0
    outer loop
      vertex 25.3351 7.06248 6
      vertex 25.4164 7.18977 0
      vertex 25.4164 7.18977 6
    endloop
  endfacet
  facet normal 0.842678 -0.538417 0
    outer loop
      vertex 25.4164 7.18977 0
      vertex 25.3351 7.06248 6
      vertex 25.3351 7.06248 0
    endloop
  endfacet
  facet normal 0.858475 -0.512856 0
    outer loop
      vertex 25.4164 7.18977 6
      vertex 25.5 7.32967 0
      vertex 25.5 7.32967 6
    endloop
  endfacet
  facet normal 0.858475 -0.512856 0
    outer loop
      vertex 25.5 7.32967 0
      vertex 25.4164 7.18977 6
      vertex 25.4164 7.18977 0
    endloop
  endfacet
  facet normal 0.873501 -0.486823 0
    outer loop
      vertex 25.5 7.32967 6
      vertex 25.5849 7.48206 0
      vertex 25.5849 7.48206 6
    endloop
  endfacet
  facet normal 0.873501 -0.486823 0
    outer loop
      vertex 25.5849 7.48206 0
      vertex 25.5 7.32967 6
      vertex 25.5 7.32967 0
    endloop
  endfacet
  facet normal 0.88753 -0.460749 0
    outer loop
      vertex 25.5849 7.48206 6
      vertex 25.6704 7.64671 0
      vertex 25.6704 7.64671 6
    endloop
  endfacet
  facet normal 0.88753 -0.460749 0
    outer loop
      vertex 25.6704 7.64671 0
      vertex 25.5849 7.48206 6
      vertex 25.5849 7.48206 0
    endloop
  endfacet
  facet normal 0.900111 -0.435661 0
    outer loop
      vertex 25.6704 7.64671 6
      vertex 25.7558 7.82323 0
      vertex 25.7558 7.82323 6
    endloop
  endfacet
  facet normal 0.900111 -0.435661 0
    outer loop
      vertex 25.7558 7.82323 0
      vertex 25.6704 7.64671 6
      vertex 25.6704 7.64671 0
    endloop
  endfacet
  facet normal 0.912601 -0.408852 0
    outer loop
      vertex 25.7558 7.82323 6
      vertex 25.8402 8.01164 0
      vertex 25.8402 8.01164 6
    endloop
  endfacet
  facet normal 0.912601 -0.408852 0
    outer loop
      vertex 25.8402 8.01164 0
      vertex 25.7558 7.82323 6
      vertex 25.7558 7.82323 0
    endloop
  endfacet
  facet normal 0.922851 -0.385157 0
    outer loop
      vertex 25.8402 8.01164 6
      vertex 25.9234 8.21104 0
      vertex 25.9234 8.21104 6
    endloop
  endfacet
  facet normal 0.922851 -0.385157 0
    outer loop
      vertex 25.9234 8.21104 0
      vertex 25.8402 8.01164 6
      vertex 25.8402 8.01164 0
    endloop
  endfacet
  facet normal 0.933974 -0.357342 0
    outer loop
      vertex 25.9234 8.21104 6
      vertex 25.9926 8.39191 0
      vertex 25.9926 8.39191 6
    endloop
  endfacet
  facet normal 0.933974 -0.357342 0
    outer loop
      vertex 25.9926 8.39191 0
      vertex 25.9234 8.21104 6
      vertex 25.9234 8.21104 0
    endloop
  endfacet
  facet normal 0.790956 0.611873 0
    outer loop
      vertex 25.9926 8.39191 6
      vertex 25.6087 8.88826 0
      vertex 25.6087 8.88826 6
    endloop
  endfacet
  facet normal 0.790956 0.611873 0
    outer loop
      vertex 25.6087 8.88826 0
      vertex 25.9926 8.39191 6
      vertex 25.9926 8.39191 0
    endloop
  endfacet
  facet normal 0.709678 0.704526 0
    outer loop
      vertex 25.6087 8.88826 6
      vertex 25.5315 8.96602 0
      vertex 25.5315 8.96602 6
    endloop
  endfacet
  facet normal 0.709678 0.704526 0
    outer loop
      vertex 25.5315 8.96602 0
      vertex 25.6087 8.88826 6
      vertex 25.6087 8.88826 0
    endloop
  endfacet
  facet normal -0.191987 0.981397 0
    outer loop
      vertex 25.5315 8.96602 0
      vertex 25.341 8.92876 6
      vertex 25.5315 8.96602 6
    endloop
  endfacet
  facet normal -0.191987 0.981397 0
    outer loop
      vertex 25.341 8.92876 6
      vertex 25.5315 8.96602 0
      vertex 25.341 8.92876 0
    endloop
  endfacet
  facet normal -0.222571 0.974917 0
    outer loop
      vertex 25.341 8.92876 0
      vertex 25.1183 8.87791 6
      vertex 25.341 8.92876 6
    endloop
  endfacet
  facet normal -0.222571 0.974917 0
    outer loop
      vertex 25.1183 8.87791 6
      vertex 25.341 8.92876 0
      vertex 25.1183 8.87791 0
    endloop
  endfacet
  facet normal -0.254518 0.967068 0
    outer loop
      vertex 25.1183 8.87791 0
      vertex 24.9111 8.82339 6
      vertex 25.1183 8.87791 6
    endloop
  endfacet
  facet normal -0.254518 0.967068 0
    outer loop
      vertex 24.9111 8.82339 6
      vertex 25.1183 8.87791 0
      vertex 24.9111 8.82339 0
    endloop
  endfacet
  facet normal -0.284039 0.958813 0
    outer loop
      vertex 24.9111 8.82339 0
      vertex 24.7188 8.7664 6
      vertex 24.9111 8.82339 6
    endloop
  endfacet
  facet normal -0.284039 0.958813 0
    outer loop
      vertex 24.7188 8.7664 6
      vertex 24.9111 8.82339 0
      vertex 24.7188 8.7664 0
    endloop
  endfacet
  facet normal -0.313638 0.949543 0
    outer loop
      vertex 24.7188 8.7664 0
      vertex 24.5408 8.70761 6
      vertex 24.7188 8.7664 6
    endloop
  endfacet
  facet normal -0.313638 0.949543 0
    outer loop
      vertex 24.5408 8.70761 6
      vertex 24.7188 8.7664 0
      vertex 24.5408 8.70761 0
    endloop
  endfacet
  facet normal -0.342304 0.939589 0
    outer loop
      vertex 24.5408 8.70761 0
      vertex 24.3766 8.6478 6
      vertex 24.5408 8.70761 6
    endloop
  endfacet
  facet normal -0.342304 0.939589 0
    outer loop
      vertex 24.3766 8.6478 6
      vertex 24.5408 8.70761 0
      vertex 24.3766 8.6478 0
    endloop
  endfacet
  facet normal -0.369463 0.929245 0
    outer loop
      vertex 24.3766 8.6478 0
      vertex 24.2256 8.58775 6
      vertex 24.3766 8.6478 6
    endloop
  endfacet
  facet normal -0.369463 0.929245 0
    outer loop
      vertex 24.2256 8.58775 6
      vertex 24.3766 8.6478 0
      vertex 24.2256 8.58775 0
    endloop
  endfacet
  facet normal -0.397144 0.917756 0
    outer loop
      vertex 24.2256 8.58775 0
      vertex 24.0873 8.52792 6
      vertex 24.2256 8.58775 6
    endloop
  endfacet
  facet normal -0.397144 0.917756 0
    outer loop
      vertex 24.0873 8.52792 6
      vertex 24.2256 8.58775 0
      vertex 24.0873 8.52792 0
    endloop
  endfacet
  facet normal -0.422112 0.906544 0
    outer loop
      vertex 24.0873 8.52792 0
      vertex 23.961 8.46912 6
      vertex 24.0873 8.52792 6
    endloop
  endfacet
  facet normal -0.422112 0.906544 0
    outer loop
      vertex 23.961 8.46912 6
      vertex 24.0873 8.52792 0
      vertex 23.961 8.46912 0
    endloop
  endfacet
  facet normal -0.448498 0.893784 0
    outer loop
      vertex 23.961 8.46912 0
      vertex 23.8463 8.41158 6
      vertex 23.961 8.46912 6
    endloop
  endfacet
  facet normal -0.448498 0.893784 0
    outer loop
      vertex 23.8463 8.41158 6
      vertex 23.961 8.46912 0
      vertex 23.8463 8.41158 0
    endloop
  endfacet
  facet normal -0.471758 0.881728 0
    outer loop
      vertex 23.8463 8.41158 0
      vertex 23.7425 8.356 6
      vertex 23.8463 8.41158 6
    endloop
  endfacet
  facet normal -0.471758 0.881728 0
    outer loop
      vertex 23.7425 8.356 6
      vertex 23.8463 8.41158 0
      vertex 23.7425 8.356 0
    endloop
  endfacet
  facet normal -0.496338 0.86813 0
    outer loop
      vertex 23.7425 8.356 0
      vertex 23.6491 8.30261 6
      vertex 23.7425 8.356 6
    endloop
  endfacet
  facet normal -0.496338 0.86813 0
    outer loop
      vertex 23.6491 8.30261 6
      vertex 23.7425 8.356 0
      vertex 23.6491 8.30261 0
    endloop
  endfacet
  facet normal -0.518461 0.855101 0
    outer loop
      vertex 23.6491 8.30261 0
      vertex 23.5655 8.25192 6
      vertex 23.6491 8.30261 6
    endloop
  endfacet
  facet normal -0.518461 0.855101 0
    outer loop
      vertex 23.5655 8.25192 6
      vertex 23.6491 8.30261 0
      vertex 23.5655 8.25192 0
    endloop
  endfacet
  facet normal -0.540504 0.841341 0
    outer loop
      vertex 23.5655 8.25192 0
      vertex 23.4912 8.20419 6
      vertex 23.5655 8.25192 6
    endloop
  endfacet
  facet normal -0.540504 0.841341 0
    outer loop
      vertex 23.4912 8.20419 6
      vertex 23.5655 8.25192 0
      vertex 23.4912 8.20419 0
    endloop
  endfacet
  facet normal -0.571528 0.820582 0
    outer loop
      vertex 23.4912 8.20419 0
      vertex 23.3686 8.11879 6
      vertex 23.4912 8.20419 6
    endloop
  endfacet
  facet normal -0.571528 0.820582 0
    outer loop
      vertex 23.3686 8.11879 6
      vertex 23.4912 8.20419 0
      vertex 23.3686 8.11879 0
    endloop
  endfacet
  facet normal -0.610888 0.791717 0
    outer loop
      vertex 23.3686 8.11879 0
      vertex 23.205 7.9926 6
      vertex 23.3686 8.11879 6
    endloop
  endfacet
  facet normal -0.610888 0.791717 0
    outer loop
      vertex 23.205 7.9926 6
      vertex 23.3686 8.11879 0
      vertex 23.205 7.9926 0
    endloop
  endfacet
  facet normal -0.711828 0.702353 0
    outer loop
      vertex 22.8103 7.59253 0
      vertex 23.205 7.9926 6
      vertex 23.205 7.9926 0
    endloop
  endfacet
  facet normal -0.711828 0.702353 0
    outer loop
      vertex 23.205 7.9926 6
      vertex 22.8103 7.59253 0
      vertex 22.8103 7.59253 6
    endloop
  endfacet
  facet normal -0.00340781 0.999994 0
    outer loop
      vertex 22.8103 7.59253 0
      vertex 22.6178 7.59187 6
      vertex 22.8103 7.59253 6
    endloop
  endfacet
  facet normal -0.00340781 0.999994 0
    outer loop
      vertex 22.6178 7.59187 6
      vertex 22.8103 7.59253 0
      vertex 22.6178 7.59187 0
    endloop
  endfacet
  facet normal -0.318475 0.947931 0
    outer loop
      vertex 22.6178 7.59187 0
      vertex 22.5946 7.58409 6
      vertex 22.6178 7.59187 6
    endloop
  endfacet
  facet normal -0.318475 0.947931 0
    outer loop
      vertex 22.5946 7.58409 6
      vertex 22.6178 7.59187 0
      vertex 22.5946 7.58409 0
    endloop
  endfacet
  facet normal 0.709571 0.704634 0
    outer loop
      vertex 22.5946 7.58409 6
      vertex 22.207 7.9744 0
      vertex 22.207 7.9744 6
    endloop
  endfacet
  facet normal 0.709571 0.704634 0
    outer loop
      vertex 22.207 7.9744 0
      vertex 22.5946 7.58409 6
      vertex 22.5946 7.58409 0
    endloop
  endfacet
  facet normal 0.625033 0.780598 -0
    outer loop
      vertex 22.207 7.9744 0
      vertex 21.5498 8.50066 6
      vertex 22.207 7.9744 6
    endloop
  endfacet
  facet normal 0.625033 0.780598 0
    outer loop
      vertex 21.5498 8.50066 6
      vertex 22.207 7.9744 0
      vertex 21.5498 8.50066 0
    endloop
  endfacet
  facet normal 0.36692 -0.930253 0
    outer loop
      vertex 21.5498 8.50066 0
      vertex 21.5733 8.50995 6
      vertex 21.5498 8.50066 6
    endloop
  endfacet
  facet normal 0.36692 -0.930253 0
    outer loop
      vertex 21.5733 8.50995 6
      vertex 21.5498 8.50066 0
      vertex 21.5733 8.50995 0
    endloop
  endfacet
  facet normal 0.992426 0.122845 0
    outer loop
      vertex 21.5733 8.50995 6
      vertex 21.5497 8.70102 0
      vertex 21.5497 8.70102 6
    endloop
  endfacet
  facet normal 0.992426 0.122845 0
    outer loop
      vertex 21.5497 8.70102 0
      vertex 21.5733 8.50995 6
      vertex 21.5733 8.50995 0
    endloop
  endfacet
  facet normal 0.790086 -0.612997 0
    outer loop
      vertex 21.5497 8.70102 6
      vertex 21.925 9.18484 0
      vertex 21.925 9.18484 6
    endloop
  endfacet
  facet normal 0.790086 -0.612997 0
    outer loop
      vertex 21.925 9.18484 0
      vertex 21.5497 8.70102 6
      vertex 21.5497 8.70102 0
    endloop
  endfacet
  facet normal 0.853919 -0.520406 0
    outer loop
      vertex 21.925 9.18484 6
      vertex 22.0226 9.34499 0
      vertex 22.0226 9.34499 6
    endloop
  endfacet
  facet normal 0.853919 -0.520406 0
    outer loop
      vertex 22.0226 9.34499 0
      vertex 21.925 9.18484 6
      vertex 21.925 9.18484 0
    endloop
  endfacet
  facet normal 0.88341 -0.4686 0
    outer loop
      vertex 22.0226 9.34499 6
      vertex 22.0817 9.45625 0
      vertex 22.0817 9.45625 6
    endloop
  endfacet
  facet normal 0.88341 -0.4686 0
    outer loop
      vertex 22.0817 9.45625 0
      vertex 22.0226 9.34499 6
      vertex 22.0226 9.34499 0
    endloop
  endfacet
  facet normal 0.901538 -0.432701 0
    outer loop
      vertex 22.0817 9.45625 6
      vertex 22.1173 9.53049 0
      vertex 22.1173 9.53049 6
    endloop
  endfacet
  facet normal 0.901538 -0.432701 0
    outer loop
      vertex 22.1173 9.53049 0
      vertex 22.0817 9.45625 6
      vertex 22.0817 9.45625 0
    endloop
  endfacet
  facet normal 0.914216 -0.405226 0
    outer loop
      vertex 22.1173 9.53049 6
      vertex 22.1557 9.61707 0
      vertex 22.1557 9.61707 6
    endloop
  endfacet
  facet normal 0.914216 -0.405226 0
    outer loop
      vertex 22.1557 9.61707 0
      vertex 22.1173 9.53049 6
      vertex 22.1173 9.53049 0
    endloop
  endfacet
  facet normal 0.923872 -0.382702 0
    outer loop
      vertex 22.1557 9.61707 6
      vertex 22.1964 9.71545 0
      vertex 22.1964 9.71545 6
    endloop
  endfacet
  facet normal 0.923872 -0.382702 0
    outer loop
      vertex 22.1964 9.71545 0
      vertex 22.1557 9.61707 6
      vertex 22.1557 9.61707 0
    endloop
  endfacet
  facet normal 0.935375 -0.353657 0
    outer loop
      vertex 22.1964 9.71545 6
      vertex 22.2382 9.82591 0
      vertex 22.2382 9.82591 6
    endloop
  endfacet
  facet normal 0.935375 -0.353657 0
    outer loop
      vertex 22.2382 9.82591 0
      vertex 22.1964 9.71545 6
      vertex 22.1964 9.71545 0
    endloop
  endfacet
  facet normal 0.942737 -0.333538 0
    outer loop
      vertex 22.2382 9.82591 6
      vertex 22.2812 9.94745 0
      vertex 22.2812 9.94745 6
    endloop
  endfacet
  facet normal 0.942737 -0.333538 0
    outer loop
      vertex 22.2812 9.94745 0
      vertex 22.2382 9.82591 6
      vertex 22.2382 9.82591 0
    endloop
  endfacet
  facet normal 0.95304 -0.302843 0
    outer loop
      vertex 22.2812 9.94745 6
      vertex 22.3235 10.0807 0
      vertex 22.3235 10.0807 6
    endloop
  endfacet
  facet normal 0.95304 -0.302843 0
    outer loop
      vertex 22.3235 10.0807 0
      vertex 22.2812 9.94745 6
      vertex 22.2812 9.94745 0
    endloop
  endfacet
  facet normal 0.958636 -0.284636 0
    outer loop
      vertex 22.3235 10.0807 6
      vertex 22.3662 10.2243 0
      vertex 22.3662 10.2243 6
    endloop
  endfacet
  facet normal 0.958636 -0.284636 0
    outer loop
      vertex 22.3662 10.2243 0
      vertex 22.3235 10.0807 6
      vertex 22.3235 10.0807 0
    endloop
  endfacet
  facet normal 0.967411 -0.253213 0
    outer loop
      vertex 22.3662 10.2243 6
      vertex 22.4067 10.3793 0
      vertex 22.4067 10.3793 6
    endloop
  endfacet
  facet normal 0.967411 -0.253213 0
    outer loop
      vertex 22.4067 10.3793 0
      vertex 22.3662 10.2243 6
      vertex 22.3662 10.2243 0
    endloop
  endfacet
  facet normal 0.971717 -0.236147 0
    outer loop
      vertex 22.4067 10.3793 6
      vertex 22.4467 10.5438 0
      vertex 22.4467 10.5438 6
    endloop
  endfacet
  facet normal 0.971717 -0.236147 0
    outer loop
      vertex 22.4467 10.5438 0
      vertex 22.4067 10.3793 6
      vertex 22.4067 10.3793 0
    endloop
  endfacet
  facet normal 0.978741 -0.2051 0
    outer loop
      vertex 22.4467 10.5438 6
      vertex 22.4835 10.7191 0
      vertex 22.4835 10.7191 6
    endloop
  endfacet
  facet normal 0.978741 -0.2051 0
    outer loop
      vertex 22.4835 10.7191 0
      vertex 22.4467 10.5438 6
      vertex 22.4467 10.5438 0
    endloop
  endfacet
  facet normal 0.982075 -0.188491 0
    outer loop
      vertex 22.4835 10.7191 6
      vertex 22.5188 10.9033 0
      vertex 22.5188 10.9033 6
    endloop
  endfacet
  facet normal 0.982075 -0.188491 0
    outer loop
      vertex 22.5188 10.9033 0
      vertex 22.4835 10.7191 6
      vertex 22.4835 10.7191 0
    endloop
  endfacet
  facet normal 0.987411 -0.158178 0
    outer loop
      vertex 22.5188 10.9033 6
      vertex 22.55 11.0978 0
      vertex 22.55 11.0978 6
    endloop
  endfacet
  facet normal 0.987411 -0.158178 0
    outer loop
      vertex 22.55 11.0978 0
      vertex 22.5188 10.9033 6
      vertex 22.5188 10.9033 0
    endloop
  endfacet
  facet normal 0.989884 -0.14188 0
    outer loop
      vertex 22.55 11.0978 6
      vertex 22.579 11.3005 0
      vertex 22.579 11.3005 6
    endloop
  endfacet
  facet normal 0.989884 -0.14188 0
    outer loop
      vertex 22.579 11.3005 0
      vertex 22.55 11.0978 6
      vertex 22.55 11.0978 0
    endloop
  endfacet
  facet normal 0.99394 -0.109927 0
    outer loop
      vertex 22.579 11.3005 6
      vertex 22.6064 11.5479 0
      vertex 22.6064 11.5479 6
    endloop
  endfacet
  facet normal 0.99394 -0.109927 0
    outer loop
      vertex 22.6064 11.5479 0
      vertex 22.579 11.3005 6
      vertex 22.579 11.3005 0
    endloop
  endfacet
  facet normal 0.540069 0.84162 -0
    outer loop
      vertex 22.6064 11.5479 0
      vertex 21.962 11.9614 6
      vertex 22.6064 11.5479 6
    endloop
  endfacet
  facet normal 0.540069 0.84162 0
    outer loop
      vertex 21.962 11.9614 6
      vertex 22.6064 11.5479 0
      vertex 21.962 11.9614 0
    endloop
  endfacet
  facet normal -0.474521 0.880244 0
    outer loop
      vertex 21.962 11.9614 0
      vertex 21.7738 11.86 6
      vertex 21.962 11.9614 6
    endloop
  endfacet
  facet normal -0.474521 0.880244 0
    outer loop
      vertex 21.7738 11.86 6
      vertex 21.962 11.9614 0
      vertex 21.7738 11.86 0
    endloop
  endfacet
  facet normal -0.499122 0.866532 0
    outer loop
      vertex 21.7738 11.86 0
      vertex 21.5882 11.7531 6
      vertex 21.7738 11.86 6
    endloop
  endfacet
  facet normal -0.499122 0.866532 0
    outer loop
      vertex 21.5882 11.7531 6
      vertex 21.7738 11.86 0
      vertex 21.5882 11.7531 0
    endloop
  endfacet
  facet normal -0.520907 0.853613 0
    outer loop
      vertex 21.5882 11.7531 0
      vertex 21.4154 11.6476 6
      vertex 21.5882 11.7531 6
    endloop
  endfacet
  facet normal -0.520907 0.853613 0
    outer loop
      vertex 21.4154 11.6476 6
      vertex 21.5882 11.7531 0
      vertex 21.4154 11.6476 0
    endloop
  endfacet
  facet normal -0.54384 0.839189 0
    outer loop
      vertex 21.4154 11.6476 0
      vertex 21.2549 11.5437 6
      vertex 21.4154 11.6476 6
    endloop
  endfacet
  facet normal -0.54384 0.839189 0
    outer loop
      vertex 21.2549 11.5437 6
      vertex 21.4154 11.6476 0
      vertex 21.2549 11.5437 0
    endloop
  endfacet
  facet normal -0.564465 0.825457 0
    outer loop
      vertex 21.2549 11.5437 0
      vertex 21.1061 11.4419 6
      vertex 21.2549 11.5437 6
    endloop
  endfacet
  facet normal -0.564465 0.825457 0
    outer loop
      vertex 21.1061 11.4419 6
      vertex 21.2549 11.5437 0
      vertex 21.1061 11.4419 0
    endloop
  endfacet
  facet normal -0.585405 0.810741 0
    outer loop
      vertex 21.1061 11.4419 0
      vertex 20.9685 11.3425 6
      vertex 21.1061 11.4419 6
    endloop
  endfacet
  facet normal -0.585405 0.810741 0
    outer loop
      vertex 20.9685 11.3425 6
      vertex 21.1061 11.4419 0
      vertex 20.9685 11.3425 0
    endloop
  endfacet
  facet normal -0.605311 0.795989 0
    outer loop
      vertex 20.9685 11.3425 0
      vertex 20.8415 11.2459 6
      vertex 20.9685 11.3425 6
    endloop
  endfacet
  facet normal -0.605311 0.795989 0
    outer loop
      vertex 20.8415 11.2459 6
      vertex 20.9685 11.3425 0
      vertex 20.8415 11.2459 0
    endloop
  endfacet
  facet normal -0.623999 0.781425 0
    outer loop
      vertex 20.8415 11.2459 0
      vertex 20.7244 11.1525 6
      vertex 20.8415 11.2459 6
    endloop
  endfacet
  facet normal -0.623999 0.781425 0
    outer loop
      vertex 20.7244 11.1525 6
      vertex 20.8415 11.2459 0
      vertex 20.7244 11.1525 0
    endloop
  endfacet
  facet normal -0.643445 0.765492 0
    outer loop
      vertex 20.7244 11.1525 0
      vertex 20.6172 11.0623 6
      vertex 20.7244 11.1525 6
    endloop
  endfacet
  facet normal -0.643445 0.765492 0
    outer loop
      vertex 20.6172 11.0623 6
      vertex 20.7244 11.1525 0
      vertex 20.6172 11.0623 0
    endloop
  endfacet
  facet normal -0.659963 0.751298 0
    outer loop
      vertex 20.6172 11.0623 0
      vertex 20.5188 10.9759 6
      vertex 20.6172 11.0623 6
    endloop
  endfacet
  facet normal -0.659963 0.751298 0
    outer loop
      vertex 20.5188 10.9759 6
      vertex 20.6172 11.0623 0
      vertex 20.5188 10.9759 0
    endloop
  endfacet
  facet normal -0.679153 0.733996 0
    outer loop
      vertex 20.5188 10.9759 0
      vertex 20.4293 10.8931 6
      vertex 20.5188 10.9759 6
    endloop
  endfacet
  facet normal -0.679153 0.733996 0
    outer loop
      vertex 20.4293 10.8931 6
      vertex 20.5188 10.9759 0
      vertex 20.4293 10.8931 0
    endloop
  endfacet
  facet normal -0.693367 0.720584 0
    outer loop
      vertex 20.4293 10.8931 0
      vertex 20.3477 10.8146 6
      vertex 20.4293 10.8931 6
    endloop
  endfacet
  facet normal -0.693367 0.720584 0
    outer loop
      vertex 20.3477 10.8146 6
      vertex 20.4293 10.8931 0
      vertex 20.3477 10.8146 0
    endloop
  endfacet
  facet normal -0.718256 0.695779 0
    outer loop
      vertex 20.2079 10.6702 0
      vertex 20.3477 10.8146 6
      vertex 20.3477 10.8146 0
    endloop
  endfacet
  facet normal -0.718256 0.695779 0
    outer loop
      vertex 20.3477 10.8146 6
      vertex 20.2079 10.6702 0
      vertex 20.2079 10.6702 6
    endloop
  endfacet
  facet normal -0.748284 0.663379 0
    outer loop
      vertex 20.0962 10.5442 0
      vertex 20.2079 10.6702 6
      vertex 20.2079 10.6702 0
    endloop
  endfacet
  facet normal -0.748284 0.663379 0
    outer loop
      vertex 20.2079 10.6702 6
      vertex 20.0962 10.5442 0
      vertex 20.0962 10.5442 6
    endloop
  endfacet
  facet normal -0.774761 0.632254 0
    outer loop
      vertex 19.9588 10.3759 0
      vertex 20.0962 10.5442 6
      vertex 20.0962 10.5442 0
    endloop
  endfacet
  facet normal -0.774761 0.632254 0
    outer loop
      vertex 20.0962 10.5442 6
      vertex 19.9588 10.3759 0
      vertex 19.9588 10.3759 6
    endloop
  endfacet
  facet normal -0.870134 0.492816 0
    outer loop
      vertex 19.7078 9.93265 0
      vertex 19.9588 10.3759 6
      vertex 19.9588 10.3759 0
    endloop
  endfacet
  facet normal -0.870134 0.492816 0
    outer loop
      vertex 19.9588 10.3759 6
      vertex 19.7078 9.93265 0
      vertex 19.7078 9.93265 6
    endloop
  endfacet
  facet normal -0.263292 0.964716 0
    outer loop
      vertex 19.7078 9.93265 0
      vertex 19.522 9.88196 6
      vertex 19.7078 9.93265 6
    endloop
  endfacet
  facet normal -0.263292 0.964716 0
    outer loop
      vertex 19.522 9.88196 6
      vertex 19.7078 9.93265 0
      vertex 19.522 9.88196 0
    endloop
  endfacet
  facet normal -0.451176 0.892435 0
    outer loop
      vertex 19.522 9.88196 0
      vertex 19.5138 9.87779 6
      vertex 19.522 9.88196 6
    endloop
  endfacet
  facet normal -0.451176 0.892435 0
    outer loop
      vertex 19.5138 9.87779 6
      vertex 19.522 9.88196 0
      vertex 19.5138 9.87779 0
    endloop
  endfacet
  facet normal 0.456261 0.889846 -0
    outer loop
      vertex 19.5138 9.87779 0
      vertex 18.3055 10.4973 6
      vertex 19.5138 9.87779 6
    endloop
  endfacet
  facet normal 0.456261 0.889846 0
    outer loop
      vertex 18.3055 10.4973 6
      vertex 19.5138 9.87779 0
      vertex 18.3055 10.4973 0
    endloop
  endfacet
  facet normal 0.496139 -0.868243 0
    outer loop
      vertex 18.3055 10.4973 0
      vertex 18.307 10.4982 6
      vertex 18.3055 10.4973 6
    endloop
  endfacet
  facet normal 0.496139 -0.868243 0
    outer loop
      vertex 18.307 10.4982 6
      vertex 18.3055 10.4973 0
      vertex 18.307 10.4982 0
    endloop
  endfacet
  facet normal 0.934367 0.356312 0
    outer loop
      vertex 18.307 10.4982 6
      vertex 18.2384 10.6781 0
      vertex 18.2384 10.6781 6
    endloop
  endfacet
  facet normal 0.934367 0.356312 0
    outer loop
      vertex 18.2384 10.6781 0
      vertex 18.307 10.4982 6
      vertex 18.307 10.4982 0
    endloop
  endfacet
  facet normal 0.913831 -0.406094 0
    outer loop
      vertex 18.2384 10.6781 6
      vertex 18.4586 11.1736 0
      vertex 18.4586 11.1736 6
    endloop
  endfacet
  facet normal 0.913831 -0.406094 0
    outer loop
      vertex 18.4586 11.1736 0
      vertex 18.2384 10.6781 6
      vertex 18.2384 10.6781 0
    endloop
  endfacet
  facet normal 0.96361 -0.267312 0
    outer loop
      vertex 18.4586 11.1736 6
      vertex 18.4973 11.3132 0
      vertex 18.4973 11.3132 6
    endloop
  endfacet
  facet normal 0.96361 -0.267312 0
    outer loop
      vertex 18.4973 11.3132 0
      vertex 18.4586 11.1736 6
      vertex 18.4586 11.1736 0
    endloop
  endfacet
  facet normal 0.970416 -0.241438 0
    outer loop
      vertex 18.4973 11.3132 6
      vertex 18.5289 11.4402 0
      vertex 18.5289 11.4402 6
    endloop
  endfacet
  facet normal 0.970416 -0.241438 0
    outer loop
      vertex 18.5289 11.4402 0
      vertex 18.4973 11.3132 6
      vertex 18.4973 11.3132 0
    endloop
  endfacet
  facet normal 0.981082 -0.193591 0
    outer loop
      vertex 18.5289 11.4402 6
      vertex 18.5627 11.6112 0
      vertex 18.5627 11.6112 6
    endloop
  endfacet
  facet normal 0.981082 -0.193591 0
    outer loop
      vertex 18.5627 11.6112 0
      vertex 18.5289 11.4402 6
      vertex 18.5289 11.4402 0
    endloop
  endfacet
  facet normal 0.989129 -0.14705 0
    outer loop
      vertex 18.5627 11.6112 6
      vertex 18.5943 11.824 0
      vertex 18.5943 11.824 6
    endloop
  endfacet
  facet normal 0.989129 -0.14705 0
    outer loop
      vertex 18.5943 11.824 0
      vertex 18.5627 11.6112 6
      vertex 18.5627 11.6112 0
    endloop
  endfacet
  facet normal 0.994822 -0.101632 0
    outer loop
      vertex 18.5943 11.824 6
      vertex 18.6201 12.0761 0
      vertex 18.6201 12.0761 6
    endloop
  endfacet
  facet normal 0.994822 -0.101632 0
    outer loop
      vertex 18.6201 12.0761 0
      vertex 18.5943 11.824 6
      vertex 18.5943 11.824 0
    endloop
  endfacet
  facet normal 0.998365 -0.0571533 0
    outer loop
      vertex 18.6201 12.0761 6
      vertex 18.6366 12.3653 0
      vertex 18.6366 12.3653 6
    endloop
  endfacet
  facet normal 0.998365 -0.0571533 0
    outer loop
      vertex 18.6366 12.3653 0
      vertex 18.6201 12.0761 6
      vertex 18.6201 12.0761 0
    endloop
  endfacet
  facet normal 0.999907 -0.0136045 0
    outer loop
      vertex 18.6366 12.3653 6
      vertex 18.641 12.6894 0
      vertex 18.641 12.6894 6
    endloop
  endfacet
  facet normal 0.999907 -0.0136045 0
    outer loop
      vertex 18.641 12.6894 0
      vertex 18.6366 12.3653 6
      vertex 18.6366 12.3653 0
    endloop
  endfacet
  facet normal 0.999549 0.0300215 0
    outer loop
      vertex 18.641 12.6894 6
      vertex 18.6303 13.0466 0
      vertex 18.6303 13.0466 6
    endloop
  endfacet
  facet normal 0.999549 0.0300215 0
    outer loop
      vertex 18.6303 13.0466 0
      vertex 18.641 12.6894 6
      vertex 18.641 12.6894 0
    endloop
  endfacet
  facet normal 0.997395 0.0721358 0
    outer loop
      vertex 18.6303 13.0466 6
      vertex 18.6022 13.4348 0
      vertex 18.6022 13.4348 6
    endloop
  endfacet
  facet normal 0.997395 0.0721358 0
    outer loop
      vertex 18.6022 13.4348 0
      vertex 18.6303 13.0466 6
      vertex 18.6303 13.0466 0
    endloop
  endfacet
  facet normal 0.994036 0.109052 0
    outer loop
      vertex 18.6022 13.4348 6
      vertex 18.574 13.6918 0
      vertex 18.574 13.6918 6
    endloop
  endfacet
  facet normal 0.994036 0.109052 0
    outer loop
      vertex 18.574 13.6918 0
      vertex 18.6022 13.4348 6
      vertex 18.6022 13.4348 0
    endloop
  endfacet
  facet normal 0.37503 0.927013 -0
    outer loop
      vertex 18.574 13.6918 0
      vertex 17.9071 13.9616 6
      vertex 18.574 13.6918 6
    endloop
  endfacet
  facet normal 0.37503 0.927013 0
    outer loop
      vertex 17.9071 13.9616 6
      vertex 18.574 13.6918 0
      vertex 17.9071 13.9616 0
    endloop
  endfacet
  facet normal 0.2967 0.954971 -0
    outer loop
      vertex 17.9071 13.9616 0
      vertex 17.8492 13.9796 6
      vertex 17.9071 13.9616 6
    endloop
  endfacet
  facet normal 0.2967 0.954971 0
    outer loop
      vertex 17.8492 13.9796 6
      vertex 17.9071 13.9616 0
      vertex 17.8492 13.9796 0
    endloop
  endfacet
  facet normal -0.676534 0.736412 0
    outer loop
      vertex 17.8492 13.9796 0
      vertex 17.653 13.7994 6
      vertex 17.8492 13.9796 6
    endloop
  endfacet
  facet normal -0.676534 0.736412 0
    outer loop
      vertex 17.653 13.7994 6
      vertex 17.8492 13.9796 0
      vertex 17.653 13.7994 0
    endloop
  endfacet
  facet normal -0.696584 0.717475 0
    outer loop
      vertex 17.653 13.7994 0
      vertex 17.5068 13.6575 6
      vertex 17.653 13.7994 6
    endloop
  endfacet
  facet normal -0.696584 0.717475 0
    outer loop
      vertex 17.5068 13.6575 6
      vertex 17.653 13.7994 0
      vertex 17.5068 13.6575 0
    endloop
  endfacet
  facet normal -0.71255 0.701621 0
    outer loop
      vertex 17.3707 13.5192 0
      vertex 17.5068 13.6575 6
      vertex 17.5068 13.6575 0
    endloop
  endfacet
  facet normal -0.71255 0.701621 0
    outer loop
      vertex 17.5068 13.6575 6
      vertex 17.3707 13.5192 0
      vertex 17.3707 13.5192 6
    endloop
  endfacet
  facet normal -0.728149 0.685419 0
    outer loop
      vertex 17.2441 13.3848 0
      vertex 17.3707 13.5192 6
      vertex 17.3707 13.5192 0
    endloop
  endfacet
  facet normal -0.728149 0.685419 0
    outer loop
      vertex 17.3707 13.5192 6
      vertex 17.2441 13.3848 0
      vertex 17.2441 13.3848 6
    endloop
  endfacet
  facet normal -0.742732 0.669589 0
    outer loop
      vertex 17.1266 13.2545 0
      vertex 17.2441 13.3848 6
      vertex 17.2441 13.3848 0
    endloop
  endfacet
  facet normal -0.742732 0.669589 0
    outer loop
      vertex 17.2441 13.3848 6
      vertex 17.1266 13.2545 0
      vertex 17.1266 13.2545 6
    endloop
  endfacet
  facet normal -0.757824 0.652459 0
    outer loop
      vertex 17.0181 13.1284 0
      vertex 17.1266 13.2545 6
      vertex 17.1266 13.2545 0
    endloop
  endfacet
  facet normal -0.757824 0.652459 0
    outer loop
      vertex 17.1266 13.2545 6
      vertex 17.0181 13.1284 0
      vertex 17.0181 13.1284 6
    endloop
  endfacet
  facet normal -0.770507 0.637431 0
    outer loop
      vertex 16.9175 13.0068 0
      vertex 17.0181 13.1284 6
      vertex 17.0181 13.1284 0
    endloop
  endfacet
  facet normal -0.770507 0.637431 0
    outer loop
      vertex 17.0181 13.1284 6
      vertex 16.9175 13.0068 0
      vertex 16.9175 13.0068 6
    endloop
  endfacet
  facet normal -0.785899 0.618355 0
    outer loop
      vertex 16.8254 12.8897 0
      vertex 16.9175 13.0068 6
      vertex 16.9175 13.0068 0
    endloop
  endfacet
  facet normal -0.785899 0.618355 0
    outer loop
      vertex 16.9175 13.0068 6
      vertex 16.8254 12.8897 0
      vertex 16.8254 12.8897 6
    endloop
  endfacet
  facet normal -0.795678 0.60572 0
    outer loop
      vertex 16.74 12.7776 0
      vertex 16.8254 12.8897 6
      vertex 16.8254 12.8897 0
    endloop
  endfacet
  facet normal -0.795678 0.60572 0
    outer loop
      vertex 16.8254 12.8897 6
      vertex 16.74 12.7776 0
      vertex 16.74 12.7776 6
    endloop
  endfacet
  facet normal -0.815504 0.578752 0
    outer loop
      vertex 16.5914 12.5681 0
      vertex 16.74 12.7776 6
      vertex 16.74 12.7776 0
    endloop
  endfacet
  facet normal -0.815504 0.578752 0
    outer loop
      vertex 16.74 12.7776 6
      vertex 16.5914 12.5681 0
      vertex 16.5914 12.5681 6
    endloop
  endfacet
  facet normal -0.838617 0.544721 0
    outer loop
      vertex 16.4688 12.3794 0
      vertex 16.5914 12.5681 6
      vertex 16.5914 12.5681 0
    endloop
  endfacet
  facet normal -0.838617 0.544721 0
    outer loop
      vertex 16.5914 12.5681 6
      vertex 16.4688 12.3794 0
      vertex 16.4688 12.3794 6
    endloop
  endfacet
  facet normal -0.860184 0.509984 0
    outer loop
      vertex 16.37 12.2128 0
      vertex 16.4688 12.3794 6
      vertex 16.4688 12.3794 0
    endloop
  endfacet
  facet normal -0.860184 0.509984 0
    outer loop
      vertex 16.4688 12.3794 6
      vertex 16.37 12.2128 0
      vertex 16.37 12.2128 6
    endloop
  endfacet
  facet normal -0.880567 0.473921 0
    outer loop
      vertex 16.2927 12.0692 0
      vertex 16.37 12.2128 6
      vertex 16.37 12.2128 0
    endloop
  endfacet
  facet normal -0.880567 0.473921 0
    outer loop
      vertex 16.37 12.2128 6
      vertex 16.2927 12.0692 0
      vertex 16.2927 12.0692 6
    endloop
  endfacet
  facet normal -0.88953 0.456877 0
    outer loop
      vertex 16.2265 11.9403 0
      vertex 16.2927 12.0692 6
      vertex 16.2927 12.0692 0
    endloop
  endfacet
  facet normal -0.88953 0.456877 0
    outer loop
      vertex 16.2927 12.0692 6
      vertex 16.2265 11.9403 0
      vertex 16.2265 11.9403 6
    endloop
  endfacet
  facet normal -0.958154 0.286254 0
    outer loop
      vertex 16.0887 11.4791 0
      vertex 16.2265 11.9403 6
      vertex 16.2265 11.9403 0
    endloop
  endfacet
  facet normal -0.958154 0.286254 0
    outer loop
      vertex 16.2265 11.9403 6
      vertex 16.0887 11.4791 0
      vertex 16.0887 11.4791 6
    endloop
  endfacet
  facet normal -0.472019 0.881588 0
    outer loop
      vertex 16.0887 11.4791 0
      vertex 15.919 11.3882 6
      vertex 16.0887 11.4791 6
    endloop
  endfacet
  facet normal -0.472019 0.881588 0
    outer loop
      vertex 15.919 11.3882 6
      vertex 16.0887 11.4791 0
      vertex 15.919 11.3882 0
    endloop
  endfacet
  facet normal -0.581756 0.813364 0
    outer loop
      vertex 15.919 11.3882 0
      vertex 15.9054 11.3785 6
      vertex 15.919 11.3882 6
    endloop
  endfacet
  facet normal -0.581756 0.813364 0
    outer loop
      vertex 15.9054 11.3785 6
      vertex 15.919 11.3882 0
      vertex 15.9054 11.3785 0
    endloop
  endfacet
  facet normal 0.296707 0.954968 -0
    outer loop
      vertex 15.9054 11.3785 0
      vertex 15.4665 11.5149 6
      vertex 15.9054 11.3785 6
    endloop
  endfacet
  facet normal 0.296707 0.954968 0
    outer loop
      vertex 15.4665 11.5149 6
      vertex 15.9054 11.3785 0
      vertex 15.4665 11.5149 0
    endloop
  endfacet
  facet normal 0.221762 0.975101 -0
    outer loop
      vertex 15.4665 11.5149 0
      vertex 14.6056 11.7107 6
      vertex 15.4665 11.5149 6
    endloop
  endfacet
  facet normal 0.221762 0.975101 0
    outer loop
      vertex 14.6056 11.7107 6
      vertex 15.4665 11.5149 0
      vertex 14.6056 11.7107 0
    endloop
  endfacet
  facet normal 0.62535 -0.780344 0
    outer loop
      vertex 14.6056 11.7107 0
      vertex 14.6189 11.7213 6
      vertex 14.6056 11.7107 6
    endloop
  endfacet
  facet normal 0.62535 -0.780344 0
    outer loop
      vertex 14.6189 11.7213 6
      vertex 14.6056 11.7107 0
      vertex 14.6189 11.7213 0
    endloop
  endfacet
  facet normal 0.838049 0.545596 0
    outer loop
      vertex 14.6189 11.7213 6
      vertex 14.5138 11.8827 0
      vertex 14.5138 11.8827 6
    endloop
  endfacet
  facet normal 0.838049 0.545596 0
    outer loop
      vertex 14.5138 11.8827 0
      vertex 14.6189 11.7213 6
      vertex 14.6189 11.7213 0
    endloop
  endfacet
  facet normal 0.979003 -0.203845 0
    outer loop
      vertex 14.5138 11.8827 6
      vertex 14.6154 12.3703 0
      vertex 14.6154 12.3703 6
    endloop
  endfacet
  facet normal 0.979003 -0.203845 0
    outer loop
      vertex 14.6154 12.3703 0
      vertex 14.5138 11.8827 6
      vertex 14.5138 11.8827 0
    endloop
  endfacet
  facet normal 0.999913 -0.013164 0
    outer loop
      vertex 14.6154 12.3703 6
      vertex 14.6165 12.4537 0
      vertex 14.6165 12.4537 6
    endloop
  endfacet
  facet normal 0.999913 -0.013164 0
    outer loop
      vertex 14.6165 12.4537 0
      vertex 14.6154 12.3703 6
      vertex 14.6154 12.3703 0
    endloop
  endfacet
  facet normal 0.998134 -0.0610646 0
    outer loop
      vertex 14.6165 12.4537 6
      vertex 14.6202 12.5151 0
      vertex 14.6202 12.5151 6
    endloop
  endfacet
  facet normal 0.998134 -0.0610646 0
    outer loop
      vertex 14.6202 12.5151 0
      vertex 14.6165 12.4537 6
      vertex 14.6165 12.4537 0
    endloop
  endfacet
  facet normal 0.999954 -0.00964004 0
    outer loop
      vertex 14.6202 12.5151 6
      vertex 14.6217 12.667 0
      vertex 14.6217 12.667 6
    endloop
  endfacet
  facet normal 0.999954 -0.00964004 0
    outer loop
      vertex 14.6217 12.667 0
      vertex 14.6202 12.5151 6
      vertex 14.6202 12.5151 0
    endloop
  endfacet
  facet normal 0.99945 0.0331721 0
    outer loop
      vertex 14.6217 12.667 6
      vertex 14.6154 12.8555 0
      vertex 14.6154 12.8555 6
    endloop
  endfacet
  facet normal 0.99945 0.0331721 0
    outer loop
      vertex 14.6154 12.8555 0
      vertex 14.6217 12.667 6
      vertex 14.6217 12.667 0
    endloop
  endfacet
  facet normal 0.99718 0.0750529 0
    outer loop
      vertex 14.6154 12.8555 6
      vertex 14.5986 13.0785 0
      vertex 14.5986 13.0785 6
    endloop
  endfacet
  facet normal 0.99718 0.0750529 0
    outer loop
      vertex 14.5986 13.0785 0
      vertex 14.6154 12.8555 6
      vertex 14.6154 12.8555 0
    endloop
  endfacet
  facet normal 0.993256 0.115943 0
    outer loop
      vertex 14.5986 13.0785 6
      vertex 14.5688 13.3341 0
      vertex 14.5688 13.3341 6
    endloop
  endfacet
  facet normal 0.993256 0.115943 0
    outer loop
      vertex 14.5688 13.3341 0
      vertex 14.5986 13.0785 6
      vertex 14.5986 13.0785 0
    endloop
  endfacet
  facet normal 0.989562 0.144106 0
    outer loop
      vertex 14.5688 13.3341 6
      vertex 14.5485 13.4734 0
      vertex 14.5485 13.4734 6
    endloop
  endfacet
  facet normal 0.989562 0.144106 0
    outer loop
      vertex 14.5485 13.4734 0
      vertex 14.5688 13.3341 6
      vertex 14.5688 13.3341 0
    endloop
  endfacet
  facet normal 0.984937 0.172913 0
    outer loop
      vertex 14.5485 13.4734 6
      vertex 14.4957 13.7744 0
      vertex 14.4957 13.7744 6
    endloop
  endfacet
  facet normal 0.984937 0.172913 0
    outer loop
      vertex 14.4957 13.7744 0
      vertex 14.5485 13.4734 6
      vertex 14.5485 13.4734 0
    endloop
  endfacet
  facet normal 0.977276 0.211969 0
    outer loop
      vertex 14.4957 13.7744 6
      vertex 14.4243 14.1036 0
      vertex 14.4243 14.1036 6
    endloop
  endfacet
  facet normal 0.977276 0.211969 0
    outer loop
      vertex 14.4243 14.1036 0
      vertex 14.4957 13.7744 6
      vertex 14.4957 13.7744 0
    endloop
  endfacet
  facet normal 0.967096 0.254412 0
    outer loop
      vertex 14.4243 14.1036 6
      vertex 14.3305 14.46 0
      vertex 14.3305 14.46 6
    endloop
  endfacet
  facet normal 0.967096 0.254412 0
    outer loop
      vertex 14.3305 14.46 0
      vertex 14.4243 14.1036 6
      vertex 14.4243 14.1036 0
    endloop
  endfacet
  facet normal 0.959829 0.280587 0
    outer loop
      vertex 14.3305 14.46 6
      vertex 14.2756 14.6478 0
      vertex 14.2756 14.6478 6
    endloop
  endfacet
  facet normal 0.959829 0.280587 0
    outer loop
      vertex 14.2756 14.6478 0
      vertex 14.3305 14.46 6
      vertex 14.3305 14.46 0
    endloop
  endfacet
  facet normal 0.952204 0.305462 0
    outer loop
      vertex 14.2756 14.6478 6
      vertex 14.1913 14.9107 0
      vertex 14.1913 14.9107 6
    endloop
  endfacet
  facet normal 0.952204 0.305462 0
    outer loop
      vertex 14.1913 14.9107 0
      vertex 14.2756 14.6478 6
      vertex 14.2756 14.6478 0
    endloop
  endfacet
  facet normal 0.150162 0.988661 -0
    outer loop
      vertex 14.1913 14.9107 0
      vertex 13.4096 15.0294 6
      vertex 14.1913 14.9107 6
    endloop
  endfacet
  facet normal 0.150162 0.988661 0
    outer loop
      vertex 13.4096 15.0294 6
      vertex 14.1913 14.9107 0
      vertex 13.4096 15.0294 0
    endloop
  endfacet
  facet normal -0.818648 0.574296 0
    outer loop
      vertex 13.2523 14.8052 0
      vertex 13.4096 15.0294 6
      vertex 13.4096 15.0294 0
    endloop
  endfacet
  facet normal -0.818648 0.574296 0
    outer loop
      vertex 13.4096 15.0294 6
      vertex 13.2523 14.8052 0
      vertex 13.2523 14.8052 6
    endloop
  endfacet
  facet normal -0.840052 0.542506 0
    outer loop
      vertex 13.0423 14.4801 0
      vertex 13.2523 14.8052 6
      vertex 13.2523 14.8052 0
    endloop
  endfacet
  facet normal -0.840052 0.542506 0
    outer loop
      vertex 13.2523 14.8052 6
      vertex 13.0423 14.4801 0
      vertex 13.0423 14.4801 6
    endloop
  endfacet
  facet normal -0.861494 0.507768 0
    outer loop
      vertex 12.8627 14.1753 0
      vertex 13.0423 14.4801 6
      vertex 13.0423 14.4801 0
    endloop
  endfacet
  facet normal -0.861494 0.507768 0
    outer loop
      vertex 13.0423 14.4801 6
      vertex 12.8627 14.1753 0
      vertex 12.8627 14.1753 6
    endloop
  endfacet
  facet normal -0.877747 0.479125 0
    outer loop
      vertex 12.7839 14.0309 0
      vertex 12.8627 14.1753 6
      vertex 12.8627 14.1753 0
    endloop
  endfacet
  facet normal -0.877747 0.479125 0
    outer loop
      vertex 12.8627 14.1753 6
      vertex 12.7839 14.0309 0
      vertex 12.7839 14.0309 6
    endloop
  endfacet
  facet normal -0.885355 0.464916 0
    outer loop
      vertex 12.711 13.8921 0
      vertex 12.7839 14.0309 6
      vertex 12.7839 14.0309 0
    endloop
  endfacet
  facet normal -0.885355 0.464916 0
    outer loop
      vertex 12.7839 14.0309 6
      vertex 12.711 13.8921 0
      vertex 12.711 13.8921 6
    endloop
  endfacet
  facet normal -0.893647 0.44877 0
    outer loop
      vertex 12.6442 13.759 0
      vertex 12.711 13.8921 6
      vertex 12.711 13.8921 0
    endloop
  endfacet
  facet normal -0.893647 0.44877 0
    outer loop
      vertex 12.711 13.8921 6
      vertex 12.6442 13.759 0
      vertex 12.6442 13.759 6
    endloop
  endfacet
  facet normal -0.907143 0.420822 0
    outer loop
      vertex 12.5288 13.5103 0
      vertex 12.6442 13.759 6
      vertex 12.6442 13.759 0
    endloop
  endfacet
  facet normal -0.907143 0.420822 0
    outer loop
      vertex 12.6442 13.759 6
      vertex 12.5288 13.5103 0
      vertex 12.5288 13.5103 6
    endloop
  endfacet
  facet normal -0.923746 0.383005 0
    outer loop
      vertex 12.4357 13.2859 0
      vertex 12.5288 13.5103 6
      vertex 12.5288 13.5103 0
    endloop
  endfacet
  facet normal -0.923746 0.383005 0
    outer loop
      vertex 12.5288 13.5103 6
      vertex 12.4357 13.2859 0
      vertex 12.4357 13.2859 6
    endloop
  endfacet
  facet normal -0.933667 0.358142 0
    outer loop
      vertex 12.3964 13.1833 0
      vertex 12.4357 13.2859 6
      vertex 12.4357 13.2859 0
    endloop
  endfacet
  facet normal -0.933667 0.358142 0
    outer loop
      vertex 12.4357 13.2859 6
      vertex 12.3964 13.1833 0
      vertex 12.3964 13.1833 6
    endloop
  endfacet
  facet normal -0.943879 0.330292 0
    outer loop
      vertex 12.3315 12.9978 0
      vertex 12.3964 13.1833 6
      vertex 12.3964 13.1833 0
    endloop
  endfacet
  facet normal -0.943879 0.330292 0
    outer loop
      vertex 12.3964 13.1833 6
      vertex 12.3315 12.9978 0
      vertex 12.3315 12.9978 6
    endloop
  endfacet
  facet normal -0.95996 0.280138 0
    outer loop
      vertex 12.2448 12.7006 0
      vertex 12.3315 12.9978 6
      vertex 12.3315 12.9978 0
    endloop
  endfacet
  facet normal -0.95996 0.280138 0
    outer loop
      vertex 12.3315 12.9978 6
      vertex 12.2448 12.7006 0
      vertex 12.2448 12.7006 6
    endloop
  endfacet
  facet normal -0.996271 0.086282 0
    outer loop
      vertex 12.2039 12.2288 0
      vertex 12.2448 12.7006 6
      vertex 12.2448 12.7006 0
    endloop
  endfacet
  facet normal -0.996271 0.086282 0
    outer loop
      vertex 12.2448 12.7006 6
      vertex 12.2039 12.2288 0
      vertex 12.2039 12.2288 6
    endloop
  endfacet
  facet normal -0.640901 0.767623 0
    outer loop
      vertex 12.2039 12.2288 0
      vertex 12.0561 12.1054 6
      vertex 12.2039 12.2288 6
    endloop
  endfacet
  facet normal -0.640901 0.767623 0
    outer loop
      vertex 12.0561 12.1054 6
      vertex 12.2039 12.2288 0
      vertex 12.0561 12.1054 0
    endloop
  endfacet
  facet normal -0.708617 0.705593 0
    outer loop
      vertex 12.0454 12.0946 0
      vertex 12.0561 12.1054 6
      vertex 12.0561 12.1054 0
    endloop
  endfacet
  facet normal -0.708617 0.705593 0
    outer loop
      vertex 12.0561 12.1054 6
      vertex 12.0454 12.0946 0
      vertex 12.0454 12.0946 6
    endloop
  endfacet
  facet normal 0.0818576 0.996644 -0
    outer loop
      vertex 12.0454 12.0946 0
      vertex 11.3747 12.1497 6
      vertex 12.0454 12.0946 6
    endloop
  endfacet
  facet normal 0.0818576 0.996644 0
    outer loop
      vertex 11.3747 12.1497 6
      vertex 12.0454 12.0946 0
      vertex 11.3747 12.1497 0
    endloop
  endfacet
  facet normal 0.016692 0.999861 -0
    outer loop
      vertex 11.3747 12.1497 0
      vertex 10.713 12.1608 6
      vertex 11.3747 12.1497 6
    endloop
  endfacet
  facet normal 0.016692 0.999861 0
    outer loop
      vertex 10.713 12.1608 6
      vertex 11.3747 12.1497 0
      vertex 10.713 12.1608 0
    endloop
  endfacet
  facet normal 0.750255 -0.661149 0
    outer loop
      vertex 10.713 12.1608 6
      vertex 10.7222 12.1712 0
      vertex 10.7222 12.1712 6
    endloop
  endfacet
  facet normal 0.750255 -0.661149 0
    outer loop
      vertex 10.7222 12.1712 0
      vertex 10.713 12.1608 6
      vertex 10.713 12.1608 0
    endloop
  endfacet
  facet normal 0.713457 0.700699 0
    outer loop
      vertex 10.7222 12.1712 6
      vertex 10.5872 12.3085 0
      vertex 10.5872 12.3085 6
    endloop
  endfacet
  facet normal 0.713457 0.700699 0
    outer loop
      vertex 10.5872 12.3085 0
      vertex 10.7222 12.1712 6
      vertex 10.7222 12.1712 0
    endloop
  endfacet
  facet normal 0.999983 -0.00579246 0
    outer loop
      vertex 10.5872 12.3085 6
      vertex 10.59 12.7853 0
      vertex 10.59 12.7853 6
    endloop
  endfacet
  facet normal 0.999983 -0.00579246 0
    outer loop
      vertex 10.59 12.7853 0
      vertex 10.5872 12.3085 6
      vertex 10.5872 12.3085 0
    endloop
  endfacet
  facet normal 0.984793 0.173734 0
    outer loop
      vertex 10.59 12.7853 6
      vertex 10.5515 13.0039 0
      vertex 10.5515 13.0039 6
    endloop
  endfacet
  facet normal 0.984793 0.173734 0
    outer loop
      vertex 10.5515 13.0039 0
      vertex 10.59 12.7853 6
      vertex 10.59 12.7853 0
    endloop
  endfacet
  facet normal 0.976221 0.216777 0
    outer loop
      vertex 10.5515 13.0039 6
      vertex 10.5126 13.1789 0
      vertex 10.5126 13.1789 6
    endloop
  endfacet
  facet normal 0.976221 0.216777 0
    outer loop
      vertex 10.5126 13.1789 0
      vertex 10.5515 13.0039 6
      vertex 10.5515 13.0039 0
    endloop
  endfacet
  facet normal 0.966182 0.25786 0
    outer loop
      vertex 10.5126 13.1789 6
      vertex 10.458 13.3834 0
      vertex 10.458 13.3834 6
    endloop
  endfacet
  facet normal 0.966182 0.25786 0
    outer loop
      vertex 10.458 13.3834 0
      vertex 10.5126 13.1789 6
      vertex 10.5126 13.1789 0
    endloop
  endfacet
  facet normal 0.960418 0.278563 0
    outer loop
      vertex 10.458 13.3834 6
      vertex 10.4253 13.4962 0
      vertex 10.4253 13.4962 6
    endloop
  endfacet
  facet normal 0.960418 0.278563 0
    outer loop
      vertex 10.4253 13.4962 0
      vertex 10.458 13.3834 6
      vertex 10.458 13.3834 0
    endloop
  endfacet
  facet normal 0.951336 0.308157 0
    outer loop
      vertex 10.4253 13.4962 6
      vertex 10.3457 13.742 0
      vertex 10.3457 13.742 6
    endloop
  endfacet
  facet normal 0.951336 0.308157 0
    outer loop
      vertex 10.3457 13.742 0
      vertex 10.4253 13.4962 6
      vertex 10.4253 13.4962 0
    endloop
  endfacet
  facet normal 0.936357 0.351049 0
    outer loop
      vertex 10.3457 13.742 6
      vertex 10.2438 14.0137 0
      vertex 10.2438 14.0137 6
    endloop
  endfacet
  facet normal 0.936357 0.351049 0
    outer loop
      vertex 10.2438 14.0137 0
      vertex 10.3457 13.742 6
      vertex 10.3457 13.742 0
    endloop
  endfacet
  facet normal 0.930166 0.36714 0
    outer loop
      vertex 10.2438 14.0137 6
      vertex 10.1865 14.1589 0
      vertex 10.1865 14.1589 6
    endloop
  endfacet
  facet normal 0.930166 0.36714 0
    outer loop
      vertex 10.1865 14.1589 0
      vertex 10.2438 14.0137 6
      vertex 10.2438 14.0137 0
    endloop
  endfacet
  facet normal 0.914661 0.404222 0
    outer loop
      vertex 10.1865 14.1589 6
      vertex 10.0503 14.4672 0
      vertex 10.0503 14.4672 6
    endloop
  endfacet
  facet normal 0.914661 0.404222 0
    outer loop
      vertex 10.0503 14.4672 0
      vertex 10.1865 14.1589 6
      vertex 10.1865 14.1589 0
    endloop
  endfacet
  facet normal 0.905803 0.423699 0
    outer loop
      vertex 10.0503 14.4672 6
      vertex 9.97411 14.63 0
      vertex 9.97411 14.63 6
    endloop
  endfacet
  facet normal 0.905803 0.423699 0
    outer loop
      vertex 9.97411 14.63 0
      vertex 10.0503 14.4672 6
      vertex 10.0503 14.4672 0
    endloop
  endfacet
  facet normal 0.892217 0.451607 0
    outer loop
      vertex 9.97411 14.63 6
      vertex 9.88889 14.7984 0
      vertex 9.88889 14.7984 6
    endloop
  endfacet
  facet normal 0.892217 0.451607 0
    outer loop
      vertex 9.88889 14.7984 0
      vertex 9.97411 14.63 6
      vertex 9.97411 14.63 0
    endloop
  endfacet
  facet normal 0.886654 0.462433 0
    outer loop
      vertex 9.88889 14.7984 6
      vertex 9.79822 14.9722 0
      vertex 9.79822 14.9722 6
    endloop
  endfacet
  facet normal 0.886654 0.462433 0
    outer loop
      vertex 9.79822 14.9722 0
      vertex 9.88889 14.7984 6
      vertex 9.88889 14.7984 0
    endloop
  endfacet
  facet normal 0.880276 0.474462 0
    outer loop
      vertex 9.79822 14.9722 6
      vertex 9.70161 15.1514 0
      vertex 9.70161 15.1514 6
    endloop
  endfacet
  facet normal 0.880276 0.474462 0
    outer loop
      vertex 9.70161 15.1514 0
      vertex 9.79822 14.9722 6
      vertex 9.79822 14.9722 0
    endloop
  endfacet
  facet normal 0.863623 0.504138 0
    outer loop
      vertex 9.70161 15.1514 6
      vertex 9.66402 15.2159 0
      vertex 9.66402 15.2159 6
    endloop
  endfacet
  facet normal 0.863623 0.504138 0
    outer loop
      vertex 9.66402 15.2159 0
      vertex 9.70161 15.1514 6
      vertex 9.70161 15.1514 0
    endloop
  endfacet
  facet normal -0.0454427 0.998967 0
    outer loop
      vertex 9.66402 15.2159 0
      vertex 8.87407 15.1799 6
      vertex 9.66402 15.2159 6
    endloop
  endfacet
  facet normal -0.0454427 0.998967 0
    outer loop
      vertex 8.87407 15.1799 6
      vertex 9.66402 15.2159 0
      vertex 8.87407 15.1799 0
    endloop
  endfacet
  facet normal -0.908269 0.418386 0
    outer loop
      vertex 8.84032 15.1066 0
      vertex 8.87407 15.1799 6
      vertex 8.87407 15.1799 0
    endloop
  endfacet
  facet normal -0.908269 0.418386 0
    outer loop
      vertex 8.87407 15.1799 6
      vertex 8.84032 15.1066 0
      vertex 8.84032 15.1066 6
    endloop
  endfacet
  facet normal -0.921757 0.387768 0
    outer loop
      vertex 8.76161 14.9196 0
      vertex 8.84032 15.1066 6
      vertex 8.84032 15.1066 0
    endloop
  endfacet
  facet normal -0.921757 0.387768 0
    outer loop
      vertex 8.84032 15.1066 6
      vertex 8.76161 14.9196 0
      vertex 8.76161 14.9196 6
    endloop
  endfacet
  facet normal -0.927337 0.374227 0
    outer loop
      vertex 8.68842 14.7382 0
      vertex 8.76161 14.9196 6
      vertex 8.76161 14.9196 0
    endloop
  endfacet
  facet normal -0.927337 0.374227 0
    outer loop
      vertex 8.76161 14.9196 6
      vertex 8.68842 14.7382 0
      vertex 8.68842 14.7382 6
    endloop
  endfacet
  facet normal -0.933966 0.357362 0
    outer loop
      vertex 8.62126 14.5627 0
      vertex 8.68842 14.7382 6
      vertex 8.68842 14.7382 0
    endloop
  endfacet
  facet normal -0.933966 0.357362 0
    outer loop
      vertex 8.68842 14.7382 6
      vertex 8.62126 14.5627 0
      vertex 8.62126 14.5627 6
    endloop
  endfacet
  facet normal -0.94492 0.327301 0
    outer loop
      vertex 8.50607 14.2301 0
      vertex 8.62126 14.5627 6
      vertex 8.62126 14.5627 0
    endloop
  endfacet
  facet normal -0.94492 0.327301 0
    outer loop
      vertex 8.62126 14.5627 6
      vertex 8.50607 14.2301 0
      vertex 8.50607 14.2301 6
    endloop
  endfacet
  facet normal -0.954336 0.298735 0
    outer loop
      vertex 8.45699 14.0733 0
      vertex 8.50607 14.2301 6
      vertex 8.50607 14.2301 0
    endloop
  endfacet
  facet normal -0.954336 0.298735 0
    outer loop
      vertex 8.50607 14.2301 6
      vertex 8.45699 14.0733 0
      vertex 8.45699 14.0733 6
    endloop
  endfacet
  facet normal -0.962248 0.272173 0
    outer loop
      vertex 8.37386 13.7794 0
      vertex 8.45699 14.0733 6
      vertex 8.45699 14.0733 0
    endloop
  endfacet
  facet normal -0.962248 0.272173 0
    outer loop
      vertex 8.45699 14.0733 6
      vertex 8.37386 13.7794 0
      vertex 8.37386 13.7794 6
    endloop
  endfacet
  facet normal -0.970473 0.24121 0
    outer loop
      vertex 8.33987 13.6427 0
      vertex 8.37386 13.7794 6
      vertex 8.37386 13.7794 0
    endloop
  endfacet
  facet normal -0.970473 0.24121 0
    outer loop
      vertex 8.37386 13.7794 6
      vertex 8.33987 13.6427 0
      vertex 8.33987 13.6427 6
    endloop
  endfacet
  facet normal -0.976737 0.214439 0
    outer loop
      vertex 8.28452 13.3905 0
      vertex 8.33987 13.6427 6
      vertex 8.33987 13.6427 0
    endloop
  endfacet
  facet normal -0.976737 0.214439 0
    outer loop
      vertex 8.33987 13.6427 6
      vertex 8.28452 13.3905 0
      vertex 8.28452 13.3905 6
    endloop
  endfacet
  facet normal -0.982582 0.18583 0
    outer loop
      vertex 8.26276 13.2755 0
      vertex 8.28452 13.3905 6
      vertex 8.28452 13.3905 0
    endloop
  endfacet
  facet normal -0.982582 0.18583 0
    outer loop
      vertex 8.28452 13.3905 6
      vertex 8.26276 13.2755 0
      vertex 8.26276 13.2755 6
    endloop
  endfacet
  facet normal -0.988465 0.151449 0
    outer loop
      vertex 8.23106 13.0686 0
      vertex 8.26276 13.2755 6
      vertex 8.26276 13.2755 0
    endloop
  endfacet
  facet normal -0.988465 0.151449 0
    outer loop
      vertex 8.26276 13.2755 6
      vertex 8.23106 13.0686 0
      vertex 8.23106 13.0686 6
    endloop
  endfacet
  facet normal -0.991079 0.133278 0
    outer loop
      vertex 8.21875 12.9771 0
      vertex 8.23106 13.0686 6
      vertex 8.23106 13.0686 0
    endloop
  endfacet
  facet normal -0.991079 0.133278 0
    outer loop
      vertex 8.23106 13.0686 6
      vertex 8.21875 12.9771 0
      vertex 8.21875 12.9771 6
    endloop
  endfacet
  facet normal -0.994518 0.104561 0
    outer loop
      vertex 8.21001 12.8939 0
      vertex 8.21875 12.9771 6
      vertex 8.21875 12.9771 0
    endloop
  endfacet
  facet normal -0.994518 0.104561 0
    outer loop
      vertex 8.21875 12.9771 6
      vertex 8.21001 12.8939 0
      vertex 8.21001 12.8939 6
    endloop
  endfacet
  facet normal -0.997893 0.0648842 0
    outer loop
      vertex 8.20088 12.7536 0
      vertex 8.21001 12.8939 6
      vertex 8.21001 12.8939 0
    endloop
  endfacet
  facet normal -0.997893 0.0648842 0
    outer loop
      vertex 8.21001 12.8939 6
      vertex 8.20088 12.7536 0
      vertex 8.20088 12.7536 6
    endloop
  endfacet
  facet normal -0.995841 0.0911101 0
    outer loop
      vertex 8.19368 12.6749 0
      vertex 8.20088 12.7536 6
      vertex 8.20088 12.7536 0
    endloop
  endfacet
  facet normal -0.995841 0.0911101 0
    outer loop
      vertex 8.20088 12.7536 6
      vertex 8.19368 12.6749 0
      vertex 8.19368 12.6749 6
    endloop
  endfacet
  facet normal -0.993835 -0.110867 0
    outer loop
      vertex 8.24744 12.193 0
      vertex 8.19368 12.6749 6
      vertex 8.19368 12.6749 0
    endloop
  endfacet
  facet normal -0.993835 -0.110867 0
    outer loop
      vertex 8.19368 12.6749 6
      vertex 8.24744 12.193 0
      vertex 8.24744 12.193 6
    endloop
  endfacet
  facet normal -0.781807 0.62352 0
    outer loop
      vertex 8.12097 12.0344 0
      vertex 8.24744 12.193 6
      vertex 8.24744 12.193 0
    endloop
  endfacet
  facet normal -0.781807 0.62352 0
    outer loop
      vertex 8.24744 12.193 6
      vertex 8.12097 12.0344 0
      vertex 8.12097 12.0344 6
    endloop
  endfacet
  facet normal -0.104727 0.994501 0
    outer loop
      vertex 8.12097 12.0344 0
      vertex 7.74916 11.9952 6
      vertex 8.12097 12.0344 6
    endloop
  endfacet
  facet normal -0.104727 0.994501 0
    outer loop
      vertex 7.74916 11.9952 6
      vertex 8.12097 12.0344 0
      vertex 7.74916 11.9952 0
    endloop
  endfacet
  facet normal -0.161388 0.986891 0
    outer loop
      vertex 7.74916 11.9952 0
      vertex 6.80078 11.8401 6
      vertex 7.74916 11.9952 6
    endloop
  endfacet
  facet normal -0.161388 0.986891 0
    outer loop
      vertex 6.80078 11.8401 6
      vertex 7.74916 11.9952 0
      vertex 6.80078 11.8401 0
    endloop
  endfacet
  facet normal 0.866906 -0.498471 0
    outer loop
      vertex 6.80078 11.8401 6
      vertex 6.80324 11.8444 0
      vertex 6.80324 11.8444 6
    endloop
  endfacet
  facet normal 0.866906 -0.498471 0
    outer loop
      vertex 6.80324 11.8444 0
      vertex 6.80078 11.8401 6
      vertex 6.80078 11.8401 0
    endloop
  endfacet
  facet normal 0.560666 0.828042 -0
    outer loop
      vertex 6.80324 11.8444 0
      vertex 6.6438 11.9524 6
      vertex 6.80324 11.8444 6
    endloop
  endfacet
  facet normal 0.560666 0.828042 0
    outer loop
      vertex 6.6438 11.9524 6
      vertex 6.80324 11.8444 0
      vertex 6.6438 11.9524 0
    endloop
  endfacet
  facet normal 0.981311 0.192427 0
    outer loop
      vertex 6.6438 11.9524 6
      vertex 6.55238 12.4186 0
      vertex 6.55238 12.4186 6
    endloop
  endfacet
  facet normal 0.981311 0.192427 0
    outer loop
      vertex 6.55238 12.4186 0
      vertex 6.6438 11.9524 6
      vertex 6.6438 11.9524 0
    endloop
  endfacet
  facet normal 0.931799 0.362974 0
    outer loop
      vertex 6.55238 12.4186 6
      vertex 6.47134 12.6266 0
      vertex 6.47134 12.6266 6
    endloop
  endfacet
  facet normal 0.931799 0.362974 0
    outer loop
      vertex 6.47134 12.6266 0
      vertex 6.55238 12.4186 6
      vertex 6.55238 12.4186 0
    endloop
  endfacet
  facet normal 0.910609 0.413269 0
    outer loop
      vertex 6.47134 12.6266 6
      vertex 6.35471 12.8836 0
      vertex 6.35471 12.8836 6
    endloop
  endfacet
  facet normal 0.910609 0.413269 0
    outer loop
      vertex 6.35471 12.8836 0
      vertex 6.47134 12.6266 6
      vertex 6.47134 12.6266 0
    endloop
  endfacet
  facet normal 0.886417 0.462887 0
    outer loop
      vertex 6.35471 12.8836 6
      vertex 6.24954 13.085 0
      vertex 6.24954 13.085 6
    endloop
  endfacet
  facet normal 0.886417 0.462887 0
    outer loop
      vertex 6.24954 13.085 0
      vertex 6.35471 12.8836 6
      vertex 6.35471 12.8836 0
    endloop
  endfacet
  facet normal 0.880404 0.474224 0
    outer loop
      vertex 6.24954 13.085 6
      vertex 6.19041 13.1948 0
      vertex 6.19041 13.1948 6
    endloop
  endfacet
  facet normal 0.880404 0.474224 0
    outer loop
      vertex 6.19041 13.1948 0
      vertex 6.24954 13.085 6
      vertex 6.24954 13.085 0
    endloop
  endfacet
  facet normal 0.863371 0.504569 0
    outer loop
      vertex 6.19041 13.1948 6
      vertex 6.12323 13.3097 0
      vertex 6.12323 13.3097 6
    endloop
  endfacet
  facet normal 0.863371 0.504569 0
    outer loop
      vertex 6.12323 13.3097 0
      vertex 6.19041 13.1948 6
      vertex 6.19041 13.1948 0
    endloop
  endfacet
  facet normal 0.849947 0.526867 0
    outer loop
      vertex 6.12323 13.3097 6
      vertex 5.97052 13.5561 0
      vertex 5.97052 13.5561 6
    endloop
  endfacet
  facet normal 0.849947 0.526867 0
    outer loop
      vertex 5.97052 13.5561 0
      vertex 6.12323 13.3097 6
      vertex 6.12323 13.3097 0
    endloop
  endfacet
  facet normal 0.838025 0.545632 0
    outer loop
      vertex 5.97052 13.5561 6
      vertex 5.88504 13.6874 0
      vertex 5.88504 13.6874 6
    endloop
  endfacet
  facet normal 0.838025 0.545632 0
    outer loop
      vertex 5.88504 13.6874 0
      vertex 5.97052 13.5561 6
      vertex 5.97052 13.5561 0
    endloop
  endfacet
  facet normal 0.819915 0.572485 0
    outer loop
      vertex 5.88504 13.6874 6
      vertex 5.79018 13.8232 0
      vertex 5.79018 13.8232 6
    endloop
  endfacet
  facet normal 0.819915 0.572485 0
    outer loop
      vertex 5.79018 13.8232 0
      vertex 5.88504 13.6874 6
      vertex 5.88504 13.6874 0
    endloop
  endfacet
  facet normal 0.808801 0.588083 0
    outer loop
      vertex 5.79018 13.8232 6
      vertex 5.68781 13.964 0
      vertex 5.68781 13.964 6
    endloop
  endfacet
  facet normal 0.808801 0.588083 0
    outer loop
      vertex 5.68781 13.964 0
      vertex 5.79018 13.8232 6
      vertex 5.79018 13.8232 0
    endloop
  endfacet
  facet normal 0.79819 0.602406 0
    outer loop
      vertex 5.68781 13.964 6
      vertex 5.5779 14.1096 0
      vertex 5.5779 14.1096 6
    endloop
  endfacet
  facet normal 0.79819 0.602406 0
    outer loop
      vertex 5.5779 14.1096 0
      vertex 5.68781 13.964 6
      vertex 5.68781 13.964 0
    endloop
  endfacet
  facet normal 0.786601 0.617462 0
    outer loop
      vertex 5.5779 14.1096 6
      vertex 5.45992 14.2599 0
      vertex 5.45992 14.2599 6
    endloop
  endfacet
  facet normal 0.786601 0.617462 0
    outer loop
      vertex 5.45992 14.2599 0
      vertex 5.5779 14.1096 6
      vertex 5.5779 14.1096 0
    endloop
  endfacet
  facet normal 0.77407 0.633101 0
    outer loop
      vertex 5.45992 14.2599 6
      vertex 5.33334 14.4147 0
      vertex 5.33334 14.4147 6
    endloop
  endfacet
  facet normal 0.77407 0.633101 0
    outer loop
      vertex 5.33334 14.4147 0
      vertex 5.45992 14.2599 6
      vertex 5.45992 14.2599 0
    endloop
  endfacet
  facet normal 0.758953 0.651145 0
    outer loop
      vertex 5.33334 14.4147 6
      vertex 5.19704 14.5736 0
      vertex 5.19704 14.5736 6
    endloop
  endfacet
  facet normal 0.758953 0.651145 0
    outer loop
      vertex 5.19704 14.5736 0
      vertex 5.33334 14.4147 6
      vertex 5.33334 14.4147 0
    endloop
  endfacet
  facet normal 0.742278 0.670092 0
    outer loop
      vertex 5.19704 14.5736 6
      vertex 5.15497 14.6202 0
      vertex 5.15497 14.6202 6
    endloop
  endfacet
  facet normal 0.742278 0.670092 0
    outer loop
      vertex 5.15497 14.6202 0
      vertex 5.19704 14.5736 6
      vertex 5.19704 14.5736 0
    endloop
  endfacet
  facet normal -0.215516 0.9765 0
    outer loop
      vertex 5.15497 14.6202 0
      vertex 4.91513 14.5672 6
      vertex 5.15497 14.6202 6
    endloop
  endfacet
  facet normal -0.215516 0.9765 0
    outer loop
      vertex 4.91513 14.5672 6
      vertex 5.15497 14.6202 0
      vertex 4.91513 14.5672 0
    endloop
  endfacet
  facet normal -0.267275 0.96362 0
    outer loop
      vertex 4.91513 14.5672 0
      vertex 4.39713 14.4236 6
      vertex 4.91513 14.5672 6
    endloop
  endfacet
  facet normal -0.267275 0.96362 0
    outer loop
      vertex 4.39713 14.4236 6
      vertex 4.91513 14.5672 0
      vertex 4.39713 14.4236 0
    endloop
  endfacet
  facet normal -0.977399 0.211404 0
    outer loop
      vertex 4.3385 14.1525 0
      vertex 4.39713 14.4236 6
      vertex 4.39713 14.4236 0
    endloop
  endfacet
  facet normal -0.977399 0.211404 0
    outer loop
      vertex 4.39713 14.4236 6
      vertex 4.3385 14.1525 0
      vertex 4.3385 14.1525 6
    endloop
  endfacet
  facet normal -0.98277 0.184832 0
    outer loop
      vertex 4.30212 13.9591 0
      vertex 4.3385 14.1525 6
      vertex 4.3385 14.1525 0
    endloop
  endfacet
  facet normal -0.98277 0.184832 0
    outer loop
      vertex 4.3385 14.1525 6
      vertex 4.30212 13.9591 0
      vertex 4.30212 13.9591 6
    endloop
  endfacet
  facet normal -0.987212 0.159411 0
    outer loop
      vertex 4.27206 13.7729 0
      vertex 4.30212 13.9591 6
      vertex 4.30212 13.9591 0
    endloop
  endfacet
  facet normal -0.987212 0.159411 0
    outer loop
      vertex 4.30212 13.9591 6
      vertex 4.27206 13.7729 0
      vertex 4.27206 13.7729 6
    endloop
  endfacet
  facet normal -0.990936 0.134331 0
    outer loop
      vertex 4.22444 13.4216 0
      vertex 4.27206 13.7729 6
      vertex 4.27206 13.7729 0
    endloop
  endfacet
  facet normal -0.990936 0.134331 0
    outer loop
      vertex 4.27206 13.7729 6
      vertex 4.22444 13.4216 0
      vertex 4.22444 13.4216 6
    endloop
  endfacet
  facet normal -0.994599 0.103796 0
    outer loop
      vertex 4.20728 13.2572 0
      vertex 4.22444 13.4216 6
      vertex 4.22444 13.4216 0
    endloop
  endfacet
  facet normal -0.994599 0.103796 0
    outer loop
      vertex 4.22444 13.4216 6
      vertex 4.20728 13.2572 0
      vertex 4.20728 13.2572 6
    endloop
  endfacet
  facet normal -0.996845 0.0793707 0
    outer loop
      vertex 4.19481 13.1006 0
      vertex 4.20728 13.2572 6
      vertex 4.20728 13.2572 0
    endloop
  endfacet
  facet normal -0.996845 0.0793707 0
    outer loop
      vertex 4.20728 13.2572 6
      vertex 4.19481 13.1006 0
      vertex 4.19481 13.1006 6
    endloop
  endfacet
  facet normal -0.998769 0.0495959 0
    outer loop
      vertex 4.18045 12.8114 0
      vertex 4.19481 13.1006 6
      vertex 4.19481 13.1006 0
    endloop
  endfacet
  facet normal -0.998769 0.0495959 0
    outer loop
      vertex 4.19481 13.1006 6
      vertex 4.18045 12.8114 0
      vertex 4.18045 12.8114 6
    endloop
  endfacet
  facet normal -0.999723 0.0235202 0
    outer loop
      vertex 4.17734 12.6791 0
      vertex 4.18045 12.8114 6
      vertex 4.18045 12.8114 0
    endloop
  endfacet
  facet normal -0.999723 0.0235202 0
    outer loop
      vertex 4.18045 12.8114 6
      vertex 4.17734 12.6791 0
      vertex 4.17734 12.6791 6
    endloop
  endfacet
  facet normal -1 -0.000494193 0
    outer loop
      vertex 4.1774 12.5556 0
      vertex 4.17734 12.6791 6
      vertex 4.17734 12.6791 0
    endloop
  endfacet
  facet normal -1 -0.000494193 0
    outer loop
      vertex 4.17734 12.6791 6
      vertex 4.1774 12.5556 0
      vertex 4.1774 12.5556 6
    endloop
  endfacet
  facet normal -0.999709 -0.0241135 0
    outer loop
      vertex 4.18016 12.4411 0
      vertex 4.1774 12.5556 6
      vertex 4.1774 12.5556 0
    endloop
  endfacet
  facet normal -0.999709 -0.0241135 0
    outer loop
      vertex 4.1774 12.5556 6
      vertex 4.18016 12.4411 0
      vertex 4.18016 12.4411 6
    endloop
  endfacet
  facet normal -0.998885 -0.0472074 0
    outer loop
      vertex 4.18513 12.3359 0
      vertex 4.18016 12.4411 6
      vertex 4.18016 12.4411 0
    endloop
  endfacet
  facet normal -0.998885 -0.0472074 0
    outer loop
      vertex 4.18016 12.4411 6
      vertex 4.18513 12.3359 0
      vertex 4.18513 12.3359 6
    endloop
  endfacet
  facet normal -0.997551 -0.0699478 0
    outer loop
      vertex 4.19185 12.2401 0
      vertex 4.18513 12.3359 6
      vertex 4.18513 12.3359 0
    endloop
  endfacet
  facet normal -0.997551 -0.0699478 0
    outer loop
      vertex 4.18513 12.3359 6
      vertex 4.19185 12.2401 0
      vertex 4.19185 12.2401 6
    endloop
  endfacet
  facet normal -0.994699 -0.102826 0
    outer loop
      vertex 4.20859 12.0782 0
      vertex 4.19185 12.2401 6
      vertex 4.19185 12.2401 0
    endloop
  endfacet
  facet normal -0.994699 -0.102826 0
    outer loop
      vertex 4.19185 12.2401 6
      vertex 4.20859 12.0782 0
      vertex 4.20859 12.0782 6
    endloop
  endfacet
  facet normal -0.989582 -0.143971 0
    outer loop
      vertex 4.23898 11.8693 0
      vertex 4.20859 12.0782 6
      vertex 4.20859 12.0782 0
    endloop
  endfacet
  facet normal -0.989582 -0.143971 0
    outer loop
      vertex 4.20859 12.0782 6
      vertex 4.23898 11.8693 0
      vertex 4.23898 11.8693 6
    endloop
  endfacet
  facet normal -0.95074 -0.309988 0
    outer loop
      vertex 4.39926 11.3777 0
      vertex 4.23898 11.8693 6
      vertex 4.23898 11.8693 0
    endloop
  endfacet
  facet normal -0.95074 -0.309988 0
    outer loop
      vertex 4.23898 11.8693 6
      vertex 4.39926 11.3777 0
      vertex 4.39926 11.3777 6
    endloop
  endfacet
  facet normal -0.892028 0.45198 0
    outer loop
      vertex 4.30852 11.1986 0
      vertex 4.39926 11.3777 6
      vertex 4.39926 11.3777 0
    endloop
  endfacet
  facet normal -0.892028 0.45198 0
    outer loop
      vertex 4.39926 11.3777 6
      vertex 4.30852 11.1986 0
      vertex 4.30852 11.1986 6
    endloop
  endfacet
  facet normal -0.316766 0.948504 0
    outer loop
      vertex 4.30852 11.1986 0
      vertex 3.82484 11.0371 6
      vertex 4.30852 11.1986 6
    endloop
  endfacet
  facet normal -0.316766 0.948504 0
    outer loop
      vertex 3.82484 11.0371 6
      vertex 4.30852 11.1986 0
      vertex 3.82484 11.0371 0
    endloop
  endfacet
  facet normal -0.364142 0.931343 0
    outer loop
      vertex 3.82484 11.0371 0
      vertex 3.04346 10.7316 6
      vertex 3.82484 11.0371 6
    endloop
  endfacet
  facet normal -0.364142 0.931343 0
    outer loop
      vertex 3.04346 10.7316 6
      vertex 3.82484 11.0371 0
      vertex 3.04346 10.7316 0
    endloop
  endfacet
  facet normal 0.962651 -0.270746 0
    outer loop
      vertex 3.04346 10.7316 6
      vertex 3.04401 10.7335 0
      vertex 3.04401 10.7335 6
    endloop
  endfacet
  facet normal 0.962651 -0.270746 0
    outer loop
      vertex 3.04401 10.7335 0
      vertex 3.04346 10.7316 6
      vertex 3.04346 10.7316 0
    endloop
  endfacet
  facet normal 0.373276 0.927721 -0
    outer loop
      vertex 3.04401 10.7335 0
      vertex 2.86539 10.8054 6
      vertex 3.04401 10.7335 6
    endloop
  endfacet
  facet normal 0.373276 0.927721 0
    outer loop
      vertex 2.86539 10.8054 6
      vertex 3.04401 10.7335 0
      vertex 2.86539 10.8054 0
    endloop
  endfacet
  facet normal 0.918487 0.395451 0
    outer loop
      vertex 2.86539 10.8054 6
      vertex 2.67058 11.2578 0
      vertex 2.67058 11.2578 6
    endloop
  endfacet
  facet normal 0.918487 0.395451 0
    outer loop
      vertex 2.67058 11.2578 0
      vertex 2.86539 10.8054 6
      vertex 2.86539 10.8054 0
    endloop
  endfacet
  facet normal 0.838867 0.544336 0
    outer loop
      vertex 2.67058 11.2578 6
      vertex 2.55061 11.4427 0
      vertex 2.55061 11.4427 6
    endloop
  endfacet
  facet normal 0.838867 0.544336 0
    outer loop
      vertex 2.55061 11.4427 0
      vertex 2.67058 11.2578 6
      vertex 2.67058 11.2578 0
    endloop
  endfacet
  facet normal 0.82148 0.570238 0
    outer loop
      vertex 2.55061 11.4427 6
      vertex 2.5031 11.5112 0
      vertex 2.5031 11.5112 6
    endloop
  endfacet
  facet normal 0.82148 0.570238 0
    outer loop
      vertex 2.5031 11.5112 0
      vertex 2.55061 11.4427 6
      vertex 2.55061 11.4427 0
    endloop
  endfacet
  facet normal 0.800029 0.599961 0
    outer loop
      vertex 2.5031 11.5112 6
      vertex 2.38898 11.6633 0
      vertex 2.38898 11.6633 6
    endloop
  endfacet
  facet normal 0.800029 0.599961 0
    outer loop
      vertex 2.38898 11.6633 0
      vertex 2.5031 11.5112 6
      vertex 2.5031 11.5112 0
    endloop
  endfacet
  facet normal 0.785252 0.619177 0
    outer loop
      vertex 2.38898 11.6633 6
      vertex 2.32281 11.7473 0
      vertex 2.32281 11.7473 6
    endloop
  endfacet
  facet normal 0.785252 0.619177 0
    outer loop
      vertex 2.32281 11.7473 0
      vertex 2.38898 11.6633 6
      vertex 2.38898 11.6633 0
    endloop
  endfacet
  facet normal 0.773312 0.634026 0
    outer loop
      vertex 2.32281 11.7473 6
      vertex 2.24995 11.8361 0
      vertex 2.24995 11.8361 6
    endloop
  endfacet
  facet normal 0.773312 0.634026 0
    outer loop
      vertex 2.24995 11.8361 0
      vertex 2.32281 11.7473 6
      vertex 2.32281 11.7473 0
    endloop
  endfacet
  facet normal 0.760096 0.649811 0
    outer loop
      vertex 2.24995 11.8361 6
      vertex 2.16994 11.9297 0
      vertex 2.16994 11.9297 6
    endloop
  endfacet
  facet normal 0.760096 0.649811 0
    outer loop
      vertex 2.16994 11.9297 0
      vertex 2.24995 11.8361 6
      vertex 2.24995 11.8361 0
    endloop
  endfacet
  facet normal 0.741629 0.67081 0
    outer loop
      vertex 2.16994 11.9297 6
      vertex 2.08148 12.0275 0
      vertex 2.08148 12.0275 6
    endloop
  endfacet
  facet normal 0.741629 0.67081 0
    outer loop
      vertex 2.08148 12.0275 0
      vertex 2.16994 11.9297 6
      vertex 2.16994 11.9297 0
    endloop
  endfacet
  facet normal 0.725528 0.688193 0
    outer loop
      vertex 2.08148 12.0275 6
      vertex 1.98473 12.1295 0
      vertex 1.98473 12.1295 6
    endloop
  endfacet
  facet normal 0.725528 0.688193 0
    outer loop
      vertex 1.98473 12.1295 0
      vertex 2.08148 12.0275 6
      vertex 2.08148 12.0275 0
    endloop
  endfacet
  facet normal 0.710925 0.703268 0
    outer loop
      vertex 1.98473 12.1295 6
      vertex 1.87962 12.2358 0
      vertex 1.87962 12.2358 6
    endloop
  endfacet
  facet normal 0.710925 0.703268 0
    outer loop
      vertex 1.87962 12.2358 0
      vertex 1.98473 12.1295 6
      vertex 1.98473 12.1295 0
    endloop
  endfacet
  facet normal 0.695462 0.718563 -0
    outer loop
      vertex 1.87962 12.2358 0
      vertex 1.76572 12.346 6
      vertex 1.87962 12.2358 6
    endloop
  endfacet
  facet normal 0.695462 0.718563 0
    outer loop
      vertex 1.76572 12.346 6
      vertex 1.87962 12.2358 0
      vertex 1.76572 12.346 0
    endloop
  endfacet
  facet normal 0.679076 0.734068 -0
    outer loop
      vertex 1.76572 12.346 0
      vertex 1.64249 12.46 6
      vertex 1.76572 12.346 6
    endloop
  endfacet
  facet normal 0.679076 0.734068 0
    outer loop
      vertex 1.64249 12.46 6
      vertex 1.76572 12.346 0
      vertex 1.64249 12.46 0
    endloop
  endfacet
  facet normal 0.662088 0.749426 -0
    outer loop
      vertex 1.64249 12.46 0
      vertex 1.50946 12.5775 6
      vertex 1.64249 12.46 6
    endloop
  endfacet
  facet normal 0.662088 0.749426 0
    outer loop
      vertex 1.50946 12.5775 6
      vertex 1.64249 12.46 0
      vertex 1.50946 12.5775 0
    endloop
  endfacet
  facet normal 0.644386 0.7647 -0
    outer loop
      vertex 1.50946 12.5775 0
      vertex 1.36612 12.6983 6
      vertex 1.50946 12.5775 6
    endloop
  endfacet
  facet normal 0.644386 0.7647 0
    outer loop
      vertex 1.36612 12.6983 6
      vertex 1.50946 12.5775 0
      vertex 1.36612 12.6983 0
    endloop
  endfacet
  facet normal 0.626078 0.779761 -0
    outer loop
      vertex 1.36612 12.6983 0
      vertex 1.21198 12.8221 6
      vertex 1.36612 12.6983 6
    endloop
  endfacet
  facet normal 0.626078 0.779761 0
    outer loop
      vertex 1.21198 12.8221 6
      vertex 1.36612 12.6983 0
      vertex 1.21198 12.8221 0
    endloop
  endfacet
  facet normal 0.607243 0.794516 -0
    outer loop
      vertex 1.21198 12.8221 0
      vertex 1.04651 12.9485 6
      vertex 1.21198 12.8221 6
    endloop
  endfacet
  facet normal 0.607243 0.794516 0
    outer loop
      vertex 1.04651 12.9485 6
      vertex 1.21198 12.8221 0
      vertex 1.04651 12.9485 0
    endloop
  endfacet
  facet normal 0.584855 0.811138 -0
    outer loop
      vertex 1.04651 12.9485 0
      vertex 0.840302 13.0972 6
      vertex 1.04651 12.9485 6
    endloop
  endfacet
  facet normal 0.584855 0.811138 0
    outer loop
      vertex 0.840302 13.0972 6
      vertex 1.04651 12.9485 0
      vertex 0.840302 13.0972 0
    endloop
  endfacet
  facet normal -0.452826 0.891599 0
    outer loop
      vertex 0.840302 13.0972 0
      vertex 0.159683 12.7516 6
      vertex 0.840302 13.0972 6
    endloop
  endfacet
  facet normal -0.452826 0.891599 0
    outer loop
      vertex 0.159683 12.7516 6
      vertex 0.840302 13.0972 0
      vertex 0.159683 12.7516 0
    endloop
  endfacet
  facet normal -0.999791 0.0204462 0
    outer loop
      vertex 0.158478 12.6926 0
      vertex 0.159683 12.7516 6
      vertex 0.159683 12.7516 0
    endloop
  endfacet
  facet normal -0.999791 0.0204462 0
    outer loop
      vertex 0.159683 12.7516 6
      vertex 0.158478 12.6926 0
      vertex 0.158478 12.6926 6
    endloop
  endfacet
  facet normal -0.999997 -0.00262352 0
    outer loop
      vertex 0.159027 12.4832 0
      vertex 0.158478 12.6926 6
      vertex 0.158478 12.6926 0
    endloop
  endfacet
  facet normal -0.999997 -0.00262352 0
    outer loop
      vertex 0.158478 12.6926 6
      vertex 0.159027 12.4832 0
      vertex 0.159027 12.4832 6
    endloop
  endfacet
  facet normal -0.999674 -0.0255452 0
    outer loop
      vertex 0.164169 12.282 0
      vertex 0.159027 12.4832 6
      vertex 0.159027 12.4832 0
    endloop
  endfacet
  facet normal -0.999674 -0.0255452 0
    outer loop
      vertex 0.159027 12.4832 6
      vertex 0.164169 12.282 0
      vertex 0.164169 12.282 6
    endloop
  endfacet
  facet normal -0.998838 -0.0481958 0
    outer loop
      vertex 0.173477 12.0891 0
      vertex 0.164169 12.282 6
      vertex 0.164169 12.282 0
    endloop
  endfacet
  facet normal -0.998838 -0.0481958 0
    outer loop
      vertex 0.164169 12.282 6
      vertex 0.173477 12.0891 0
      vertex 0.173477 12.0891 6
    endloop
  endfacet
  facet normal -0.997499 -0.0706779 0
    outer loop
      vertex 0.186539 11.9048 0
      vertex 0.173477 12.0891 6
      vertex 0.173477 12.0891 0
    endloop
  endfacet
  facet normal -0.997499 -0.0706779 0
    outer loop
      vertex 0.173477 12.0891 6
      vertex 0.186539 11.9048 0
      vertex 0.186539 11.9048 6
    endloop
  endfacet
  facet normal -0.99564 -0.0932817 0
    outer loop
      vertex 0.202988 11.7292 0
      vertex 0.186539 11.9048 6
      vertex 0.186539 11.9048 0
    endloop
  endfacet
  facet normal -0.99564 -0.0932817 0
    outer loop
      vertex 0.186539 11.9048 6
      vertex 0.202988 11.7292 0
      vertex 0.202988 11.7292 6
    endloop
  endfacet
  facet normal -0.993285 -0.115695 0
    outer loop
      vertex 0.222382 11.5627 0
      vertex 0.202988 11.7292 6
      vertex 0.202988 11.7292 0
    endloop
  endfacet
  facet normal -0.993285 -0.115695 0
    outer loop
      vertex 0.202988 11.7292 6
      vertex 0.222382 11.5627 0
      vertex 0.222382 11.5627 6
    endloop
  endfacet
  facet normal -0.990387 -0.138325 0
    outer loop
      vertex 0.244339 11.4055 0
      vertex 0.222382 11.5627 6
      vertex 0.222382 11.5627 0
    endloop
  endfacet
  facet normal -0.990387 -0.138325 0
    outer loop
      vertex 0.222382 11.5627 6
      vertex 0.244339 11.4055 0
      vertex 0.244339 11.4055 6
    endloop
  endfacet
  facet normal -0.98694 -0.161089 0
    outer loop
      vertex 0.268433 11.2579 0
      vertex 0.244339 11.4055 6
      vertex 0.244339 11.4055 0
    endloop
  endfacet
  facet normal -0.98694 -0.161089 0
    outer loop
      vertex 0.244339 11.4055 6
      vertex 0.268433 11.2579 0
      vertex 0.268433 11.2579 6
    endloop
  endfacet
  facet normal -0.982899 -0.184144 0
    outer loop
      vertex 0.294235 11.1201 0
      vertex 0.268433 11.2579 6
      vertex 0.268433 11.2579 0
    endloop
  endfacet
  facet normal -0.982899 -0.184144 0
    outer loop
      vertex 0.268433 11.2579 6
      vertex 0.294235 11.1201 0
      vertex 0.294235 11.1201 6
    endloop
  endfacet
  facet normal -0.978222 -0.207562 0
    outer loop
      vertex 0.321289 10.9926 0
      vertex 0.294235 11.1201 6
      vertex 0.294235 11.1201 0
    endloop
  endfacet
  facet normal -0.978222 -0.207562 0
    outer loop
      vertex 0.294235 11.1201 6
      vertex 0.321289 10.9926 0
      vertex 0.321289 10.9926 6
    endloop
  endfacet
  facet normal -0.972784 -0.231712 0
    outer loop
      vertex 0.349152 10.8757 0
      vertex 0.321289 10.9926 6
      vertex 0.321289 10.9926 0
    endloop
  endfacet
  facet normal -0.972784 -0.231712 0
    outer loop
      vertex 0.321289 10.9926 6
      vertex 0.349152 10.8757 0
      vertex 0.349152 10.8757 6
    endloop
  endfacet
  facet normal -0.966534 -0.256538 0
    outer loop
      vertex 0.377319 10.7695 0
      vertex 0.349152 10.8757 6
      vertex 0.349152 10.8757 0
    endloop
  endfacet
  facet normal -0.966534 -0.256538 0
    outer loop
      vertex 0.349152 10.8757 6
      vertex 0.377319 10.7695 0
      vertex 0.377319 10.7695 6
    endloop
  endfacet
  facet normal -0.959366 -0.282166 0
    outer loop
      vertex 0.405243 10.6746 0
      vertex 0.377319 10.7695 6
      vertex 0.377319 10.7695 0
    endloop
  endfacet
  facet normal -0.959366 -0.282166 0
    outer loop
      vertex 0.377319 10.7695 6
      vertex 0.405243 10.6746 0
      vertex 0.405243 10.6746 6
    endloop
  endfacet
  facet normal -0.947316 -0.320301 0
    outer loop
      vertex 0.457764 10.5193 0
      vertex 0.405243 10.6746 6
      vertex 0.405243 10.6746 0
    endloop
  endfacet
  facet normal -0.947316 -0.320301 0
    outer loop
      vertex 0.405243 10.6746 6
      vertex 0.457764 10.5193 0
      vertex 0.457764 10.5193 6
    endloop
  endfacet
  facet normal -0.932135 -0.36211 0
    outer loop
      vertex 0.499832 10.411 0
      vertex 0.457764 10.5193 6
      vertex 0.457764 10.5193 0
    endloop
  endfacet
  facet normal -0.932135 -0.36211 0
    outer loop
      vertex 0.457764 10.5193 6
      vertex 0.499832 10.411 0
      vertex 0.499832 10.411 6
    endloop
  endfacet
  facet normal -0.919243 -0.39369 0
    outer loop
      vertex 0.55687 10.2778 0
      vertex 0.499832 10.411 6
      vertex 0.499832 10.411 0
    endloop
  endfacet
  facet normal -0.919243 -0.39369 0
    outer loop
      vertex 0.499832 10.411 6
      vertex 0.55687 10.2778 0
      vertex 0.55687 10.2778 6
    endloop
  endfacet
  facet normal -0.857795 -0.513992 0
    outer loop
      vertex 0.85199 9.78526 0
      vertex 0.55687 10.2778 6
      vertex 0.55687 10.2778 0
    endloop
  endfacet
  facet normal -0.857795 -0.513992 0
    outer loop
      vertex 0.55687 10.2778 6
      vertex 0.85199 9.78526 0
      vertex 0.85199 9.78526 6
    endloop
  endfacet
  facet normal -0.969917 0.243436 0
    outer loop
      vertex 0.804443 9.59583 0
      vertex 0.85199 9.78526 6
      vertex 0.85199 9.78526 0
    endloop
  endfacet
  facet normal -0.969917 0.243436 0
    outer loop
      vertex 0.85199 9.78526 6
      vertex 0.804443 9.59583 0
      vertex 0.804443 9.59583 6
    endloop
  endfacet
  facet normal -0.53388 0.84556 0
    outer loop
      vertex 0.804443 9.59583 0
      vertex 0.269775 9.25824 6
      vertex 0.804443 9.59583 6
    endloop
  endfacet
  facet normal -0.53388 0.84556 0
    outer loop
      vertex 0.269775 9.25824 6
      vertex 0.804443 9.59583 0
      vertex 0.269775 9.25824 0
    endloop
  endfacet
  facet normal -0.571752 0.820427 0
    outer loop
      vertex 0.269775 9.25824 0
      vertex -0.28952 8.86847 6
      vertex 0.269775 9.25824 6
    endloop
  endfacet
  facet normal -0.571752 0.820427 0
    outer loop
      vertex -0.28952 8.86847 6
      vertex 0.269775 9.25824 0
      vertex -0.28952 8.86847 0
    endloop
  endfacet
  facet normal -0.607869 0.794037 0
    outer loop
      vertex -0.28952 8.86847 0
      vertex -0.338852 8.8307 6
      vertex -0.28952 8.86847 6
    endloop
  endfacet
  facet normal -0.607869 0.794037 0
    outer loop
      vertex -0.338852 8.8307 6
      vertex -0.28952 8.86847 0
      vertex -0.338852 8.8307 0
    endloop
  endfacet
  facet normal 0.999168 0.0407824 0
    outer loop
      vertex -0.338852 8.8307 6
      vertex -0.338943 8.83295 0
      vertex -0.338943 8.83295 6
    endloop
  endfacet
  facet normal 0.999168 0.0407824 0
    outer loop
      vertex -0.338943 8.83295 0
      vertex -0.338852 8.8307 6
      vertex -0.338852 8.8307 0
    endloop
  endfacet
  facet normal 0.140356 0.990101 -0
    outer loop
      vertex -0.338943 8.83295 0
      vertex -0.529572 8.85997 6
      vertex -0.338943 8.83295 6
    endloop
  endfacet
  facet normal 0.140356 0.990101 0
    outer loop
      vertex -0.529572 8.85997 6
      vertex -0.338943 8.83295 0
      vertex -0.529572 8.85997 0
    endloop
  endfacet
  facet normal 0.797095 0.603854 0
    outer loop
      vertex -0.529572 8.85997 6
      vertex -0.851089 9.28438 0
      vertex -0.851089 9.28438 6
    endloop
  endfacet
  facet normal 0.797095 0.603854 0
    outer loop
      vertex -0.851089 9.28438 0
      vertex -0.529572 8.85997 6
      vertex -0.529572 8.85997 0
    endloop
  endfacet
  facet normal 0.699387 0.714743 -0
    outer loop
      vertex -0.851089 9.28438 0
      vertex -1.00308 9.43311 6
      vertex -0.851089 9.28438 6
    endloop
  endfacet
  facet normal 0.699387 0.714743 0
    outer loop
      vertex -1.00308 9.43311 6
      vertex -0.851089 9.28438 0
      vertex -1.00308 9.43311 0
    endloop
  endfacet
  facet normal 0.668301 0.743891 -0
    outer loop
      vertex -1.00308 9.43311 0
      vertex -1.12216 9.54008 6
      vertex -1.00308 9.43311 6
    endloop
  endfacet
  facet normal 0.668301 0.743891 0
    outer loop
      vertex -1.12216 9.54008 6
      vertex -1.00308 9.43311 0
      vertex -1.12216 9.54008 0
    endloop
  endfacet
  facet normal 0.64298 0.765883 -0
    outer loop
      vertex -1.12216 9.54008 0
      vertex -1.19319 9.59972 6
      vertex -1.12216 9.54008 6
    endloop
  endfacet
  facet normal 0.64298 0.765883 0
    outer loop
      vertex -1.19319 9.59972 6
      vertex -1.12216 9.54008 0
      vertex -1.19319 9.59972 0
    endloop
  endfacet
  facet normal 0.625043 0.78059 -0
    outer loop
      vertex -1.19319 9.59972 0
      vertex -1.27245 9.66318 6
      vertex -1.19319 9.59972 6
    endloop
  endfacet
  facet normal 0.625043 0.78059 0
    outer loop
      vertex -1.27245 9.66318 6
      vertex -1.19319 9.59972 0
      vertex -1.27245 9.66318 0
    endloop
  endfacet
  facet normal 0.606471 0.795105 -0
    outer loop
      vertex -1.27245 9.66318 0
      vertex -1.36037 9.73024 6
      vertex -1.27245 9.66318 6
    endloop
  endfacet
  facet normal 0.606471 0.795105 0
    outer loop
      vertex -1.36037 9.73024 6
      vertex -1.27245 9.66318 0
      vertex -1.36037 9.73024 0
    endloop
  endfacet
  facet normal 0.585416 0.810733 -0
    outer loop
      vertex -1.36037 9.73024 0
      vertex -1.45766 9.80049 6
      vertex -1.36037 9.73024 6
    endloop
  endfacet
  facet normal 0.585416 0.810733 0
    outer loop
      vertex -1.45766 9.80049 6
      vertex -1.36037 9.73024 0
      vertex -1.45766 9.80049 0
    endloop
  endfacet
  facet normal 0.561326 0.827595 -0
    outer loop
      vertex -1.45766 9.80049 0
      vertex -1.56512 9.87338 6
      vertex -1.45766 9.80049 6
    endloop
  endfacet
  facet normal 0.561326 0.827595 0
    outer loop
      vertex -1.56512 9.87338 6
      vertex -1.45766 9.80049 0
      vertex -1.56512 9.87338 0
    endloop
  endfacet
  facet normal 0.540978 0.841037 -0
    outer loop
      vertex -1.56512 9.87338 0
      vertex -1.68274 9.94904 6
      vertex -1.56512 9.87338 6
    endloop
  endfacet
  facet normal 0.540978 0.841037 0
    outer loop
      vertex -1.68274 9.94904 6
      vertex -1.56512 9.87338 0
      vertex -1.68274 9.94904 0
    endloop
  endfacet
  facet normal 0.520163 0.854067 -0
    outer loop
      vertex -1.68274 9.94904 0
      vertex -1.81099 10.0271 6
      vertex -1.68274 9.94904 6
    endloop
  endfacet
  facet normal 0.520163 0.854067 0
    outer loop
      vertex -1.81099 10.0271 6
      vertex -1.68274 9.94904 0
      vertex -1.81099 10.0271 0
    endloop
  endfacet
  facet normal 0.498947 0.866632 -0
    outer loop
      vertex -1.81099 10.0271 0
      vertex -1.95032 10.1074 6
      vertex -1.81099 10.0271 6
    endloop
  endfacet
  facet normal 0.498947 0.866632 0
    outer loop
      vertex -1.95032 10.1074 6
      vertex -1.81099 10.0271 0
      vertex -1.95032 10.1074 0
    endloop
  endfacet
  facet normal 0.477302 0.87874 -0
    outer loop
      vertex -1.95032 10.1074 0
      vertex -2.10126 10.1893 6
      vertex -1.95032 10.1074 6
    endloop
  endfacet
  facet normal 0.477302 0.87874 0
    outer loop
      vertex -2.10126 10.1893 6
      vertex -1.95032 10.1074 0
      vertex -2.10126 10.1893 0
    endloop
  endfacet
  facet normal 0.446716 0.894676 -0
    outer loop
      vertex -2.10126 10.1893 0
      vertex -2.26576 10.2715 6
      vertex -2.10126 10.1893 6
    endloop
  endfacet
  facet normal 0.446716 0.894676 0
    outer loop
      vertex -2.26576 10.2715 6
      vertex -2.10126 10.1893 0
      vertex -2.26576 10.2715 0
    endloop
  endfacet
  facet normal 0.424196 0.90557 -0
    outer loop
      vertex -2.26576 10.2715 0
      vertex -2.4429 10.3545 6
      vertex -2.26576 10.2715 6
    endloop
  endfacet
  facet normal 0.424196 0.90557 0
    outer loop
      vertex -2.4429 10.3545 6
      vertex -2.26576 10.2715 0
      vertex -2.4429 10.3545 0
    endloop
  endfacet
  facet normal 0.401054 0.916054 -0
    outer loop
      vertex -2.4429 10.3545 0
      vertex -2.63316 10.4378 6
      vertex -2.4429 10.3545 6
    endloop
  endfacet
  facet normal 0.401054 0.916054 0
    outer loop
      vertex -2.63316 10.4378 6
      vertex -2.4429 10.3545 0
      vertex -2.63316 10.4378 0
    endloop
  endfacet
  facet normal 0.369511 0.929227 -0
    outer loop
      vertex -2.63316 10.4378 0
      vertex -2.83868 10.5195 6
      vertex -2.63316 10.4378 6
    endloop
  endfacet
  facet normal 0.369511 0.929227 0
    outer loop
      vertex -2.83868 10.5195 6
      vertex -2.63316 10.4378 0
      vertex -2.83868 10.5195 0
    endloop
  endfacet
  facet normal 0.344618 0.938743 -0
    outer loop
      vertex -2.83868 10.5195 0
      vertex -3.0426 10.5943 6
      vertex -2.83868 10.5195 6
    endloop
  endfacet
  facet normal 0.344618 0.938743 0
    outer loop
      vertex -3.0426 10.5943 6
      vertex -2.83868 10.5195 0
      vertex -3.0426 10.5943 0
    endloop
  endfacet
  facet normal -0.642311 0.766444 0
    outer loop
      vertex -3.0426 10.5943 0
      vertex -3.29924 10.3793 6
      vertex -3.0426 10.5943 6
    endloop
  endfacet
  facet normal -0.642311 0.766444 0
    outer loop
      vertex -3.29924 10.3793 6
      vertex -3.0426 10.5943 0
      vertex -3.29924 10.3793 0
    endloop
  endfacet
  facet normal -0.67506 0.737763 0
    outer loop
      vertex -3.29924 10.3793 0
      vertex -3.59853 10.1054 6
      vertex -3.29924 10.3793 6
    endloop
  endfacet
  facet normal -0.67506 0.737763 0
    outer loop
      vertex -3.59853 10.1054 6
      vertex -3.29924 10.3793 0
      vertex -3.59853 10.1054 0
    endloop
  endfacet
  facet normal -0.972549 -0.232698 0
    outer loop
      vertex -3.543 9.87335 0
      vertex -3.59853 10.1054 6
      vertex -3.59853 10.1054 0
    endloop
  endfacet
  facet normal -0.972549 -0.232698 0
    outer loop
      vertex -3.59853 10.1054 6
      vertex -3.543 9.87335 0
      vertex -3.543 9.87335 6
    endloop
  endfacet
  facet normal -0.965773 -0.25939 0
    outer loop
      vertex -3.48853 9.67053 0
      vertex -3.543 9.87335 6
      vertex -3.543 9.87335 0
    endloop
  endfacet
  facet normal -0.965773 -0.25939 0
    outer loop
      vertex -3.543 9.87335 6
      vertex -3.48853 9.67053 0
      vertex -3.48853 9.67053 6
    endloop
  endfacet
  facet normal -0.958652 -0.28458 0
    outer loop
      vertex -3.43137 9.47798 0
      vertex -3.48853 9.67053 6
      vertex -3.48853 9.67053 0
    endloop
  endfacet
  facet normal -0.958652 -0.28458 0
    outer loop
      vertex -3.48853 9.67053 6
      vertex -3.43137 9.47798 0
      vertex -3.43137 9.47798 6
    endloop
  endfacet
  facet normal -0.950588 -0.310456 0
    outer loop
      vertex -3.37196 9.2961 0
      vertex -3.43137 9.47798 6
      vertex -3.43137 9.47798 0
    endloop
  endfacet
  facet normal -0.950588 -0.310456 0
    outer loop
      vertex -3.43137 9.47798 6
      vertex -3.37196 9.2961 0
      vertex -3.37196 9.2961 6
    endloop
  endfacet
  facet normal -0.943824 -0.330447 0
    outer loop
      vertex -3.3118 9.12425 0
      vertex -3.37196 9.2961 6
      vertex -3.37196 9.2961 0
    endloop
  endfacet
  facet normal -0.943824 -0.330447 0
    outer loop
      vertex -3.37196 9.2961 6
      vertex -3.3118 9.12425 0
      vertex -3.3118 9.12425 6
    endloop
  endfacet
  facet normal -0.934296 -0.356497 0
    outer loop
      vertex -3.25052 8.96365 0
      vertex -3.3118 9.12425 6
      vertex -3.3118 9.12425 0
    endloop
  endfacet
  facet normal -0.934296 -0.356497 0
    outer loop
      vertex -3.3118 9.12425 6
      vertex -3.25052 8.96365 0
      vertex -3.25052 8.96365 6
    endloop
  endfacet
  facet normal -0.923292 -0.384098 0
    outer loop
      vertex -3.18858 8.81477 0
      vertex -3.25052 8.96365 6
      vertex -3.25052 8.96365 0
    endloop
  endfacet
  facet normal -0.923292 -0.384098 0
    outer loop
      vertex -3.25052 8.96365 6
      vertex -3.18858 8.81477 0
      vertex -3.18858 8.81477 6
    endloop
  endfacet
  facet normal -0.910936 -0.412547 0
    outer loop
      vertex -3.12662 8.67795 0
      vertex -3.18858 8.81477 6
      vertex -3.18858 8.81477 0
    endloop
  endfacet
  facet normal -0.910936 -0.412547 0
    outer loop
      vertex -3.18858 8.81477 6
      vertex -3.12662 8.67795 0
      vertex -3.12662 8.67795 6
    endloop
  endfacet
  facet normal -0.902613 -0.430452 0
    outer loop
      vertex -3.06662 8.55214 0
      vertex -3.12662 8.67795 6
      vertex -3.12662 8.67795 0
    endloop
  endfacet
  facet normal -0.902613 -0.430452 0
    outer loop
      vertex -3.12662 8.67795 6
      vertex -3.06662 8.55214 0
      vertex -3.06662 8.55214 6
    endloop
  endfacet
  facet normal -0.887425 -0.460953 0
    outer loop
      vertex -3.00787 8.43904 0
      vertex -3.06662 8.55214 6
      vertex -3.06662 8.55214 0
    endloop
  endfacet
  facet normal -0.887425 -0.460953 0
    outer loop
      vertex -3.06662 8.55214 6
      vertex -3.00787 8.43904 0
      vertex -3.00787 8.43904 6
    endloop
  endfacet
  facet normal -0.872905 -0.48789 0
    outer loop
      vertex -2.95164 8.33844 0
      vertex -3.00787 8.43904 6
      vertex -3.00787 8.43904 0
    endloop
  endfacet
  facet normal -0.872905 -0.48789 0
    outer loop
      vertex -3.00787 8.43904 6
      vertex -2.95164 8.33844 0
      vertex -2.95164 8.33844 6
    endloop
  endfacet
  facet normal -0.860373 -0.509664 0
    outer loop
      vertex -2.89925 8.24998 0
      vertex -2.95164 8.33844 6
      vertex -2.95164 8.33844 0
    endloop
  endfacet
  facet normal -0.860373 -0.509664 0
    outer loop
      vertex -2.95164 8.33844 6
      vertex -2.89925 8.24998 0
      vertex -2.89925 8.24998 6
    endloop
  endfacet
  facet normal -0.83504 -0.550189 0
    outer loop
      vertex -2.80803 8.11154 0
      vertex -2.89925 8.24998 6
      vertex -2.89925 8.24998 0
    endloop
  endfacet
  facet normal -0.83504 -0.550189 0
    outer loop
      vertex -2.89925 8.24998 6
      vertex -2.80803 8.11154 0
      vertex -2.80803 8.11154 6
    endloop
  endfacet
  facet normal -0.798715 -0.601709 0
    outer loop
      vertex -2.7419 8.02376 0
      vertex -2.80803 8.11154 6
      vertex -2.80803 8.11154 0
    endloop
  endfacet
  facet normal -0.798715 -0.601709 0
    outer loop
      vertex -2.80803 8.11154 6
      vertex -2.7419 8.02376 0
      vertex -2.7419 8.02376 6
    endloop
  endfacet
  facet normal -0.758796 -0.651328 0
    outer loop
      vertex -2.62611 7.88887 0
      vertex -2.7419 8.02376 6
      vertex -2.7419 8.02376 0
    endloop
  endfacet
  facet normal -0.758796 -0.651328 0
    outer loop
      vertex -2.7419 8.02376 6
      vertex -2.62611 7.88887 0
      vertex -2.62611 7.88887 6
    endloop
  endfacet
  facet normal -0.69592 -0.718119 0
    outer loop
      vertex -2.62611 7.88887 0
      vertex -2.15572 7.43301 6
      vertex -2.62611 7.88887 6
    endloop
  endfacet
  facet normal -0.69592 -0.718119 -0
    outer loop
      vertex -2.15572 7.43301 6
      vertex -2.62611 7.88887 0
      vertex -2.15572 7.43301 0
    endloop
  endfacet
  facet normal -0.99987 -0.016094 0
    outer loop
      vertex -2.15259 7.23868 0
      vertex -2.15572 7.43301 6
      vertex -2.15572 7.43301 0
    endloop
  endfacet
  facet normal -0.99987 -0.016094 0
    outer loop
      vertex -2.15572 7.43301 6
      vertex -2.15259 7.23868 0
      vertex -2.15259 7.23868 6
    endloop
  endfacet
  facet normal -0.735695 0.677313 0
    outer loop
      vertex -2.48822 6.87411 0
      vertex -2.15259 7.23868 6
      vertex -2.15259 7.23868 0
    endloop
  endfacet
  facet normal -0.735695 0.677313 0
    outer loop
      vertex -2.15259 7.23868 6
      vertex -2.48822 6.87411 0
      vertex -2.48822 6.87411 6
    endloop
  endfacet
  facet normal -0.76358 0.645713 0
    outer loop
      vertex -2.82602 6.47466 0
      vertex -2.48822 6.87411 6
      vertex -2.48822 6.87411 0
    endloop
  endfacet
  facet normal -0.76358 0.645713 0
    outer loop
      vertex -2.48822 6.87411 6
      vertex -2.82602 6.47466 0
      vertex -2.82602 6.47466 6
    endloop
  endfacet
  facet normal -0.789894 0.613243 0
    outer loop
      vertex -3.06375 6.16844 0
      vertex -2.82602 6.47466 6
      vertex -2.82602 6.47466 0
    endloop
  endfacet
  facet normal -0.789894 0.613243 0
    outer loop
      vertex -2.82602 6.47466 6
      vertex -3.06375 6.16844 0
      vertex -3.06375 6.16844 6
    endloop
  endfacet
  facet normal 0.894427 0.447214 0
    outer loop
      vertex -3.06375 6.16844 6
      vertex -3.06506 6.17107 0
      vertex -3.06506 6.17107 6
    endloop
  endfacet
  facet normal 0.894427 0.447214 0
    outer loop
      vertex -3.06506 6.17107 0
      vertex -3.06375 6.16844 6
      vertex -3.06375 6.16844 0
    endloop
  endfacet
  facet normal -0.147244 0.9891 0
    outer loop
      vertex -3.06506 6.17107 0
      vertex -3.25551 6.14272 6
      vertex -3.06506 6.17107 6
    endloop
  endfacet
  facet normal -0.147244 0.9891 0
    outer loop
      vertex -3.25551 6.14272 6
      vertex -3.06506 6.17107 0
      vertex -3.25551 6.14272 0
    endloop
  endfacet
  facet normal 0.592898 0.805278 -0
    outer loop
      vertex -3.25551 6.14272 0
      vertex -3.7374 6.49751 6
      vertex -3.25551 6.14272 6
    endloop
  endfacet
  facet normal 0.592898 0.805278 0
    outer loop
      vertex -3.7374 6.49751 6
      vertex -3.25551 6.14272 0
      vertex -3.7374 6.49751 0
    endloop
  endfacet
  facet normal 0.505763 0.862673 -0
    outer loop
      vertex -3.7374 6.49751 0
      vertex -3.90904 6.59814 6
      vertex -3.7374 6.49751 6
    endloop
  endfacet
  facet normal 0.505763 0.862673 0
    outer loop
      vertex -3.90904 6.59814 6
      vertex -3.7374 6.49751 0
      vertex -3.90904 6.59814 0
    endloop
  endfacet
  facet normal 0.472001 0.881598 -0
    outer loop
      vertex -3.90904 6.59814 0
      vertex -3.96487 6.62804 6
      vertex -3.90904 6.59814 6
    endloop
  endfacet
  facet normal 0.472001 0.881598 0
    outer loop
      vertex -3.96487 6.62804 6
      vertex -3.90904 6.59814 0
      vertex -3.96487 6.62804 0
    endloop
  endfacet
  facet normal 0.432499 0.901635 -0
    outer loop
      vertex -3.96487 6.62804 0
      vertex -4.10532 6.6954 6
      vertex -3.96487 6.62804 6
    endloop
  endfacet
  facet normal 0.432499 0.901635 0
    outer loop
      vertex -4.10532 6.6954 6
      vertex -3.96487 6.62804 0
      vertex -4.10532 6.6954 0
    endloop
  endfacet
  facet normal 0.39878 0.917047 -0
    outer loop
      vertex -4.10532 6.6954 0
      vertex -4.19069 6.73253 6
      vertex -4.10532 6.6954 6
    endloop
  endfacet
  facet normal 0.39878 0.917047 0
    outer loop
      vertex -4.19069 6.73253 6
      vertex -4.10532 6.6954 0
      vertex -4.19069 6.73253 0
    endloop
  endfacet
  facet normal 0.365362 0.930866 -0
    outer loop
      vertex -4.19069 6.73253 0
      vertex -4.28749 6.77052 6
      vertex -4.19069 6.73253 6
    endloop
  endfacet
  facet normal 0.365362 0.930866 0
    outer loop
      vertex -4.28749 6.77052 6
      vertex -4.19069 6.73253 0
      vertex -4.28749 6.77052 0
    endloop
  endfacet
  facet normal 0.344801 0.938676 -0
    outer loop
      vertex -4.28749 6.77052 0
      vertex -4.39537 6.81015 6
      vertex -4.28749 6.77052 6
    endloop
  endfacet
  facet normal 0.344801 0.938676 0
    outer loop
      vertex -4.39537 6.81015 6
      vertex -4.28749 6.77052 0
      vertex -4.39537 6.81015 0
    endloop
  endfacet
  facet normal 0.30972 0.950828 -0
    outer loop
      vertex -4.39537 6.81015 0
      vertex -4.5159 6.84941 6
      vertex -4.39537 6.81015 6
    endloop
  endfacet
  facet normal 0.30972 0.950828 0
    outer loop
      vertex -4.5159 6.84941 6
      vertex -4.39537 6.81015 0
      vertex -4.5159 6.84941 0
    endloop
  endfacet
  facet normal 0.285378 0.958415 -0
    outer loop
      vertex -4.5159 6.84941 0
      vertex -4.64873 6.88896 6
      vertex -4.5159 6.84941 6
    endloop
  endfacet
  facet normal 0.285378 0.958415 0
    outer loop
      vertex -4.64873 6.88896 6
      vertex -4.5159 6.84941 0
      vertex -4.64873 6.88896 0
    endloop
  endfacet
  facet normal 0.250997 0.967988 -0
    outer loop
      vertex -4.64873 6.88896 0
      vertex -4.7952 6.92694 6
      vertex -4.64873 6.88896 6
    endloop
  endfacet
  facet normal 0.250997 0.967988 0
    outer loop
      vertex -4.7952 6.92694 6
      vertex -4.64873 6.88896 0
      vertex -4.7952 6.92694 0
    endloop
  endfacet
  facet normal 0.224452 0.974485 -0
    outer loop
      vertex -4.7952 6.92694 0
      vertex -4.95499 6.96375 6
      vertex -4.7952 6.92694 6
    endloop
  endfacet
  facet normal 0.224452 0.974485 0
    outer loop
      vertex -4.95499 6.96375 6
      vertex -4.7952 6.92694 0
      vertex -4.95499 6.96375 0
    endloop
  endfacet
  facet normal 0.187838 0.9822 -0
    outer loop
      vertex -4.95499 6.96375 0
      vertex -5.12956 6.99713 6
      vertex -4.95499 6.96375 6
    endloop
  endfacet
  facet normal 0.187838 0.9822 0
    outer loop
      vertex -5.12956 6.99713 6
      vertex -4.95499 6.96375 0
      vertex -5.12956 6.99713 0
    endloop
  endfacet
  facet normal 0.157788 0.987473 -0
    outer loop
      vertex -5.12956 6.99713 0
      vertex -5.31854 7.02733 6
      vertex -5.12956 6.99713 6
    endloop
  endfacet
  facet normal 0.157788 0.987473 0
    outer loop
      vertex -5.31854 7.02733 6
      vertex -5.12956 6.99713 0
      vertex -5.31854 7.02733 0
    endloop
  endfacet
  facet normal 0.124975 0.99216 -0
    outer loop
      vertex -5.31854 7.02733 0
      vertex -5.52254 7.05302 6
      vertex -5.31854 7.02733 6
    endloop
  endfacet
  facet normal 0.124975 0.99216 0
    outer loop
      vertex -5.52254 7.05302 6
      vertex -5.31854 7.02733 0
      vertex -5.52254 7.05302 0
    endloop
  endfacet
  facet normal 0.0889822 0.996033 -0
    outer loop
      vertex -5.52254 7.05302 0
      vertex -5.74219 7.07265 6
      vertex -5.52254 7.05302 6
    endloop
  endfacet
  facet normal 0.0889822 0.996033 0
    outer loop
      vertex -5.74219 7.07265 6
      vertex -5.52254 7.05302 0
      vertex -5.74219 7.07265 0
    endloop
  endfacet
  facet normal 0.0553408 0.998468 -0
    outer loop
      vertex -5.74219 7.07265 0
      vertex -5.97729 7.08568 6
      vertex -5.74219 7.07265 6
    endloop
  endfacet
  facet normal 0.0553408 0.998468 0
    outer loop
      vertex -5.97729 7.08568 6
      vertex -5.74219 7.07265 0
      vertex -5.97729 7.08568 0
    endloop
  endfacet
  facet normal 0.0205041 0.99979 -0
    outer loop
      vertex -5.97729 7.08568 0
      vertex -6.15437 7.08931 6
      vertex -5.97729 7.08568 6
    endloop
  endfacet
  facet normal 0.0205041 0.99979 0
    outer loop
      vertex -6.15437 7.08931 6
      vertex -5.97729 7.08568 0
      vertex -6.15437 7.08931 0
    endloop
  endfacet
  facet normal -0.837816 0.545953 0
    outer loop
      vertex -6.27368 6.90622 0
      vertex -6.15437 7.08931 6
      vertex -6.15437 7.08931 0
    endloop
  endfacet
  facet normal -0.837816 0.545953 0
    outer loop
      vertex -6.15437 7.08931 6
      vertex -6.27368 6.90622 0
      vertex -6.27368 6.90622 6
    endloop
  endfacet
  facet normal -0.859437 0.511242 0
    outer loop
      vertex -6.5218 6.48911 0
      vertex -6.27368 6.90622 6
      vertex -6.27368 6.90622 0
    endloop
  endfacet
  facet normal -0.859437 0.511242 0
    outer loop
      vertex -6.27368 6.90622 6
      vertex -6.5218 6.48911 0
      vertex -6.5218 6.48911 6
    endloop
  endfacet
  facet normal -0.872792 -0.488092 0
    outer loop
      vertex -6.42297 6.31238 0
      vertex -6.5218 6.48911 6
      vertex -6.5218 6.48911 0
    endloop
  endfacet
  facet normal -0.872792 -0.488092 0
    outer loop
      vertex -6.5218 6.48911 6
      vertex -6.42297 6.31238 0
      vertex -6.42297 6.31238 6
    endloop
  endfacet
  facet normal -0.857318 -0.514787 0
    outer loop
      vertex -6.30806 6.121 0
      vertex -6.42297 6.31238 6
      vertex -6.42297 6.31238 0
    endloop
  endfacet
  facet normal -0.857318 -0.514787 0
    outer loop
      vertex -6.42297 6.31238 6
      vertex -6.30806 6.121 0
      vertex -6.30806 6.121 6
    endloop
  endfacet
  facet normal -0.840982 -0.541063 0
    outer loop
      vertex -6.19316 5.94241 0
      vertex -6.30806 6.121 6
      vertex -6.30806 6.121 0
    endloop
  endfacet
  facet normal -0.840982 -0.541063 0
    outer loop
      vertex -6.30806 6.121 6
      vertex -6.19316 5.94241 0
      vertex -6.19316 5.94241 6
    endloop
  endfacet
  facet normal -0.82415 -0.566371 0
    outer loop
      vertex -6.07921 5.7766 0
      vertex -6.19316 5.94241 6
      vertex -6.19316 5.94241 0
    endloop
  endfacet
  facet normal -0.82415 -0.566371 0
    outer loop
      vertex -6.19316 5.94241 6
      vertex -6.07921 5.7766 0
      vertex -6.07921 5.7766 6
    endloop
  endfacet
  facet normal -0.8056 -0.59246 0
    outer loop
      vertex -5.96698 5.62399 0
      vertex -6.07921 5.7766 6
      vertex -6.07921 5.7766 0
    endloop
  endfacet
  facet normal -0.8056 -0.59246 0
    outer loop
      vertex -6.07921 5.7766 6
      vertex -5.96698 5.62399 0
      vertex -5.96698 5.62399 6
    endloop
  endfacet
  facet normal -0.785418 -0.618966 0
    outer loop
      vertex -5.8573 5.48482 0
      vertex -5.96698 5.62399 6
      vertex -5.96698 5.62399 0
    endloop
  endfacet
  facet normal -0.785418 -0.618966 0
    outer loop
      vertex -5.96698 5.62399 6
      vertex -5.8573 5.48482 0
      vertex -5.8573 5.48482 6
    endloop
  endfacet
  facet normal -0.766267 -0.642523 0
    outer loop
      vertex -5.75145 5.35858 0
      vertex -5.8573 5.48482 6
      vertex -5.8573 5.48482 0
    endloop
  endfacet
  facet normal -0.766267 -0.642523 0
    outer loop
      vertex -5.8573 5.48482 6
      vertex -5.75145 5.35858 0
      vertex -5.75145 5.35858 6
    endloop
  endfacet
  facet normal -0.742678 -0.669649 0
    outer loop
      vertex -5.65001 5.24608 0
      vertex -5.75145 5.35858 6
      vertex -5.75145 5.35858 0
    endloop
  endfacet
  facet normal -0.742678 -0.669649 0
    outer loop
      vertex -5.75145 5.35858 6
      vertex -5.65001 5.24608 0
      vertex -5.65001 5.24608 6
    endloop
  endfacet
  facet normal -0.720032 -0.693941 0
    outer loop
      vertex -5.55423 5.1467 0
      vertex -5.65001 5.24608 6
      vertex -5.65001 5.24608 0
    endloop
  endfacet
  facet normal -0.720032 -0.693941 0
    outer loop
      vertex -5.65001 5.24608 6
      vertex -5.55423 5.1467 0
      vertex -5.55423 5.1467 6
    endloop
  endfacet
  facet normal -0.696831 -0.717235 0
    outer loop
      vertex -5.55423 5.1467 0
      vertex -5.46519 5.0602 6
      vertex -5.55423 5.1467 6
    endloop
  endfacet
  facet normal -0.696831 -0.717235 -0
    outer loop
      vertex -5.46519 5.0602 6
      vertex -5.55423 5.1467 0
      vertex -5.46519 5.0602 0
    endloop
  endfacet
  facet normal -0.670323 -0.742069 0
    outer loop
      vertex -5.46519 5.0602 0
      vertex -5.38376 4.98663 6
      vertex -5.46519 5.0602 6
    endloop
  endfacet
  facet normal -0.670323 -0.742069 -0
    outer loop
      vertex -5.38376 4.98663 6
      vertex -5.46519 5.0602 0
      vertex -5.38376 4.98663 0
    endloop
  endfacet
  facet normal -0.642819 -0.766018 0
    outer loop
      vertex -5.38376 4.98663 0
      vertex -5.31099 4.92557 6
      vertex -5.38376 4.98663 6
    endloop
  endfacet
  facet normal -0.642819 -0.766018 -0
    outer loop
      vertex -5.31099 4.92557 6
      vertex -5.38376 4.98663 0
      vertex -5.31099 4.92557 0
    endloop
  endfacet
  facet normal -0.614733 -0.788735 0
    outer loop
      vertex -5.31099 4.92557 0
      vertex -5.24791 4.8764 6
      vertex -5.31099 4.92557 6
    endloop
  endfacet
  facet normal -0.614733 -0.788735 -0
    outer loop
      vertex -5.24791 4.8764 6
      vertex -5.31099 4.92557 0
      vertex -5.24791 4.8764 0
    endloop
  endfacet
  facet normal -0.5882 -0.808716 0
    outer loop
      vertex -5.24791 4.8764 0
      vertex -5.19559 4.83835 6
      vertex -5.24791 4.8764 6
    endloop
  endfacet
  facet normal -0.5882 -0.808716 -0
    outer loop
      vertex -5.19559 4.83835 6
      vertex -5.24791 4.8764 0
      vertex -5.19559 4.83835 0
    endloop
  endfacet
  facet normal -0.535017 -0.844842 0
    outer loop
      vertex -5.19559 4.83835 0
      vertex -5.10938 4.78375 6
      vertex -5.19559 4.83835 6
    endloop
  endfacet
  facet normal -0.535017 -0.844842 -0
    outer loop
      vertex -5.10938 4.78375 6
      vertex -5.19559 4.83835 0
      vertex -5.10938 4.78375 0
    endloop
  endfacet
  facet normal -0.476204 -0.879335 0
    outer loop
      vertex -5.10938 4.78375 0
      vertex -4.9836 4.71564 6
      vertex -5.10938 4.78375 6
    endloop
  endfacet
  facet normal -0.476204 -0.879335 -0
    outer loop
      vertex -4.9836 4.71564 6
      vertex -5.10938 4.78375 0
      vertex -4.9836 4.71564 0
    endloop
  endfacet
  facet normal -0.440432 -0.897786 0
    outer loop
      vertex -4.9836 4.71564 0
      vertex -4.32628 4.39317 6
      vertex -4.9836 4.71564 6
    endloop
  endfacet
  facet normal -0.440432 -0.897786 -0
    outer loop
      vertex -4.32628 4.39317 6
      vertex -4.9836 4.71564 0
      vertex -4.32628 4.39317 0
    endloop
  endfacet
  facet normal -0.946708 -0.322095 0
    outer loop
      vertex -4.26427 4.21091 0
      vertex -4.32628 4.39317 6
      vertex -4.32628 4.39317 0
    endloop
  endfacet
  facet normal -0.946708 -0.322095 0
    outer loop
      vertex -4.32628 4.39317 6
      vertex -4.26427 4.21091 0
      vertex -4.26427 4.21091 6
    endloop
  endfacet
  facet normal -0.701089 -0.713074 0
    outer loop
      vertex -4.26427 4.21091 0
      vertex -4.26245 4.20912 6
      vertex -4.26427 4.21091 6
    endloop
  endfacet
  facet normal -0.701089 -0.713074 -0
    outer loop
      vertex -4.26245 4.20912 6
      vertex -4.26427 4.21091 0
      vertex -4.26245 4.20912 0
    endloop
  endfacet
  facet normal -0.897999 0.439998 0
    outer loop
      vertex -4.30571 4.12083 0
      vertex -4.26245 4.20912 6
      vertex -4.26245 4.20912 0
    endloop
  endfacet
  facet normal -0.897999 0.439998 0
    outer loop
      vertex -4.26245 4.20912 6
      vertex -4.30571 4.12083 0
      vertex -4.30571 4.12083 6
    endloop
  endfacet
  facet normal -0.914983 0.403493 0
    outer loop
      vertex -4.47491 3.73714 0
      vertex -4.30571 4.12083 6
      vertex -4.30571 4.12083 0
    endloop
  endfacet
  facet normal -0.914983 0.403493 0
    outer loop
      vertex -4.30571 4.12083 6
      vertex -4.47491 3.73714 0
      vertex -4.47491 3.73714 6
    endloop
  endfacet
  facet normal -0.930398 0.366552 0
    outer loop
      vertex -4.62514 3.35583 0
      vertex -4.47491 3.73714 6
      vertex -4.47491 3.73714 0
    endloop
  endfacet
  facet normal -0.930398 0.366552 0
    outer loop
      vertex -4.47491 3.73714 6
      vertex -4.62514 3.35583 0
      vertex -4.62514 3.35583 6
    endloop
  endfacet
  facet normal -0.944277 0.329153 0
    outer loop
      vertex -4.75726 2.97679 0
      vertex -4.62514 3.35583 6
      vertex -4.62514 3.35583 0
    endloop
  endfacet
  facet normal -0.944277 0.329153 0
    outer loop
      vertex -4.62514 3.35583 6
      vertex -4.75726 2.97679 0
      vertex -4.75726 2.97679 6
    endloop
  endfacet
  facet normal -0.956619 0.291342 0
    outer loop
      vertex -4.78563 2.88365 0
      vertex -4.75726 2.97679 6
      vertex -4.75726 2.97679 0
    endloop
  endfacet
  facet normal -0.956619 0.291342 0
    outer loop
      vertex -4.75726 2.97679 6
      vertex -4.78563 2.88365 0
      vertex -4.78563 2.88365 6
    endloop
  endfacet
  facet normal 0.518163 0.855282 -0
    outer loop
      vertex -4.78563 2.88365 0
      vertex -4.78772 2.88492 6
      vertex -4.78563 2.88365 6
    endloop
  endfacet
  facet normal 0.518163 0.855282 0
    outer loop
      vertex -4.78772 2.88492 6
      vertex -4.78563 2.88365 0
      vertex -4.78772 2.88492 0
    endloop
  endfacet
  facet normal -0.47358 0.880751 0
    outer loop
      vertex -4.78772 2.88492 0
      vertex -4.95731 2.79373 6
      vertex -4.78772 2.88492 6
    endloop
  endfacet
  facet normal -0.47358 0.880751 0
    outer loop
      vertex -4.95731 2.79373 6
      vertex -4.78772 2.88492 0
      vertex -4.95731 2.79373 0
    endloop
  endfacet
  facet normal 0.286617 0.958045 -0
    outer loop
      vertex -4.95731 2.79373 0
      vertex -5.6122 2.98965 6
      vertex -4.95731 2.79373 6
    endloop
  endfacet
  facet normal 0.286617 0.958045 0
    outer loop
      vertex -5.6122 2.98965 6
      vertex -4.95731 2.79373 0
      vertex -5.6122 2.98965 0
    endloop
  endfacet
  facet normal 0.232531 0.972589 -0
    outer loop
      vertex -5.6122 2.98965 0
      vertex -5.78764 3.0316 6
      vertex -5.6122 2.98965 6
    endloop
  endfacet
  facet normal 0.232531 0.972589 0
    outer loop
      vertex -5.78764 3.0316 6
      vertex -5.6122 2.98965 0
      vertex -5.78764 3.0316 0
    endloop
  endfacet
  facet normal 0.16706 0.985947 -0
    outer loop
      vertex -5.78764 3.0316 0
      vertex -5.8912 3.04915 6
      vertex -5.78764 3.0316 6
    endloop
  endfacet
  facet normal 0.16706 0.985947 0
    outer loop
      vertex -5.8912 3.04915 6
      vertex -5.78764 3.0316 0
      vertex -5.8912 3.04915 0
    endloop
  endfacet
  facet normal 0.123555 0.992338 -0
    outer loop
      vertex -5.8912 3.04915 0
      vertex -5.96106 3.05785 6
      vertex -5.8912 3.04915 6
    endloop
  endfacet
  facet normal 0.123555 0.992338 0
    outer loop
      vertex -5.96106 3.05785 6
      vertex -5.8912 3.04915 0
      vertex -5.96106 3.05785 0
    endloop
  endfacet
  facet normal 0.0856461 0.996326 -0
    outer loop
      vertex -5.96106 3.05785 0
      vertex -6.04378 3.06496 6
      vertex -5.96106 3.05785 6
    endloop
  endfacet
  facet normal 0.0856461 0.996326 0
    outer loop
      vertex -6.04378 3.06496 6
      vertex -5.96106 3.05785 0
      vertex -6.04378 3.06496 0
    endloop
  endfacet
  facet normal 0.0506664 0.998716 -0
    outer loop
      vertex -6.04378 3.06496 0
      vertex -6.13972 3.06982 6
      vertex -6.04378 3.06496 6
    endloop
  endfacet
  facet normal 0.0506664 0.998716 0
    outer loop
      vertex -6.13972 3.06982 6
      vertex -6.04378 3.06496 0
      vertex -6.13972 3.06982 0
    endloop
  endfacet
  facet normal 0.0168617 0.999858 -0
    outer loop
      vertex -6.13972 3.06982 0
      vertex -6.24921 3.07167 6
      vertex -6.13972 3.06982 6
    endloop
  endfacet
  facet normal 0.0168617 0.999858 0
    outer loop
      vertex -6.24921 3.07167 6
      vertex -6.13972 3.06982 0
      vertex -6.24921 3.07167 0
    endloop
  endfacet
  facet normal -0.0185543 0.999828 0
    outer loop
      vertex -6.24921 3.07167 0
      vertex -6.37254 3.06938 6
      vertex -6.24921 3.07167 6
    endloop
  endfacet
  facet normal -0.0185543 0.999828 0
    outer loop
      vertex -6.37254 3.06938 6
      vertex -6.24921 3.07167 0
      vertex -6.37254 3.06938 0
    endloop
  endfacet
  facet normal -0.0546776 0.998504 0
    outer loop
      vertex -6.37254 3.06938 0
      vertex -6.50992 3.06186 6
      vertex -6.37254 3.06938 6
    endloop
  endfacet
  facet normal -0.0546776 0.998504 0
    outer loop
      vertex -6.50992 3.06186 6
      vertex -6.37254 3.06938 0
      vertex -6.50992 3.06186 0
    endloop
  endfacet
  facet normal -0.0925055 0.995712 0
    outer loop
      vertex -6.50992 3.06186 0
      vertex -6.66151 3.04778 6
      vertex -6.50992 3.06186 6
    endloop
  endfacet
  facet normal -0.0925055 0.995712 0
    outer loop
      vertex -6.66151 3.04778 6
      vertex -6.50992 3.06186 0
      vertex -6.66151 3.04778 0
    endloop
  endfacet
  facet normal -0.129035 0.99164 0
    outer loop
      vertex -6.66151 3.04778 0
      vertex -6.82721 3.02621 6
      vertex -6.66151 3.04778 6
    endloop
  endfacet
  facet normal -0.129035 0.99164 0
    outer loop
      vertex -6.82721 3.02621 6
      vertex -6.66151 3.04778 0
      vertex -6.82721 3.02621 0
    endloop
  endfacet
  facet normal -0.165662 0.986183 0
    outer loop
      vertex -6.82721 3.02621 0
      vertex -7.00688 2.99603 6
      vertex -6.82721 3.02621 6
    endloop
  endfacet
  facet normal -0.165662 0.986183 0
    outer loop
      vertex -7.00688 2.99603 6
      vertex -6.82721 3.02621 0
      vertex -7.00688 2.99603 0
    endloop
  endfacet
  facet normal -0.202577 0.979266 0
    outer loop
      vertex -7.00688 2.99603 0
      vertex -7.20021 2.95604 6
      vertex -7.00688 2.99603 6
    endloop
  endfacet
  facet normal -0.202577 0.979266 0
    outer loop
      vertex -7.20021 2.95604 6
      vertex -7.00688 2.99603 0
      vertex -7.20021 2.95604 0
    endloop
  endfacet
  facet normal -0.23943 0.970914 0
    outer loop
      vertex -7.20021 2.95604 0
      vertex -7.40681 2.90509 6
      vertex -7.20021 2.95604 6
    endloop
  endfacet
  facet normal -0.23943 0.970914 0
    outer loop
      vertex -7.40681 2.90509 6
      vertex -7.20021 2.95604 0
      vertex -7.40681 2.90509 0
    endloop
  endfacet
  facet normal -0.276107 0.961127 0
    outer loop
      vertex -7.40681 2.90509 0
      vertex -7.62613 2.84209 6
      vertex -7.40681 2.90509 6
    endloop
  endfacet
  facet normal -0.276107 0.961127 0
    outer loop
      vertex -7.62613 2.84209 6
      vertex -7.40681 2.90509 0
      vertex -7.62613 2.84209 0
    endloop
  endfacet
  facet normal -0.312522 0.94991 0
    outer loop
      vertex -7.62613 2.84209 0
      vertex -7.85747 2.76598 6
      vertex -7.62613 2.84209 6
    endloop
  endfacet
  facet normal -0.312522 0.94991 0
    outer loop
      vertex -7.85747 2.76598 6
      vertex -7.62613 2.84209 0
      vertex -7.85747 2.76598 0
    endloop
  endfacet
  facet normal -0.348589 0.937276 0
    outer loop
      vertex -7.85747 2.76598 0
      vertex -7.99852 2.71352 6
      vertex -7.85747 2.76598 6
    endloop
  endfacet
  facet normal -0.348589 0.937276 0
    outer loop
      vertex -7.99852 2.71352 6
      vertex -7.85747 2.76598 0
      vertex -7.99852 2.71352 0
    endloop
  endfacet
  facet normal -0.976667 0.214757 0
    outer loop
      vertex -8.05649 2.44989 0
      vertex -7.99852 2.71352 6
      vertex -7.99852 2.71352 0
    endloop
  endfacet
  facet normal -0.976667 0.214757 0
    outer loop
      vertex -7.99852 2.71352 6
      vertex -8.05649 2.44989 0
      vertex -8.05649 2.44989 6
    endloop
  endfacet
  facet normal -0.984385 0.176027 0
    outer loop
      vertex -8.12796 2.0502 0
      vertex -8.05649 2.44989 6
      vertex -8.05649 2.44989 0
    endloop
  endfacet
  facet normal -0.984385 0.176027 0
    outer loop
      vertex -8.05649 2.44989 6
      vertex -8.12796 2.0502 0
      vertex -8.12796 2.0502 6
    endloop
  endfacet
  facet normal -0.667923 -0.74423 0
    outer loop
      vertex -8.12796 2.0502 0
      vertex -8.00623 1.94095 6
      vertex -8.12796 2.0502 6
    endloop
  endfacet
  facet normal -0.667923 -0.74423 -0
    outer loop
      vertex -8.00623 1.94095 6
      vertex -8.12796 2.0502 0
      vertex -8.00623 1.94095 0
    endloop
  endfacet
  facet normal -0.640734 -0.767763 0
    outer loop
      vertex -8.00623 1.94095 0
      vertex -7.8239 1.78879 6
      vertex -8.00623 1.94095 6
    endloop
  endfacet
  facet normal -0.640734 -0.767763 -0
    outer loop
      vertex -7.8239 1.78879 6
      vertex -8.00623 1.94095 0
      vertex -7.8239 1.78879 0
    endloop
  endfacet
  facet normal -0.612483 -0.790483 0
    outer loop
      vertex -7.8239 1.78879 0
      vertex -7.6467 1.65149 6
      vertex -7.8239 1.78879 6
    endloop
  endfacet
  facet normal -0.612483 -0.790483 -0
    outer loop
      vertex -7.6467 1.65149 6
      vertex -7.8239 1.78879 0
      vertex -7.6467 1.65149 0
    endloop
  endfacet
  facet normal -0.583225 -0.812311 0
    outer loop
      vertex -7.6467 1.65149 0
      vertex -7.47572 1.52873 6
      vertex -7.6467 1.65149 6
    endloop
  endfacet
  facet normal -0.583225 -0.812311 -0
    outer loop
      vertex -7.47572 1.52873 6
      vertex -7.6467 1.65149 0
      vertex -7.47572 1.52873 0
    endloop
  endfacet
  facet normal -0.553589 -0.83279 0
    outer loop
      vertex -7.47572 1.52873 0
      vertex -7.3121 1.41997 6
      vertex -7.47572 1.52873 6
    endloop
  endfacet
  facet normal -0.553589 -0.83279 -0
    outer loop
      vertex -7.3121 1.41997 6
      vertex -7.47572 1.52873 0
      vertex -7.3121 1.41997 0
    endloop
  endfacet
  facet normal -0.522118 -0.852873 0
    outer loop
      vertex -7.3121 1.41997 0
      vertex -7.15685 1.32492 6
      vertex -7.3121 1.41997 6
    endloop
  endfacet
  facet normal -0.522118 -0.852873 -0
    outer loop
      vertex -7.15685 1.32492 6
      vertex -7.3121 1.41997 0
      vertex -7.15685 1.32492 0
    endloop
  endfacet
  facet normal -0.489703 -0.87189 0
    outer loop
      vertex -7.15685 1.32492 0
      vertex -7.01096 1.24298 6
      vertex -7.15685 1.32492 6
    endloop
  endfacet
  facet normal -0.489703 -0.87189 -0
    outer loop
      vertex -7.01096 1.24298 6
      vertex -7.15685 1.32492 0
      vertex -7.01096 1.24298 0
    endloop
  endfacet
  facet normal -0.456361 -0.889795 0
    outer loop
      vertex -7.01096 1.24298 0
      vertex -6.87535 1.17343 6
      vertex -7.01096 1.24298 6
    endloop
  endfacet
  facet normal -0.456361 -0.889795 -0
    outer loop
      vertex -6.87535 1.17343 6
      vertex -7.01096 1.24298 0
      vertex -6.87535 1.17343 0
    endloop
  endfacet
  facet normal -0.422326 -0.906444 0
    outer loop
      vertex -6.87535 1.17343 0
      vertex -6.7509 1.11545 6
      vertex -6.87535 1.17343 6
    endloop
  endfacet
  facet normal -0.422326 -0.906444 -0
    outer loop
      vertex -6.7509 1.11545 6
      vertex -6.87535 1.17343 0
      vertex -6.7509 1.11545 0
    endloop
  endfacet
  facet normal -0.387621 -0.921819 0
    outer loop
      vertex -6.7509 1.11545 0
      vertex -6.63834 1.06812 6
      vertex -6.7509 1.11545 6
    endloop
  endfacet
  facet normal -0.387621 -0.921819 -0
    outer loop
      vertex -6.63834 1.06812 6
      vertex -6.7509 1.11545 0
      vertex -6.63834 1.06812 0
    endloop
  endfacet
  facet normal -0.35214 -0.935947 0
    outer loop
      vertex -6.63834 1.06812 0
      vertex -6.53828 1.03047 6
      vertex -6.63834 1.06812 6
    endloop
  endfacet
  facet normal -0.35214 -0.935947 -0
    outer loop
      vertex -6.53828 1.03047 6
      vertex -6.63834 1.06812 0
      vertex -6.53828 1.03047 0
    endloop
  endfacet
  facet normal -0.316228 -0.948683 0
    outer loop
      vertex -6.53828 1.03047 0
      vertex -6.45126 1.00146 6
      vertex -6.53828 1.03047 6
    endloop
  endfacet
  facet normal -0.316228 -0.948683 -0
    outer loop
      vertex -6.45126 1.00146 6
      vertex -6.53828 1.03047 0
      vertex -6.45126 1.00146 0
    endloop
  endfacet
  facet normal -0.279817 -0.960053 0
    outer loop
      vertex -6.45126 1.00146 0
      vertex -6.37766 0.980011 6
      vertex -6.45126 1.00146 6
    endloop
  endfacet
  facet normal -0.279817 -0.960053 -0
    outer loop
      vertex -6.37766 0.980011 6
      vertex -6.45126 1.00146 0
      vertex -6.37766 0.980011 0
    endloop
  endfacet
  facet normal -0.243581 -0.969881 0
    outer loop
      vertex -6.37766 0.980011 0
      vertex -6.31769 0.964951 6
      vertex -6.37766 0.980011 6
    endloop
  endfacet
  facet normal -0.243581 -0.969881 -0
    outer loop
      vertex -6.31769 0.964951 6
      vertex -6.37766 0.980011 0
      vertex -6.31769 0.964951 0
    endloop
  endfacet
  facet normal -0.17665 -0.984274 0
    outer loop
      vertex -6.31769 0.964951 0
      vertex -6.21481 0.946487 6
      vertex -6.31769 0.964951 6
    endloop
  endfacet
  facet normal -0.17665 -0.984274 -0
    outer loop
      vertex -6.21481 0.946487 6
      vertex -6.31769 0.964951 0
      vertex -6.21481 0.946487 0
    endloop
  endfacet
  facet normal -0.114599 -0.993412 0
    outer loop
      vertex -6.21481 0.946487 0
      vertex -6.07632 0.930511 6
      vertex -6.21481 0.946487 6
    endloop
  endfacet
  facet normal -0.114599 -0.993412 -0
    outer loop
      vertex -6.07632 0.930511 6
      vertex -6.21481 0.946487 0
      vertex -6.07632 0.930511 0
    endloop
  endfacet
  facet normal -0.0900456 -0.995938 0
    outer loop
      vertex -6.07632 0.930511 0
      vertex -5.33273 0.863281 6
      vertex -6.07632 0.930511 6
    endloop
  endfacet
  facet normal -0.0900456 -0.995938 -0
    outer loop
      vertex -5.33273 0.863281 6
      vertex -6.07632 0.930511 0
      vertex -5.33273 0.863281 0
    endloop
  endfacet
  facet normal -0.764968 -0.644068 0
    outer loop
      vertex -5.20804 0.715179 0
      vertex -5.33273 0.863281 6
      vertex -5.33273 0.863281 0
    endloop
  endfacet
  facet normal -0.764968 -0.644068 0
    outer loop
      vertex -5.33273 0.863281 6
      vertex -5.20804 0.715179 0
      vertex -5.20804 0.715179 6
    endloop
  endfacet
  facet normal -0.998262 0.0589362 0
    outer loop
      vertex -5.22847 0.36911 0
      vertex -5.20804 0.715179 6
      vertex -5.20804 0.715179 0
    endloop
  endfacet
  facet normal -0.998262 0.0589362 0
    outer loop
      vertex -5.20804 0.715179 6
      vertex -5.22847 0.36911 0
      vertex -5.22847 0.36911 6
    endloop
  endfacet
  facet normal -0.999807 0.0196324 0
    outer loop
      vertex -5.23572 0 0
      vertex -5.22847 0.36911 6
      vertex -5.22847 0.36911 0
    endloop
  endfacet
  facet normal -0.999807 0.0196324 0
    outer loop
      vertex -5.22847 0.36911 6
      vertex -5.23572 0 0
      vertex -5.23572 0 6
    endloop
  endfacet
  facet normal -0.999807 -0.0196324 0
    outer loop
      vertex -5.22847 -0.36911 0
      vertex -5.23572 0 6
      vertex -5.23572 0 0
    endloop
  endfacet
  facet normal -0.999807 -0.0196324 0
    outer loop
      vertex -5.23572 0 6
      vertex -5.22847 -0.36911 0
      vertex -5.22847 -0.36911 6
    endloop
  endfacet
  facet normal -0.998262 -0.0589362 0
    outer loop
      vertex -5.20804 -0.715179 0
      vertex -5.22847 -0.36911 6
      vertex -5.22847 -0.36911 0
    endloop
  endfacet
  facet normal -0.998262 -0.0589362 0
    outer loop
      vertex -5.22847 -0.36911 6
      vertex -5.20804 -0.715179 0
      vertex -5.20804 -0.715179 6
    endloop
  endfacet
  facet normal -0.764968 0.644068 0
    outer loop
      vertex -5.33273 -0.863281 0
      vertex -5.20804 -0.715179 6
      vertex -5.20804 -0.715179 0
    endloop
  endfacet
  facet normal -0.764968 0.644068 0
    outer loop
      vertex -5.20804 -0.715179 6
      vertex -5.33273 -0.863281 0
      vertex -5.33273 -0.863281 6
    endloop
  endfacet
  facet normal -0.0900456 0.995938 0
    outer loop
      vertex -5.33273 -0.863281 0
      vertex -6.07632 -0.930511 6
      vertex -5.33273 -0.863281 6
    endloop
  endfacet
  facet normal -0.0900456 0.995938 0
    outer loop
      vertex -6.07632 -0.930511 6
      vertex -5.33273 -0.863281 0
      vertex -6.07632 -0.930511 0
    endloop
  endfacet
  facet normal -0.116123 0.993235 0
    outer loop
      vertex -6.07632 -0.930511 0
      vertex -6.23907 -0.949539 6
      vertex -6.07632 -0.930511 6
    endloop
  endfacet
  facet normal -0.116123 0.993235 0
    outer loop
      vertex -6.23907 -0.949539 6
      vertex -6.07632 -0.930511 0
      vertex -6.23907 -0.949539 0
    endloop
  endfacet
  facet normal -0.192378 0.981321 0
    outer loop
      vertex -6.23907 -0.949539 0
      vertex -6.31769 -0.964951 6
      vertex -6.23907 -0.949539 6
    endloop
  endfacet
  facet normal -0.192378 0.981321 0
    outer loop
      vertex -6.31769 -0.964951 6
      vertex -6.23907 -0.949539 0
      vertex -6.31769 -0.964951 0
    endloop
  endfacet
  facet normal -0.243581 0.969881 0
    outer loop
      vertex -6.31769 -0.964951 0
      vertex -6.37766 -0.980011 6
      vertex -6.31769 -0.964951 6
    endloop
  endfacet
  facet normal -0.243581 0.969881 0
    outer loop
      vertex -6.37766 -0.980011 6
      vertex -6.31769 -0.964951 0
      vertex -6.37766 -0.980011 0
    endloop
  endfacet
  facet normal -0.279817 0.960053 0
    outer loop
      vertex -6.37766 -0.980011 0
      vertex -6.45126 -1.00146 6
      vertex -6.37766 -0.980011 6
    endloop
  endfacet
  facet normal -0.279817 0.960053 0
    outer loop
      vertex -6.45126 -1.00146 6
      vertex -6.37766 -0.980011 0
      vertex -6.45126 -1.00146 0
    endloop
  endfacet
  facet normal -0.316228 0.948683 0
    outer loop
      vertex -6.45126 -1.00146 0
      vertex -6.53828 -1.03047 6
      vertex -6.45126 -1.00146 6
    endloop
  endfacet
  facet normal -0.316228 0.948683 0
    outer loop
      vertex -6.53828 -1.03047 6
      vertex -6.45126 -1.00146 0
      vertex -6.53828 -1.03047 0
    endloop
  endfacet
  facet normal -0.35214 0.935947 0
    outer loop
      vertex -6.53828 -1.03047 0
      vertex -6.63834 -1.06812 6
      vertex -6.53828 -1.03047 6
    endloop
  endfacet
  facet normal -0.35214 0.935947 0
    outer loop
      vertex -6.63834 -1.06812 6
      vertex -6.53828 -1.03047 0
      vertex -6.63834 -1.06812 0
    endloop
  endfacet
  facet normal -0.387621 0.921819 0
    outer loop
      vertex -6.63834 -1.06812 0
      vertex -6.7509 -1.11545 6
      vertex -6.63834 -1.06812 6
    endloop
  endfacet
  facet normal -0.387621 0.921819 0
    outer loop
      vertex -6.7509 -1.11545 6
      vertex -6.63834 -1.06812 0
      vertex -6.7509 -1.11545 0
    endloop
  endfacet
  facet normal -0.422326 0.906444 0
    outer loop
      vertex -6.7509 -1.11545 0
      vertex -6.87535 -1.17343 6
      vertex -6.7509 -1.11545 6
    endloop
  endfacet
  facet normal -0.422326 0.906444 0
    outer loop
      vertex -6.87535 -1.17343 6
      vertex -6.7509 -1.11545 0
      vertex -6.87535 -1.17343 0
    endloop
  endfacet
  facet normal -0.456361 0.889795 0
    outer loop
      vertex -6.87535 -1.17343 0
      vertex -7.01096 -1.24298 6
      vertex -6.87535 -1.17343 6
    endloop
  endfacet
  facet normal -0.456361 0.889795 0
    outer loop
      vertex -7.01096 -1.24298 6
      vertex -6.87535 -1.17343 0
      vertex -7.01096 -1.24298 0
    endloop
  endfacet
  facet normal -0.489703 0.87189 0
    outer loop
      vertex -7.01096 -1.24298 0
      vertex -7.15685 -1.32492 6
      vertex -7.01096 -1.24298 6
    endloop
  endfacet
  facet normal -0.489703 0.87189 0
    outer loop
      vertex -7.15685 -1.32492 6
      vertex -7.01096 -1.24298 0
      vertex -7.15685 -1.32492 0
    endloop
  endfacet
  facet normal -0.522118 0.852873 0
    outer loop
      vertex -7.15685 -1.32492 0
      vertex -7.3121 -1.41997 6
      vertex -7.15685 -1.32492 6
    endloop
  endfacet
  facet normal -0.522118 0.852873 0
    outer loop
      vertex -7.3121 -1.41997 6
      vertex -7.15685 -1.32492 0
      vertex -7.3121 -1.41997 0
    endloop
  endfacet
  facet normal -0.553589 0.83279 0
    outer loop
      vertex -7.3121 -1.41997 0
      vertex -7.47572 -1.52873 6
      vertex -7.3121 -1.41997 6
    endloop
  endfacet
  facet normal -0.553589 0.83279 0
    outer loop
      vertex -7.47572 -1.52873 6
      vertex -7.3121 -1.41997 0
      vertex -7.47572 -1.52873 0
    endloop
  endfacet
  facet normal -0.583225 0.812311 0
    outer loop
      vertex -7.47572 -1.52873 0
      vertex -7.6467 -1.65149 6
      vertex -7.47572 -1.52873 6
    endloop
  endfacet
  facet normal -0.583225 0.812311 0
    outer loop
      vertex -7.6467 -1.65149 6
      vertex -7.47572 -1.52873 0
      vertex -7.6467 -1.65149 0
    endloop
  endfacet
  facet normal -0.612483 0.790483 0
    outer loop
      vertex -7.6467 -1.65149 0
      vertex -7.8239 -1.78879 6
      vertex -7.6467 -1.65149 6
    endloop
  endfacet
  facet normal -0.612483 0.790483 0
    outer loop
      vertex -7.8239 -1.78879 6
      vertex -7.6467 -1.65149 0
      vertex -7.8239 -1.78879 0
    endloop
  endfacet
  facet normal -0.640734 0.767763 0
    outer loop
      vertex -7.8239 -1.78879 0
      vertex -8.00623 -1.94095 6
      vertex -7.8239 -1.78879 6
    endloop
  endfacet
  facet normal -0.640734 0.767763 0
    outer loop
      vertex -8.00623 -1.94095 6
      vertex -7.8239 -1.78879 0
      vertex -8.00623 -1.94095 0
    endloop
  endfacet
  facet normal -0.667923 0.74423 0
    outer loop
      vertex -8.00623 -1.94095 0
      vertex -8.12796 -2.0502 6
      vertex -8.00623 -1.94095 6
    endloop
  endfacet
  facet normal -0.667923 0.74423 0
    outer loop
      vertex -8.12796 -2.0502 6
      vertex -8.00623 -1.94095 0
      vertex -8.12796 -2.0502 0
    endloop
  endfacet
  facet normal -0.984385 -0.176027 0
    outer loop
      vertex -8.05649 -2.44989 0
      vertex -8.12796 -2.0502 6
      vertex -8.12796 -2.0502 0
    endloop
  endfacet
  facet normal -0.984385 -0.176027 0
    outer loop
      vertex -8.12796 -2.0502 6
      vertex -8.05649 -2.44989 0
      vertex -8.05649 -2.44989 6
    endloop
  endfacet
  facet normal -0.976667 -0.214757 0
    outer loop
      vertex -7.99852 -2.71352 0
      vertex -8.05649 -2.44989 6
      vertex -8.05649 -2.44989 0
    endloop
  endfacet
  facet normal -0.976667 -0.214757 0
    outer loop
      vertex -8.05649 -2.44989 6
      vertex -7.99852 -2.71352 0
      vertex -7.99852 -2.71352 6
    endloop
  endfacet
  facet normal -0.348589 -0.937276 0
    outer loop
      vertex -7.99852 -2.71352 0
      vertex -7.85747 -2.76598 6
      vertex -7.99852 -2.71352 6
    endloop
  endfacet
  facet normal -0.348589 -0.937276 -0
    outer loop
      vertex -7.85747 -2.76598 6
      vertex -7.99852 -2.71352 0
      vertex -7.85747 -2.76598 0
    endloop
  endfacet
  facet normal -0.312522 -0.94991 0
    outer loop
      vertex -7.85747 -2.76598 0
      vertex -7.62613 -2.84209 6
      vertex -7.85747 -2.76598 6
    endloop
  endfacet
  facet normal -0.312522 -0.94991 -0
    outer loop
      vertex -7.62613 -2.84209 6
      vertex -7.85747 -2.76598 0
      vertex -7.62613 -2.84209 0
    endloop
  endfacet
  facet normal -0.276107 -0.961127 0
    outer loop
      vertex -7.62613 -2.84209 0
      vertex -7.40681 -2.90509 6
      vertex -7.62613 -2.84209 6
    endloop
  endfacet
  facet normal -0.276107 -0.961127 -0
    outer loop
      vertex -7.40681 -2.90509 6
      vertex -7.62613 -2.84209 0
      vertex -7.40681 -2.90509 0
    endloop
  endfacet
  facet normal -0.23943 -0.970914 0
    outer loop
      vertex -7.40681 -2.90509 0
      vertex -7.20021 -2.95604 6
      vertex -7.40681 -2.90509 6
    endloop
  endfacet
  facet normal -0.23943 -0.970914 -0
    outer loop
      vertex -7.20021 -2.95604 6
      vertex -7.40681 -2.90509 0
      vertex -7.20021 -2.95604 0
    endloop
  endfacet
  facet normal -0.202577 -0.979266 0
    outer loop
      vertex -7.20021 -2.95604 0
      vertex -7.00688 -2.99603 6
      vertex -7.20021 -2.95604 6
    endloop
  endfacet
  facet normal -0.202577 -0.979266 -0
    outer loop
      vertex -7.00688 -2.99603 6
      vertex -7.20021 -2.95604 0
      vertex -7.00688 -2.99603 0
    endloop
  endfacet
  facet normal -0.165662 -0.986183 0
    outer loop
      vertex -7.00688 -2.99603 0
      vertex -6.82721 -3.02621 6
      vertex -7.00688 -2.99603 6
    endloop
  endfacet
  facet normal -0.165662 -0.986183 -0
    outer loop
      vertex -6.82721 -3.02621 6
      vertex -7.00688 -2.99603 0
      vertex -6.82721 -3.02621 0
    endloop
  endfacet
  facet normal -0.129035 -0.99164 0
    outer loop
      vertex -6.82721 -3.02621 0
      vertex -6.66151 -3.04778 6
      vertex -6.82721 -3.02621 6
    endloop
  endfacet
  facet normal -0.129035 -0.99164 -0
    outer loop
      vertex -6.66151 -3.04778 6
      vertex -6.82721 -3.02621 0
      vertex -6.66151 -3.04778 0
    endloop
  endfacet
  facet normal -0.0925055 -0.995712 0
    outer loop
      vertex -6.66151 -3.04778 0
      vertex -6.50992 -3.06186 6
      vertex -6.66151 -3.04778 6
    endloop
  endfacet
  facet normal -0.0925055 -0.995712 -0
    outer loop
      vertex -6.50992 -3.06186 6
      vertex -6.66151 -3.04778 0
      vertex -6.50992 -3.06186 0
    endloop
  endfacet
  facet normal -0.0546776 -0.998504 0
    outer loop
      vertex -6.50992 -3.06186 0
      vertex -6.37254 -3.06938 6
      vertex -6.50992 -3.06186 6
    endloop
  endfacet
  facet normal -0.0546776 -0.998504 -0
    outer loop
      vertex -6.37254 -3.06938 6
      vertex -6.50992 -3.06186 0
      vertex -6.37254 -3.06938 0
    endloop
  endfacet
  facet normal -0.0185543 -0.999828 0
    outer loop
      vertex -6.37254 -3.06938 0
      vertex -6.24921 -3.07167 6
      vertex -6.37254 -3.06938 6
    endloop
  endfacet
  facet normal -0.0185543 -0.999828 -0
    outer loop
      vertex -6.24921 -3.07167 6
      vertex -6.37254 -3.06938 0
      vertex -6.24921 -3.07167 0
    endloop
  endfacet
  facet normal 0.0168617 -0.999858 0
    outer loop
      vertex -6.24921 -3.07167 0
      vertex -6.13972 -3.06982 6
      vertex -6.24921 -3.07167 6
    endloop
  endfacet
  facet normal 0.0168617 -0.999858 0
    outer loop
      vertex -6.13972 -3.06982 6
      vertex -6.24921 -3.07167 0
      vertex -6.13972 -3.06982 0
    endloop
  endfacet
  facet normal 0.0506664 -0.998716 0
    outer loop
      vertex -6.13972 -3.06982 0
      vertex -6.04378 -3.06496 6
      vertex -6.13972 -3.06982 6
    endloop
  endfacet
  facet normal 0.0506664 -0.998716 0
    outer loop
      vertex -6.04378 -3.06496 6
      vertex -6.13972 -3.06982 0
      vertex -6.04378 -3.06496 0
    endloop
  endfacet
  facet normal 0.0856461 -0.996326 0
    outer loop
      vertex -6.04378 -3.06496 0
      vertex -5.96106 -3.05785 6
      vertex -6.04378 -3.06496 6
    endloop
  endfacet
  facet normal 0.0856461 -0.996326 0
    outer loop
      vertex -5.96106 -3.05785 6
      vertex -6.04378 -3.06496 0
      vertex -5.96106 -3.05785 0
    endloop
  endfacet
  facet normal 0.136673 -0.990616 0
    outer loop
      vertex -5.96106 -3.05785 0
      vertex -5.83354 -3.04025 6
      vertex -5.96106 -3.05785 6
    endloop
  endfacet
  facet normal 0.136673 -0.990616 0
    outer loop
      vertex -5.83354 -3.04025 6
      vertex -5.96106 -3.05785 0
      vertex -5.83354 -3.04025 0
    endloop
  endfacet
  facet normal 0.209393 -0.977832 0
    outer loop
      vertex -5.83354 -3.04025 0
      vertex -5.72887 -3.01784 6
      vertex -5.83354 -3.04025 6
    endloop
  endfacet
  facet normal 0.209393 -0.977832 0
    outer loop
      vertex -5.72887 -3.01784 6
      vertex -5.83354 -3.04025 0
      vertex -5.72887 -3.01784 0
    endloop
  endfacet
  facet normal 0.23481 -0.972041 0
    outer loop
      vertex -5.72887 -3.01784 0
      vertex -5.6122 -2.98965 6
      vertex -5.72887 -3.01784 6
    endloop
  endfacet
  facet normal 0.23481 -0.972041 0
    outer loop
      vertex -5.6122 -2.98965 6
      vertex -5.72887 -3.01784 0
      vertex -5.6122 -2.98965 0
    endloop
  endfacet
  facet normal 0.286617 -0.958045 0
    outer loop
      vertex -5.6122 -2.98965 0
      vertex -4.95731 -2.79373 6
      vertex -5.6122 -2.98965 6
    endloop
  endfacet
  facet normal 0.286617 -0.958045 0
    outer loop
      vertex -4.95731 -2.79373 6
      vertex -5.6122 -2.98965 0
      vertex -4.95731 -2.79373 0
    endloop
  endfacet
  facet normal -0.47358 -0.880751 0
    outer loop
      vertex -4.95731 -2.79373 0
      vertex -4.78772 -2.88492 6
      vertex -4.95731 -2.79373 6
    endloop
  endfacet
  facet normal -0.47358 -0.880751 -0
    outer loop
      vertex -4.78772 -2.88492 6
      vertex -4.95731 -2.79373 0
      vertex -4.78772 -2.88492 0
    endloop
  endfacet
  facet normal 0.518163 -0.855282 0
    outer loop
      vertex -4.78772 -2.88492 0
      vertex -4.78563 -2.88365 6
      vertex -4.78772 -2.88492 6
    endloop
  endfacet
  facet normal 0.518163 -0.855282 0
    outer loop
      vertex -4.78563 -2.88365 6
      vertex -4.78772 -2.88492 0
      vertex -4.78563 -2.88365 0
    endloop
  endfacet
  facet normal -0.956619 -0.291342 0
    outer loop
      vertex -4.75726 -2.97679 0
      vertex -4.78563 -2.88365 6
      vertex -4.78563 -2.88365 0
    endloop
  endfacet
  facet normal -0.956619 -0.291342 0
    outer loop
      vertex -4.78563 -2.88365 6
      vertex -4.75726 -2.97679 0
      vertex -4.75726 -2.97679 6
    endloop
  endfacet
  facet normal -0.944277 -0.329153 0
    outer loop
      vertex -4.62514 -3.35583 0
      vertex -4.75726 -2.97679 6
      vertex -4.75726 -2.97679 0
    endloop
  endfacet
  facet normal -0.944277 -0.329153 0
    outer loop
      vertex -4.75726 -2.97679 6
      vertex -4.62514 -3.35583 0
      vertex -4.62514 -3.35583 6
    endloop
  endfacet
  facet normal -0.930398 -0.366552 0
    outer loop
      vertex -4.47491 -3.73714 0
      vertex -4.62514 -3.35583 6
      vertex -4.62514 -3.35583 0
    endloop
  endfacet
  facet normal -0.930398 -0.366552 0
    outer loop
      vertex -4.62514 -3.35583 6
      vertex -4.47491 -3.73714 0
      vertex -4.47491 -3.73714 6
    endloop
  endfacet
  facet normal -0.914983 -0.403493 0
    outer loop
      vertex -4.30571 -4.12083 0
      vertex -4.47491 -3.73714 6
      vertex -4.47491 -3.73714 0
    endloop
  endfacet
  facet normal -0.914983 -0.403493 0
    outer loop
      vertex -4.47491 -3.73714 6
      vertex -4.30571 -4.12083 0
      vertex -4.30571 -4.12083 6
    endloop
  endfacet
  facet normal -0.897999 -0.439998 0
    outer loop
      vertex -4.26245 -4.20912 0
      vertex -4.30571 -4.12083 6
      vertex -4.30571 -4.12083 0
    endloop
  endfacet
  facet normal -0.897999 -0.439998 0
    outer loop
      vertex -4.30571 -4.12083 6
      vertex -4.26245 -4.20912 0
      vertex -4.26245 -4.20912 6
    endloop
  endfacet
  facet normal -0.701089 0.713074 0
    outer loop
      vertex -4.26245 -4.20912 0
      vertex -4.26427 -4.21091 6
      vertex -4.26245 -4.20912 6
    endloop
  endfacet
  facet normal -0.701089 0.713074 0
    outer loop
      vertex -4.26427 -4.21091 6
      vertex -4.26245 -4.20912 0
      vertex -4.26427 -4.21091 0
    endloop
  endfacet
  facet normal -0.946708 0.322095 0
    outer loop
      vertex -4.32628 -4.39317 0
      vertex -4.26427 -4.21091 6
      vertex -4.26427 -4.21091 0
    endloop
  endfacet
  facet normal -0.946708 0.322095 0
    outer loop
      vertex -4.26427 -4.21091 6
      vertex -4.32628 -4.39317 0
      vertex -4.32628 -4.39317 6
    endloop
  endfacet
  facet normal -0.440432 0.897786 0
    outer loop
      vertex -4.32628 -4.39317 0
      vertex -4.9836 -4.71564 6
      vertex -4.32628 -4.39317 6
    endloop
  endfacet
  facet normal -0.440432 0.897786 0
    outer loop
      vertex -4.9836 -4.71564 6
      vertex -4.32628 -4.39317 0
      vertex -4.9836 -4.71564 0
    endloop
  endfacet
  facet normal -0.478148 0.878279 0
    outer loop
      vertex -4.9836 -4.71564 0
      vertex -5.12634 -4.79335 6
      vertex -4.9836 -4.71564 6
    endloop
  endfacet
  facet normal -0.478148 0.878279 0
    outer loop
      vertex -5.12634 -4.79335 6
      vertex -4.9836 -4.71564 0
      vertex -5.12634 -4.79335 0
    endloop
  endfacet
  facet normal -0.544897 0.838503 0
    outer loop
      vertex -5.12634 -4.79335 0
      vertex -5.19559 -4.83835 6
      vertex -5.12634 -4.79335 6
    endloop
  endfacet
  facet normal -0.544897 0.838503 0
    outer loop
      vertex -5.19559 -4.83835 6
      vertex -5.12634 -4.79335 0
      vertex -5.19559 -4.83835 0
    endloop
  endfacet
  facet normal -0.5882 0.808716 0
    outer loop
      vertex -5.19559 -4.83835 0
      vertex -5.24791 -4.8764 6
      vertex -5.19559 -4.83835 6
    endloop
  endfacet
  facet normal -0.5882 0.808716 0
    outer loop
      vertex -5.24791 -4.8764 6
      vertex -5.19559 -4.83835 0
      vertex -5.24791 -4.8764 0
    endloop
  endfacet
  facet normal -0.614733 0.788735 0
    outer loop
      vertex -5.24791 -4.8764 0
      vertex -5.31099 -4.92557 6
      vertex -5.24791 -4.8764 6
    endloop
  endfacet
  facet normal -0.614733 0.788735 0
    outer loop
      vertex -5.31099 -4.92557 6
      vertex -5.24791 -4.8764 0
      vertex -5.31099 -4.92557 0
    endloop
  endfacet
  facet normal -0.642819 0.766018 0
    outer loop
      vertex -5.31099 -4.92557 0
      vertex -5.38376 -4.98663 6
      vertex -5.31099 -4.92557 6
    endloop
  endfacet
  facet normal -0.642819 0.766018 0
    outer loop
      vertex -5.38376 -4.98663 6
      vertex -5.31099 -4.92557 0
      vertex -5.38376 -4.98663 0
    endloop
  endfacet
  facet normal -0.670323 0.742069 0
    outer loop
      vertex -5.38376 -4.98663 0
      vertex -5.46519 -5.0602 6
      vertex -5.38376 -4.98663 6
    endloop
  endfacet
  facet normal -0.670323 0.742069 0
    outer loop
      vertex -5.46519 -5.0602 6
      vertex -5.38376 -4.98663 0
      vertex -5.46519 -5.0602 0
    endloop
  endfacet
  facet normal -0.696831 0.717235 0
    outer loop
      vertex -5.46519 -5.0602 0
      vertex -5.55423 -5.1467 6
      vertex -5.46519 -5.0602 6
    endloop
  endfacet
  facet normal -0.696831 0.717235 0
    outer loop
      vertex -5.55423 -5.1467 6
      vertex -5.46519 -5.0602 0
      vertex -5.55423 -5.1467 0
    endloop
  endfacet
  facet normal -0.720032 0.693941 0
    outer loop
      vertex -5.65001 -5.24608 0
      vertex -5.55423 -5.1467 6
      vertex -5.55423 -5.1467 0
    endloop
  endfacet
  facet normal -0.720032 0.693941 0
    outer loop
      vertex -5.55423 -5.1467 6
      vertex -5.65001 -5.24608 0
      vertex -5.65001 -5.24608 6
    endloop
  endfacet
  facet normal -0.742678 0.669649 0
    outer loop
      vertex -5.75145 -5.35858 0
      vertex -5.65001 -5.24608 6
      vertex -5.65001 -5.24608 0
    endloop
  endfacet
  facet normal -0.742678 0.669649 0
    outer loop
      vertex -5.65001 -5.24608 6
      vertex -5.75145 -5.35858 0
      vertex -5.75145 -5.35858 6
    endloop
  endfacet
  facet normal -0.766267 0.642523 0
    outer loop
      vertex -5.8573 -5.48482 0
      vertex -5.75145 -5.35858 6
      vertex -5.75145 -5.35858 0
    endloop
  endfacet
  facet normal -0.766267 0.642523 0
    outer loop
      vertex -5.75145 -5.35858 6
      vertex -5.8573 -5.48482 0
      vertex -5.8573 -5.48482 6
    endloop
  endfacet
  facet normal -0.785418 0.618966 0
    outer loop
      vertex -5.96698 -5.62399 0
      vertex -5.8573 -5.48482 6
      vertex -5.8573 -5.48482 0
    endloop
  endfacet
  facet normal -0.785418 0.618966 0
    outer loop
      vertex -5.8573 -5.48482 6
      vertex -5.96698 -5.62399 0
      vertex -5.96698 -5.62399 6
    endloop
  endfacet
  facet normal -0.8056 0.59246 0
    outer loop
      vertex -6.07921 -5.7766 0
      vertex -5.96698 -5.62399 6
      vertex -5.96698 -5.62399 0
    endloop
  endfacet
  facet normal -0.8056 0.59246 0
    outer loop
      vertex -5.96698 -5.62399 6
      vertex -6.07921 -5.7766 0
      vertex -6.07921 -5.7766 6
    endloop
  endfacet
  facet normal -0.82415 0.566371 0
    outer loop
      vertex -6.19316 -5.94241 0
      vertex -6.07921 -5.7766 6
      vertex -6.07921 -5.7766 0
    endloop
  endfacet
  facet normal -0.82415 0.566371 0
    outer loop
      vertex -6.07921 -5.7766 6
      vertex -6.19316 -5.94241 0
      vertex -6.19316 -5.94241 6
    endloop
  endfacet
  facet normal -0.840982 0.541063 0
    outer loop
      vertex -6.30806 -6.121 0
      vertex -6.19316 -5.94241 6
      vertex -6.19316 -5.94241 0
    endloop
  endfacet
  facet normal -0.840982 0.541063 0
    outer loop
      vertex -6.19316 -5.94241 6
      vertex -6.30806 -6.121 0
      vertex -6.30806 -6.121 6
    endloop
  endfacet
  facet normal -0.857318 0.514787 0
    outer loop
      vertex -6.42297 -6.31238 0
      vertex -6.30806 -6.121 6
      vertex -6.30806 -6.121 0
    endloop
  endfacet
  facet normal -0.857318 0.514787 0
    outer loop
      vertex -6.30806 -6.121 6
      vertex -6.42297 -6.31238 0
      vertex -6.42297 -6.31238 6
    endloop
  endfacet
  facet normal -0.872792 0.488092 0
    outer loop
      vertex -6.5218 -6.48911 0
      vertex -6.42297 -6.31238 6
      vertex -6.42297 -6.31238 0
    endloop
  endfacet
  facet normal -0.872792 0.488092 0
    outer loop
      vertex -6.42297 -6.31238 6
      vertex -6.5218 -6.48911 0
      vertex -6.5218 -6.48911 6
    endloop
  endfacet
  facet normal -0.859437 -0.511242 0
    outer loop
      vertex -6.27368 -6.90622 0
      vertex -6.5218 -6.48911 6
      vertex -6.5218 -6.48911 0
    endloop
  endfacet
  facet normal -0.859437 -0.511242 0
    outer loop
      vertex -6.5218 -6.48911 6
      vertex -6.27368 -6.90622 0
      vertex -6.27368 -6.90622 6
    endloop
  endfacet
  facet normal -0.837816 -0.545953 0
    outer loop
      vertex -6.15437 -7.08931 0
      vertex -6.27368 -6.90622 6
      vertex -6.27368 -6.90622 0
    endloop
  endfacet
  facet normal -0.837816 -0.545953 0
    outer loop
      vertex -6.27368 -6.90622 6
      vertex -6.15437 -7.08931 0
      vertex -6.15437 -7.08931 6
    endloop
  endfacet
  facet normal 0.0205041 -0.99979 0
    outer loop
      vertex -6.15437 -7.08931 0
      vertex -5.97729 -7.08568 6
      vertex -6.15437 -7.08931 6
    endloop
  endfacet
  facet normal 0.0205041 -0.99979 0
    outer loop
      vertex -5.97729 -7.08568 6
      vertex -6.15437 -7.08931 0
      vertex -5.97729 -7.08568 0
    endloop
  endfacet
  facet normal 0.0553408 -0.998468 0
    outer loop
      vertex -5.97729 -7.08568 0
      vertex -5.74219 -7.07265 6
      vertex -5.97729 -7.08568 6
    endloop
  endfacet
  facet normal 0.0553408 -0.998468 0
    outer loop
      vertex -5.74219 -7.07265 6
      vertex -5.97729 -7.08568 0
      vertex -5.74219 -7.07265 0
    endloop
  endfacet
  facet normal 0.0889822 -0.996033 0
    outer loop
      vertex -5.74219 -7.07265 0
      vertex -5.52254 -7.05302 6
      vertex -5.74219 -7.07265 6
    endloop
  endfacet
  facet normal 0.0889822 -0.996033 0
    outer loop
      vertex -5.52254 -7.05302 6
      vertex -5.74219 -7.07265 0
      vertex -5.52254 -7.05302 0
    endloop
  endfacet
  facet normal 0.124975 -0.99216 0
    outer loop
      vertex -5.52254 -7.05302 0
      vertex -5.31854 -7.02733 6
      vertex -5.52254 -7.05302 6
    endloop
  endfacet
  facet normal 0.124975 -0.99216 0
    outer loop
      vertex -5.31854 -7.02733 6
      vertex -5.52254 -7.05302 0
      vertex -5.31854 -7.02733 0
    endloop
  endfacet
  facet normal 0.157788 -0.987473 0
    outer loop
      vertex -5.31854 -7.02733 0
      vertex -5.12956 -6.99713 6
      vertex -5.31854 -7.02733 6
    endloop
  endfacet
  facet normal 0.157788 -0.987473 0
    outer loop
      vertex -5.12956 -6.99713 6
      vertex -5.31854 -7.02733 0
      vertex -5.12956 -6.99713 0
    endloop
  endfacet
  facet normal 0.187838 -0.9822 0
    outer loop
      vertex -5.12956 -6.99713 0
      vertex -4.95499 -6.96375 6
      vertex -5.12956 -6.99713 6
    endloop
  endfacet
  facet normal 0.187838 -0.9822 0
    outer loop
      vertex -4.95499 -6.96375 6
      vertex -5.12956 -6.99713 0
      vertex -4.95499 -6.96375 0
    endloop
  endfacet
  facet normal 0.224452 -0.974485 0
    outer loop
      vertex -4.95499 -6.96375 0
      vertex -4.7952 -6.92694 6
      vertex -4.95499 -6.96375 6
    endloop
  endfacet
  facet normal 0.224452 -0.974485 0
    outer loop
      vertex -4.7952 -6.92694 6
      vertex -4.95499 -6.96375 0
      vertex -4.7952 -6.92694 0
    endloop
  endfacet
  facet normal 0.250997 -0.967988 0
    outer loop
      vertex -4.7952 -6.92694 0
      vertex -4.64873 -6.88896 6
      vertex -4.7952 -6.92694 6
    endloop
  endfacet
  facet normal 0.250997 -0.967988 0
    outer loop
      vertex -4.64873 -6.88896 6
      vertex -4.7952 -6.92694 0
      vertex -4.64873 -6.88896 0
    endloop
  endfacet
  facet normal 0.285378 -0.958415 0
    outer loop
      vertex -4.64873 -6.88896 0
      vertex -4.5159 -6.84941 6
      vertex -4.64873 -6.88896 6
    endloop
  endfacet
  facet normal 0.285378 -0.958415 0
    outer loop
      vertex -4.5159 -6.84941 6
      vertex -4.64873 -6.88896 0
      vertex -4.5159 -6.84941 0
    endloop
  endfacet
  facet normal 0.30972 -0.950828 0
    outer loop
      vertex -4.5159 -6.84941 0
      vertex -4.39537 -6.81015 6
      vertex -4.5159 -6.84941 6
    endloop
  endfacet
  facet normal 0.30972 -0.950828 0
    outer loop
      vertex -4.39537 -6.81015 6
      vertex -4.5159 -6.84941 0
      vertex -4.39537 -6.81015 0
    endloop
  endfacet
  facet normal 0.344801 -0.938676 0
    outer loop
      vertex -4.39537 -6.81015 0
      vertex -4.28749 -6.77052 6
      vertex -4.39537 -6.81015 6
    endloop
  endfacet
  facet normal 0.344801 -0.938676 0
    outer loop
      vertex -4.28749 -6.77052 6
      vertex -4.39537 -6.81015 0
      vertex -4.28749 -6.77052 0
    endloop
  endfacet
  facet normal 0.365362 -0.930866 0
    outer loop
      vertex -4.28749 -6.77052 0
      vertex -4.19069 -6.73253 6
      vertex -4.28749 -6.77052 6
    endloop
  endfacet
  facet normal 0.365362 -0.930866 0
    outer loop
      vertex -4.19069 -6.73253 6
      vertex -4.28749 -6.77052 0
      vertex -4.19069 -6.73253 0
    endloop
  endfacet
  facet normal 0.39878 -0.917047 0
    outer loop
      vertex -4.19069 -6.73253 0
      vertex -4.10532 -6.6954 6
      vertex -4.19069 -6.73253 6
    endloop
  endfacet
  facet normal 0.39878 -0.917047 0
    outer loop
      vertex -4.10532 -6.6954 6
      vertex -4.19069 -6.73253 0
      vertex -4.10532 -6.6954 0
    endloop
  endfacet
  facet normal 0.432499 -0.901635 0
    outer loop
      vertex -4.10532 -6.6954 0
      vertex -3.96487 -6.62804 6
      vertex -4.10532 -6.6954 6
    endloop
  endfacet
  facet normal 0.432499 -0.901635 0
    outer loop
      vertex -3.96487 -6.62804 6
      vertex -4.10532 -6.6954 0
      vertex -3.96487 -6.62804 0
    endloop
  endfacet
  facet normal 0.485831 -0.874053 0
    outer loop
      vertex -3.96487 -6.62804 0
      vertex -3.86226 -6.571 6
      vertex -3.96487 -6.62804 6
    endloop
  endfacet
  facet normal 0.485831 -0.874053 0
    outer loop
      vertex -3.86226 -6.571 6
      vertex -3.96487 -6.62804 0
      vertex -3.86226 -6.571 0
    endloop
  endfacet
  facet normal 0.507213 -0.86182 0
    outer loop
      vertex -3.86226 -6.571 0
      vertex -3.7374 -6.49751 6
      vertex -3.86226 -6.571 6
    endloop
  endfacet
  facet normal 0.507213 -0.86182 0
    outer loop
      vertex -3.7374 -6.49751 6
      vertex -3.86226 -6.571 0
      vertex -3.7374 -6.49751 0
    endloop
  endfacet
  facet normal 0.592898 -0.805278 0
    outer loop
      vertex -3.7374 -6.49751 0
      vertex -3.25551 -6.14272 6
      vertex -3.7374 -6.49751 6
    endloop
  endfacet
  facet normal 0.592898 -0.805278 0
    outer loop
      vertex -3.25551 -6.14272 6
      vertex -3.7374 -6.49751 0
      vertex -3.25551 -6.14272 0
    endloop
  endfacet
  facet normal -0.147244 -0.9891 0
    outer loop
      vertex -3.25551 -6.14272 0
      vertex -3.06506 -6.17107 6
      vertex -3.25551 -6.14272 6
    endloop
  endfacet
  facet normal -0.147244 -0.9891 -0
    outer loop
      vertex -3.06506 -6.17107 6
      vertex -3.25551 -6.14272 0
      vertex -3.06506 -6.17107 0
    endloop
  endfacet
  facet normal 0.894427 -0.447214 0
    outer loop
      vertex -3.06506 -6.17107 6
      vertex -3.06375 -6.16844 0
      vertex -3.06375 -6.16844 6
    endloop
  endfacet
  facet normal 0.894427 -0.447214 0
    outer loop
      vertex -3.06375 -6.16844 0
      vertex -3.06506 -6.17107 6
      vertex -3.06506 -6.17107 0
    endloop
  endfacet
  facet normal -0.789894 -0.613243 0
    outer loop
      vertex -2.82602 -6.47466 0
      vertex -3.06375 -6.16844 6
      vertex -3.06375 -6.16844 0
    endloop
  endfacet
  facet normal -0.789894 -0.613243 0
    outer loop
      vertex -3.06375 -6.16844 6
      vertex -2.82602 -6.47466 0
      vertex -2.82602 -6.47466 6
    endloop
  endfacet
  facet normal -0.76358 -0.645713 0
    outer loop
      vertex -2.48822 -6.87411 0
      vertex -2.82602 -6.47466 6
      vertex -2.82602 -6.47466 0
    endloop
  endfacet
  facet normal -0.76358 -0.645713 0
    outer loop
      vertex -2.82602 -6.47466 6
      vertex -2.48822 -6.87411 0
      vertex -2.48822 -6.87411 6
    endloop
  endfacet
  facet normal -0.735695 -0.677313 0
    outer loop
      vertex -2.15259 -7.23868 0
      vertex -2.48822 -6.87411 6
      vertex -2.48822 -6.87411 0
    endloop
  endfacet
  facet normal -0.735695 -0.677313 0
    outer loop
      vertex -2.48822 -6.87411 6
      vertex -2.15259 -7.23868 0
      vertex -2.15259 -7.23868 6
    endloop
  endfacet
  facet normal -0.99987 0.016094 0
    outer loop
      vertex -2.15572 -7.43301 0
      vertex -2.15259 -7.23868 6
      vertex -2.15259 -7.23868 0
    endloop
  endfacet
  facet normal -0.99987 0.016094 0
    outer loop
      vertex -2.15259 -7.23868 6
      vertex -2.15572 -7.43301 0
      vertex -2.15572 -7.43301 6
    endloop
  endfacet
  facet normal -0.69592 0.718119 0
    outer loop
      vertex -2.15572 -7.43301 0
      vertex -2.62611 -7.88887 6
      vertex -2.15572 -7.43301 6
    endloop
  endfacet
  facet normal -0.69592 0.718119 0
    outer loop
      vertex -2.62611 -7.88887 6
      vertex -2.15572 -7.43301 0
      vertex -2.62611 -7.88887 0
    endloop
  endfacet
  facet normal -0.758796 0.651328 0
    outer loop
      vertex -2.7419 -8.02376 0
      vertex -2.62611 -7.88887 6
      vertex -2.62611 -7.88887 0
    endloop
  endfacet
  facet normal -0.758796 0.651328 0
    outer loop
      vertex -2.62611 -7.88887 6
      vertex -2.7419 -8.02376 0
      vertex -2.7419 -8.02376 6
    endloop
  endfacet
  facet normal -0.798715 0.601709 0
    outer loop
      vertex -2.80803 -8.11154 0
      vertex -2.7419 -8.02376 6
      vertex -2.7419 -8.02376 0
    endloop
  endfacet
  facet normal -0.798715 0.601709 0
    outer loop
      vertex -2.7419 -8.02376 6
      vertex -2.80803 -8.11154 0
      vertex -2.80803 -8.11154 6
    endloop
  endfacet
  facet normal -0.83504 0.550189 0
    outer loop
      vertex -2.89925 -8.24998 0
      vertex -2.80803 -8.11154 6
      vertex -2.80803 -8.11154 0
    endloop
  endfacet
  facet normal -0.83504 0.550189 0
    outer loop
      vertex -2.80803 -8.11154 6
      vertex -2.89925 -8.24998 0
      vertex -2.89925 -8.24998 6
    endloop
  endfacet
  facet normal -0.860373 0.509664 0
    outer loop
      vertex -2.95164 -8.33844 0
      vertex -2.89925 -8.24998 6
      vertex -2.89925 -8.24998 0
    endloop
  endfacet
  facet normal -0.860373 0.509664 0
    outer loop
      vertex -2.89925 -8.24998 6
      vertex -2.95164 -8.33844 0
      vertex -2.95164 -8.33844 6
    endloop
  endfacet
  facet normal -0.872905 0.48789 0
    outer loop
      vertex -3.00787 -8.43904 0
      vertex -2.95164 -8.33844 6
      vertex -2.95164 -8.33844 0
    endloop
  endfacet
  facet normal -0.872905 0.48789 0
    outer loop
      vertex -2.95164 -8.33844 6
      vertex -3.00787 -8.43904 0
      vertex -3.00787 -8.43904 6
    endloop
  endfacet
  facet normal -0.887425 0.460953 0
    outer loop
      vertex -3.06662 -8.55214 0
      vertex -3.00787 -8.43904 6
      vertex -3.00787 -8.43904 0
    endloop
  endfacet
  facet normal -0.887425 0.460953 0
    outer loop
      vertex -3.00787 -8.43904 6
      vertex -3.06662 -8.55214 0
      vertex -3.06662 -8.55214 6
    endloop
  endfacet
  facet normal -0.902613 0.430452 0
    outer loop
      vertex -3.12662 -8.67795 0
      vertex -3.06662 -8.55214 6
      vertex -3.06662 -8.55214 0
    endloop
  endfacet
  facet normal -0.902613 0.430452 0
    outer loop
      vertex -3.06662 -8.55214 6
      vertex -3.12662 -8.67795 0
      vertex -3.12662 -8.67795 6
    endloop
  endfacet
  facet normal -0.910936 0.412547 0
    outer loop
      vertex -3.18858 -8.81477 0
      vertex -3.12662 -8.67795 6
      vertex -3.12662 -8.67795 0
    endloop
  endfacet
  facet normal -0.910936 0.412547 0
    outer loop
      vertex -3.12662 -8.67795 6
      vertex -3.18858 -8.81477 0
      vertex -3.18858 -8.81477 6
    endloop
  endfacet
  facet normal -0.923292 0.384098 0
    outer loop
      vertex -3.25052 -8.96365 0
      vertex -3.18858 -8.81477 6
      vertex -3.18858 -8.81477 0
    endloop
  endfacet
  facet normal -0.923292 0.384098 0
    outer loop
      vertex -3.18858 -8.81477 6
      vertex -3.25052 -8.96365 0
      vertex -3.25052 -8.96365 6
    endloop
  endfacet
  facet normal -0.934296 0.356497 0
    outer loop
      vertex -3.3118 -9.12425 0
      vertex -3.25052 -8.96365 6
      vertex -3.25052 -8.96365 0
    endloop
  endfacet
  facet normal -0.934296 0.356497 0
    outer loop
      vertex -3.25052 -8.96365 6
      vertex -3.3118 -9.12425 0
      vertex -3.3118 -9.12425 6
    endloop
  endfacet
  facet normal -0.943824 0.330447 0
    outer loop
      vertex -3.37196 -9.2961 0
      vertex -3.3118 -9.12425 6
      vertex -3.3118 -9.12425 0
    endloop
  endfacet
  facet normal -0.943824 0.330447 0
    outer loop
      vertex -3.3118 -9.12425 6
      vertex -3.37196 -9.2961 0
      vertex -3.37196 -9.2961 6
    endloop
  endfacet
  facet normal -0.950588 0.310456 0
    outer loop
      vertex -3.43137 -9.47798 0
      vertex -3.37196 -9.2961 6
      vertex -3.37196 -9.2961 0
    endloop
  endfacet
  facet normal -0.950588 0.310456 0
    outer loop
      vertex -3.37196 -9.2961 6
      vertex -3.43137 -9.47798 0
      vertex -3.43137 -9.47798 6
    endloop
  endfacet
  facet normal -0.958652 0.28458 0
    outer loop
      vertex -3.48853 -9.67053 0
      vertex -3.43137 -9.47798 6
      vertex -3.43137 -9.47798 0
    endloop
  endfacet
  facet normal -0.958652 0.28458 0
    outer loop
      vertex -3.43137 -9.47798 6
      vertex -3.48853 -9.67053 0
      vertex -3.48853 -9.67053 6
    endloop
  endfacet
  facet normal -0.965773 0.25939 0
    outer loop
      vertex -3.543 -9.87335 0
      vertex -3.48853 -9.67053 6
      vertex -3.48853 -9.67053 0
    endloop
  endfacet
  facet normal -0.965773 0.25939 0
    outer loop
      vertex -3.48853 -9.67053 6
      vertex -3.543 -9.87335 0
      vertex -3.543 -9.87335 6
    endloop
  endfacet
  facet normal -0.972549 0.232698 0
    outer loop
      vertex -3.59853 -10.1054 0
      vertex -3.543 -9.87335 6
      vertex -3.543 -9.87335 0
    endloop
  endfacet
  facet normal -0.972549 0.232698 0
    outer loop
      vertex -3.543 -9.87335 6
      vertex -3.59853 -10.1054 0
      vertex -3.59853 -10.1054 6
    endloop
  endfacet
  facet normal -0.67506 -0.737763 0
    outer loop
      vertex -3.59853 -10.1054 0
      vertex -3.29924 -10.3793 6
      vertex -3.59853 -10.1054 6
    endloop
  endfacet
  facet normal -0.67506 -0.737763 -0
    outer loop
      vertex -3.29924 -10.3793 6
      vertex -3.59853 -10.1054 0
      vertex -3.29924 -10.3793 0
    endloop
  endfacet
  facet normal -0.642311 -0.766444 0
    outer loop
      vertex -3.29924 -10.3793 0
      vertex -3.0426 -10.5943 6
      vertex -3.29924 -10.3793 6
    endloop
  endfacet
  facet normal -0.642311 -0.766444 -0
    outer loop
      vertex -3.0426 -10.5943 6
      vertex -3.29924 -10.3793 0
      vertex -3.0426 -10.5943 0
    endloop
  endfacet
  facet normal 0.344618 -0.938743 0
    outer loop
      vertex -3.0426 -10.5943 0
      vertex -2.83868 -10.5195 6
      vertex -3.0426 -10.5943 6
    endloop
  endfacet
  facet normal 0.344618 -0.938743 0
    outer loop
      vertex -2.83868 -10.5195 6
      vertex -3.0426 -10.5943 0
      vertex -2.83868 -10.5195 0
    endloop
  endfacet
  facet normal 0.369511 -0.929227 0
    outer loop
      vertex -2.83868 -10.5195 0
      vertex -2.63316 -10.4378 6
      vertex -2.83868 -10.5195 6
    endloop
  endfacet
  facet normal 0.369511 -0.929227 0
    outer loop
      vertex -2.63316 -10.4378 6
      vertex -2.83868 -10.5195 0
      vertex -2.63316 -10.4378 0
    endloop
  endfacet
  facet normal 0.401054 -0.916054 0
    outer loop
      vertex -2.63316 -10.4378 0
      vertex -2.4429 -10.3545 6
      vertex -2.63316 -10.4378 6
    endloop
  endfacet
  facet normal 0.401054 -0.916054 0
    outer loop
      vertex -2.4429 -10.3545 6
      vertex -2.63316 -10.4378 0
      vertex -2.4429 -10.3545 0
    endloop
  endfacet
  facet normal 0.424196 -0.90557 0
    outer loop
      vertex -2.4429 -10.3545 0
      vertex -2.26576 -10.2715 6
      vertex -2.4429 -10.3545 6
    endloop
  endfacet
  facet normal 0.424196 -0.90557 0
    outer loop
      vertex -2.26576 -10.2715 6
      vertex -2.4429 -10.3545 0
      vertex -2.26576 -10.2715 0
    endloop
  endfacet
  facet normal 0.446716 -0.894676 0
    outer loop
      vertex -2.26576 -10.2715 0
      vertex -2.10126 -10.1893 6
      vertex -2.26576 -10.2715 6
    endloop
  endfacet
  facet normal 0.446716 -0.894676 0
    outer loop
      vertex -2.10126 -10.1893 6
      vertex -2.26576 -10.2715 0
      vertex -2.10126 -10.1893 0
    endloop
  endfacet
  facet normal 0.477302 -0.87874 0
    outer loop
      vertex -2.10126 -10.1893 0
      vertex -1.95032 -10.1074 6
      vertex -2.10126 -10.1893 6
    endloop
  endfacet
  facet normal 0.477302 -0.87874 0
    outer loop
      vertex -1.95032 -10.1074 6
      vertex -2.10126 -10.1893 0
      vertex -1.95032 -10.1074 0
    endloop
  endfacet
  facet normal 0.498947 -0.866632 0
    outer loop
      vertex -1.95032 -10.1074 0
      vertex -1.81099 -10.0271 6
      vertex -1.95032 -10.1074 6
    endloop
  endfacet
  facet normal 0.498947 -0.866632 0
    outer loop
      vertex -1.81099 -10.0271 6
      vertex -1.95032 -10.1074 0
      vertex -1.81099 -10.0271 0
    endloop
  endfacet
  facet normal 0.520163 -0.854067 0
    outer loop
      vertex -1.81099 -10.0271 0
      vertex -1.68274 -9.94904 6
      vertex -1.81099 -10.0271 6
    endloop
  endfacet
  facet normal 0.520163 -0.854067 0
    outer loop
      vertex -1.68274 -9.94904 6
      vertex -1.81099 -10.0271 0
      vertex -1.68274 -9.94904 0
    endloop
  endfacet
  facet normal 0.540978 -0.841037 0
    outer loop
      vertex -1.68274 -9.94904 0
      vertex -1.56512 -9.87338 6
      vertex -1.68274 -9.94904 6
    endloop
  endfacet
  facet normal 0.540978 -0.841037 0
    outer loop
      vertex -1.56512 -9.87338 6
      vertex -1.68274 -9.94904 0
      vertex -1.56512 -9.87338 0
    endloop
  endfacet
  facet normal 0.561326 -0.827595 0
    outer loop
      vertex -1.56512 -9.87338 0
      vertex -1.45766 -9.80049 6
      vertex -1.56512 -9.87338 6
    endloop
  endfacet
  facet normal 0.561326 -0.827595 0
    outer loop
      vertex -1.45766 -9.80049 6
      vertex -1.56512 -9.87338 0
      vertex -1.45766 -9.80049 0
    endloop
  endfacet
  facet normal 0.585416 -0.810733 0
    outer loop
      vertex -1.45766 -9.80049 0
      vertex -1.36037 -9.73024 6
      vertex -1.45766 -9.80049 6
    endloop
  endfacet
  facet normal 0.585416 -0.810733 0
    outer loop
      vertex -1.36037 -9.73024 6
      vertex -1.45766 -9.80049 0
      vertex -1.36037 -9.73024 0
    endloop
  endfacet
  facet normal 0.606471 -0.795105 0
    outer loop
      vertex -1.36037 -9.73024 0
      vertex -1.27245 -9.66318 6
      vertex -1.36037 -9.73024 6
    endloop
  endfacet
  facet normal 0.606471 -0.795105 0
    outer loop
      vertex -1.27245 -9.66318 6
      vertex -1.36037 -9.73024 0
      vertex -1.27245 -9.66318 0
    endloop
  endfacet
  facet normal 0.625043 -0.78059 0
    outer loop
      vertex -1.27245 -9.66318 0
      vertex -1.19319 -9.59972 6
      vertex -1.27245 -9.66318 6
    endloop
  endfacet
  facet normal 0.625043 -0.78059 0
    outer loop
      vertex -1.19319 -9.59972 6
      vertex -1.27245 -9.66318 0
      vertex -1.19319 -9.59972 0
    endloop
  endfacet
  facet normal 0.64298 -0.765883 0
    outer loop
      vertex -1.19319 -9.59972 0
      vertex -1.12216 -9.54008 6
      vertex -1.19319 -9.59972 6
    endloop
  endfacet
  facet normal 0.64298 -0.765883 0
    outer loop
      vertex -1.12216 -9.54008 6
      vertex -1.19319 -9.59972 0
      vertex -1.12216 -9.54008 0
    endloop
  endfacet
  facet normal 0.668301 -0.743891 0
    outer loop
      vertex -1.12216 -9.54008 0
      vertex -1.00308 -9.43311 6
      vertex -1.12216 -9.54008 6
    endloop
  endfacet
  facet normal 0.668301 -0.743891 0
    outer loop
      vertex -1.00308 -9.43311 6
      vertex -1.12216 -9.54008 0
      vertex -1.00308 -9.43311 0
    endloop
  endfacet
  facet normal 0.699387 -0.714743 0
    outer loop
      vertex -1.00308 -9.43311 0
      vertex -0.851089 -9.28438 6
      vertex -1.00308 -9.43311 6
    endloop
  endfacet
  facet normal 0.699387 -0.714743 0
    outer loop
      vertex -0.851089 -9.28438 6
      vertex -1.00308 -9.43311 0
      vertex -0.851089 -9.28438 0
    endloop
  endfacet
  facet normal 0.797095 -0.603854 0
    outer loop
      vertex -0.851089 -9.28438 6
      vertex -0.529572 -8.85997 0
      vertex -0.529572 -8.85997 6
    endloop
  endfacet
  facet normal 0.797095 -0.603854 0
    outer loop
      vertex -0.529572 -8.85997 0
      vertex -0.851089 -9.28438 6
      vertex -0.851089 -9.28438 0
    endloop
  endfacet
  facet normal 0.140356 -0.990101 0
    outer loop
      vertex -0.529572 -8.85997 0
      vertex -0.338943 -8.83295 6
      vertex -0.529572 -8.85997 6
    endloop
  endfacet
  facet normal 0.140356 -0.990101 0
    outer loop
      vertex -0.338943 -8.83295 6
      vertex -0.529572 -8.85997 0
      vertex -0.338943 -8.83295 0
    endloop
  endfacet
  facet normal 0.999168 -0.0407824 0
    outer loop
      vertex -0.338943 -8.83295 6
      vertex -0.338852 -8.8307 0
      vertex -0.338852 -8.8307 6
    endloop
  endfacet
  facet normal 0.999168 -0.0407824 0
    outer loop
      vertex -0.338852 -8.8307 0
      vertex -0.338943 -8.83295 6
      vertex -0.338943 -8.83295 0
    endloop
  endfacet
  facet normal -0.607869 -0.794037 0
    outer loop
      vertex -0.338852 -8.8307 0
      vertex -0.28952 -8.86847 6
      vertex -0.338852 -8.8307 6
    endloop
  endfacet
  facet normal -0.607869 -0.794037 -0
    outer loop
      vertex -0.28952 -8.86847 6
      vertex -0.338852 -8.8307 0
      vertex -0.28952 -8.86847 0
    endloop
  endfacet
  facet normal -0.571752 -0.820427 0
    outer loop
      vertex -0.28952 -8.86847 0
      vertex 0.269775 -9.25824 6
      vertex -0.28952 -8.86847 6
    endloop
  endfacet
  facet normal -0.571752 -0.820427 -0
    outer loop
      vertex 0.269775 -9.25824 6
      vertex -0.28952 -8.86847 0
      vertex 0.269775 -9.25824 0
    endloop
  endfacet
  facet normal -0.53388 -0.84556 0
    outer loop
      vertex 0.269775 -9.25824 0
      vertex 0.804443 -9.59583 6
      vertex 0.269775 -9.25824 6
    endloop
  endfacet
  facet normal -0.53388 -0.84556 -0
    outer loop
      vertex 0.804443 -9.59583 6
      vertex 0.269775 -9.25824 0
      vertex 0.804443 -9.59583 0
    endloop
  endfacet
  facet normal -0.969917 -0.243436 0
    outer loop
      vertex 0.85199 -9.78526 0
      vertex 0.804443 -9.59583 6
      vertex 0.804443 -9.59583 0
    endloop
  endfacet
  facet normal -0.969917 -0.243436 0
    outer loop
      vertex 0.804443 -9.59583 6
      vertex 0.85199 -9.78526 0
      vertex 0.85199 -9.78526 6
    endloop
  endfacet
  facet normal -0.857795 0.513992 0
    outer loop
      vertex 0.55687 -10.2778 0
      vertex 0.85199 -9.78526 6
      vertex 0.85199 -9.78526 0
    endloop
  endfacet
  facet normal -0.857795 0.513992 0
    outer loop
      vertex 0.85199 -9.78526 6
      vertex 0.55687 -10.2778 0
      vertex 0.55687 -10.2778 6
    endloop
  endfacet
  facet normal -0.920877 0.389853 0
    outer loop
      vertex 0.480179 -10.4589 0
      vertex 0.55687 -10.2778 6
      vertex 0.55687 -10.2778 0
    endloop
  endfacet
  facet normal -0.920877 0.389853 0
    outer loop
      vertex 0.55687 -10.2778 6
      vertex 0.480179 -10.4589 0
      vertex 0.480179 -10.4589 6
    endloop
  endfacet
  facet normal -0.940473 0.339869 0
    outer loop
      vertex 0.432404 -10.5911 0
      vertex 0.480179 -10.4589 6
      vertex 0.480179 -10.4589 0
    endloop
  endfacet
  facet normal -0.940473 0.339869 0
    outer loop
      vertex 0.480179 -10.4589 6
      vertex 0.432404 -10.5911 0
      vertex 0.432404 -10.5911 6
    endloop
  endfacet
  facet normal -0.950902 0.309491 0
    outer loop
      vertex 0.405243 -10.6746 0
      vertex 0.432404 -10.5911 6
      vertex 0.432404 -10.5911 0
    endloop
  endfacet
  facet normal -0.950902 0.309491 0
    outer loop
      vertex 0.432404 -10.5911 6
      vertex 0.405243 -10.6746 0
      vertex 0.405243 -10.6746 6
    endloop
  endfacet
  facet normal -0.959366 0.282166 0
    outer loop
      vertex 0.377319 -10.7695 0
      vertex 0.405243 -10.6746 6
      vertex 0.405243 -10.6746 0
    endloop
  endfacet
  facet normal -0.959366 0.282166 0
    outer loop
      vertex 0.405243 -10.6746 6
      vertex 0.377319 -10.7695 0
      vertex 0.377319 -10.7695 6
    endloop
  endfacet
  facet normal -0.966534 0.256538 0
    outer loop
      vertex 0.349152 -10.8757 0
      vertex 0.377319 -10.7695 6
      vertex 0.377319 -10.7695 0
    endloop
  endfacet
  facet normal -0.966534 0.256538 0
    outer loop
      vertex 0.377319 -10.7695 6
      vertex 0.349152 -10.8757 0
      vertex 0.349152 -10.8757 6
    endloop
  endfacet
  facet normal -0.972784 0.231712 0
    outer loop
      vertex 0.321289 -10.9926 0
      vertex 0.349152 -10.8757 6
      vertex 0.349152 -10.8757 0
    endloop
  endfacet
  facet normal -0.972784 0.231712 0
    outer loop
      vertex 0.349152 -10.8757 6
      vertex 0.321289 -10.9926 0
      vertex 0.321289 -10.9926 6
    endloop
  endfacet
  facet normal -0.978222 0.207562 0
    outer loop
      vertex 0.294235 -11.1201 0
      vertex 0.321289 -10.9926 6
      vertex 0.321289 -10.9926 0
    endloop
  endfacet
  facet normal -0.978222 0.207562 0
    outer loop
      vertex 0.321289 -10.9926 6
      vertex 0.294235 -11.1201 0
      vertex 0.294235 -11.1201 6
    endloop
  endfacet
  facet normal -0.982899 0.184144 0
    outer loop
      vertex 0.268433 -11.2579 0
      vertex 0.294235 -11.1201 6
      vertex 0.294235 -11.1201 0
    endloop
  endfacet
  facet normal -0.982899 0.184144 0
    outer loop
      vertex 0.294235 -11.1201 6
      vertex 0.268433 -11.2579 0
      vertex 0.268433 -11.2579 6
    endloop
  endfacet
  facet normal -0.98694 0.161089 0
    outer loop
      vertex 0.244339 -11.4055 0
      vertex 0.268433 -11.2579 6
      vertex 0.268433 -11.2579 0
    endloop
  endfacet
  facet normal -0.98694 0.161089 0
    outer loop
      vertex 0.268433 -11.2579 6
      vertex 0.244339 -11.4055 0
      vertex 0.244339 -11.4055 6
    endloop
  endfacet
  facet normal -0.990387 0.138325 0
    outer loop
      vertex 0.222382 -11.5627 0
      vertex 0.244339 -11.4055 6
      vertex 0.244339 -11.4055 0
    endloop
  endfacet
  facet normal -0.990387 0.138325 0
    outer loop
      vertex 0.244339 -11.4055 6
      vertex 0.222382 -11.5627 0
      vertex 0.222382 -11.5627 6
    endloop
  endfacet
  facet normal -0.993285 0.115695 0
    outer loop
      vertex 0.202988 -11.7292 0
      vertex 0.222382 -11.5627 6
      vertex 0.222382 -11.5627 0
    endloop
  endfacet
  facet normal -0.993285 0.115695 0
    outer loop
      vertex 0.222382 -11.5627 6
      vertex 0.202988 -11.7292 0
      vertex 0.202988 -11.7292 6
    endloop
  endfacet
  facet normal -0.99564 0.0932817 0
    outer loop
      vertex 0.186539 -11.9048 0
      vertex 0.202988 -11.7292 6
      vertex 0.202988 -11.7292 0
    endloop
  endfacet
  facet normal -0.99564 0.0932817 0
    outer loop
      vertex 0.202988 -11.7292 6
      vertex 0.186539 -11.9048 0
      vertex 0.186539 -11.9048 6
    endloop
  endfacet
  facet normal -0.997499 0.0706779 0
    outer loop
      vertex 0.173477 -12.0891 0
      vertex 0.186539 -11.9048 6
      vertex 0.186539 -11.9048 0
    endloop
  endfacet
  facet normal -0.997499 0.0706779 0
    outer loop
      vertex 0.186539 -11.9048 6
      vertex 0.173477 -12.0891 0
      vertex 0.173477 -12.0891 6
    endloop
  endfacet
  facet normal -0.998838 0.0481958 0
    outer loop
      vertex 0.164169 -12.282 0
      vertex 0.173477 -12.0891 6
      vertex 0.173477 -12.0891 0
    endloop
  endfacet
  facet normal -0.998838 0.0481958 0
    outer loop
      vertex 0.173477 -12.0891 6
      vertex 0.164169 -12.282 0
      vertex 0.164169 -12.282 6
    endloop
  endfacet
  facet normal -0.999674 0.0255452 0
    outer loop
      vertex 0.159027 -12.4832 0
      vertex 0.164169 -12.282 6
      vertex 0.164169 -12.282 0
    endloop
  endfacet
  facet normal -0.999674 0.0255452 0
    outer loop
      vertex 0.164169 -12.282 6
      vertex 0.159027 -12.4832 0
      vertex 0.159027 -12.4832 6
    endloop
  endfacet
  facet normal -0.999997 0.00262352 0
    outer loop
      vertex 0.158478 -12.6926 0
      vertex 0.159027 -12.4832 6
      vertex 0.159027 -12.4832 0
    endloop
  endfacet
  facet normal -0.999997 0.00262352 0
    outer loop
      vertex 0.159027 -12.4832 6
      vertex 0.158478 -12.6926 0
      vertex 0.158478 -12.6926 6
    endloop
  endfacet
  facet normal -0.999791 -0.0204462 0
    outer loop
      vertex 0.159683 -12.7516 0
      vertex 0.158478 -12.6926 6
      vertex 0.158478 -12.6926 0
    endloop
  endfacet
  facet normal -0.999791 -0.0204462 0
    outer loop
      vertex 0.158478 -12.6926 6
      vertex 0.159683 -12.7516 0
      vertex 0.159683 -12.7516 6
    endloop
  endfacet
  facet normal -0.452826 -0.891599 0
    outer loop
      vertex 0.159683 -12.7516 0
      vertex 0.840302 -13.0972 6
      vertex 0.159683 -12.7516 6
    endloop
  endfacet
  facet normal -0.452826 -0.891599 -0
    outer loop
      vertex 0.840302 -13.0972 6
      vertex 0.159683 -12.7516 0
      vertex 0.840302 -13.0972 0
    endloop
  endfacet
  facet normal 0.584855 -0.811138 0
    outer loop
      vertex 0.840302 -13.0972 0
      vertex 1.04651 -12.9485 6
      vertex 0.840302 -13.0972 6
    endloop
  endfacet
  facet normal 0.584855 -0.811138 0
    outer loop
      vertex 1.04651 -12.9485 6
      vertex 0.840302 -13.0972 0
      vertex 1.04651 -12.9485 0
    endloop
  endfacet
  facet normal 0.607243 -0.794516 0
    outer loop
      vertex 1.04651 -12.9485 0
      vertex 1.21198 -12.8221 6
      vertex 1.04651 -12.9485 6
    endloop
  endfacet
  facet normal 0.607243 -0.794516 0
    outer loop
      vertex 1.21198 -12.8221 6
      vertex 1.04651 -12.9485 0
      vertex 1.21198 -12.8221 0
    endloop
  endfacet
  facet normal 0.626078 -0.779761 0
    outer loop
      vertex 1.21198 -12.8221 0
      vertex 1.36612 -12.6983 6
      vertex 1.21198 -12.8221 6
    endloop
  endfacet
  facet normal 0.626078 -0.779761 0
    outer loop
      vertex 1.36612 -12.6983 6
      vertex 1.21198 -12.8221 0
      vertex 1.36612 -12.6983 0
    endloop
  endfacet
  facet normal 0.644386 -0.7647 0
    outer loop
      vertex 1.36612 -12.6983 0
      vertex 1.50946 -12.5775 6
      vertex 1.36612 -12.6983 6
    endloop
  endfacet
  facet normal 0.644386 -0.7647 0
    outer loop
      vertex 1.50946 -12.5775 6
      vertex 1.36612 -12.6983 0
      vertex 1.50946 -12.5775 0
    endloop
  endfacet
  facet normal 0.662088 -0.749426 0
    outer loop
      vertex 1.50946 -12.5775 0
      vertex 1.64249 -12.46 6
      vertex 1.50946 -12.5775 6
    endloop
  endfacet
  facet normal 0.662088 -0.749426 0
    outer loop
      vertex 1.64249 -12.46 6
      vertex 1.50946 -12.5775 0
      vertex 1.64249 -12.46 0
    endloop
  endfacet
  facet normal 0.679076 -0.734068 0
    outer loop
      vertex 1.64249 -12.46 0
      vertex 1.76572 -12.346 6
      vertex 1.64249 -12.46 6
    endloop
  endfacet
  facet normal 0.679076 -0.734068 0
    outer loop
      vertex 1.76572 -12.346 6
      vertex 1.64249 -12.46 0
      vertex 1.76572 -12.346 0
    endloop
  endfacet
  facet normal 0.695462 -0.718563 0
    outer loop
      vertex 1.76572 -12.346 0
      vertex 1.87962 -12.2358 6
      vertex 1.76572 -12.346 6
    endloop
  endfacet
  facet normal 0.695462 -0.718563 0
    outer loop
      vertex 1.87962 -12.2358 6
      vertex 1.76572 -12.346 0
      vertex 1.87962 -12.2358 0
    endloop
  endfacet
  facet normal 0.710925 -0.703268 0
    outer loop
      vertex 1.87962 -12.2358 6
      vertex 1.98473 -12.1295 0
      vertex 1.98473 -12.1295 6
    endloop
  endfacet
  facet normal 0.710925 -0.703268 0
    outer loop
      vertex 1.98473 -12.1295 0
      vertex 1.87962 -12.2358 6
      vertex 1.87962 -12.2358 0
    endloop
  endfacet
  facet normal 0.725528 -0.688193 0
    outer loop
      vertex 1.98473 -12.1295 6
      vertex 2.08148 -12.0275 0
      vertex 2.08148 -12.0275 6
    endloop
  endfacet
  facet normal 0.725528 -0.688193 0
    outer loop
      vertex 2.08148 -12.0275 0
      vertex 1.98473 -12.1295 6
      vertex 1.98473 -12.1295 0
    endloop
  endfacet
  facet normal 0.741629 -0.67081 0
    outer loop
      vertex 2.08148 -12.0275 6
      vertex 2.16994 -11.9297 0
      vertex 2.16994 -11.9297 6
    endloop
  endfacet
  facet normal 0.741629 -0.67081 0
    outer loop
      vertex 2.16994 -11.9297 0
      vertex 2.08148 -12.0275 6
      vertex 2.08148 -12.0275 0
    endloop
  endfacet
  facet normal 0.760096 -0.649811 0
    outer loop
      vertex 2.16994 -11.9297 6
      vertex 2.24995 -11.8361 0
      vertex 2.24995 -11.8361 6
    endloop
  endfacet
  facet normal 0.760096 -0.649811 0
    outer loop
      vertex 2.24995 -11.8361 0
      vertex 2.16994 -11.9297 6
      vertex 2.16994 -11.9297 0
    endloop
  endfacet
  facet normal 0.773312 -0.634026 0
    outer loop
      vertex 2.24995 -11.8361 6
      vertex 2.32281 -11.7473 0
      vertex 2.32281 -11.7473 6
    endloop
  endfacet
  facet normal 0.773312 -0.634026 0
    outer loop
      vertex 2.32281 -11.7473 0
      vertex 2.24995 -11.8361 6
      vertex 2.24995 -11.8361 0
    endloop
  endfacet
  facet normal 0.790353 -0.612652 0
    outer loop
      vertex 2.32281 -11.7473 6
      vertex 2.44891 -11.5846 0
      vertex 2.44891 -11.5846 6
    endloop
  endfacet
  facet normal 0.790353 -0.612652 0
    outer loop
      vertex 2.44891 -11.5846 0
      vertex 2.32281 -11.7473 6
      vertex 2.32281 -11.7473 0
    endloop
  endfacet
  facet normal 0.804572 -0.593855 0
    outer loop
      vertex 2.44891 -11.5846 6
      vertex 2.5031 -11.5112 0
      vertex 2.5031 -11.5112 6
    endloop
  endfacet
  facet normal 0.804572 -0.593855 0
    outer loop
      vertex 2.5031 -11.5112 0
      vertex 2.44891 -11.5846 6
      vertex 2.44891 -11.5846 0
    endloop
  endfacet
  facet normal 0.82148 -0.570238 0
    outer loop
      vertex 2.5031 -11.5112 6
      vertex 2.55061 -11.4427 0
      vertex 2.55061 -11.4427 6
    endloop
  endfacet
  facet normal 0.82148 -0.570238 0
    outer loop
      vertex 2.55061 -11.4427 0
      vertex 2.5031 -11.5112 6
      vertex 2.5031 -11.5112 0
    endloop
  endfacet
  facet normal 0.838867 -0.544336 0
    outer loop
      vertex 2.55061 -11.4427 6
      vertex 2.67058 -11.2578 0
      vertex 2.67058 -11.2578 6
    endloop
  endfacet
  facet normal 0.838867 -0.544336 0
    outer loop
      vertex 2.67058 -11.2578 0
      vertex 2.55061 -11.4427 6
      vertex 2.55061 -11.4427 0
    endloop
  endfacet
  facet normal 0.918487 -0.395451 0
    outer loop
      vertex 2.67058 -11.2578 6
      vertex 2.86539 -10.8054 0
      vertex 2.86539 -10.8054 6
    endloop
  endfacet
  facet normal 0.918487 -0.395451 0
    outer loop
      vertex 2.86539 -10.8054 0
      vertex 2.67058 -11.2578 6
      vertex 2.67058 -11.2578 0
    endloop
  endfacet
  facet normal 0.373276 -0.927721 0
    outer loop
      vertex 2.86539 -10.8054 0
      vertex 3.04401 -10.7335 6
      vertex 2.86539 -10.8054 6
    endloop
  endfacet
  facet normal 0.373276 -0.927721 0
    outer loop
      vertex 3.04401 -10.7335 6
      vertex 2.86539 -10.8054 0
      vertex 3.04401 -10.7335 0
    endloop
  endfacet
  facet normal 0.962651 0.270746 0
    outer loop
      vertex 3.04401 -10.7335 6
      vertex 3.04346 -10.7316 0
      vertex 3.04346 -10.7316 6
    endloop
  endfacet
  facet normal 0.962651 0.270746 0
    outer loop
      vertex 3.04346 -10.7316 0
      vertex 3.04401 -10.7335 6
      vertex 3.04401 -10.7335 0
    endloop
  endfacet
  facet normal -0.364142 -0.931343 0
    outer loop
      vertex 3.04346 -10.7316 0
      vertex 3.82484 -11.0371 6
      vertex 3.04346 -10.7316 6
    endloop
  endfacet
  facet normal -0.364142 -0.931343 -0
    outer loop
      vertex 3.82484 -11.0371 6
      vertex 3.04346 -10.7316 0
      vertex 3.82484 -11.0371 0
    endloop
  endfacet
  facet normal -0.316766 -0.948504 0
    outer loop
      vertex 3.82484 -11.0371 0
      vertex 4.30852 -11.1986 6
      vertex 3.82484 -11.0371 6
    endloop
  endfacet
  facet normal -0.316766 -0.948504 -0
    outer loop
      vertex 4.30852 -11.1986 6
      vertex 3.82484 -11.0371 0
      vertex 4.30852 -11.1986 0
    endloop
  endfacet
  facet normal -0.892028 -0.45198 0
    outer loop
      vertex 4.39926 -11.3777 0
      vertex 4.30852 -11.1986 6
      vertex 4.30852 -11.1986 0
    endloop
  endfacet
  facet normal -0.892028 -0.45198 0
    outer loop
      vertex 4.30852 -11.1986 6
      vertex 4.39926 -11.3777 0
      vertex 4.39926 -11.3777 6
    endloop
  endfacet
  facet normal -0.95074 0.309988 0
    outer loop
      vertex 4.23898 -11.8693 0
      vertex 4.39926 -11.3777 6
      vertex 4.39926 -11.3777 0
    endloop
  endfacet
  facet normal -0.95074 0.309988 0
    outer loop
      vertex 4.39926 -11.3777 6
      vertex 4.23898 -11.8693 0
      vertex 4.23898 -11.8693 6
    endloop
  endfacet
  facet normal -0.989582 0.143971 0
    outer loop
      vertex 4.20859 -12.0782 0
      vertex 4.23898 -11.8693 6
      vertex 4.23898 -11.8693 0
    endloop
  endfacet
  facet normal -0.989582 0.143971 0
    outer loop
      vertex 4.23898 -11.8693 6
      vertex 4.20859 -12.0782 0
      vertex 4.20859 -12.0782 6
    endloop
  endfacet
  facet normal -0.994699 0.102826 0
    outer loop
      vertex 4.19185 -12.2401 0
      vertex 4.20859 -12.0782 6
      vertex 4.20859 -12.0782 0
    endloop
  endfacet
  facet normal -0.994699 0.102826 0
    outer loop
      vertex 4.20859 -12.0782 6
      vertex 4.19185 -12.2401 0
      vertex 4.19185 -12.2401 6
    endloop
  endfacet
  facet normal -0.997551 0.0699478 0
    outer loop
      vertex 4.18513 -12.3359 0
      vertex 4.19185 -12.2401 6
      vertex 4.19185 -12.2401 0
    endloop
  endfacet
  facet normal -0.997551 0.0699478 0
    outer loop
      vertex 4.19185 -12.2401 6
      vertex 4.18513 -12.3359 0
      vertex 4.18513 -12.3359 6
    endloop
  endfacet
  facet normal -0.998885 0.0472074 0
    outer loop
      vertex 4.18016 -12.4411 0
      vertex 4.18513 -12.3359 6
      vertex 4.18513 -12.3359 0
    endloop
  endfacet
  facet normal -0.998885 0.0472074 0
    outer loop
      vertex 4.18513 -12.3359 6
      vertex 4.18016 -12.4411 0
      vertex 4.18016 -12.4411 6
    endloop
  endfacet
  facet normal -0.999709 0.0241135 0
    outer loop
      vertex 4.1774 -12.5556 0
      vertex 4.18016 -12.4411 6
      vertex 4.18016 -12.4411 0
    endloop
  endfacet
  facet normal -0.999709 0.0241135 0
    outer loop
      vertex 4.18016 -12.4411 6
      vertex 4.1774 -12.5556 0
      vertex 4.1774 -12.5556 6
    endloop
  endfacet
  facet normal -1 0.000494193 0
    outer loop
      vertex 4.17734 -12.6791 0
      vertex 4.1774 -12.5556 6
      vertex 4.1774 -12.5556 0
    endloop
  endfacet
  facet normal -1 0.000494193 0
    outer loop
      vertex 4.1774 -12.5556 6
      vertex 4.17734 -12.6791 0
      vertex 4.17734 -12.6791 6
    endloop
  endfacet
  facet normal -0.999723 -0.0235202 0
    outer loop
      vertex 4.18045 -12.8114 0
      vertex 4.17734 -12.6791 6
      vertex 4.17734 -12.6791 0
    endloop
  endfacet
  facet normal -0.999723 -0.0235202 0
    outer loop
      vertex 4.17734 -12.6791 6
      vertex 4.18045 -12.8114 0
      vertex 4.18045 -12.8114 6
    endloop
  endfacet
  facet normal -0.998769 -0.0495959 0
    outer loop
      vertex 4.19481 -13.1006 0
      vertex 4.18045 -12.8114 6
      vertex 4.18045 -12.8114 0
    endloop
  endfacet
  facet normal -0.998769 -0.0495959 0
    outer loop
      vertex 4.18045 -12.8114 6
      vertex 4.19481 -13.1006 0
      vertex 4.19481 -13.1006 6
    endloop
  endfacet
  facet normal -0.996845 -0.0793707 0
    outer loop
      vertex 4.20728 -13.2572 0
      vertex 4.19481 -13.1006 6
      vertex 4.19481 -13.1006 0
    endloop
  endfacet
  facet normal -0.996845 -0.0793707 0
    outer loop
      vertex 4.19481 -13.1006 6
      vertex 4.20728 -13.2572 0
      vertex 4.20728 -13.2572 6
    endloop
  endfacet
  facet normal -0.994599 -0.103796 0
    outer loop
      vertex 4.22444 -13.4216 0
      vertex 4.20728 -13.2572 6
      vertex 4.20728 -13.2572 0
    endloop
  endfacet
  facet normal -0.994599 -0.103796 0
    outer loop
      vertex 4.20728 -13.2572 6
      vertex 4.22444 -13.4216 0
      vertex 4.22444 -13.4216 6
    endloop
  endfacet
  facet normal -0.990936 -0.134331 0
    outer loop
      vertex 4.27206 -13.7729 0
      vertex 4.22444 -13.4216 6
      vertex 4.22444 -13.4216 0
    endloop
  endfacet
  facet normal -0.990936 -0.134331 0
    outer loop
      vertex 4.22444 -13.4216 6
      vertex 4.27206 -13.7729 0
      vertex 4.27206 -13.7729 6
    endloop
  endfacet
  facet normal -0.987212 -0.159411 0
    outer loop
      vertex 4.30212 -13.9591 0
      vertex 4.27206 -13.7729 6
      vertex 4.27206 -13.7729 0
    endloop
  endfacet
  facet normal -0.987212 -0.159411 0
    outer loop
      vertex 4.27206 -13.7729 6
      vertex 4.30212 -13.9591 0
      vertex 4.30212 -13.9591 6
    endloop
  endfacet
  facet normal -0.98277 -0.184832 0
    outer loop
      vertex 4.3385 -14.1525 0
      vertex 4.30212 -13.9591 6
      vertex 4.30212 -13.9591 0
    endloop
  endfacet
  facet normal -0.98277 -0.184832 0
    outer loop
      vertex 4.30212 -13.9591 6
      vertex 4.3385 -14.1525 0
      vertex 4.3385 -14.1525 6
    endloop
  endfacet
  facet normal -0.977399 -0.211404 0
    outer loop
      vertex 4.39713 -14.4236 0
      vertex 4.3385 -14.1525 6
      vertex 4.3385 -14.1525 0
    endloop
  endfacet
  facet normal -0.977399 -0.211404 0
    outer loop
      vertex 4.3385 -14.1525 6
      vertex 4.39713 -14.4236 0
      vertex 4.39713 -14.4236 6
    endloop
  endfacet
  facet normal -0.267275 -0.96362 0
    outer loop
      vertex 4.39713 -14.4236 0
      vertex 4.91513 -14.5672 6
      vertex 4.39713 -14.4236 6
    endloop
  endfacet
  facet normal -0.267275 -0.96362 -0
    outer loop
      vertex 4.91513 -14.5672 6
      vertex 4.39713 -14.4236 0
      vertex 4.91513 -14.5672 0
    endloop
  endfacet
  facet normal -0.215516 -0.9765 0
    outer loop
      vertex 4.91513 -14.5672 0
      vertex 5.15497 -14.6202 6
      vertex 4.91513 -14.5672 6
    endloop
  endfacet
  facet normal -0.215516 -0.9765 -0
    outer loop
      vertex 5.15497 -14.6202 6
      vertex 4.91513 -14.5672 0
      vertex 5.15497 -14.6202 0
    endloop
  endfacet
  facet normal 0.742278 -0.670092 0
    outer loop
      vertex 5.15497 -14.6202 6
      vertex 5.19704 -14.5736 0
      vertex 5.19704 -14.5736 6
    endloop
  endfacet
  facet normal 0.742278 -0.670092 0
    outer loop
      vertex 5.19704 -14.5736 0
      vertex 5.15497 -14.6202 6
      vertex 5.15497 -14.6202 0
    endloop
  endfacet
  facet normal 0.758953 -0.651145 0
    outer loop
      vertex 5.19704 -14.5736 6
      vertex 5.33334 -14.4147 0
      vertex 5.33334 -14.4147 6
    endloop
  endfacet
  facet normal 0.758953 -0.651145 0
    outer loop
      vertex 5.33334 -14.4147 0
      vertex 5.19704 -14.5736 6
      vertex 5.19704 -14.5736 0
    endloop
  endfacet
  facet normal 0.77407 -0.633101 0
    outer loop
      vertex 5.33334 -14.4147 6
      vertex 5.45992 -14.2599 0
      vertex 5.45992 -14.2599 6
    endloop
  endfacet
  facet normal 0.77407 -0.633101 0
    outer loop
      vertex 5.45992 -14.2599 0
      vertex 5.33334 -14.4147 6
      vertex 5.33334 -14.4147 0
    endloop
  endfacet
  facet normal 0.786601 -0.617462 0
    outer loop
      vertex 5.45992 -14.2599 6
      vertex 5.5779 -14.1096 0
      vertex 5.5779 -14.1096 6
    endloop
  endfacet
  facet normal 0.786601 -0.617462 0
    outer loop
      vertex 5.5779 -14.1096 0
      vertex 5.45992 -14.2599 6
      vertex 5.45992 -14.2599 0
    endloop
  endfacet
  facet normal 0.79819 -0.602406 0
    outer loop
      vertex 5.5779 -14.1096 6
      vertex 5.68781 -13.964 0
      vertex 5.68781 -13.964 6
    endloop
  endfacet
  facet normal 0.79819 -0.602406 0
    outer loop
      vertex 5.68781 -13.964 0
      vertex 5.5779 -14.1096 6
      vertex 5.5779 -14.1096 0
    endloop
  endfacet
  facet normal 0.808801 -0.588083 0
    outer loop
      vertex 5.68781 -13.964 6
      vertex 5.79018 -13.8232 0
      vertex 5.79018 -13.8232 6
    endloop
  endfacet
  facet normal 0.808801 -0.588083 0
    outer loop
      vertex 5.79018 -13.8232 0
      vertex 5.68781 -13.964 6
      vertex 5.68781 -13.964 0
    endloop
  endfacet
  facet normal 0.819915 -0.572485 0
    outer loop
      vertex 5.79018 -13.8232 6
      vertex 5.88504 -13.6874 0
      vertex 5.88504 -13.6874 6
    endloop
  endfacet
  facet normal 0.819915 -0.572485 0
    outer loop
      vertex 5.88504 -13.6874 0
      vertex 5.79018 -13.8232 6
      vertex 5.79018 -13.8232 0
    endloop
  endfacet
  facet normal 0.838025 -0.545632 0
    outer loop
      vertex 5.88504 -13.6874 6
      vertex 5.97052 -13.5561 0
      vertex 5.97052 -13.5561 6
    endloop
  endfacet
  facet normal 0.838025 -0.545632 0
    outer loop
      vertex 5.97052 -13.5561 0
      vertex 5.88504 -13.6874 6
      vertex 5.88504 -13.6874 0
    endloop
  endfacet
  facet normal 0.849947 -0.526867 0
    outer loop
      vertex 5.97052 -13.5561 6
      vertex 6.12323 -13.3097 0
      vertex 6.12323 -13.3097 6
    endloop
  endfacet
  facet normal 0.849947 -0.526867 0
    outer loop
      vertex 6.12323 -13.3097 0
      vertex 5.97052 -13.5561 6
      vertex 5.97052 -13.5561 0
    endloop
  endfacet
  facet normal 0.863371 -0.504569 0
    outer loop
      vertex 6.12323 -13.3097 6
      vertex 6.19041 -13.1948 0
      vertex 6.19041 -13.1948 6
    endloop
  endfacet
  facet normal 0.863371 -0.504569 0
    outer loop
      vertex 6.19041 -13.1948 0
      vertex 6.12323 -13.3097 6
      vertex 6.12323 -13.3097 0
    endloop
  endfacet
  facet normal 0.884303 -0.466913 0
    outer loop
      vertex 6.19041 -13.1948 6
      vertex 6.35471 -12.8836 0
      vertex 6.35471 -12.8836 6
    endloop
  endfacet
  facet normal 0.884303 -0.466913 0
    outer loop
      vertex 6.35471 -12.8836 0
      vertex 6.19041 -13.1948 6
      vertex 6.19041 -13.1948 0
    endloop
  endfacet
  facet normal 0.910609 -0.413269 0
    outer loop
      vertex 6.35471 -12.8836 6
      vertex 6.47134 -12.6266 0
      vertex 6.47134 -12.6266 6
    endloop
  endfacet
  facet normal 0.910609 -0.413269 0
    outer loop
      vertex 6.47134 -12.6266 0
      vertex 6.35471 -12.8836 6
      vertex 6.35471 -12.8836 0
    endloop
  endfacet
  facet normal 0.931799 -0.362974 0
    outer loop
      vertex 6.47134 -12.6266 6
      vertex 6.55238 -12.4186 0
      vertex 6.55238 -12.4186 6
    endloop
  endfacet
  facet normal 0.931799 -0.362974 0
    outer loop
      vertex 6.55238 -12.4186 0
      vertex 6.47134 -12.6266 6
      vertex 6.47134 -12.6266 0
    endloop
  endfacet
  facet normal 0.981311 -0.192427 0
    outer loop
      vertex 6.55238 -12.4186 6
      vertex 6.6438 -11.9524 0
      vertex 6.6438 -11.9524 6
    endloop
  endfacet
  facet normal 0.981311 -0.192427 0
    outer loop
      vertex 6.6438 -11.9524 0
      vertex 6.55238 -12.4186 6
      vertex 6.55238 -12.4186 0
    endloop
  endfacet
  facet normal 0.560666 -0.828042 0
    outer loop
      vertex 6.6438 -11.9524 0
      vertex 6.80324 -11.8444 6
      vertex 6.6438 -11.9524 6
    endloop
  endfacet
  facet normal 0.560666 -0.828042 0
    outer loop
      vertex 6.80324 -11.8444 6
      vertex 6.6438 -11.9524 0
      vertex 6.80324 -11.8444 0
    endloop
  endfacet
  facet normal 0.866906 0.498471 0
    outer loop
      vertex 6.80324 -11.8444 6
      vertex 6.80078 -11.8401 0
      vertex 6.80078 -11.8401 6
    endloop
  endfacet
  facet normal 0.866906 0.498471 0
    outer loop
      vertex 6.80078 -11.8401 0
      vertex 6.80324 -11.8444 6
      vertex 6.80324 -11.8444 0
    endloop
  endfacet
  facet normal -0.161388 -0.986891 0
    outer loop
      vertex 6.80078 -11.8401 0
      vertex 7.74916 -11.9952 6
      vertex 6.80078 -11.8401 6
    endloop
  endfacet
  facet normal -0.161388 -0.986891 -0
    outer loop
      vertex 7.74916 -11.9952 6
      vertex 6.80078 -11.8401 0
      vertex 7.74916 -11.9952 0
    endloop
  endfacet
  facet normal -0.104727 -0.994501 0
    outer loop
      vertex 7.74916 -11.9952 0
      vertex 8.12097 -12.0344 6
      vertex 7.74916 -11.9952 6
    endloop
  endfacet
  facet normal -0.104727 -0.994501 -0
    outer loop
      vertex 8.12097 -12.0344 6
      vertex 7.74916 -11.9952 0
      vertex 8.12097 -12.0344 0
    endloop
  endfacet
  facet normal -0.781807 -0.62352 0
    outer loop
      vertex 8.24744 -12.193 0
      vertex 8.12097 -12.0344 6
      vertex 8.12097 -12.0344 0
    endloop
  endfacet
  facet normal -0.781807 -0.62352 0
    outer loop
      vertex 8.12097 -12.0344 6
      vertex 8.24744 -12.193 0
      vertex 8.24744 -12.193 6
    endloop
  endfacet
  facet normal -0.993835 0.110867 0
    outer loop
      vertex 8.19368 -12.6749 0
      vertex 8.24744 -12.193 6
      vertex 8.24744 -12.193 0
    endloop
  endfacet
  facet normal -0.993835 0.110867 0
    outer loop
      vertex 8.24744 -12.193 6
      vertex 8.19368 -12.6749 0
      vertex 8.19368 -12.6749 6
    endloop
  endfacet
  facet normal -0.995841 -0.0911101 0
    outer loop
      vertex 8.20088 -12.7536 0
      vertex 8.19368 -12.6749 6
      vertex 8.19368 -12.6749 0
    endloop
  endfacet
  facet normal -0.995841 -0.0911101 0
    outer loop
      vertex 8.19368 -12.6749 6
      vertex 8.20088 -12.7536 0
      vertex 8.20088 -12.7536 6
    endloop
  endfacet
  facet normal -0.997893 -0.0648842 0
    outer loop
      vertex 8.21001 -12.8939 0
      vertex 8.20088 -12.7536 6
      vertex 8.20088 -12.7536 0
    endloop
  endfacet
  facet normal -0.997893 -0.0648842 0
    outer loop
      vertex 8.20088 -12.7536 6
      vertex 8.21001 -12.8939 0
      vertex 8.21001 -12.8939 6
    endloop
  endfacet
  facet normal -0.994518 -0.104561 0
    outer loop
      vertex 8.21875 -12.9771 0
      vertex 8.21001 -12.8939 6
      vertex 8.21001 -12.8939 0
    endloop
  endfacet
  facet normal -0.994518 -0.104561 0
    outer loop
      vertex 8.21001 -12.8939 6
      vertex 8.21875 -12.9771 0
      vertex 8.21875 -12.9771 6
    endloop
  endfacet
  facet normal -0.990152 -0.139994 0
    outer loop
      vertex 8.24577 -13.1682 0
      vertex 8.21875 -12.9771 6
      vertex 8.21875 -12.9771 0
    endloop
  endfacet
  facet normal -0.990152 -0.139994 0
    outer loop
      vertex 8.21875 -12.9771 6
      vertex 8.24577 -13.1682 0
      vertex 8.24577 -13.1682 6
    endloop
  endfacet
  facet normal -0.987701 -0.156352 0
    outer loop
      vertex 8.26276 -13.2755 0
      vertex 8.24577 -13.1682 6
      vertex 8.24577 -13.1682 0
    endloop
  endfacet
  facet normal -0.987701 -0.156352 0
    outer loop
      vertex 8.24577 -13.1682 6
      vertex 8.26276 -13.2755 0
      vertex 8.26276 -13.2755 6
    endloop
  endfacet
  facet normal -0.982582 -0.18583 0
    outer loop
      vertex 8.28452 -13.3905 0
      vertex 8.26276 -13.2755 6
      vertex 8.26276 -13.2755 0
    endloop
  endfacet
  facet normal -0.982582 -0.18583 0
    outer loop
      vertex 8.26276 -13.2755 6
      vertex 8.28452 -13.3905 0
      vertex 8.28452 -13.3905 6
    endloop
  endfacet
  facet normal -0.976737 -0.214439 0
    outer loop
      vertex 8.33987 -13.6427 0
      vertex 8.28452 -13.3905 6
      vertex 8.28452 -13.3905 0
    endloop
  endfacet
  facet normal -0.976737 -0.214439 0
    outer loop
      vertex 8.28452 -13.3905 6
      vertex 8.33987 -13.6427 0
      vertex 8.33987 -13.6427 6
    endloop
  endfacet
  facet normal -0.970473 -0.24121 0
    outer loop
      vertex 8.37386 -13.7794 0
      vertex 8.33987 -13.6427 6
      vertex 8.33987 -13.6427 0
    endloop
  endfacet
  facet normal -0.970473 -0.24121 0
    outer loop
      vertex 8.33987 -13.6427 6
      vertex 8.37386 -13.7794 0
      vertex 8.37386 -13.7794 6
    endloop
  endfacet
  facet normal -0.962248 -0.272173 0
    outer loop
      vertex 8.45699 -14.0733 0
      vertex 8.37386 -13.7794 6
      vertex 8.37386 -13.7794 0
    endloop
  endfacet
  facet normal -0.962248 -0.272173 0
    outer loop
      vertex 8.37386 -13.7794 6
      vertex 8.45699 -14.0733 0
      vertex 8.45699 -14.0733 6
    endloop
  endfacet
  facet normal -0.954336 -0.298735 0
    outer loop
      vertex 8.50607 -14.2301 0
      vertex 8.45699 -14.0733 6
      vertex 8.45699 -14.0733 0
    endloop
  endfacet
  facet normal -0.954336 -0.298735 0
    outer loop
      vertex 8.45699 -14.0733 6
      vertex 8.50607 -14.2301 0
      vertex 8.50607 -14.2301 6
    endloop
  endfacet
  facet normal -0.94492 -0.327301 0
    outer loop
      vertex 8.62126 -14.5627 0
      vertex 8.50607 -14.2301 6
      vertex 8.50607 -14.2301 0
    endloop
  endfacet
  facet normal -0.94492 -0.327301 0
    outer loop
      vertex 8.50607 -14.2301 6
      vertex 8.62126 -14.5627 0
      vertex 8.62126 -14.5627 6
    endloop
  endfacet
  facet normal -0.933966 -0.357362 0
    outer loop
      vertex 8.68842 -14.7382 0
      vertex 8.62126 -14.5627 6
      vertex 8.62126 -14.5627 0
    endloop
  endfacet
  facet normal -0.933966 -0.357362 0
    outer loop
      vertex 8.62126 -14.5627 6
      vertex 8.68842 -14.7382 0
      vertex 8.68842 -14.7382 6
    endloop
  endfacet
  facet normal -0.927337 -0.374227 0
    outer loop
      vertex 8.76161 -14.9196 0
      vertex 8.68842 -14.7382 6
      vertex 8.68842 -14.7382 0
    endloop
  endfacet
  facet normal -0.927337 -0.374227 0
    outer loop
      vertex 8.68842 -14.7382 6
      vertex 8.76161 -14.9196 0
      vertex 8.76161 -14.9196 6
    endloop
  endfacet
  facet normal -0.921757 -0.387768 0
    outer loop
      vertex 8.84032 -15.1066 0
      vertex 8.76161 -14.9196 6
      vertex 8.76161 -14.9196 0
    endloop
  endfacet
  facet normal -0.921757 -0.387768 0
    outer loop
      vertex 8.76161 -14.9196 6
      vertex 8.84032 -15.1066 0
      vertex 8.84032 -15.1066 6
    endloop
  endfacet
  facet normal -0.908269 -0.418386 0
    outer loop
      vertex 8.87407 -15.1799 0
      vertex 8.84032 -15.1066 6
      vertex 8.84032 -15.1066 0
    endloop
  endfacet
  facet normal -0.908269 -0.418386 0
    outer loop
      vertex 8.84032 -15.1066 6
      vertex 8.87407 -15.1799 0
      vertex 8.87407 -15.1799 6
    endloop
  endfacet
  facet normal -0.0454427 -0.998967 0
    outer loop
      vertex 8.87407 -15.1799 0
      vertex 9.66402 -15.2159 6
      vertex 8.87407 -15.1799 6
    endloop
  endfacet
  facet normal -0.0454427 -0.998967 -0
    outer loop
      vertex 9.66402 -15.2159 6
      vertex 8.87407 -15.1799 0
      vertex 9.66402 -15.2159 0
    endloop
  endfacet
  facet normal 0.863623 -0.504138 0
    outer loop
      vertex 9.66402 -15.2159 6
      vertex 9.70161 -15.1514 0
      vertex 9.70161 -15.1514 6
    endloop
  endfacet
  facet normal 0.863623 -0.504138 0
    outer loop
      vertex 9.70161 -15.1514 0
      vertex 9.66402 -15.2159 6
      vertex 9.66402 -15.2159 0
    endloop
  endfacet
  facet normal 0.104727 0.994501 -0
    outer loop
      vertex 9.15901 -8.64021 0
      vertex 8.21529 -8.54083 6
      vertex 9.15901 -8.64021 6
    endloop
  endfacet
  facet normal 0.104727 0.994501 0
    outer loop
      vertex 8.21529 -8.54083 6
      vertex 9.15901 -8.64021 0
      vertex 8.21529 -8.54083 0
    endloop
  endfacet
  facet normal 0.161377 0.986893 -0
    outer loop
      vertex 8.21529 -8.54083 0
      vertex 7.32861 -8.39584 6
      vertex 8.21529 -8.54083 6
    endloop
  endfacet
  facet normal 0.161377 0.986893 0
    outer loop
      vertex 7.32861 -8.39584 6
      vertex 8.21529 -8.54083 0
      vertex 7.32861 -8.39584 0
    endloop
  endfacet
  facet normal 0.215491 0.976506 -0
    outer loop
      vertex 7.32861 -8.39584 0
      vertex 6.49983 -8.21295 6
      vertex 7.32861 -8.39584 6
    endloop
  endfacet
  facet normal 0.215491 0.976506 0
    outer loop
      vertex 6.49983 -8.21295 6
      vertex 7.32861 -8.39584 0
      vertex 6.49983 -8.21295 0
    endloop
  endfacet
  facet normal 0.267248 0.963628 -0
    outer loop
      vertex 6.49983 -8.21295 0
      vertex 5.72852 -7.99904 6
      vertex 6.49983 -8.21295 6
    endloop
  endfacet
  facet normal 0.267248 0.963628 0
    outer loop
      vertex 5.72852 -7.99904 6
      vertex 6.49983 -8.21295 0
      vertex 5.72852 -7.99904 0
    endloop
  endfacet
  facet normal 0.316744 0.948511 -0
    outer loop
      vertex 5.72852 -7.99904 0
      vertex 5.01337 -7.76022 6
      vertex 5.72852 -7.99904 6
    endloop
  endfacet
  facet normal 0.316744 0.948511 0
    outer loop
      vertex 5.01337 -7.76022 6
      vertex 5.72852 -7.99904 0
      vertex 5.01337 -7.76022 0
    endloop
  endfacet
  facet normal 0.364099 0.93136 -0
    outer loop
      vertex 5.01337 -7.76022 0
      vertex 4.3524 -7.50183 6
      vertex 5.01337 -7.76022 6
    endloop
  endfacet
  facet normal 0.364099 0.93136 0
    outer loop
      vertex 4.3524 -7.50183 6
      vertex 5.01337 -7.76022 0
      vertex 4.3524 -7.50183 0
    endloop
  endfacet
  facet normal 0.409411 0.91235 -0
    outer loop
      vertex 4.3524 -7.50183 0
      vertex 3.74316 -7.22844 6
      vertex 4.3524 -7.50183 6
    endloop
  endfacet
  facet normal 0.409411 0.91235 0
    outer loop
      vertex 3.74316 -7.22844 6
      vertex 4.3524 -7.50183 0
      vertex 3.74316 -7.22844 0
    endloop
  endfacet
  facet normal 0.452752 0.891636 -0
    outer loop
      vertex 3.74316 -7.22844 0
      vertex 3.18297 -6.94398 6
      vertex 3.74316 -7.22844 6
    endloop
  endfacet
  facet normal 0.452752 0.891636 0
    outer loop
      vertex 3.18297 -6.94398 6
      vertex 3.74316 -7.22844 0
      vertex 3.18297 -6.94398 0
    endloop
  endfacet
  facet normal 0.494237 0.869327 -0
    outer loop
      vertex 3.18297 -6.94398 0
      vertex 2.66895 -6.65175 6
      vertex 3.18297 -6.94398 6
    endloop
  endfacet
  facet normal 0.494237 0.869327 0
    outer loop
      vertex 2.66895 -6.65175 6
      vertex 3.18297 -6.94398 0
      vertex 2.66895 -6.65175 0
    endloop
  endfacet
  facet normal 0.533861 0.845572 -0
    outer loop
      vertex 2.66895 -6.65175 0
      vertex 2.19815 -6.35451 6
      vertex 2.66895 -6.65175 6
    endloop
  endfacet
  facet normal 0.533861 0.845572 0
    outer loop
      vertex 2.19815 -6.35451 6
      vertex 2.66895 -6.65175 0
      vertex 2.19815 -6.35451 0
    endloop
  endfacet
  facet normal 0.571704 0.82046 -0
    outer loop
      vertex 2.19815 -6.35451 0
      vertex 1.7677 -6.05457 6
      vertex 2.19815 -6.35451 6
    endloop
  endfacet
  facet normal 0.571704 0.82046 0
    outer loop
      vertex 1.7677 -6.05457 6
      vertex 2.19815 -6.35451 0
      vertex 1.7677 -6.05457 0
    endloop
  endfacet
  facet normal 0.60784 0.794059 -0
    outer loop
      vertex 1.7677 -6.05457 0
      vertex 1.37477 -5.75378 6
      vertex 1.7677 -6.05457 6
    endloop
  endfacet
  facet normal 0.60784 0.794059 0
    outer loop
      vertex 1.37477 -5.75378 6
      vertex 1.7677 -6.05457 0
      vertex 1.37477 -5.75378 0
    endloop
  endfacet
  facet normal 0.64226 0.766487 -0
    outer loop
      vertex 1.37477 -5.75378 0
      vertex 1.01663 -5.45369 6
      vertex 1.37477 -5.75378 6
    endloop
  endfacet
  facet normal 0.64226 0.766487 0
    outer loop
      vertex 1.01663 -5.45369 6
      vertex 1.37477 -5.75378 0
      vertex 1.01663 -5.45369 0
    endloop
  endfacet
  facet normal 0.675049 0.737773 -0
    outer loop
      vertex 1.01663 -5.45369 0
      vertex 0.690704 -5.15547 6
      vertex 1.01663 -5.45369 6
    endloop
  endfacet
  facet normal 0.675049 0.737773 0
    outer loop
      vertex 0.690704 -5.15547 6
      vertex 1.01663 -5.45369 0
      vertex 0.690704 -5.15547 0
    endloop
  endfacet
  facet normal 0.706139 0.708073 -0
    outer loop
      vertex 0.690704 -5.15547 0
      vertex 0.394531 -4.86011 6
      vertex 0.690704 -5.15547 6
    endloop
  endfacet
  facet normal 0.706139 0.708073 0
    outer loop
      vertex 0.394531 -4.86011 6
      vertex 0.690704 -5.15547 0
      vertex 0.394531 -4.86011 0
    endloop
  endfacet
  facet normal 0.735662 0.677348 0
    outer loop
      vertex 0.394531 -4.86011 6
      vertex 0.136925 -4.58032 0
      vertex 0.136925 -4.58032 6
    endloop
  endfacet
  facet normal 0.735662 0.677348 0
    outer loop
      vertex 0.136925 -4.58032 0
      vertex 0.394531 -4.86011 6
      vertex 0.394531 -4.86011 0
    endloop
  endfacet
  facet normal 0.735662 -0.677348 0
    outer loop
      vertex 0.136925 4.58032 6
      vertex 0.394531 4.86011 0
      vertex 0.394531 4.86011 6
    endloop
  endfacet
  facet normal 0.735662 -0.677348 0
    outer loop
      vertex 0.394531 4.86011 0
      vertex 0.136925 4.58032 6
      vertex 0.136925 4.58032 0
    endloop
  endfacet
  facet normal 0.706139 -0.708073 0
    outer loop
      vertex 0.394531 4.86011 0
      vertex 0.690704 5.15547 6
      vertex 0.394531 4.86011 6
    endloop
  endfacet
  facet normal 0.706139 -0.708073 0
    outer loop
      vertex 0.690704 5.15547 6
      vertex 0.394531 4.86011 0
      vertex 0.690704 5.15547 0
    endloop
  endfacet
  facet normal 0.675049 -0.737773 0
    outer loop
      vertex 0.690704 5.15547 0
      vertex 1.01663 5.45369 6
      vertex 0.690704 5.15547 6
    endloop
  endfacet
  facet normal 0.675049 -0.737773 0
    outer loop
      vertex 1.01663 5.45369 6
      vertex 0.690704 5.15547 0
      vertex 1.01663 5.45369 0
    endloop
  endfacet
  facet normal 0.64226 -0.766487 0
    outer loop
      vertex 1.01663 5.45369 0
      vertex 1.37477 5.75378 6
      vertex 1.01663 5.45369 6
    endloop
  endfacet
  facet normal 0.64226 -0.766487 0
    outer loop
      vertex 1.37477 5.75378 6
      vertex 1.01663 5.45369 0
      vertex 1.37477 5.75378 0
    endloop
  endfacet
  facet normal 0.60784 -0.794059 0
    outer loop
      vertex 1.37477 5.75378 0
      vertex 1.7677 6.05457 6
      vertex 1.37477 5.75378 6
    endloop
  endfacet
  facet normal 0.60784 -0.794059 0
    outer loop
      vertex 1.7677 6.05457 6
      vertex 1.37477 5.75378 0
      vertex 1.7677 6.05457 0
    endloop
  endfacet
  facet normal 0.571704 -0.82046 0
    outer loop
      vertex 1.7677 6.05457 0
      vertex 2.19815 6.35451 6
      vertex 1.7677 6.05457 6
    endloop
  endfacet
  facet normal 0.571704 -0.82046 0
    outer loop
      vertex 2.19815 6.35451 6
      vertex 1.7677 6.05457 0
      vertex 2.19815 6.35451 0
    endloop
  endfacet
  facet normal 0.533861 -0.845572 0
    outer loop
      vertex 2.19815 6.35451 0
      vertex 2.66895 6.65175 6
      vertex 2.19815 6.35451 6
    endloop
  endfacet
  facet normal 0.533861 -0.845572 0
    outer loop
      vertex 2.66895 6.65175 6
      vertex 2.19815 6.35451 0
      vertex 2.66895 6.65175 0
    endloop
  endfacet
  facet normal 0.494237 -0.869327 0
    outer loop
      vertex 2.66895 6.65175 0
      vertex 3.18297 6.94398 6
      vertex 2.66895 6.65175 6
    endloop
  endfacet
  facet normal 0.494237 -0.869327 0
    outer loop
      vertex 3.18297 6.94398 6
      vertex 2.66895 6.65175 0
      vertex 3.18297 6.94398 0
    endloop
  endfacet
  facet normal 0.452752 -0.891636 0
    outer loop
      vertex 3.18297 6.94398 0
      vertex 3.74316 7.22844 6
      vertex 3.18297 6.94398 6
    endloop
  endfacet
  facet normal 0.452752 -0.891636 0
    outer loop
      vertex 3.74316 7.22844 6
      vertex 3.18297 6.94398 0
      vertex 3.74316 7.22844 0
    endloop
  endfacet
  facet normal 0.409411 -0.91235 0
    outer loop
      vertex 3.74316 7.22844 0
      vertex 4.3524 7.50183 6
      vertex 3.74316 7.22844 6
    endloop
  endfacet
  facet normal 0.409411 -0.91235 0
    outer loop
      vertex 4.3524 7.50183 6
      vertex 3.74316 7.22844 0
      vertex 4.3524 7.50183 0
    endloop
  endfacet
  facet normal 0.364099 -0.93136 0
    outer loop
      vertex 4.3524 7.50183 0
      vertex 5.01337 7.76022 6
      vertex 4.3524 7.50183 6
    endloop
  endfacet
  facet normal 0.364099 -0.93136 0
    outer loop
      vertex 5.01337 7.76022 6
      vertex 4.3524 7.50183 0
      vertex 5.01337 7.76022 0
    endloop
  endfacet
  facet normal 0.316744 -0.948511 0
    outer loop
      vertex 5.01337 7.76022 0
      vertex 5.72852 7.99904 6
      vertex 5.01337 7.76022 6
    endloop
  endfacet
  facet normal 0.316744 -0.948511 0
    outer loop
      vertex 5.72852 7.99904 6
      vertex 5.01337 7.76022 0
      vertex 5.72852 7.99904 0
    endloop
  endfacet
  facet normal 0.267248 -0.963628 0
    outer loop
      vertex 5.72852 7.99904 0
      vertex 6.49983 8.21295 6
      vertex 5.72852 7.99904 6
    endloop
  endfacet
  facet normal 0.267248 -0.963628 0
    outer loop
      vertex 6.49983 8.21295 6
      vertex 5.72852 7.99904 0
      vertex 6.49983 8.21295 0
    endloop
  endfacet
  facet normal 0.215491 -0.976506 0
    outer loop
      vertex 6.49983 8.21295 0
      vertex 7.32861 8.39584 6
      vertex 6.49983 8.21295 6
    endloop
  endfacet
  facet normal 0.215491 -0.976506 0
    outer loop
      vertex 7.32861 8.39584 6
      vertex 6.49983 8.21295 0
      vertex 7.32861 8.39584 0
    endloop
  endfacet
  facet normal 0.161377 -0.986893 0
    outer loop
      vertex 7.32861 8.39584 0
      vertex 8.21529 8.54083 6
      vertex 7.32861 8.39584 6
    endloop
  endfacet
  facet normal 0.161377 -0.986893 0
    outer loop
      vertex 8.21529 8.54083 6
      vertex 7.32861 8.39584 0
      vertex 8.21529 8.54083 0
    endloop
  endfacet
  facet normal 0.104727 -0.994501 0
    outer loop
      vertex 8.21529 8.54083 0
      vertex 9.15901 8.64021 6
      vertex 8.21529 8.54083 6
    endloop
  endfacet
  facet normal 0.104727 -0.994501 0
    outer loop
      vertex 9.15901 8.64021 6
      vertex 8.21529 8.54083 0
      vertex 9.15901 8.64021 0
    endloop
  endfacet
  facet normal 0.0454264 -0.998968 0
    outer loop
      vertex 9.15901 8.64021 0
      vertex 10.1573 8.68561 6
      vertex 9.15901 8.64021 6
    endloop
  endfacet
  facet normal 0.0454264 -0.998968 0
    outer loop
      vertex 10.1573 8.68561 6
      vertex 9.15901 8.64021 0
      vertex 10.1573 8.68561 0
    endloop
  endfacet
  facet normal -0.0166925 -0.999861 0
    outer loop
      vertex 10.1573 8.68561 0
      vertex 11.2056 8.66811 6
      vertex 10.1573 8.68561 6
    endloop
  endfacet
  facet normal -0.0166925 -0.999861 -0
    outer loop
      vertex 11.2056 8.66811 6
      vertex 10.1573 8.68561 0
      vertex 11.2056 8.66811 0
    endloop
  endfacet
  facet normal -0.0818484 -0.996645 0
    outer loop
      vertex 11.2056 8.66811 0
      vertex 12.297 8.57848 6
      vertex 11.2056 8.66811 6
    endloop
  endfacet
  facet normal -0.0818484 -0.996645 -0
    outer loop
      vertex 12.297 8.57848 6
      vertex 11.2056 8.66811 0
      vertex 12.297 8.57848 0
    endloop
  endfacet
  facet normal -0.150136 -0.988665 0
    outer loop
      vertex 12.297 8.57848 0
      vertex 13.4215 8.40771 6
      vertex 12.297 8.57848 6
    endloop
  endfacet
  facet normal -0.150136 -0.988665 -0
    outer loop
      vertex 13.4215 8.40771 6
      vertex 12.297 8.57848 0
      vertex 13.4215 8.40771 0
    endloop
  endfacet
  facet normal -0.221718 -0.975111 0
    outer loop
      vertex 13.4215 8.40771 0
      vertex 14.5658 8.14754 6
      vertex 13.4215 8.40771 6
    endloop
  endfacet
  facet normal -0.221718 -0.975111 -0
    outer loop
      vertex 14.5658 8.14754 6
      vertex 13.4215 8.40771 0
      vertex 14.5658 8.14754 0
    endloop
  endfacet
  facet normal -0.296653 -0.954985 0
    outer loop
      vertex 14.5658 8.14754 0
      vertex 15.7129 7.7912 6
      vertex 14.5658 8.14754 6
    endloop
  endfacet
  facet normal -0.296653 -0.954985 -0
    outer loop
      vertex 15.7129 7.7912 6
      vertex 14.5658 8.14754 0
      vertex 15.7129 7.7912 0
    endloop
  endfacet
  facet normal -0.374888 -0.92707 0
    outer loop
      vertex 15.7129 7.7912 0
      vertex 16.8425 7.33443 6
      vertex 15.7129 7.7912 6
    endloop
  endfacet
  facet normal -0.374888 -0.92707 -0
    outer loop
      vertex 16.8425 7.33443 6
      vertex 15.7129 7.7912 0
      vertex 16.8425 7.33443 0
    endloop
  endfacet
  facet normal -0.456154 -0.889901 0
    outer loop
      vertex 16.8425 7.33443 0
      vertex 17.9309 6.77652 6
      vertex 16.8425 7.33443 6
    endloop
  endfacet
  facet normal -0.456154 -0.889901 -0
    outer loop
      vertex 17.9309 6.77652 6
      vertex 16.8425 7.33443 0
      vertex 17.9309 6.77652 0
    endloop
  endfacet
  facet normal -0.539833 -0.841772 0
    outer loop
      vertex 17.9309 6.77652 0
      vertex 18.9525 6.12137 6
      vertex 17.9309 6.77652 6
    endloop
  endfacet
  facet normal -0.539833 -0.841772 -0
    outer loop
      vertex 18.9525 6.12137 6
      vertex 17.9309 6.77652 0
      vertex 18.9525 6.12137 0
    endloop
  endfacet
  facet normal -0.62485 -0.780745 0
    outer loop
      vertex 18.9525 6.12137 0
      vertex 19.8812 5.3781 6
      vertex 18.9525 6.12137 6
    endloop
  endfacet
  facet normal -0.62485 -0.780745 -0
    outer loop
      vertex 19.8812 5.3781 6
      vertex 18.9525 6.12137 0
      vertex 19.8812 5.3781 0
    endloop
  endfacet
  facet normal -0.709349 -0.704858 0
    outer loop
      vertex 20.674 4.58024 0
      vertex 19.8812 5.3781 6
      vertex 19.8812 5.3781 0
    endloop
  endfacet
  facet normal -0.709349 -0.704858 0
    outer loop
      vertex 19.8812 5.3781 6
      vertex 20.674 4.58024 0
      vertex 20.674 4.58024 6
    endloop
  endfacet
  facet normal -0.996917 -0.0784686 0
    outer loop
      vertex 22.5625 0 0
      vertex 22.5433 0.24351 6
      vertex 22.5433 0.24351 0
    endloop
  endfacet
  facet normal -0.996917 -0.0784686 0
    outer loop
      vertex 22.5433 0.24351 6
      vertex 22.5625 0 0
      vertex 22.5625 0 6
    endloop
  endfacet
  facet normal -0.996917 0.0784686 0
    outer loop
      vertex 22.5433 -0.24351 0
      vertex 22.5625 0 6
      vertex 22.5625 0 0
    endloop
  endfacet
  facet normal -0.996917 0.0784686 0
    outer loop
      vertex 22.5625 0 6
      vertex 22.5433 -0.24351 0
      vertex 22.5433 -0.24351 6
    endloop
  endfacet
  facet normal -0.709349 0.704858 0
    outer loop
      vertex 19.8812 -5.3781 0
      vertex 20.674 -4.58024 6
      vertex 20.674 -4.58024 0
    endloop
  endfacet
  facet normal -0.709349 0.704858 0
    outer loop
      vertex 20.674 -4.58024 6
      vertex 19.8812 -5.3781 0
      vertex 19.8812 -5.3781 6
    endloop
  endfacet
  facet normal -0.62485 0.780745 0
    outer loop
      vertex 19.8812 -5.3781 0
      vertex 18.9525 -6.12137 6
      vertex 19.8812 -5.3781 6
    endloop
  endfacet
  facet normal -0.62485 0.780745 0
    outer loop
      vertex 18.9525 -6.12137 6
      vertex 19.8812 -5.3781 0
      vertex 18.9525 -6.12137 0
    endloop
  endfacet
  facet normal -0.539833 0.841772 0
    outer loop
      vertex 18.9525 -6.12137 0
      vertex 17.9309 -6.77652 6
      vertex 18.9525 -6.12137 6
    endloop
  endfacet
  facet normal -0.539833 0.841772 0
    outer loop
      vertex 17.9309 -6.77652 6
      vertex 18.9525 -6.12137 0
      vertex 17.9309 -6.77652 0
    endloop
  endfacet
  facet normal -0.456154 0.889901 0
    outer loop
      vertex 17.9309 -6.77652 0
      vertex 16.8425 -7.33443 6
      vertex 17.9309 -6.77652 6
    endloop
  endfacet
  facet normal -0.456154 0.889901 0
    outer loop
      vertex 16.8425 -7.33443 6
      vertex 17.9309 -6.77652 0
      vertex 16.8425 -7.33443 0
    endloop
  endfacet
  facet normal -0.374888 0.92707 0
    outer loop
      vertex 16.8425 -7.33443 0
      vertex 15.7129 -7.7912 6
      vertex 16.8425 -7.33443 6
    endloop
  endfacet
  facet normal -0.374888 0.92707 0
    outer loop
      vertex 15.7129 -7.7912 6
      vertex 16.8425 -7.33443 0
      vertex 15.7129 -7.7912 0
    endloop
  endfacet
  facet normal -0.296653 0.954985 0
    outer loop
      vertex 15.7129 -7.7912 0
      vertex 14.5658 -8.14754 6
      vertex 15.7129 -7.7912 6
    endloop
  endfacet
  facet normal -0.296653 0.954985 0
    outer loop
      vertex 14.5658 -8.14754 6
      vertex 15.7129 -7.7912 0
      vertex 14.5658 -8.14754 0
    endloop
  endfacet
  facet normal -0.221718 0.975111 0
    outer loop
      vertex 14.5658 -8.14754 0
      vertex 13.4215 -8.40771 6
      vertex 14.5658 -8.14754 6
    endloop
  endfacet
  facet normal -0.221718 0.975111 0
    outer loop
      vertex 13.4215 -8.40771 6
      vertex 14.5658 -8.14754 0
      vertex 13.4215 -8.40771 0
    endloop
  endfacet
  facet normal -0.150136 0.988665 0
    outer loop
      vertex 13.4215 -8.40771 0
      vertex 12.297 -8.57848 6
      vertex 13.4215 -8.40771 6
    endloop
  endfacet
  facet normal -0.150136 0.988665 0
    outer loop
      vertex 12.297 -8.57848 6
      vertex 13.4215 -8.40771 0
      vertex 12.297 -8.57848 0
    endloop
  endfacet
  facet normal -0.0818484 0.996645 0
    outer loop
      vertex 12.297 -8.57848 0
      vertex 11.2056 -8.66811 6
      vertex 12.297 -8.57848 6
    endloop
  endfacet
  facet normal -0.0818484 0.996645 0
    outer loop
      vertex 11.2056 -8.66811 6
      vertex 12.297 -8.57848 0
      vertex 11.2056 -8.66811 0
    endloop
  endfacet
  facet normal -0.0166925 0.999861 0
    outer loop
      vertex 11.2056 -8.66811 0
      vertex 10.1573 -8.68561 6
      vertex 11.2056 -8.66811 6
    endloop
  endfacet
  facet normal -0.0166925 0.999861 0
    outer loop
      vertex 10.1573 -8.68561 6
      vertex 11.2056 -8.66811 0
      vertex 10.1573 -8.68561 0
    endloop
  endfacet
  facet normal 0.0454264 0.998968 -0
    outer loop
      vertex 10.1573 -8.68561 0
      vertex 9.15901 -8.64021 6
      vertex 10.1573 -8.68561 6
    endloop
  endfacet
  facet normal 0.0454264 0.998968 0
    outer loop
      vertex 9.15901 -8.64021 6
      vertex 10.1573 -8.68561 0
      vertex 9.15901 -8.64021 0
    endloop
  endfacet
  facet normal -0.987686 0.15645 0
    outer loop
      vertex 8.94923 -0.363831 0
      vertex 8.97789 -0.182922 6
      vertex 8.97789 -0.182922 0
    endloop
  endfacet
  facet normal -0.987686 0.15645 0
    outer loop
      vertex 8.97789 -0.182922 6
      vertex 8.94923 -0.363831 0
      vertex 8.94923 -0.363831 6
    endloop
  endfacet
  facet normal -0.965929 0.258808 0
    outer loop
      vertex 8.90182 -0.540771 0
      vertex 8.94923 -0.363831 6
      vertex 8.94923 -0.363831 0
    endloop
  endfacet
  facet normal -0.965929 0.258808 0
    outer loop
      vertex 8.94923 -0.363831 6
      vertex 8.90182 -0.540771 0
      vertex 8.90182 -0.540771 6
    endloop
  endfacet
  facet normal -0.933579 0.358371 0
    outer loop
      vertex 8.83618 -0.711777 0
      vertex 8.90182 -0.540771 6
      vertex 8.90182 -0.540771 0
    endloop
  endfacet
  facet normal -0.933579 0.358371 0
    outer loop
      vertex 8.90182 -0.540771 6
      vertex 8.83618 -0.711777 0
      vertex 8.83618 -0.711777 6
    endloop
  endfacet
  facet normal -0.891003 0.453998 0
    outer loop
      vertex 8.75302 -0.874985 0
      vertex 8.83618 -0.711777 6
      vertex 8.83618 -0.711777 0
    endloop
  endfacet
  facet normal -0.891003 0.453998 0
    outer loop
      vertex 8.83618 -0.711777 6
      vertex 8.75302 -0.874985 0
      vertex 8.75302 -0.874985 6
    endloop
  endfacet
  facet normal -0.83868 0.544625 0
    outer loop
      vertex 8.65326 -1.02861 0
      vertex 8.75302 -0.874985 6
      vertex 8.75302 -0.874985 0
    endloop
  endfacet
  facet normal -0.83868 0.544625 0
    outer loop
      vertex 8.75302 -0.874985 6
      vertex 8.65326 -1.02861 0
      vertex 8.65326 -1.02861 6
    endloop
  endfacet
  facet normal -0.777158 0.629306 0
    outer loop
      vertex 8.53798 -1.17097 0
      vertex 8.65326 -1.02861 6
      vertex 8.65326 -1.02861 0
    endloop
  endfacet
  facet normal -0.777158 0.629306 0
    outer loop
      vertex 8.65326 -1.02861 6
      vertex 8.53798 -1.17097 0
      vertex 8.53798 -1.17097 6
    endloop
  endfacet
  facet normal -0.707107 0.707107 0
    outer loop
      vertex 8.40846 -1.30049 0
      vertex 8.53798 -1.17097 6
      vertex 8.53798 -1.17097 0
    endloop
  endfacet
  facet normal -0.707107 0.707107 0
    outer loop
      vertex 8.53798 -1.17097 6
      vertex 8.40846 -1.30049 0
      vertex 8.40846 -1.30049 6
    endloop
  endfacet
  facet normal -0.629306 0.777158 0
    outer loop
      vertex 8.40846 -1.30049 0
      vertex 8.2661 -1.41577 6
      vertex 8.40846 -1.30049 6
    endloop
  endfacet
  facet normal -0.629306 0.777158 0
    outer loop
      vertex 8.2661 -1.41577 6
      vertex 8.40846 -1.30049 0
      vertex 8.2661 -1.41577 0
    endloop
  endfacet
  facet normal -0.544663 0.838655 0
    outer loop
      vertex 8.2661 -1.41577 0
      vertex 8.11249 -1.51553 6
      vertex 8.2661 -1.41577 6
    endloop
  endfacet
  facet normal -0.544663 0.838655 0
    outer loop
      vertex 8.11249 -1.51553 6
      vertex 8.2661 -1.41577 0
      vertex 8.11249 -1.51553 0
    endloop
  endfacet
  facet normal -0.453964 0.89102 0
    outer loop
      vertex 8.11249 -1.51553 0
      vertex 7.94926 -1.59869 6
      vertex 8.11249 -1.51553 6
    endloop
  endfacet
  facet normal -0.453964 0.89102 0
    outer loop
      vertex 7.94926 -1.59869 6
      vertex 8.11249 -1.51553 0
      vertex 7.94926 -1.59869 0
    endloop
  endfacet
  facet normal -0.358371 0.933579 0
    outer loop
      vertex 7.94926 -1.59869 0
      vertex 7.77826 -1.66434 6
      vertex 7.94926 -1.59869 6
    endloop
  endfacet
  facet normal -0.358371 0.933579 0
    outer loop
      vertex 7.77826 -1.66434 6
      vertex 7.94926 -1.59869 0
      vertex 7.77826 -1.66434 0
    endloop
  endfacet
  facet normal -0.258808 0.965929 0
    outer loop
      vertex 7.77826 -1.66434 0
      vertex 7.60132 -1.71175 6
      vertex 7.77826 -1.66434 6
    endloop
  endfacet
  facet normal -0.258808 0.965929 0
    outer loop
      vertex 7.60132 -1.71175 6
      vertex 7.77826 -1.66434 0
      vertex 7.60132 -1.71175 0
    endloop
  endfacet
  facet normal -0.15645 0.987686 0
    outer loop
      vertex 7.60132 -1.71175 0
      vertex 7.42041 -1.7404 6
      vertex 7.60132 -1.71175 6
    endloop
  endfacet
  facet normal -0.15645 0.987686 0
    outer loop
      vertex 7.42041 -1.7404 6
      vertex 7.60132 -1.71175 0
      vertex 7.42041 -1.7404 0
    endloop
  endfacet
  facet normal -0.0523971 0.998626 0
    outer loop
      vertex 7.42041 -1.7404 0
      vertex 7.23749 -1.75 6
      vertex 7.42041 -1.7404 6
    endloop
  endfacet
  facet normal -0.0523971 0.998626 0
    outer loop
      vertex 7.23749 -1.75 6
      vertex 7.42041 -1.7404 0
      vertex 7.23749 -1.75 0
    endloop
  endfacet
  facet normal 0.0523971 0.998626 -0
    outer loop
      vertex 7.23749 -1.75 0
      vertex 7.05457 -1.7404 6
      vertex 7.23749 -1.75 6
    endloop
  endfacet
  facet normal 0.0523971 0.998626 0
    outer loop
      vertex 7.05457 -1.7404 6
      vertex 7.23749 -1.75 0
      vertex 7.05457 -1.7404 0
    endloop
  endfacet
  facet normal 0.15645 0.987686 -0
    outer loop
      vertex 7.05457 -1.7404 0
      vertex 6.87366 -1.71175 6
      vertex 7.05457 -1.7404 6
    endloop
  endfacet
  facet normal 0.15645 0.987686 0
    outer loop
      vertex 6.87366 -1.71175 6
      vertex 7.05457 -1.7404 0
      vertex 6.87366 -1.71175 0
    endloop
  endfacet
  facet normal 0.258808 0.965929 -0
    outer loop
      vertex 6.87366 -1.71175 0
      vertex 6.69672 -1.66434 6
      vertex 6.87366 -1.71175 6
    endloop
  endfacet
  facet normal 0.258808 0.965929 0
    outer loop
      vertex 6.69672 -1.66434 6
      vertex 6.87366 -1.71175 0
      vertex 6.69672 -1.66434 0
    endloop
  endfacet
  facet normal 0.358371 0.933579 -0
    outer loop
      vertex 6.69672 -1.66434 0
      vertex 6.52571 -1.59869 6
      vertex 6.69672 -1.66434 6
    endloop
  endfacet
  facet normal 0.358371 0.933579 0
    outer loop
      vertex 6.52571 -1.59869 6
      vertex 6.69672 -1.66434 0
      vertex 6.52571 -1.59869 0
    endloop
  endfacet
  facet normal 0.453964 0.89102 -0
    outer loop
      vertex 6.52571 -1.59869 0
      vertex 6.36249 -1.51553 6
      vertex 6.52571 -1.59869 6
    endloop
  endfacet
  facet normal 0.453964 0.89102 0
    outer loop
      vertex 6.36249 -1.51553 6
      vertex 6.52571 -1.59869 0
      vertex 6.36249 -1.51553 0
    endloop
  endfacet
  facet normal 0.544663 0.838655 -0
    outer loop
      vertex 6.36249 -1.51553 0
      vertex 6.20888 -1.41577 6
      vertex 6.36249 -1.51553 6
    endloop
  endfacet
  facet normal 0.544663 0.838655 0
    outer loop
      vertex 6.20888 -1.41577 6
      vertex 6.36249 -1.51553 0
      vertex 6.20888 -1.41577 0
    endloop
  endfacet
  facet normal 0.629306 0.777158 -0
    outer loop
      vertex 6.20888 -1.41577 0
      vertex 6.06651 -1.30049 6
      vertex 6.20888 -1.41577 6
    endloop
  endfacet
  facet normal 0.629306 0.777158 0
    outer loop
      vertex 6.06651 -1.30049 6
      vertex 6.20888 -1.41577 0
      vertex 6.06651 -1.30049 0
    endloop
  endfacet
  facet normal 0.707107 0.707107 0
    outer loop
      vertex 6.06651 -1.30049 6
      vertex 5.937 -1.17097 0
      vertex 5.937 -1.17097 6
    endloop
  endfacet
  facet normal 0.707107 0.707107 0
    outer loop
      vertex 5.937 -1.17097 0
      vertex 6.06651 -1.30049 6
      vertex 6.06651 -1.30049 0
    endloop
  endfacet
  facet normal 0.777158 0.629306 0
    outer loop
      vertex 5.937 -1.17097 6
      vertex 5.82172 -1.02861 0
      vertex 5.82172 -1.02861 6
    endloop
  endfacet
  facet normal 0.777158 0.629306 0
    outer loop
      vertex 5.82172 -1.02861 0
      vertex 5.937 -1.17097 6
      vertex 5.937 -1.17097 0
    endloop
  endfacet
  facet normal 0.83868 0.544625 0
    outer loop
      vertex 5.82172 -1.02861 6
      vertex 5.72195 -0.874985 0
      vertex 5.72195 -0.874985 6
    endloop
  endfacet
  facet normal 0.83868 0.544625 0
    outer loop
      vertex 5.72195 -0.874985 0
      vertex 5.82172 -1.02861 6
      vertex 5.82172 -1.02861 0
    endloop
  endfacet
  facet normal 0.890927 0.454146 0
    outer loop
      vertex 5.72195 -0.874985 6
      vertex 5.70639 -0.844452 0
      vertex 5.70639 -0.844452 6
    endloop
  endfacet
  facet normal 0.890927 0.454146 0
    outer loop
      vertex 5.70639 -0.844452 0
      vertex 5.72195 -0.874985 6
      vertex 5.72195 -0.874985 0
    endloop
  endfacet
  facet normal -0.482952 0.875647 0
    outer loop
      vertex 5.70639 -0.844452 0
      vertex 4.28127 -1.63046 6
      vertex 5.70639 -0.844452 6
    endloop
  endfacet
  facet normal -0.482952 0.875647 0
    outer loop
      vertex 4.28127 -1.63046 6
      vertex 5.70639 -0.844452 0
      vertex 4.28127 -1.63046 0
    endloop
  endfacet
  facet normal -0.777132 -0.629338 0
    outer loop
      vertex 3.82832 -3.06963 0
      vertex 3.61875 -2.81084 6
      vertex 3.61875 -2.81084 0
    endloop
  endfacet
  facet normal -0.777132 -0.629338 0
    outer loop
      vertex 3.61875 -2.81084 6
      vertex 3.82832 -3.06963 0
      vertex 3.82832 -3.06963 6
    endloop
  endfacet
  facet normal -0.707107 -0.707107 0
    outer loop
      vertex 4.16786 -3.40916 0
      vertex 3.82832 -3.06963 6
      vertex 3.82832 -3.06963 0
    endloop
  endfacet
  facet normal -0.707107 -0.707107 0
    outer loop
      vertex 3.82832 -3.06963 6
      vertex 4.16786 -3.40916 0
      vertex 4.16786 -3.40916 6
    endloop
  endfacet
  facet normal -0.629338 -0.777132 0
    outer loop
      vertex 4.16786 -3.40916 0
      vertex 4.54103 -3.71136 6
      vertex 4.16786 -3.40916 6
    endloop
  endfacet
  facet normal -0.629338 -0.777132 -0
    outer loop
      vertex 4.54103 -3.71136 6
      vertex 4.16786 -3.40916 0
      vertex 4.54103 -3.71136 0
    endloop
  endfacet
  facet normal -0.544635 -0.838673 0
    outer loop
      vertex 4.54103 -3.71136 0
      vertex 4.94374 -3.97289 6
      vertex 4.54103 -3.71136 6
    endloop
  endfacet
  facet normal -0.544635 -0.838673 -0
    outer loop
      vertex 4.94374 -3.97289 6
      vertex 4.54103 -3.71136 0
      vertex 4.94374 -3.97289 0
    endloop
  endfacet
  facet normal -0.453988 -0.891008 0
    outer loop
      vertex 4.94374 -3.97289 0
      vertex 5.3716 -4.19089 6
      vertex 4.94374 -3.97289 6
    endloop
  endfacet
  facet normal -0.453988 -0.891008 -0
    outer loop
      vertex 5.3716 -4.19089 6
      vertex 4.94374 -3.97289 0
      vertex 5.3716 -4.19089 0
    endloop
  endfacet
  facet normal -0.358353 -0.933586 0
    outer loop
      vertex 5.3716 -4.19089 0
      vertex 5.81989 -4.36296 6
      vertex 5.3716 -4.19089 6
    endloop
  endfacet
  facet normal -0.358353 -0.933586 -0
    outer loop
      vertex 5.81989 -4.36296 6
      vertex 5.3716 -4.19089 0
      vertex 5.81989 -4.36296 0
    endloop
  endfacet
  facet normal -0.258823 -0.965925 0
    outer loop
      vertex 5.81989 -4.36296 0
      vertex 6.28371 -4.48724 6
      vertex 5.81989 -4.36296 6
    endloop
  endfacet
  facet normal -0.258823 -0.965925 -0
    outer loop
      vertex 6.28371 -4.48724 6
      vertex 5.81989 -4.36296 0
      vertex 6.28371 -4.48724 0
    endloop
  endfacet
  facet normal -0.156442 -0.987687 0
    outer loop
      vertex 6.28371 -4.48724 0
      vertex 6.75797 -4.56236 6
      vertex 6.28371 -4.48724 6
    endloop
  endfacet
  facet normal -0.156442 -0.987687 -0
    outer loop
      vertex 6.75797 -4.56236 6
      vertex 6.28371 -4.48724 0
      vertex 6.75797 -4.56236 0
    endloop
  endfacet
  facet normal -0.052337 -0.998629 0
    outer loop
      vertex 6.75797 -4.56236 0
      vertex 7.23749 -4.58749 6
      vertex 6.75797 -4.56236 6
    endloop
  endfacet
  facet normal -0.052337 -0.998629 -0
    outer loop
      vertex 7.23749 -4.58749 6
      vertex 6.75797 -4.56236 0
      vertex 7.23749 -4.58749 0
    endloop
  endfacet
  facet normal 0.052337 -0.998629 0
    outer loop
      vertex 7.23749 -4.58749 0
      vertex 7.71701 -4.56236 6
      vertex 7.23749 -4.58749 6
    endloop
  endfacet
  facet normal 0.052337 -0.998629 0
    outer loop
      vertex 7.71701 -4.56236 6
      vertex 7.23749 -4.58749 0
      vertex 7.71701 -4.56236 0
    endloop
  endfacet
  facet normal 0.156442 -0.987687 0
    outer loop
      vertex 7.71701 -4.56236 0
      vertex 8.19127 -4.48724 6
      vertex 7.71701 -4.56236 6
    endloop
  endfacet
  facet normal 0.156442 -0.987687 0
    outer loop
      vertex 8.19127 -4.48724 6
      vertex 7.71701 -4.56236 0
      vertex 8.19127 -4.48724 0
    endloop
  endfacet
  facet normal 0.258823 -0.965925 0
    outer loop
      vertex 8.19127 -4.48724 0
      vertex 8.65509 -4.36296 6
      vertex 8.19127 -4.48724 6
    endloop
  endfacet
  facet normal 0.258823 -0.965925 0
    outer loop
      vertex 8.65509 -4.36296 6
      vertex 8.19127 -4.48724 0
      vertex 8.65509 -4.36296 0
    endloop
  endfacet
  facet normal 0.358353 -0.933586 0
    outer loop
      vertex 8.65509 -4.36296 0
      vertex 9.10338 -4.19089 6
      vertex 8.65509 -4.36296 6
    endloop
  endfacet
  facet normal 0.358353 -0.933586 0
    outer loop
      vertex 9.10338 -4.19089 6
      vertex 8.65509 -4.36296 0
      vertex 9.10338 -4.19089 0
    endloop
  endfacet
  facet normal 0.453988 -0.891008 0
    outer loop
      vertex 9.10338 -4.19089 0
      vertex 9.53123 -3.97289 6
      vertex 9.10338 -4.19089 6
    endloop
  endfacet
  facet normal 0.453988 -0.891008 0
    outer loop
      vertex 9.53123 -3.97289 6
      vertex 9.10338 -4.19089 0
      vertex 9.53123 -3.97289 0
    endloop
  endfacet
  facet normal 0.544635 -0.838673 0
    outer loop
      vertex 9.53123 -3.97289 0
      vertex 9.93394 -3.71136 6
      vertex 9.53123 -3.97289 6
    endloop
  endfacet
  facet normal 0.544635 -0.838673 0
    outer loop
      vertex 9.93394 -3.71136 6
      vertex 9.53123 -3.97289 0
      vertex 9.93394 -3.71136 0
    endloop
  endfacet
  facet normal 0.629338 -0.777132 0
    outer loop
      vertex 9.93394 -3.71136 0
      vertex 10.3071 -3.40916 6
      vertex 9.93394 -3.71136 6
    endloop
  endfacet
  facet normal 0.629338 -0.777132 0
    outer loop
      vertex 10.3071 -3.40916 6
      vertex 9.93394 -3.71136 0
      vertex 10.3071 -3.40916 0
    endloop
  endfacet
  facet normal 0.707107 -0.707107 0
    outer loop
      vertex 10.3071 -3.40916 6
      vertex 10.6467 -3.06963 0
      vertex 10.6467 -3.06963 6
    endloop
  endfacet
  facet normal 0.707107 -0.707107 0
    outer loop
      vertex 10.6467 -3.06963 0
      vertex 10.3071 -3.40916 6
      vertex 10.3071 -3.40916 0
    endloop
  endfacet
  facet normal 0.777132 -0.629338 0
    outer loop
      vertex 10.6467 -3.06963 6
      vertex 10.9489 -2.69646 0
      vertex 10.9489 -2.69646 6
    endloop
  endfacet
  facet normal 0.777132 -0.629338 0
    outer loop
      vertex 10.9489 -2.69646 0
      vertex 10.6467 -3.06963 6
      vertex 10.6467 -3.06963 0
    endloop
  endfacet
  facet normal 0.838673 -0.544635 0
    outer loop
      vertex 10.9489 -2.69646 6
      vertex 11.2104 -2.29375 0
      vertex 11.2104 -2.29375 6
    endloop
  endfacet
  facet normal 0.838673 -0.544635 0
    outer loop
      vertex 11.2104 -2.29375 0
      vertex 10.9489 -2.69646 6
      vertex 10.9489 -2.69646 0
    endloop
  endfacet
  facet normal 0.891008 -0.453988 0
    outer loop
      vertex 11.2104 -2.29375 6
      vertex 11.4284 -1.86589 0
      vertex 11.4284 -1.86589 6
    endloop
  endfacet
  facet normal 0.891008 -0.453988 0
    outer loop
      vertex 11.4284 -1.86589 0
      vertex 11.2104 -2.29375 6
      vertex 11.2104 -2.29375 0
    endloop
  endfacet
  facet normal 0.933586 -0.358353 0
    outer loop
      vertex 11.4284 -1.86589 6
      vertex 11.6004 -1.4176 0
      vertex 11.6004 -1.4176 6
    endloop
  endfacet
  facet normal 0.933586 -0.358353 0
    outer loop
      vertex 11.6004 -1.4176 0
      vertex 11.4284 -1.86589 6
      vertex 11.4284 -1.86589 0
    endloop
  endfacet
  facet normal 0.965925 -0.258823 0
    outer loop
      vertex 11.6004 -1.4176 6
      vertex 11.7247 -0.953781 0
      vertex 11.7247 -0.953781 6
    endloop
  endfacet
  facet normal 0.965925 -0.258823 0
    outer loop
      vertex 11.7247 -0.953781 0
      vertex 11.6004 -1.4176 6
      vertex 11.6004 -1.4176 0
    endloop
  endfacet
  facet normal 0.987687 -0.156442 0
    outer loop
      vertex 11.7247 -0.953781 6
      vertex 11.7999 -0.479523 0
      vertex 11.7999 -0.479523 6
    endloop
  endfacet
  facet normal 0.987687 -0.156442 0
    outer loop
      vertex 11.7999 -0.479523 0
      vertex 11.7247 -0.953781 6
      vertex 11.7247 -0.953781 0
    endloop
  endfacet
  facet normal 0.998627 -0.0523765 0
    outer loop
      vertex 11.7999 -0.479523 6
      vertex 11.8346 0.182922 0
      vertex 11.8346 0.182922 6
    endloop
  endfacet
  facet normal 0.998627 -0.0523765 0
    outer loop
      vertex 11.8346 0.182922 0
      vertex 11.7999 -0.479523 6
      vertex 11.7999 -0.479523 0
    endloop
  endfacet
  facet normal 0.987686 -0.15645 0
    outer loop
      vertex 11.8346 0.182922 6
      vertex 11.8633 0.363831 0
      vertex 11.8633 0.363831 6
    endloop
  endfacet
  facet normal 0.987686 -0.15645 0
    outer loop
      vertex 11.8633 0.363831 0
      vertex 11.8346 0.182922 6
      vertex 11.8346 0.182922 0
    endloop
  endfacet
  facet normal 0.965929 -0.258808 0
    outer loop
      vertex 11.8633 0.363831 6
      vertex 11.9107 0.540771 0
      vertex 11.9107 0.540771 6
    endloop
  endfacet
  facet normal 0.965929 -0.258808 0
    outer loop
      vertex 11.9107 0.540771 0
      vertex 11.8633 0.363831 6
      vertex 11.8633 0.363831 0
    endloop
  endfacet
  facet normal 0.933579 -0.358371 0
    outer loop
      vertex 11.9107 0.540771 6
      vertex 11.9763 0.711777 0
      vertex 11.9763 0.711777 6
    endloop
  endfacet
  facet normal 0.933579 -0.358371 0
    outer loop
      vertex 11.9763 0.711777 0
      vertex 11.9107 0.540771 6
      vertex 11.9107 0.540771 0
    endloop
  endfacet
  facet normal 0.891003 -0.453998 0
    outer loop
      vertex 11.9763 0.711777 6
      vertex 12.0595 0.874985 0
      vertex 12.0595 0.874985 6
    endloop
  endfacet
  facet normal 0.891003 -0.453998 0
    outer loop
      vertex 12.0595 0.874985 0
      vertex 11.9763 0.711777 6
      vertex 11.9763 0.711777 0
    endloop
  endfacet
  facet normal 0.83868 -0.544625 0
    outer loop
      vertex 12.0595 0.874985 6
      vertex 12.1592 1.02861 0
      vertex 12.1592 1.02861 6
    endloop
  endfacet
  facet normal 0.83868 -0.544625 0
    outer loop
      vertex 12.1592 1.02861 0
      vertex 12.0595 0.874985 6
      vertex 12.0595 0.874985 0
    endloop
  endfacet
  facet normal 0.777158 -0.629306 0
    outer loop
      vertex 12.1592 1.02861 6
      vertex 12.2745 1.17097 0
      vertex 12.2745 1.17097 6
    endloop
  endfacet
  facet normal 0.777158 -0.629306 0
    outer loop
      vertex 12.2745 1.17097 0
      vertex 12.1592 1.02861 6
      vertex 12.1592 1.02861 0
    endloop
  endfacet
  facet normal 0.707107 -0.707107 0
    outer loop
      vertex 12.2745 1.17097 6
      vertex 12.404 1.30049 0
      vertex 12.404 1.30049 6
    endloop
  endfacet
  facet normal 0.707107 -0.707107 0
    outer loop
      vertex 12.404 1.30049 0
      vertex 12.2745 1.17097 6
      vertex 12.2745 1.17097 0
    endloop
  endfacet
  facet normal 0.629306 -0.777158 0
    outer loop
      vertex 12.404 1.30049 0
      vertex 12.5464 1.41577 6
      vertex 12.404 1.30049 6
    endloop
  endfacet
  facet normal 0.629306 -0.777158 0
    outer loop
      vertex 12.5464 1.41577 6
      vertex 12.404 1.30049 0
      vertex 12.5464 1.41577 0
    endloop
  endfacet
  facet normal 0.544663 -0.838655 0
    outer loop
      vertex 12.5464 1.41577 0
      vertex 12.7 1.51553 6
      vertex 12.5464 1.41577 6
    endloop
  endfacet
  facet normal 0.544663 -0.838655 0
    outer loop
      vertex 12.7 1.51553 6
      vertex 12.5464 1.41577 0
      vertex 12.7 1.51553 0
    endloop
  endfacet
  facet normal 0.453964 -0.89102 0
    outer loop
      vertex 12.7 1.51553 0
      vertex 12.8632 1.59869 6
      vertex 12.7 1.51553 6
    endloop
  endfacet
  facet normal 0.453964 -0.89102 0
    outer loop
      vertex 12.8632 1.59869 6
      vertex 12.7 1.51553 0
      vertex 12.8632 1.59869 0
    endloop
  endfacet
  facet normal 0.358371 -0.933579 0
    outer loop
      vertex 12.8632 1.59869 0
      vertex 13.0342 1.66434 6
      vertex 12.8632 1.59869 6
    endloop
  endfacet
  facet normal 0.358371 -0.933579 0
    outer loop
      vertex 13.0342 1.66434 6
      vertex 12.8632 1.59869 0
      vertex 13.0342 1.66434 0
    endloop
  endfacet
  facet normal 0.258808 -0.965929 0
    outer loop
      vertex 13.0342 1.66434 0
      vertex 13.2112 1.71175 6
      vertex 13.0342 1.66434 6
    endloop
  endfacet
  facet normal 0.258808 -0.965929 0
    outer loop
      vertex 13.2112 1.71175 6
      vertex 13.0342 1.66434 0
      vertex 13.2112 1.71175 0
    endloop
  endfacet
  facet normal 0.15645 -0.987686 0
    outer loop
      vertex 13.2112 1.71175 0
      vertex 13.3921 1.7404 6
      vertex 13.2112 1.71175 6
    endloop
  endfacet
  facet normal 0.15645 -0.987686 0
    outer loop
      vertex 13.3921 1.7404 6
      vertex 13.2112 1.71175 0
      vertex 13.3921 1.7404 0
    endloop
  endfacet
  facet normal 0.0523971 -0.998626 0
    outer loop
      vertex 13.3921 1.7404 0
      vertex 13.575 1.75 6
      vertex 13.3921 1.7404 6
    endloop
  endfacet
  facet normal 0.0523971 -0.998626 0
    outer loop
      vertex 13.575 1.75 6
      vertex 13.3921 1.7404 0
      vertex 13.575 1.75 0
    endloop
  endfacet
  facet normal -0.0523971 -0.998626 0
    outer loop
      vertex 13.575 1.75 0
      vertex 13.7579 1.7404 6
      vertex 13.575 1.75 6
    endloop
  endfacet
  facet normal -0.0523971 -0.998626 -0
    outer loop
      vertex 13.7579 1.7404 6
      vertex 13.575 1.75 0
      vertex 13.7579 1.7404 0
    endloop
  endfacet
  facet normal -0.15645 -0.987686 0
    outer loop
      vertex 13.7579 1.7404 0
      vertex 13.9388 1.71175 6
      vertex 13.7579 1.7404 6
    endloop
  endfacet
  facet normal -0.15645 -0.987686 -0
    outer loop
      vertex 13.9388 1.71175 6
      vertex 13.7579 1.7404 0
      vertex 13.9388 1.71175 0
    endloop
  endfacet
  facet normal -0.258808 -0.965929 0
    outer loop
      vertex 13.9388 1.71175 0
      vertex 14.1158 1.66434 6
      vertex 13.9388 1.71175 6
    endloop
  endfacet
  facet normal -0.258808 -0.965929 -0
    outer loop
      vertex 14.1158 1.66434 6
      vertex 13.9388 1.71175 0
      vertex 14.1158 1.66434 0
    endloop
  endfacet
  facet normal -0.358371 -0.933579 0
    outer loop
      vertex 14.1158 1.66434 0
      vertex 14.2868 1.59869 6
      vertex 14.1158 1.66434 6
    endloop
  endfacet
  facet normal -0.358371 -0.933579 -0
    outer loop
      vertex 14.2868 1.59869 6
      vertex 14.1158 1.66434 0
      vertex 14.2868 1.59869 0
    endloop
  endfacet
  facet normal -0.453964 -0.89102 0
    outer loop
      vertex 14.2868 1.59869 0
      vertex 14.45 1.51553 6
      vertex 14.2868 1.59869 6
    endloop
  endfacet
  facet normal -0.453964 -0.89102 -0
    outer loop
      vertex 14.45 1.51553 6
      vertex 14.2868 1.59869 0
      vertex 14.45 1.51553 0
    endloop
  endfacet
  facet normal -0.544663 -0.838655 0
    outer loop
      vertex 14.45 1.51553 0
      vertex 14.6036 1.41577 6
      vertex 14.45 1.51553 6
    endloop
  endfacet
  facet normal -0.544663 -0.838655 -0
    outer loop
      vertex 14.6036 1.41577 6
      vertex 14.45 1.51553 0
      vertex 14.6036 1.41577 0
    endloop
  endfacet
  facet normal -0.629306 -0.777158 0
    outer loop
      vertex 14.6036 1.41577 0
      vertex 14.746 1.30049 6
      vertex 14.6036 1.41577 6
    endloop
  endfacet
  facet normal -0.629306 -0.777158 -0
    outer loop
      vertex 14.746 1.30049 6
      vertex 14.6036 1.41577 0
      vertex 14.746 1.30049 0
    endloop
  endfacet
  facet normal -0.707107 -0.707107 0
    outer loop
      vertex 14.8755 1.17097 0
      vertex 14.746 1.30049 6
      vertex 14.746 1.30049 0
    endloop
  endfacet
  facet normal -0.707107 -0.707107 0
    outer loop
      vertex 14.746 1.30049 6
      vertex 14.8755 1.17097 0
      vertex 14.8755 1.17097 6
    endloop
  endfacet
  facet normal -0.777158 -0.629306 0
    outer loop
      vertex 14.9908 1.02861 0
      vertex 14.8755 1.17097 6
      vertex 14.8755 1.17097 0
    endloop
  endfacet
  facet normal -0.777158 -0.629306 0
    outer loop
      vertex 14.8755 1.17097 6
      vertex 14.9908 1.02861 0
      vertex 14.9908 1.02861 6
    endloop
  endfacet
  facet normal -0.83868 -0.544625 0
    outer loop
      vertex 15.0905 0.874985 0
      vertex 14.9908 1.02861 6
      vertex 14.9908 1.02861 0
    endloop
  endfacet
  facet normal -0.83868 -0.544625 0
    outer loop
      vertex 14.9908 1.02861 6
      vertex 15.0905 0.874985 0
      vertex 15.0905 0.874985 6
    endloop
  endfacet
  facet normal -0.890927 -0.454146 0
    outer loop
      vertex 15.1061 0.844452 0
      vertex 15.0905 0.874985 6
      vertex 15.0905 0.874985 0
    endloop
  endfacet
  facet normal -0.890927 -0.454146 0
    outer loop
      vertex 15.0905 0.874985 6
      vertex 15.1061 0.844452 0
      vertex 15.1061 0.844452 6
    endloop
  endfacet
  facet normal 0.482952 -0.875647 0
    outer loop
      vertex 15.1061 0.844452 0
      vertex 16.5312 1.63047 6
      vertex 15.1061 0.844452 6
    endloop
  endfacet
  facet normal 0.482952 -0.875647 0
    outer loop
      vertex 16.5312 1.63047 6
      vertex 15.1061 0.844452 0
      vertex 16.5312 1.63047 0
    endloop
  endfacet
  facet normal 0.777132 0.629338 0
    outer loop
      vertex 17.1937 2.81083 6
      vertex 16.9842 3.06963 0
      vertex 16.9842 3.06963 6
    endloop
  endfacet
  facet normal 0.777132 0.629338 0
    outer loop
      vertex 16.9842 3.06963 0
      vertex 17.1937 2.81083 6
      vertex 17.1937 2.81083 0
    endloop
  endfacet
  facet normal 0.707107 0.707107 0
    outer loop
      vertex 16.9842 3.06963 6
      vertex 16.6446 3.40916 0
      vertex 16.6446 3.40916 6
    endloop
  endfacet
  facet normal 0.707107 0.707107 0
    outer loop
      vertex 16.6446 3.40916 0
      vertex 16.9842 3.06963 6
      vertex 16.9842 3.06963 0
    endloop
  endfacet
  facet normal 0.629338 0.777132 -0
    outer loop
      vertex 16.6446 3.40916 0
      vertex 16.2715 3.71136 6
      vertex 16.6446 3.40916 6
    endloop
  endfacet
  facet normal 0.629338 0.777132 0
    outer loop
      vertex 16.2715 3.71136 6
      vertex 16.6446 3.40916 0
      vertex 16.2715 3.71136 0
    endloop
  endfacet
  facet normal 0.544635 0.838673 -0
    outer loop
      vertex 16.2715 3.71136 0
      vertex 15.8687 3.97289 6
      vertex 16.2715 3.71136 6
    endloop
  endfacet
  facet normal 0.544635 0.838673 0
    outer loop
      vertex 15.8687 3.97289 6
      vertex 16.2715 3.71136 0
      vertex 15.8687 3.97289 0
    endloop
  endfacet
  facet normal 0.453988 0.891008 -0
    outer loop
      vertex 15.8687 3.97289 0
      vertex 15.4409 4.19089 6
      vertex 15.8687 3.97289 6
    endloop
  endfacet
  facet normal 0.453988 0.891008 0
    outer loop
      vertex 15.4409 4.19089 6
      vertex 15.8687 3.97289 0
      vertex 15.4409 4.19089 0
    endloop
  endfacet
  facet normal 0.358353 0.933586 -0
    outer loop
      vertex 15.4409 4.19089 0
      vertex 14.9926 4.36296 6
      vertex 15.4409 4.19089 6
    endloop
  endfacet
  facet normal 0.358353 0.933586 0
    outer loop
      vertex 14.9926 4.36296 6
      vertex 15.4409 4.19089 0
      vertex 14.9926 4.36296 0
    endloop
  endfacet
  facet normal 0.258823 0.965925 -0
    outer loop
      vertex 14.9926 4.36296 0
      vertex 14.5288 4.48724 6
      vertex 14.9926 4.36296 6
    endloop
  endfacet
  facet normal 0.258823 0.965925 0
    outer loop
      vertex 14.5288 4.48724 6
      vertex 14.9926 4.36296 0
      vertex 14.5288 4.48724 0
    endloop
  endfacet
  facet normal 0.156442 0.987687 -0
    outer loop
      vertex 14.5288 4.48724 0
      vertex 14.0545 4.56236 6
      vertex 14.5288 4.48724 6
    endloop
  endfacet
  facet normal 0.156442 0.987687 0
    outer loop
      vertex 14.0545 4.56236 6
      vertex 14.5288 4.48724 0
      vertex 14.0545 4.56236 0
    endloop
  endfacet
  facet normal 0.052337 0.998629 -0
    outer loop
      vertex 14.0545 4.56236 0
      vertex 13.575 4.58749 6
      vertex 14.0545 4.56236 6
    endloop
  endfacet
  facet normal 0.052337 0.998629 0
    outer loop
      vertex 13.575 4.58749 6
      vertex 14.0545 4.56236 0
      vertex 13.575 4.58749 0
    endloop
  endfacet
  facet normal -0.052337 0.998629 0
    outer loop
      vertex 13.575 4.58749 0
      vertex 13.0955 4.56236 6
      vertex 13.575 4.58749 6
    endloop
  endfacet
  facet normal -0.052337 0.998629 0
    outer loop
      vertex 13.0955 4.56236 6
      vertex 13.575 4.58749 0
      vertex 13.0955 4.56236 0
    endloop
  endfacet
  facet normal -0.156442 0.987687 0
    outer loop
      vertex 13.0955 4.56236 0
      vertex 12.6212 4.48724 6
      vertex 13.0955 4.56236 6
    endloop
  endfacet
  facet normal -0.156442 0.987687 0
    outer loop
      vertex 12.6212 4.48724 6
      vertex 13.0955 4.56236 0
      vertex 12.6212 4.48724 0
    endloop
  endfacet
  facet normal -0.258823 0.965925 0
    outer loop
      vertex 12.6212 4.48724 0
      vertex 12.1574 4.36296 6
      vertex 12.6212 4.48724 6
    endloop
  endfacet
  facet normal -0.258823 0.965925 0
    outer loop
      vertex 12.1574 4.36296 6
      vertex 12.6212 4.48724 0
      vertex 12.1574 4.36296 0
    endloop
  endfacet
  facet normal -0.358353 0.933586 0
    outer loop
      vertex 12.1574 4.36296 0
      vertex 11.7091 4.19089 6
      vertex 12.1574 4.36296 6
    endloop
  endfacet
  facet normal -0.358353 0.933586 0
    outer loop
      vertex 11.7091 4.19089 6
      vertex 12.1574 4.36296 0
      vertex 11.7091 4.19089 0
    endloop
  endfacet
  facet normal -0.453988 0.891008 0
    outer loop
      vertex 11.7091 4.19089 0
      vertex 11.2812 3.97289 6
      vertex 11.7091 4.19089 6
    endloop
  endfacet
  facet normal -0.453988 0.891008 0
    outer loop
      vertex 11.2812 3.97289 6
      vertex 11.7091 4.19089 0
      vertex 11.2812 3.97289 0
    endloop
  endfacet
  facet normal -0.544635 0.838673 0
    outer loop
      vertex 11.2812 3.97289 0
      vertex 10.8785 3.71136 6
      vertex 11.2812 3.97289 6
    endloop
  endfacet
  facet normal -0.544635 0.838673 0
    outer loop
      vertex 10.8785 3.71136 6
      vertex 11.2812 3.97289 0
      vertex 10.8785 3.71136 0
    endloop
  endfacet
  facet normal -0.629338 0.777132 0
    outer loop
      vertex 10.8785 3.71136 0
      vertex 10.5054 3.40916 6
      vertex 10.8785 3.71136 6
    endloop
  endfacet
  facet normal -0.629338 0.777132 0
    outer loop
      vertex 10.5054 3.40916 6
      vertex 10.8785 3.71136 0
      vertex 10.5054 3.40916 0
    endloop
  endfacet
  facet normal -0.707107 0.707107 0
    outer loop
      vertex 10.1658 3.06963 0
      vertex 10.5054 3.40916 6
      vertex 10.5054 3.40916 0
    endloop
  endfacet
  facet normal -0.707107 0.707107 0
    outer loop
      vertex 10.5054 3.40916 6
      vertex 10.1658 3.06963 0
      vertex 10.1658 3.06963 6
    endloop
  endfacet
  facet normal -0.777132 0.629338 0
    outer loop
      vertex 9.86363 2.69646 0
      vertex 10.1658 3.06963 6
      vertex 10.1658 3.06963 0
    endloop
  endfacet
  facet normal -0.777132 0.629338 0
    outer loop
      vertex 10.1658 3.06963 6
      vertex 9.86363 2.69646 0
      vertex 9.86363 2.69646 6
    endloop
  endfacet
  facet normal -0.838673 0.544635 0
    outer loop
      vertex 9.60211 2.29375 0
      vertex 9.86363 2.69646 6
      vertex 9.86363 2.69646 0
    endloop
  endfacet
  facet normal -0.838673 0.544635 0
    outer loop
      vertex 9.86363 2.69646 6
      vertex 9.60211 2.29375 0
      vertex 9.60211 2.29375 6
    endloop
  endfacet
  facet normal -0.891008 0.453988 0
    outer loop
      vertex 9.38411 1.86589 0
      vertex 9.60211 2.29375 6
      vertex 9.60211 2.29375 0
    endloop
  endfacet
  facet normal -0.891008 0.453988 0
    outer loop
      vertex 9.60211 2.29375 6
      vertex 9.38411 1.86589 0
      vertex 9.38411 1.86589 6
    endloop
  endfacet
  facet normal -0.933586 0.358353 0
    outer loop
      vertex 9.21204 1.4176 0
      vertex 9.38411 1.86589 6
      vertex 9.38411 1.86589 0
    endloop
  endfacet
  facet normal -0.933586 0.358353 0
    outer loop
      vertex 9.38411 1.86589 6
      vertex 9.21204 1.4176 0
      vertex 9.21204 1.4176 6
    endloop
  endfacet
  facet normal -0.965925 0.258823 0
    outer loop
      vertex 9.08775 0.953781 0
      vertex 9.21204 1.4176 6
      vertex 9.21204 1.4176 0
    endloop
  endfacet
  facet normal -0.965925 0.258823 0
    outer loop
      vertex 9.21204 1.4176 6
      vertex 9.08775 0.953781 0
      vertex 9.08775 0.953781 6
    endloop
  endfacet
  facet normal -0.987687 0.156442 0
    outer loop
      vertex 9.01263 0.479523 0
      vertex 9.08775 0.953781 6
      vertex 9.08775 0.953781 0
    endloop
  endfacet
  facet normal -0.987687 0.156442 0
    outer loop
      vertex 9.08775 0.953781 6
      vertex 9.01263 0.479523 0
      vertex 9.01263 0.479523 6
    endloop
  endfacet
  facet normal -0.998627 0.0523765 0
    outer loop
      vertex 8.97789 -0.182922 0
      vertex 9.01263 0.479523 6
      vertex 9.01263 0.479523 0
    endloop
  endfacet
  facet normal -0.998627 0.0523765 0
    outer loop
      vertex 9.01263 0.479523 6
      vertex 8.97789 -0.182922 0
      vertex 8.97789 -0.182922 6
    endloop
  endfacet
  facet normal -0.482952 0.875647 0
    outer loop
      vertex 16.5312 1.63046 0
      vertex 15.1074 0.845154 6
      vertex 16.5312 1.63046 6
    endloop
  endfacet
  facet normal -0.482952 0.875647 0
    outer loop
      vertex 15.1074 0.845154 6
      vertex 16.5312 1.63046 0
      vertex 15.1074 0.845154 0
    endloop
  endfacet
  facet normal -0.875647 -0.482952 0
    outer loop
      vertex 16.7955 -2.21553 0
      vertex 15.1074 0.845154 6
      vertex 15.1074 0.845154 0
    endloop
  endfacet
  facet normal -0.875647 -0.482952 0
    outer loop
      vertex 15.1074 0.845154 6
      vertex 16.7955 -2.21553 0
      vertex 16.7955 -2.21553 6
    endloop
  endfacet
  facet normal 0.482989 -0.875627 0
    outer loop
      vertex 16.7955 -2.21553 0
      vertex 16.7988 -2.21368 6
      vertex 16.7955 -2.21553 6
    endloop
  endfacet
  facet normal 0.482989 -0.875627 0
    outer loop
      vertex 16.7988 -2.21368 6
      vertex 16.7955 -2.21553 0
      vertex 16.7988 -2.21368 0
    endloop
  endfacet
  facet normal 0.875647 0.482952 0
    outer loop
      vertex 5.70511 -0.845154 6
      vertex 4.01703 2.21553 0
      vertex 4.01703 2.21553 6
    endloop
  endfacet
  facet normal 0.875647 0.482952 0
    outer loop
      vertex 4.01703 2.21553 0
      vertex 5.70511 -0.845154 6
      vertex 5.70511 -0.845154 0
    endloop
  endfacet
  facet normal -0.482963 0.875641 0
    outer loop
      vertex 4.01703 2.21553 0
      vertex 4.01369 2.21369 6
      vertex 4.01703 2.21553 6
    endloop
  endfacet
  facet normal -0.482963 0.875641 0
    outer loop
      vertex 4.01369 2.21369 6
      vertex 4.01703 2.21553 0
      vertex 4.01369 2.21369 0
    endloop
  endfacet
  facet normal 0.482952 -0.875647 0
    outer loop
      vertex 4.28127 -1.63045 0
      vertex 5.70511 -0.845154 6
      vertex 4.28127 -1.63045 6
    endloop
  endfacet
  facet normal 0.482952 -0.875647 0
    outer loop
      vertex 5.70511 -0.845154 6
      vertex 4.28127 -1.63045 0
      vertex 5.70511 -0.845154 0
    endloop
  endfacet
endsolid OpenSCAD_Model
